,Instrument,Date,30 Day At-The-Money Implied Volatility Index for Put Options
0,SPXATMIV.U,2018-12-31T00:00:00Z,21.58
1,SPXATMIV.U,2019-01-02T00:00:00Z,19.79
2,SPXATMIV.U,2019-01-03T00:00:00Z,22.18
3,SPXATMIV.U,2019-01-04T00:00:00Z,18.79
4,SPXATMIV.U,2019-01-07T00:00:00Z,18.66
5,SPXATMIV.U,2019-01-08T00:00:00Z,17.48
6,SPXATMIV.U,2019-01-09T00:00:00Z,16.9
7,SPXATMIV.U,2019-01-10T00:00:00Z,16.35
8,SPXATMIV.U,2019-01-11T00:00:00Z,15.05
9,SPXATMIV.U,2019-01-14T00:00:00Z,15.29
10,SPXATMIV.U,2019-01-15T00:00:00Z,14.36
11,SPXATMIV.U,2019-01-16T00:00:00Z,14.05
12,SPXATMIV.U,2019-01-17T00:00:00Z,13.84
13,SPXATMIV.U,2019-01-18T00:00:00Z,13.73
14,SPXATMIV.U,2019-01-18T00:00:00Z,13.73
15,SPXATMIV.U,2019-01-22T00:00:00Z,16.55
16,SPXATMIV.U,2019-01-23T00:00:00Z,15.94
17,SPXATMIV.U,2019-01-24T00:00:00Z,14.96
18,SPXATMIV.U,2019-01-25T00:00:00Z,14.46
19,SPXATMIV.U,2019-01-28T00:00:00Z,15.45
20,SPXATMIV.U,2019-01-29T00:00:00Z,15.73
21,SPXATMIV.U,2019-01-30T00:00:00Z,14.42
22,SPXATMIV.U,2019-01-31T00:00:00Z,13.1
23,SPXATMIV.U,2019-02-01T00:00:00Z,12.86
24,SPXATMIV.U,2019-02-04T00:00:00Z,12.27
25,SPXATMIV.U,2019-02-05T00:00:00Z,12.03
26,SPXATMIV.U,2019-02-06T00:00:00Z,12.07
27,SPXATMIV.U,2019-02-07T00:00:00Z,13.01
28,SPXATMIV.U,2019-02-08T00:00:00Z,12.3
29,SPXATMIV.U,2019-02-11T00:00:00Z,12.64
30,SPXATMIV.U,2019-02-12T00:00:00Z,12.07
31,SPXATMIV.U,2019-02-13T00:00:00Z,12.23
32,SPXATMIV.U,2019-02-14T00:00:00Z,12.66
33,SPXATMIV.U,2019-02-15T00:00:00Z,11.26
34,SPXATMIV.U,2019-02-15T00:00:00Z,11.26
35,SPXATMIV.U,2019-02-19T00:00:00Z,11.36
36,SPXATMIV.U,2019-02-20T00:00:00Z,10.96
37,SPXATMIV.U,2019-02-21T00:00:00Z,11.34
38,SPXATMIV.U,2019-02-22T00:00:00Z,10.54
39,SPXATMIV.U,2019-02-25T00:00:00Z,10.91
40,SPXATMIV.U,2019-02-26T00:00:00Z,11.46
41,SPXATMIV.U,2019-02-27T00:00:00Z,11.05
42,SPXATMIV.U,2019-02-28T00:00:00Z,11.09
43,SPXATMIV.U,2019-03-01T00:00:00Z,10.1
44,SPXATMIV.U,2019-03-04T00:00:00Z,10.99
45,SPXATMIV.U,2019-03-05T00:00:00Z,11.01
46,SPXATMIV.U,2019-03-06T00:00:00Z,11.76
47,SPXATMIV.U,2019-03-07T00:00:00Z,12.95
48,SPXATMIV.U,2019-03-08T00:00:00Z,12.55
49,SPXATMIV.U,2019-03-11T00:00:00Z,10.76
50,SPXATMIV.U,2019-03-12T00:00:00Z,10.22
51,SPXATMIV.U,2019-03-13T00:00:00Z,10.07
52,SPXATMIV.U,2019-03-14T00:00:00Z,10.09
53,SPXATMIV.U,2019-03-15T00:00:00Z,9.78
54,SPXATMIV.U,2019-03-18T00:00:00Z,10.05
55,SPXATMIV.U,2019-03-19T00:00:00Z,10.43
56,SPXATMIV.U,2019-03-20T00:00:00Z,10.77
57,SPXATMIV.U,2019-03-21T00:00:00Z,10.97
58,SPXATMIV.U,2019-03-22T00:00:00Z,13.79
59,SPXATMIV.U,2019-03-25T00:00:00Z,13.85
60,SPXATMIV.U,2019-03-26T00:00:00Z,12.23
61,SPXATMIV.U,2019-03-27T00:00:00Z,12.63
62,SPXATMIV.U,2019-03-28T00:00:00Z,11.87
63,SPXATMIV.U,2019-03-29T00:00:00Z,11.22
64,SPXATMIV.U,2019-04-01T00:00:00Z,10.55
65,SPXATMIV.U,2019-04-02T00:00:00Z,10.47
66,SPXATMIV.U,2019-04-03T00:00:00Z,10.59
67,SPXATMIV.U,2019-04-04T00:00:00Z,10.61
68,SPXATMIV.U,2019-04-05T00:00:00Z,9.77
69,SPXATMIV.U,2019-04-08T00:00:00Z,9.94
70,SPXATMIV.U,2019-04-09T00:00:00Z,10.75
71,SPXATMIV.U,2019-04-10T00:00:00Z,10.06
72,SPXATMIV.U,2019-04-11T00:00:00Z,9.77
73,SPXATMIV.U,2019-04-12T00:00:00Z,9.05
74,SPXATMIV.U,2019-04-15T00:00:00Z,9.04
75,SPXATMIV.U,2019-04-16T00:00:00Z,8.89
76,SPXATMIV.U,2019-04-17T00:00:00Z,9.2
77,SPXATMIV.U,2019-04-18T00:00:00Z,9.13
78,SPXATMIV.U,2019-04-18T00:00:00Z,9.13
79,SPXATMIV.U,2019-04-22T00:00:00Z,9.34
80,SPXATMIV.U,2019-04-23T00:00:00Z,9.17
81,SPXATMIV.U,2019-04-24T00:00:00Z,9.92
82,SPXATMIV.U,2019-04-25T00:00:00Z,9.89
83,SPXATMIV.U,2019-04-26T00:00:00Z,9.51
84,SPXATMIV.U,2019-04-29T00:00:00Z,9.7
85,SPXATMIV.U,2019-04-30T00:00:00Z,10.09
86,SPXATMIV.U,2019-05-01T00:00:00Z,11.09
87,SPXATMIV.U,2019-05-02T00:00:00Z,11.04
88,SPXATMIV.U,2019-05-03T00:00:00Z,9.99
89,SPXATMIV.U,2019-05-06T00:00:00Z,11.68
90,SPXATMIV.U,2019-05-07T00:00:00Z,15.94
91,SPXATMIV.U,2019-05-08T00:00:00Z,16.25
92,SPXATMIV.U,2019-05-09T00:00:00Z,15.83
93,SPXATMIV.U,2019-05-10T00:00:00Z,13.48
94,SPXATMIV.U,2019-05-13T00:00:00Z,17.05
95,SPXATMIV.U,2019-05-14T00:00:00Z,15.11
96,SPXATMIV.U,2019-05-15T00:00:00Z,13.6
97,SPXATMIV.U,2019-05-16T00:00:00Z,12.26
98,SPXATMIV.U,2019-05-17T00:00:00Z,13.07
99,SPXATMIV.U,2019-05-20T00:00:00Z,13.87
100,SPXATMIV.U,2019-05-21T00:00:00Z,12.33
101,SPXATMIV.U,2019-05-22T00:00:00Z,12.32
102,SPXATMIV.U,2019-05-23T00:00:00Z,14.35
103,SPXATMIV.U,2019-05-24T00:00:00Z,13.72
104,SPXATMIV.U,2019-05-24T00:00:00Z,13.72
105,SPXATMIV.U,2019-05-28T00:00:00Z,15.17
106,SPXATMIV.U,2019-05-29T00:00:00Z,15.29
107,SPXATMIV.U,2019-05-30T00:00:00Z,14.64
108,SPXATMIV.U,2019-05-31T00:00:00Z,15.88
109,SPXATMIV.U,2019-06-03T00:00:00Z,16.05
110,SPXATMIV.U,2019-06-04T00:00:00Z,14.37
111,SPXATMIV.U,2019-06-05T00:00:00Z,13.43
112,SPXATMIV.U,2019-06-06T00:00:00Z,13.14
113,SPXATMIV.U,2019-06-07T00:00:00Z,13.44
114,SPXATMIV.U,2019-06-10T00:00:00Z,13.23
115,SPXATMIV.U,2019-06-11T00:00:00Z,13.47
116,SPXATMIV.U,2019-06-12T00:00:00Z,13.3
117,SPXATMIV.U,2019-06-13T00:00:00Z,13.5
118,SPXATMIV.U,2019-06-14T00:00:00Z,13.07
119,SPXATMIV.U,2019-06-17T00:00:00Z,12.94
120,SPXATMIV.U,2019-06-18T00:00:00Z,12.6
121,SPXATMIV.U,2019-06-19T00:00:00Z,11.83
122,SPXATMIV.U,2019-06-20T00:00:00Z,12.11
123,SPXATMIV.U,2019-06-21T00:00:00Z,12.51
124,SPXATMIV.U,2019-06-24T00:00:00Z,12.58
125,SPXATMIV.U,2019-06-25T00:00:00Z,13.52
126,SPXATMIV.U,2019-06-26T00:00:00Z,13.26
127,SPXATMIV.U,2019-06-27T00:00:00Z,13.02
128,SPXATMIV.U,2019-06-28T00:00:00Z,12.4
129,SPXATMIV.U,2019-07-01T00:00:00Z,10.84
130,SPXATMIV.U,2019-07-02T00:00:00Z,9.78
131,SPXATMIV.U,2019-07-03T00:00:00Z,9.52
132,SPXATMIV.U,2019-07-03T00:00:00Z,9.52
133,SPXATMIV.U,2019-07-05T00:00:00Z,9.78
134,SPXATMIV.U,2019-07-08T00:00:00Z,10.6
135,SPXATMIV.U,2019-07-09T00:00:00Z,10.85
136,SPXATMIV.U,2019-07-10T00:00:00Z,10.0
137,SPXATMIV.U,2019-07-11T00:00:00Z,10.04
138,SPXATMIV.U,2019-07-12T00:00:00Z,9.42
139,SPXATMIV.U,2019-07-15T00:00:00Z,9.38
140,SPXATMIV.U,2019-07-16T00:00:00Z,9.5
141,SPXATMIV.U,2019-07-17T00:00:00Z,10.35
142,SPXATMIV.U,2019-07-18T00:00:00Z,10.12
143,SPXATMIV.U,2019-07-19T00:00:00Z,10.84
144,SPXATMIV.U,2019-07-22T00:00:00Z,10.19
145,SPXATMIV.U,2019-07-23T00:00:00Z,9.61
146,SPXATMIV.U,2019-07-24T00:00:00Z,9.63
147,SPXATMIV.U,2019-07-25T00:00:00Z,10.24
148,SPXATMIV.U,2019-07-26T00:00:00Z,9.69
149,SPXATMIV.U,2019-07-29T00:00:00Z,10.05
150,SPXATMIV.U,2019-07-30T00:00:00Z,11.1
151,SPXATMIV.U,2019-07-31T00:00:00Z,12.57
152,SPXATMIV.U,2019-08-01T00:00:00Z,14.75
153,SPXATMIV.U,2019-08-02T00:00:00Z,14.77
154,SPXATMIV.U,2019-08-05T00:00:00Z,21.24
155,SPXATMIV.U,2019-08-06T00:00:00Z,17.41
156,SPXATMIV.U,2019-08-07T00:00:00Z,17.2
157,SPXATMIV.U,2019-08-08T00:00:00Z,14.55
158,SPXATMIV.U,2019-08-09T00:00:00Z,15.48
159,SPXATMIV.U,2019-08-12T00:00:00Z,18.45
160,SPXATMIV.U,2019-08-13T00:00:00Z,15.18
161,SPXATMIV.U,2019-08-14T00:00:00Z,19.39
162,SPXATMIV.U,2019-08-15T00:00:00Z,18.86
163,SPXATMIV.U,2019-08-16T00:00:00Z,15.88
164,SPXATMIV.U,2019-08-19T00:00:00Z,14.09
165,SPXATMIV.U,2019-08-20T00:00:00Z,14.74
166,SPXATMIV.U,2019-08-21T00:00:00Z,13.49
167,SPXATMIV.U,2019-08-22T00:00:00Z,14.28
168,SPXATMIV.U,2019-08-23T00:00:00Z,17.68
169,SPXATMIV.U,2019-08-26T00:00:00Z,17.05
170,SPXATMIV.U,2019-08-27T00:00:00Z,17.91
171,SPXATMIV.U,2019-08-28T00:00:00Z,16.78
172,SPXATMIV.U,2019-08-29T00:00:00Z,15.42
173,SPXATMIV.U,2019-08-30T00:00:00Z,16.02
174,SPXATMIV.U,2019-08-30T00:00:00Z,16.02
175,SPXATMIV.U,2019-09-03T00:00:00Z,17.0
176,SPXATMIV.U,2019-09-04T00:00:00Z,14.79
177,SPXATMIV.U,2019-09-05T00:00:00Z,13.47
178,SPXATMIV.U,2019-09-06T00:00:00Z,12.52
179,SPXATMIV.U,2019-09-09T00:00:00Z,12.6
180,SPXATMIV.U,2019-09-10T00:00:00Z,12.48
181,SPXATMIV.U,2019-09-11T00:00:00Z,11.89
182,SPXATMIV.U,2019-09-12T00:00:00Z,11.61
183,SPXATMIV.U,2019-09-13T00:00:00Z,11.31
184,SPXATMIV.U,2019-09-16T00:00:00Z,11.89
185,SPXATMIV.U,2019-09-17T00:00:00Z,11.88
186,SPXATMIV.U,2019-09-18T00:00:00Z,11.4
187,SPXATMIV.U,2019-09-19T00:00:00Z,11.56
188,SPXATMIV.U,2019-09-20T00:00:00Z,12.69
189,SPXATMIV.U,2019-09-23T00:00:00Z,12.45
190,SPXATMIV.U,2019-09-24T00:00:00Z,14.24
191,SPXATMIV.U,2019-09-25T00:00:00Z,13.3
192,SPXATMIV.U,2019-09-26T00:00:00Z,13.59
193,SPXATMIV.U,2019-09-27T00:00:00Z,14.62
194,SPXATMIV.U,2019-09-30T00:00:00Z,13.81
195,SPXATMIV.U,2019-10-01T00:00:00Z,16.11
196,SPXATMIV.U,2019-10-02T00:00:00Z,18.22
197,SPXATMIV.U,2019-10-03T00:00:00Z,17.02
198,SPXATMIV.U,2019-10-04T00:00:00Z,14.72
199,SPXATMIV.U,2019-10-07T00:00:00Z,15.42
200,SPXATMIV.U,2019-10-08T00:00:00Z,17.89
201,SPXATMIV.U,2019-10-09T00:00:00Z,16.1
202,SPXATMIV.U,2019-10-10T00:00:00Z,15.14
203,SPXATMIV.U,2019-10-11T00:00:00Z,13.17
204,SPXATMIV.U,2019-10-14T00:00:00Z,11.96
205,SPXATMIV.U,2019-10-15T00:00:00Z,10.94
206,SPXATMIV.U,2019-10-16T00:00:00Z,11.07
207,SPXATMIV.U,2019-10-17T00:00:00Z,11.17
208,SPXATMIV.U,2019-10-18T00:00:00Z,11.6
209,SPXATMIV.U,2019-10-21T00:00:00Z,11.06
210,SPXATMIV.U,2019-10-22T00:00:00Z,11.59
211,SPXATMIV.U,2019-10-23T00:00:00Z,11.19
212,SPXATMIV.U,2019-10-24T00:00:00Z,11.23
213,SPXATMIV.U,2019-10-25T00:00:00Z,10.6
214,SPXATMIV.U,2019-10-28T00:00:00Z,11.03
215,SPXATMIV.U,2019-10-29T00:00:00Z,11.15
216,SPXATMIV.U,2019-10-30T00:00:00Z,10.64
217,SPXATMIV.U,2019-10-31T00:00:00Z,11.17
218,SPXATMIV.U,2019-11-01T00:00:00Z,10.3
219,SPXATMIV.U,2019-11-04T00:00:00Z,10.51
220,SPXATMIV.U,2019-11-05T00:00:00Z,10.85
221,SPXATMIV.U,2019-11-06T00:00:00Z,10.61
222,SPXATMIV.U,2019-11-07T00:00:00Z,10.96
223,SPXATMIV.U,2019-11-08T00:00:00Z,10.63
224,SPXATMIV.U,2019-11-11T00:00:00Z,11.02
225,SPXATMIV.U,2019-11-12T00:00:00Z,10.88
226,SPXATMIV.U,2019-11-13T00:00:00Z,11.03
227,SPXATMIV.U,2019-11-14T00:00:00Z,10.82
228,SPXATMIV.U,2019-11-15T00:00:00Z,9.91
229,SPXATMIV.U,2019-11-18T00:00:00Z,9.99
230,SPXATMIV.U,2019-11-19T00:00:00Z,10.21
231,SPXATMIV.U,2019-11-20T00:00:00Z,10.45
232,SPXATMIV.U,2019-11-21T00:00:00Z,10.98
233,SPXATMIV.U,2019-11-22T00:00:00Z,10.35
234,SPXATMIV.U,2019-11-25T00:00:00Z,9.67
235,SPXATMIV.U,2019-11-26T00:00:00Z,9.44
236,SPXATMIV.U,2019-11-27T00:00:00Z,9.46
237,SPXATMIV.U,2019-11-27T00:00:00Z,9.46
238,SPXATMIV.U,2019-11-29T00:00:00Z,10.61
239,SPXATMIV.U,2019-12-02T00:00:00Z,12.91
240,SPXATMIV.U,2019-12-03T00:00:00Z,14.02
241,SPXATMIV.U,2019-12-04T00:00:00Z,13.09
242,SPXATMIV.U,2019-12-05T00:00:00Z,12.82
243,SPXATMIV.U,2019-12-06T00:00:00Z,11.39
244,SPXATMIV.U,2019-12-09T00:00:00Z,12.57
245,SPXATMIV.U,2019-12-10T00:00:00Z,12.5
246,SPXATMIV.U,2019-12-11T00:00:00Z,12.02
247,SPXATMIV.U,2019-12-12T00:00:00Z,11.01
248,SPXATMIV.U,2019-12-13T00:00:00Z,9.38
249,SPXATMIV.U,2019-12-16T00:00:00Z,8.97
250,SPXATMIV.U,2019-12-17T00:00:00Z,8.79
251,SPXATMIV.U,2019-12-18T00:00:00Z,8.82
252,SPXATMIV.U,2019-12-19T00:00:00Z,8.92
253,SPXATMIV.U,2019-12-20T00:00:00Z,8.78
254,SPXATMIV.U,2019-12-23T00:00:00Z,9.16
255,SPXATMIV.U,2019-12-24T00:00:00Z,9.48
256,SPXATMIV.U,2019-12-24T00:00:00Z,9.48
257,SPXATMIV.U,2019-12-26T00:00:00Z,9.85
258,SPXATMIV.U,2019-12-27T00:00:00Z,10.25
259,SPXATMIV.U,2019-12-30T00:00:00Z,11.63
260,SPXATMIV.U,2019-12-31T00:00:00Z,10.71
261,SPXATMIV.U,2019-12-31T00:00:00Z,10.71
262,SPXATMIV.U,2020-01-02T00:00:00Z,9.93
263,SPXATMIV.U,2020-01-03T00:00:00Z,11.29
264,SPXATMIV.U,2020-01-06T00:00:00Z,11.11
265,SPXATMIV.U,2020-01-07T00:00:00Z,11.16
266,SPXATMIV.U,2020-01-08T00:00:00Z,10.8
267,SPXATMIV.U,2020-01-09T00:00:00Z,9.94
268,SPXATMIV.U,2020-01-10T00:00:00Z,10.15
269,SPXATMIV.U,2020-01-13T00:00:00Z,9.81
270,SPXATMIV.U,2020-01-14T00:00:00Z,9.84
271,SPXATMIV.U,2020-01-15T00:00:00Z,9.62
272,SPXATMIV.U,2020-01-16T00:00:00Z,9.51
273,SPXATMIV.U,2020-01-17T00:00:00Z,9.16
274,SPXATMIV.U,2020-01-17T00:00:00Z,9.16
275,SPXATMIV.U,2020-01-21T00:00:00Z,9.99
276,SPXATMIV.U,2020-01-22T00:00:00Z,10.24
277,SPXATMIV.U,2020-01-23T00:00:00Z,10.36
278,SPXATMIV.U,2020-01-24T00:00:00Z,12.0
279,SPXATMIV.U,2020-01-27T00:00:00Z,15.03
280,SPXATMIV.U,2020-01-28T00:00:00Z,13.58
281,SPXATMIV.U,2020-01-29T00:00:00Z,13.59
282,SPXATMIV.U,2020-01-30T00:00:00Z,12.75
283,SPXATMIV.U,2020-01-31T00:00:00Z,15.61
284,SPXATMIV.U,2020-02-03T00:00:00Z,14.4
285,SPXATMIV.U,2020-02-04T00:00:00Z,12.58
286,SPXATMIV.U,2020-02-05T00:00:00Z,11.65
287,SPXATMIV.U,2020-02-06T00:00:00Z,11.14
288,SPXATMIV.U,2020-02-07T00:00:00Z,11.81
289,SPXATMIV.U,2020-02-10T00:00:00Z,11.52
290,SPXATMIV.U,2020-02-11T00:00:00Z,11.46
291,SPXATMIV.U,2020-02-12T00:00:00Z,10.33
292,SPXATMIV.U,2020-02-13T00:00:00Z,11.03
293,SPXATMIV.U,2020-02-14T00:00:00Z,10.31
294,SPXATMIV.U,2020-02-14T00:00:00Z,10.31
295,SPXATMIV.U,2020-02-18T00:00:00Z,11.03
296,SPXATMIV.U,2020-02-19T00:00:00Z,10.7
297,SPXATMIV.U,2020-02-20T00:00:00Z,11.5
298,SPXATMIV.U,2020-02-21T00:00:00Z,13.12
299,SPXATMIV.U,2020-02-24T00:00:00Z,20.29
300,SPXATMIV.U,2020-02-25T00:00:00Z,23.34
301,SPXATMIV.U,2020-02-26T00:00:00Z,22.56
302,SPXATMIV.U,2020-02-27T00:00:00Z,32.86
303,SPXATMIV.U,2020-02-28T00:00:00Z,35.51
304,SPXATMIV.U,2020-03-02T00:00:00Z,27.72
305,SPXATMIV.U,2020-03-03T00:00:00Z,32.17
306,SPXATMIV.U,2020-03-04T00:00:00Z,25.88
307,SPXATMIV.U,2020-03-05T00:00:00Z,33.38
308,SPXATMIV.U,2020-03-06T00:00:00Z,35.81
309,SPXATMIV.U,2020-03-09T00:00:00Z,48.22
310,SPXATMIV.U,2020-03-10T00:00:00Z,40.85
311,SPXATMIV.U,2020-03-11T00:00:00Z,47.64
312,SPXATMIV.U,2020-03-12T00:00:00Z,66.66
313,SPXATMIV.U,2020-03-13T00:00:00Z,49.41
314,SPXATMIV.U,2020-03-16T00:00:00Z,76.13
315,SPXATMIV.U,2020-03-17T00:00:00Z,66.39
316,SPXATMIV.U,2020-03-18T00:00:00Z,71.39
317,SPXATMIV.U,2020-03-19T00:00:00Z,64.41
318,SPXATMIV.U,2020-03-20T00:00:00Z,57.98
319,SPXATMIV.U,2020-03-23T00:00:00Z,55.4
320,SPXATMIV.U,2020-03-24T00:00:00Z,54.44
321,SPXATMIV.U,2020-03-25T00:00:00Z,57.44
322,SPXATMIV.U,2020-03-26T00:00:00Z,51.6
323,SPXATMIV.U,2020-03-27T00:00:00Z,56.05
324,SPXATMIV.U,2020-03-30T00:00:00Z,48.27
325,SPXATMIV.U,2020-03-31T00:00:00Z,44.48
326,SPXATMIV.U,2020-04-01T00:00:00Z,50.07
327,SPXATMIV.U,2020-04-02T00:00:00Z,44.4
328,SPXATMIV.U,2020-04-03T00:00:00Z,41.56
329,SPXATMIV.U,2020-04-06T00:00:00Z,38.15
330,SPXATMIV.U,2020-04-07T00:00:00Z,40.26
331,SPXATMIV.U,2020-04-08T00:00:00Z,37.23
332,SPXATMIV.U,2020-04-09T00:00:00Z,36.23
333,SPXATMIV.U,2020-04-09T00:00:00Z,36.23
334,SPXATMIV.U,2020-04-13T00:00:00Z,36.79
335,SPXATMIV.U,2020-04-14T00:00:00Z,32.95
336,SPXATMIV.U,2020-04-15T00:00:00Z,35.71
337,SPXATMIV.U,2020-04-16T00:00:00Z,34.96
338,SPXATMIV.U,2020-04-17T00:00:00Z,32.55
339,SPXATMIV.U,2020-04-20T00:00:00Z,37.22
340,SPXATMIV.U,2020-04-21T00:00:00Z,39.81
341,SPXATMIV.U,2020-04-22T00:00:00Z,36.02
342,SPXATMIV.U,2020-04-23T00:00:00Z,35.29
343,SPXATMIV.U,2020-04-24T00:00:00Z,30.88
344,SPXATMIV.U,2020-04-27T00:00:00Z,28.24
345,SPXATMIV.U,2020-04-28T00:00:00Z,28.92
346,SPXATMIV.U,2020-04-29T00:00:00Z,26.24
347,SPXATMIV.U,2020-04-30T00:00:00Z,28.51
348,SPXATMIV.U,2020-05-01T00:00:00Z,31.77
349,SPXATMIV.U,2020-05-04T00:00:00Z,30.32
350,SPXATMIV.U,2020-05-05T00:00:00Z,28.88
351,SPXATMIV.U,2020-05-06T00:00:00Z,29.47
352,SPXATMIV.U,2020-05-07T00:00:00Z,27.5
353,SPXATMIV.U,2020-05-08T00:00:00Z,24.07
354,SPXATMIV.U,2020-05-11T00:00:00Z,23.17
355,SPXATMIV.U,2020-05-12T00:00:00Z,27.63
356,SPXATMIV.U,2020-05-13T00:00:00Z,30.24
357,SPXATMIV.U,2020-05-14T00:00:00Z,27.73
358,SPXATMIV.U,2020-05-15T00:00:00Z,26.85
359,SPXATMIV.U,2020-05-18T00:00:00Z,24.07
360,SPXATMIV.U,2020-05-19T00:00:00Z,25.47
361,SPXATMIV.U,2020-05-20T00:00:00Z,23.27
362,SPXATMIV.U,2020-05-21T00:00:00Z,24.63
363,SPXATMIV.U,2020-05-22T00:00:00Z,23.53
364,SPXATMIV.U,2020-05-22T00:00:00Z,23.53
365,SPXATMIV.U,2020-05-26T00:00:00Z,22.82
366,SPXATMIV.U,2020-05-27T00:00:00Z,22.11
367,SPXATMIV.U,2020-05-28T00:00:00Z,23.21
368,SPXATMIV.U,2020-05-29T00:00:00Z,22.39
369,SPXATMIV.U,2020-06-01T00:00:00Z,22.87
370,SPXATMIV.U,2020-06-02T00:00:00Z,21.46
371,SPXATMIV.U,2020-06-03T00:00:00Z,20.58
372,SPXATMIV.U,2020-06-04T00:00:00Z,20.9
373,SPXATMIV.U,2020-06-05T00:00:00Z,19.38
374,SPXATMIV.U,2020-06-08T00:00:00Z,20.53
375,SPXATMIV.U,2020-06-09T00:00:00Z,22.58
376,SPXATMIV.U,2020-06-10T00:00:00Z,22.35
377,SPXATMIV.U,2020-06-11T00:00:00Z,33.6
378,SPXATMIV.U,2020-06-12T00:00:00Z,29.29
379,SPXATMIV.U,2020-06-15T00:00:00Z,28.23
380,SPXATMIV.U,2020-06-16T00:00:00Z,27.59
381,SPXATMIV.U,2020-06-17T00:00:00Z,27.17
382,SPXATMIV.U,2020-06-18T00:00:00Z,26.71
383,SPXATMIV.U,2020-06-19T00:00:00Z,27.7
384,SPXATMIV.U,2020-06-22T00:00:00Z,25.28
385,SPXATMIV.U,2020-06-23T00:00:00Z,25.1
386,SPXATMIV.U,2020-06-24T00:00:00Z,27.91
387,SPXATMIV.U,2020-06-25T00:00:00Z,25.78
388,SPXATMIV.U,2020-06-26T00:00:00Z,28.4
389,SPXATMIV.U,2020-06-29T00:00:00Z,25.6
390,SPXATMIV.U,2020-06-30T00:00:00Z,23.77
391,SPXATMIV.U,2020-07-01T00:00:00Z,22.63
392,SPXATMIV.U,2020-07-02T00:00:00Z,21.94
393,SPXATMIV.U,2020-07-02T00:00:00Z,21.94
394,SPXATMIV.U,2020-07-06T00:00:00Z,22.23
395,SPXATMIV.U,2020-07-07T00:00:00Z,23.7
396,SPXATMIV.U,2020-07-08T00:00:00Z,22.5
397,SPXATMIV.U,2020-07-09T00:00:00Z,23.51
398,SPXATMIV.U,2020-07-10T00:00:00Z,22.02
399,SPXATMIV.U,2020-07-13T00:00:00Z,25.56
400,SPXATMIV.U,2020-07-14T00:00:00Z,23.25
401,SPXATMIV.U,2020-07-15T00:00:00Z,22.16
402,SPXATMIV.U,2020-07-16T00:00:00Z,21.77
403,SPXATMIV.U,2020-07-17T00:00:00Z,20.2
404,SPXATMIV.U,2020-07-20T00:00:00Z,19.05
405,SPXATMIV.U,2020-07-21T00:00:00Z,19.6
406,SPXATMIV.U,2020-07-22T00:00:00Z,18.33
407,SPXATMIV.U,2020-07-23T00:00:00Z,20.1
408,SPXATMIV.U,2020-07-24T00:00:00Z,20.09
409,SPXATMIV.U,2020-07-27T00:00:00Z,19.11
410,SPXATMIV.U,2020-07-28T00:00:00Z,19.84
411,SPXATMIV.U,2020-07-29T00:00:00Z,18.54
412,SPXATMIV.U,2020-07-30T00:00:00Z,19.86
413,SPXATMIV.U,2020-07-31T00:00:00Z,18.93
414,SPXATMIV.U,2020-08-03T00:00:00Z,18.93
415,SPXATMIV.U,2020-08-04T00:00:00Z,18.38
416,SPXATMIV.U,2020-08-05T00:00:00Z,17.64
417,SPXATMIV.U,2020-08-06T00:00:00Z,17.48
418,SPXATMIV.U,2020-08-07T00:00:00Z,17.39
419,SPXATMIV.U,2020-08-10T00:00:00Z,17.2
420,SPXATMIV.U,2020-08-11T00:00:00Z,18.86
421,SPXATMIV.U,2020-08-12T00:00:00Z,17.2
422,SPXATMIV.U,2020-08-13T00:00:00Z,17.26
423,SPXATMIV.U,2020-08-14T00:00:00Z,16.93
424,SPXATMIV.U,2020-08-17T00:00:00Z,16.38
425,SPXATMIV.U,2020-08-18T00:00:00Z,16.49
426,SPXATMIV.U,2020-08-19T00:00:00Z,16.97
427,SPXATMIV.U,2020-08-20T00:00:00Z,17.12
428,SPXATMIV.U,2020-08-21T00:00:00Z,16.84
429,SPXATMIV.U,2020-08-24T00:00:00Z,17.98
430,SPXATMIV.U,2020-08-25T00:00:00Z,18.82
431,SPXATMIV.U,2020-08-26T00:00:00Z,19.68
432,SPXATMIV.U,2020-08-27T00:00:00Z,17.87
433,SPXATMIV.U,2020-08-28T00:00:00Z,16.93
434,SPXATMIV.U,2020-08-31T00:00:00Z,18.79
435,SPXATMIV.U,2020-09-01T00:00:00Z,18.88
436,SPXATMIV.U,2020-09-02T00:00:00Z,19.31
437,SPXATMIV.U,2020-09-03T00:00:00Z,24.47
438,SPXATMIV.U,2020-09-04T00:00:00Z,23.0
439,SPXATMIV.U,2020-09-04T00:00:00Z,23.0
440,SPXATMIV.U,2020-09-08T00:00:00Z,24.72
441,SPXATMIV.U,2020-09-09T00:00:00Z,22.39
442,SPXATMIV.U,2020-09-10T00:00:00Z,23.55
443,SPXATMIV.U,2020-09-11T00:00:00Z,21.7
444,SPXATMIV.U,2020-09-14T00:00:00Z,20.67
445,SPXATMIV.U,2020-09-15T00:00:00Z,20.44
446,SPXATMIV.U,2020-09-16T00:00:00Z,20.21
447,SPXATMIV.U,2020-09-17T00:00:00Z,21.34
448,SPXATMIV.U,2020-09-18T00:00:00Z,21.01
449,SPXATMIV.U,2020-09-21T00:00:00Z,23.26
450,SPXATMIV.U,2020-09-22T00:00:00Z,22.58
451,SPXATMIV.U,2020-09-23T00:00:00Z,24.62
452,SPXATMIV.U,2020-09-24T00:00:00Z,24.78
453,SPXATMIV.U,2020-09-25T00:00:00Z,23.29
454,SPXATMIV.U,2020-09-28T00:00:00Z,23.91
455,SPXATMIV.U,2020-09-29T00:00:00Z,24.28
456,SPXATMIV.U,2020-09-30T00:00:00Z,24.23
457,SPXATMIV.U,2020-10-01T00:00:00Z,25.11
458,SPXATMIV.U,2020-10-02T00:00:00Z,25.78
459,SPXATMIV.U,2020-10-05T00:00:00Z,24.65
460,SPXATMIV.U,2020-10-06T00:00:00Z,25.45
461,SPXATMIV.U,2020-10-07T00:00:00Z,23.88
462,SPXATMIV.U,2020-10-08T00:00:00Z,22.43
463,SPXATMIV.U,2020-10-09T00:00:00Z,20.96
464,SPXATMIV.U,2020-10-12T00:00:00Z,20.84
465,SPXATMIV.U,2020-10-13T00:00:00Z,21.62
466,SPXATMIV.U,2020-10-14T00:00:00Z,22.05
467,SPXATMIV.U,2020-10-15T00:00:00Z,22.47
468,SPXATMIV.U,2020-10-16T00:00:00Z,22.56
469,SPXATMIV.U,2020-10-19T00:00:00Z,24.72
470,SPXATMIV.U,2020-10-20T00:00:00Z,24.61
471,SPXATMIV.U,2020-10-21T00:00:00Z,24.26
472,SPXATMIV.U,2020-10-22T00:00:00Z,23.83
473,SPXATMIV.U,2020-10-23T00:00:00Z,23.08
474,SPXATMIV.U,2020-10-26T00:00:00Z,28.94
475,SPXATMIV.U,2020-10-27T00:00:00Z,28.15
476,SPXATMIV.U,2020-10-28T00:00:00Z,34.69
477,SPXATMIV.U,2020-10-29T00:00:00Z,31.53
478,SPXATMIV.U,2020-10-30T00:00:00Z,32.47
479,SPXATMIV.U,2020-11-02T00:00:00Z,30.5
480,SPXATMIV.U,2020-11-03T00:00:00Z,28.78
481,SPXATMIV.U,2020-11-04T00:00:00Z,24.21
482,SPXATMIV.U,2020-11-05T00:00:00Z,23.11
483,SPXATMIV.U,2020-11-06T00:00:00Z,21.07
484,SPXATMIV.U,2020-11-09T00:00:00Z,21.11
485,SPXATMIV.U,2020-11-10T00:00:00Z,20.5
486,SPXATMIV.U,2020-11-11T00:00:00Z,19.11
487,SPXATMIV.U,2020-11-12T00:00:00Z,20.4
488,SPXATMIV.U,2020-11-13T00:00:00Z,18.67
489,SPXATMIV.U,2020-11-16T00:00:00Z,18.22
490,SPXATMIV.U,2020-11-17T00:00:00Z,18.51
491,SPXATMIV.U,2020-11-18T00:00:00Z,18.72
492,SPXATMIV.U,2020-11-19T00:00:00Z,18.15
493,SPXATMIV.U,2020-11-20T00:00:00Z,18.48
494,SPXATMIV.U,2020-11-23T00:00:00Z,17.9
495,SPXATMIV.U,2020-11-24T00:00:00Z,17.54
496,SPXATMIV.U,2020-11-25T00:00:00Z,17.18
497,SPXATMIV.U,2020-11-25T00:00:00Z,17.18
498,SPXATMIV.U,2020-11-27T00:00:00Z,17.27
499,SPXATMIV.U,2020-11-30T00:00:00Z,17.38
500,SPXATMIV.U,2020-12-01T00:00:00Z,17.48
501,SPXATMIV.U,2020-12-02T00:00:00Z,17.77
502,SPXATMIV.U,2020-12-03T00:00:00Z,17.66
503,SPXATMIV.U,2020-12-04T00:00:00Z,16.7
504,SPXATMIV.U,2020-12-07T00:00:00Z,16.98
505,SPXATMIV.U,2020-12-08T00:00:00Z,16.18
506,SPXATMIV.U,2020-12-09T00:00:00Z,17.25
507,SPXATMIV.U,2020-12-10T00:00:00Z,17.31
508,SPXATMIV.U,2020-12-11T00:00:00Z,17.81
509,SPXATMIV.U,2020-12-14T00:00:00Z,18.72
510,SPXATMIV.U,2020-12-15T00:00:00Z,17.29
511,SPXATMIV.U,2020-12-16T00:00:00Z,16.59
512,SPXATMIV.U,2020-12-17T00:00:00Z,16.15
513,SPXATMIV.U,2020-12-18T00:00:00Z,16.25
514,SPXATMIV.U,2020-12-21T00:00:00Z,18.67
515,SPXATMIV.U,2020-12-22T00:00:00Z,18.18
516,SPXATMIV.U,2020-12-23T00:00:00Z,17.18
517,SPXATMIV.U,2020-12-24T00:00:00Z,16.22
518,SPXATMIV.U,2020-12-24T00:00:00Z,16.22
519,SPXATMIV.U,2020-12-28T00:00:00Z,16.34
520,SPXATMIV.U,2020-12-29T00:00:00Z,17.55
521,SPXATMIV.U,2020-12-30T00:00:00Z,17.22
522,SPXATMIV.U,2020-12-31T00:00:00Z,17.13
523,SPXATMIV.U,2020-12-31T00:00:00Z,17.13
524,SPXATMIV.U,2021-01-04T00:00:00Z,20.32
525,SPXATMIV.U,2021-01-05T00:00:00Z,18.8
526,SPXATMIV.U,2021-01-06T00:00:00Z,18.41
527,SPXATMIV.U,2021-01-07T00:00:00Z,16.32
528,SPXATMIV.U,2021-01-08T00:00:00Z,16.27
529,SPXATMIV.U,2021-01-11T00:00:00Z,18.26
530,SPXATMIV.U,2021-01-12T00:00:00Z,17.43
531,SPXATMIV.U,2021-01-13T00:00:00Z,16.5
532,SPXATMIV.U,2021-01-14T00:00:00Z,17.26
533,SPXATMIV.U,2021-01-15T00:00:00Z,17.92
534,SPXATMIV.U,2021-01-15T00:00:00Z,17.92
535,SPXATMIV.U,2021-01-19T00:00:00Z,17.16
536,SPXATMIV.U,2021-01-20T00:00:00Z,15.61
537,SPXATMIV.U,2021-01-21T00:00:00Z,15.85
538,SPXATMIV.U,2021-01-22T00:00:00Z,19.2
539,SPXATMIV.U,2021-01-25T00:00:00Z,17.07
540,SPXATMIV.U,2021-01-26T00:00:00Z,17.68
541,SPXATMIV.U,2021-01-27T00:00:00Z,25.59
542,SPXATMIV.U,2021-01-28T00:00:00Z,22.14
543,SPXATMIV.U,2021-01-29T00:00:00Z,25.18
544,SPXATMIV.U,2021-02-01T00:00:00Z,22.32
545,SPXATMIV.U,2021-02-02T00:00:00Z,19.07
546,SPXATMIV.U,2021-02-03T00:00:00Z,17.63
547,SPXATMIV.U,2021-02-04T00:00:00Z,16.97
548,SPXATMIV.U,2021-02-05T00:00:00Z,16.35
549,SPXATMIV.U,2021-02-08T00:00:00Z,16.36
550,SPXATMIV.U,2021-02-09T00:00:00Z,16.66
551,SPXATMIV.U,2021-02-10T00:00:00Z,16.76
552,SPXATMIV.U,2021-02-11T00:00:00Z,16.15
553,SPXATMIV.U,2021-02-12T00:00:00Z,15.19
554,SPXATMIV.U,2021-02-12T00:00:00Z,15.19
555,SPXATMIV.U,2021-02-16T00:00:00Z,15.38
556,SPXATMIV.U,2021-02-17T00:00:00Z,15.3
557,SPXATMIV.U,2021-02-18T00:00:00Z,17.81
558,SPXATMIV.U,2021-02-19T00:00:00Z,16.2
559,SPXATMIV.U,2021-02-22T00:00:00Z,18.02
560,SPXATMIV.U,2021-02-23T00:00:00Z,17.57
561,SPXATMIV.U,2021-02-24T00:00:00Z,16.1
562,SPXATMIV.U,2021-02-25T00:00:00Z,21.82
563,SPXATMIV.U,2021-02-26T00:00:00Z,21.59
564,SPXATMIV.U,2021-03-01T00:00:00Z,17.4
565,SPXATMIV.U,2021-03-02T00:00:00Z,18.1
566,SPXATMIV.U,2021-03-03T00:00:00Z,20.27
567,SPXATMIV.U,2021-03-04T00:00:00Z,21.94
568,SPXATMIV.U,2021-03-05T00:00:00Z,18.77
569,SPXATMIV.U,2021-03-08T00:00:00Z,19.73
570,SPXATMIV.U,2021-03-09T00:00:00Z,18.41
571,SPXATMIV.U,2021-03-10T00:00:00Z,17.28
572,SPXATMIV.U,2021-03-11T00:00:00Z,16.54
573,SPXATMIV.U,2021-03-12T00:00:00Z,15.79
574,SPXATMIV.U,2021-03-15T00:00:00Z,15.18
575,SPXATMIV.U,2021-03-16T00:00:00Z,14.94
576,SPXATMIV.U,2021-03-17T00:00:00Z,18.49
577,SPXATMIV.U,2021-03-18T00:00:00Z,15.92
578,SPXATMIV.U,2021-03-19T00:00:00Z,15.42
579,SPXATMIV.U,2021-03-22T00:00:00Z,13.81
580,SPXATMIV.U,2021-03-23T00:00:00Z,14.91
581,SPXATMIV.U,2021-03-24T00:00:00Z,15.48
582,SPXATMIV.U,2021-03-25T00:00:00Z,14.64
583,SPXATMIV.U,2021-03-26T00:00:00Z,14.02
584,SPXATMIV.U,2021-03-29T00:00:00Z,16.85
585,SPXATMIV.U,2021-03-30T00:00:00Z,14.33
586,SPXATMIV.U,2021-03-31T00:00:00Z,14.37
587,SPXATMIV.U,2021-04-01T00:00:00Z,13.2
588,SPXATMIV.U,2021-04-01T00:00:00Z,13.2
589,SPXATMIV.U,2021-04-05T00:00:00Z,14.19
590,SPXATMIV.U,2021-04-06T00:00:00Z,13.51
591,SPXATMIV.U,2021-04-07T00:00:00Z,13.09
592,SPXATMIV.U,2021-04-08T00:00:00Z,13.17
593,SPXATMIV.U,2021-04-09T00:00:00Z,13.05
594,SPXATMIV.U,2021-04-12T00:00:00Z,13.25
595,SPXATMIV.U,2021-04-13T00:00:00Z,13.0
596,SPXATMIV.U,2021-04-14T00:00:00Z,13.04
597,SPXATMIV.U,2021-04-15T00:00:00Z,12.55
598,SPXATMIV.U,2021-04-16T00:00:00Z,12.21
599,SPXATMIV.U,2021-04-19T00:00:00Z,13.08
600,SPXATMIV.U,2021-04-20T00:00:00Z,14.21
601,SPXATMIV.U,2021-04-21T00:00:00Z,12.94
602,SPXATMIV.U,2021-04-22T00:00:00Z,14.49
603,SPXATMIV.U,2021-04-23T00:00:00Z,12.98
604,SPXATMIV.U,2021-04-26T00:00:00Z,13.31
605,SPXATMIV.U,2021-04-27T00:00:00Z,13.27
606,SPXATMIV.U,2021-04-28T00:00:00Z,12.85
607,SPXATMIV.U,2021-04-29T00:00:00Z,13.26
608,SPXATMIV.U,2021-04-30T00:00:00Z,14.12
609,SPXATMIV.U,2021-05-03T00:00:00Z,14.13
610,SPXATMIV.U,2021-05-04T00:00:00Z,14.76
611,SPXATMIV.U,2021-05-05T00:00:00Z,14.4
612,SPXATMIV.U,2021-05-06T00:00:00Z,13.66
613,SPXATMIV.U,2021-05-07T00:00:00Z,12.64
614,SPXATMIV.U,2021-05-10T00:00:00Z,14.71
615,SPXATMIV.U,2021-05-11T00:00:00Z,16.49
616,SPXATMIV.U,2021-05-12T00:00:00Z,20.43
617,SPXATMIV.U,2021-05-13T00:00:00Z,17.37
618,SPXATMIV.U,2021-05-14T00:00:00Z,14.15
619,SPXATMIV.U,2021-05-17T00:00:00Z,14.75
620,SPXATMIV.U,2021-05-18T00:00:00Z,15.88
621,SPXATMIV.U,2021-05-19T00:00:00Z,16.21
622,SPXATMIV.U,2021-05-20T00:00:00Z,14.96
623,SPXATMIV.U,2021-05-21T00:00:00Z,14.48
624,SPXATMIV.U,2021-05-24T00:00:00Z,13.16
625,SPXATMIV.U,2021-05-25T00:00:00Z,13.36
626,SPXATMIV.U,2021-05-26T00:00:00Z,12.18
627,SPXATMIV.U,2021-05-27T00:00:00Z,11.94
628,SPXATMIV.U,2021-05-28T00:00:00Z,11.49
629,SPXATMIV.U,2021-05-28T00:00:00Z,11.49
630,SPXATMIV.U,2021-06-01T00:00:00Z,15.07
631,SPXATMIV.U,2021-06-02T00:00:00Z,14.98
632,SPXATMIV.U,2021-06-03T00:00:00Z,15.76
633,SPXATMIV.U,2021-06-04T00:00:00Z,11.99
634,SPXATMIV.U,2021-06-07T00:00:00Z,11.6
635,SPXATMIV.U,2021-06-08T00:00:00Z,12.94
636,SPXATMIV.U,2021-06-09T00:00:00Z,12.52
637,SPXATMIV.U,2021-06-10T00:00:00Z,11.31
638,SPXATMIV.U,2021-06-11T00:00:00Z,10.56
639,SPXATMIV.U,2021-06-14T00:00:00Z,10.95
640,SPXATMIV.U,2021-06-15T00:00:00Z,10.86
641,SPXATMIV.U,2021-06-16T00:00:00Z,11.57
642,SPXATMIV.U,2021-06-17T00:00:00Z,11.47
643,SPXATMIV.U,2021-06-18T00:00:00Z,14.24
644,SPXATMIV.U,2021-06-21T00:00:00Z,11.87
645,SPXATMIV.U,2021-06-22T00:00:00Z,10.99
646,SPXATMIV.U,2021-06-23T00:00:00Z,11.01
647,SPXATMIV.U,2021-06-24T00:00:00Z,10.98
648,SPXATMIV.U,2021-06-25T00:00:00Z,12.02
649,SPXATMIV.U,2021-06-28T00:00:00Z,10.55
650,SPXATMIV.U,2021-06-29T00:00:00Z,12.87
651,SPXATMIV.U,2021-06-30T00:00:00Z,11.93
652,SPXATMIV.U,2021-07-01T00:00:00Z,10.68
653,SPXATMIV.U,2021-07-02T00:00:00Z,10.04
654,SPXATMIV.U,2021-07-02T00:00:00Z,10.04
655,SPXATMIV.U,2021-07-06T00:00:00Z,14.4
656,SPXATMIV.U,2021-07-07T00:00:00Z,11.35
657,SPXATMIV.U,2021-07-08T00:00:00Z,13.69
658,SPXATMIV.U,2021-07-09T00:00:00Z,10.99
659,SPXATMIV.U,2021-07-12T00:00:00Z,11.06
660,SPXATMIV.U,2021-07-13T00:00:00Z,11.61
661,SPXATMIV.U,2021-07-14T00:00:00Z,11.18
662,SPXATMIV.U,2021-07-15T00:00:00Z,11.41
663,SPXATMIV.U,2021-07-16T00:00:00Z,12.72
664,SPXATMIV.U,2021-07-19T00:00:00Z,16.21
665,SPXATMIV.U,2021-07-20T00:00:00Z,13.74
666,SPXATMIV.U,2021-07-21T00:00:00Z,11.95
667,SPXATMIV.U,2021-07-22T00:00:00Z,13.21
668,SPXATMIV.U,2021-07-23T00:00:00Z,11.41
669,SPXATMIV.U,2021-07-26T00:00:00Z,11.82
670,SPXATMIV.U,2021-07-27T00:00:00Z,13.25
671,SPXATMIV.U,2021-07-28T00:00:00Z,12.36
672,SPXATMIV.U,2021-07-29T00:00:00Z,12.01
673,SPXATMIV.U,2021-07-30T00:00:00Z,12.77
674,SPXATMIV.U,2021-08-02T00:00:00Z,13.58
675,SPXATMIV.U,2021-08-03T00:00:00Z,12.15
676,SPXATMIV.U,2021-08-04T00:00:00Z,13.94
677,SPXATMIV.U,2021-08-05T00:00:00Z,12.18
678,SPXATMIV.U,2021-08-06T00:00:00Z,11.71
679,SPXATMIV.U,2021-08-09T00:00:00Z,12.27
680,SPXATMIV.U,2021-08-10T00:00:00Z,12.08
681,SPXATMIV.U,2021-08-11T00:00:00Z,13.68
682,SPXATMIV.U,2021-08-12T00:00:00Z,10.71
683,SPXATMIV.U,2021-08-13T00:00:00Z,10.32
684,SPXATMIV.U,2021-08-16T00:00:00Z,10.95
685,SPXATMIV.U,2021-08-17T00:00:00Z,15.1
686,SPXATMIV.U,2021-08-18T00:00:00Z,17.21
687,SPXATMIV.U,2021-08-19T00:00:00Z,15.37
688,SPXATMIV.U,2021-08-20T00:00:00Z,12.28
689,SPXATMIV.U,2021-08-23T00:00:00Z,11.13
690,SPXATMIV.U,2021-08-24T00:00:00Z,11.16
691,SPXATMIV.U,2021-08-25T00:00:00Z,11.19
692,SPXATMIV.U,2021-08-26T00:00:00Z,12.82
693,SPXATMIV.U,2021-08-27T00:00:00Z,10.75
694,SPXATMIV.U,2021-08-30T00:00:00Z,11.77
695,SPXATMIV.U,2021-08-31T00:00:00Z,11.02
696,SPXATMIV.U,2021-09-01T00:00:00Z,11.0
697,SPXATMIV.U,2021-09-02T00:00:00Z,11.0
698,SPXATMIV.U,2021-09-03T00:00:00Z,10.83
699,SPXATMIV.U,2021-09-03T00:00:00Z,10.83
700,SPXATMIV.U,2021-09-07T00:00:00Z,14.28
701,SPXATMIV.U,2021-09-08T00:00:00Z,14.67
702,SPXATMIV.U,2021-09-09T00:00:00Z,15.69
703,SPXATMIV.U,2021-09-10T00:00:00Z,14.22
704,SPXATMIV.U,2021-09-13T00:00:00Z,13.67
705,SPXATMIV.U,2021-09-14T00:00:00Z,13.51
706,SPXATMIV.U,2021-09-15T00:00:00Z,12.45
707,SPXATMIV.U,2021-09-16T00:00:00Z,12.65
708,SPXATMIV.U,2021-09-17T00:00:00Z,14.18
709,SPXATMIV.U,2021-09-20T00:00:00Z,19.31
710,SPXATMIV.U,2021-09-21T00:00:00Z,18.26
711,SPXATMIV.U,2021-09-22T00:00:00Z,15.25
712,SPXATMIV.U,2021-09-23T00:00:00Z,13.82
713,SPXATMIV.U,2021-09-24T00:00:00Z,12.88
714,SPXATMIV.U,2021-09-27T00:00:00Z,13.67
715,SPXATMIV.U,2021-09-28T00:00:00Z,17.82
716,SPXATMIV.U,2021-09-29T00:00:00Z,17.62
717,SPXATMIV.U,2021-09-30T00:00:00Z,18.5
718,SPXATMIV.U,2021-10-01T00:00:00Z,16.69
719,SPXATMIV.U,2021-10-04T00:00:00Z,18.61
720,SPXATMIV.U,2021-10-05T00:00:00Z,16.96
721,SPXATMIV.U,2021-10-06T00:00:00Z,16.68
722,SPXATMIV.U,2021-10-07T00:00:00Z,15.43
723,SPXATMIV.U,2021-10-08T00:00:00Z,14.98
724,SPXATMIV.U,2021-10-11T00:00:00Z,15.88
725,SPXATMIV.U,2021-10-12T00:00:00Z,15.42
726,SPXATMIV.U,2021-10-13T00:00:00Z,14.53
727,SPXATMIV.U,2021-10-14T00:00:00Z,12.76
728,SPXATMIV.U,2021-10-15T00:00:00Z,12.06
729,SPXATMIV.U,2021-10-18T00:00:00Z,12.03
730,SPXATMIV.U,2021-10-19T00:00:00Z,11.59
731,SPXATMIV.U,2021-10-20T00:00:00Z,11.39
732,SPXATMIV.U,2021-10-21T00:00:00Z,11.05
733,SPXATMIV.U,2021-10-22T00:00:00Z,11.37
734,SPXATMIV.U,2021-10-25T00:00:00Z,11.17
735,SPXATMIV.U,2021-10-26T00:00:00Z,11.77
736,SPXATMIV.U,2021-10-27T00:00:00Z,12.88
737,SPXATMIV.U,2021-10-28T00:00:00Z,12.11
738,SPXATMIV.U,2021-10-29T00:00:00Z,11.9
739,SPXATMIV.U,2021-11-01T00:00:00Z,12.33
740,SPXATMIV.U,2021-11-02T00:00:00Z,12.41
741,SPXATMIV.U,2021-11-03T00:00:00Z,11.6
742,SPXATMIV.U,2021-11-04T00:00:00Z,11.77
743,SPXATMIV.U,2021-11-05T00:00:00Z,11.96
744,SPXATMIV.U,2021-11-08T00:00:00Z,12.32
745,SPXATMIV.U,2021-11-09T00:00:00Z,12.81
746,SPXATMIV.U,2021-11-10T00:00:00Z,13.76
747,SPXATMIV.U,2021-11-11T00:00:00Z,12.92
748,SPXATMIV.U,2021-11-12T00:00:00Z,13.11
749,SPXATMIV.U,2021-11-15T00:00:00Z,12.08
750,SPXATMIV.U,2021-11-16T00:00:00Z,11.95
751,SPXATMIV.U,2021-11-17T00:00:00Z,12.3
752,SPXATMIV.U,2021-11-18T00:00:00Z,13.45
753,SPXATMIV.U,2021-11-19T00:00:00Z,12.71
754,SPXATMIV.U,2021-11-22T00:00:00Z,14.22
755,SPXATMIV.U,2021-11-23T00:00:00Z,13.88
756,SPXATMIV.U,2021-11-24T00:00:00Z,13.43
757,SPXATMIV.U,2021-11-24T00:00:00Z,13.43
758,SPXATMIV.U,2021-11-26T00:00:00Z,21.14
759,SPXATMIV.U,2021-11-29T00:00:00Z,16.6
760,SPXATMIV.U,2021-11-30T00:00:00Z,20.23
761,SPXATMIV.U,2021-12-01T00:00:00Z,22.56
762,SPXATMIV.U,2021-12-02T00:00:00Z,20.06
763,SPXATMIV.U,2021-12-03T00:00:00Z,22.2
764,SPXATMIV.U,2021-12-06T00:00:00Z,19.24
765,SPXATMIV.U,2021-12-07T00:00:00Z,16.1
766,SPXATMIV.U,2021-12-08T00:00:00Z,14.55
767,SPXATMIV.U,2021-12-09T00:00:00Z,15.64
768,SPXATMIV.U,2021-12-10T00:00:00Z,13.72
769,SPXATMIV.U,2021-12-13T00:00:00Z,15.28
770,SPXATMIV.U,2021-12-14T00:00:00Z,16.8
771,SPXATMIV.U,2021-12-15T00:00:00Z,14.48
772,SPXATMIV.U,2021-12-16T00:00:00Z,15.35
773,SPXATMIV.U,2021-12-17T00:00:00Z,16.58
774,SPXATMIV.U,2021-12-20T00:00:00Z,18.29
775,SPXATMIV.U,2021-12-21T00:00:00Z,16.09
776,SPXATMIV.U,2021-12-22T00:00:00Z,13.65
777,SPXATMIV.U,2021-12-23T00:00:00Z,13.18
778,SPXATMIV.U,2021-12-23T00:00:00Z,13.18
779,SPXATMIV.U,2021-12-27T00:00:00Z,12.51
780,SPXATMIV.U,2021-12-28T00:00:00Z,12.37
781,SPXATMIV.U,2021-12-29T00:00:00Z,11.91
782,SPXATMIV.U,2021-12-30T00:00:00Z,12.46
783,SPXATMIV.U,2021-12-31T00:00:00Z,12.14
784,SPXATMIV.U,2022-01-03T00:00:00Z,11.65
785,SPXATMIV.U,2022-01-04T00:00:00Z,12.13
786,SPXATMIV.U,2022-01-05T00:00:00Z,14.65
787,SPXATMIV.U,2022-01-06T00:00:00Z,14.89
788,SPXATMIV.U,2022-01-07T00:00:00Z,14.22
789,SPXATMIV.U,2022-01-10T00:00:00Z,14.7
790,SPXATMIV.U,2022-01-11T00:00:00Z,13.92
791,SPXATMIV.U,2022-01-12T00:00:00Z,13.39
792,SPXATMIV.U,2022-01-13T00:00:00Z,15.86
793,SPXATMIV.U,2022-01-14T00:00:00Z,15.07
794,SPXATMIV.U,2022-01-14T00:00:00Z,15.07
795,SPXATMIV.U,2022-01-18T00:00:00Z,18.48
796,SPXATMIV.U,2022-01-19T00:00:00Z,18.92
797,SPXATMIV.U,2022-01-20T00:00:00Z,20.51
798,SPXATMIV.U,2022-01-21T00:00:00Z,22.95
799,SPXATMIV.U,2022-01-24T00:00:00Z,24.3
800,SPXATMIV.U,2022-01-25T00:00:00Z,25.33
801,SPXATMIV.U,2022-01-26T00:00:00Z,25.67
802,SPXATMIV.U,2022-01-27T00:00:00Z,24.86
803,SPXATMIV.U,2022-01-28T00:00:00Z,22.14
804,SPXATMIV.U,2022-01-31T00:00:00Z,19.81
805,SPXATMIV.U,2022-02-01T00:00:00Z,17.67
806,SPXATMIV.U,2022-02-02T00:00:00Z,17.06
807,SPXATMIV.U,2022-02-03T00:00:00Z,20.36
808,SPXATMIV.U,2022-02-04T00:00:00Z,19.23
809,SPXATMIV.U,2022-02-07T00:00:00Z,19.32
810,SPXATMIV.U,2022-02-08T00:00:00Z,17.87
811,SPXATMIV.U,2022-02-09T00:00:00Z,16.56
812,SPXATMIV.U,2022-02-10T00:00:00Z,19.86
813,SPXATMIV.U,2022-02-11T00:00:00Z,22.86
814,SPXATMIV.U,2022-02-14T00:00:00Z,23.3
815,SPXATMIV.U,2022-02-15T00:00:00Z,20.43
816,SPXATMIV.U,2022-02-16T00:00:00Z,19.25
817,SPXATMIV.U,2022-02-17T00:00:00Z,22.68
818,SPXATMIV.U,2022-02-18T00:00:00Z,23.13
819,SPXATMIV.U,2022-02-18T00:00:00Z,23.13
820,SPXATMIV.U,2022-02-22T00:00:00Z,24.14
821,SPXATMIV.U,2022-02-23T00:00:00Z,25.94
822,SPXATMIV.U,2022-02-24T00:00:00Z,23.99
823,SPXATMIV.U,2022-02-25T00:00:00Z,22.03
824,SPXATMIV.U,2022-02-28T00:00:00Z,23.69
825,SPXATMIV.U,2022-03-01T00:00:00Z,27.14
826,SPXATMIV.U,2022-03-02T00:00:00Z,24.22
827,SPXATMIV.U,2022-03-03T00:00:00Z,24.54
828,SPXATMIV.U,2022-03-04T00:00:00Z,25.56
829,SPXATMIV.U,2022-03-07T00:00:00Z,29.47
830,SPXATMIV.U,2022-03-08T00:00:00Z,28.18
831,SPXATMIV.U,2022-03-09T00:00:00Z,26.12
832,SPXATMIV.U,2022-03-10T00:00:00Z,24.68
833,SPXATMIV.U,2022-03-11T00:00:00Z,25.24
834,SPXATMIV.U,2022-03-14T00:00:00Z,26.37
835,SPXATMIV.U,2022-03-15T00:00:00Z,24.56
836,SPXATMIV.U,2022-03-16T00:00:00Z,23.12
837,SPXATMIV.U,2022-03-17T00:00:00Z,20.32
838,SPXATMIV.U,2022-03-18T00:00:00Z,18.82
839,SPXATMIV.U,2022-03-21T00:00:00Z,18.91
840,SPXATMIV.U,2022-03-22T00:00:00Z,18.0
841,SPXATMIV.U,2022-03-23T00:00:00Z,18.78
842,SPXATMIV.U,2022-03-24T00:00:00Z,17.44
843,SPXATMIV.U,2022-03-25T00:00:00Z,16.52
844,SPXATMIV.U,2022-03-28T00:00:00Z,15.96
845,SPXATMIV.U,2022-03-29T00:00:00Z,15.28
846,SPXATMIV.U,2022-03-30T00:00:00Z,15.85
847,SPXATMIV.U,2022-03-31T00:00:00Z,16.88
848,SPXATMIV.U,2022-04-01T00:00:00Z,15.54
849,SPXATMIV.U,2022-04-04T00:00:00Z,14.67
850,SPXATMIV.U,2022-04-05T00:00:00Z,16.48
851,SPXATMIV.U,2022-04-06T00:00:00Z,17.31
852,SPXATMIV.U,2022-04-07T00:00:00Z,17.14
853,SPXATMIV.U,2022-04-08T00:00:00Z,16.73
854,SPXATMIV.U,2022-04-11T00:00:00Z,19.32
855,SPXATMIV.U,2022-04-12T00:00:00Z,20.12
856,SPXATMIV.U,2022-04-13T00:00:00Z,17.19
857,SPXATMIV.U,2022-04-14T00:00:00Z,18.32
858,SPXATMIV.U,2022-04-14T00:00:00Z,18.32
859,SPXATMIV.U,2022-04-18T00:00:00Z,18.35
860,SPXATMIV.U,2022-04-19T00:00:00Z,16.9
861,SPXATMIV.U,2022-04-20T00:00:00Z,16.39
862,SPXATMIV.U,2022-04-21T00:00:00Z,18.49
863,SPXATMIV.U,2022-04-22T00:00:00Z,23.23
864,SPXATMIV.U,2022-04-25T00:00:00Z,22.4
865,SPXATMIV.U,2022-04-26T00:00:00Z,27.11
866,SPXATMIV.U,2022-04-27T00:00:00Z,25.95
867,SPXATMIV.U,2022-04-28T00:00:00Z,23.04
868,SPXATMIV.U,2022-04-29T00:00:00Z,26.77
869,SPXATMIV.U,2022-05-02T00:00:00Z,26.43
870,SPXATMIV.U,2022-05-03T00:00:00Z,24.79
871,SPXATMIV.U,2022-05-04T00:00:00Z,21.55
872,SPXATMIV.U,2022-05-05T00:00:00Z,26.48
873,SPXATMIV.U,2022-05-06T00:00:00Z,25.6
874,SPXATMIV.U,2022-05-09T00:00:00Z,29.93
875,SPXATMIV.U,2022-05-10T00:00:00Z,28.71
876,SPXATMIV.U,2022-05-11T00:00:00Z,29.88
877,SPXATMIV.U,2022-05-12T00:00:00Z,27.97
878,SPXATMIV.U,2022-05-13T00:00:00Z,25.33
879,SPXATMIV.U,2022-05-16T00:00:00Z,24.57
880,SPXATMIV.U,2022-05-17T00:00:00Z,23.22
881,SPXATMIV.U,2022-05-18T00:00:00Z,26.71
882,SPXATMIV.U,2022-05-19T00:00:00Z,25.32
883,SPXATMIV.U,2022-05-20T00:00:00Z,25.5
884,SPXATMIV.U,2022-05-23T00:00:00Z,25.11
885,SPXATMIV.U,2022-05-24T00:00:00Z,25.96
886,SPXATMIV.U,2022-05-25T00:00:00Z,25.17
887,SPXATMIV.U,2022-05-26T00:00:00Z,23.95
888,SPXATMIV.U,2022-05-27T00:00:00Z,22.22
889,SPXATMIV.U,2022-05-27T00:00:00Z,22.22
890,SPXATMIV.U,2022-05-31T00:00:00Z,22.88
891,SPXATMIV.U,2022-06-01T00:00:00Z,22.7
892,SPXATMIV.U,2022-06-02T00:00:00Z,21.52
893,SPXATMIV.U,2022-06-03T00:00:00Z,21.65
894,SPXATMIV.U,2022-06-06T00:00:00Z,22.02
895,SPXATMIV.U,2022-06-07T00:00:00Z,20.98
896,SPXATMIV.U,2022-06-08T00:00:00Z,21.29
897,SPXATMIV.U,2022-06-09T00:00:00Z,23.03
898,SPXATMIV.U,2022-06-10T00:00:00Z,24.8
899,SPXATMIV.U,2022-06-13T00:00:00Z,29.79
900,SPXATMIV.U,2022-06-14T00:00:00Z,28.12
901,SPXATMIV.U,2022-06-15T00:00:00Z,26.2
902,SPXATMIV.U,2022-06-16T00:00:00Z,28.68
903,SPXATMIV.U,2022-06-17T00:00:00Z,26.84
904,SPXATMIV.U,2022-06-17T00:00:00Z,26.84
905,SPXATMIV.U,2022-06-21T00:00:00Z,25.98
906,SPXATMIV.U,2022-06-22T00:00:00Z,25.33
907,SPXATMIV.U,2022-06-23T00:00:00Z,24.91
908,SPXATMIV.U,2022-06-24T00:00:00Z,23.44
909,SPXATMIV.U,2022-06-27T00:00:00Z,23.27
910,SPXATMIV.U,2022-06-28T00:00:00Z,24.3
911,SPXATMIV.U,2022-06-29T00:00:00Z,24.36
912,SPXATMIV.U,2022-06-30T00:00:00Z,24.72
913,SPXATMIV.U,2022-07-01T00:00:00Z,24.01
914,SPXATMIV.U,2022-07-01T00:00:00Z,24.01
915,SPXATMIV.U,2022-07-05T00:00:00Z,24.27
916,SPXATMIV.U,2022-07-06T00:00:00Z,23.99
917,SPXATMIV.U,2022-07-07T00:00:00Z,23.05
918,SPXATMIV.U,2022-07-08T00:00:00Z,22.1
919,SPXATMIV.U,2022-07-11T00:00:00Z,23.58
920,SPXATMIV.U,2022-07-12T00:00:00Z,23.76
921,SPXATMIV.U,2022-07-13T00:00:00Z,23.36
922,SPXATMIV.U,2022-07-14T00:00:00Z,23.07
923,SPXATMIV.U,2022-07-15T00:00:00Z,21.23
924,SPXATMIV.U,2022-07-18T00:00:00Z,22.14
925,SPXATMIV.U,2022-07-19T00:00:00Z,21.51
926,SPXATMIV.U,2022-07-20T00:00:00Z,21.32
927,SPXATMIV.U,2022-07-21T00:00:00Z,20.29
928,SPXATMIV.U,2022-07-22T00:00:00Z,20.08
929,SPXATMIV.U,2022-07-25T00:00:00Z,20.27
930,SPXATMIV.U,2022-07-26T00:00:00Z,21.1
931,SPXATMIV.U,2022-07-27T00:00:00Z,19.9
932,SPXATMIV.U,2022-07-28T00:00:00Z,19.25
933,SPXATMIV.U,2022-07-29T00:00:00Z,18.33
934,SPXATMIV.U,2022-08-01T00:00:00Z,19.56
935,SPXATMIV.U,2022-08-02T00:00:00Z,20.46
936,SPXATMIV.U,2022-08-03T00:00:00Z,19.0
937,SPXATMIV.U,2022-08-04T00:00:00Z,18.71
938,SPXATMIV.U,2022-08-05T00:00:00Z,18.14
939,SPXATMIV.U,2022-08-08T00:00:00Z,18.71
940,SPXATMIV.U,2022-08-09T00:00:00Z,19.09
941,SPXATMIV.U,2022-08-10T00:00:00Z,17.44
942,SPXATMIV.U,2022-08-11T00:00:00Z,17.31
943,SPXATMIV.U,2022-08-12T00:00:00Z,16.63
944,SPXATMIV.U,2022-08-15T00:00:00Z,16.95
945,SPXATMIV.U,2022-08-16T00:00:00Z,16.65
946,SPXATMIV.U,2022-08-17T00:00:00Z,16.98
947,SPXATMIV.U,2022-08-18T00:00:00Z,16.7
948,SPXATMIV.U,2022-08-19T00:00:00Z,17.92
949,SPXATMIV.U,2022-08-22T00:00:00Z,19.95
950,SPXATMIV.U,2022-08-23T00:00:00Z,20.61
951,SPXATMIV.U,2022-08-24T00:00:00Z,19.53
952,SPXATMIV.U,2022-08-25T00:00:00Z,18.36
953,SPXATMIV.U,2022-08-26T00:00:00Z,21.95
954,SPXATMIV.U,2022-08-29T00:00:00Z,22.43
955,SPXATMIV.U,2022-08-30T00:00:00Z,22.45
956,SPXATMIV.U,2022-08-31T00:00:00Z,22.33
957,SPXATMIV.U,2022-09-01T00:00:00Z,31.12
958,SPXATMIV.U,2022-09-02T00:00:00Z,21.12
959,SPXATMIV.U,2022-09-02T00:00:00Z,21.12
960,SPXATMIV.U,2022-09-06T00:00:00Z,23.55
961,SPXATMIV.U,2022-09-07T00:00:00Z,23.34
962,SPXATMIV.U,2022-09-07T00:00:00Z,23.34
963,SPXATMIV.U,2022-09-07T00:00:00Z,23.34
964,SPXATMIV.U,2022-09-12T00:00:00Z,20.83
965,SPXATMIV.U,2022-09-12T00:00:00Z,20.83
966,SPXATMIV.U,2022-09-12T00:00:00Z,20.83
967,SPXATMIV.U,2022-09-12T00:00:00Z,20.83
968,SPXATMIV.U,2022-09-12T00:00:00Z,20.83
969,SPXATMIV.U,2022-09-12T00:00:00Z,20.83
970,SPXATMIV.U,2022-09-12T00:00:00Z,20.83
971,SPXATMIV.U,2022-09-21T00:00:00Z,25.32
972,SPXATMIV.U,2022-09-22T00:00:00Z,24.6
973,SPXATMIV.U,2022-09-23T00:00:00Z,26.47
974,SPXATMIV.U,2022-09-26T00:00:00Z,28.68
975,SPXATMIV.U,2022-09-27T00:00:00Z,28.41
976,SPXATMIV.U,2022-09-28T00:00:00Z,26.5
977,SPXATMIV.U,2022-09-29T00:00:00Z,27.6
978,SPXATMIV.U,2022-09-30T00:00:00Z,27.32
979,SPXATMIV.U,2022-10-03T00:00:00Z,26.11
980,SPXATMIV.U,2022-10-04T00:00:00Z,24.96
981,SPXATMIV.U,2022-10-05T00:00:00Z,24.75
982,SPXATMIV.U,2022-10-06T00:00:00Z,26.4
983,SPXATMIV.U,2022-10-07T00:00:00Z,26.97
984,SPXATMIV.U,2022-10-10T00:00:00Z,28.29
985,SPXATMIV.U,2022-10-11T00:00:00Z,29.19
986,SPXATMIV.U,2022-10-12T00:00:00Z,29.05
987,SPXATMIV.U,2022-10-13T00:00:00Z,28.05
988,SPXATMIV.U,2022-10-14T00:00:00Z,28.12
989,SPXATMIV.U,2022-10-17T00:00:00Z,28.01
990,SPXATMIV.U,2022-10-18T00:00:00Z,27.44
991,SPXATMIV.U,2022-10-19T00:00:00Z,27.39
992,SPXATMIV.U,2022-10-20T00:00:00Z,27.03
993,SPXATMIV.U,2022-10-21T00:00:00Z,27.07
994,SPXATMIV.U,2022-10-24T00:00:00Z,27.81
995,SPXATMIV.U,2022-10-25T00:00:00Z,26.48
996,SPXATMIV.U,2022-10-26T00:00:00Z,25.79
997,SPXATMIV.U,2022-10-27T00:00:00Z,25.41
998,SPXATMIV.U,2022-10-28T00:00:00Z,24.56
999,SPXATMIV.U,2022-10-31T00:00:00Z,24.62
1000,SPXATMIV.U,2022-11-01T00:00:00Z,24.71
1001,SPXATMIV.U,2022-11-02T00:00:00Z,24.75
1002,SPXATMIV.U,2022-11-03T00:00:00Z,24.55
1003,SPXATMIV.U,2022-11-04T00:00:00Z,23.72
1004,SPXATMIV.U,2022-11-07T00:00:00Z,23.61
1005,SPXATMIV.U,2022-11-08T00:00:00Z,24.53
1006,SPXATMIV.U,2022-11-09T00:00:00Z,25.02
1007,SPXATMIV.U,2022-11-10T00:00:00Z,22.87
1008,SPXATMIV.U,2022-11-11T00:00:00Z,21.4
1009,SPXATMIV.U,2022-11-14T00:00:00Z,21.94
1010,SPXATMIV.U,2022-11-15T00:00:00Z,22.23
1011,SPXATMIV.U,2022-11-16T00:00:00Z,21.97
1012,SPXATMIV.U,2022-11-17T00:00:00Z,21.54
1013,SPXATMIV.U,2022-11-18T00:00:00Z,20.85
1014,SPXATMIV.U,2022-11-21T00:00:00Z,20.32
1015,SPXATMIV.U,2022-11-22T00:00:00Z,19.39
1016,SPXATMIV.U,2022-11-23T00:00:00Z,18.43
1017,SPXATMIV.U,2022-11-23T00:00:00Z,18.43
1018,SPXATMIV.U,2022-11-25T00:00:00Z,18.57
1019,SPXATMIV.U,2022-11-28T00:00:00Z,20.48
1020,SPXATMIV.U,2022-11-29T00:00:00Z,20.29
1021,SPXATMIV.U,2022-11-30T00:00:00Z,19.55
1022,SPXATMIV.U,2022-12-01T00:00:00Z,18.98
1023,SPXATMIV.U,2022-12-02T00:00:00Z,18.28
1024,SPXATMIV.U,2022-12-05T00:00:00Z,19.62
1025,SPXATMIV.U,2022-12-06T00:00:00Z,21.18
1026,SPXATMIV.U,2022-12-07T00:00:00Z,21.35
1027,SPXATMIV.U,2022-12-08T00:00:00Z,20.74
1028,SPXATMIV.U,2022-12-09T00:00:00Z,20.96
1029,SPXATMIV.U,2022-12-12T00:00:00Z,22.44
1030,SPXATMIV.U,2022-12-13T00:00:00Z,19.59
1031,SPXATMIV.U,2022-12-14T00:00:00Z,18.1
1032,SPXATMIV.U,2022-12-15T00:00:00Z,19.32
1033,SPXATMIV.U,2022-12-16T00:00:00Z,19.44
1034,SPXATMIV.U,2022-12-16T00:00:00Z,19.44
1035,SPXATMIV.U,2022-12-16T00:00:00Z,19.44
1036,SPXATMIV.U,2022-12-16T00:00:00Z,19.44
1037,SPXATMIV.U,2022-12-16T00:00:00Z,19.44
1038,SPXATMIV.U,2022-12-16T00:00:00Z,19.44
1039,SPXATMIV.U,2022-12-16T00:00:00Z,19.44
1040,SPXATMIV.U,2022-12-16T00:00:00Z,19.44
1041,SPXATMIV.U,2022-12-16T00:00:00Z,19.44
1042,SPXATMIV.U,2022-12-16T00:00:00Z,19.44
1043,SPXATMIV.U,2022-12-16T00:00:00Z,19.44
1044,SPXATMIV.U,2022-12-16T00:00:00Z,19.44
1045,SPXATMIV.U,2022-12-16T00:00:00Z,19.44
1046,SPXATMIV.U,2022-12-16T00:00:00Z,19.44
1047,SPXATMIV.U,2022-12-16T00:00:00Z,19.44
1048,SPXATMIV.U,2023-01-06T00:00:00Z,20.83
1049,SPXATMIV.U,2023-01-09T00:00:00Z,20.1
1050,SPXATMIV.U,2023-01-10T00:00:00Z,19.0
1051,SPXATMIV.U,2023-01-11T00:00:00Z,19.36
1052,SPXATMIV.U,2023-01-12T00:00:00Z,16.96
1053,SPXATMIV.U,2023-01-13T00:00:00Z,16.48
1054,SPXATMIV.U,2023-01-13T00:00:00Z,16.48
1055,SPXATMIV.U,2023-01-17T00:00:00Z,16.99
1056,SPXATMIV.U,2023-01-18T00:00:00Z,17.59
1057,SPXATMIV.U,2023-01-19T00:00:00Z,17.98
1058,SPXATMIV.U,2023-01-20T00:00:00Z,17.39
1059,SPXATMIV.U,2023-01-23T00:00:00Z,17.6
1060,SPXATMIV.U,2023-01-24T00:00:00Z,17.18
1061,SPXATMIV.U,2023-01-25T00:00:00Z,17.11
1062,SPXATMIV.U,2023-01-26T00:00:00Z,16.71
1063,SPXATMIV.U,2023-01-27T00:00:00Z,16.46
1064,SPXATMIV.U,2023-01-30T00:00:00Z,18.07
1065,SPXATMIV.U,2023-01-31T00:00:00Z,17.18
1066,SPXATMIV.U,2023-02-01T00:00:00Z,16.05
1067,SPXATMIV.U,2023-02-02T00:00:00Z,16.2
1068,SPXATMIV.U,2023-02-03T00:00:00Z,16.15
1069,SPXATMIV.U,2023-02-06T00:00:00Z,17.22
1070,SPXATMIV.U,2023-02-07T00:00:00Z,16.22
1071,SPXATMIV.U,2023-02-08T00:00:00Z,17.42
1072,SPXATMIV.U,2023-02-09T00:00:00Z,18.42
1073,SPXATMIV.U,2023-02-10T00:00:00Z,18.33
1074,SPXATMIV.U,2023-02-13T00:00:00Z,18.7
1075,SPXATMIV.U,2023-02-14T00:00:00Z,16.78
1076,SPXATMIV.U,2023-02-15T00:00:00Z,15.66
1077,SPXATMIV.U,2023-02-16T00:00:00Z,17.09
1078,SPXATMIV.U,2023-02-17T00:00:00Z,16.85
1079,SPXATMIV.U,2023-02-17T00:00:00Z,16.85
1080,SPXATMIV.U,2023-02-21T00:00:00Z,19.21
1081,SPXATMIV.U,2023-02-22T00:00:00Z,18.47
1082,SPXATMIV.U,2023-02-23T00:00:00Z,17.73
1083,SPXATMIV.U,2023-02-24T00:00:00Z,18.32
1084,SPXATMIV.U,2023-02-27T00:00:00Z,17.89
1085,SPXATMIV.U,2023-02-28T00:00:00Z,17.72
1086,SPXATMIV.U,2023-03-01T00:00:00Z,18.14
1087,SPXATMIV.U,2023-03-02T00:00:00Z,17.35
1088,SPXATMIV.U,2023-03-03T00:00:00Z,16.46
1089,SPXATMIV.U,2023-03-06T00:00:00Z,16.68
1090,SPXATMIV.U,2023-03-07T00:00:00Z,17.38
1091,SPXATMIV.U,2023-03-08T00:00:00Z,17.18
1092,SPXATMIV.U,2023-03-09T00:00:00Z,19.55
1093,SPXATMIV.U,2023-03-10T00:00:00Z,20.33
1094,SPXATMIV.U,2023-03-13T00:00:00Z,22.61
1095,SPXATMIV.U,2023-03-14T00:00:00Z,19.53
1096,SPXATMIV.U,2023-03-15T00:00:00Z,21.25
1097,SPXATMIV.U,2023-03-16T00:00:00Z,18.68
1098,SPXATMIV.U,2023-03-17T00:00:00Z,21.36
1099,SPXATMIV.U,2023-03-20T00:00:00Z,20.31
1100,SPXATMIV.U,2023-03-21T00:00:00Z,18.32
1101,SPXATMIV.U,2023-03-22T00:00:00Z,19.5
1102,SPXATMIV.U,2023-03-23T00:00:00Z,19.23
1103,SPXATMIV.U,2023-03-24T00:00:00Z,18.56
1104,SPXATMIV.U,2023-03-27T00:00:00Z,17.59
1105,SPXATMIV.U,2023-03-28T00:00:00Z,17.2
1106,SPXATMIV.U,2023-03-29T00:00:00Z,16.48
1107,SPXATMIV.U,2023-03-30T00:00:00Z,16.21
1108,SPXATMIV.U,2023-03-31T00:00:00Z,15.99
1109,SPXATMIV.U,2023-04-03T00:00:00Z,15.74
1110,SPXATMIV.U,2023-04-04T00:00:00Z,15.76
1111,SPXATMIV.U,2023-04-05T00:00:00Z,15.89
1112,SPXATMIV.U,2023-04-06T00:00:00Z,15.51
1113,SPXATMIV.U,2023-04-06T00:00:00Z,15.51
1114,SPXATMIV.U,2023-04-10T00:00:00Z,15.87
1115,SPXATMIV.U,2023-04-11T00:00:00Z,16.0
1116,SPXATMIV.U,2023-04-12T00:00:00Z,15.84
1117,SPXATMIV.U,2023-04-13T00:00:00Z,14.67
1118,SPXATMIV.U,2023-04-14T00:00:00Z,13.96
1119,SPXATMIV.U,2023-04-17T00:00:00Z,13.68
1120,SPXATMIV.U,2023-04-18T00:00:00Z,13.43
1121,SPXATMIV.U,2023-04-19T00:00:00Z,13.16
1122,SPXATMIV.U,2023-04-20T00:00:00Z,14.11
1123,SPXATMIV.U,2023-04-21T00:00:00Z,13.69
1124,SPXATMIV.U,2023-04-24T00:00:00Z,14.04
1125,SPXATMIV.U,2023-04-25T00:00:00Z,16.04
1126,SPXATMIV.U,2023-04-26T00:00:00Z,16.11
1127,SPXATMIV.U,2023-04-27T00:00:00Z,14.14
1128,SPXATMIV.U,2023-04-28T00:00:00Z,12.93
1129,SPXATMIV.U,2023-05-01T00:00:00Z,13.33
1130,SPXATMIV.U,2023-05-02T00:00:00Z,15.15
1131,SPXATMIV.U,2023-05-03T00:00:00Z,16.4
1132,SPXATMIV.U,2023-05-04T00:00:00Z,17.25
1133,SPXATMIV.U,2023-05-05T00:00:00Z,14.62
1134,SPXATMIV.U,2023-05-08T00:00:00Z,14.54
1135,SPXATMIV.U,2023-05-09T00:00:00Z,15.34
1136,SPXATMIV.U,2023-05-10T00:00:00Z,14.25
1137,SPXATMIV.U,2023-05-11T00:00:00Z,13.96
1138,SPXATMIV.U,2023-05-12T00:00:00Z,13.7
1139,SPXATMIV.U,2023-05-15T00:00:00Z,14.14
1140,SPXATMIV.U,2023-05-16T00:00:00Z,14.45
1141,SPXATMIV.U,2023-05-17T00:00:00Z,13.93
1142,SPXATMIV.U,2023-05-18T00:00:00Z,12.42
1143,SPXATMIV.U,2023-05-19T00:00:00Z,13.17
1144,SPXATMIV.U,2023-05-22T00:00:00Z,14.04
1145,SPXATMIV.U,2023-05-23T00:00:00Z,14.87
1146,SPXATMIV.U,2023-05-24T00:00:00Z,15.78
1147,SPXATMIV.U,2023-05-25T00:00:00Z,14.95
1148,SPXATMIV.U,2023-05-26T00:00:00Z,13.81
1149,SPXATMIV.U,2023-05-26T00:00:00Z,13.81
1150,SPXATMIV.U,2023-05-30T00:00:00Z,13.58
1151,SPXATMIV.U,2023-05-31T00:00:00Z,14.07
1152,SPXATMIV.U,2023-06-01T00:00:00Z,12.28
1153,SPXATMIV.U,2023-06-02T00:00:00Z,11.98
1154,SPXATMIV.U,2023-06-05T00:00:00Z,12.06
1155,SPXATMIV.U,2023-06-06T00:00:00Z,11.39
1156,SPXATMIV.U,2023-06-07T00:00:00Z,11.22
1157,SPXATMIV.U,2023-06-08T00:00:00Z,10.77
1158,SPXATMIV.U,2023-06-09T00:00:00Z,10.91
1159,SPXATMIV.U,2023-06-12T00:00:00Z,11.74
1160,SPXATMIV.U,2023-06-13T00:00:00Z,11.36
1161,SPXATMIV.U,2023-06-14T00:00:00Z,10.94
1162,SPXATMIV.U,2023-06-15T00:00:00Z,11.64
1163,SPXATMIV.U,2023-06-16T00:00:00Z,10.37
1164,SPXATMIV.U,2023-06-16T00:00:00Z,10.37
1165,SPXATMIV.U,2023-06-20T00:00:00Z,10.52
1166,SPXATMIV.U,2023-06-21T00:00:00Z,10.48
1167,SPXATMIV.U,2023-06-22T00:00:00Z,10.33
1168,SPXATMIV.U,2023-06-23T00:00:00Z,11.21
1169,SPXATMIV.U,2023-06-26T00:00:00Z,11.1
1170,SPXATMIV.U,2023-06-27T00:00:00Z,10.61
1171,SPXATMIV.U,2023-06-28T00:00:00Z,10.38
1172,SPXATMIV.U,2023-06-29T00:00:00Z,10.49
1173,SPXATMIV.U,2023-06-30T00:00:00Z,10.38
1174,SPXATMIV.U,2023-07-03T00:00:00Z,10.52
1175,SPXATMIV.U,2023-07-03T00:00:00Z,10.52
1176,SPXATMIV.U,2023-07-05T00:00:00Z,11.02
1177,SPXATMIV.U,2023-07-06T00:00:00Z,11.96
1178,SPXATMIV.U,2023-07-07T00:00:00Z,11.47
1179,SPXATMIV.U,2023-07-10T00:00:00Z,11.7
1180,SPXATMIV.U,2023-07-11T00:00:00Z,11.44
1181,SPXATMIV.U,2023-07-12T00:00:00Z,10.46
1182,SPXATMIV.U,2023-07-13T00:00:00Z,10.18
1183,SPXATMIV.U,2023-07-14T00:00:00Z,10.31
1184,SPXATMIV.U,2023-07-17T00:00:00Z,10.59
1185,SPXATMIV.U,2023-07-18T00:00:00Z,10.62
1186,SPXATMIV.U,2023-07-19T00:00:00Z,10.96
1187,SPXATMIV.U,2023-07-20T00:00:00Z,10.64
1188,SPXATMIV.U,2023-07-21T00:00:00Z,10.42
1189,SPXATMIV.U,2023-07-24T00:00:00Z,10.73
1190,SPXATMIV.U,2023-07-25T00:00:00Z,10.86
1191,SPXATMIV.U,2023-07-26T00:00:00Z,10.26
1192,SPXATMIV.U,2023-07-27T00:00:00Z,10.82
1193,SPXATMIV.U,2023-07-28T00:00:00Z,10.51
1194,SPXATMIV.U,2023-07-31T00:00:00Z,10.67
1195,SPXATMIV.U,2023-08-01T00:00:00Z,10.91
1196,SPXATMIV.U,2023-08-02T00:00:00Z,12.55
1197,SPXATMIV.U,2023-08-03T00:00:00Z,12.55
1198,SPXATMIV.U,2023-08-04T00:00:00Z,12.92
1199,SPXATMIV.U,2023-08-07T00:00:00Z,11.91
1200,SPXATMIV.U,2023-08-08T00:00:00Z,12.34
1201,SPXATMIV.U,2023-08-09T00:00:00Z,12.78
1202,SPXATMIV.U,2023-08-10T00:00:00Z,12.77
1203,SPXATMIV.U,2023-08-11T00:00:00Z,12.15
1204,SPXATMIV.U,2023-08-14T00:00:00Z,11.72
1205,SPXATMIV.U,2023-08-15T00:00:00Z,12.94
1206,SPXATMIV.U,2023-08-16T00:00:00Z,13.73
1207,SPXATMIV.U,2023-08-17T00:00:00Z,14.57
1208,SPXATMIV.U,2023-08-18T00:00:00Z,13.85
1209,SPXATMIV.U,2023-08-21T00:00:00Z,13.56
1210,SPXATMIV.U,2023-08-22T00:00:00Z,13.62
1211,SPXATMIV.U,2023-08-23T00:00:00Z,12.71
1212,SPXATMIV.U,2023-08-24T00:00:00Z,13.67
1213,SPXATMIV.U,2023-08-25T00:00:00Z,12.67
1214,SPXATMIV.U,2023-08-28T00:00:00Z,12.41
1215,SPXATMIV.U,2023-08-29T00:00:00Z,11.77
1216,SPXATMIV.U,2023-08-30T00:00:00Z,11.43
1217,SPXATMIV.U,2023-08-31T00:00:00Z,11.09
1218,SPXATMIV.U,2023-09-01T00:00:00Z,10.72
1219,SPXATMIV.U,2023-09-01T00:00:00Z,10.72
1220,SPXATMIV.U,2023-09-05T00:00:00Z,11.47
1221,SPXATMIV.U,2023-09-06T00:00:00Z,11.68
1222,SPXATMIV.U,2023-09-07T00:00:00Z,11.83
1223,SPXATMIV.U,2023-09-08T00:00:00Z,11.38
1224,SPXATMIV.U,2023-09-11T00:00:00Z,11.21
1225,SPXATMIV.U,2023-09-12T00:00:00Z,11.62
1226,SPXATMIV.U,2023-09-13T00:00:00Z,10.84
1227,SPXATMIV.U,2023-09-14T00:00:00Z,10.23
1228,SPXATMIV.U,2023-09-15T00:00:00Z,10.74
1229,SPXATMIV.U,2023-09-18T00:00:00Z,11.18
1230,SPXATMIV.U,2023-09-19T00:00:00Z,11.15
1231,SPXATMIV.U,2023-09-20T00:00:00Z,12.33
1232,SPXATMIV.U,2023-09-21T00:00:00Z,14.22
1233,SPXATMIV.U,2023-09-22T00:00:00Z,13.88
1234,SPXATMIV.U,2023-09-25T00:00:00Z,13.59
1235,SPXATMIV.U,2023-09-26T00:00:00Z,15.55
1236,SPXATMIV.U,2023-09-27T00:00:00Z,14.99
1237,SPXATMIV.U,2023-09-28T00:00:00Z,14.29
1238,SPXATMIV.U,2023-09-29T00:00:00Z,14.32
1239,SPXATMIV.U,2023-10-02T00:00:00Z,14.7
1240,SPXATMIV.U,2023-10-03T00:00:00Z,16.37
1241,SPXATMIV.U,2023-10-04T00:00:00Z,15.35
1242,SPXATMIV.U,2023-10-05T00:00:00Z,15.19
1243,SPXATMIV.U,2023-10-06T00:00:00Z,14.52
1244,SPXATMIV.U,2023-10-09T00:00:00Z,14.51
1245,SPXATMIV.U,2023-10-10T00:00:00Z,13.89
1246,SPXATMIV.U,2023-10-11T00:00:00Z,13.22
1247,SPXATMIV.U,2023-10-12T00:00:00Z,13.43
1248,SPXATMIV.U,2023-10-13T00:00:00Z,14.84
1249,SPXATMIV.U,2023-10-16T00:00:00Z,13.56
1250,SPXATMIV.U,2023-10-17T00:00:00Z,13.99
1251,SPXATMIV.U,2023-10-18T00:00:00Z,15.44
1252,SPXATMIV.U,2023-10-19T00:00:00Z,16.96
1253,SPXATMIV.U,2023-10-20T00:00:00Z,18.77
1254,SPXATMIV.U,2023-10-23T00:00:00Z,16.88
1255,SPXATMIV.U,2023-10-24T00:00:00Z,15.8
1256,SPXATMIV.U,2023-10-25T00:00:00Z,17.12
1257,SPXATMIV.U,2023-10-26T00:00:00Z,17.48
1258,SPXATMIV.U,2023-10-27T00:00:00Z,17.75
1259,SPXATMIV.U,2023-10-30T00:00:00Z,16.87
1260,SPXATMIV.U,2023-10-31T00:00:00Z,15.29
1261,SPXATMIV.U,2023-11-01T00:00:00Z,14.24
1262,SPXATMIV.U,2023-11-02T00:00:00Z,13.56
1263,SPXATMIV.U,2023-11-03T00:00:00Z,12.57
1264,SPXATMIV.U,2023-11-06T00:00:00Z,12.28
1265,SPXATMIV.U,2023-11-07T00:00:00Z,12.19
1266,SPXATMIV.U,2023-11-08T00:00:00Z,11.99
1267,SPXATMIV.U,2023-11-09T00:00:00Z,12.3
1268,SPXATMIV.U,2023-11-10T00:00:00Z,11.82
1269,SPXATMIV.U,2023-11-13T00:00:00Z,12.05
1270,SPXATMIV.U,2023-11-14T00:00:00Z,10.99
1271,SPXATMIV.U,2023-11-15T00:00:00Z,11.33
1272,SPXATMIV.U,2023-11-16T00:00:00Z,11.19
1273,SPXATMIV.U,2023-11-17T00:00:00Z,10.61
1274,SPXATMIV.U,2023-11-20T00:00:00Z,10.28
1275,SPXATMIV.U,2023-11-21T00:00:00Z,10.28
1276,SPXATMIV.U,2023-11-22T00:00:00Z,9.73
1277,SPXATMIV.U,2023-11-22T00:00:00Z,9.73
1278,SPXATMIV.U,2023-11-24T00:00:00Z,9.72
1279,SPXATMIV.U,2023-11-27T00:00:00Z,10.66
1280,SPXATMIV.U,2023-11-28T00:00:00Z,10.21
1281,SPXATMIV.U,2023-11-29T00:00:00Z,10.8
1282,SPXATMIV.U,2023-11-30T00:00:00Z,10.59
1283,SPXATMIV.U,2023-12-01T00:00:00Z,10.75
1284,SPXATMIV.U,2023-12-04T00:00:00Z,11.01
1285,SPXATMIV.U,2023-12-05T00:00:00Z,11.04
1286,SPXATMIV.U,2023-12-06T00:00:00Z,11.1
1287,SPXATMIV.U,2023-12-07T00:00:00Z,10.98
1288,SPXATMIV.U,2023-12-08T00:00:00Z,10.41
1289,SPXATMIV.U,2023-12-11T00:00:00Z,10.27
1290,SPXATMIV.U,2023-12-12T00:00:00Z,9.79
1291,SPXATMIV.U,2023-12-13T00:00:00Z,9.88
1292,SPXATMIV.U,2023-12-14T00:00:00Z,9.6
1293,SPXATMIV.U,2023-12-15T00:00:00Z,9.07
1294,SPXATMIV.U,2023-12-18T00:00:00Z,9.38
1295,SPXATMIV.U,2023-12-19T00:00:00Z,9.95
1296,SPXATMIV.U,2023-12-20T00:00:00Z,10.8
1297,SPXATMIV.U,2023-12-21T00:00:00Z,10.83
1298,SPXATMIV.U,2023-12-22T00:00:00Z,10.31
1299,SPXATMIV.U,2023-12-22T00:00:00Z,10.31
1300,SPXATMIV.U,2023-12-26T00:00:00Z,11.2
1301,SPXATMIV.U,2023-12-27T00:00:00Z,10.63
1302,SPXATMIV.U,2023-12-28T00:00:00Z,10.1
1303,SPXATMIV.U,2023-12-29T00:00:00Z,10.85
1304,SPXATMIV.U,2023-12-29T00:00:00Z,10.85
1305,SPXATMIV.U,2024-01-02T00:00:00Z,10.4
1306,SPXATMIV.U,2024-01-03T00:00:00Z,11.17
1307,SPXATMIV.U,2024-01-04T00:00:00Z,11.43
1308,SPXATMIV.U,2024-01-05T00:00:00Z,10.92
1309,SPXATMIV.U,2024-01-08T00:00:00Z,10.66
1310,SPXATMIV.U,2024-01-09T00:00:00Z,10.14
1311,SPXATMIV.U,2024-01-10T00:00:00Z,10.43
1312,SPXATMIV.U,2024-01-11T00:00:00Z,10.16
1313,SPXATMIV.U,2024-01-12T00:00:00Z,9.77
1314,SPXATMIV.U,2024-01-12T00:00:00Z,9.77
1315,SPXATMIV.U,2024-01-16T00:00:00Z,10.83
1316,SPXATMIV.U,2024-01-17T00:00:00Z,12.66
1317,SPXATMIV.U,2024-01-18T00:00:00Z,11.22
1318,SPXATMIV.U,2024-01-19T00:00:00Z,10.7
1319,SPXATMIV.U,2024-01-22T00:00:00Z,10.47
1320,SPXATMIV.U,2024-01-23T00:00:00Z,10.12
1321,SPXATMIV.U,2024-01-24T00:00:00Z,10.77
1322,SPXATMIV.U,2024-01-25T00:00:00Z,10.76
1323,SPXATMIV.U,2024-01-26T00:00:00Z,10.79
1324,SPXATMIV.U,2024-01-29T00:00:00Z,10.93
1325,SPXATMIV.U,2024-01-30T00:00:00Z,11.28
1326,SPXATMIV.U,2024-01-31T00:00:00Z,11.25
1327,SPXATMIV.U,2024-01-31T00:00:00Z,11.25
1328,SPXATMIV.U,2024-02-02T00:00:00Z,11.0
1329,SPXATMIV.U,2024-02-05T00:00:00Z,11.03
1330,SPXATMIV.U,2024-02-06T00:00:00Z,10.51
1331,SPXATMIV.U,2024-02-07T00:00:00Z,10.58
1332,SPXATMIV.U,2024-02-08T00:00:00Z,10.22
1333,SPXATMIV.U,2024-02-09T00:00:00Z,10.53
1334,SPXATMIV.U,2024-02-12T00:00:00Z,10.99
1335,SPXATMIV.U,2024-02-13T00:00:00Z,11.58
1336,SPXATMIV.U,2024-02-14T00:00:00Z,10.86
1337,SPXATMIV.U,2024-02-15T00:00:00Z,11.09
1338,SPXATMIV.U,2024-02-16T00:00:00Z,11.01
1339,SPXATMIV.U,2024-02-16T00:00:00Z,11.01
1340,SPXATMIV.U,2024-02-20T00:00:00Z,11.53
1341,SPXATMIV.U,2024-02-21T00:00:00Z,11.78
1342,SPXATMIV.U,2024-02-22T00:00:00Z,11.31
1343,SPXATMIV.U,2024-02-23T00:00:00Z,10.75
1344,SPXATMIV.U,2024-02-26T00:00:00Z,10.64
1345,SPXATMIV.U,2024-02-27T00:00:00Z,11.18
1346,SPXATMIV.U,2024-02-28T00:00:00Z,11.0
1347,SPXATMIV.U,2024-02-29T00:00:00Z,10.64
1348,SPXATMIV.U,2024-03-01T00:00:00Z,10.66
1349,SPXATMIV.U,2024-03-04T00:00:00Z,11.14
1350,SPXATMIV.U,2024-03-05T00:00:00Z,11.89
1351,SPXATMIV.U,2024-03-06T00:00:00Z,12.11
1352,SPXATMIV.U,2024-03-07T00:00:00Z,11.95
1353,SPXATMIV.U,2024-03-08T00:00:00Z,12.15
1354,SPXATMIV.U,2024-03-11T00:00:00Z,12.55
1355,SPXATMIV.U,2024-03-12T00:00:00Z,11.44
1356,SPXATMIV.U,2024-03-13T00:00:00Z,11.24
1357,SPXATMIV.U,2024-03-14T00:00:00Z,11.33
1358,SPXATMIV.U,2024-03-15T00:00:00Z,11.5
1359,SPXATMIV.U,2024-03-18T00:00:00Z,11.63
1360,SPXATMIV.U,2024-03-19T00:00:00Z,11.3
1361,SPXATMIV.U,2024-03-20T00:00:00Z,10.87
1362,SPXATMIV.U,2024-03-21T00:00:00Z,10.73
1363,SPXATMIV.U,2024-03-22T00:00:00Z,11.05
1364,SPXATMIV.U,2024-03-25T00:00:00Z,10.8
1365,SPXATMIV.U,2024-03-26T00:00:00Z,10.4
1366,SPXATMIV.U,2024-03-27T00:00:00Z,10.2
1367,SPXATMIV.U,2024-03-28T00:00:00Z,10.98
1368,SPXATMIV.U,2024-03-28T00:00:00Z,10.98
1369,SPXATMIV.U,2024-04-01T00:00:00Z,10.7
1370,SPXATMIV.U,2024-04-02T00:00:00Z,11.83
1371,SPXATMIV.U,2024-04-03T00:00:00Z,11.57
1372,SPXATMIV.U,2024-04-04T00:00:00Z,13.27
1373,SPXATMIV.U,2024-04-05T00:00:00Z,12.52
1374,SPXATMIV.U,2024-04-08T00:00:00Z,12.32
1375,SPXATMIV.U,2024-04-09T00:00:00Z,12.17
1376,SPXATMIV.U,2024-04-10T00:00:00Z,12.86
1377,SPXATMIV.U,2024-04-11T00:00:00Z,12.2
1378,SPXATMIV.U,2024-04-12T00:00:00Z,13.9
1379,SPXATMIV.U,2024-04-15T00:00:00Z,15.32
1380,SPXATMIV.U,2024-04-16T00:00:00Z,15.08
1381,SPXATMIV.U,2024-04-17T00:00:00Z,14.91
1382,SPXATMIV.U,2024-04-18T00:00:00Z,14.82
1383,SPXATMIV.U,2024-04-19T00:00:00Z,15.26
1384,SPXATMIV.U,2024-04-22T00:00:00Z,13.91
1385,SPXATMIV.U,2024-04-23T00:00:00Z,12.92
1386,SPXATMIV.U,2024-04-24T00:00:00Z,13.04
1387,SPXATMIV.U,2024-04-25T00:00:00Z,12.88
1388,SPXATMIV.U,2024-04-26T00:00:00Z,12.24
1389,SPXATMIV.U,2024-04-29T00:00:00Z,12.39
1390,SPXATMIV.U,2024-04-30T00:00:00Z,13.21
1391,SPXATMIV.U,2024-05-01T00:00:00Z,13.26
1392,SPXATMIV.U,2024-05-02T00:00:00Z,12.53
1393,SPXATMIV.U,2024-05-03T00:00:00Z,11.59
1394,SPXATMIV.U,2024-05-06T00:00:00Z,11.59
1395,SPXATMIV.U,2024-05-07T00:00:00Z,11.32
1396,SPXATMIV.U,2024-05-08T00:00:00Z,11.02
1397,SPXATMIV.U,2024-05-09T00:00:00Z,10.73
1398,SPXATMIV.U,2024-05-10T00:00:00Z,10.69
1399,SPXATMIV.U,2024-05-13T00:00:00Z,11.79
1400,SPXATMIV.U,2024-05-14T00:00:00Z,11.1
1401,SPXATMIV.U,2024-05-15T00:00:00Z,9.98
1402,SPXATMIV.U,2024-05-16T00:00:00Z,9.83
1403,SPXATMIV.U,2024-05-17T00:00:00Z,10.11
1404,SPXATMIV.U,2024-05-20T00:00:00Z,10.85
1405,SPXATMIV.U,2024-05-21T00:00:00Z,10.01
1406,SPXATMIV.U,2024-05-22T00:00:00Z,8.89
1407,SPXATMIV.U,2024-05-23T00:00:00Z,10.54
1408,SPXATMIV.U,2024-05-24T00:00:00Z,9.82
1409,SPXATMIV.U,2024-05-24T00:00:00Z,9.82
1410,SPXATMIV.U,2024-05-28T00:00:00Z,10.0
1411,SPXATMIV.U,2024-05-29T00:00:00Z,12.21
1412,SPXATMIV.U,2024-05-30T00:00:00Z,11.78
1413,SPXATMIV.U,2024-05-31T00:00:00Z,9.85
1414,SPXATMIV.U,2024-06-03T00:00:00Z,10.45
1415,SPXATMIV.U,2024-06-04T00:00:00Z,11.09
1416,SPXATMIV.U,2024-06-05T00:00:00Z,10.22
1417,SPXATMIV.U,2024-06-06T00:00:00Z,12.19
1418,SPXATMIV.U,2024-06-07T00:00:00Z,9.55
1419,SPXATMIV.U,2024-06-10T00:00:00Z,10.86
1420,SPXATMIV.U,2024-06-11T00:00:00Z,11.13
1421,SPXATMIV.U,2024-06-12T00:00:00Z,10.98
1422,SPXATMIV.U,2024-06-13T00:00:00Z,11.37
1423,SPXATMIV.U,2024-06-14T00:00:00Z,9.19
1424,SPXATMIV.U,2024-06-17T00:00:00Z,10.16
1425,SPXATMIV.U,2024-06-18T00:00:00Z,10.43
1426,SPXATMIV.U,2024-06-18T00:00:00Z,10.43
1427,SPXATMIV.U,2024-06-20T00:00:00Z,11.65
1428,SPXATMIV.U,2024-06-21T00:00:00Z,9.95
1429,SPXATMIV.U,2024-06-24T00:00:00Z,10.76
1430,SPXATMIV.U,2024-06-25T00:00:00Z,11.35
1431,SPXATMIV.U,2024-06-26T00:00:00Z,10.74
1432,SPXATMIV.U,2024-06-27T00:00:00Z,10.23
1433,SPXATMIV.U,2024-06-28T00:00:00Z,10.42
1434,SPXATMIV.U,2024-07-01T00:00:00Z,9.54
1435,SPXATMIV.U,2024-07-02T00:00:00Z,9.5
1436,SPXATMIV.U,2024-07-03T00:00:00Z,9.51
1437,SPXATMIV.U,2024-07-03T00:00:00Z,9.51
1438,SPXATMIV.U,2024-07-05T00:00:00Z,10.29
1439,SPXATMIV.U,2024-07-08T00:00:00Z,11.33
1440,SPXATMIV.U,2024-07-09T00:00:00Z,10.29
1441,SPXATMIV.U,2024-07-10T00:00:00Z,10.23
1442,SPXATMIV.U,2024-07-11T00:00:00Z,10.45
1443,SPXATMIV.U,2024-07-12T00:00:00Z,9.2
1444,SPXATMIV.U,2024-07-15T00:00:00Z,10.91
1445,SPXATMIV.U,2024-07-16T00:00:00Z,10.54
1446,SPXATMIV.U,2024-07-17T00:00:00Z,10.8
1447,SPXATMIV.U,2024-07-18T00:00:00Z,12.27
1448,SPXATMIV.U,2024-07-19T00:00:00Z,12.33
1449,SPXATMIV.U,2024-07-22T00:00:00Z,12.51
1450,SPXATMIV.U,2024-07-23T00:00:00Z,11.76
1451,SPXATMIV.U,2024-07-24T00:00:00Z,14.94
1452,SPXATMIV.U,2024-07-25T00:00:00Z,14.87
1453,SPXATMIV.U,2024-07-26T00:00:00Z,13.38
1454,SPXATMIV.U,2024-07-26T00:00:00Z,13.38
1455,SPXATMIV.U,2024-07-26T00:00:00Z,13.38
1456,SPXATMIV.U,2024-07-31T00:00:00Z,13.36
1457,SPXATMIV.U,2024-08-01T00:00:00Z,15.06
1458,SPXATMIV.U,2024-08-02T00:00:00Z,18.51
1459,SPXATMIV.U,2024-08-05T00:00:00Z,27.47
1460,SPXATMIV.U,2024-08-06T00:00:00Z,21.12
1461,SPXATMIV.U,2024-08-07T00:00:00Z,21.69
1462,SPXATMIV.U,2024-08-08T00:00:00Z,18.09
1463,SPXATMIV.U,2024-08-09T00:00:00Z,16.81
1464,SPXATMIV.U,2024-08-12T00:00:00Z,16.91
1465,SPXATMIV.U,2024-08-13T00:00:00Z,14.06
1466,SPXATMIV.U,2024-08-14T00:00:00Z,13.48
1467,SPXATMIV.U,2024-08-15T00:00:00Z,12.18
1468,SPXATMIV.U,2024-08-16T00:00:00Z,11.75
1469,SPXATMIV.U,2024-08-19T00:00:00Z,11.36
1470,SPXATMIV.U,2024-08-20T00:00:00Z,13.55
1471,SPXATMIV.U,2024-08-21T00:00:00Z,13.51
1472,SPXATMIV.U,2024-08-22T00:00:00Z,14.59
1473,SPXATMIV.U,2024-08-23T00:00:00Z,12.67
1474,SPXATMIV.U,2024-08-26T00:00:00Z,12.51
1475,SPXATMIV.U,2024-08-27T00:00:00Z,11.35
1476,SPXATMIV.U,2024-08-28T00:00:00Z,13.34
1477,SPXATMIV.U,2024-08-29T00:00:00Z,11.71
1478,SPXATMIV.U,2024-08-30T00:00:00Z,10.87
1479,SPXATMIV.U,2024-08-30T00:00:00Z,10.87
1480,SPXATMIV.U,2024-09-03T00:00:00Z,15.19
1481,SPXATMIV.U,2024-09-04T00:00:00Z,15.9
1482,SPXATMIV.U,2024-09-05T00:00:00Z,14.88
1483,SPXATMIV.U,2024-09-06T00:00:00Z,17.28
1484,SPXATMIV.U,2024-09-09T00:00:00Z,15.5
1485,SPXATMIV.U,2024-09-10T00:00:00Z,15.13
1486,SPXATMIV.U,2024-09-11T00:00:00Z,13.94
1487,SPXATMIV.U,2024-09-12T00:00:00Z,12.72
1488,SPXATMIV.U,2024-09-13T00:00:00Z,12.36
1489,SPXATMIV.U,2024-09-16T00:00:00Z,13.49
1490,SPXATMIV.U,2024-09-17T00:00:00Z,13.31
1491,SPXATMIV.U,2024-09-18T00:00:00Z,13.57
1492,SPXATMIV.U,2024-09-19T00:00:00Z,12.01
1493,SPXATMIV.U,2024-09-20T00:00:00Z,13.42
1494,SPXATMIV.U,2024-09-23T00:00:00Z,12.98
1495,SPXATMIV.U,2024-09-24T00:00:00Z,11.7
1496,SPXATMIV.U,2024-09-25T00:00:00Z,11.82
1497,SPXATMIV.U,2024-09-26T00:00:00Z,12.71
1498,SPXATMIV.U,2024-09-27T00:00:00Z,13.81
1499,SPXATMIV.U,2024-09-30T00:00:00Z,13.48
1500,SPXATMIV.U,2024-10-01T00:00:00Z,15.01
1501,SPXATMIV.U,2024-10-02T00:00:00Z,15.65
1502,SPXATMIV.U,2024-10-03T00:00:00Z,15.85
1503,SPXATMIV.U,2024-10-04T00:00:00Z,14.64
1504,SPXATMIV.U,2024-10-07T00:00:00Z,16.6
1505,SPXATMIV.U,2024-10-08T00:00:00Z,15.55
1506,SPXATMIV.U,2024-10-09T00:00:00Z,14.94
1507,SPXATMIV.U,2024-10-10T00:00:00Z,14.92
1508,SPXATMIV.U,2024-10-11T00:00:00Z,14.62
1509,SPXATMIV.U,2024-10-14T00:00:00Z,14.61
1510,SPXATMIV.U,2024-10-15T00:00:00Z,15.43
1511,SPXATMIV.U,2024-10-16T00:00:00Z,14.04
1512,SPXATMIV.U,2024-10-17T00:00:00Z,14.73
1513,SPXATMIV.U,2024-10-18T00:00:00Z,14.41
1514,SPXATMIV.U,2024-10-21T00:00:00Z,13.7
1515,SPXATMIV.U,2024-10-22T00:00:00Z,13.59
1516,SPXATMIV.U,2024-10-23T00:00:00Z,16.01
1517,SPXATMIV.U,2024-10-24T00:00:00Z,15.48
1518,SPXATMIV.U,2024-10-25T00:00:00Z,15.44
1519,SPXATMIV.U,2024-10-28T00:00:00Z,15.28
1520,SPXATMIV.U,2024-10-29T00:00:00Z,15.84
1521,SPXATMIV.U,2024-10-30T00:00:00Z,15.76
1522,SPXATMIV.U,2024-10-31T00:00:00Z,18.0
1523,SPXATMIV.U,2024-11-01T00:00:00Z,17.63
1524,SPXATMIV.U,2024-11-04T00:00:00Z,17.45
1525,SPXATMIV.U,2024-11-05T00:00:00Z,15.79
1526,SPXATMIV.U,2024-11-06T00:00:00Z,12.51
1527,SPXATMIV.U,2024-11-07T00:00:00Z,11.5
1528,SPXATMIV.U,2024-11-08T00:00:00Z,11.11
1529,SPXATMIV.U,2024-11-11T00:00:00Z,11.7
1530,SPXATMIV.U,2024-11-12T00:00:00Z,11.5
1531,SPXATMIV.U,2024-11-13T00:00:00Z,10.94
1532,SPXATMIV.U,2024-11-14T00:00:00Z,12.73
1533,SPXATMIV.U,2024-11-15T00:00:00Z,14.45
1534,SPXATMIV.U,2024-11-18T00:00:00Z,14.11
1535,SPXATMIV.U,2024-11-19T00:00:00Z,12.09
1536,SPXATMIV.U,2024-11-20T00:00:00Z,14.54
1537,SPXATMIV.U,2024-11-21T00:00:00Z,12.17
1538,SPXATMIV.U,2024-11-22T00:00:00Z,11.6
1539,SPXATMIV.U,2024-11-25T00:00:00Z,10.44
1540,SPXATMIV.U,2024-11-26T00:00:00Z,9.66
1541,SPXATMIV.U,2024-11-27T00:00:00Z,10.68
1542,SPXATMIV.U,2024-11-27T00:00:00Z,10.68
1543,SPXATMIV.U,2024-11-29T00:00:00Z,9.97
1544,SPXATMIV.U,2024-12-02T00:00:00Z,10.24
1545,SPXATMIV.U,2024-12-03T00:00:00Z,11.3
1546,SPXATMIV.U,2024-12-04T00:00:00Z,10.26
1547,SPXATMIV.U,2024-12-05T00:00:00Z,9.88
1548,SPXATMIV.U,2024-12-06T00:00:00Z,10.24
1549,SPXATMIV.U,2024-12-09T00:00:00Z,11.06
1550,SPXATMIV.U,2024-12-10T00:00:00Z,11.02
1551,SPXATMIV.U,2024-12-11T00:00:00Z,10.51
1552,SPXATMIV.U,2024-12-12T00:00:00Z,10.09
1553,SPXATMIV.U,2024-12-13T00:00:00Z,10.28
1554,SPXATMIV.U,2024-12-16T00:00:00Z,10.4
1555,SPXATMIV.U,2024-12-17T00:00:00Z,11.16
1556,SPXATMIV.U,2024-12-18T00:00:00Z,16.41
1557,SPXATMIV.U,2024-12-19T00:00:00Z,18.13
1558,SPXATMIV.U,2024-12-20T00:00:00Z,15.34
1559,SPXATMIV.U,2024-12-23T00:00:00Z,13.41
1560,SPXATMIV.U,2024-12-24T00:00:00Z,10.42
1561,SPXATMIV.U,2024-12-24T00:00:00Z,10.42
1562,SPXATMIV.U,2024-12-26T00:00:00Z,11.56
1563,SPXATMIV.U,2024-12-27T00:00:00Z,12.25
1564,SPXATMIV.U,2024-12-30T00:00:00Z,13.43
1565,SPXATMIV.U,2024-12-31T00:00:00Z,13.83
1566,SPXATMIV.U,2024-12-31T00:00:00Z,13.83
1567,SPXATMIV.U,2025-01-02T00:00:00Z,13.27
1568,SPXATMIV.U,2025-01-03T00:00:00Z,12.72
1569,SPXATMIV.U,2025-01-06T00:00:00Z,11.94
1570,SPXATMIV.U,2025-01-07T00:00:00Z,13.18
1571,SPXATMIV.U,2025-01-08T00:00:00Z,13.21
1572,SPXATMIV.U,2025-01-08T00:00:00Z,13.21
1573,SPXATMIV.U,2025-01-10T00:00:00Z,14.91
1574,SPXATMIV.U,2025-01-13T00:00:00Z,14.46
1575,SPXATMIV.U,2025-01-14T00:00:00Z,15.03
1576,SPXATMIV.U,2025-01-15T00:00:00Z,11.89
1577,SPXATMIV.U,2025-01-16T00:00:00Z,12.3
1578,SPXATMIV.U,2025-01-17T00:00:00Z,13.02
1579,SPXATMIV.U,2025-01-17T00:00:00Z,13.02
1580,SPXATMIV.U,2025-01-21T00:00:00Z,12.53
1581,SPXATMIV.U,2025-01-22T00:00:00Z,11.78
1582,SPXATMIV.U,2025-01-23T00:00:00Z,10.45
1583,SPXATMIV.U,2025-01-24T00:00:00Z,10.42
1584,SPXATMIV.U,2025-01-27T00:00:00Z,13.16
1585,SPXATMIV.U,2025-01-28T00:00:00Z,11.99
1586,SPXATMIV.U,2025-01-29T00:00:00Z,12.44
1587,SPXATMIV.U,2025-01-30T00:00:00Z,12.02
1588,SPXATMIV.U,2025-01-31T00:00:00Z,13.4
1589,SPXATMIV.U,2025-01-31T00:00:00Z,13.4
1590,SPXATMIV.U,2025-02-04T00:00:00Z,12.56
1591,SPXATMIV.U,2025-02-05T00:00:00Z,12.31
1592,SPXATMIV.U,2025-02-06T00:00:00Z,11.57
1593,SPXATMIV.U,2025-02-07T00:00:00Z,12.6
1594,SPXATMIV.U,2025-02-10T00:00:00Z,12.77
1595,SPXATMIV.U,2025-02-11T00:00:00Z,11.9
1596,SPXATMIV.U,2025-02-12T00:00:00Z,12.15
1597,SPXATMIV.U,2025-02-13T00:00:00Z,11.19
1598,SPXATMIV.U,2025-02-14T00:00:00Z,10.74
1599,SPXATMIV.U,2025-02-14T00:00:00Z,10.74
1600,SPXATMIV.U,2025-02-18T00:00:00Z,10.86
1601,SPXATMIV.U,2025-02-19T00:00:00Z,10.32
1602,SPXATMIV.U,2025-02-20T00:00:00Z,11.73
1603,SPXATMIV.U,2025-02-21T00:00:00Z,13.66
1604,SPXATMIV.U,2025-02-24T00:00:00Z,14.58
1605,SPXATMIV.U,2025-02-25T00:00:00Z,15.12
1606,SPXATMIV.U,2025-02-26T00:00:00Z,14.16
1607,SPXATMIV.U,2025-02-27T00:00:00Z,16.61
1608,SPXATMIV.U,2025-02-28T00:00:00Z,15.87
1609,SPXATMIV.U,2025-03-03T00:00:00Z,17.8
1610,SPXATMIV.U,2025-03-04T00:00:00Z,19.2
1611,SPXATMIV.U,2025-03-05T00:00:00Z,17.96
1612,SPXATMIV.U,2025-03-06T00:00:00Z,20.18
1613,SPXATMIV.U,2025-03-07T00:00:00Z,19.44
1614,SPXATMIV.U,2025-03-10T00:00:00Z,22.84
1615,SPXATMIV.U,2025-03-11T00:00:00Z,22.02
1616,SPXATMIV.U,2025-03-12T00:00:00Z,20.13
1617,SPXATMIV.U,2025-03-13T00:00:00Z,21.81
1618,SPXATMIV.U,2025-03-14T00:00:00Z,17.83
1619,SPXATMIV.U,2025-03-17T00:00:00Z,17.3
1620,SPXATMIV.U,2025-03-18T00:00:00Z,18.03
1621,SPXATMIV.U,2025-03-19T00:00:00Z,16.49
1622,SPXATMIV.U,2025-03-20T00:00:00Z,17.12
1623,SPXATMIV.U,2025-03-21T00:00:00Z,16.23
1624,SPXATMIV.U,2025-03-24T00:00:00Z,14.19
1625,SPXATMIV.U,2025-03-25T00:00:00Z,13.97
1626,SPXATMIV.U,2025-03-26T00:00:00Z,14.94
1627,SPXATMIV.U,2025-03-27T00:00:00Z,15.74
1628,SPXATMIV.U,2025-03-28T00:00:00Z,17.97
1629,SPXATMIV.U,2025-03-31T00:00:00Z,17.13
1630,SPXATMIV.U,2025-04-01T00:00:00Z,17.12
1631,SPXATMIV.U,2025-04-02T00:00:00Z,16.32
1632,SPXATMIV.U,2025-04-03T00:00:00Z,24.09
1633,SPXATMIV.U,2025-04-04T00:00:00Z,37.09
1634,SPXATMIV.U,2025-04-07T00:00:00Z,38.89
1635,SPXATMIV.U,2025-04-08T00:00:00Z,42.43
1636,SPXATMIV.U,2025-04-09T00:00:00Z,25.47
1637,SPXATMIV.U,2025-04-10T00:00:00Z,34.25
1638,SPXATMIV.U,2025-04-11T00:00:00Z,31.3
1639,SPXATMIV.U,2025-04-14T00:00:00Z,25.62
1640,SPXATMIV.U,2025-04-15T00:00:00Z,24.12
1641,SPXATMIV.U,2025-04-16T00:00:00Z,27.71
1642,SPXATMIV.U,2025-04-17T00:00:00Z,24.73
1643,SPXATMIV.U,2025-04-17T00:00:00Z,24.73
1644,SPXATMIV.U,2025-04-21T00:00:00Z,28.6
1645,SPXATMIV.U,2025-04-22T00:00:00Z,25.78
1646,SPXATMIV.U,2025-04-23T00:00:00Z,23.78
1647,SPXATMIV.U,2025-04-24T00:00:00Z,21.98
1648,SPXATMIV.U,2025-04-25T00:00:00Z,20.51
1649,SPXATMIV.U,2025-04-28T00:00:00Z,20.66
1650,SPXATMIV.U,2025-04-29T00:00:00Z,19.87
1651,SPXATMIV.U,2025-04-30T00:00:00Z,20.3
1652,SPXATMIV.U,2025-05-01T00:00:00Z,19.79
1653,SPXATMIV.U,2025-05-02T00:00:00Z,17.93
1654,SPXATMIV.U,2025-05-05T00:00:00Z,18.7
1655,SPXATMIV.U,2025-05-06T00:00:00Z,19.92
1656,SPXATMIV.U,2025-05-07T00:00:00Z,18.88
1657,SPXATMIV.U,2025-05-08T00:00:00Z,18.08
1658,SPXATMIV.U,2025-05-09T00:00:00Z,17.82
1659,NDXATMIV.U,2018-12-31T00:00:00Z,29.0
1660,NDXATMIV.U,2019-01-02T00:00:00Z,27.68
1661,NDXATMIV.U,2019-01-03T00:00:00Z,30.13
1662,NDXATMIV.U,2019-01-04T00:00:00Z,26.22
1663,NDXATMIV.U,2019-01-07T00:00:00Z,26.5
1664,NDXATMIV.U,2019-01-08T00:00:00Z,25.39
1665,NDXATMIV.U,2019-01-09T00:00:00Z,24.28
1666,NDXATMIV.U,2019-01-10T00:00:00Z,23.99
1667,NDXATMIV.U,2019-01-11T00:00:00Z,22.85
1668,NDXATMIV.U,2019-01-14T00:00:00Z,23.65
1669,NDXATMIV.U,2019-01-15T00:00:00Z,21.18
1670,NDXATMIV.U,2019-01-16T00:00:00Z,21.29
1671,NDXATMIV.U,2019-01-17T00:00:00Z,20.5
1672,NDXATMIV.U,2019-01-18T00:00:00Z,19.38
1673,NDXATMIV.U,2019-01-18T00:00:00Z,19.38
1674,NDXATMIV.U,2019-01-22T00:00:00Z,22.37
1675,NDXATMIV.U,2019-01-23T00:00:00Z,22.0
1676,NDXATMIV.U,2019-01-24T00:00:00Z,20.61
1677,NDXATMIV.U,2019-01-25T00:00:00Z,19.25
1678,NDXATMIV.U,2019-01-28T00:00:00Z,20.64
1679,NDXATMIV.U,2019-01-29T00:00:00Z,21.21
1680,NDXATMIV.U,2019-01-30T00:00:00Z,18.88
1681,NDXATMIV.U,2019-01-31T00:00:00Z,17.69
1682,NDXATMIV.U,2019-02-01T00:00:00Z,17.41
1683,NDXATMIV.U,2019-02-04T00:00:00Z,17.3
1684,NDXATMIV.U,2019-02-05T00:00:00Z,16.96
1685,NDXATMIV.U,2019-02-06T00:00:00Z,17.31
1686,NDXATMIV.U,2019-02-07T00:00:00Z,18.46
1687,NDXATMIV.U,2019-02-08T00:00:00Z,17.5
1688,NDXATMIV.U,2019-02-11T00:00:00Z,17.76
1689,NDXATMIV.U,2019-02-12T00:00:00Z,16.6
1690,NDXATMIV.U,2019-02-13T00:00:00Z,16.72
1691,NDXATMIV.U,2019-02-14T00:00:00Z,16.8
1692,NDXATMIV.U,2019-02-15T00:00:00Z,15.63
1693,NDXATMIV.U,2019-02-15T00:00:00Z,15.63
1694,NDXATMIV.U,2019-02-19T00:00:00Z,15.95
1695,NDXATMIV.U,2019-02-20T00:00:00Z,15.95
1696,NDXATMIV.U,2019-02-21T00:00:00Z,16.18
1697,NDXATMIV.U,2019-02-22T00:00:00Z,14.81
1698,NDXATMIV.U,2019-02-25T00:00:00Z,15.56
1699,NDXATMIV.U,2019-02-26T00:00:00Z,15.42
1700,NDXATMIV.U,2019-02-27T00:00:00Z,15.14
1701,NDXATMIV.U,2019-02-28T00:00:00Z,15.04
1702,NDXATMIV.U,2019-03-01T00:00:00Z,13.85
1703,NDXATMIV.U,2019-03-04T00:00:00Z,14.82
1704,NDXATMIV.U,2019-03-05T00:00:00Z,14.83
1705,NDXATMIV.U,2019-03-06T00:00:00Z,15.92
1706,NDXATMIV.U,2019-03-07T00:00:00Z,17.4
1707,NDXATMIV.U,2019-03-08T00:00:00Z,16.98
1708,NDXATMIV.U,2019-03-11T00:00:00Z,14.92
1709,NDXATMIV.U,2019-03-12T00:00:00Z,14.32
1710,NDXATMIV.U,2019-03-13T00:00:00Z,14.11
1711,NDXATMIV.U,2019-03-14T00:00:00Z,14.42
1712,NDXATMIV.U,2019-03-15T00:00:00Z,13.87
1713,NDXATMIV.U,2019-03-18T00:00:00Z,14.39
1714,NDXATMIV.U,2019-03-19T00:00:00Z,14.94
1715,NDXATMIV.U,2019-03-20T00:00:00Z,14.91
1716,NDXATMIV.U,2019-03-21T00:00:00Z,14.81
1717,NDXATMIV.U,2019-03-22T00:00:00Z,17.94
1718,NDXATMIV.U,2019-03-25T00:00:00Z,17.55
1719,NDXATMIV.U,2019-03-26T00:00:00Z,16.71
1720,NDXATMIV.U,2019-03-27T00:00:00Z,16.93
1721,NDXATMIV.U,2019-03-28T00:00:00Z,16.23
1722,NDXATMIV.U,2019-03-29T00:00:00Z,14.8
1723,NDXATMIV.U,2019-04-01T00:00:00Z,14.61
1724,NDXATMIV.U,2019-04-02T00:00:00Z,14.53
1725,NDXATMIV.U,2019-04-03T00:00:00Z,14.81
1726,NDXATMIV.U,2019-04-04T00:00:00Z,14.89
1727,NDXATMIV.U,2019-04-05T00:00:00Z,14.3
1728,NDXATMIV.U,2019-04-08T00:00:00Z,14.74
1729,NDXATMIV.U,2019-04-09T00:00:00Z,15.62
1730,NDXATMIV.U,2019-04-10T00:00:00Z,14.73
1731,NDXATMIV.U,2019-04-11T00:00:00Z,14.65
1732,NDXATMIV.U,2019-04-12T00:00:00Z,13.42
1733,NDXATMIV.U,2019-04-15T00:00:00Z,14.13
1734,NDXATMIV.U,2019-04-16T00:00:00Z,14.05
1735,NDXATMIV.U,2019-04-17T00:00:00Z,13.81
1736,NDXATMIV.U,2019-04-18T00:00:00Z,13.34
1737,NDXATMIV.U,2019-04-18T00:00:00Z,13.34
1738,NDXATMIV.U,2019-04-22T00:00:00Z,13.73
1739,NDXATMIV.U,2019-04-23T00:00:00Z,14.11
1740,NDXATMIV.U,2019-04-24T00:00:00Z,15.02
1741,NDXATMIV.U,2019-04-25T00:00:00Z,14.64
1742,NDXATMIV.U,2019-04-26T00:00:00Z,13.81
1743,NDXATMIV.U,2019-04-29T00:00:00Z,14.1
1744,NDXATMIV.U,2019-04-30T00:00:00Z,14.35
1745,NDXATMIV.U,2019-05-01T00:00:00Z,15.28
1746,NDXATMIV.U,2019-05-02T00:00:00Z,15.02
1747,NDXATMIV.U,2019-05-03T00:00:00Z,13.61
1748,NDXATMIV.U,2019-05-06T00:00:00Z,15.91
1749,NDXATMIV.U,2019-05-07T00:00:00Z,19.44
1750,NDXATMIV.U,2019-05-08T00:00:00Z,19.61
1751,NDXATMIV.U,2019-05-09T00:00:00Z,19.3
1752,NDXATMIV.U,2019-05-10T00:00:00Z,16.4
1753,NDXATMIV.U,2019-05-13T00:00:00Z,22.08
1754,NDXATMIV.U,2019-05-14T00:00:00Z,19.75
1755,NDXATMIV.U,2019-05-15T00:00:00Z,17.84
1756,NDXATMIV.U,2019-05-16T00:00:00Z,16.62
1757,NDXATMIV.U,2019-05-17T00:00:00Z,17.51
1758,NDXATMIV.U,2019-05-20T00:00:00Z,19.78
1759,NDXATMIV.U,2019-05-21T00:00:00Z,18.1
1760,NDXATMIV.U,2019-05-22T00:00:00Z,18.3
1761,NDXATMIV.U,2019-05-23T00:00:00Z,19.48
1762,NDXATMIV.U,2019-05-24T00:00:00Z,19.19
1763,NDXATMIV.U,2019-05-24T00:00:00Z,19.19
1764,NDXATMIV.U,2019-05-28T00:00:00Z,20.66
1765,NDXATMIV.U,2019-05-29T00:00:00Z,20.62
1766,NDXATMIV.U,2019-05-30T00:00:00Z,20.23
1767,NDXATMIV.U,2019-05-31T00:00:00Z,21.29
1768,NDXATMIV.U,2019-06-03T00:00:00Z,22.34
1769,NDXATMIV.U,2019-06-04T00:00:00Z,19.54
1770,NDXATMIV.U,2019-06-05T00:00:00Z,18.81
1771,NDXATMIV.U,2019-06-06T00:00:00Z,18.72
1772,NDXATMIV.U,2019-06-07T00:00:00Z,18.13
1773,NDXATMIV.U,2019-06-10T00:00:00Z,17.9
1774,NDXATMIV.U,2019-06-11T00:00:00Z,18.16
1775,NDXATMIV.U,2019-06-12T00:00:00Z,18.42
1776,NDXATMIV.U,2019-06-13T00:00:00Z,18.17
1777,NDXATMIV.U,2019-06-14T00:00:00Z,17.91
1778,NDXATMIV.U,2019-06-17T00:00:00Z,18.09
1779,NDXATMIV.U,2019-06-18T00:00:00Z,17.61
1780,NDXATMIV.U,2019-06-19T00:00:00Z,16.89
1781,NDXATMIV.U,2019-06-20T00:00:00Z,16.76
1782,NDXATMIV.U,2019-06-21T00:00:00Z,17.28
1783,NDXATMIV.U,2019-06-24T00:00:00Z,17.77
1784,NDXATMIV.U,2019-06-25T00:00:00Z,18.94
1785,NDXATMIV.U,2019-06-26T00:00:00Z,18.65
1786,NDXATMIV.U,2019-06-27T00:00:00Z,18.39
1787,NDXATMIV.U,2019-06-28T00:00:00Z,18.08
1788,NDXATMIV.U,2019-07-01T00:00:00Z,15.66
1789,NDXATMIV.U,2019-07-02T00:00:00Z,14.2
1790,NDXATMIV.U,2019-07-03T00:00:00Z,13.75
1791,NDXATMIV.U,2019-07-03T00:00:00Z,13.75
1792,NDXATMIV.U,2019-07-05T00:00:00Z,13.91
1793,NDXATMIV.U,2019-07-08T00:00:00Z,15.33
1794,NDXATMIV.U,2019-07-09T00:00:00Z,15.25
1795,NDXATMIV.U,2019-07-10T00:00:00Z,14.4
1796,NDXATMIV.U,2019-07-11T00:00:00Z,14.72
1797,NDXATMIV.U,2019-07-12T00:00:00Z,14.33
1798,NDXATMIV.U,2019-07-15T00:00:00Z,14.26
1799,NDXATMIV.U,2019-07-16T00:00:00Z,14.59
1800,NDXATMIV.U,2019-07-17T00:00:00Z,15.61
1801,NDXATMIV.U,2019-07-18T00:00:00Z,15.05
1802,NDXATMIV.U,2019-07-19T00:00:00Z,15.57
1803,NDXATMIV.U,2019-07-22T00:00:00Z,15.08
1804,NDXATMIV.U,2019-07-23T00:00:00Z,14.21
1805,NDXATMIV.U,2019-07-24T00:00:00Z,13.83
1806,NDXATMIV.U,2019-07-25T00:00:00Z,14.71
1807,NDXATMIV.U,2019-07-26T00:00:00Z,13.39
1808,NDXATMIV.U,2019-07-29T00:00:00Z,14.25
1809,NDXATMIV.U,2019-07-30T00:00:00Z,15.32
1810,NDXATMIV.U,2019-07-31T00:00:00Z,16.78
1811,NDXATMIV.U,2019-08-01T00:00:00Z,18.72
1812,NDXATMIV.U,2019-08-02T00:00:00Z,19.25
1813,NDXATMIV.U,2019-08-05T00:00:00Z,24.98
1814,NDXATMIV.U,2019-08-06T00:00:00Z,21.74
1815,NDXATMIV.U,2019-08-07T00:00:00Z,21.35
1816,NDXATMIV.U,2019-08-08T00:00:00Z,19.07
1817,NDXATMIV.U,2019-08-09T00:00:00Z,19.58
1818,NDXATMIV.U,2019-08-12T00:00:00Z,22.43
1819,NDXATMIV.U,2019-08-13T00:00:00Z,19.68
1820,NDXATMIV.U,2019-08-14T00:00:00Z,23.79
1821,NDXATMIV.U,2019-08-15T00:00:00Z,22.81
1822,NDXATMIV.U,2019-08-16T00:00:00Z,19.81
1823,NDXATMIV.U,2019-08-19T00:00:00Z,18.19
1824,NDXATMIV.U,2019-08-20T00:00:00Z,19.06
1825,NDXATMIV.U,2019-08-21T00:00:00Z,17.79
1826,NDXATMIV.U,2019-08-22T00:00:00Z,18.66
1827,NDXATMIV.U,2019-08-23T00:00:00Z,21.74
1828,NDXATMIV.U,2019-08-26T00:00:00Z,21.21
1829,NDXATMIV.U,2019-08-27T00:00:00Z,22.02
1830,NDXATMIV.U,2019-08-28T00:00:00Z,21.02
1831,NDXATMIV.U,2019-08-29T00:00:00Z,19.09
1832,NDXATMIV.U,2019-08-30T00:00:00Z,19.99
1833,NDXATMIV.U,2019-08-30T00:00:00Z,19.99
1834,NDXATMIV.U,2019-09-03T00:00:00Z,21.37
1835,NDXATMIV.U,2019-09-04T00:00:00Z,19.36
1836,NDXATMIV.U,2019-09-05T00:00:00Z,17.37
1837,NDXATMIV.U,2019-09-06T00:00:00Z,16.37
1838,NDXATMIV.U,2019-09-09T00:00:00Z,16.89
1839,NDXATMIV.U,2019-09-10T00:00:00Z,17.13
1840,NDXATMIV.U,2019-09-11T00:00:00Z,16.09
1841,NDXATMIV.U,2019-09-12T00:00:00Z,15.54
1842,NDXATMIV.U,2019-09-13T00:00:00Z,15.65
1843,NDXATMIV.U,2019-09-16T00:00:00Z,17.09
1844,NDXATMIV.U,2019-09-17T00:00:00Z,16.56
1845,NDXATMIV.U,2019-09-18T00:00:00Z,16.13
1846,NDXATMIV.U,2019-09-19T00:00:00Z,15.91
1847,NDXATMIV.U,2019-09-20T00:00:00Z,17.27
1848,NDXATMIV.U,2019-09-23T00:00:00Z,16.86
1849,NDXATMIV.U,2019-09-24T00:00:00Z,18.79
1850,NDXATMIV.U,2019-09-25T00:00:00Z,17.0
1851,NDXATMIV.U,2019-09-26T00:00:00Z,17.85
1852,NDXATMIV.U,2019-09-27T00:00:00Z,19.21
1853,NDXATMIV.U,2019-09-30T00:00:00Z,18.26
1854,NDXATMIV.U,2019-10-01T00:00:00Z,19.91
1855,NDXATMIV.U,2019-10-02T00:00:00Z,21.79
1856,NDXATMIV.U,2019-10-03T00:00:00Z,20.7
1857,NDXATMIV.U,2019-10-04T00:00:00Z,18.69
1858,NDXATMIV.U,2019-10-07T00:00:00Z,19.73
1859,NDXATMIV.U,2019-10-08T00:00:00Z,21.57
1860,NDXATMIV.U,2019-10-09T00:00:00Z,20.14
1861,NDXATMIV.U,2019-10-10T00:00:00Z,19.51
1862,NDXATMIV.U,2019-10-11T00:00:00Z,17.2
1863,NDXATMIV.U,2019-10-14T00:00:00Z,17.15
1864,NDXATMIV.U,2019-10-15T00:00:00Z,15.44
1865,NDXATMIV.U,2019-10-16T00:00:00Z,16.06
1866,NDXATMIV.U,2019-10-17T00:00:00Z,15.59
1867,NDXATMIV.U,2019-10-18T00:00:00Z,16.12
1868,NDXATMIV.U,2019-10-21T00:00:00Z,15.45
1869,NDXATMIV.U,2019-10-22T00:00:00Z,16.09
1870,NDXATMIV.U,2019-10-23T00:00:00Z,15.74
1871,NDXATMIV.U,2019-10-24T00:00:00Z,15.01
1872,NDXATMIV.U,2019-10-25T00:00:00Z,13.93
1873,NDXATMIV.U,2019-10-28T00:00:00Z,14.34
1874,NDXATMIV.U,2019-10-29T00:00:00Z,15.23
1875,NDXATMIV.U,2019-10-30T00:00:00Z,14.72
1876,NDXATMIV.U,2019-10-31T00:00:00Z,14.98
1877,NDXATMIV.U,2019-11-01T00:00:00Z,13.85
1878,NDXATMIV.U,2019-11-04T00:00:00Z,14.22
1879,NDXATMIV.U,2019-11-05T00:00:00Z,14.65
1880,NDXATMIV.U,2019-11-06T00:00:00Z,14.26
1881,NDXATMIV.U,2019-11-07T00:00:00Z,14.4
1882,NDXATMIV.U,2019-11-08T00:00:00Z,13.65
1883,NDXATMIV.U,2019-11-11T00:00:00Z,14.22
1884,NDXATMIV.U,2019-11-12T00:00:00Z,14.01
1885,NDXATMIV.U,2019-11-13T00:00:00Z,14.4
1886,NDXATMIV.U,2019-11-14T00:00:00Z,13.98
1887,NDXATMIV.U,2019-11-15T00:00:00Z,12.76
1888,NDXATMIV.U,2019-11-18T00:00:00Z,12.91
1889,NDXATMIV.U,2019-11-19T00:00:00Z,13.05
1890,NDXATMIV.U,2019-11-20T00:00:00Z,13.45
1891,NDXATMIV.U,2019-11-21T00:00:00Z,14.39
1892,NDXATMIV.U,2019-11-22T00:00:00Z,13.75
1893,NDXATMIV.U,2019-11-25T00:00:00Z,13.07
1894,NDXATMIV.U,2019-11-26T00:00:00Z,12.75
1895,NDXATMIV.U,2019-11-27T00:00:00Z,12.77
1896,NDXATMIV.U,2019-11-27T00:00:00Z,12.77
1897,NDXATMIV.U,2019-11-29T00:00:00Z,13.67
1898,NDXATMIV.U,2019-12-02T00:00:00Z,15.56
1899,NDXATMIV.U,2019-12-03T00:00:00Z,16.68
1900,NDXATMIV.U,2019-12-04T00:00:00Z,16.38
1901,NDXATMIV.U,2019-12-05T00:00:00Z,15.92
1902,NDXATMIV.U,2019-12-06T00:00:00Z,14.46
1903,NDXATMIV.U,2019-12-09T00:00:00Z,14.77
1904,NDXATMIV.U,2019-12-10T00:00:00Z,14.72
1905,NDXATMIV.U,2019-12-11T00:00:00Z,14.46
1906,NDXATMIV.U,2019-12-12T00:00:00Z,13.65
1907,NDXATMIV.U,2019-12-13T00:00:00Z,11.94
1908,NDXATMIV.U,2019-12-16T00:00:00Z,10.94
1909,NDXATMIV.U,2019-12-17T00:00:00Z,11.56
1910,NDXATMIV.U,2019-12-18T00:00:00Z,11.76
1911,NDXATMIV.U,2019-12-19T00:00:00Z,11.65
1912,NDXATMIV.U,2019-12-20T00:00:00Z,11.67
1913,NDXATMIV.U,2019-12-23T00:00:00Z,12.28
1914,NDXATMIV.U,2019-12-24T00:00:00Z,12.3
1915,NDXATMIV.U,2019-12-24T00:00:00Z,12.3
1916,NDXATMIV.U,2019-12-26T00:00:00Z,12.56
1917,NDXATMIV.U,2019-12-27T00:00:00Z,13.81
1918,NDXATMIV.U,2019-12-30T00:00:00Z,15.12
1919,NDXATMIV.U,2019-12-31T00:00:00Z,14.22
1920,NDXATMIV.U,2019-12-31T00:00:00Z,14.22
1921,NDXATMIV.U,2020-01-02T00:00:00Z,13.74
1922,NDXATMIV.U,2020-01-03T00:00:00Z,15.02
1923,NDXATMIV.U,2020-01-06T00:00:00Z,14.97
1924,NDXATMIV.U,2020-01-07T00:00:00Z,14.96
1925,NDXATMIV.U,2020-01-08T00:00:00Z,14.62
1926,NDXATMIV.U,2020-01-09T00:00:00Z,13.84
1927,NDXATMIV.U,2020-01-10T00:00:00Z,14.42
1928,NDXATMIV.U,2020-01-13T00:00:00Z,14.39
1929,NDXATMIV.U,2020-01-14T00:00:00Z,14.86
1930,NDXATMIV.U,2020-01-15T00:00:00Z,14.6
1931,NDXATMIV.U,2020-01-16T00:00:00Z,13.7
1932,NDXATMIV.U,2020-01-17T00:00:00Z,13.48
1933,NDXATMIV.U,2020-01-17T00:00:00Z,13.48
1934,NDXATMIV.U,2020-01-21T00:00:00Z,14.44
1935,NDXATMIV.U,2020-01-22T00:00:00Z,14.29
1936,NDXATMIV.U,2020-01-23T00:00:00Z,14.2
1937,NDXATMIV.U,2020-01-24T00:00:00Z,15.91
1938,NDXATMIV.U,2020-01-27T00:00:00Z,18.84
1939,NDXATMIV.U,2020-01-28T00:00:00Z,17.33
1940,NDXATMIV.U,2020-01-29T00:00:00Z,17.19
1941,NDXATMIV.U,2020-01-30T00:00:00Z,16.78
1942,NDXATMIV.U,2020-01-31T00:00:00Z,18.74
1943,NDXATMIV.U,2020-02-03T00:00:00Z,17.69
1944,NDXATMIV.U,2020-02-04T00:00:00Z,15.67
1945,NDXATMIV.U,2020-02-05T00:00:00Z,15.9
1946,NDXATMIV.U,2020-02-06T00:00:00Z,15.71
1947,NDXATMIV.U,2020-02-07T00:00:00Z,16.4
1948,NDXATMIV.U,2020-02-10T00:00:00Z,16.32
1949,NDXATMIV.U,2020-02-11T00:00:00Z,16.65
1950,NDXATMIV.U,2020-02-12T00:00:00Z,14.95
1951,NDXATMIV.U,2020-02-13T00:00:00Z,15.27
1952,NDXATMIV.U,2020-02-14T00:00:00Z,14.87
1953,NDXATMIV.U,2020-02-14T00:00:00Z,14.87
1954,NDXATMIV.U,2020-02-18T00:00:00Z,15.56
1955,NDXATMIV.U,2020-02-19T00:00:00Z,15.47
1956,NDXATMIV.U,2020-02-20T00:00:00Z,16.88
1957,NDXATMIV.U,2020-02-21T00:00:00Z,19.1
1958,NDXATMIV.U,2020-02-24T00:00:00Z,25.15
1959,NDXATMIV.U,2020-02-25T00:00:00Z,27.0
1960,NDXATMIV.U,2020-02-26T00:00:00Z,25.72
1961,NDXATMIV.U,2020-02-27T00:00:00Z,36.05
1962,NDXATMIV.U,2020-02-28T00:00:00Z,38.28
1963,NDXATMIV.U,2020-03-02T00:00:00Z,29.77
1964,NDXATMIV.U,2020-03-03T00:00:00Z,35.08
1965,NDXATMIV.U,2020-03-04T00:00:00Z,28.65
1966,NDXATMIV.U,2020-03-05T00:00:00Z,36.49
1967,NDXATMIV.U,2020-03-06T00:00:00Z,38.64
1968,NDXATMIV.U,2020-03-09T00:00:00Z,49.62
1969,NDXATMIV.U,2020-03-10T00:00:00Z,42.43
1970,NDXATMIV.U,2020-03-11T00:00:00Z,46.68
1971,NDXATMIV.U,2020-03-12T00:00:00Z,61.38
1972,NDXATMIV.U,2020-03-13T00:00:00Z,45.59
1973,NDXATMIV.U,2020-03-16T00:00:00Z,74.86
1974,NDXATMIV.U,2020-03-17T00:00:00Z,65.72
1975,NDXATMIV.U,2020-03-18T00:00:00Z,69.78
1976,NDXATMIV.U,2020-03-19T00:00:00Z,62.3
1977,NDXATMIV.U,2020-03-20T00:00:00Z,57.87
1978,NDXATMIV.U,2020-03-23T00:00:00Z,53.9
1979,NDXATMIV.U,2020-03-24T00:00:00Z,52.54
1980,NDXATMIV.U,2020-03-25T00:00:00Z,55.96
1981,NDXATMIV.U,2020-03-26T00:00:00Z,50.67
1982,NDXATMIV.U,2020-03-27T00:00:00Z,54.9
1983,NDXATMIV.U,2020-03-30T00:00:00Z,48.72
1984,NDXATMIV.U,2020-03-31T00:00:00Z,44.49
1985,NDXATMIV.U,2020-04-01T00:00:00Z,49.27
1986,NDXATMIV.U,2020-04-02T00:00:00Z,44.11
1987,NDXATMIV.U,2020-04-03T00:00:00Z,40.96
1988,NDXATMIV.U,2020-04-06T00:00:00Z,38.13
1989,NDXATMIV.U,2020-04-07T00:00:00Z,39.81
1990,NDXATMIV.U,2020-04-08T00:00:00Z,37.45
1991,NDXATMIV.U,2020-04-09T00:00:00Z,36.69
1992,NDXATMIV.U,2020-04-09T00:00:00Z,36.69
1993,NDXATMIV.U,2020-04-13T00:00:00Z,36.36
1994,NDXATMIV.U,2020-04-14T00:00:00Z,33.83
1995,NDXATMIV.U,2020-04-15T00:00:00Z,36.24
1996,NDXATMIV.U,2020-04-16T00:00:00Z,35.16
1997,NDXATMIV.U,2020-04-17T00:00:00Z,32.97
1998,NDXATMIV.U,2020-04-20T00:00:00Z,38.8
1999,NDXATMIV.U,2020-04-21T00:00:00Z,40.85
2000,NDXATMIV.U,2020-04-22T00:00:00Z,37.09
2001,NDXATMIV.U,2020-04-23T00:00:00Z,36.31
2002,NDXATMIV.U,2020-04-24T00:00:00Z,31.6
2003,NDXATMIV.U,2020-04-27T00:00:00Z,30.43
2004,NDXATMIV.U,2020-04-28T00:00:00Z,32.64
2005,NDXATMIV.U,2020-04-29T00:00:00Z,28.82
2006,NDXATMIV.U,2020-04-30T00:00:00Z,30.17
2007,NDXATMIV.U,2020-05-01T00:00:00Z,32.38
2008,NDXATMIV.U,2020-05-04T00:00:00Z,31.09
2009,NDXATMIV.U,2020-05-05T00:00:00Z,29.76
2010,NDXATMIV.U,2020-05-06T00:00:00Z,29.79
2011,NDXATMIV.U,2020-05-07T00:00:00Z,28.12
2012,NDXATMIV.U,2020-05-08T00:00:00Z,25.39
2013,NDXATMIV.U,2020-05-11T00:00:00Z,24.43
2014,NDXATMIV.U,2020-05-12T00:00:00Z,27.9
2015,NDXATMIV.U,2020-05-13T00:00:00Z,30.69
2016,NDXATMIV.U,2020-05-14T00:00:00Z,28.5
2017,NDXATMIV.U,2020-05-15T00:00:00Z,27.91
2018,NDXATMIV.U,2020-05-18T00:00:00Z,24.9
2019,NDXATMIV.U,2020-05-19T00:00:00Z,25.59
2020,NDXATMIV.U,2020-05-20T00:00:00Z,24.15
2021,NDXATMIV.U,2020-05-21T00:00:00Z,25.78
2022,NDXATMIV.U,2020-05-22T00:00:00Z,24.17
2023,NDXATMIV.U,2020-05-22T00:00:00Z,24.17
2024,NDXATMIV.U,2020-05-26T00:00:00Z,24.41
2025,NDXATMIV.U,2020-05-27T00:00:00Z,24.2
2026,NDXATMIV.U,2020-05-28T00:00:00Z,24.71
2027,NDXATMIV.U,2020-05-29T00:00:00Z,22.91
2028,NDXATMIV.U,2020-06-01T00:00:00Z,24.36
2029,NDXATMIV.U,2020-06-02T00:00:00Z,22.09
2030,NDXATMIV.U,2020-06-03T00:00:00Z,22.14
2031,NDXATMIV.U,2020-06-04T00:00:00Z,22.56
2032,NDXATMIV.U,2020-06-05T00:00:00Z,20.92
2033,NDXATMIV.U,2020-06-08T00:00:00Z,22.46
2034,NDXATMIV.U,2020-06-09T00:00:00Z,24.12
2035,NDXATMIV.U,2020-06-10T00:00:00Z,24.95
2036,NDXATMIV.U,2020-06-11T00:00:00Z,31.61
2037,NDXATMIV.U,2020-06-12T00:00:00Z,29.34
2038,NDXATMIV.U,2020-06-15T00:00:00Z,28.06
2039,NDXATMIV.U,2020-06-16T00:00:00Z,27.16
2040,NDXATMIV.U,2020-06-17T00:00:00Z,27.6
2041,NDXATMIV.U,2020-06-18T00:00:00Z,26.62
2042,NDXATMIV.U,2020-06-19T00:00:00Z,26.99
2043,NDXATMIV.U,2020-06-22T00:00:00Z,26.26
2044,NDXATMIV.U,2020-06-23T00:00:00Z,26.04
2045,NDXATMIV.U,2020-06-24T00:00:00Z,28.37
2046,NDXATMIV.U,2020-06-25T00:00:00Z,26.98
2047,NDXATMIV.U,2020-06-26T00:00:00Z,28.67
2048,NDXATMIV.U,2020-06-29T00:00:00Z,27.3
2049,NDXATMIV.U,2020-06-30T00:00:00Z,25.32
2050,NDXATMIV.U,2020-07-01T00:00:00Z,24.5
2051,NDXATMIV.U,2020-07-02T00:00:00Z,23.96
2052,NDXATMIV.U,2020-07-02T00:00:00Z,23.96
2053,NDXATMIV.U,2020-07-06T00:00:00Z,25.9
2054,NDXATMIV.U,2020-07-07T00:00:00Z,27.05
2055,NDXATMIV.U,2020-07-08T00:00:00Z,26.06
2056,NDXATMIV.U,2020-07-09T00:00:00Z,27.95
2057,NDXATMIV.U,2020-07-10T00:00:00Z,27.02
2058,NDXATMIV.U,2020-07-13T00:00:00Z,33.08
2059,NDXATMIV.U,2020-07-14T00:00:00Z,32.09
2060,NDXATMIV.U,2020-07-15T00:00:00Z,30.53
2061,NDXATMIV.U,2020-07-16T00:00:00Z,29.14
2062,NDXATMIV.U,2020-07-17T00:00:00Z,26.28
2063,NDXATMIV.U,2020-07-20T00:00:00Z,26.45
2064,NDXATMIV.U,2020-07-21T00:00:00Z,26.65
2065,NDXATMIV.U,2020-07-22T00:00:00Z,26.2
2066,NDXATMIV.U,2020-07-23T00:00:00Z,27.64
2067,NDXATMIV.U,2020-07-24T00:00:00Z,27.61
2068,NDXATMIV.U,2020-07-27T00:00:00Z,27.01
2069,NDXATMIV.U,2020-07-28T00:00:00Z,27.55
2070,NDXATMIV.U,2020-07-29T00:00:00Z,25.38
2071,NDXATMIV.U,2020-07-30T00:00:00Z,26.76
2072,NDXATMIV.U,2020-07-31T00:00:00Z,23.29
2073,NDXATMIV.U,2020-08-03T00:00:00Z,24.49
2074,NDXATMIV.U,2020-08-04T00:00:00Z,24.26
2075,NDXATMIV.U,2020-08-05T00:00:00Z,23.41
2076,NDXATMIV.U,2020-08-06T00:00:00Z,23.6
2077,NDXATMIV.U,2020-08-07T00:00:00Z,24.75
2078,NDXATMIV.U,2020-08-10T00:00:00Z,24.42
2079,NDXATMIV.U,2020-08-11T00:00:00Z,26.13
2080,NDXATMIV.U,2020-08-12T00:00:00Z,24.69
2081,NDXATMIV.U,2020-08-13T00:00:00Z,25.09
2082,NDXATMIV.U,2020-08-14T00:00:00Z,24.12
2083,NDXATMIV.U,2020-08-17T00:00:00Z,23.35
2084,NDXATMIV.U,2020-08-18T00:00:00Z,22.33
2085,NDXATMIV.U,2020-08-19T00:00:00Z,23.83
2086,NDXATMIV.U,2020-08-20T00:00:00Z,23.44
2087,NDXATMIV.U,2020-08-21T00:00:00Z,23.74
2088,NDXATMIV.U,2020-08-24T00:00:00Z,24.82
2089,NDXATMIV.U,2020-08-25T00:00:00Z,23.86
2090,NDXATMIV.U,2020-08-26T00:00:00Z,27.49
2091,NDXATMIV.U,2020-08-27T00:00:00Z,29.31
2092,NDXATMIV.U,2020-08-28T00:00:00Z,28.45
2093,NDXATMIV.U,2020-08-31T00:00:00Z,29.94
2094,NDXATMIV.U,2020-09-01T00:00:00Z,30.51
2095,NDXATMIV.U,2020-09-02T00:00:00Z,32.9
2096,NDXATMIV.U,2020-09-03T00:00:00Z,36.65
2097,NDXATMIV.U,2020-09-04T00:00:00Z,36.06
2098,NDXATMIV.U,2020-09-04T00:00:00Z,36.06
2099,NDXATMIV.U,2020-09-08T00:00:00Z,36.74
2100,NDXATMIV.U,2020-09-09T00:00:00Z,33.96
2101,NDXATMIV.U,2020-09-10T00:00:00Z,34.14
2102,NDXATMIV.U,2020-09-11T00:00:00Z,31.2
2103,NDXATMIV.U,2020-09-14T00:00:00Z,29.66
2104,NDXATMIV.U,2020-09-15T00:00:00Z,29.8
2105,NDXATMIV.U,2020-09-16T00:00:00Z,31.13
2106,NDXATMIV.U,2020-09-17T00:00:00Z,32.16
2107,NDXATMIV.U,2020-09-18T00:00:00Z,31.53
2108,NDXATMIV.U,2020-09-21T00:00:00Z,31.98
2109,NDXATMIV.U,2020-09-22T00:00:00Z,30.57
2110,NDXATMIV.U,2020-09-23T00:00:00Z,32.88
2111,NDXATMIV.U,2020-09-24T00:00:00Z,33.05
2112,NDXATMIV.U,2020-09-25T00:00:00Z,30.96
2113,NDXATMIV.U,2020-09-28T00:00:00Z,30.83
2114,NDXATMIV.U,2020-09-29T00:00:00Z,31.12
2115,NDXATMIV.U,2020-09-30T00:00:00Z,30.94
2116,NDXATMIV.U,2020-10-01T00:00:00Z,31.58
2117,NDXATMIV.U,2020-10-02T00:00:00Z,33.28
2118,NDXATMIV.U,2020-10-05T00:00:00Z,31.9
2119,NDXATMIV.U,2020-10-06T00:00:00Z,32.96
2120,NDXATMIV.U,2020-10-07T00:00:00Z,31.91
2121,NDXATMIV.U,2020-10-08T00:00:00Z,31.06
2122,NDXATMIV.U,2020-10-09T00:00:00Z,29.18
2123,NDXATMIV.U,2020-10-12T00:00:00Z,30.53
2124,NDXATMIV.U,2020-10-13T00:00:00Z,31.08
2125,NDXATMIV.U,2020-10-14T00:00:00Z,30.75
2126,NDXATMIV.U,2020-10-15T00:00:00Z,30.96
2127,NDXATMIV.U,2020-10-16T00:00:00Z,31.02
2128,NDXATMIV.U,2020-10-19T00:00:00Z,32.32
2129,NDXATMIV.U,2020-10-20T00:00:00Z,31.3
2130,NDXATMIV.U,2020-10-21T00:00:00Z,31.17
2131,NDXATMIV.U,2020-10-22T00:00:00Z,30.38
2132,NDXATMIV.U,2020-10-23T00:00:00Z,29.62
2133,NDXATMIV.U,2020-10-26T00:00:00Z,33.37
2134,NDXATMIV.U,2020-10-27T00:00:00Z,32.04
2135,NDXATMIV.U,2020-10-28T00:00:00Z,38.43
2136,NDXATMIV.U,2020-10-29T00:00:00Z,34.77
2137,NDXATMIV.U,2020-10-30T00:00:00Z,35.07
2138,NDXATMIV.U,2020-11-02T00:00:00Z,34.16
2139,NDXATMIV.U,2020-11-03T00:00:00Z,31.89
2140,NDXATMIV.U,2020-11-04T00:00:00Z,28.24
2141,NDXATMIV.U,2020-11-05T00:00:00Z,27.95
2142,NDXATMIV.U,2020-11-06T00:00:00Z,25.18
2143,NDXATMIV.U,2020-11-09T00:00:00Z,26.66
2144,NDXATMIV.U,2020-11-10T00:00:00Z,26.76
2145,NDXATMIV.U,2020-11-11T00:00:00Z,25.71
2146,NDXATMIV.U,2020-11-12T00:00:00Z,25.84
2147,NDXATMIV.U,2020-11-13T00:00:00Z,24.31
2148,NDXATMIV.U,2020-11-16T00:00:00Z,22.28
2149,NDXATMIV.U,2020-11-17T00:00:00Z,22.25
2150,NDXATMIV.U,2020-11-18T00:00:00Z,22.6
2151,NDXATMIV.U,2020-11-19T00:00:00Z,21.99
2152,NDXATMIV.U,2020-11-20T00:00:00Z,22.35
2153,NDXATMIV.U,2020-11-23T00:00:00Z,21.49
2154,NDXATMIV.U,2020-11-24T00:00:00Z,21.72
2155,NDXATMIV.U,2020-11-25T00:00:00Z,21.67
2156,NDXATMIV.U,2020-11-25T00:00:00Z,21.67
2157,NDXATMIV.U,2020-11-27T00:00:00Z,21.88
2158,NDXATMIV.U,2020-11-30T00:00:00Z,22.43
2159,NDXATMIV.U,2020-12-01T00:00:00Z,23.27
2160,NDXATMIV.U,2020-12-02T00:00:00Z,23.36
2161,NDXATMIV.U,2020-12-03T00:00:00Z,23.3
2162,NDXATMIV.U,2020-12-04T00:00:00Z,22.42
2163,NDXATMIV.U,2020-12-07T00:00:00Z,22.62
2164,NDXATMIV.U,2020-12-08T00:00:00Z,22.1
2165,NDXATMIV.U,2020-12-09T00:00:00Z,24.33
2166,NDXATMIV.U,2020-12-10T00:00:00Z,24.53
2167,NDXATMIV.U,2020-12-11T00:00:00Z,24.41
2168,NDXATMIV.U,2020-12-14T00:00:00Z,24.35
2169,NDXATMIV.U,2020-12-15T00:00:00Z,23.12
2170,NDXATMIV.U,2020-12-16T00:00:00Z,22.67
2171,NDXATMIV.U,2020-12-17T00:00:00Z,22.72
2172,NDXATMIV.U,2020-12-18T00:00:00Z,22.08
2173,NDXATMIV.U,2020-12-21T00:00:00Z,23.55
2174,NDXATMIV.U,2020-12-22T00:00:00Z,23.09
2175,NDXATMIV.U,2020-12-23T00:00:00Z,22.87
2176,NDXATMIV.U,2020-12-24T00:00:00Z,21.79
2177,NDXATMIV.U,2020-12-24T00:00:00Z,21.79
2178,NDXATMIV.U,2020-12-28T00:00:00Z,21.26
2179,NDXATMIV.U,2020-12-29T00:00:00Z,22.11
2180,NDXATMIV.U,2020-12-30T00:00:00Z,21.91
2181,NDXATMIV.U,2020-12-31T00:00:00Z,22.69
2182,NDXATMIV.U,2020-12-31T00:00:00Z,22.69
2183,NDXATMIV.U,2021-01-04T00:00:00Z,25.12
2184,NDXATMIV.U,2021-01-05T00:00:00Z,23.77
2185,NDXATMIV.U,2021-01-06T00:00:00Z,24.64
2186,NDXATMIV.U,2021-01-07T00:00:00Z,22.38
2187,NDXATMIV.U,2021-01-08T00:00:00Z,23.09
2188,NDXATMIV.U,2021-01-11T00:00:00Z,24.92
2189,NDXATMIV.U,2021-01-12T00:00:00Z,24.06
2190,NDXATMIV.U,2021-01-13T00:00:00Z,23.17
2191,NDXATMIV.U,2021-01-14T00:00:00Z,24.32
2192,NDXATMIV.U,2021-01-15T00:00:00Z,24.32
2193,NDXATMIV.U,2021-01-15T00:00:00Z,24.32
2194,NDXATMIV.U,2021-01-19T00:00:00Z,22.93
2195,NDXATMIV.U,2021-01-20T00:00:00Z,22.15
2196,NDXATMIV.U,2021-01-21T00:00:00Z,22.77
2197,NDXATMIV.U,2021-01-22T00:00:00Z,22.99
2198,NDXATMIV.U,2021-01-25T00:00:00Z,23.51
2199,NDXATMIV.U,2021-01-26T00:00:00Z,25.13
2200,NDXATMIV.U,2021-01-27T00:00:00Z,33.1
2201,NDXATMIV.U,2021-01-28T00:00:00Z,28.65
2202,NDXATMIV.U,2021-01-29T00:00:00Z,30.45
2203,NDXATMIV.U,2021-02-01T00:00:00Z,27.58
2204,NDXATMIV.U,2021-02-02T00:00:00Z,24.08
2205,NDXATMIV.U,2021-02-03T00:00:00Z,24.45
2206,NDXATMIV.U,2021-02-04T00:00:00Z,22.04
2207,NDXATMIV.U,2021-02-05T00:00:00Z,21.4
2208,NDXATMIV.U,2021-02-08T00:00:00Z,20.81
2209,NDXATMIV.U,2021-02-09T00:00:00Z,21.21
2210,NDXATMIV.U,2021-02-10T00:00:00Z,21.77
2211,NDXATMIV.U,2021-02-11T00:00:00Z,21.04
2212,NDXATMIV.U,2021-02-12T00:00:00Z,20.65
2213,NDXATMIV.U,2021-02-12T00:00:00Z,20.65
2214,NDXATMIV.U,2021-02-16T00:00:00Z,22.13
2215,NDXATMIV.U,2021-02-16T00:00:00Z,22.13
2216,NDXATMIV.U,2021-02-16T00:00:00Z,22.13
2217,NDXATMIV.U,2021-02-16T00:00:00Z,22.13
2218,NDXATMIV.U,2021-02-22T00:00:00Z,25.57
2219,NDXATMIV.U,2021-02-23T00:00:00Z,25.86
2220,NDXATMIV.U,2021-02-24T00:00:00Z,24.77
2221,NDXATMIV.U,2021-02-25T00:00:00Z,31.18
2222,NDXATMIV.U,2021-02-26T00:00:00Z,28.99
2223,NDXATMIV.U,2021-03-01T00:00:00Z,24.04
2224,NDXATMIV.U,2021-03-02T00:00:00Z,25.85
2225,NDXATMIV.U,2021-03-03T00:00:00Z,29.4
2226,NDXATMIV.U,2021-03-04T00:00:00Z,30.7
2227,NDXATMIV.U,2021-03-05T00:00:00Z,27.62
2228,NDXATMIV.U,2021-03-08T00:00:00Z,30.35
2229,NDXATMIV.U,2021-03-09T00:00:00Z,28.1
2230,NDXATMIV.U,2021-03-10T00:00:00Z,27.57
2231,NDXATMIV.U,2021-03-11T00:00:00Z,25.76
2232,NDXATMIV.U,2021-03-12T00:00:00Z,26.13
2233,NDXATMIV.U,2021-03-15T00:00:00Z,24.77
2234,NDXATMIV.U,2021-03-16T00:00:00Z,24.86
2235,NDXATMIV.U,2021-03-17T00:00:00Z,23.62
2236,NDXATMIV.U,2021-03-18T00:00:00Z,26.53
2237,NDXATMIV.U,2021-03-19T00:00:00Z,25.17
2238,NDXATMIV.U,2021-03-22T00:00:00Z,22.73
2239,NDXATMIV.U,2021-03-23T00:00:00Z,23.9
2240,NDXATMIV.U,2021-03-24T00:00:00Z,24.95
2241,NDXATMIV.U,2021-03-25T00:00:00Z,24.01
2242,NDXATMIV.U,2021-03-26T00:00:00Z,21.91
2243,NDXATMIV.U,2021-03-29T00:00:00Z,22.87
2244,NDXATMIV.U,2021-03-30T00:00:00Z,22.5
2245,NDXATMIV.U,2021-03-31T00:00:00Z,21.31
2246,NDXATMIV.U,2021-04-01T00:00:00Z,19.91
2247,NDXATMIV.U,2021-04-01T00:00:00Z,19.91
2248,NDXATMIV.U,2021-04-05T00:00:00Z,20.3
2249,NDXATMIV.U,2021-04-06T00:00:00Z,20.27
2250,NDXATMIV.U,2021-04-07T00:00:00Z,19.87
2251,NDXATMIV.U,2021-04-08T00:00:00Z,20.01
2252,NDXATMIV.U,2021-04-09T00:00:00Z,19.65
2253,NDXATMIV.U,2021-04-12T00:00:00Z,20.14
2254,NDXATMIV.U,2021-04-13T00:00:00Z,19.73
2255,NDXATMIV.U,2021-04-14T00:00:00Z,20.15
2256,NDXATMIV.U,2021-04-15T00:00:00Z,18.92
2257,NDXATMIV.U,2021-04-16T00:00:00Z,17.85
2258,NDXATMIV.U,2021-04-19T00:00:00Z,19.38
2259,NDXATMIV.U,2021-04-20T00:00:00Z,20.6
2260,NDXATMIV.U,2021-04-21T00:00:00Z,18.98
2261,NDXATMIV.U,2021-04-22T00:00:00Z,20.29
2262,NDXATMIV.U,2021-04-23T00:00:00Z,18.52
2263,NDXATMIV.U,2021-04-26T00:00:00Z,18.9
2264,NDXATMIV.U,2021-04-27T00:00:00Z,18.89
2265,NDXATMIV.U,2021-04-28T00:00:00Z,18.52
2266,NDXATMIV.U,2021-04-29T00:00:00Z,18.57
2267,NDXATMIV.U,2021-04-30T00:00:00Z,18.81
2268,NDXATMIV.U,2021-05-03T00:00:00Z,19.03
2269,NDXATMIV.U,2021-05-04T00:00:00Z,21.13
2270,NDXATMIV.U,2021-05-05T00:00:00Z,21.09
2271,NDXATMIV.U,2021-05-06T00:00:00Z,19.8
2272,NDXATMIV.U,2021-05-07T00:00:00Z,18.1
2273,NDXATMIV.U,2021-05-10T00:00:00Z,21.48
2274,NDXATMIV.U,2021-05-11T00:00:00Z,22.01
2275,NDXATMIV.U,2021-05-12T00:00:00Z,26.05
2276,NDXATMIV.U,2021-05-13T00:00:00Z,23.18
2277,NDXATMIV.U,2021-05-14T00:00:00Z,20.05
2278,NDXATMIV.U,2021-05-17T00:00:00Z,20.8
2279,NDXATMIV.U,2021-05-18T00:00:00Z,21.39
2280,NDXATMIV.U,2021-05-19T00:00:00Z,21.96
2281,NDXATMIV.U,2021-05-20T00:00:00Z,20.22
2282,NDXATMIV.U,2021-05-21T00:00:00Z,20.01
2283,NDXATMIV.U,2021-05-24T00:00:00Z,18.25
2284,NDXATMIV.U,2021-05-25T00:00:00Z,18.98
2285,NDXATMIV.U,2021-05-26T00:00:00Z,17.91
2286,NDXATMIV.U,2021-05-27T00:00:00Z,17.73
2287,NDXATMIV.U,2021-05-28T00:00:00Z,16.91
2288,NDXATMIV.U,2021-05-28T00:00:00Z,16.91
2289,NDXATMIV.U,2021-06-01T00:00:00Z,17.71
2290,NDXATMIV.U,2021-06-02T00:00:00Z,17.14
2291,NDXATMIV.U,2021-06-03T00:00:00Z,18.22
2292,NDXATMIV.U,2021-06-04T00:00:00Z,16.58
2293,NDXATMIV.U,2021-06-07T00:00:00Z,16.79
2294,NDXATMIV.U,2021-06-08T00:00:00Z,16.98
2295,NDXATMIV.U,2021-06-09T00:00:00Z,17.44
2296,NDXATMIV.U,2021-06-10T00:00:00Z,15.83
2297,NDXATMIV.U,2021-06-11T00:00:00Z,14.58
2298,NDXATMIV.U,2021-06-14T00:00:00Z,15.57
2299,NDXATMIV.U,2021-06-15T00:00:00Z,20.73
2300,NDXATMIV.U,2021-06-16T00:00:00Z,16.63
2301,NDXATMIV.U,2021-06-17T00:00:00Z,15.73
2302,NDXATMIV.U,2021-06-18T00:00:00Z,17.62
2303,NDXATMIV.U,2021-06-21T00:00:00Z,16.27
2304,NDXATMIV.U,2021-06-22T00:00:00Z,15.3
2305,NDXATMIV.U,2021-06-23T00:00:00Z,15.35
2306,NDXATMIV.U,2021-06-24T00:00:00Z,15.53
2307,NDXATMIV.U,2021-06-25T00:00:00Z,17.29
2308,NDXATMIV.U,2021-06-28T00:00:00Z,15.37
2309,NDXATMIV.U,2021-06-29T00:00:00Z,15.91
2310,NDXATMIV.U,2021-06-30T00:00:00Z,15.84
2311,NDXATMIV.U,2021-07-01T00:00:00Z,15.75
2312,NDXATMIV.U,2021-07-02T00:00:00Z,15.15
2313,NDXATMIV.U,2021-07-02T00:00:00Z,15.15
2314,NDXATMIV.U,2021-07-06T00:00:00Z,16.29
2315,NDXATMIV.U,2021-07-07T00:00:00Z,16.48
2316,NDXATMIV.U,2021-07-08T00:00:00Z,18.52
2317,NDXATMIV.U,2021-07-09T00:00:00Z,16.38
2318,NDXATMIV.U,2021-07-12T00:00:00Z,16.28
2319,NDXATMIV.U,2021-07-13T00:00:00Z,17.23
2320,NDXATMIV.U,2021-07-14T00:00:00Z,16.53
2321,NDXATMIV.U,2021-07-15T00:00:00Z,16.49
2322,NDXATMIV.U,2021-07-16T00:00:00Z,17.35
2323,NDXATMIV.U,2021-07-19T00:00:00Z,18.99
2324,NDXATMIV.U,2021-07-20T00:00:00Z,16.88
2325,NDXATMIV.U,2021-07-21T00:00:00Z,15.62
2326,NDXATMIV.U,2021-07-22T00:00:00Z,15.36
2327,NDXATMIV.U,2021-07-23T00:00:00Z,14.47
2328,NDXATMIV.U,2021-07-26T00:00:00Z,15.45
2329,NDXATMIV.U,2021-07-27T00:00:00Z,17.1
2330,NDXATMIV.U,2021-07-28T00:00:00Z,15.93
2331,NDXATMIV.U,2021-07-29T00:00:00Z,15.61
2332,NDXATMIV.U,2021-07-30T00:00:00Z,17.67
2333,NDXATMIV.U,2021-08-02T00:00:00Z,17.9
2334,NDXATMIV.U,2021-08-03T00:00:00Z,15.37
2335,NDXATMIV.U,2021-08-04T00:00:00Z,15.27
2336,NDXATMIV.U,2021-08-05T00:00:00Z,15.11
2337,NDXATMIV.U,2021-08-06T00:00:00Z,14.57
2338,NDXATMIV.U,2021-08-09T00:00:00Z,14.41
2339,NDXATMIV.U,2021-08-10T00:00:00Z,14.83
2340,NDXATMIV.U,2021-08-11T00:00:00Z,15.06
2341,NDXATMIV.U,2021-08-12T00:00:00Z,13.99
2342,NDXATMIV.U,2021-08-13T00:00:00Z,13.05
2343,NDXATMIV.U,2021-08-16T00:00:00Z,13.63
2344,NDXATMIV.U,2021-08-17T00:00:00Z,15.48
2345,NDXATMIV.U,2021-08-18T00:00:00Z,18.05
2346,NDXATMIV.U,2021-08-19T00:00:00Z,17.55
2347,NDXATMIV.U,2021-08-20T00:00:00Z,15.13
2348,NDXATMIV.U,2021-08-23T00:00:00Z,14.19
2349,NDXATMIV.U,2021-08-24T00:00:00Z,14.37
2350,NDXATMIV.U,2021-08-25T00:00:00Z,14.24
2351,NDXATMIV.U,2021-08-26T00:00:00Z,15.56
2352,NDXATMIV.U,2021-08-27T00:00:00Z,13.08
2353,NDXATMIV.U,2021-08-30T00:00:00Z,13.89
2354,NDXATMIV.U,2021-08-31T00:00:00Z,13.93
2355,NDXATMIV.U,2021-09-01T00:00:00Z,14.04
2356,NDXATMIV.U,2021-09-02T00:00:00Z,14.52
2357,NDXATMIV.U,2021-09-03T00:00:00Z,14.11
2358,NDXATMIV.U,2021-09-03T00:00:00Z,14.11
2359,NDXATMIV.U,2021-09-07T00:00:00Z,14.76
2360,NDXATMIV.U,2021-09-08T00:00:00Z,15.08
2361,NDXATMIV.U,2021-09-09T00:00:00Z,15.68
2362,NDXATMIV.U,2021-09-10T00:00:00Z,16.33
2363,NDXATMIV.U,2021-09-13T00:00:00Z,15.58
2364,NDXATMIV.U,2021-09-14T00:00:00Z,15.82
2365,NDXATMIV.U,2021-09-15T00:00:00Z,14.56
2366,NDXATMIV.U,2021-09-16T00:00:00Z,14.57
2367,NDXATMIV.U,2021-09-17T00:00:00Z,16.64
2368,NDXATMIV.U,2021-09-20T00:00:00Z,21.11
2369,NDXATMIV.U,2021-09-21T00:00:00Z,20.47
2370,NDXATMIV.U,2021-09-22T00:00:00Z,17.65
2371,NDXATMIV.U,2021-09-23T00:00:00Z,15.96
2372,NDXATMIV.U,2021-09-24T00:00:00Z,15.65
2373,NDXATMIV.U,2021-09-27T00:00:00Z,16.85
2374,NDXATMIV.U,2021-09-28T00:00:00Z,22.04
2375,NDXATMIV.U,2021-09-29T00:00:00Z,22.14
2376,NDXATMIV.U,2021-09-30T00:00:00Z,22.2
2377,NDXATMIV.U,2021-10-01T00:00:00Z,20.4
2378,NDXATMIV.U,2021-10-04T00:00:00Z,23.08
2379,NDXATMIV.U,2021-10-05T00:00:00Z,20.79
2380,NDXATMIV.U,2021-10-06T00:00:00Z,20.74
2381,NDXATMIV.U,2021-10-07T00:00:00Z,18.73
2382,NDXATMIV.U,2021-10-08T00:00:00Z,18.55
2383,NDXATMIV.U,2021-10-11T00:00:00Z,19.58
2384,NDXATMIV.U,2021-10-12T00:00:00Z,19.26
2385,NDXATMIV.U,2021-10-13T00:00:00Z,17.55
2386,NDXATMIV.U,2021-10-14T00:00:00Z,15.26
2387,NDXATMIV.U,2021-10-15T00:00:00Z,14.67
2388,NDXATMIV.U,2021-10-18T00:00:00Z,14.81
2389,NDXATMIV.U,2021-10-19T00:00:00Z,14.28
2390,NDXATMIV.U,2021-10-20T00:00:00Z,14.53
2391,NDXATMIV.U,2021-10-21T00:00:00Z,14.28
2392,NDXATMIV.U,2021-10-22T00:00:00Z,14.91
2393,NDXATMIV.U,2021-10-25T00:00:00Z,15.01
2394,NDXATMIV.U,2021-10-26T00:00:00Z,15.31
2395,NDXATMIV.U,2021-10-27T00:00:00Z,16.12
2396,NDXATMIV.U,2021-10-28T00:00:00Z,15.63
2397,NDXATMIV.U,2021-10-29T00:00:00Z,15.81
2398,NDXATMIV.U,2021-11-01T00:00:00Z,15.78
2399,NDXATMIV.U,2021-11-02T00:00:00Z,15.68
2400,NDXATMIV.U,2021-11-03T00:00:00Z,15.25
2401,NDXATMIV.U,2021-11-04T00:00:00Z,16.93
2402,NDXATMIV.U,2021-11-05T00:00:00Z,17.67
2403,NDXATMIV.U,2021-11-08T00:00:00Z,17.69
2404,NDXATMIV.U,2021-11-09T00:00:00Z,18.44
2405,NDXATMIV.U,2021-11-10T00:00:00Z,19.02
2406,NDXATMIV.U,2021-11-11T00:00:00Z,17.91
2407,NDXATMIV.U,2021-11-12T00:00:00Z,17.21
2408,NDXATMIV.U,2021-11-15T00:00:00Z,17.35
2409,NDXATMIV.U,2021-11-16T00:00:00Z,16.85
2410,NDXATMIV.U,2021-11-17T00:00:00Z,17.28
2411,NDXATMIV.U,2021-11-18T00:00:00Z,16.96
2412,NDXATMIV.U,2021-11-19T00:00:00Z,16.68
2413,NDXATMIV.U,2021-11-22T00:00:00Z,22.32
2414,NDXATMIV.U,2021-11-23T00:00:00Z,19.24
2415,NDXATMIV.U,2021-11-24T00:00:00Z,18.53
2416,NDXATMIV.U,2021-11-24T00:00:00Z,18.53
2417,NDXATMIV.U,2021-11-26T00:00:00Z,22.93
2418,NDXATMIV.U,2021-11-29T00:00:00Z,19.72
2419,NDXATMIV.U,2021-11-30T00:00:00Z,22.71
2420,NDXATMIV.U,2021-12-01T00:00:00Z,25.51
2421,NDXATMIV.U,2021-12-02T00:00:00Z,23.95
2422,NDXATMIV.U,2021-12-03T00:00:00Z,27.13
2423,NDXATMIV.U,2021-12-06T00:00:00Z,24.54
2424,NDXATMIV.U,2021-12-07T00:00:00Z,20.96
2425,NDXATMIV.U,2021-12-08T00:00:00Z,19.79
2426,NDXATMIV.U,2021-12-09T00:00:00Z,21.2
2427,NDXATMIV.U,2021-12-10T00:00:00Z,19.09
2428,NDXATMIV.U,2021-12-13T00:00:00Z,20.65
2429,NDXATMIV.U,2021-12-14T00:00:00Z,21.77
2430,NDXATMIV.U,2021-12-15T00:00:00Z,19.59
2431,NDXATMIV.U,2021-12-16T00:00:00Z,21.19
2432,NDXATMIV.U,2021-12-17T00:00:00Z,22.17
2433,NDXATMIV.U,2021-12-20T00:00:00Z,23.29
2434,NDXATMIV.U,2021-12-21T00:00:00Z,20.42
2435,NDXATMIV.U,2021-12-22T00:00:00Z,18.19
2436,NDXATMIV.U,2021-12-23T00:00:00Z,17.52
2437,NDXATMIV.U,2021-12-23T00:00:00Z,17.52
2438,NDXATMIV.U,2021-12-27T00:00:00Z,17.55
2439,NDXATMIV.U,2021-12-28T00:00:00Z,17.72
2440,NDXATMIV.U,2021-12-29T00:00:00Z,17.34
2441,NDXATMIV.U,2021-12-30T00:00:00Z,17.75
2442,NDXATMIV.U,2021-12-31T00:00:00Z,17.62
2443,NDXATMIV.U,2022-01-03T00:00:00Z,17.23
2444,NDXATMIV.U,2022-01-04T00:00:00Z,18.16
2445,NDXATMIV.U,2022-01-05T00:00:00Z,21.58
2446,NDXATMIV.U,2022-01-06T00:00:00Z,21.39
2447,NDXATMIV.U,2022-01-07T00:00:00Z,21.64
2448,NDXATMIV.U,2022-01-10T00:00:00Z,21.54
2449,NDXATMIV.U,2022-01-11T00:00:00Z,20.07
2450,NDXATMIV.U,2022-01-12T00:00:00Z,19.61
2451,NDXATMIV.U,2022-01-13T00:00:00Z,23.02
2452,NDXATMIV.U,2022-01-14T00:00:00Z,21.76
2453,NDXATMIV.U,2022-01-14T00:00:00Z,21.76
2454,NDXATMIV.U,2022-01-18T00:00:00Z,25.18
2455,NDXATMIV.U,2022-01-19T00:00:00Z,24.86
2456,NDXATMIV.U,2022-01-20T00:00:00Z,26.61
2457,NDXATMIV.U,2022-01-21T00:00:00Z,30.02
2458,NDXATMIV.U,2022-01-24T00:00:00Z,31.0
2459,NDXATMIV.U,2022-01-25T00:00:00Z,33.13
2460,NDXATMIV.U,2022-01-26T00:00:00Z,32.87
2461,NDXATMIV.U,2022-01-27T00:00:00Z,32.35
2462,NDXATMIV.U,2022-01-28T00:00:00Z,28.75
2463,NDXATMIV.U,2022-01-31T00:00:00Z,25.59
2464,NDXATMIV.U,2022-02-01T00:00:00Z,23.81
2465,NDXATMIV.U,2022-02-02T00:00:00Z,23.59
2466,NDXATMIV.U,2022-02-03T00:00:00Z,28.08
2467,NDXATMIV.U,2022-02-04T00:00:00Z,25.96
2468,NDXATMIV.U,2022-02-07T00:00:00Z,26.01
2469,NDXATMIV.U,2022-02-08T00:00:00Z,24.16
2470,NDXATMIV.U,2022-02-09T00:00:00Z,22.52
2471,NDXATMIV.U,2022-02-10T00:00:00Z,25.78
2472,NDXATMIV.U,2022-02-11T00:00:00Z,29.37
2473,NDXATMIV.U,2022-02-14T00:00:00Z,28.95
2474,NDXATMIV.U,2022-02-15T00:00:00Z,25.72
2475,NDXATMIV.U,2022-02-16T00:00:00Z,24.66
2476,NDXATMIV.U,2022-02-17T00:00:00Z,28.07
2477,NDXATMIV.U,2022-02-18T00:00:00Z,28.49
2478,NDXATMIV.U,2022-02-18T00:00:00Z,28.49
2479,NDXATMIV.U,2022-02-22T00:00:00Z,29.46
2480,NDXATMIV.U,2022-02-23T00:00:00Z,31.84
2481,NDXATMIV.U,2022-02-24T00:00:00Z,29.53
2482,NDXATMIV.U,2022-02-25T00:00:00Z,27.31
2483,NDXATMIV.U,2022-02-28T00:00:00Z,28.64
2484,NDXATMIV.U,2022-03-01T00:00:00Z,31.63
2485,NDXATMIV.U,2022-03-02T00:00:00Z,29.11
2486,NDXATMIV.U,2022-03-03T00:00:00Z,29.8
2487,NDXATMIV.U,2022-03-04T00:00:00Z,31.18
2488,NDXATMIV.U,2022-03-07T00:00:00Z,35.73
2489,NDXATMIV.U,2022-03-08T00:00:00Z,35.15
2490,NDXATMIV.U,2022-03-09T00:00:00Z,32.12
2491,NDXATMIV.U,2022-03-10T00:00:00Z,31.1
2492,NDXATMIV.U,2022-03-11T00:00:00Z,32.37
2493,NDXATMIV.U,2022-03-14T00:00:00Z,34.38
2494,NDXATMIV.U,2022-03-15T00:00:00Z,31.81
2495,NDXATMIV.U,2022-03-16T00:00:00Z,27.45
2496,NDXATMIV.U,2022-03-17T00:00:00Z,25.65
2497,NDXATMIV.U,2022-03-18T00:00:00Z,24.1
2498,NDXATMIV.U,2022-03-21T00:00:00Z,24.91
2499,NDXATMIV.U,2022-03-22T00:00:00Z,23.94
2500,NDXATMIV.U,2022-03-23T00:00:00Z,25.18
2501,NDXATMIV.U,2022-03-24T00:00:00Z,23.96
2502,NDXATMIV.U,2022-03-25T00:00:00Z,23.63
2503,NDXATMIV.U,2022-03-28T00:00:00Z,22.7
2504,NDXATMIV.U,2022-03-29T00:00:00Z,21.93
2505,NDXATMIV.U,2022-03-30T00:00:00Z,22.57
2506,NDXATMIV.U,2022-03-31T00:00:00Z,23.76
2507,NDXATMIV.U,2022-04-01T00:00:00Z,22.17
2508,NDXATMIV.U,2022-04-04T00:00:00Z,21.13
2509,NDXATMIV.U,2022-04-05T00:00:00Z,23.69
2510,NDXATMIV.U,2022-04-06T00:00:00Z,25.21
2511,NDXATMIV.U,2022-04-07T00:00:00Z,25.03
2512,NDXATMIV.U,2022-04-08T00:00:00Z,24.91
2513,NDXATMIV.U,2022-04-11T00:00:00Z,28.25
2514,NDXATMIV.U,2022-04-12T00:00:00Z,27.82
2515,NDXATMIV.U,2022-04-13T00:00:00Z,24.38
2516,NDXATMIV.U,2022-04-14T00:00:00Z,26.43
2517,NDXATMIV.U,2022-04-14T00:00:00Z,26.43
2518,NDXATMIV.U,2022-04-18T00:00:00Z,26.76
2519,NDXATMIV.U,2022-04-19T00:00:00Z,25.04
2520,NDXATMIV.U,2022-04-20T00:00:00Z,25.45
2521,NDXATMIV.U,2022-04-21T00:00:00Z,27.84
2522,NDXATMIV.U,2022-04-22T00:00:00Z,32.11
2523,NDXATMIV.U,2022-04-25T00:00:00Z,30.19
2524,NDXATMIV.U,2022-04-26T00:00:00Z,35.58
2525,NDXATMIV.U,2022-04-27T00:00:00Z,34.27
2526,NDXATMIV.U,2022-04-28T00:00:00Z,30.59
2527,NDXATMIV.U,2022-04-29T00:00:00Z,34.99
2528,NDXATMIV.U,2022-05-02T00:00:00Z,33.57
2529,NDXATMIV.U,2022-05-03T00:00:00Z,32.28
2530,NDXATMIV.U,2022-05-04T00:00:00Z,27.79
2531,NDXATMIV.U,2022-05-05T00:00:00Z,33.53
2532,NDXATMIV.U,2022-05-06T00:00:00Z,33.31
2533,NDXATMIV.U,2022-05-09T00:00:00Z,38.11
2534,NDXATMIV.U,2022-05-10T00:00:00Z,36.47
2535,NDXATMIV.U,2022-05-11T00:00:00Z,37.68
2536,NDXATMIV.U,2022-05-12T00:00:00Z,37.81
2537,NDXATMIV.U,2022-05-13T00:00:00Z,33.87
2538,NDXATMIV.U,2022-05-16T00:00:00Z,33.75
2539,NDXATMIV.U,2022-05-17T00:00:00Z,30.17
2540,NDXATMIV.U,2022-05-18T00:00:00Z,35.48
2541,NDXATMIV.U,2022-05-19T00:00:00Z,32.6
2542,NDXATMIV.U,2022-05-20T00:00:00Z,32.61
2543,NDXATMIV.U,2022-05-23T00:00:00Z,32.26
2544,NDXATMIV.U,2022-05-24T00:00:00Z,33.37
2545,NDXATMIV.U,2022-05-25T00:00:00Z,32.43
2546,NDXATMIV.U,2022-05-26T00:00:00Z,30.68
2547,NDXATMIV.U,2022-05-27T00:00:00Z,29.09
2548,NDXATMIV.U,2022-05-27T00:00:00Z,29.09
2549,NDXATMIV.U,2022-05-31T00:00:00Z,29.78
2550,NDXATMIV.U,2022-06-01T00:00:00Z,29.69
2551,NDXATMIV.U,2022-06-02T00:00:00Z,28.3
2552,NDXATMIV.U,2022-06-03T00:00:00Z,28.98
2553,NDXATMIV.U,2022-06-06T00:00:00Z,29.18
2554,NDXATMIV.U,2022-06-07T00:00:00Z,28.08
2555,NDXATMIV.U,2022-06-08T00:00:00Z,28.1
2556,NDXATMIV.U,2022-06-09T00:00:00Z,30.22
2557,NDXATMIV.U,2022-06-10T00:00:00Z,31.71
2558,NDXATMIV.U,2022-06-13T00:00:00Z,37.93
2559,NDXATMIV.U,2022-06-14T00:00:00Z,35.91
2560,NDXATMIV.U,2022-06-15T00:00:00Z,32.68
2561,NDXATMIV.U,2022-06-16T00:00:00Z,35.7
2562,NDXATMIV.U,2022-06-17T00:00:00Z,33.58
2563,NDXATMIV.U,2022-06-17T00:00:00Z,33.58
2564,NDXATMIV.U,2022-06-21T00:00:00Z,32.87
2565,NDXATMIV.U,2022-06-22T00:00:00Z,32.73
2566,NDXATMIV.U,2022-06-23T00:00:00Z,32.12
2567,NDXATMIV.U,2022-06-24T00:00:00Z,30.31
2568,NDXATMIV.U,2022-06-27T00:00:00Z,30.24
2569,NDXATMIV.U,2022-06-28T00:00:00Z,31.92
2570,NDXATMIV.U,2022-06-29T00:00:00Z,31.69
2571,NDXATMIV.U,2022-06-30T00:00:00Z,32.39
2572,NDXATMIV.U,2022-07-01T00:00:00Z,31.95
2573,NDXATMIV.U,2022-07-01T00:00:00Z,31.95
2574,NDXATMIV.U,2022-07-05T00:00:00Z,35.22
2575,NDXATMIV.U,2022-07-06T00:00:00Z,30.41
2576,NDXATMIV.U,2022-07-07T00:00:00Z,29.27
2577,NDXATMIV.U,2022-07-08T00:00:00Z,28.19
2578,NDXATMIV.U,2022-07-11T00:00:00Z,30.09
2579,NDXATMIV.U,2022-07-12T00:00:00Z,31.11
2580,NDXATMIV.U,2022-07-13T00:00:00Z,31.09
2581,NDXATMIV.U,2022-07-14T00:00:00Z,29.94
2582,NDXATMIV.U,2022-07-15T00:00:00Z,28.27
2583,NDXATMIV.U,2022-07-18T00:00:00Z,29.22
2584,NDXATMIV.U,2022-07-19T00:00:00Z,28.16
2585,NDXATMIV.U,2022-07-20T00:00:00Z,28.23
2586,NDXATMIV.U,2022-07-21T00:00:00Z,26.4
2587,NDXATMIV.U,2022-07-22T00:00:00Z,26.25
2588,NDXATMIV.U,2022-07-25T00:00:00Z,26.27
2589,NDXATMIV.U,2022-07-26T00:00:00Z,27.87
2590,NDXATMIV.U,2022-07-27T00:00:00Z,26.62
2591,NDXATMIV.U,2022-07-28T00:00:00Z,25.83
2592,NDXATMIV.U,2022-07-29T00:00:00Z,24.23
2593,NDXATMIV.U,2022-08-01T00:00:00Z,25.6
2594,NDXATMIV.U,2022-08-02T00:00:00Z,26.54
2595,NDXATMIV.U,2022-08-03T00:00:00Z,24.55
2596,NDXATMIV.U,2022-08-04T00:00:00Z,24.75
2597,NDXATMIV.U,2022-08-05T00:00:00Z,24.2
2598,NDXATMIV.U,2022-08-08T00:00:00Z,24.96
2599,NDXATMIV.U,2022-08-09T00:00:00Z,25.98
2600,NDXATMIV.U,2022-08-10T00:00:00Z,23.32
2601,NDXATMIV.U,2022-08-11T00:00:00Z,23.88
2602,NDXATMIV.U,2022-08-12T00:00:00Z,22.66
2603,NDXATMIV.U,2022-08-15T00:00:00Z,22.52
2604,NDXATMIV.U,2022-08-16T00:00:00Z,22.48
2605,NDXATMIV.U,2022-08-17T00:00:00Z,23.09
2606,NDXATMIV.U,2022-08-18T00:00:00Z,22.24
2607,NDXATMIV.U,2022-08-19T00:00:00Z,23.56
2608,NDXATMIV.U,2022-08-22T00:00:00Z,26.23
2609,NDXATMIV.U,2022-08-23T00:00:00Z,26.5
2610,NDXATMIV.U,2022-08-24T00:00:00Z,25.73
2611,NDXATMIV.U,2022-08-25T00:00:00Z,24.83
2612,NDXATMIV.U,2022-08-26T00:00:00Z,28.36
2613,NDXATMIV.U,2022-08-29T00:00:00Z,29.09
2614,NDXATMIV.U,2022-08-30T00:00:00Z,29.2
2615,NDXATMIV.U,2022-08-31T00:00:00Z,29.4
2616,NDXATMIV.U,2022-09-01T00:00:00Z,30.24
2617,NDXATMIV.U,2022-09-02T00:00:00Z,28.93
2618,NDXATMIV.U,2022-09-02T00:00:00Z,28.93
2619,NDXATMIV.U,2022-09-06T00:00:00Z,30.91
2620,NDXATMIV.U,2022-09-07T00:00:00Z,30.65
2621,NDXATMIV.U,2022-09-07T00:00:00Z,30.65
2622,NDXATMIV.U,2022-09-07T00:00:00Z,30.65
2623,NDXATMIV.U,2022-09-12T00:00:00Z,27.07
2624,NDXATMIV.U,2022-09-12T00:00:00Z,27.07
2625,NDXATMIV.U,2022-09-12T00:00:00Z,27.07
2626,NDXATMIV.U,2022-09-12T00:00:00Z,27.07
2627,NDXATMIV.U,2022-09-12T00:00:00Z,27.07
2628,NDXATMIV.U,2022-09-12T00:00:00Z,27.07
2629,NDXATMIV.U,2022-09-12T00:00:00Z,27.07
2630,NDXATMIV.U,2022-09-21T00:00:00Z,31.92
2631,NDXATMIV.U,2022-09-22T00:00:00Z,31.02
2632,NDXATMIV.U,2022-09-23T00:00:00Z,32.71
2633,NDXATMIV.U,2022-09-26T00:00:00Z,34.87
2634,NDXATMIV.U,2022-09-27T00:00:00Z,35.0
2635,NDXATMIV.U,2022-09-28T00:00:00Z,32.99
2636,NDXATMIV.U,2022-09-29T00:00:00Z,34.52
2637,NDXATMIV.U,2022-09-30T00:00:00Z,34.38
2638,NDXATMIV.U,2022-10-03T00:00:00Z,32.96
2639,NDXATMIV.U,2022-10-04T00:00:00Z,31.3
2640,NDXATMIV.U,2022-10-05T00:00:00Z,31.34
2641,NDXATMIV.U,2022-10-06T00:00:00Z,32.79
2642,NDXATMIV.U,2022-10-07T00:00:00Z,33.97
2643,NDXATMIV.U,2022-10-10T00:00:00Z,35.72
2644,NDXATMIV.U,2022-10-11T00:00:00Z,36.44
2645,NDXATMIV.U,2022-10-12T00:00:00Z,36.39
2646,NDXATMIV.U,2022-10-13T00:00:00Z,35.05
2647,NDXATMIV.U,2022-10-14T00:00:00Z,35.29
2648,NDXATMIV.U,2022-10-17T00:00:00Z,34.75
2649,NDXATMIV.U,2022-10-18T00:00:00Z,34.07
2650,NDXATMIV.U,2022-10-19T00:00:00Z,34.2
2651,NDXATMIV.U,2022-10-20T00:00:00Z,33.69
2652,NDXATMIV.U,2022-10-21T00:00:00Z,33.19
2653,NDXATMIV.U,2022-10-24T00:00:00Z,33.88
2654,NDXATMIV.U,2022-10-25T00:00:00Z,32.28
2655,NDXATMIV.U,2022-10-26T00:00:00Z,32.08
2656,NDXATMIV.U,2022-10-27T00:00:00Z,32.1
2657,NDXATMIV.U,2022-10-28T00:00:00Z,30.64
2658,NDXATMIV.U,2022-10-31T00:00:00Z,30.74
2659,NDXATMIV.U,2022-11-01T00:00:00Z,30.89
2660,NDXATMIV.U,2022-11-02T00:00:00Z,31.02
2661,NDXATMIV.U,2022-11-03T00:00:00Z,30.82
2662,NDXATMIV.U,2022-11-04T00:00:00Z,30.2
2663,NDXATMIV.U,2022-11-07T00:00:00Z,30.04
2664,NDXATMIV.U,2022-11-08T00:00:00Z,30.49
2665,NDXATMIV.U,2022-11-09T00:00:00Z,31.41
2666,NDXATMIV.U,2022-11-10T00:00:00Z,28.69
2667,NDXATMIV.U,2022-11-11T00:00:00Z,27.19
2668,NDXATMIV.U,2022-11-14T00:00:00Z,27.97
2669,NDXATMIV.U,2022-11-15T00:00:00Z,27.7
2670,NDXATMIV.U,2022-11-16T00:00:00Z,27.77
2671,NDXATMIV.U,2022-11-17T00:00:00Z,27.59
2672,NDXATMIV.U,2022-11-18T00:00:00Z,26.99
2673,NDXATMIV.U,2022-11-21T00:00:00Z,26.87
2674,NDXATMIV.U,2022-11-22T00:00:00Z,25.6
2675,NDXATMIV.U,2022-11-23T00:00:00Z,24.77
2676,NDXATMIV.U,2022-11-23T00:00:00Z,24.77
2677,NDXATMIV.U,2022-11-25T00:00:00Z,25.39
2678,NDXATMIV.U,2022-11-28T00:00:00Z,27.21
2679,NDXATMIV.U,2022-11-29T00:00:00Z,27.52
2680,NDXATMIV.U,2022-11-30T00:00:00Z,25.63
2681,NDXATMIV.U,2022-12-01T00:00:00Z,25.29
2682,NDXATMIV.U,2022-12-02T00:00:00Z,24.25
2683,NDXATMIV.U,2022-12-05T00:00:00Z,25.65
2684,NDXATMIV.U,2022-12-06T00:00:00Z,27.33
2685,NDXATMIV.U,2022-12-07T00:00:00Z,27.86
2686,NDXATMIV.U,2022-12-08T00:00:00Z,27.17
2687,NDXATMIV.U,2022-12-09T00:00:00Z,27.22
2688,NDXATMIV.U,2022-12-12T00:00:00Z,28.46
2689,NDXATMIV.U,2022-12-13T00:00:00Z,24.97
2690,NDXATMIV.U,2022-12-14T00:00:00Z,23.21
2691,NDXATMIV.U,2022-12-15T00:00:00Z,24.75
2692,NDXATMIV.U,2022-12-16T00:00:00Z,24.9
2693,NDXATMIV.U,2022-12-16T00:00:00Z,24.9
2694,NDXATMIV.U,2022-12-16T00:00:00Z,24.9
2695,NDXATMIV.U,2022-12-16T00:00:00Z,24.9
2696,NDXATMIV.U,2022-12-16T00:00:00Z,24.9
2697,NDXATMIV.U,2022-12-16T00:00:00Z,24.9
2698,NDXATMIV.U,2022-12-16T00:00:00Z,24.9
2699,NDXATMIV.U,2022-12-16T00:00:00Z,24.9
2700,NDXATMIV.U,2022-12-16T00:00:00Z,24.9
2701,NDXATMIV.U,2022-12-16T00:00:00Z,24.9
2702,NDXATMIV.U,2022-12-16T00:00:00Z,24.9
2703,NDXATMIV.U,2022-12-16T00:00:00Z,24.9
2704,NDXATMIV.U,2022-12-16T00:00:00Z,24.9
2705,NDXATMIV.U,2022-12-16T00:00:00Z,24.9
2706,NDXATMIV.U,2022-12-16T00:00:00Z,24.9
2707,NDXATMIV.U,2022-12-16T00:00:00Z,24.9
2708,NDXATMIV.U,2023-01-09T00:00:00Z,26.52
2709,NDXATMIV.U,2023-01-10T00:00:00Z,25.65
2710,NDXATMIV.U,2023-01-11T00:00:00Z,26.05
2711,NDXATMIV.U,2023-01-12T00:00:00Z,23.37
2712,NDXATMIV.U,2023-01-13T00:00:00Z,22.34
2713,NDXATMIV.U,2023-01-13T00:00:00Z,22.34
2714,NDXATMIV.U,2023-01-17T00:00:00Z,23.08
2715,NDXATMIV.U,2023-01-18T00:00:00Z,23.51
2716,NDXATMIV.U,2023-01-19T00:00:00Z,23.6
2717,NDXATMIV.U,2023-01-20T00:00:00Z,22.56
2718,NDXATMIV.U,2023-01-23T00:00:00Z,22.8
2719,NDXATMIV.U,2023-01-24T00:00:00Z,23.16
2720,NDXATMIV.U,2023-01-25T00:00:00Z,23.14
2721,NDXATMIV.U,2023-01-26T00:00:00Z,23.21
2722,NDXATMIV.U,2023-01-27T00:00:00Z,23.29
2723,NDXATMIV.U,2023-01-30T00:00:00Z,25.29
2724,NDXATMIV.U,2023-01-31T00:00:00Z,24.41
2725,NDXATMIV.U,2023-02-01T00:00:00Z,23.13
2726,NDXATMIV.U,2023-02-02T00:00:00Z,23.39
2727,NDXATMIV.U,2023-02-03T00:00:00Z,23.54
2728,NDXATMIV.U,2023-02-06T00:00:00Z,24.2
2729,NDXATMIV.U,2023-02-07T00:00:00Z,23.71
2730,NDXATMIV.U,2023-02-08T00:00:00Z,24.64
2731,NDXATMIV.U,2023-02-09T00:00:00Z,25.66
2732,NDXATMIV.U,2023-02-10T00:00:00Z,25.12
2733,NDXATMIV.U,2023-02-13T00:00:00Z,24.96
2734,NDXATMIV.U,2023-02-14T00:00:00Z,22.44
2735,NDXATMIV.U,2023-02-15T00:00:00Z,21.64
2736,NDXATMIV.U,2023-02-16T00:00:00Z,23.52
2737,NDXATMIV.U,2023-02-17T00:00:00Z,22.95
2738,NDXATMIV.U,2023-02-17T00:00:00Z,22.95
2739,NDXATMIV.U,2023-02-21T00:00:00Z,25.65
2740,NDXATMIV.U,2023-02-22T00:00:00Z,25.12
2741,NDXATMIV.U,2023-02-23T00:00:00Z,23.95
2742,NDXATMIV.U,2023-02-24T00:00:00Z,24.73
2743,NDXATMIV.U,2023-02-27T00:00:00Z,24.39
2744,NDXATMIV.U,2023-02-28T00:00:00Z,24.08
2745,NDXATMIV.U,2023-03-01T00:00:00Z,24.39
2746,NDXATMIV.U,2023-03-02T00:00:00Z,23.59
2747,NDXATMIV.U,2023-03-03T00:00:00Z,22.42
2748,NDXATMIV.U,2023-03-06T00:00:00Z,22.66
2749,NDXATMIV.U,2023-03-07T00:00:00Z,23.15
2750,NDXATMIV.U,2023-03-08T00:00:00Z,22.57
2751,NDXATMIV.U,2023-03-09T00:00:00Z,24.63
2752,NDXATMIV.U,2023-03-10T00:00:00Z,25.34
2753,NDXATMIV.U,2023-03-13T00:00:00Z,26.92
2754,NDXATMIV.U,2023-03-14T00:00:00Z,23.66
2755,NDXATMIV.U,2023-03-15T00:00:00Z,24.82
2756,NDXATMIV.U,2023-03-16T00:00:00Z,22.84
2757,NDXATMIV.U,2023-03-17T00:00:00Z,25.18
2758,NDXATMIV.U,2023-03-20T00:00:00Z,24.34
2759,NDXATMIV.U,2023-03-21T00:00:00Z,22.88
2760,NDXATMIV.U,2023-03-22T00:00:00Z,24.0
2761,NDXATMIV.U,2023-03-23T00:00:00Z,23.83
2762,NDXATMIV.U,2023-03-24T00:00:00Z,23.06
2763,NDXATMIV.U,2023-03-27T00:00:00Z,22.73
2764,NDXATMIV.U,2023-03-28T00:00:00Z,22.38
2765,NDXATMIV.U,2023-03-29T00:00:00Z,21.34
2766,NDXATMIV.U,2023-03-30T00:00:00Z,21.48
2767,NDXATMIV.U,2023-03-31T00:00:00Z,21.1
2768,NDXATMIV.U,2023-04-03T00:00:00Z,21.01
2769,NDXATMIV.U,2023-04-04T00:00:00Z,21.38
2770,NDXATMIV.U,2023-04-05T00:00:00Z,21.67
2771,NDXATMIV.U,2023-04-06T00:00:00Z,21.07
2772,NDXATMIV.U,2023-04-06T00:00:00Z,21.07
2773,NDXATMIV.U,2023-04-10T00:00:00Z,21.71
2774,NDXATMIV.U,2023-04-11T00:00:00Z,21.97
2775,NDXATMIV.U,2023-04-12T00:00:00Z,21.65
2776,NDXATMIV.U,2023-04-13T00:00:00Z,20.52
2777,NDXATMIV.U,2023-04-14T00:00:00Z,19.75
2778,NDXATMIV.U,2023-04-17T00:00:00Z,19.69
2779,NDXATMIV.U,2023-04-18T00:00:00Z,19.31
2780,NDXATMIV.U,2023-04-19T00:00:00Z,19.13
2781,NDXATMIV.U,2023-04-20T00:00:00Z,19.92
2782,NDXATMIV.U,2023-04-21T00:00:00Z,19.33
2783,NDXATMIV.U,2023-04-24T00:00:00Z,19.97
2784,NDXATMIV.U,2023-04-25T00:00:00Z,21.84
2785,NDXATMIV.U,2023-04-26T00:00:00Z,21.16
2786,NDXATMIV.U,2023-04-27T00:00:00Z,19.22
2787,NDXATMIV.U,2023-04-28T00:00:00Z,18.37
2788,NDXATMIV.U,2023-05-01T00:00:00Z,17.99
2789,NDXATMIV.U,2023-05-02T00:00:00Z,19.29
2790,NDXATMIV.U,2023-05-03T00:00:00Z,19.98
2791,NDXATMIV.U,2023-05-04T00:00:00Z,20.87
2792,NDXATMIV.U,2023-05-05T00:00:00Z,18.24
2793,NDXATMIV.U,2023-05-08T00:00:00Z,18.09
2794,NDXATMIV.U,2023-05-09T00:00:00Z,18.79
2795,NDXATMIV.U,2023-05-10T00:00:00Z,17.71
2796,NDXATMIV.U,2023-05-11T00:00:00Z,17.21
2797,NDXATMIV.U,2023-05-12T00:00:00Z,17.06
2798,NDXATMIV.U,2023-05-15T00:00:00Z,16.87
2799,NDXATMIV.U,2023-05-16T00:00:00Z,17.31
2800,NDXATMIV.U,2023-05-17T00:00:00Z,15.79
2801,NDXATMIV.U,2023-05-18T00:00:00Z,16.62
2802,NDXATMIV.U,2023-05-19T00:00:00Z,16.48
2803,NDXATMIV.U,2023-05-22T00:00:00Z,16.86
2804,NDXATMIV.U,2023-05-23T00:00:00Z,18.05
2805,NDXATMIV.U,2023-05-24T00:00:00Z,18.74
2806,NDXATMIV.U,2023-05-25T00:00:00Z,18.5
2807,NDXATMIV.U,2023-05-26T00:00:00Z,19.72
2808,NDXATMIV.U,2023-05-26T00:00:00Z,19.72
2809,NDXATMIV.U,2023-05-30T00:00:00Z,20.32
2810,NDXATMIV.U,2023-05-31T00:00:00Z,19.8
2811,NDXATMIV.U,2023-06-01T00:00:00Z,18.63
2812,NDXATMIV.U,2023-06-02T00:00:00Z,17.59
2813,NDXATMIV.U,2023-06-05T00:00:00Z,17.84
2814,NDXATMIV.U,2023-06-06T00:00:00Z,16.86
2815,NDXATMIV.U,2023-06-07T00:00:00Z,17.47
2816,NDXATMIV.U,2023-06-08T00:00:00Z,16.73
2817,NDXATMIV.U,2023-06-09T00:00:00Z,17.04
2818,NDXATMIV.U,2023-06-12T00:00:00Z,18.29
2819,NDXATMIV.U,2023-06-13T00:00:00Z,17.86
2820,NDXATMIV.U,2023-06-14T00:00:00Z,17.62
2821,NDXATMIV.U,2023-06-15T00:00:00Z,18.39
2822,NDXATMIV.U,2023-06-16T00:00:00Z,17.9
2823,NDXATMIV.U,2023-06-16T00:00:00Z,17.9
2824,NDXATMIV.U,2023-06-20T00:00:00Z,18.21
2825,NDXATMIV.U,2023-06-21T00:00:00Z,17.32
2826,NDXATMIV.U,2023-06-22T00:00:00Z,17.07
2827,NDXATMIV.U,2023-06-23T00:00:00Z,17.16
2828,NDXATMIV.U,2023-06-26T00:00:00Z,17.72
2829,NDXATMIV.U,2023-06-27T00:00:00Z,17.35
2830,NDXATMIV.U,2023-06-28T00:00:00Z,17.23
2831,NDXATMIV.U,2023-06-29T00:00:00Z,17.47
2832,NDXATMIV.U,2023-06-30T00:00:00Z,16.86
2833,NDXATMIV.U,2023-07-03T00:00:00Z,17.23
2834,NDXATMIV.U,2023-07-03T00:00:00Z,17.23
2835,NDXATMIV.U,2023-07-05T00:00:00Z,17.23
2836,NDXATMIV.U,2023-07-06T00:00:00Z,18.16
2837,NDXATMIV.U,2023-07-07T00:00:00Z,17.62
2838,NDXATMIV.U,2023-07-10T00:00:00Z,18.46
2839,NDXATMIV.U,2023-07-11T00:00:00Z,18.1
2840,NDXATMIV.U,2023-07-12T00:00:00Z,16.84
2841,NDXATMIV.U,2023-07-13T00:00:00Z,17.16
2842,NDXATMIV.U,2023-07-14T00:00:00Z,17.23
2843,NDXATMIV.U,2023-07-17T00:00:00Z,17.07
2844,NDXATMIV.U,2023-07-18T00:00:00Z,17.01
2845,NDXATMIV.U,2023-07-19T00:00:00Z,17.52
2846,NDXATMIV.U,2023-07-20T00:00:00Z,17.86
2847,NDXATMIV.U,2023-07-21T00:00:00Z,17.16
2848,NDXATMIV.U,2023-07-24T00:00:00Z,17.43
2849,NDXATMIV.U,2023-07-25T00:00:00Z,17.58
2850,NDXATMIV.U,2023-07-26T00:00:00Z,16.66
2851,NDXATMIV.U,2023-07-27T00:00:00Z,17.25
2852,NDXATMIV.U,2023-07-28T00:00:00Z,16.6
2853,NDXATMIV.U,2023-07-31T00:00:00Z,16.89
2854,NDXATMIV.U,2023-08-01T00:00:00Z,17.11
2855,NDXATMIV.U,2023-08-02T00:00:00Z,18.68
2856,NDXATMIV.U,2023-08-03T00:00:00Z,18.93
2857,NDXATMIV.U,2023-08-04T00:00:00Z,18.82
2858,NDXATMIV.U,2023-08-07T00:00:00Z,17.86
2859,NDXATMIV.U,2023-08-08T00:00:00Z,18.14
2860,NDXATMIV.U,2023-08-09T00:00:00Z,18.91
2861,NDXATMIV.U,2023-08-10T00:00:00Z,18.05
2862,NDXATMIV.U,2023-08-11T00:00:00Z,17.62
2863,NDXATMIV.U,2023-08-14T00:00:00Z,17.35
2864,NDXATMIV.U,2023-08-15T00:00:00Z,18.4
2865,NDXATMIV.U,2023-08-16T00:00:00Z,18.75
2866,NDXATMIV.U,2023-08-17T00:00:00Z,19.64
2867,NDXATMIV.U,2023-08-18T00:00:00Z,19.01
2868,NDXATMIV.U,2023-08-21T00:00:00Z,18.64
2869,NDXATMIV.U,2023-08-22T00:00:00Z,18.87
2870,NDXATMIV.U,2023-08-23T00:00:00Z,18.72
2871,NDXATMIV.U,2023-08-24T00:00:00Z,19.77
2872,NDXATMIV.U,2023-08-25T00:00:00Z,18.44
2873,NDXATMIV.U,2023-08-28T00:00:00Z,18.01
2874,NDXATMIV.U,2023-08-29T00:00:00Z,17.25
2875,NDXATMIV.U,2023-08-30T00:00:00Z,16.74
2876,NDXATMIV.U,2023-08-31T00:00:00Z,16.41
2877,NDXATMIV.U,2023-09-01T00:00:00Z,15.88
2878,NDXATMIV.U,2023-09-01T00:00:00Z,15.88
2879,NDXATMIV.U,2023-09-05T00:00:00Z,16.68
2880,NDXATMIV.U,2023-09-06T00:00:00Z,16.74
2881,NDXATMIV.U,2023-09-07T00:00:00Z,17.07
2882,NDXATMIV.U,2023-09-08T00:00:00Z,16.26
2883,NDXATMIV.U,2023-09-11T00:00:00Z,16.06
2884,NDXATMIV.U,2023-09-12T00:00:00Z,16.53
2885,NDXATMIV.U,2023-09-13T00:00:00Z,15.76
2886,NDXATMIV.U,2023-09-14T00:00:00Z,14.69
2887,NDXATMIV.U,2023-09-15T00:00:00Z,16.11
2888,NDXATMIV.U,2023-09-18T00:00:00Z,16.09
2889,NDXATMIV.U,2023-09-19T00:00:00Z,16.3
2890,NDXATMIV.U,2023-09-20T00:00:00Z,17.69
2891,NDXATMIV.U,2023-09-21T00:00:00Z,19.18
2892,NDXATMIV.U,2023-09-22T00:00:00Z,18.72
2893,NDXATMIV.U,2023-09-25T00:00:00Z,18.65
2894,NDXATMIV.U,2023-09-26T00:00:00Z,20.28
2895,NDXATMIV.U,2023-09-27T00:00:00Z,19.84
2896,NDXATMIV.U,2023-09-28T00:00:00Z,19.06
2897,NDXATMIV.U,2023-09-29T00:00:00Z,19.22
2898,NDXATMIV.U,2023-10-02T00:00:00Z,19.14
2899,NDXATMIV.U,2023-10-03T00:00:00Z,21.41
2900,NDXATMIV.U,2023-10-04T00:00:00Z,20.28
2901,NDXATMIV.U,2023-10-05T00:00:00Z,20.31
2902,NDXATMIV.U,2023-10-06T00:00:00Z,19.09
2903,NDXATMIV.U,2023-10-09T00:00:00Z,19.44
2904,NDXATMIV.U,2023-10-10T00:00:00Z,18.58
2905,NDXATMIV.U,2023-10-11T00:00:00Z,17.55
2906,NDXATMIV.U,2023-10-12T00:00:00Z,22.54
2907,NDXATMIV.U,2023-10-13T00:00:00Z,24.29
2908,NDXATMIV.U,2023-10-16T00:00:00Z,17.94
2909,NDXATMIV.U,2023-10-17T00:00:00Z,23.23
2910,NDXATMIV.U,2023-10-18T00:00:00Z,19.81
2911,NDXATMIV.U,2023-10-19T00:00:00Z,21.16
2912,NDXATMIV.U,2023-10-20T00:00:00Z,21.93
2913,NDXATMIV.U,2023-10-23T00:00:00Z,21.53
2914,NDXATMIV.U,2023-10-24T00:00:00Z,20.12
2915,NDXATMIV.U,2023-10-25T00:00:00Z,22.06
2916,NDXATMIV.U,2023-10-26T00:00:00Z,22.78
2917,NDXATMIV.U,2023-10-27T00:00:00Z,22.35
2918,NDXATMIV.U,2023-10-30T00:00:00Z,22.13
2919,NDXATMIV.U,2023-10-31T00:00:00Z,20.15
2920,NDXATMIV.U,2023-11-01T00:00:00Z,18.55
2921,NDXATMIV.U,2023-11-02T00:00:00Z,17.95
2922,NDXATMIV.U,2023-11-03T00:00:00Z,16.98
2923,NDXATMIV.U,2023-11-06T00:00:00Z,16.65
2924,NDXATMIV.U,2023-11-07T00:00:00Z,16.34
2925,NDXATMIV.U,2023-11-08T00:00:00Z,16.03
2926,NDXATMIV.U,2023-11-09T00:00:00Z,16.79
2927,NDXATMIV.U,2023-11-10T00:00:00Z,15.84
2928,NDXATMIV.U,2023-11-13T00:00:00Z,15.69
2929,NDXATMIV.U,2023-11-14T00:00:00Z,15.77
2930,NDXATMIV.U,2023-11-15T00:00:00Z,15.57
2931,NDXATMIV.U,2023-11-16T00:00:00Z,15.62
2932,NDXATMIV.U,2023-11-17T00:00:00Z,15.47
2933,NDXATMIV.U,2023-11-20T00:00:00Z,15.29
2934,NDXATMIV.U,2023-11-21T00:00:00Z,15.67
2935,NDXATMIV.U,2023-11-22T00:00:00Z,14.55
2936,NDXATMIV.U,2023-11-22T00:00:00Z,14.55
2937,NDXATMIV.U,2023-11-24T00:00:00Z,14.49
2938,NDXATMIV.U,2023-11-27T00:00:00Z,14.78
2939,NDXATMIV.U,2023-11-28T00:00:00Z,14.54
2940,NDXATMIV.U,2023-11-29T00:00:00Z,14.95
2941,NDXATMIV.U,2023-11-30T00:00:00Z,15.12
2942,NDXATMIV.U,2023-12-01T00:00:00Z,14.99
2943,NDXATMIV.U,2023-12-04T00:00:00Z,15.66
2944,NDXATMIV.U,2023-12-05T00:00:00Z,15.48
2945,NDXATMIV.U,2023-12-06T00:00:00Z,15.74
2946,NDXATMIV.U,2023-12-07T00:00:00Z,15.61
2947,NDXATMIV.U,2023-12-08T00:00:00Z,14.55
2948,NDXATMIV.U,2023-12-11T00:00:00Z,14.65
2949,NDXATMIV.U,2023-12-12T00:00:00Z,13.61
2950,NDXATMIV.U,2023-12-13T00:00:00Z,13.16
2951,NDXATMIV.U,2023-12-14T00:00:00Z,13.34
2952,NDXATMIV.U,2023-12-15T00:00:00Z,13.27
2953,NDXATMIV.U,2023-12-18T00:00:00Z,13.44
2954,NDXATMIV.U,2023-12-19T00:00:00Z,13.75
2955,NDXATMIV.U,2023-12-20T00:00:00Z,14.44
2956,NDXATMIV.U,2023-12-21T00:00:00Z,15.05
2957,NDXATMIV.U,2023-12-22T00:00:00Z,14.54
2958,NDXATMIV.U,2023-12-22T00:00:00Z,14.54
2959,NDXATMIV.U,2023-12-26T00:00:00Z,14.82
2960,NDXATMIV.U,2023-12-27T00:00:00Z,13.65
2961,NDXATMIV.U,2023-12-28T00:00:00Z,14.26
2962,NDXATMIV.U,2023-12-29T00:00:00Z,14.42
2963,NDXATMIV.U,2023-12-29T00:00:00Z,14.42
2964,NDXATMIV.U,2024-01-02T00:00:00Z,15.37
2965,NDXATMIV.U,2024-01-03T00:00:00Z,15.78
2966,NDXATMIV.U,2024-01-04T00:00:00Z,15.94
2967,NDXATMIV.U,2024-01-05T00:00:00Z,15.36
2968,NDXATMIV.U,2024-01-08T00:00:00Z,15.22
2969,NDXATMIV.U,2024-01-09T00:00:00Z,14.88
2970,NDXATMIV.U,2024-01-10T00:00:00Z,15.22
2971,NDXATMIV.U,2024-01-11T00:00:00Z,14.69
2972,NDXATMIV.U,2024-01-12T00:00:00Z,14.46
2973,NDXATMIV.U,2024-01-12T00:00:00Z,14.46
2974,NDXATMIV.U,2024-01-16T00:00:00Z,15.58
2975,NDXATMIV.U,2024-01-17T00:00:00Z,16.12
2976,NDXATMIV.U,2024-01-18T00:00:00Z,15.94
2977,NDXATMIV.U,2024-01-19T00:00:00Z,15.83
2978,NDXATMIV.U,2024-01-22T00:00:00Z,15.54
2979,NDXATMIV.U,2024-01-23T00:00:00Z,15.16
2980,NDXATMIV.U,2024-01-24T00:00:00Z,15.36
2981,NDXATMIV.U,2024-01-25T00:00:00Z,17.89
2982,NDXATMIV.U,2024-01-26T00:00:00Z,15.7
2983,NDXATMIV.U,2024-01-29T00:00:00Z,18.09
2984,NDXATMIV.U,2024-01-30T00:00:00Z,16.22
2985,NDXATMIV.U,2024-01-31T00:00:00Z,16.59
2986,NDXATMIV.U,2024-01-31T00:00:00Z,16.59
2987,NDXATMIV.U,2024-02-02T00:00:00Z,15.66
2988,NDXATMIV.U,2024-02-05T00:00:00Z,15.9
2989,NDXATMIV.U,2024-02-06T00:00:00Z,15.68
2990,NDXATMIV.U,2024-02-07T00:00:00Z,15.42
2991,NDXATMIV.U,2024-02-08T00:00:00Z,15.31
2992,NDXATMIV.U,2024-02-09T00:00:00Z,15.29
2993,NDXATMIV.U,2024-02-12T00:00:00Z,16.1
2994,NDXATMIV.U,2024-02-13T00:00:00Z,16.65
2995,NDXATMIV.U,2024-02-14T00:00:00Z,15.93
2996,NDXATMIV.U,2024-02-15T00:00:00Z,16.04
2997,NDXATMIV.U,2024-02-16T00:00:00Z,16.47
2998,NDXATMIV.U,2024-02-16T00:00:00Z,16.47
2999,NDXATMIV.U,2024-02-20T00:00:00Z,17.8
3000,NDXATMIV.U,2024-02-21T00:00:00Z,17.63
3001,NDXATMIV.U,2024-02-22T00:00:00Z,16.42
3002,NDXATMIV.U,2024-02-23T00:00:00Z,15.6
3003,NDXATMIV.U,2024-02-26T00:00:00Z,15.81
3004,NDXATMIV.U,2024-02-27T00:00:00Z,15.53
3005,NDXATMIV.U,2024-02-28T00:00:00Z,15.72
3006,NDXATMIV.U,2024-02-29T00:00:00Z,15.3
3007,NDXATMIV.U,2024-03-01T00:00:00Z,15.22
3008,NDXATMIV.U,2024-03-04T00:00:00Z,15.82
3009,NDXATMIV.U,2024-03-05T00:00:00Z,16.63
3010,NDXATMIV.U,2024-03-06T00:00:00Z,16.7
3011,NDXATMIV.U,2024-03-07T00:00:00Z,16.91
3012,NDXATMIV.U,2024-03-08T00:00:00Z,17.13
3013,NDXATMIV.U,2024-03-11T00:00:00Z,17.34
3014,NDXATMIV.U,2024-03-12T00:00:00Z,16.07
3015,NDXATMIV.U,2024-03-13T00:00:00Z,15.9
3016,NDXATMIV.U,2024-03-14T00:00:00Z,16.26
3017,NDXATMIV.U,2024-03-15T00:00:00Z,17.25
3018,NDXATMIV.U,2024-03-18T00:00:00Z,16.98
3019,NDXATMIV.U,2024-03-19T00:00:00Z,16.47
3020,NDXATMIV.U,2024-03-20T00:00:00Z,15.57
3021,NDXATMIV.U,2024-03-21T00:00:00Z,15.48
3022,NDXATMIV.U,2024-03-22T00:00:00Z,14.97
3023,NDXATMIV.U,2024-03-25T00:00:00Z,15.37
3024,NDXATMIV.U,2024-03-26T00:00:00Z,15.22
3025,NDXATMIV.U,2024-03-27T00:00:00Z,14.84
3026,NDXATMIV.U,2024-03-28T00:00:00Z,15.03
3027,NDXATMIV.U,2024-03-28T00:00:00Z,15.03
3028,NDXATMIV.U,2024-04-01T00:00:00Z,15.95
3029,NDXATMIV.U,2024-04-02T00:00:00Z,16.27
3030,NDXATMIV.U,2024-04-03T00:00:00Z,16.14
3031,NDXATMIV.U,2024-04-04T00:00:00Z,17.88
3032,NDXATMIV.U,2024-04-05T00:00:00Z,17.1
3033,NDXATMIV.U,2024-04-08T00:00:00Z,16.7
3034,NDXATMIV.U,2024-04-09T00:00:00Z,16.56
3035,NDXATMIV.U,2024-04-10T00:00:00Z,16.97
3036,NDXATMIV.U,2024-04-11T00:00:00Z,16.28
3037,NDXATMIV.U,2024-04-12T00:00:00Z,17.78
3038,NDXATMIV.U,2024-04-15T00:00:00Z,19.72
3039,NDXATMIV.U,2024-04-16T00:00:00Z,19.1
3040,NDXATMIV.U,2024-04-17T00:00:00Z,19.45
3041,NDXATMIV.U,2024-04-18T00:00:00Z,19.34
3042,NDXATMIV.U,2024-04-19T00:00:00Z,20.17
3043,NDXATMIV.U,2024-04-22T00:00:00Z,19.14
3044,NDXATMIV.U,2024-04-23T00:00:00Z,17.7
3045,NDXATMIV.U,2024-04-24T00:00:00Z,17.97
3046,NDXATMIV.U,2024-04-25T00:00:00Z,16.47
3047,NDXATMIV.U,2024-04-26T00:00:00Z,17.36
3048,NDXATMIV.U,2024-04-29T00:00:00Z,17.46
3049,NDXATMIV.U,2024-04-30T00:00:00Z,18.84
3050,NDXATMIV.U,2024-05-01T00:00:00Z,17.89
3051,NDXATMIV.U,2024-05-02T00:00:00Z,17.18
3052,NDXATMIV.U,2024-05-03T00:00:00Z,15.9
3053,NDXATMIV.U,2024-05-06T00:00:00Z,15.82
3054,NDXATMIV.U,2024-05-07T00:00:00Z,15.1
3055,NDXATMIV.U,2024-05-08T00:00:00Z,14.97
3056,NDXATMIV.U,2024-05-09T00:00:00Z,14.67
3057,NDXATMIV.U,2024-05-10T00:00:00Z,14.59
3058,NDXATMIV.U,2024-05-13T00:00:00Z,15.25
3059,NDXATMIV.U,2024-05-14T00:00:00Z,14.99
3060,NDXATMIV.U,2024-05-15T00:00:00Z,13.77
3061,NDXATMIV.U,2024-05-16T00:00:00Z,13.73
3062,NDXATMIV.U,2024-05-17T00:00:00Z,13.36
3063,NDXATMIV.U,2024-05-20T00:00:00Z,13.32
3064,NDXATMIV.U,2024-05-21T00:00:00Z,12.73
3065,NDXATMIV.U,2024-05-22T00:00:00Z,13.76
3066,NDXATMIV.U,2024-05-23T00:00:00Z,13.5
3067,NDXATMIV.U,2024-05-24T00:00:00Z,12.6
3068,NDXATMIV.U,2024-05-24T00:00:00Z,12.6
3069,NDXATMIV.U,2024-05-28T00:00:00Z,13.3
3070,NDXATMIV.U,2024-05-29T00:00:00Z,14.2
3071,NDXATMIV.U,2024-05-30T00:00:00Z,15.05
3072,NDXATMIV.U,2024-05-31T00:00:00Z,14.31
3073,NDXATMIV.U,2024-06-03T00:00:00Z,14.93
3074,NDXATMIV.U,2024-06-04T00:00:00Z,14.73
3075,NDXATMIV.U,2024-06-05T00:00:00Z,14.08
3076,NDXATMIV.U,2024-06-06T00:00:00Z,13.94
3077,NDXATMIV.U,2024-06-07T00:00:00Z,13.71
3078,NDXATMIV.U,2024-06-10T00:00:00Z,13.93
3079,NDXATMIV.U,2024-06-11T00:00:00Z,14.08
3080,NDXATMIV.U,2024-06-12T00:00:00Z,13.37
3081,NDXATMIV.U,2024-06-13T00:00:00Z,13.29
3082,NDXATMIV.U,2024-06-14T00:00:00Z,13.56
3083,NDXATMIV.U,2024-06-17T00:00:00Z,14.05
3084,NDXATMIV.U,2024-06-18T00:00:00Z,14.13
3085,NDXATMIV.U,2024-06-18T00:00:00Z,14.13
3086,NDXATMIV.U,2024-06-20T00:00:00Z,14.91
3087,NDXATMIV.U,2024-06-21T00:00:00Z,14.63
3088,NDXATMIV.U,2024-06-24T00:00:00Z,15.14
3089,NDXATMIV.U,2024-06-25T00:00:00Z,14.81
3090,NDXATMIV.U,2024-06-26T00:00:00Z,14.49
3091,NDXATMIV.U,2024-06-27T00:00:00Z,14.52
3092,NDXATMIV.U,2024-06-28T00:00:00Z,14.62
3093,NDXATMIV.U,2024-07-01T00:00:00Z,14.37
3094,NDXATMIV.U,2024-07-02T00:00:00Z,13.98
3095,NDXATMIV.U,2024-07-03T00:00:00Z,14.43
3096,NDXATMIV.U,2024-07-03T00:00:00Z,14.43
3097,NDXATMIV.U,2024-07-05T00:00:00Z,15.09
3098,NDXATMIV.U,2024-07-08T00:00:00Z,15.36
3099,NDXATMIV.U,2024-07-09T00:00:00Z,15.22
3100,NDXATMIV.U,2024-07-10T00:00:00Z,15.65
3101,NDXATMIV.U,2024-07-11T00:00:00Z,15.95
3102,NDXATMIV.U,2024-07-12T00:00:00Z,15.36
3103,NDXATMIV.U,2024-07-15T00:00:00Z,16.26
3104,NDXATMIV.U,2024-07-16T00:00:00Z,16.09
3105,NDXATMIV.U,2024-07-17T00:00:00Z,17.7
3106,NDXATMIV.U,2024-07-18T00:00:00Z,18.14
3107,NDXATMIV.U,2024-07-19T00:00:00Z,18.81
3108,NDXATMIV.U,2024-07-22T00:00:00Z,17.91
3109,NDXATMIV.U,2024-07-23T00:00:00Z,18.1
3110,NDXATMIV.U,2024-07-23T00:00:00Z,18.1
3111,NDXATMIV.U,2024-07-23T00:00:00Z,18.1
3112,NDXATMIV.U,2024-07-23T00:00:00Z,18.1
3113,NDXATMIV.U,2024-07-23T00:00:00Z,18.1
3114,NDXATMIV.U,2024-07-23T00:00:00Z,18.1
3115,NDXATMIV.U,2024-07-31T00:00:00Z,20.11
3116,NDXATMIV.U,2024-08-01T00:00:00Z,22.18
3117,NDXATMIV.U,2024-08-02T00:00:00Z,25.11
3118,NDXATMIV.U,2024-08-05T00:00:00Z,34.91
3119,NDXATMIV.U,2024-08-06T00:00:00Z,27.24
3120,NDXATMIV.U,2024-08-07T00:00:00Z,27.12
3121,NDXATMIV.U,2024-08-08T00:00:00Z,23.9
3122,NDXATMIV.U,2024-08-09T00:00:00Z,21.41
3123,NDXATMIV.U,2024-08-12T00:00:00Z,21.47
3124,NDXATMIV.U,2024-08-13T00:00:00Z,19.51
3125,NDXATMIV.U,2024-08-14T00:00:00Z,17.44
3126,NDXATMIV.U,2024-08-15T00:00:00Z,16.7
3127,NDXATMIV.U,2024-08-16T00:00:00Z,15.83
3128,NDXATMIV.U,2024-08-19T00:00:00Z,15.5
3129,NDXATMIV.U,2024-08-20T00:00:00Z,16.57
3130,NDXATMIV.U,2024-08-21T00:00:00Z,16.54
3131,NDXATMIV.U,2024-08-22T00:00:00Z,18.72
3132,NDXATMIV.U,2024-08-23T00:00:00Z,17.2
3133,NDXATMIV.U,2024-08-26T00:00:00Z,18.3
3134,NDXATMIV.U,2024-08-27T00:00:00Z,17.97
3135,NDXATMIV.U,2024-08-28T00:00:00Z,19.51
3136,NDXATMIV.U,2024-08-29T00:00:00Z,17.51
3137,NDXATMIV.U,2024-08-30T00:00:00Z,16.37
3138,NDXATMIV.U,2024-08-30T00:00:00Z,16.37
3139,NDXATMIV.U,2024-09-03T00:00:00Z,20.44
3140,NDXATMIV.U,2024-09-04T00:00:00Z,21.02
3141,NDXATMIV.U,2024-09-05T00:00:00Z,20.83
3142,NDXATMIV.U,2024-09-06T00:00:00Z,23.14
3143,NDXATMIV.U,2024-09-09T00:00:00Z,21.21
3144,NDXATMIV.U,2024-09-10T00:00:00Z,20.7
3145,NDXATMIV.U,2024-09-11T00:00:00Z,18.87
3146,NDXATMIV.U,2024-09-12T00:00:00Z,18.25
3147,NDXATMIV.U,2024-09-13T00:00:00Z,17.64
3148,NDXATMIV.U,2024-09-16T00:00:00Z,18.48
3149,NDXATMIV.U,2024-09-17T00:00:00Z,18.33
3150,NDXATMIV.U,2024-09-18T00:00:00Z,18.2
3151,NDXATMIV.U,2024-09-19T00:00:00Z,17.17
3152,NDXATMIV.U,2024-09-20T00:00:00Z,16.65
3153,NDXATMIV.U,2024-09-23T00:00:00Z,16.56
3154,NDXATMIV.U,2024-09-24T00:00:00Z,16.29
3155,NDXATMIV.U,2024-09-25T00:00:00Z,16.56
3156,NDXATMIV.U,2024-09-26T00:00:00Z,17.24
3157,NDXATMIV.U,2024-09-27T00:00:00Z,17.94
3158,NDXATMIV.U,2024-09-30T00:00:00Z,18.57
3159,NDXATMIV.U,2024-10-01T00:00:00Z,19.65
3160,NDXATMIV.U,2024-10-02T00:00:00Z,19.49
3161,NDXATMIV.U,2024-10-03T00:00:00Z,20.32
3162,NDXATMIV.U,2024-10-04T00:00:00Z,19.12
3163,NDXATMIV.U,2024-10-07T00:00:00Z,20.9
3164,NDXATMIV.U,2024-10-08T00:00:00Z,19.9
3165,NDXATMIV.U,2024-10-09T00:00:00Z,19.46
3166,NDXATMIV.U,2024-10-10T00:00:00Z,19.78
3167,NDXATMIV.U,2024-10-11T00:00:00Z,19.28
3168,NDXATMIV.U,2024-10-14T00:00:00Z,19.13
3169,NDXATMIV.U,2024-10-15T00:00:00Z,19.95
3170,NDXATMIV.U,2024-10-16T00:00:00Z,19.28
3171,NDXATMIV.U,2024-10-17T00:00:00Z,19.02
3172,NDXATMIV.U,2024-10-18T00:00:00Z,18.26
3173,NDXATMIV.U,2024-10-21T00:00:00Z,19.07
3174,NDXATMIV.U,2024-10-22T00:00:00Z,19.22
3175,NDXATMIV.U,2024-10-23T00:00:00Z,20.21
3176,NDXATMIV.U,2024-10-24T00:00:00Z,19.91
3177,NDXATMIV.U,2024-10-25T00:00:00Z,20.27
3178,NDXATMIV.U,2024-10-28T00:00:00Z,20.49
3179,NDXATMIV.U,2024-10-29T00:00:00Z,20.52
3180,NDXATMIV.U,2024-10-30T00:00:00Z,20.96
3181,NDXATMIV.U,2024-10-31T00:00:00Z,22.47
3182,NDXATMIV.U,2024-11-01T00:00:00Z,21.47
3183,NDXATMIV.U,2024-11-04T00:00:00Z,21.76
3184,NDXATMIV.U,2024-11-05T00:00:00Z,20.46
3185,NDXATMIV.U,2024-11-06T00:00:00Z,17.4
3186,NDXATMIV.U,2024-11-07T00:00:00Z,17.06
3187,NDXATMIV.U,2024-11-08T00:00:00Z,16.56
3188,NDXATMIV.U,2024-11-11T00:00:00Z,17.14
3189,NDXATMIV.U,2024-11-12T00:00:00Z,16.63
3190,NDXATMIV.U,2024-11-13T00:00:00Z,15.81
3191,NDXATMIV.U,2024-11-14T00:00:00Z,15.58
3192,NDXATMIV.U,2024-11-15T00:00:00Z,17.56
3193,NDXATMIV.U,2024-11-18T00:00:00Z,16.67
3194,NDXATMIV.U,2024-11-19T00:00:00Z,17.1
3195,NDXATMIV.U,2024-11-20T00:00:00Z,17.88
3196,NDXATMIV.U,2024-11-21T00:00:00Z,16.77
3197,NDXATMIV.U,2024-11-22T00:00:00Z,15.77
3198,NDXATMIV.U,2024-11-25T00:00:00Z,15.14
3199,NDXATMIV.U,2024-11-26T00:00:00Z,14.55
3200,NDXATMIV.U,2024-11-27T00:00:00Z,14.94
3201,NDXATMIV.U,2024-11-27T00:00:00Z,14.94
3202,NDXATMIV.U,2024-11-29T00:00:00Z,14.06
3203,NDXATMIV.U,2024-12-02T00:00:00Z,14.54
3204,NDXATMIV.U,2024-12-03T00:00:00Z,14.15
3205,NDXATMIV.U,2024-12-04T00:00:00Z,13.98
3206,NDXATMIV.U,2024-12-05T00:00:00Z,13.98
3207,NDXATMIV.U,2024-12-06T00:00:00Z,13.36
3208,NDXATMIV.U,2024-12-09T00:00:00Z,14.52
3209,NDXATMIV.U,2024-12-10T00:00:00Z,14.25
3210,NDXATMIV.U,2024-12-11T00:00:00Z,13.82
3211,NDXATMIV.U,2024-12-12T00:00:00Z,14.1
3212,NDXATMIV.U,2024-12-13T00:00:00Z,14.11
3213,NDXATMIV.U,2024-12-16T00:00:00Z,15.0
3214,NDXATMIV.U,2024-12-17T00:00:00Z,15.62
3215,NDXATMIV.U,2024-12-18T00:00:00Z,20.38
3216,NDXATMIV.U,2024-12-19T00:00:00Z,20.19
3217,NDXATMIV.U,2024-12-20T00:00:00Z,17.6
3218,NDXATMIV.U,2024-12-23T00:00:00Z,16.33
3219,NDXATMIV.U,2024-12-24T00:00:00Z,14.92
3220,NDXATMIV.U,2024-12-24T00:00:00Z,14.92
3221,NDXATMIV.U,2024-12-26T00:00:00Z,15.86
3222,NDXATMIV.U,2024-12-27T00:00:00Z,16.05
3223,NDXATMIV.U,2024-12-30T00:00:00Z,17.22
3224,NDXATMIV.U,2024-12-31T00:00:00Z,17.28
3225,NDXATMIV.U,2024-12-31T00:00:00Z,17.28
3226,NDXATMIV.U,2025-01-02T00:00:00Z,17.95
3227,NDXATMIV.U,2025-01-03T00:00:00Z,16.61
3228,NDXATMIV.U,2025-01-06T00:00:00Z,16.3
3229,NDXATMIV.U,2025-01-07T00:00:00Z,17.84
3230,NDXATMIV.U,2025-01-08T00:00:00Z,17.64
3231,NDXATMIV.U,2025-01-08T00:00:00Z,17.64
3232,NDXATMIV.U,2025-01-10T00:00:00Z,19.22
3233,NDXATMIV.U,2025-01-13T00:00:00Z,19.35
3234,NDXATMIV.U,2025-01-14T00:00:00Z,19.27
3235,NDXATMIV.U,2025-01-15T00:00:00Z,16.58
3236,NDXATMIV.U,2025-01-16T00:00:00Z,16.55
3237,NDXATMIV.U,2025-01-17T00:00:00Z,15.79
3238,NDXATMIV.U,2025-01-17T00:00:00Z,15.79
3239,NDXATMIV.U,2025-01-21T00:00:00Z,15.48
3240,NDXATMIV.U,2025-01-22T00:00:00Z,15.38
3241,NDXATMIV.U,2025-01-23T00:00:00Z,15.16
3242,NDXATMIV.U,2025-01-24T00:00:00Z,15.43
3243,NDXATMIV.U,2025-01-27T00:00:00Z,18.44
3244,NDXATMIV.U,2025-01-28T00:00:00Z,17.26
3245,NDXATMIV.U,2025-01-29T00:00:00Z,17.87
3246,NDXATMIV.U,2025-01-30T00:00:00Z,17.26
3247,NDXATMIV.U,2025-01-31T00:00:00Z,17.68
3248,NDXATMIV.U,2025-01-31T00:00:00Z,17.68
3249,NDXATMIV.U,2025-02-04T00:00:00Z,17.76
3250,NDXATMIV.U,2025-02-05T00:00:00Z,16.61
3251,NDXATMIV.U,2025-02-06T00:00:00Z,15.8
3252,NDXATMIV.U,2025-02-07T00:00:00Z,16.55
3253,NDXATMIV.U,2025-02-10T00:00:00Z,16.06
3254,NDXATMIV.U,2025-02-11T00:00:00Z,16.1
3255,NDXATMIV.U,2025-02-12T00:00:00Z,16.1
3256,NDXATMIV.U,2025-02-13T00:00:00Z,16.04
3257,NDXATMIV.U,2025-02-14T00:00:00Z,15.34
3258,NDXATMIV.U,2025-02-14T00:00:00Z,15.34
3259,NDXATMIV.U,2025-02-18T00:00:00Z,15.73
3260,NDXATMIV.U,2025-02-19T00:00:00Z,15.24
3261,NDXATMIV.U,2025-02-20T00:00:00Z,15.44
3262,NDXATMIV.U,2025-02-21T00:00:00Z,16.64
3263,NDXATMIV.U,2025-02-24T00:00:00Z,18.46
3264,NDXATMIV.U,2025-02-25T00:00:00Z,19.38
3265,NDXATMIV.U,2025-02-26T00:00:00Z,19.56
3266,NDXATMIV.U,2025-02-27T00:00:00Z,22.17
3267,NDXATMIV.U,2025-02-28T00:00:00Z,20.15
3268,NDXATMIV.U,2025-03-03T00:00:00Z,23.48
3269,NDXATMIV.U,2025-03-04T00:00:00Z,23.82
3270,NDXATMIV.U,2025-03-05T00:00:00Z,22.06
3271,NDXATMIV.U,2025-03-06T00:00:00Z,24.97
3272,NDXATMIV.U,2025-03-07T00:00:00Z,23.19
3273,NDXATMIV.U,2025-03-10T00:00:00Z,28.12
3274,NDXATMIV.U,2025-03-11T00:00:00Z,28.05
3275,NDXATMIV.U,2025-03-12T00:00:00Z,25.17
3276,NDXATMIV.U,2025-03-13T00:00:00Z,26.38
3277,NDXATMIV.U,2025-03-14T00:00:00Z,22.72
3278,NDXATMIV.U,2025-03-17T00:00:00Z,21.42
3279,NDXATMIV.U,2025-03-18T00:00:00Z,22.83
3280,NDXATMIV.U,2025-03-19T00:00:00Z,20.9
3281,NDXATMIV.U,2025-03-20T00:00:00Z,20.43
3282,NDXATMIV.U,2025-03-21T00:00:00Z,20.32
3283,NDXATMIV.U,2025-03-24T00:00:00Z,18.57
3284,NDXATMIV.U,2025-03-25T00:00:00Z,17.96
3285,NDXATMIV.U,2025-03-26T00:00:00Z,19.75
3286,NDXATMIV.U,2025-03-27T00:00:00Z,20.44
3287,NDXATMIV.U,2025-03-28T00:00:00Z,22.83
3288,NDXATMIV.U,2025-03-31T00:00:00Z,24.04
3289,NDXATMIV.U,2025-04-01T00:00:00Z,23.48
3290,NDXATMIV.U,2025-04-02T00:00:00Z,23.38
3291,NDXATMIV.U,2025-04-03T00:00:00Z,29.76
3292,NDXATMIV.U,2025-04-04T00:00:00Z,45.21
3293,NDXATMIV.U,2025-04-07T00:00:00Z,44.99
3294,NDXATMIV.U,2025-04-08T00:00:00Z,46.58
3295,NDXATMIV.U,2025-04-09T00:00:00Z,30.27
3296,NDXATMIV.U,2025-04-10T00:00:00Z,38.04
3297,NDXATMIV.U,2025-04-11T00:00:00Z,35.23
3298,NDXATMIV.U,2025-04-14T00:00:00Z,30.66
3299,NDXATMIV.U,2025-04-15T00:00:00Z,28.95
3300,NDXATMIV.U,2025-04-16T00:00:00Z,32.09
3301,NDXATMIV.U,2025-04-17T00:00:00Z,29.91
3302,NDXATMIV.U,2025-04-17T00:00:00Z,29.91
3303,NDXATMIV.U,2025-04-21T00:00:00Z,34.72
3304,NDXATMIV.U,2025-04-22T00:00:00Z,31.71
3305,NDXATMIV.U,2025-04-23T00:00:00Z,29.58
3306,NDXATMIV.U,2025-04-24T00:00:00Z,26.44
3307,NDXATMIV.U,2025-04-25T00:00:00Z,24.85
3308,NDXATMIV.U,2025-04-28T00:00:00Z,25.87
3309,NDXATMIV.U,2025-04-29T00:00:00Z,25.46
3310,NDXATMIV.U,2025-04-30T00:00:00Z,25.65
3311,NDXATMIV.U,2025-05-01T00:00:00Z,24.43
3312,NDXATMIV.U,2025-05-02T00:00:00Z,26.83
3313,NDXATMIV.U,2025-05-05T00:00:00Z,23.14
3314,NDXATMIV.U,2025-05-06T00:00:00Z,24.23
3315,NDXATMIV.U,2025-05-07T00:00:00Z,23.87
3316,NDXATMIV.U,2025-05-08T00:00:00Z,22.84
3317,NDXATMIV.U,2025-05-08T00:00:00Z,22.84
3318,NVDAATMIV.U,2018-12-31T00:00:00Z,53.31
3319,NVDAATMIV.U,2019-01-02T00:00:00Z,51.13
3320,NVDAATMIV.U,2019-01-03T00:00:00Z,54.6
3321,NVDAATMIV.U,2019-01-04T00:00:00Z,50.92
3322,NVDAATMIV.U,2019-01-07T00:00:00Z,53.4
3323,NVDAATMIV.U,2019-01-08T00:00:00Z,49.89
3324,NVDAATMIV.U,2019-01-09T00:00:00Z,47.45
3325,NVDAATMIV.U,2019-01-10T00:00:00Z,52.74
3326,NVDAATMIV.U,2019-01-11T00:00:00Z,50.39
3327,NVDAATMIV.U,2019-01-14T00:00:00Z,49.94
3328,NVDAATMIV.U,2019-01-15T00:00:00Z,50.3
3329,NVDAATMIV.U,2019-01-16T00:00:00Z,52.69
3330,NVDAATMIV.U,2019-01-17T00:00:00Z,50.95
3331,NVDAATMIV.U,2019-01-18T00:00:00Z,50.73
3332,NVDAATMIV.U,2019-01-18T00:00:00Z,50.73
3333,NVDAATMIV.U,2019-01-22T00:00:00Z,59.26
3334,NVDAATMIV.U,2019-01-23T00:00:00Z,58.43
3335,NVDAATMIV.U,2019-01-24T00:00:00Z,55.6
3336,NVDAATMIV.U,2019-01-25T00:00:00Z,54.79
3337,NVDAATMIV.U,2019-01-28T00:00:00Z,53.35
3338,NVDAATMIV.U,2019-01-29T00:00:00Z,54.78
3339,NVDAATMIV.U,2019-01-30T00:00:00Z,51.18
3340,NVDAATMIV.U,2019-01-31T00:00:00Z,48.93
3341,NVDAATMIV.U,2019-02-01T00:00:00Z,47.59
3342,NVDAATMIV.U,2019-02-04T00:00:00Z,45.99
3343,NVDAATMIV.U,2019-02-05T00:00:00Z,45.32
3344,NVDAATMIV.U,2019-02-06T00:00:00Z,45.44
3345,NVDAATMIV.U,2019-02-07T00:00:00Z,49.14
3346,NVDAATMIV.U,2019-02-08T00:00:00Z,50.58
3347,NVDAATMIV.U,2019-02-11T00:00:00Z,50.65
3348,NVDAATMIV.U,2019-02-12T00:00:00Z,48.38
3349,NVDAATMIV.U,2019-02-13T00:00:00Z,47.04
3350,NVDAATMIV.U,2019-02-14T00:00:00Z,48.71
3351,NVDAATMIV.U,2019-02-15T00:00:00Z,38.4
3352,NVDAATMIV.U,2019-02-15T00:00:00Z,38.4
3353,NVDAATMIV.U,2019-02-19T00:00:00Z,40.07
3354,NVDAATMIV.U,2019-02-20T00:00:00Z,40.15
3355,NVDAATMIV.U,2019-02-21T00:00:00Z,39.35
3356,NVDAATMIV.U,2019-02-22T00:00:00Z,37.75
3357,NVDAATMIV.U,2019-02-25T00:00:00Z,38.54
3358,NVDAATMIV.U,2019-02-26T00:00:00Z,39.42
3359,NVDAATMIV.U,2019-02-27T00:00:00Z,38.66
3360,NVDAATMIV.U,2019-02-28T00:00:00Z,37.94
3361,NVDAATMIV.U,2019-03-01T00:00:00Z,36.48
3362,NVDAATMIV.U,2019-03-04T00:00:00Z,38.56
3363,NVDAATMIV.U,2019-03-05T00:00:00Z,36.92
3364,NVDAATMIV.U,2019-03-06T00:00:00Z,39.35
3365,NVDAATMIV.U,2019-03-07T00:00:00Z,41.42
3366,NVDAATMIV.U,2019-03-08T00:00:00Z,40.29
3367,NVDAATMIV.U,2019-03-11T00:00:00Z,39.14
3368,NVDAATMIV.U,2019-03-12T00:00:00Z,37.6
3369,NVDAATMIV.U,2019-03-13T00:00:00Z,37.54
3370,NVDAATMIV.U,2019-03-14T00:00:00Z,36.14
3371,NVDAATMIV.U,2019-03-15T00:00:00Z,35.39
3372,NVDAATMIV.U,2019-03-18T00:00:00Z,35.45
3373,NVDAATMIV.U,2019-03-19T00:00:00Z,35.43
3374,NVDAATMIV.U,2019-03-20T00:00:00Z,35.93
3375,NVDAATMIV.U,2019-03-21T00:00:00Z,37.25
3376,NVDAATMIV.U,2019-03-22T00:00:00Z,39.53
3377,NVDAATMIV.U,2019-03-25T00:00:00Z,40.65
3378,NVDAATMIV.U,2019-03-26T00:00:00Z,39.44
3379,NVDAATMIV.U,2019-03-27T00:00:00Z,39.31
3380,NVDAATMIV.U,2019-03-28T00:00:00Z,36.92
3381,NVDAATMIV.U,2019-03-29T00:00:00Z,35.39
3382,NVDAATMIV.U,2019-04-01T00:00:00Z,34.63
3383,NVDAATMIV.U,2019-04-02T00:00:00Z,34.59
3384,NVDAATMIV.U,2019-04-03T00:00:00Z,33.83
3385,NVDAATMIV.U,2019-04-04T00:00:00Z,35.51
3386,NVDAATMIV.U,2019-04-05T00:00:00Z,34.08
3387,NVDAATMIV.U,2019-04-08T00:00:00Z,34.88
3388,NVDAATMIV.U,2019-04-09T00:00:00Z,35.35
3389,NVDAATMIV.U,2019-04-10T00:00:00Z,34.13
3390,NVDAATMIV.U,2019-04-11T00:00:00Z,37.93
3391,NVDAATMIV.U,2019-04-12T00:00:00Z,37.22
3392,NVDAATMIV.U,2019-04-15T00:00:00Z,40.49
3393,NVDAATMIV.U,2019-04-16T00:00:00Z,40.05
3394,NVDAATMIV.U,2019-04-17T00:00:00Z,42.46
3395,NVDAATMIV.U,2019-04-18T00:00:00Z,40.54
3396,NVDAATMIV.U,2019-04-18T00:00:00Z,40.54
3397,NVDAATMIV.U,2019-04-22T00:00:00Z,42.73
3398,NVDAATMIV.U,2019-04-23T00:00:00Z,43.07
3399,NVDAATMIV.U,2019-04-24T00:00:00Z,44.29
3400,NVDAATMIV.U,2019-04-25T00:00:00Z,44.61
3401,NVDAATMIV.U,2019-04-26T00:00:00Z,45.82
3402,NVDAATMIV.U,2019-04-29T00:00:00Z,45.32
3403,NVDAATMIV.U,2019-04-30T00:00:00Z,44.58
3404,NVDAATMIV.U,2019-05-01T00:00:00Z,43.57
3405,NVDAATMIV.U,2019-05-02T00:00:00Z,44.52
3406,NVDAATMIV.U,2019-05-03T00:00:00Z,43.71
3407,NVDAATMIV.U,2019-05-06T00:00:00Z,46.19
3408,NVDAATMIV.U,2019-05-07T00:00:00Z,52.71
3409,NVDAATMIV.U,2019-05-08T00:00:00Z,50.84
3410,NVDAATMIV.U,2019-05-09T00:00:00Z,53.51
3411,NVDAATMIV.U,2019-05-10T00:00:00Z,49.74
3412,NVDAATMIV.U,2019-05-13T00:00:00Z,55.11
3413,NVDAATMIV.U,2019-05-14T00:00:00Z,50.29
3414,NVDAATMIV.U,2019-05-15T00:00:00Z,48.08
3415,NVDAATMIV.U,2019-05-16T00:00:00Z,46.43
3416,NVDAATMIV.U,2019-05-17T00:00:00Z,38.09
3417,NVDAATMIV.U,2019-05-20T00:00:00Z,38.63
3418,NVDAATMIV.U,2019-05-21T00:00:00Z,34.86
3419,NVDAATMIV.U,2019-05-22T00:00:00Z,36.25
3420,NVDAATMIV.U,2019-05-23T00:00:00Z,40.76
3421,NVDAATMIV.U,2019-05-24T00:00:00Z,38.56
3422,NVDAATMIV.U,2019-05-24T00:00:00Z,38.56
3423,NVDAATMIV.U,2019-05-28T00:00:00Z,39.52
3424,NVDAATMIV.U,2019-05-29T00:00:00Z,40.76
3425,NVDAATMIV.U,2019-05-30T00:00:00Z,40.02
3426,NVDAATMIV.U,2019-05-31T00:00:00Z,41.68
3427,NVDAATMIV.U,2019-06-03T00:00:00Z,42.79
3428,NVDAATMIV.U,2019-06-04T00:00:00Z,39.97
3429,NVDAATMIV.U,2019-06-05T00:00:00Z,40.62
3430,NVDAATMIV.U,2019-06-06T00:00:00Z,38.85
3431,NVDAATMIV.U,2019-06-07T00:00:00Z,38.81
3432,NVDAATMIV.U,2019-06-10T00:00:00Z,38.69
3433,NVDAATMIV.U,2019-06-11T00:00:00Z,38.18
3434,NVDAATMIV.U,2019-06-12T00:00:00Z,39.1
3435,NVDAATMIV.U,2019-06-13T00:00:00Z,37.13
3436,NVDAATMIV.U,2019-06-14T00:00:00Z,37.82
3437,NVDAATMIV.U,2019-06-17T00:00:00Z,37.27
3438,NVDAATMIV.U,2019-06-18T00:00:00Z,36.85
3439,NVDAATMIV.U,2019-06-19T00:00:00Z,35.3
3440,NVDAATMIV.U,2019-06-20T00:00:00Z,34.91
3441,NVDAATMIV.U,2019-06-21T00:00:00Z,35.76
3442,NVDAATMIV.U,2019-06-24T00:00:00Z,35.73
3443,NVDAATMIV.U,2019-06-25T00:00:00Z,37.46
3444,NVDAATMIV.U,2019-06-26T00:00:00Z,37.26
3445,NVDAATMIV.U,2019-06-27T00:00:00Z,36.87
3446,NVDAATMIV.U,2019-06-28T00:00:00Z,36.25
3447,NVDAATMIV.U,2019-07-01T00:00:00Z,34.76
3448,NVDAATMIV.U,2019-07-02T00:00:00Z,33.35
3449,NVDAATMIV.U,2019-07-03T00:00:00Z,32.6
3450,NVDAATMIV.U,2019-07-03T00:00:00Z,32.6
3451,NVDAATMIV.U,2019-07-05T00:00:00Z,33.66
3452,NVDAATMIV.U,2019-07-08T00:00:00Z,34.41
3453,NVDAATMIV.U,2019-07-09T00:00:00Z,34.08
3454,NVDAATMIV.U,2019-07-10T00:00:00Z,32.21
3455,NVDAATMIV.U,2019-07-11T00:00:00Z,35.85
3456,NVDAATMIV.U,2019-07-12T00:00:00Z,35.45
3457,NVDAATMIV.U,2019-07-15T00:00:00Z,38.28
3458,NVDAATMIV.U,2019-07-16T00:00:00Z,40.62
3459,NVDAATMIV.U,2019-07-17T00:00:00Z,41.51
3460,NVDAATMIV.U,2019-07-18T00:00:00Z,41.07
3461,NVDAATMIV.U,2019-07-19T00:00:00Z,40.92
3462,NVDAATMIV.U,2019-07-22T00:00:00Z,41.58
3463,NVDAATMIV.U,2019-07-23T00:00:00Z,41.6
3464,NVDAATMIV.U,2019-07-24T00:00:00Z,41.57
3465,NVDAATMIV.U,2019-07-25T00:00:00Z,42.4
3466,NVDAATMIV.U,2019-07-26T00:00:00Z,41.03
3467,NVDAATMIV.U,2019-07-29T00:00:00Z,41.76
3468,NVDAATMIV.U,2019-07-30T00:00:00Z,41.76
3469,NVDAATMIV.U,2019-07-31T00:00:00Z,43.12
3470,NVDAATMIV.U,2019-08-01T00:00:00Z,45.27
3471,NVDAATMIV.U,2019-08-02T00:00:00Z,47.9
3472,NVDAATMIV.U,2019-08-05T00:00:00Z,53.91
3473,NVDAATMIV.U,2019-08-06T00:00:00Z,50.37
3474,NVDAATMIV.U,2019-08-07T00:00:00Z,50.48
3475,NVDAATMIV.U,2019-08-08T00:00:00Z,45.84
3476,NVDAATMIV.U,2019-08-09T00:00:00Z,48.67
3477,NVDAATMIV.U,2019-08-12T00:00:00Z,51.47
3478,NVDAATMIV.U,2019-08-13T00:00:00Z,47.0
3479,NVDAATMIV.U,2019-08-14T00:00:00Z,51.27
3480,NVDAATMIV.U,2019-08-15T00:00:00Z,48.71
3481,NVDAATMIV.U,2019-08-16T00:00:00Z,34.77
3482,NVDAATMIV.U,2019-08-19T00:00:00Z,35.1
3483,NVDAATMIV.U,2019-08-20T00:00:00Z,35.63
3484,NVDAATMIV.U,2019-08-21T00:00:00Z,34.16
3485,NVDAATMIV.U,2019-08-22T00:00:00Z,34.27
3486,NVDAATMIV.U,2019-08-23T00:00:00Z,40.7
3487,NVDAATMIV.U,2019-08-26T00:00:00Z,39.8
3488,NVDAATMIV.U,2019-08-27T00:00:00Z,41.05
3489,NVDAATMIV.U,2019-08-28T00:00:00Z,39.83
3490,NVDAATMIV.U,2019-08-29T00:00:00Z,37.82
3491,NVDAATMIV.U,2019-08-30T00:00:00Z,36.97
3492,NVDAATMIV.U,2019-08-30T00:00:00Z,36.97
3493,NVDAATMIV.U,2019-09-03T00:00:00Z,39.07
3494,NVDAATMIV.U,2019-09-04T00:00:00Z,36.07
3495,NVDAATMIV.U,2019-09-05T00:00:00Z,34.8
3496,NVDAATMIV.U,2019-09-06T00:00:00Z,34.33
3497,NVDAATMIV.U,2019-09-09T00:00:00Z,35.44
3498,NVDAATMIV.U,2019-09-10T00:00:00Z,34.92
3499,NVDAATMIV.U,2019-09-11T00:00:00Z,33.23
3500,NVDAATMIV.U,2019-09-12T00:00:00Z,32.52
3501,NVDAATMIV.U,2019-09-13T00:00:00Z,32.68
3502,NVDAATMIV.U,2019-09-16T00:00:00Z,33.38
3503,NVDAATMIV.U,2019-09-17T00:00:00Z,31.87
3504,NVDAATMIV.U,2019-09-18T00:00:00Z,32.27
3505,NVDAATMIV.U,2019-09-19T00:00:00Z,32.31
3506,NVDAATMIV.U,2019-09-20T00:00:00Z,33.66
3507,NVDAATMIV.U,2019-09-23T00:00:00Z,32.95
3508,NVDAATMIV.U,2019-09-24T00:00:00Z,35.98
3509,NVDAATMIV.U,2019-09-25T00:00:00Z,34.36
3510,NVDAATMIV.U,2019-09-26T00:00:00Z,35.62
3511,NVDAATMIV.U,2019-09-27T00:00:00Z,38.96
3512,NVDAATMIV.U,2019-09-30T00:00:00Z,36.84
3513,NVDAATMIV.U,2019-10-01T00:00:00Z,38.46
3514,NVDAATMIV.U,2019-10-02T00:00:00Z,40.76
3515,NVDAATMIV.U,2019-10-03T00:00:00Z,39.06
3516,NVDAATMIV.U,2019-10-04T00:00:00Z,37.35
3517,NVDAATMIV.U,2019-10-07T00:00:00Z,37.94
3518,NVDAATMIV.U,2019-10-08T00:00:00Z,41.93
3519,NVDAATMIV.U,2019-10-09T00:00:00Z,39.39
3520,NVDAATMIV.U,2019-10-10T00:00:00Z,42.25
3521,NVDAATMIV.U,2019-10-11T00:00:00Z,39.78
3522,NVDAATMIV.U,2019-10-14T00:00:00Z,39.52
3523,NVDAATMIV.U,2019-10-15T00:00:00Z,40.08
3524,NVDAATMIV.U,2019-10-16T00:00:00Z,40.88
3525,NVDAATMIV.U,2019-10-17T00:00:00Z,40.32
3526,NVDAATMIV.U,2019-10-18T00:00:00Z,41.87
3527,NVDAATMIV.U,2019-10-21T00:00:00Z,42.27
3528,NVDAATMIV.U,2019-10-22T00:00:00Z,42.57
3529,NVDAATMIV.U,2019-10-23T00:00:00Z,43.6
3530,NVDAATMIV.U,2019-10-24T00:00:00Z,41.57
3531,NVDAATMIV.U,2019-10-25T00:00:00Z,41.04
3532,NVDAATMIV.U,2019-10-28T00:00:00Z,40.39
3533,NVDAATMIV.U,2019-10-29T00:00:00Z,40.28
3534,NVDAATMIV.U,2019-10-30T00:00:00Z,39.83
3535,NVDAATMIV.U,2019-10-31T00:00:00Z,39.34
3536,NVDAATMIV.U,2019-11-01T00:00:00Z,39.6
3537,NVDAATMIV.U,2019-11-04T00:00:00Z,41.23
3538,NVDAATMIV.U,2019-11-05T00:00:00Z,41.35
3539,NVDAATMIV.U,2019-11-06T00:00:00Z,41.02
3540,NVDAATMIV.U,2019-11-07T00:00:00Z,41.01
3541,NVDAATMIV.U,2019-11-08T00:00:00Z,41.11
3542,NVDAATMIV.U,2019-11-11T00:00:00Z,40.56
3543,NVDAATMIV.U,2019-11-12T00:00:00Z,41.08
3544,NVDAATMIV.U,2019-11-13T00:00:00Z,40.44
3545,NVDAATMIV.U,2019-11-14T00:00:00Z,39.37
3546,NVDAATMIV.U,2019-11-15T00:00:00Z,31.27
3547,NVDAATMIV.U,2019-11-18T00:00:00Z,31.21
3548,NVDAATMIV.U,2019-11-19T00:00:00Z,31.64
3549,NVDAATMIV.U,2019-11-20T00:00:00Z,33.62
3550,NVDAATMIV.U,2019-11-21T00:00:00Z,33.64
3551,NVDAATMIV.U,2019-11-22T00:00:00Z,32.15
3552,NVDAATMIV.U,2019-11-25T00:00:00Z,30.93
3553,NVDAATMIV.U,2019-11-26T00:00:00Z,30.78
3554,NVDAATMIV.U,2019-11-27T00:00:00Z,29.46
3555,NVDAATMIV.U,2019-11-27T00:00:00Z,29.46
3556,NVDAATMIV.U,2019-11-29T00:00:00Z,30.42
3557,NVDAATMIV.U,2019-12-02T00:00:00Z,33.32
3558,NVDAATMIV.U,2019-12-03T00:00:00Z,34.47
3559,NVDAATMIV.U,2019-12-04T00:00:00Z,32.66
3560,NVDAATMIV.U,2019-12-05T00:00:00Z,32.42
3561,NVDAATMIV.U,2019-12-06T00:00:00Z,30.18
3562,NVDAATMIV.U,2019-12-09T00:00:00Z,31.84
3563,NVDAATMIV.U,2019-12-10T00:00:00Z,31.88
3564,NVDAATMIV.U,2019-12-11T00:00:00Z,31.4
3565,NVDAATMIV.U,2019-12-12T00:00:00Z,30.94
3566,NVDAATMIV.U,2019-12-13T00:00:00Z,27.87
3567,NVDAATMIV.U,2019-12-16T00:00:00Z,27.36
3568,NVDAATMIV.U,2019-12-17T00:00:00Z,26.87
3569,NVDAATMIV.U,2019-12-18T00:00:00Z,27.14
3570,NVDAATMIV.U,2019-12-19T00:00:00Z,27.7
3571,NVDAATMIV.U,2019-12-20T00:00:00Z,28.38
3572,NVDAATMIV.U,2019-12-23T00:00:00Z,26.99
3573,NVDAATMIV.U,2019-12-24T00:00:00Z,27.57
3574,NVDAATMIV.U,2019-12-24T00:00:00Z,27.57
3575,NVDAATMIV.U,2019-12-26T00:00:00Z,28.71
3576,NVDAATMIV.U,2019-12-27T00:00:00Z,29.16
3577,NVDAATMIV.U,2019-12-30T00:00:00Z,29.24
3578,NVDAATMIV.U,2019-12-31T00:00:00Z,29.79
3579,NVDAATMIV.U,2019-12-31T00:00:00Z,29.79
3580,NVDAATMIV.U,2020-01-02T00:00:00Z,29.46
3581,NVDAATMIV.U,2020-01-03T00:00:00Z,30.18
3582,NVDAATMIV.U,2020-01-06T00:00:00Z,30.39
3583,NVDAATMIV.U,2020-01-07T00:00:00Z,29.75
3584,NVDAATMIV.U,2020-01-08T00:00:00Z,29.73
3585,NVDAATMIV.U,2020-01-09T00:00:00Z,32.08
3586,NVDAATMIV.U,2020-01-10T00:00:00Z,32.45
3587,NVDAATMIV.U,2020-01-13T00:00:00Z,34.91
3588,NVDAATMIV.U,2020-01-14T00:00:00Z,37.16
3589,NVDAATMIV.U,2020-01-15T00:00:00Z,38.25
3590,NVDAATMIV.U,2020-01-16T00:00:00Z,35.12
3591,NVDAATMIV.U,2020-01-17T00:00:00Z,34.98
3592,NVDAATMIV.U,2020-01-17T00:00:00Z,34.98
3593,NVDAATMIV.U,2020-01-21T00:00:00Z,37.04
3594,NVDAATMIV.U,2020-01-22T00:00:00Z,37.11
3595,NVDAATMIV.U,2020-01-23T00:00:00Z,37.77
3596,NVDAATMIV.U,2020-01-24T00:00:00Z,39.72
3597,NVDAATMIV.U,2020-01-27T00:00:00Z,45.3
3598,NVDAATMIV.U,2020-01-28T00:00:00Z,42.46
3599,NVDAATMIV.U,2020-01-29T00:00:00Z,41.89
3600,NVDAATMIV.U,2020-01-30T00:00:00Z,41.87
3601,NVDAATMIV.U,2020-01-31T00:00:00Z,46.82
3602,NVDAATMIV.U,2020-02-03T00:00:00Z,43.16
3603,NVDAATMIV.U,2020-02-04T00:00:00Z,42.03
3604,NVDAATMIV.U,2020-02-05T00:00:00Z,41.17
3605,NVDAATMIV.U,2020-02-06T00:00:00Z,38.69
3606,NVDAATMIV.U,2020-02-07T00:00:00Z,40.3
3607,NVDAATMIV.U,2020-02-10T00:00:00Z,41.6
3608,NVDAATMIV.U,2020-02-11T00:00:00Z,44.26
3609,NVDAATMIV.U,2020-02-12T00:00:00Z,41.64
3610,NVDAATMIV.U,2020-02-13T00:00:00Z,41.1
3611,NVDAATMIV.U,2020-02-14T00:00:00Z,31.64
3612,NVDAATMIV.U,2020-02-14T00:00:00Z,31.64
3613,NVDAATMIV.U,2020-02-18T00:00:00Z,33.59
3614,NVDAATMIV.U,2020-02-19T00:00:00Z,38.2
3615,NVDAATMIV.U,2020-02-20T00:00:00Z,38.47
3616,NVDAATMIV.U,2020-02-21T00:00:00Z,44.96
3617,NVDAATMIV.U,2020-02-24T00:00:00Z,48.93
3618,NVDAATMIV.U,2020-02-25T00:00:00Z,54.48
3619,NVDAATMIV.U,2020-02-26T00:00:00Z,52.92
3620,NVDAATMIV.U,2020-02-27T00:00:00Z,65.41
3621,NVDAATMIV.U,2020-02-28T00:00:00Z,69.55
3622,NVDAATMIV.U,2020-03-02T00:00:00Z,57.34
3623,NVDAATMIV.U,2020-03-03T00:00:00Z,58.53
3624,NVDAATMIV.U,2020-03-04T00:00:00Z,51.55
3625,NVDAATMIV.U,2020-03-05T00:00:00Z,63.34
3626,NVDAATMIV.U,2020-03-06T00:00:00Z,66.97
3627,NVDAATMIV.U,2020-03-09T00:00:00Z,77.19
3628,NVDAATMIV.U,2020-03-10T00:00:00Z,66.83
3629,NVDAATMIV.U,2020-03-11T00:00:00Z,76.52
3630,NVDAATMIV.U,2020-03-12T00:00:00Z,92.63
3631,NVDAATMIV.U,2020-03-13T00:00:00Z,73.37
3632,NVDAATMIV.U,2020-03-16T00:00:00Z,108.54
3633,NVDAATMIV.U,2020-03-17T00:00:00Z,92.77
3634,NVDAATMIV.U,2020-03-18T00:00:00Z,98.61
3635,NVDAATMIV.U,2020-03-19T00:00:00Z,92.72
3636,NVDAATMIV.U,2020-03-20T00:00:00Z,88.44
3637,NVDAATMIV.U,2020-03-23T00:00:00Z,71.84
3638,NVDAATMIV.U,2020-03-24T00:00:00Z,70.11
3639,NVDAATMIV.U,2020-03-25T00:00:00Z,83.52
3640,NVDAATMIV.U,2020-03-26T00:00:00Z,78.27
3641,NVDAATMIV.U,2020-03-27T00:00:00Z,78.38
3642,NVDAATMIV.U,2020-03-30T00:00:00Z,67.73
3643,NVDAATMIV.U,2020-03-31T00:00:00Z,64.57
3644,NVDAATMIV.U,2020-04-01T00:00:00Z,73.92
3645,NVDAATMIV.U,2020-04-02T00:00:00Z,64.93
3646,NVDAATMIV.U,2020-04-03T00:00:00Z,65.53
3647,NVDAATMIV.U,2020-04-06T00:00:00Z,55.56
3648,NVDAATMIV.U,2020-04-07T00:00:00Z,60.12
3649,NVDAATMIV.U,2020-04-08T00:00:00Z,56.44
3650,NVDAATMIV.U,2020-04-09T00:00:00Z,57.86
3651,NVDAATMIV.U,2020-04-09T00:00:00Z,57.86
3652,NVDAATMIV.U,2020-04-13T00:00:00Z,55.12
3653,NVDAATMIV.U,2020-04-14T00:00:00Z,50.85
3654,NVDAATMIV.U,2020-04-15T00:00:00Z,55.15
3655,NVDAATMIV.U,2020-04-16T00:00:00Z,59.89
3656,NVDAATMIV.U,2020-04-17T00:00:00Z,56.97
3657,NVDAATMIV.U,2020-04-20T00:00:00Z,62.69
3658,NVDAATMIV.U,2020-04-21T00:00:00Z,67.68
3659,NVDAATMIV.U,2020-04-22T00:00:00Z,64.02
3660,NVDAATMIV.U,2020-04-23T00:00:00Z,61.89
3661,NVDAATMIV.U,2020-04-24T00:00:00Z,57.43
3662,NVDAATMIV.U,2020-04-27T00:00:00Z,55.18
3663,NVDAATMIV.U,2020-04-28T00:00:00Z,54.06
3664,NVDAATMIV.U,2020-04-29T00:00:00Z,51.11
3665,NVDAATMIV.U,2020-04-30T00:00:00Z,54.35
3666,NVDAATMIV.U,2020-05-01T00:00:00Z,59.66
3667,NVDAATMIV.U,2020-05-04T00:00:00Z,57.11
3668,NVDAATMIV.U,2020-05-05T00:00:00Z,52.95
3669,NVDAATMIV.U,2020-05-06T00:00:00Z,52.52
3670,NVDAATMIV.U,2020-05-07T00:00:00Z,50.31
3671,NVDAATMIV.U,2020-05-08T00:00:00Z,49.4
3672,NVDAATMIV.U,2020-05-11T00:00:00Z,50.91
3673,NVDAATMIV.U,2020-05-12T00:00:00Z,54.31
3674,NVDAATMIV.U,2020-05-13T00:00:00Z,59.38
3675,NVDAATMIV.U,2020-05-14T00:00:00Z,56.03
3676,NVDAATMIV.U,2020-05-15T00:00:00Z,58.05
3677,NVDAATMIV.U,2020-05-18T00:00:00Z,55.53
3678,NVDAATMIV.U,2020-05-19T00:00:00Z,56.66
3679,NVDAATMIV.U,2020-05-20T00:00:00Z,55.58
3680,NVDAATMIV.U,2020-05-21T00:00:00Z,54.63
3681,NVDAATMIV.U,2020-05-22T00:00:00Z,45.49
3682,NVDAATMIV.U,2020-05-22T00:00:00Z,45.49
3683,NVDAATMIV.U,2020-05-26T00:00:00Z,45.08
3684,NVDAATMIV.U,2020-05-27T00:00:00Z,43.8
3685,NVDAATMIV.U,2020-05-28T00:00:00Z,45.51
3686,NVDAATMIV.U,2020-05-29T00:00:00Z,42.62
3687,NVDAATMIV.U,2020-06-01T00:00:00Z,44.0
3688,NVDAATMIV.U,2020-06-02T00:00:00Z,42.35
3689,NVDAATMIV.U,2020-06-03T00:00:00Z,42.13
3690,NVDAATMIV.U,2020-06-04T00:00:00Z,42.33
3691,NVDAATMIV.U,2020-06-05T00:00:00Z,39.76
3692,NVDAATMIV.U,2020-06-08T00:00:00Z,40.41
3693,NVDAATMIV.U,2020-06-09T00:00:00Z,42.02
3694,NVDAATMIV.U,2020-06-10T00:00:00Z,42.86
3695,NVDAATMIV.U,2020-06-11T00:00:00Z,49.43
3696,NVDAATMIV.U,2020-06-12T00:00:00Z,47.31
3697,NVDAATMIV.U,2020-06-15T00:00:00Z,45.0
3698,NVDAATMIV.U,2020-06-16T00:00:00Z,44.41
3699,NVDAATMIV.U,2020-06-17T00:00:00Z,43.19
3700,NVDAATMIV.U,2020-06-18T00:00:00Z,43.41
3701,NVDAATMIV.U,2020-06-19T00:00:00Z,43.83
3702,NVDAATMIV.U,2020-06-22T00:00:00Z,41.92
3703,NVDAATMIV.U,2020-06-23T00:00:00Z,40.74
3704,NVDAATMIV.U,2020-06-24T00:00:00Z,44.0
3705,NVDAATMIV.U,2020-06-25T00:00:00Z,42.83
3706,NVDAATMIV.U,2020-06-26T00:00:00Z,45.04
3707,NVDAATMIV.U,2020-06-29T00:00:00Z,43.01
3708,NVDAATMIV.U,2020-06-30T00:00:00Z,40.43
3709,NVDAATMIV.U,2020-07-01T00:00:00Z,39.29
3710,NVDAATMIV.U,2020-07-02T00:00:00Z,37.09
3711,NVDAATMIV.U,2020-07-02T00:00:00Z,37.09
3712,NVDAATMIV.U,2020-07-06T00:00:00Z,38.49
3713,NVDAATMIV.U,2020-07-07T00:00:00Z,41.63
3714,NVDAATMIV.U,2020-07-08T00:00:00Z,40.66
3715,NVDAATMIV.U,2020-07-09T00:00:00Z,46.53
3716,NVDAATMIV.U,2020-07-10T00:00:00Z,47.24
3717,NVDAATMIV.U,2020-07-13T00:00:00Z,51.42
3718,NVDAATMIV.U,2020-07-14T00:00:00Z,53.12
3719,NVDAATMIV.U,2020-07-15T00:00:00Z,53.04
3720,NVDAATMIV.U,2020-07-16T00:00:00Z,52.58
3721,NVDAATMIV.U,2020-07-17T00:00:00Z,48.15
3722,NVDAATMIV.U,2020-07-20T00:00:00Z,48.48
3723,NVDAATMIV.U,2020-07-21T00:00:00Z,49.85
3724,NVDAATMIV.U,2020-07-22T00:00:00Z,49.96
3725,NVDAATMIV.U,2020-07-23T00:00:00Z,50.55
3726,NVDAATMIV.U,2020-07-24T00:00:00Z,50.85
3727,NVDAATMIV.U,2020-07-27T00:00:00Z,49.31
3728,NVDAATMIV.U,2020-07-28T00:00:00Z,49.28
3729,NVDAATMIV.U,2020-07-29T00:00:00Z,48.41
3730,NVDAATMIV.U,2020-07-30T00:00:00Z,49.75
3731,NVDAATMIV.U,2020-07-31T00:00:00Z,51.66
3732,NVDAATMIV.U,2020-08-03T00:00:00Z,51.78
3733,NVDAATMIV.U,2020-08-04T00:00:00Z,51.89
3734,NVDAATMIV.U,2020-08-05T00:00:00Z,51.1
3735,NVDAATMIV.U,2020-08-06T00:00:00Z,49.34
3736,NVDAATMIV.U,2020-08-07T00:00:00Z,50.08
3737,NVDAATMIV.U,2020-08-10T00:00:00Z,51.45
3738,NVDAATMIV.U,2020-08-11T00:00:00Z,53.41
3739,NVDAATMIV.U,2020-08-12T00:00:00Z,49.24
3740,NVDAATMIV.U,2020-08-13T00:00:00Z,49.12
3741,NVDAATMIV.U,2020-08-14T00:00:00Z,49.91
3742,NVDAATMIV.U,2020-08-17T00:00:00Z,52.82
3743,NVDAATMIV.U,2020-08-18T00:00:00Z,53.28
3744,NVDAATMIV.U,2020-08-19T00:00:00Z,51.04
3745,NVDAATMIV.U,2020-08-20T00:00:00Z,42.34
3746,NVDAATMIV.U,2020-08-21T00:00:00Z,45.44
3747,NVDAATMIV.U,2020-08-24T00:00:00Z,44.95
3748,NVDAATMIV.U,2020-08-25T00:00:00Z,43.32
3749,NVDAATMIV.U,2020-08-26T00:00:00Z,45.49
3750,NVDAATMIV.U,2020-08-27T00:00:00Z,46.56
3751,NVDAATMIV.U,2020-08-28T00:00:00Z,48.86
3752,NVDAATMIV.U,2020-08-31T00:00:00Z,51.72
3753,NVDAATMIV.U,2020-09-01T00:00:00Z,52.15
3754,NVDAATMIV.U,2020-09-02T00:00:00Z,57.75
3755,NVDAATMIV.U,2020-09-03T00:00:00Z,65.32
3756,NVDAATMIV.U,2020-09-04T00:00:00Z,63.62
3757,NVDAATMIV.U,2020-09-04T00:00:00Z,63.62
3758,NVDAATMIV.U,2020-09-08T00:00:00Z,64.08
3759,NVDAATMIV.U,2020-09-09T00:00:00Z,57.3
3760,NVDAATMIV.U,2020-09-10T00:00:00Z,58.47
3761,NVDAATMIV.U,2020-09-11T00:00:00Z,52.97
3762,NVDAATMIV.U,2020-09-14T00:00:00Z,54.26
3763,NVDAATMIV.U,2020-09-15T00:00:00Z,53.72
3764,NVDAATMIV.U,2020-09-16T00:00:00Z,54.31
3765,NVDAATMIV.U,2020-09-17T00:00:00Z,53.82
3766,NVDAATMIV.U,2020-09-18T00:00:00Z,53.06
3767,NVDAATMIV.U,2020-09-21T00:00:00Z,52.35
3768,NVDAATMIV.U,2020-09-22T00:00:00Z,51.52
3769,NVDAATMIV.U,2020-09-23T00:00:00Z,53.84
3770,NVDAATMIV.U,2020-09-24T00:00:00Z,53.04
3771,NVDAATMIV.U,2020-09-25T00:00:00Z,48.92
3772,NVDAATMIV.U,2020-09-28T00:00:00Z,48.53
3773,NVDAATMIV.U,2020-09-29T00:00:00Z,48.66
3774,NVDAATMIV.U,2020-09-30T00:00:00Z,48.06
3775,NVDAATMIV.U,2020-10-01T00:00:00Z,51.23
3776,NVDAATMIV.U,2020-10-02T00:00:00Z,51.17
3777,NVDAATMIV.U,2020-10-05T00:00:00Z,48.68
3778,NVDAATMIV.U,2020-10-06T00:00:00Z,50.55
3779,NVDAATMIV.U,2020-10-07T00:00:00Z,48.62
3780,NVDAATMIV.U,2020-10-08T00:00:00Z,47.49
3781,NVDAATMIV.U,2020-10-09T00:00:00Z,44.85
3782,NVDAATMIV.U,2020-10-12T00:00:00Z,44.36
3783,NVDAATMIV.U,2020-10-13T00:00:00Z,44.9
3784,NVDAATMIV.U,2020-10-14T00:00:00Z,46.87
3785,NVDAATMIV.U,2020-10-15T00:00:00Z,50.04
3786,NVDAATMIV.U,2020-10-16T00:00:00Z,49.31
3787,NVDAATMIV.U,2020-10-19T00:00:00Z,51.61
3788,NVDAATMIV.U,2020-10-20T00:00:00Z,51.4
3789,NVDAATMIV.U,2020-10-21T00:00:00Z,51.79
3790,NVDAATMIV.U,2020-10-22T00:00:00Z,50.14
3791,NVDAATMIV.U,2020-10-23T00:00:00Z,49.66
3792,NVDAATMIV.U,2020-10-26T00:00:00Z,52.84
3793,NVDAATMIV.U,2020-10-27T00:00:00Z,51.01
3794,NVDAATMIV.U,2020-10-28T00:00:00Z,56.57
3795,NVDAATMIV.U,2020-10-29T00:00:00Z,52.63
3796,NVDAATMIV.U,2020-10-30T00:00:00Z,54.75
3797,NVDAATMIV.U,2020-11-02T00:00:00Z,55.4
3798,NVDAATMIV.U,2020-11-03T00:00:00Z,54.62
3799,NVDAATMIV.U,2020-11-04T00:00:00Z,48.81
3800,NVDAATMIV.U,2020-11-05T00:00:00Z,47.91
3801,NVDAATMIV.U,2020-11-06T00:00:00Z,47.47
3802,NVDAATMIV.U,2020-11-09T00:00:00Z,47.77
3803,NVDAATMIV.U,2020-11-10T00:00:00Z,53.26
3804,NVDAATMIV.U,2020-11-11T00:00:00Z,50.96
3805,NVDAATMIV.U,2020-11-12T00:00:00Z,53.66
3806,NVDAATMIV.U,2020-11-13T00:00:00Z,52.11
3807,NVDAATMIV.U,2020-11-16T00:00:00Z,49.45
3808,NVDAATMIV.U,2020-11-17T00:00:00Z,51.55
3809,NVDAATMIV.U,2020-11-18T00:00:00Z,47.34
3810,NVDAATMIV.U,2020-11-19T00:00:00Z,41.48
3811,NVDAATMIV.U,2020-11-20T00:00:00Z,40.58
3812,NVDAATMIV.U,2020-11-23T00:00:00Z,39.35
3813,NVDAATMIV.U,2020-11-24T00:00:00Z,38.13
3814,NVDAATMIV.U,2020-11-25T00:00:00Z,38.43
3815,NVDAATMIV.U,2020-11-25T00:00:00Z,38.43
3816,NVDAATMIV.U,2020-11-27T00:00:00Z,38.86
3817,NVDAATMIV.U,2020-11-30T00:00:00Z,41.31
3818,NVDAATMIV.U,2020-12-01T00:00:00Z,41.09
3819,NVDAATMIV.U,2020-12-02T00:00:00Z,41.17
3820,NVDAATMIV.U,2020-12-03T00:00:00Z,39.99
3821,NVDAATMIV.U,2020-12-04T00:00:00Z,38.11
3822,NVDAATMIV.U,2020-12-07T00:00:00Z,38.9
3823,NVDAATMIV.U,2020-12-08T00:00:00Z,39.25
3824,NVDAATMIV.U,2020-12-09T00:00:00Z,40.71
3825,NVDAATMIV.U,2020-12-10T00:00:00Z,40.78
3826,NVDAATMIV.U,2020-12-11T00:00:00Z,40.75
3827,NVDAATMIV.U,2020-12-14T00:00:00Z,41.56
3828,NVDAATMIV.U,2020-12-15T00:00:00Z,40.3
3829,NVDAATMIV.U,2020-12-16T00:00:00Z,40.61
3830,NVDAATMIV.U,2020-12-17T00:00:00Z,38.8
3831,NVDAATMIV.U,2020-12-18T00:00:00Z,38.24
3832,NVDAATMIV.U,2020-12-21T00:00:00Z,38.4
3833,NVDAATMIV.U,2020-12-22T00:00:00Z,37.12
3834,NVDAATMIV.U,2020-12-23T00:00:00Z,36.31
3835,NVDAATMIV.U,2020-12-24T00:00:00Z,35.24
3836,NVDAATMIV.U,2020-12-24T00:00:00Z,35.24
3837,NVDAATMIV.U,2020-12-28T00:00:00Z,36.14
3838,NVDAATMIV.U,2020-12-29T00:00:00Z,36.63
3839,NVDAATMIV.U,2020-12-30T00:00:00Z,37.0
3840,NVDAATMIV.U,2020-12-31T00:00:00Z,36.34
3841,NVDAATMIV.U,2020-12-31T00:00:00Z,36.34
3842,NVDAATMIV.U,2021-01-04T00:00:00Z,40.27
3843,NVDAATMIV.U,2021-01-05T00:00:00Z,39.48
3844,NVDAATMIV.U,2021-01-06T00:00:00Z,41.93
3845,NVDAATMIV.U,2021-01-07T00:00:00Z,37.19
3846,NVDAATMIV.U,2021-01-08T00:00:00Z,37.49
3847,NVDAATMIV.U,2021-01-11T00:00:00Z,43.26
3848,NVDAATMIV.U,2021-01-12T00:00:00Z,42.87
3849,NVDAATMIV.U,2021-01-13T00:00:00Z,40.82
3850,NVDAATMIV.U,2021-01-14T00:00:00Z,40.98
3851,NVDAATMIV.U,2021-01-15T00:00:00Z,39.17
3852,NVDAATMIV.U,2021-01-15T00:00:00Z,39.17
3853,NVDAATMIV.U,2021-01-19T00:00:00Z,36.93
3854,NVDAATMIV.U,2021-01-20T00:00:00Z,37.62
3855,NVDAATMIV.U,2021-01-21T00:00:00Z,43.22
3856,NVDAATMIV.U,2021-01-22T00:00:00Z,42.12
3857,NVDAATMIV.U,2021-01-25T00:00:00Z,46.62
3858,NVDAATMIV.U,2021-01-26T00:00:00Z,48.53
3859,NVDAATMIV.U,2021-01-27T00:00:00Z,54.71
3860,NVDAATMIV.U,2021-01-28T00:00:00Z,49.86
3861,NVDAATMIV.U,2021-01-29T00:00:00Z,51.16
3862,NVDAATMIV.U,2021-02-01T00:00:00Z,49.42
3863,NVDAATMIV.U,2021-02-02T00:00:00Z,46.29
3864,NVDAATMIV.U,2021-02-03T00:00:00Z,45.78
3865,NVDAATMIV.U,2021-02-04T00:00:00Z,44.41
3866,NVDAATMIV.U,2021-02-05T00:00:00Z,42.68
3867,NVDAATMIV.U,2021-02-08T00:00:00Z,47.3
3868,NVDAATMIV.U,2021-02-09T00:00:00Z,45.76
3869,NVDAATMIV.U,2021-02-10T00:00:00Z,50.84
3870,NVDAATMIV.U,2021-02-11T00:00:00Z,51.86
3871,NVDAATMIV.U,2021-02-12T00:00:00Z,49.96
3872,NVDAATMIV.U,2021-02-12T00:00:00Z,49.96
3873,NVDAATMIV.U,2021-02-16T00:00:00Z,49.67
3874,NVDAATMIV.U,2021-02-17T00:00:00Z,50.35
3875,NVDAATMIV.U,2021-02-18T00:00:00Z,49.5
3876,NVDAATMIV.U,2021-02-19T00:00:00Z,47.6
3877,NVDAATMIV.U,2021-02-22T00:00:00Z,50.57
3878,NVDAATMIV.U,2021-02-23T00:00:00Z,48.13
3879,NVDAATMIV.U,2021-02-24T00:00:00Z,46.66
3880,NVDAATMIV.U,2021-02-25T00:00:00Z,49.91
3881,NVDAATMIV.U,2021-02-26T00:00:00Z,43.36
3882,NVDAATMIV.U,2021-03-01T00:00:00Z,40.32
3883,NVDAATMIV.U,2021-03-02T00:00:00Z,39.79
3884,NVDAATMIV.U,2021-03-03T00:00:00Z,42.82
3885,NVDAATMIV.U,2021-03-04T00:00:00Z,46.95
3886,NVDAATMIV.U,2021-03-05T00:00:00Z,41.28
3887,NVDAATMIV.U,2021-03-08T00:00:00Z,46.49
3888,NVDAATMIV.U,2021-03-09T00:00:00Z,41.91
3889,NVDAATMIV.U,2021-03-10T00:00:00Z,41.6
3890,NVDAATMIV.U,2021-03-11T00:00:00Z,40.54
3891,NVDAATMIV.U,2021-03-12T00:00:00Z,40.79
3892,NVDAATMIV.U,2021-03-15T00:00:00Z,40.18
3893,NVDAATMIV.U,2021-03-16T00:00:00Z,38.41
3894,NVDAATMIV.U,2021-03-17T00:00:00Z,38.77
3895,NVDAATMIV.U,2021-03-18T00:00:00Z,41.76
3896,NVDAATMIV.U,2021-03-19T00:00:00Z,38.07
3897,NVDAATMIV.U,2021-03-22T00:00:00Z,35.4
3898,NVDAATMIV.U,2021-03-23T00:00:00Z,35.35
3899,NVDAATMIV.U,2021-03-24T00:00:00Z,36.64
3900,NVDAATMIV.U,2021-03-25T00:00:00Z,36.22
3901,NVDAATMIV.U,2021-03-26T00:00:00Z,34.69
3902,NVDAATMIV.U,2021-03-29T00:00:00Z,35.91
3903,NVDAATMIV.U,2021-03-30T00:00:00Z,35.64
3904,NVDAATMIV.U,2021-03-31T00:00:00Z,35.1
3905,NVDAATMIV.U,2021-04-01T00:00:00Z,34.24
3906,NVDAATMIV.U,2021-04-01T00:00:00Z,34.24
3907,NVDAATMIV.U,2021-04-05T00:00:00Z,33.98
3908,NVDAATMIV.U,2021-04-06T00:00:00Z,34.22
3909,NVDAATMIV.U,2021-04-07T00:00:00Z,33.72
3910,NVDAATMIV.U,2021-04-08T00:00:00Z,32.95
3911,NVDAATMIV.U,2021-04-09T00:00:00Z,33.04
3912,NVDAATMIV.U,2021-04-12T00:00:00Z,36.48
3913,NVDAATMIV.U,2021-04-13T00:00:00Z,35.07
3914,NVDAATMIV.U,2021-04-14T00:00:00Z,35.04
3915,NVDAATMIV.U,2021-04-15T00:00:00Z,37.75
3916,NVDAATMIV.U,2021-04-16T00:00:00Z,34.72
3917,NVDAATMIV.U,2021-04-19T00:00:00Z,35.09
3918,NVDAATMIV.U,2021-04-20T00:00:00Z,35.33
3919,NVDAATMIV.U,2021-04-21T00:00:00Z,33.86
3920,NVDAATMIV.U,2021-04-22T00:00:00Z,36.93
3921,NVDAATMIV.U,2021-04-23T00:00:00Z,35.46
3922,NVDAATMIV.U,2021-04-26T00:00:00Z,38.55
3923,NVDAATMIV.U,2021-04-27T00:00:00Z,38.63
3924,NVDAATMIV.U,2021-04-28T00:00:00Z,39.03
3925,NVDAATMIV.U,2021-04-29T00:00:00Z,38.42
3926,NVDAATMIV.U,2021-04-30T00:00:00Z,37.91
3927,NVDAATMIV.U,2021-05-03T00:00:00Z,37.05
3928,NVDAATMIV.U,2021-05-04T00:00:00Z,39.39
3929,NVDAATMIV.U,2021-05-05T00:00:00Z,39.29
3930,NVDAATMIV.U,2021-05-06T00:00:00Z,39.0
3931,NVDAATMIV.U,2021-05-07T00:00:00Z,37.7
3932,NVDAATMIV.U,2021-05-10T00:00:00Z,40.01
3933,NVDAATMIV.U,2021-05-11T00:00:00Z,41.52
3934,NVDAATMIV.U,2021-05-12T00:00:00Z,46.57
3935,NVDAATMIV.U,2021-05-13T00:00:00Z,43.55
3936,NVDAATMIV.U,2021-05-14T00:00:00Z,40.21
3937,NVDAATMIV.U,2021-05-17T00:00:00Z,40.68
3938,NVDAATMIV.U,2021-05-18T00:00:00Z,41.67
3939,NVDAATMIV.U,2021-05-19T00:00:00Z,42.71
3940,NVDAATMIV.U,2021-05-20T00:00:00Z,40.2
3941,NVDAATMIV.U,2021-05-21T00:00:00Z,41.73
3942,NVDAATMIV.U,2021-05-24T00:00:00Z,39.84
3943,NVDAATMIV.U,2021-05-25T00:00:00Z,38.3
3944,NVDAATMIV.U,2021-05-26T00:00:00Z,36.69
3945,NVDAATMIV.U,2021-05-27T00:00:00Z,32.67
3946,NVDAATMIV.U,2021-05-28T00:00:00Z,34.68
3947,NVDAATMIV.U,2021-05-28T00:00:00Z,34.68
3948,NVDAATMIV.U,2021-06-01T00:00:00Z,36.27
3949,NVDAATMIV.U,2021-06-02T00:00:00Z,35.84
3950,NVDAATMIV.U,2021-06-03T00:00:00Z,37.2
3951,NVDAATMIV.U,2021-06-04T00:00:00Z,36.93
3952,NVDAATMIV.U,2021-06-07T00:00:00Z,36.05
3953,NVDAATMIV.U,2021-06-08T00:00:00Z,34.21
3954,NVDAATMIV.U,2021-06-09T00:00:00Z,33.34
3955,NVDAATMIV.U,2021-06-10T00:00:00Z,31.29
3956,NVDAATMIV.U,2021-06-11T00:00:00Z,32.4
3957,NVDAATMIV.U,2021-06-14T00:00:00Z,31.59
3958,NVDAATMIV.U,2021-06-15T00:00:00Z,31.26
3959,NVDAATMIV.U,2021-06-16T00:00:00Z,30.46
3960,NVDAATMIV.U,2021-06-17T00:00:00Z,33.36
3961,NVDAATMIV.U,2021-06-18T00:00:00Z,36.7
3962,NVDAATMIV.U,2021-06-21T00:00:00Z,36.8
3963,NVDAATMIV.U,2021-06-22T00:00:00Z,37.58
3964,NVDAATMIV.U,2021-06-23T00:00:00Z,36.65
3965,NVDAATMIV.U,2021-06-24T00:00:00Z,36.97
3966,NVDAATMIV.U,2021-06-25T00:00:00Z,35.72
3967,NVDAATMIV.U,2021-06-28T00:00:00Z,38.86
3968,NVDAATMIV.U,2021-06-29T00:00:00Z,38.46
3969,NVDAATMIV.U,2021-06-30T00:00:00Z,39.13
3970,NVDAATMIV.U,2021-07-01T00:00:00Z,39.19
3971,NVDAATMIV.U,2021-07-02T00:00:00Z,37.17
3972,NVDAATMIV.U,2021-07-02T00:00:00Z,37.17
3973,NVDAATMIV.U,2021-07-06T00:00:00Z,40.56
3974,NVDAATMIV.U,2021-07-07T00:00:00Z,41.91
3975,NVDAATMIV.U,2021-07-08T00:00:00Z,42.95
3976,NVDAATMIV.U,2021-07-09T00:00:00Z,40.41
3977,NVDAATMIV.U,2021-07-12T00:00:00Z,39.32
3978,NVDAATMIV.U,2021-07-13T00:00:00Z,38.35
3979,NVDAATMIV.U,2021-07-14T00:00:00Z,37.53
3980,NVDAATMIV.U,2021-07-15T00:00:00Z,40.98
3981,NVDAATMIV.U,2021-07-16T00:00:00Z,39.75
3982,NVDAATMIV.U,2021-07-19T00:00:00Z,44.92
3983,NVDAATMIV.U,2021-07-20T00:00:00Z,43.69
3984,NVDAATMIV.U,2021-07-21T00:00:00Z,42.08
3985,NVDAATMIV.U,2021-07-22T00:00:00Z,43.98
3986,NVDAATMIV.U,2021-07-23T00:00:00Z,42.28
3987,NVDAATMIV.U,2021-07-26T00:00:00Z,42.36
3988,NVDAATMIV.U,2021-07-27T00:00:00Z,43.21
3989,NVDAATMIV.U,2021-07-28T00:00:00Z,41.81
3990,NVDAATMIV.U,2021-07-29T00:00:00Z,40.39
3991,NVDAATMIV.U,2021-07-30T00:00:00Z,40.01
3992,NVDAATMIV.U,2021-08-02T00:00:00Z,41.6
3993,NVDAATMIV.U,2021-08-03T00:00:00Z,42.0
3994,NVDAATMIV.U,2021-08-04T00:00:00Z,43.27
3995,NVDAATMIV.U,2021-08-05T00:00:00Z,41.07
3996,NVDAATMIV.U,2021-08-06T00:00:00Z,39.78
3997,NVDAATMIV.U,2021-08-09T00:00:00Z,38.54
3998,NVDAATMIV.U,2021-08-10T00:00:00Z,38.64
3999,NVDAATMIV.U,2021-08-11T00:00:00Z,38.66
4000,NVDAATMIV.U,2021-08-12T00:00:00Z,39.12
4001,NVDAATMIV.U,2021-08-13T00:00:00Z,37.85
4002,NVDAATMIV.U,2021-08-16T00:00:00Z,39.53
4003,NVDAATMIV.U,2021-08-17T00:00:00Z,39.42
4004,NVDAATMIV.U,2021-08-18T00:00:00Z,39.54
4005,NVDAATMIV.U,2021-08-19T00:00:00Z,37.62
4006,NVDAATMIV.U,2021-08-20T00:00:00Z,36.19
4007,NVDAATMIV.U,2021-08-23T00:00:00Z,34.96
4008,NVDAATMIV.U,2021-08-24T00:00:00Z,33.83
4009,NVDAATMIV.U,2021-08-25T00:00:00Z,32.94
4010,NVDAATMIV.U,2021-08-26T00:00:00Z,33.46
4011,NVDAATMIV.U,2021-08-27T00:00:00Z,31.65
4012,NVDAATMIV.U,2021-08-30T00:00:00Z,31.06
4013,NVDAATMIV.U,2021-08-31T00:00:00Z,31.24
4014,NVDAATMIV.U,2021-09-01T00:00:00Z,31.29
4015,NVDAATMIV.U,2021-09-02T00:00:00Z,30.93
4016,NVDAATMIV.U,2021-09-03T00:00:00Z,31.43
4017,NVDAATMIV.U,2021-09-03T00:00:00Z,31.43
4018,NVDAATMIV.U,2021-09-07T00:00:00Z,31.61
4019,NVDAATMIV.U,2021-09-08T00:00:00Z,35.04
4020,NVDAATMIV.U,2021-09-09T00:00:00Z,34.51
4021,NVDAATMIV.U,2021-09-10T00:00:00Z,34.48
4022,NVDAATMIV.U,2021-09-13T00:00:00Z,34.07
4023,NVDAATMIV.U,2021-09-14T00:00:00Z,33.73
4024,NVDAATMIV.U,2021-09-15T00:00:00Z,32.34
4025,NVDAATMIV.U,2021-09-16T00:00:00Z,31.86
4026,NVDAATMIV.U,2021-09-17T00:00:00Z,32.1
4027,NVDAATMIV.U,2021-09-20T00:00:00Z,37.58
4028,NVDAATMIV.U,2021-09-21T00:00:00Z,35.97
4029,NVDAATMIV.U,2021-09-22T00:00:00Z,33.57
4030,NVDAATMIV.U,2021-09-23T00:00:00Z,33.73
4031,NVDAATMIV.U,2021-09-24T00:00:00Z,32.51
4032,NVDAATMIV.U,2021-09-27T00:00:00Z,32.86
4033,NVDAATMIV.U,2021-09-28T00:00:00Z,38.33
4034,NVDAATMIV.U,2021-09-29T00:00:00Z,37.25
4035,NVDAATMIV.U,2021-09-30T00:00:00Z,37.2
4036,NVDAATMIV.U,2021-10-01T00:00:00Z,34.79
4037,NVDAATMIV.U,2021-10-04T00:00:00Z,39.15
4038,NVDAATMIV.U,2021-10-05T00:00:00Z,36.29
4039,NVDAATMIV.U,2021-10-06T00:00:00Z,36.83
4040,NVDAATMIV.U,2021-10-07T00:00:00Z,34.19
4041,NVDAATMIV.U,2021-10-08T00:00:00Z,33.17
4042,NVDAATMIV.U,2021-10-11T00:00:00Z,33.85
4043,NVDAATMIV.U,2021-10-12T00:00:00Z,34.18
4044,NVDAATMIV.U,2021-10-13T00:00:00Z,32.55
4045,NVDAATMIV.U,2021-10-14T00:00:00Z,32.7
4046,NVDAATMIV.U,2021-10-15T00:00:00Z,29.93
4047,NVDAATMIV.U,2021-10-18T00:00:00Z,32.48
4048,NVDAATMIV.U,2021-10-19T00:00:00Z,32.37
4049,NVDAATMIV.U,2021-10-20T00:00:00Z,32.84
4050,NVDAATMIV.U,2021-10-21T00:00:00Z,33.18
4051,NVDAATMIV.U,2021-10-22T00:00:00Z,34.24
4052,NVDAATMIV.U,2021-10-25T00:00:00Z,35.73
4053,NVDAATMIV.U,2021-10-26T00:00:00Z,39.45
4054,NVDAATMIV.U,2021-10-27T00:00:00Z,37.62
4055,NVDAATMIV.U,2021-10-28T00:00:00Z,38.46
4056,NVDAATMIV.U,2021-10-29T00:00:00Z,38.96
4057,NVDAATMIV.U,2021-11-01T00:00:00Z,39.55
4058,NVDAATMIV.U,2021-11-02T00:00:00Z,41.26
4059,NVDAATMIV.U,2021-11-03T00:00:00Z,41.16
4060,NVDAATMIV.U,2021-11-04T00:00:00Z,56.24
4061,NVDAATMIV.U,2021-11-05T00:00:00Z,61.14
4062,NVDAATMIV.U,2021-11-08T00:00:00Z,60.04
4063,NVDAATMIV.U,2021-11-09T00:00:00Z,58.76
4064,NVDAATMIV.U,2021-11-10T00:00:00Z,53.57
4065,NVDAATMIV.U,2021-11-11T00:00:00Z,51.27
4066,NVDAATMIV.U,2021-11-12T00:00:00Z,50.05
4067,NVDAATMIV.U,2021-11-15T00:00:00Z,50.93
4068,NVDAATMIV.U,2021-11-16T00:00:00Z,49.3
4069,NVDAATMIV.U,2021-11-17T00:00:00Z,54.53
4070,NVDAATMIV.U,2021-11-18T00:00:00Z,48.13
4071,NVDAATMIV.U,2021-11-19T00:00:00Z,44.96
4072,NVDAATMIV.U,2021-11-22T00:00:00Z,50.17
4073,NVDAATMIV.U,2021-11-23T00:00:00Z,52.12
4074,NVDAATMIV.U,2021-11-24T00:00:00Z,48.54
4075,NVDAATMIV.U,2021-11-24T00:00:00Z,48.54
4076,NVDAATMIV.U,2021-11-26T00:00:00Z,52.2
4077,NVDAATMIV.U,2021-11-29T00:00:00Z,48.51
4078,NVDAATMIV.U,2021-11-30T00:00:00Z,50.48
4079,NVDAATMIV.U,2021-12-01T00:00:00Z,53.28
4080,NVDAATMIV.U,2021-12-02T00:00:00Z,51.79
4081,NVDAATMIV.U,2021-12-03T00:00:00Z,55.07
4082,NVDAATMIV.U,2021-12-06T00:00:00Z,54.04
4083,NVDAATMIV.U,2021-12-07T00:00:00Z,47.0
4084,NVDAATMIV.U,2021-12-08T00:00:00Z,47.8
4085,NVDAATMIV.U,2021-12-09T00:00:00Z,50.87
4086,NVDAATMIV.U,2021-12-10T00:00:00Z,47.45
4087,NVDAATMIV.U,2021-12-13T00:00:00Z,52.91
4088,NVDAATMIV.U,2021-12-14T00:00:00Z,52.4
4089,NVDAATMIV.U,2021-12-15T00:00:00Z,52.34
4090,NVDAATMIV.U,2021-12-16T00:00:00Z,59.29
4091,NVDAATMIV.U,2021-12-17T00:00:00Z,59.48
4092,NVDAATMIV.U,2021-12-20T00:00:00Z,56.6
4093,NVDAATMIV.U,2021-12-21T00:00:00Z,51.13
4094,NVDAATMIV.U,2021-12-22T00:00:00Z,48.16
4095,NVDAATMIV.U,2021-12-23T00:00:00Z,47.07
4096,NVDAATMIV.U,2021-12-23T00:00:00Z,47.07
4097,NVDAATMIV.U,2021-12-27T00:00:00Z,46.94
4098,NVDAATMIV.U,2021-12-28T00:00:00Z,48.88
4099,NVDAATMIV.U,2021-12-29T00:00:00Z,46.89
4100,NVDAATMIV.U,2021-12-30T00:00:00Z,45.18
4101,NVDAATMIV.U,2021-12-31T00:00:00Z,44.27
4102,NVDAATMIV.U,2022-01-03T00:00:00Z,45.2
4103,NVDAATMIV.U,2022-01-04T00:00:00Z,47.73
4104,NVDAATMIV.U,2022-01-05T00:00:00Z,51.42
4105,NVDAATMIV.U,2022-01-06T00:00:00Z,49.44
4106,NVDAATMIV.U,2022-01-07T00:00:00Z,49.43
4107,NVDAATMIV.U,2022-01-10T00:00:00Z,51.21
4108,NVDAATMIV.U,2022-01-11T00:00:00Z,47.34
4109,NVDAATMIV.U,2022-01-12T00:00:00Z,45.98
4110,NVDAATMIV.U,2022-01-13T00:00:00Z,52.28
4111,NVDAATMIV.U,2022-01-14T00:00:00Z,48.03
4112,NVDAATMIV.U,2022-01-14T00:00:00Z,48.03
4113,NVDAATMIV.U,2022-01-18T00:00:00Z,53.99
4114,NVDAATMIV.U,2022-01-19T00:00:00Z,54.03
4115,NVDAATMIV.U,2022-01-20T00:00:00Z,53.43
4116,NVDAATMIV.U,2022-01-21T00:00:00Z,59.57
4117,NVDAATMIV.U,2022-01-24T00:00:00Z,64.1
4118,NVDAATMIV.U,2022-01-25T00:00:00Z,68.77
4119,NVDAATMIV.U,2022-01-26T00:00:00Z,65.92
4120,NVDAATMIV.U,2022-01-27T00:00:00Z,65.59
4121,NVDAATMIV.U,2022-01-28T00:00:00Z,59.2
4122,NVDAATMIV.U,2022-01-31T00:00:00Z,55.61
4123,NVDAATMIV.U,2022-02-01T00:00:00Z,56.55
4124,NVDAATMIV.U,2022-02-02T00:00:00Z,58.09
4125,NVDAATMIV.U,2022-02-03T00:00:00Z,64.71
4126,NVDAATMIV.U,2022-02-04T00:00:00Z,62.06
4127,NVDAATMIV.U,2022-02-07T00:00:00Z,62.93
4128,NVDAATMIV.U,2022-02-08T00:00:00Z,60.0
4129,NVDAATMIV.U,2022-02-09T00:00:00Z,56.88
4130,NVDAATMIV.U,2022-02-10T00:00:00Z,60.15
4131,NVDAATMIV.U,2022-02-11T00:00:00Z,68.24
4132,NVDAATMIV.U,2022-02-14T00:00:00Z,66.85
4133,NVDAATMIV.U,2022-02-15T00:00:00Z,60.47
4134,NVDAATMIV.U,2022-02-16T00:00:00Z,63.92
4135,NVDAATMIV.U,2022-02-17T00:00:00Z,60.14
4136,NVDAATMIV.U,2022-02-18T00:00:00Z,58.4
4137,NVDAATMIV.U,2022-02-18T00:00:00Z,58.4
4138,NVDAATMIV.U,2022-02-22T00:00:00Z,58.93
4139,NVDAATMIV.U,2022-02-23T00:00:00Z,62.04
4140,NVDAATMIV.U,2022-02-24T00:00:00Z,56.78
4141,NVDAATMIV.U,2022-02-25T00:00:00Z,52.69
4142,NVDAATMIV.U,2022-02-28T00:00:00Z,53.06
4143,NVDAATMIV.U,2022-03-01T00:00:00Z,59.18
4144,NVDAATMIV.U,2022-03-02T00:00:00Z,53.75
4145,NVDAATMIV.U,2022-03-03T00:00:00Z,55.55
4146,NVDAATMIV.U,2022-03-04T00:00:00Z,60.21
4147,NVDAATMIV.U,2022-03-07T00:00:00Z,66.32
4148,NVDAATMIV.U,2022-03-08T00:00:00Z,63.96
4149,NVDAATMIV.U,2022-03-09T00:00:00Z,58.25
4150,NVDAATMIV.U,2022-03-10T00:00:00Z,57.27
4151,NVDAATMIV.U,2022-03-11T00:00:00Z,58.97
4152,NVDAATMIV.U,2022-03-14T00:00:00Z,62.86
4153,NVDAATMIV.U,2022-03-15T00:00:00Z,57.54
4154,NVDAATMIV.U,2022-03-16T00:00:00Z,52.18
4155,NVDAATMIV.U,2022-03-17T00:00:00Z,48.98
4156,NVDAATMIV.U,2022-03-18T00:00:00Z,46.95
4157,NVDAATMIV.U,2022-03-21T00:00:00Z,51.7
4158,NVDAATMIV.U,2022-03-22T00:00:00Z,48.62
4159,NVDAATMIV.U,2022-03-23T00:00:00Z,45.69
4160,NVDAATMIV.U,2022-03-24T00:00:00Z,49.87
4161,NVDAATMIV.U,2022-03-25T00:00:00Z,48.15
4162,NVDAATMIV.U,2022-03-28T00:00:00Z,48.38
4163,NVDAATMIV.U,2022-03-29T00:00:00Z,45.27
4164,NVDAATMIV.U,2022-03-30T00:00:00Z,45.84
4165,NVDAATMIV.U,2022-03-31T00:00:00Z,46.48
4166,NVDAATMIV.U,2022-04-01T00:00:00Z,46.34
4167,NVDAATMIV.U,2022-04-04T00:00:00Z,43.62
4168,NVDAATMIV.U,2022-04-05T00:00:00Z,46.6
4169,NVDAATMIV.U,2022-04-06T00:00:00Z,52.33
4170,NVDAATMIV.U,2022-04-07T00:00:00Z,52.52
4171,NVDAATMIV.U,2022-04-08T00:00:00Z,53.13
4172,NVDAATMIV.U,2022-04-11T00:00:00Z,57.39
4173,NVDAATMIV.U,2022-04-12T00:00:00Z,56.92
4174,NVDAATMIV.U,2022-04-13T00:00:00Z,53.57
4175,NVDAATMIV.U,2022-04-14T00:00:00Z,54.89
4176,NVDAATMIV.U,2022-04-14T00:00:00Z,54.89
4177,NVDAATMIV.U,2022-04-18T00:00:00Z,56.19
4178,NVDAATMIV.U,2022-04-19T00:00:00Z,54.16
4179,NVDAATMIV.U,2022-04-20T00:00:00Z,57.0
4180,NVDAATMIV.U,2022-04-21T00:00:00Z,62.41
4181,NVDAATMIV.U,2022-04-22T00:00:00Z,67.65
4182,NVDAATMIV.U,2022-04-25T00:00:00Z,68.09
4183,NVDAATMIV.U,2022-04-26T00:00:00Z,76.77
4184,NVDAATMIV.U,2022-04-27T00:00:00Z,75.0
4185,NVDAATMIV.U,2022-04-28T00:00:00Z,68.76
4186,NVDAATMIV.U,2022-04-29T00:00:00Z,75.62
4187,NVDAATMIV.U,2022-05-02T00:00:00Z,74.34
4188,NVDAATMIV.U,2022-05-03T00:00:00Z,72.59
4189,NVDAATMIV.U,2022-05-04T00:00:00Z,66.14
4190,NVDAATMIV.U,2022-05-05T00:00:00Z,73.22
4191,NVDAATMIV.U,2022-05-06T00:00:00Z,72.44
4192,NVDAATMIV.U,2022-05-09T00:00:00Z,83.47
4193,NVDAATMIV.U,2022-05-10T00:00:00Z,80.63
4194,NVDAATMIV.U,2022-05-11T00:00:00Z,81.45
4195,NVDAATMIV.U,2022-05-12T00:00:00Z,79.36
4196,NVDAATMIV.U,2022-05-13T00:00:00Z,72.11
4197,NVDAATMIV.U,2022-05-16T00:00:00Z,71.8
4198,NVDAATMIV.U,2022-05-17T00:00:00Z,65.22
4199,NVDAATMIV.U,2022-05-18T00:00:00Z,74.06
4200,NVDAATMIV.U,2022-05-19T00:00:00Z,69.09
4201,NVDAATMIV.U,2022-05-20T00:00:00Z,71.48
4202,NVDAATMIV.U,2022-05-23T00:00:00Z,69.91
4203,NVDAATMIV.U,2022-05-24T00:00:00Z,74.72
4204,NVDAATMIV.U,2022-05-25T00:00:00Z,74.05
4205,NVDAATMIV.U,2022-05-26T00:00:00Z,57.22
4206,NVDAATMIV.U,2022-05-27T00:00:00Z,51.56
4207,NVDAATMIV.U,2022-05-27T00:00:00Z,51.56
4208,NVDAATMIV.U,2022-05-31T00:00:00Z,54.17
4209,NVDAATMIV.U,2022-06-01T00:00:00Z,54.22
4210,NVDAATMIV.U,2022-06-02T00:00:00Z,51.51
4211,NVDAATMIV.U,2022-06-03T00:00:00Z,53.06
4212,NVDAATMIV.U,2022-06-06T00:00:00Z,52.32
4213,NVDAATMIV.U,2022-06-07T00:00:00Z,50.81
4214,NVDAATMIV.U,2022-06-08T00:00:00Z,50.49
4215,NVDAATMIV.U,2022-06-09T00:00:00Z,53.32
4216,NVDAATMIV.U,2022-06-10T00:00:00Z,55.3
4217,NVDAATMIV.U,2022-06-13T00:00:00Z,64.94
4218,NVDAATMIV.U,2022-06-14T00:00:00Z,61.03
4219,NVDAATMIV.U,2022-06-15T00:00:00Z,55.38
4220,NVDAATMIV.U,2022-06-16T00:00:00Z,62.51
4221,NVDAATMIV.U,2022-06-17T00:00:00Z,58.39
4222,NVDAATMIV.U,2022-06-17T00:00:00Z,58.39
4223,NVDAATMIV.U,2022-06-21T00:00:00Z,57.1
4224,NVDAATMIV.U,2022-06-22T00:00:00Z,57.21
4225,NVDAATMIV.U,2022-06-23T00:00:00Z,55.85
4226,NVDAATMIV.U,2022-06-24T00:00:00Z,51.93
4227,NVDAATMIV.U,2022-06-27T00:00:00Z,54.53
4228,NVDAATMIV.U,2022-06-28T00:00:00Z,58.12
4229,NVDAATMIV.U,2022-06-29T00:00:00Z,60.1
4230,NVDAATMIV.U,2022-06-30T00:00:00Z,60.57
4231,NVDAATMIV.U,2022-07-01T00:00:00Z,59.23
4232,NVDAATMIV.U,2022-07-01T00:00:00Z,59.23
4233,NVDAATMIV.U,2022-07-05T00:00:00Z,59.01
4234,NVDAATMIV.U,2022-07-06T00:00:00Z,57.86
4235,NVDAATMIV.U,2022-07-07T00:00:00Z,53.42
4236,NVDAATMIV.U,2022-07-08T00:00:00Z,52.34
4237,NVDAATMIV.U,2022-07-11T00:00:00Z,56.52
4238,NVDAATMIV.U,2022-07-12T00:00:00Z,56.93
4239,NVDAATMIV.U,2022-07-13T00:00:00Z,57.16
4240,NVDAATMIV.U,2022-07-14T00:00:00Z,54.77
4241,NVDAATMIV.U,2022-07-15T00:00:00Z,52.15
4242,NVDAATMIV.U,2022-07-18T00:00:00Z,55.85
4243,NVDAATMIV.U,2022-07-19T00:00:00Z,53.8
4244,NVDAATMIV.U,2022-07-20T00:00:00Z,52.96
4245,NVDAATMIV.U,2022-07-21T00:00:00Z,54.25
4246,NVDAATMIV.U,2022-07-22T00:00:00Z,54.09
4247,NVDAATMIV.U,2022-07-25T00:00:00Z,58.18
4248,NVDAATMIV.U,2022-07-26T00:00:00Z,61.31
4249,NVDAATMIV.U,2022-07-27T00:00:00Z,57.57
4250,NVDAATMIV.U,2022-07-28T00:00:00Z,55.87
4251,NVDAATMIV.U,2022-07-29T00:00:00Z,55.27
4252,NVDAATMIV.U,2022-08-01T00:00:00Z,58.13
4253,NVDAATMIV.U,2022-08-02T00:00:00Z,59.37
4254,NVDAATMIV.U,2022-08-03T00:00:00Z,56.13
4255,NVDAATMIV.U,2022-08-04T00:00:00Z,54.57
4256,NVDAATMIV.U,2022-08-05T00:00:00Z,53.03
4257,NVDAATMIV.U,2022-08-08T00:00:00Z,53.82
4258,NVDAATMIV.U,2022-08-09T00:00:00Z,54.04
4259,NVDAATMIV.U,2022-08-10T00:00:00Z,50.94
4260,NVDAATMIV.U,2022-08-11T00:00:00Z,51.62
4261,NVDAATMIV.U,2022-08-12T00:00:00Z,49.35
4262,NVDAATMIV.U,2022-08-15T00:00:00Z,49.45
4263,NVDAATMIV.U,2022-08-16T00:00:00Z,48.77
4264,NVDAATMIV.U,2022-08-17T00:00:00Z,49.35
4265,NVDAATMIV.U,2022-08-18T00:00:00Z,47.85
4266,NVDAATMIV.U,2022-08-19T00:00:00Z,50.02
4267,NVDAATMIV.U,2022-08-22T00:00:00Z,54.81
4268,NVDAATMIV.U,2022-08-23T00:00:00Z,53.93
4269,NVDAATMIV.U,2022-08-24T00:00:00Z,53.19
4270,NVDAATMIV.U,2022-08-25T00:00:00Z,47.37
4271,NVDAATMIV.U,2022-08-26T00:00:00Z,52.03
4272,NVDAATMIV.U,2022-08-29T00:00:00Z,53.76
4273,NVDAATMIV.U,2022-08-30T00:00:00Z,54.47
4274,NVDAATMIV.U,2022-08-31T00:00:00Z,54.57
4275,NVDAATMIV.U,2022-09-01T00:00:00Z,56.94
4276,NVDAATMIV.U,2022-09-02T00:00:00Z,56.87
4277,NVDAATMIV.U,2022-09-02T00:00:00Z,56.87
4278,NVDAATMIV.U,2022-09-06T00:00:00Z,58.53
4279,NVDAATMIV.U,2022-09-07T00:00:00Z,55.18
4280,NVDAATMIV.U,2022-09-08T00:00:00Z,53.12
4281,NVDAATMIV.U,2022-09-09T00:00:00Z,49.71
4282,NVDAATMIV.U,2022-09-12T00:00:00Z,50.8
4283,NVDAATMIV.U,2022-09-13T00:00:00Z,56.22
4284,NVDAATMIV.U,2022-09-14T00:00:00Z,54.98
4285,NVDAATMIV.U,2022-09-15T00:00:00Z,55.29
4286,NVDAATMIV.U,2022-09-16T00:00:00Z,56.28
4287,NVDAATMIV.U,2022-09-19T00:00:00Z,55.6
4288,NVDAATMIV.U,2022-09-20T00:00:00Z,56.8
4289,NVDAATMIV.U,2022-09-21T00:00:00Z,57.5
4290,NVDAATMIV.U,2022-09-22T00:00:00Z,56.97
4291,NVDAATMIV.U,2022-09-23T00:00:00Z,59.17
4292,NVDAATMIV.U,2022-09-26T00:00:00Z,61.98
4293,NVDAATMIV.U,2022-09-27T00:00:00Z,61.02
4294,NVDAATMIV.U,2022-09-28T00:00:00Z,58.56
4295,NVDAATMIV.U,2022-09-29T00:00:00Z,61.18
4296,NVDAATMIV.U,2022-09-30T00:00:00Z,59.71
4297,NVDAATMIV.U,2022-10-03T00:00:00Z,57.95
4298,NVDAATMIV.U,2022-10-04T00:00:00Z,55.55
4299,NVDAATMIV.U,2022-10-05T00:00:00Z,54.83
4300,NVDAATMIV.U,2022-10-06T00:00:00Z,57.26
4301,NVDAATMIV.U,2022-10-07T00:00:00Z,61.18
4302,NVDAATMIV.U,2022-10-10T00:00:00Z,64.86
4303,NVDAATMIV.U,2022-10-11T00:00:00Z,66.16
4304,NVDAATMIV.U,2022-10-12T00:00:00Z,67.0
4305,NVDAATMIV.U,2022-10-13T00:00:00Z,64.3
4306,NVDAATMIV.U,2022-10-14T00:00:00Z,66.61
4307,NVDAATMIV.U,2022-10-17T00:00:00Z,63.76
4308,NVDAATMIV.U,2022-10-18T00:00:00Z,63.73
4309,NVDAATMIV.U,2022-10-19T00:00:00Z,64.69
4310,NVDAATMIV.U,2022-10-20T00:00:00Z,64.49
4311,NVDAATMIV.U,2022-10-21T00:00:00Z,63.68
4312,NVDAATMIV.U,2022-10-24T00:00:00Z,66.07
4313,NVDAATMIV.U,2022-10-25T00:00:00Z,63.42
4314,NVDAATMIV.U,2022-10-26T00:00:00Z,63.41
4315,NVDAATMIV.U,2022-10-27T00:00:00Z,62.82
4316,NVDAATMIV.U,2022-10-28T00:00:00Z,60.77
4317,NVDAATMIV.U,2022-10-31T00:00:00Z,62.3
4318,NVDAATMIV.U,2022-11-01T00:00:00Z,62.37
4319,NVDAATMIV.U,2022-11-02T00:00:00Z,63.07
4320,NVDAATMIV.U,2022-11-03T00:00:00Z,61.45
4321,NVDAATMIV.U,2022-11-04T00:00:00Z,59.84
4322,NVDAATMIV.U,2022-11-07T00:00:00Z,60.49
4323,NVDAATMIV.U,2022-11-08T00:00:00Z,60.81
4324,NVDAATMIV.U,2022-11-09T00:00:00Z,62.51
4325,NVDAATMIV.U,2022-11-10T00:00:00Z,58.43
4326,NVDAATMIV.U,2022-11-11T00:00:00Z,58.22
4327,NVDAATMIV.U,2022-11-14T00:00:00Z,60.2
4328,NVDAATMIV.U,2022-11-15T00:00:00Z,61.07
4329,NVDAATMIV.U,2022-11-16T00:00:00Z,61.98
4330,NVDAATMIV.U,2022-11-17T00:00:00Z,53.3
4331,NVDAATMIV.U,2022-11-18T00:00:00Z,51.33
4332,NVDAATMIV.U,2022-11-21T00:00:00Z,51.87
4333,NVDAATMIV.U,2022-11-22T00:00:00Z,49.62
4334,NVDAATMIV.U,2022-11-23T00:00:00Z,48.04
4335,NVDAATMIV.U,2022-11-23T00:00:00Z,48.04
4336,NVDAATMIV.U,2022-11-25T00:00:00Z,48.58
4337,NVDAATMIV.U,2022-11-28T00:00:00Z,50.59
4338,NVDAATMIV.U,2022-11-29T00:00:00Z,50.45
4339,NVDAATMIV.U,2022-11-30T00:00:00Z,46.83
4340,NVDAATMIV.U,2022-12-01T00:00:00Z,46.84
4341,NVDAATMIV.U,2022-12-02T00:00:00Z,45.94
4342,NVDAATMIV.U,2022-12-05T00:00:00Z,48.65
4343,NVDAATMIV.U,2022-12-06T00:00:00Z,50.48
4344,NVDAATMIV.U,2022-12-07T00:00:00Z,51.66
4345,NVDAATMIV.U,2022-12-08T00:00:00Z,51.97
4346,NVDAATMIV.U,2022-12-09T00:00:00Z,52.64
4347,NVDAATMIV.U,2022-12-12T00:00:00Z,55.1
4348,NVDAATMIV.U,2022-12-13T00:00:00Z,52.19
4349,NVDAATMIV.U,2022-12-14T00:00:00Z,50.41
4350,NVDAATMIV.U,2022-12-15T00:00:00Z,51.6
4351,NVDAATMIV.U,2022-12-16T00:00:00Z,51.18
4352,NVDAATMIV.U,2022-12-19T00:00:00Z,50.84
4353,NVDAATMIV.U,2022-12-20T00:00:00Z,50.98
4354,NVDAATMIV.U,2022-12-21T00:00:00Z,48.53
4355,NVDAATMIV.U,2022-12-22T00:00:00Z,53.42
4356,NVDAATMIV.U,2022-12-23T00:00:00Z,52.58
4357,NVDAATMIV.U,2022-12-23T00:00:00Z,52.58
4358,NVDAATMIV.U,2022-12-27T00:00:00Z,58.07
4359,NVDAATMIV.U,2022-12-28T00:00:00Z,56.82
4360,NVDAATMIV.U,2022-12-29T00:00:00Z,54.74
4361,NVDAATMIV.U,2022-12-30T00:00:00Z,54.26
4362,NVDAATMIV.U,2022-12-30T00:00:00Z,54.26
4363,NVDAATMIV.U,2023-01-03T00:00:00Z,57.22
4364,NVDAATMIV.U,2023-01-04T00:00:00Z,55.51
4365,NVDAATMIV.U,2023-01-05T00:00:00Z,56.33
4366,NVDAATMIV.U,2023-01-06T00:00:00Z,52.74
4367,NVDAATMIV.U,2023-01-09T00:00:00Z,53.37
4368,NVDAATMIV.U,2023-01-10T00:00:00Z,52.91
4369,NVDAATMIV.U,2023-01-11T00:00:00Z,53.23
4370,NVDAATMIV.U,2023-01-12T00:00:00Z,48.78
4371,NVDAATMIV.U,2023-01-13T00:00:00Z,47.05
4372,NVDAATMIV.U,2023-01-13T00:00:00Z,47.05
4373,NVDAATMIV.U,2023-01-17T00:00:00Z,47.64
4374,NVDAATMIV.U,2023-01-18T00:00:00Z,48.29
4375,NVDAATMIV.U,2023-01-19T00:00:00Z,53.79
4376,NVDAATMIV.U,2023-01-20T00:00:00Z,49.54
4377,NVDAATMIV.U,2023-01-23T00:00:00Z,53.18
4378,NVDAATMIV.U,2023-01-24T00:00:00Z,55.61
4379,NVDAATMIV.U,2023-01-25T00:00:00Z,55.39
4380,NVDAATMIV.U,2023-01-26T00:00:00Z,53.65
4381,NVDAATMIV.U,2023-01-27T00:00:00Z,54.48
4382,NVDAATMIV.U,2023-01-30T00:00:00Z,56.72
4383,NVDAATMIV.U,2023-01-31T00:00:00Z,56.46
4384,NVDAATMIV.U,2023-02-01T00:00:00Z,53.45
4385,NVDAATMIV.U,2023-02-02T00:00:00Z,55.28
4386,NVDAATMIV.U,2023-02-03T00:00:00Z,55.3
4387,NVDAATMIV.U,2023-02-06T00:00:00Z,56.58
4388,NVDAATMIV.U,2023-02-07T00:00:00Z,55.6
4389,NVDAATMIV.U,2023-02-08T00:00:00Z,56.85
4390,NVDAATMIV.U,2023-02-09T00:00:00Z,57.12
4391,NVDAATMIV.U,2023-02-10T00:00:00Z,58.45
4392,NVDAATMIV.U,2023-02-13T00:00:00Z,60.35
4393,NVDAATMIV.U,2023-02-14T00:00:00Z,57.76
4394,NVDAATMIV.U,2023-02-15T00:00:00Z,55.22
4395,NVDAATMIV.U,2023-02-16T00:00:00Z,56.52
4396,NVDAATMIV.U,2023-02-17T00:00:00Z,55.4
4397,NVDAATMIV.U,2023-02-17T00:00:00Z,55.4
4398,NVDAATMIV.U,2023-02-21T00:00:00Z,59.51
4399,NVDAATMIV.U,2023-02-22T00:00:00Z,59.6
4400,NVDAATMIV.U,2023-02-23T00:00:00Z,52.75
4401,NVDAATMIV.U,2023-02-24T00:00:00Z,51.68
4402,NVDAATMIV.U,2023-02-27T00:00:00Z,51.74
4403,NVDAATMIV.U,2023-02-28T00:00:00Z,50.46
4404,NVDAATMIV.U,2023-03-01T00:00:00Z,51.09
4405,NVDAATMIV.U,2023-03-02T00:00:00Z,49.3
4406,NVDAATMIV.U,2023-03-03T00:00:00Z,47.86
4407,NVDAATMIV.U,2023-03-06T00:00:00Z,48.43
4408,NVDAATMIV.U,2023-03-07T00:00:00Z,48.74
4409,NVDAATMIV.U,2023-03-08T00:00:00Z,48.71
4410,NVDAATMIV.U,2023-03-09T00:00:00Z,50.11
4411,NVDAATMIV.U,2023-03-10T00:00:00Z,52.51
4412,NVDAATMIV.U,2023-03-13T00:00:00Z,53.69
4413,NVDAATMIV.U,2023-03-14T00:00:00Z,49.52
4414,NVDAATMIV.U,2023-03-15T00:00:00Z,51.63
4415,NVDAATMIV.U,2023-03-16T00:00:00Z,48.99
4416,NVDAATMIV.U,2023-03-17T00:00:00Z,51.31
4417,NVDAATMIV.U,2023-03-20T00:00:00Z,50.31
4418,NVDAATMIV.U,2023-03-21T00:00:00Z,46.9
4419,NVDAATMIV.U,2023-03-22T00:00:00Z,48.61
4420,NVDAATMIV.U,2023-03-23T00:00:00Z,48.53
4421,NVDAATMIV.U,2023-03-24T00:00:00Z,48.0
4422,NVDAATMIV.U,2023-03-27T00:00:00Z,47.32
4423,NVDAATMIV.U,2023-03-28T00:00:00Z,45.74
4424,NVDAATMIV.U,2023-03-29T00:00:00Z,43.89
4425,NVDAATMIV.U,2023-03-30T00:00:00Z,43.05
4426,NVDAATMIV.U,2023-03-31T00:00:00Z,42.28
4427,NVDAATMIV.U,2023-04-03T00:00:00Z,43.4
4428,NVDAATMIV.U,2023-04-04T00:00:00Z,43.84
4429,NVDAATMIV.U,2023-04-05T00:00:00Z,43.83
4430,NVDAATMIV.U,2023-04-06T00:00:00Z,42.96
4431,NVDAATMIV.U,2023-04-06T00:00:00Z,42.96
4432,NVDAATMIV.U,2023-04-10T00:00:00Z,43.6
4433,NVDAATMIV.U,2023-04-11T00:00:00Z,43.57
4434,NVDAATMIV.U,2023-04-12T00:00:00Z,43.1
4435,NVDAATMIV.U,2023-04-13T00:00:00Z,41.61
4436,NVDAATMIV.U,2023-04-14T00:00:00Z,40.39
4437,NVDAATMIV.U,2023-04-17T00:00:00Z,39.66
4438,NVDAATMIV.U,2023-04-18T00:00:00Z,39.41
4439,NVDAATMIV.U,2023-04-19T00:00:00Z,38.77
4440,NVDAATMIV.U,2023-04-20T00:00:00Z,42.17
4441,NVDAATMIV.U,2023-04-21T00:00:00Z,40.67
4442,NVDAATMIV.U,2023-04-24T00:00:00Z,42.96
4443,NVDAATMIV.U,2023-04-25T00:00:00Z,47.59
4444,NVDAATMIV.U,2023-04-26T00:00:00Z,47.72
4445,NVDAATMIV.U,2023-04-27T00:00:00Z,45.86
4446,NVDAATMIV.U,2023-04-28T00:00:00Z,44.14
4447,NVDAATMIV.U,2023-05-01T00:00:00Z,47.27
4448,NVDAATMIV.U,2023-05-02T00:00:00Z,47.91
4449,NVDAATMIV.U,2023-05-03T00:00:00Z,49.45
4450,NVDAATMIV.U,2023-05-04T00:00:00Z,48.98
4451,NVDAATMIV.U,2023-05-05T00:00:00Z,46.94
4452,NVDAATMIV.U,2023-05-08T00:00:00Z,49.21
4453,NVDAATMIV.U,2023-05-09T00:00:00Z,47.95
4454,NVDAATMIV.U,2023-05-10T00:00:00Z,48.4
4455,NVDAATMIV.U,2023-05-11T00:00:00Z,48.34
4456,NVDAATMIV.U,2023-05-12T00:00:00Z,47.74
4457,NVDAATMIV.U,2023-05-15T00:00:00Z,47.18
4458,NVDAATMIV.U,2023-05-16T00:00:00Z,47.21
4459,NVDAATMIV.U,2023-05-17T00:00:00Z,45.52
4460,NVDAATMIV.U,2023-05-18T00:00:00Z,45.98
4461,NVDAATMIV.U,2023-05-19T00:00:00Z,46.07
4462,NVDAATMIV.U,2023-05-22T00:00:00Z,47.89
4463,NVDAATMIV.U,2023-05-23T00:00:00Z,48.25
4464,NVDAATMIV.U,2023-05-24T00:00:00Z,51.04
4465,NVDAATMIV.U,2023-05-25T00:00:00Z,50.2
4466,NVDAATMIV.U,2023-05-26T00:00:00Z,48.81
4467,NVDAATMIV.U,2023-05-26T00:00:00Z,48.81
4468,NVDAATMIV.U,2023-05-30T00:00:00Z,51.25
4469,NVDAATMIV.U,2023-05-31T00:00:00Z,49.28
4470,NVDAATMIV.U,2023-06-01T00:00:00Z,45.51
4471,NVDAATMIV.U,2023-06-02T00:00:00Z,42.33
4472,NVDAATMIV.U,2023-06-05T00:00:00Z,41.73
4473,NVDAATMIV.U,2023-06-06T00:00:00Z,36.76
4474,NVDAATMIV.U,2023-06-07T00:00:00Z,37.48
4475,NVDAATMIV.U,2023-06-08T00:00:00Z,37.2
4476,NVDAATMIV.U,2023-06-09T00:00:00Z,37.86
4477,NVDAATMIV.U,2023-06-12T00:00:00Z,39.79
4478,NVDAATMIV.U,2023-06-13T00:00:00Z,41.25
4479,NVDAATMIV.U,2023-06-14T00:00:00Z,45.82
4480,NVDAATMIV.U,2023-06-15T00:00:00Z,44.75
4481,NVDAATMIV.U,2023-06-16T00:00:00Z,43.0
4482,NVDAATMIV.U,2023-06-16T00:00:00Z,43.0
4483,NVDAATMIV.U,2023-06-20T00:00:00Z,43.13
4484,NVDAATMIV.U,2023-06-21T00:00:00Z,40.68
4485,NVDAATMIV.U,2023-06-22T00:00:00Z,40.23
4486,NVDAATMIV.U,2023-06-23T00:00:00Z,39.11
4487,NVDAATMIV.U,2023-06-26T00:00:00Z,40.67
4488,NVDAATMIV.U,2023-06-27T00:00:00Z,39.84
4489,NVDAATMIV.U,2023-06-28T00:00:00Z,42.54
4490,NVDAATMIV.U,2023-06-29T00:00:00Z,39.58
4491,NVDAATMIV.U,2023-06-30T00:00:00Z,39.84
4492,NVDAATMIV.U,2023-07-03T00:00:00Z,39.22
4493,NVDAATMIV.U,2023-07-03T00:00:00Z,39.22
4494,NVDAATMIV.U,2023-07-05T00:00:00Z,40.07
4495,NVDAATMIV.U,2023-07-06T00:00:00Z,39.76
4496,NVDAATMIV.U,2023-07-07T00:00:00Z,38.96
4497,NVDAATMIV.U,2023-07-10T00:00:00Z,40.14
4498,NVDAATMIV.U,2023-07-11T00:00:00Z,39.41
4499,NVDAATMIV.U,2023-07-12T00:00:00Z,40.34
4500,NVDAATMIV.U,2023-07-13T00:00:00Z,41.64
4501,NVDAATMIV.U,2023-07-14T00:00:00Z,43.32
4502,NVDAATMIV.U,2023-07-17T00:00:00Z,44.94
4503,NVDAATMIV.U,2023-07-18T00:00:00Z,44.89
4504,NVDAATMIV.U,2023-07-19T00:00:00Z,43.16
4505,NVDAATMIV.U,2023-07-20T00:00:00Z,50.74
4506,NVDAATMIV.U,2023-07-21T00:00:00Z,50.58
4507,NVDAATMIV.U,2023-07-24T00:00:00Z,55.91
4508,NVDAATMIV.U,2023-07-25T00:00:00Z,59.07
4509,NVDAATMIV.U,2023-07-26T00:00:00Z,60.76
4510,NVDAATMIV.U,2023-07-27T00:00:00Z,59.23
4511,NVDAATMIV.U,2023-07-28T00:00:00Z,60.01
4512,NVDAATMIV.U,2023-07-31T00:00:00Z,61.03
4513,NVDAATMIV.U,2023-08-01T00:00:00Z,61.18
4514,NVDAATMIV.U,2023-08-02T00:00:00Z,62.72
4515,NVDAATMIV.U,2023-08-03T00:00:00Z,60.22
4516,NVDAATMIV.U,2023-08-04T00:00:00Z,60.77
4517,NVDAATMIV.U,2023-08-07T00:00:00Z,61.58
4518,NVDAATMIV.U,2023-08-08T00:00:00Z,62.39
4519,NVDAATMIV.U,2023-08-09T00:00:00Z,65.45
4520,NVDAATMIV.U,2023-08-10T00:00:00Z,62.95
4521,NVDAATMIV.U,2023-08-11T00:00:00Z,60.77
4522,NVDAATMIV.U,2023-08-14T00:00:00Z,61.89
4523,NVDAATMIV.U,2023-08-15T00:00:00Z,64.24
4524,NVDAATMIV.U,2023-08-16T00:00:00Z,65.04
4525,NVDAATMIV.U,2023-08-17T00:00:00Z,63.52
4526,NVDAATMIV.U,2023-08-18T00:00:00Z,62.95
4527,NVDAATMIV.U,2023-08-21T00:00:00Z,66.68
4528,NVDAATMIV.U,2023-08-22T00:00:00Z,66.73
4529,NVDAATMIV.U,2023-08-23T00:00:00Z,61.88
4530,NVDAATMIV.U,2023-08-24T00:00:00Z,43.24
4531,NVDAATMIV.U,2023-08-25T00:00:00Z,42.21
4532,NVDAATMIV.U,2023-08-28T00:00:00Z,41.9
4533,NVDAATMIV.U,2023-08-29T00:00:00Z,41.03
4534,NVDAATMIV.U,2023-08-30T00:00:00Z,39.71
4535,NVDAATMIV.U,2023-08-31T00:00:00Z,39.91
4536,NVDAATMIV.U,2023-09-01T00:00:00Z,37.9
4537,NVDAATMIV.U,2023-09-01T00:00:00Z,37.9
4538,NVDAATMIV.U,2023-09-05T00:00:00Z,38.54
4539,NVDAATMIV.U,2023-09-06T00:00:00Z,38.77
4540,NVDAATMIV.U,2023-09-07T00:00:00Z,40.17
4541,NVDAATMIV.U,2023-09-08T00:00:00Z,38.36
4542,NVDAATMIV.U,2023-09-11T00:00:00Z,39.66
4543,NVDAATMIV.U,2023-09-12T00:00:00Z,38.45
4544,NVDAATMIV.U,2023-09-13T00:00:00Z,37.85
4545,NVDAATMIV.U,2023-09-14T00:00:00Z,35.92
4546,NVDAATMIV.U,2023-09-15T00:00:00Z,35.94
4547,NVDAATMIV.U,2023-09-18T00:00:00Z,38.17
4548,NVDAATMIV.U,2023-09-19T00:00:00Z,37.92
4549,NVDAATMIV.U,2023-09-20T00:00:00Z,38.36
4550,NVDAATMIV.U,2023-09-21T00:00:00Z,40.05
4551,NVDAATMIV.U,2023-09-22T00:00:00Z,40.06
4552,NVDAATMIV.U,2023-09-25T00:00:00Z,39.03
4553,NVDAATMIV.U,2023-09-26T00:00:00Z,40.94
4554,NVDAATMIV.U,2023-09-27T00:00:00Z,40.44
4555,NVDAATMIV.U,2023-09-28T00:00:00Z,39.3
4556,NVDAATMIV.U,2023-09-29T00:00:00Z,37.51
4557,NVDAATMIV.U,2023-10-02T00:00:00Z,39.29
4558,NVDAATMIV.U,2023-10-03T00:00:00Z,41.67
4559,NVDAATMIV.U,2023-10-04T00:00:00Z,40.2
4560,NVDAATMIV.U,2023-10-05T00:00:00Z,38.78
4561,NVDAATMIV.U,2023-10-06T00:00:00Z,37.11
4562,NVDAATMIV.U,2023-10-09T00:00:00Z,38.39
4563,NVDAATMIV.U,2023-10-10T00:00:00Z,37.11
4564,NVDAATMIV.U,2023-10-11T00:00:00Z,36.52
4565,NVDAATMIV.U,2023-10-12T00:00:00Z,36.83
4566,NVDAATMIV.U,2023-10-13T00:00:00Z,38.34
4567,NVDAATMIV.U,2023-10-16T00:00:00Z,38.26
4568,NVDAATMIV.U,2023-10-17T00:00:00Z,39.25
4569,NVDAATMIV.U,2023-10-18T00:00:00Z,41.11
4570,NVDAATMIV.U,2023-10-19T00:00:00Z,46.78
4571,NVDAATMIV.U,2023-10-20T00:00:00Z,47.95
4572,NVDAATMIV.U,2023-10-23T00:00:00Z,52.39
4573,NVDAATMIV.U,2023-10-24T00:00:00Z,54.33
4574,NVDAATMIV.U,2023-10-25T00:00:00Z,56.26
4575,NVDAATMIV.U,2023-10-26T00:00:00Z,56.96
4576,NVDAATMIV.U,2023-10-27T00:00:00Z,56.28
4577,NVDAATMIV.U,2023-10-30T00:00:00Z,54.92
4578,NVDAATMIV.U,2023-10-31T00:00:00Z,54.56
4579,NVDAATMIV.U,2023-11-01T00:00:00Z,52.58
4580,NVDAATMIV.U,2023-11-02T00:00:00Z,50.67
4581,NVDAATMIV.U,2023-11-03T00:00:00Z,54.95
4582,NVDAATMIV.U,2023-11-06T00:00:00Z,50.75
4583,NVDAATMIV.U,2023-11-07T00:00:00Z,50.09
4584,NVDAATMIV.U,2023-11-08T00:00:00Z,50.41
4585,NVDAATMIV.U,2023-11-09T00:00:00Z,50.3
4586,NVDAATMIV.U,2023-11-10T00:00:00Z,49.65
4587,NVDAATMIV.U,2023-11-13T00:00:00Z,50.0
4588,NVDAATMIV.U,2023-11-14T00:00:00Z,48.98
4589,NVDAATMIV.U,2023-11-15T00:00:00Z,49.07
4590,NVDAATMIV.U,2023-11-16T00:00:00Z,47.98
4591,NVDAATMIV.U,2023-11-17T00:00:00Z,47.11
4592,NVDAATMIV.U,2023-11-20T00:00:00Z,46.71
4593,NVDAATMIV.U,2023-11-21T00:00:00Z,45.92
4594,NVDAATMIV.U,2023-11-22T00:00:00Z,33.56
4595,NVDAATMIV.U,2023-11-22T00:00:00Z,33.56
4596,NVDAATMIV.U,2023-11-24T00:00:00Z,32.54
4597,NVDAATMIV.U,2023-11-27T00:00:00Z,31.51
4598,NVDAATMIV.U,2023-11-28T00:00:00Z,30.29
4599,NVDAATMIV.U,2023-11-29T00:00:00Z,29.73
4600,NVDAATMIV.U,2023-11-30T00:00:00Z,30.33
4601,NVDAATMIV.U,2023-12-01T00:00:00Z,29.73
4602,NVDAATMIV.U,2023-12-04T00:00:00Z,31.78
4603,NVDAATMIV.U,2023-12-05T00:00:00Z,31.87
4604,NVDAATMIV.U,2023-12-06T00:00:00Z,36.12
4605,NVDAATMIV.U,2023-12-07T00:00:00Z,31.92
4606,NVDAATMIV.U,2023-12-08T00:00:00Z,30.74
4607,NVDAATMIV.U,2023-12-11T00:00:00Z,32.39
4608,NVDAATMIV.U,2023-12-12T00:00:00Z,31.67
4609,NVDAATMIV.U,2023-12-13T00:00:00Z,31.51
4610,NVDAATMIV.U,2023-12-14T00:00:00Z,32.14
4611,NVDAATMIV.U,2023-12-15T00:00:00Z,32.38
4612,NVDAATMIV.U,2023-12-18T00:00:00Z,33.89
4613,NVDAATMIV.U,2023-12-19T00:00:00Z,33.43
4614,NVDAATMIV.U,2023-12-20T00:00:00Z,34.48
4615,NVDAATMIV.U,2023-12-21T00:00:00Z,33.95
4616,NVDAATMIV.U,2023-12-22T00:00:00Z,32.76
4617,NVDAATMIV.U,2023-12-22T00:00:00Z,32.76
4618,NVDAATMIV.U,2023-12-26T00:00:00Z,33.44
4619,NVDAATMIV.U,2023-12-27T00:00:00Z,32.83
4620,NVDAATMIV.U,2023-12-28T00:00:00Z,32.18
4621,NVDAATMIV.U,2023-12-29T00:00:00Z,32.39
4622,NVDAATMIV.U,2023-12-29T00:00:00Z,32.39
4623,NVDAATMIV.U,2024-01-02T00:00:00Z,33.71
4624,NVDAATMIV.U,2024-01-03T00:00:00Z,34.09
4625,NVDAATMIV.U,2024-01-04T00:00:00Z,32.54
4626,NVDAATMIV.U,2024-01-05T00:00:00Z,32.29
4627,NVDAATMIV.U,2024-01-08T00:00:00Z,33.35
4628,NVDAATMIV.U,2024-01-09T00:00:00Z,34.17
4629,NVDAATMIV.U,2024-01-10T00:00:00Z,34.37
4630,NVDAATMIV.U,2024-01-11T00:00:00Z,33.26
4631,NVDAATMIV.U,2024-01-12T00:00:00Z,32.29
4632,NVDAATMIV.U,2024-01-12T00:00:00Z,32.29
4633,NVDAATMIV.U,2024-01-16T00:00:00Z,34.2
4634,NVDAATMIV.U,2024-01-17T00:00:00Z,34.95
4635,NVDAATMIV.U,2024-01-18T00:00:00Z,39.94
4636,NVDAATMIV.U,2024-01-19T00:00:00Z,40.47
4637,NVDAATMIV.U,2024-01-22T00:00:00Z,42.25
4638,NVDAATMIV.U,2024-01-23T00:00:00Z,41.97
4639,NVDAATMIV.U,2024-01-24T00:00:00Z,44.25
4640,NVDAATMIV.U,2024-01-25T00:00:00Z,44.67
4641,NVDAATMIV.U,2024-01-26T00:00:00Z,44.34
4642,NVDAATMIV.U,2024-01-29T00:00:00Z,45.15
4643,NVDAATMIV.U,2024-01-30T00:00:00Z,46.05
4644,NVDAATMIV.U,2024-01-31T00:00:00Z,45.62
4645,NVDAATMIV.U,2024-02-01T00:00:00Z,44.23
4646,NVDAATMIV.U,2024-02-02T00:00:00Z,46.22
4647,NVDAATMIV.U,2024-02-05T00:00:00Z,53.93
4648,NVDAATMIV.U,2024-02-06T00:00:00Z,54.55
4649,NVDAATMIV.U,2024-02-07T00:00:00Z,53.66
4650,NVDAATMIV.U,2024-02-08T00:00:00Z,55.32
4651,NVDAATMIV.U,2024-02-09T00:00:00Z,53.42
4652,NVDAATMIV.U,2024-02-12T00:00:00Z,59.53
4653,NVDAATMIV.U,2024-02-13T00:00:00Z,63.0
4654,NVDAATMIV.U,2024-02-14T00:00:00Z,61.39
4655,NVDAATMIV.U,2024-02-15T00:00:00Z,60.8
4656,NVDAATMIV.U,2024-02-16T00:00:00Z,60.86
4657,NVDAATMIV.U,2024-02-16T00:00:00Z,60.86
4658,NVDAATMIV.U,2024-02-20T00:00:00Z,61.75
4659,NVDAATMIV.U,2024-02-21T00:00:00Z,56.8
4660,NVDAATMIV.U,2024-02-22T00:00:00Z,44.15
4661,NVDAATMIV.U,2024-02-23T00:00:00Z,47.01
4662,NVDAATMIV.U,2024-02-26T00:00:00Z,46.83
4663,NVDAATMIV.U,2024-02-27T00:00:00Z,43.67
4664,NVDAATMIV.U,2024-02-28T00:00:00Z,42.66
4665,NVDAATMIV.U,2024-02-29T00:00:00Z,41.31
4666,NVDAATMIV.U,2024-03-01T00:00:00Z,41.69
4667,NVDAATMIV.U,2024-03-04T00:00:00Z,46.68
4668,NVDAATMIV.U,2024-03-05T00:00:00Z,48.52
4669,NVDAATMIV.U,2024-03-06T00:00:00Z,49.54
4670,NVDAATMIV.U,2024-03-07T00:00:00Z,55.25
4671,NVDAATMIV.U,2024-03-08T00:00:00Z,59.12
4672,NVDAATMIV.U,2024-03-11T00:00:00Z,56.73
4673,NVDAATMIV.U,2024-03-12T00:00:00Z,62.79
4674,NVDAATMIV.U,2024-03-13T00:00:00Z,62.43
4675,NVDAATMIV.U,2024-03-14T00:00:00Z,57.95
4676,NVDAATMIV.U,2024-03-15T00:00:00Z,59.38
4677,NVDAATMIV.U,2024-03-18T00:00:00Z,58.02
4678,NVDAATMIV.U,2024-03-19T00:00:00Z,50.06
4679,NVDAATMIV.U,2024-03-20T00:00:00Z,45.39
4680,NVDAATMIV.U,2024-03-21T00:00:00Z,47.34
4681,NVDAATMIV.U,2024-03-22T00:00:00Z,48.54
4682,NVDAATMIV.U,2024-03-25T00:00:00Z,49.12
4683,NVDAATMIV.U,2024-03-26T00:00:00Z,45.85
4684,NVDAATMIV.U,2024-03-27T00:00:00Z,45.26
4685,NVDAATMIV.U,2024-03-28T00:00:00Z,43.81
4686,NVDAATMIV.U,2024-03-28T00:00:00Z,43.81
4687,NVDAATMIV.U,2024-04-01T00:00:00Z,44.91
4688,NVDAATMIV.U,2024-04-02T00:00:00Z,42.98
4689,NVDAATMIV.U,2024-04-03T00:00:00Z,41.48
4690,NVDAATMIV.U,2024-04-04T00:00:00Z,43.83
4691,NVDAATMIV.U,2024-04-05T00:00:00Z,41.01
4692,NVDAATMIV.U,2024-04-08T00:00:00Z,41.07
4693,NVDAATMIV.U,2024-04-09T00:00:00Z,39.79
4694,NVDAATMIV.U,2024-04-10T00:00:00Z,40.19
4695,NVDAATMIV.U,2024-04-11T00:00:00Z,40.96
4696,NVDAATMIV.U,2024-04-12T00:00:00Z,41.37
4697,NVDAATMIV.U,2024-04-15T00:00:00Z,48.64
4698,NVDAATMIV.U,2024-04-16T00:00:00Z,42.43
4699,NVDAATMIV.U,2024-04-17T00:00:00Z,43.02
4700,NVDAATMIV.U,2024-04-18T00:00:00Z,51.07
4701,NVDAATMIV.U,2024-04-19T00:00:00Z,56.34
4702,NVDAATMIV.U,2024-04-22T00:00:00Z,57.01
4703,NVDAATMIV.U,2024-04-23T00:00:00Z,57.69
4704,NVDAATMIV.U,2024-04-24T00:00:00Z,61.31
4705,NVDAATMIV.U,2024-04-25T00:00:00Z,59.24
4706,NVDAATMIV.U,2024-04-26T00:00:00Z,61.5
4707,NVDAATMIV.U,2024-04-29T00:00:00Z,62.12
4708,NVDAATMIV.U,2024-04-30T00:00:00Z,62.19
4709,NVDAATMIV.U,2024-05-01T00:00:00Z,61.1
4710,NVDAATMIV.U,2024-05-02T00:00:00Z,59.87
4711,NVDAATMIV.U,2024-05-03T00:00:00Z,59.03
4712,NVDAATMIV.U,2024-05-06T00:00:00Z,59.57
4713,NVDAATMIV.U,2024-05-07T00:00:00Z,59.28
4714,NVDAATMIV.U,2024-05-08T00:00:00Z,59.21
4715,NVDAATMIV.U,2024-05-09T00:00:00Z,57.81
4716,NVDAATMIV.U,2024-05-10T00:00:00Z,56.14
4717,NVDAATMIV.U,2024-05-13T00:00:00Z,55.82
4718,NVDAATMIV.U,2024-05-14T00:00:00Z,54.02
4719,NVDAATMIV.U,2024-05-15T00:00:00Z,54.52
4720,NVDAATMIV.U,2024-05-16T00:00:00Z,54.27
4721,NVDAATMIV.U,2024-05-17T00:00:00Z,54.86
4722,NVDAATMIV.U,2024-05-20T00:00:00Z,52.87
4723,NVDAATMIV.U,2024-05-21T00:00:00Z,51.95
4724,NVDAATMIV.U,2024-05-22T00:00:00Z,53.13
4725,NVDAATMIV.U,2024-05-23T00:00:00Z,38.62
4726,NVDAATMIV.U,2024-05-24T00:00:00Z,37.95
4727,NVDAATMIV.U,2024-05-24T00:00:00Z,37.95
4728,NVDAATMIV.U,2024-05-28T00:00:00Z,44.68
4729,NVDAATMIV.U,2024-05-29T00:00:00Z,45.79
4730,NVDAATMIV.U,2024-05-30T00:00:00Z,45.23
4731,NVDAATMIV.U,2024-05-31T00:00:00Z,43.92
4732,NVDAATMIV.U,2024-06-03T00:00:00Z,43.25
4733,NVDAATMIV.U,2024-06-04T00:00:00Z,41.78
4734,NVDAATMIV.U,2024-06-05T00:00:00Z,43.89
4735,NVDAATMIV.U,2024-06-06T00:00:00Z,46.13
4736,NVDAATMIV.U,2024-06-07T00:00:00Z,43.78
4737,NVDAATMIV.U,2024-06-10T00:00:00Z,40.7
4738,NVDAATMIV.U,2024-06-11T00:00:00Z,39.39
4739,NVDAATMIV.U,2024-06-12T00:00:00Z,38.69
4740,NVDAATMIV.U,2024-06-13T00:00:00Z,41.06
4741,NVDAATMIV.U,2024-06-14T00:00:00Z,45.22
4742,NVDAATMIV.U,2024-06-17T00:00:00Z,44.9
4743,NVDAATMIV.U,2024-06-18T00:00:00Z,43.4
4744,NVDAATMIV.U,2024-06-18T00:00:00Z,43.4
4745,NVDAATMIV.U,2024-06-20T00:00:00Z,51.6
4746,NVDAATMIV.U,2024-06-21T00:00:00Z,51.89
4747,NVDAATMIV.U,2024-06-24T00:00:00Z,54.17
4748,NVDAATMIV.U,2024-06-25T00:00:00Z,49.6
4749,NVDAATMIV.U,2024-06-26T00:00:00Z,49.82
4750,NVDAATMIV.U,2024-06-27T00:00:00Z,49.06
4751,NVDAATMIV.U,2024-06-28T00:00:00Z,46.59
4752,NVDAATMIV.U,2024-07-01T00:00:00Z,44.46
4753,NVDAATMIV.U,2024-07-02T00:00:00Z,43.38
4754,NVDAATMIV.U,2024-07-03T00:00:00Z,44.94
4755,NVDAATMIV.U,2024-07-03T00:00:00Z,44.94
4756,NVDAATMIV.U,2024-07-05T00:00:00Z,45.48
4757,NVDAATMIV.U,2024-07-08T00:00:00Z,46.45
4758,NVDAATMIV.U,2024-07-09T00:00:00Z,46.23
4759,NVDAATMIV.U,2024-07-10T00:00:00Z,45.96
4760,NVDAATMIV.U,2024-07-11T00:00:00Z,49.64
4761,NVDAATMIV.U,2024-07-12T00:00:00Z,48.63
4762,NVDAATMIV.U,2024-07-15T00:00:00Z,48.65
4763,NVDAATMIV.U,2024-07-16T00:00:00Z,46.87
4764,NVDAATMIV.U,2024-07-17T00:00:00Z,49.77
4765,NVDAATMIV.U,2024-07-18T00:00:00Z,48.7
4766,NVDAATMIV.U,2024-07-19T00:00:00Z,50.1
4767,NVDAATMIV.U,2024-07-22T00:00:00Z,46.43
4768,NVDAATMIV.U,2024-07-23T00:00:00Z,46.09
4769,NVDAATMIV.U,2024-07-23T00:00:00Z,46.09
4770,NVDAATMIV.U,2024-07-23T00:00:00Z,46.09
4771,NVDAATMIV.U,2024-07-23T00:00:00Z,46.09
4772,NVDAATMIV.U,2024-07-23T00:00:00Z,46.09
4773,NVDAATMIV.U,2024-07-23T00:00:00Z,46.09
4774,NVDAATMIV.U,2024-07-31T00:00:00Z,65.71
4775,NVDAATMIV.U,2024-08-01T00:00:00Z,72.21
4776,NVDAATMIV.U,2024-08-02T00:00:00Z,78.35
4777,NVDAATMIV.U,2024-08-05T00:00:00Z,88.29
4778,NVDAATMIV.U,2024-08-06T00:00:00Z,75.96
4779,NVDAATMIV.U,2024-08-07T00:00:00Z,78.13
4780,NVDAATMIV.U,2024-08-08T00:00:00Z,68.71
4781,NVDAATMIV.U,2024-08-09T00:00:00Z,66.99
4782,NVDAATMIV.U,2024-08-12T00:00:00Z,66.53
4783,NVDAATMIV.U,2024-08-13T00:00:00Z,65.7
4784,NVDAATMIV.U,2024-08-14T00:00:00Z,61.81
4785,NVDAATMIV.U,2024-08-15T00:00:00Z,59.29
4786,NVDAATMIV.U,2024-08-16T00:00:00Z,60.13
4787,NVDAATMIV.U,2024-08-19T00:00:00Z,62.1
4788,NVDAATMIV.U,2024-08-20T00:00:00Z,65.38
4789,NVDAATMIV.U,2024-08-21T00:00:00Z,62.93
4790,NVDAATMIV.U,2024-08-22T00:00:00Z,69.16
4791,NVDAATMIV.U,2024-08-23T00:00:00Z,65.16
4792,NVDAATMIV.U,2024-08-26T00:00:00Z,69.81
4793,NVDAATMIV.U,2024-08-27T00:00:00Z,66.91
4794,NVDAATMIV.U,2024-08-28T00:00:00Z,67.16
4795,NVDAATMIV.U,2024-08-29T00:00:00Z,49.68
4796,NVDAATMIV.U,2024-08-30T00:00:00Z,44.34
4797,NVDAATMIV.U,2024-08-30T00:00:00Z,44.34
4798,NVDAATMIV.U,2024-09-03T00:00:00Z,52.87
4799,NVDAATMIV.U,2024-09-04T00:00:00Z,52.86
4800,NVDAATMIV.U,2024-09-05T00:00:00Z,51.41
4801,NVDAATMIV.U,2024-09-06T00:00:00Z,54.55
4802,NVDAATMIV.U,2024-09-09T00:00:00Z,53.02
4803,NVDAATMIV.U,2024-09-10T00:00:00Z,51.45
4804,NVDAATMIV.U,2024-09-11T00:00:00Z,51.74
4805,NVDAATMIV.U,2024-09-12T00:00:00Z,50.32
4806,NVDAATMIV.U,2024-09-13T00:00:00Z,48.06
4807,NVDAATMIV.U,2024-09-16T00:00:00Z,47.43
4808,NVDAATMIV.U,2024-09-17T00:00:00Z,47.05
4809,NVDAATMIV.U,2024-09-18T00:00:00Z,46.8
4810,NVDAATMIV.U,2024-09-19T00:00:00Z,43.85
4811,NVDAATMIV.U,2024-09-20T00:00:00Z,44.37
4812,NVDAATMIV.U,2024-09-20T00:00:00Z,44.37
4813,NVDAATMIV.U,2024-09-20T00:00:00Z,44.37
4814,NVDAATMIV.U,2024-09-20T00:00:00Z,44.37
4815,NVDAATMIV.U,2024-09-20T00:00:00Z,44.37
4816,NVDAATMIV.U,2024-09-20T00:00:00Z,44.37
4817,NVDAATMIV.U,2024-09-30T00:00:00Z,44.2
4818,NVDAATMIV.U,2024-10-01T00:00:00Z,47.07
4819,NVDAATMIV.U,2024-10-02T00:00:00Z,46.57
4820,NVDAATMIV.U,2024-10-03T00:00:00Z,48.35
4821,NVDAATMIV.U,2024-10-04T00:00:00Z,45.22
4822,NVDAATMIV.U,2024-10-07T00:00:00Z,48.6
4823,NVDAATMIV.U,2024-10-08T00:00:00Z,47.88
4824,NVDAATMIV.U,2024-10-09T00:00:00Z,46.68
4825,NVDAATMIV.U,2024-10-10T00:00:00Z,47.27
4826,NVDAATMIV.U,2024-10-11T00:00:00Z,45.25
4827,NVDAATMIV.U,2024-10-14T00:00:00Z,45.28
4828,NVDAATMIV.U,2024-10-15T00:00:00Z,49.76
4829,NVDAATMIV.U,2024-10-16T00:00:00Z,48.11
4830,NVDAATMIV.U,2024-10-17T00:00:00Z,53.86
4831,NVDAATMIV.U,2024-10-18T00:00:00Z,51.85
4832,NVDAATMIV.U,2024-10-21T00:00:00Z,57.76
4833,NVDAATMIV.U,2024-10-22T00:00:00Z,59.07
4834,NVDAATMIV.U,2024-10-23T00:00:00Z,61.51
4835,NVDAATMIV.U,2024-10-24T00:00:00Z,59.74
4836,NVDAATMIV.U,2024-10-25T00:00:00Z,58.92
4837,NVDAATMIV.U,2024-10-28T00:00:00Z,58.56
4838,NVDAATMIV.U,2024-10-29T00:00:00Z,57.9
4839,NVDAATMIV.U,2024-10-30T00:00:00Z,58.45
4840,NVDAATMIV.U,2024-10-31T00:00:00Z,60.32
4841,NVDAATMIV.U,2024-11-01T00:00:00Z,58.43
4842,NVDAATMIV.U,2024-11-04T00:00:00Z,58.16
4843,NVDAATMIV.U,2024-11-05T00:00:00Z,55.31
4844,NVDAATMIV.U,2024-11-06T00:00:00Z,50.04
4845,NVDAATMIV.U,2024-11-07T00:00:00Z,49.23
4846,NVDAATMIV.U,2024-11-08T00:00:00Z,49.03
4847,NVDAATMIV.U,2024-11-11T00:00:00Z,51.59
4848,NVDAATMIV.U,2024-11-12T00:00:00Z,54.34
4849,NVDAATMIV.U,2024-11-13T00:00:00Z,54.38
4850,NVDAATMIV.U,2024-11-14T00:00:00Z,53.37
4851,NVDAATMIV.U,2024-11-15T00:00:00Z,56.59
4852,NVDAATMIV.U,2024-11-18T00:00:00Z,55.66
4853,NVDAATMIV.U,2024-11-19T00:00:00Z,52.61
4854,NVDAATMIV.U,2024-11-20T00:00:00Z,54.5
4855,NVDAATMIV.U,2024-11-21T00:00:00Z,42.29
4856,NVDAATMIV.U,2024-11-22T00:00:00Z,41.12
4857,NVDAATMIV.U,2024-11-25T00:00:00Z,39.56
4858,NVDAATMIV.U,2024-11-26T00:00:00Z,36.33
4859,NVDAATMIV.U,2024-11-27T00:00:00Z,34.83
4860,NVDAATMIV.U,2024-11-27T00:00:00Z,34.83
4861,NVDAATMIV.U,2024-11-29T00:00:00Z,35.68
4862,NVDAATMIV.U,2024-12-02T00:00:00Z,35.31
4863,NVDAATMIV.U,2024-12-03T00:00:00Z,34.07
4864,NVDAATMIV.U,2024-12-04T00:00:00Z,33.18
4865,NVDAATMIV.U,2024-12-05T00:00:00Z,34.05
4866,NVDAATMIV.U,2024-12-06T00:00:00Z,35.17
4867,NVDAATMIV.U,2024-12-09T00:00:00Z,37.89
4868,NVDAATMIV.U,2024-12-10T00:00:00Z,37.97
4869,NVDAATMIV.U,2024-12-11T00:00:00Z,38.71
4870,NVDAATMIV.U,2024-12-12T00:00:00Z,39.31
4871,NVDAATMIV.U,2024-12-13T00:00:00Z,41.49
4872,NVDAATMIV.U,2024-12-16T00:00:00Z,44.91
4873,NVDAATMIV.U,2024-12-17T00:00:00Z,46.25
4874,NVDAATMIV.U,2024-12-18T00:00:00Z,49.97
4875,NVDAATMIV.U,2024-12-19T00:00:00Z,49.97
4876,NVDAATMIV.U,2024-12-20T00:00:00Z,44.04
4877,NVDAATMIV.U,2024-12-23T00:00:00Z,42.72
4878,NVDAATMIV.U,2024-12-24T00:00:00Z,38.85
4879,NVDAATMIV.U,2024-12-24T00:00:00Z,38.85
4880,NVDAATMIV.U,2024-12-26T00:00:00Z,41.42
4881,NVDAATMIV.U,2024-12-27T00:00:00Z,42.66
4882,NVDAATMIV.U,2024-12-30T00:00:00Z,43.78
4883,NVDAATMIV.U,2024-12-31T00:00:00Z,43.96
4884,NVDAATMIV.U,2024-12-31T00:00:00Z,43.96
4885,NVDAATMIV.U,2025-01-02T00:00:00Z,42.83
4886,NVDAATMIV.U,2025-01-03T00:00:00Z,42.67
4887,NVDAATMIV.U,2025-01-06T00:00:00Z,47.97
4888,NVDAATMIV.U,2025-01-07T00:00:00Z,45.41
4889,NVDAATMIV.U,2025-01-08T00:00:00Z,41.99
4890,NVDAATMIV.U,2025-01-08T00:00:00Z,41.99
4891,NVDAATMIV.U,2025-01-10T00:00:00Z,41.33
4892,NVDAATMIV.U,2025-01-13T00:00:00Z,43.35
4893,NVDAATMIV.U,2025-01-14T00:00:00Z,42.45
4894,NVDAATMIV.U,2025-01-15T00:00:00Z,39.02
4895,NVDAATMIV.U,2025-01-16T00:00:00Z,38.05
4896,NVDAATMIV.U,2025-01-17T00:00:00Z,36.25
4897,NVDAATMIV.U,2025-01-17T00:00:00Z,36.25
4898,NVDAATMIV.U,2025-01-21T00:00:00Z,35.58
4899,NVDAATMIV.U,2025-01-22T00:00:00Z,36.1
4900,NVDAATMIV.U,2025-01-23T00:00:00Z,40.65
4901,NVDAATMIV.U,2025-01-24T00:00:00Z,41.58
4902,NVDAATMIV.U,2025-01-27T00:00:00Z,68.73
4903,NVDAATMIV.U,2025-01-28T00:00:00Z,56.85
4904,NVDAATMIV.U,2025-01-29T00:00:00Z,70.55
4905,NVDAATMIV.U,2025-01-30T00:00:00Z,71.75
4906,NVDAATMIV.U,2025-01-31T00:00:00Z,73.24
4907,NVDAATMIV.U,2025-02-03T00:00:00Z,72.24
4908,NVDAATMIV.U,2025-02-04T00:00:00Z,66.27
4909,NVDAATMIV.U,2025-02-05T00:00:00Z,63.54
4910,NVDAATMIV.U,2025-02-06T00:00:00Z,59.31
4911,NVDAATMIV.U,2025-02-07T00:00:00Z,60.63
4912,NVDAATMIV.U,2025-02-10T00:00:00Z,58.0
4913,NVDAATMIV.U,2025-02-11T00:00:00Z,58.02
4914,NVDAATMIV.U,2025-02-12T00:00:00Z,58.73
4915,NVDAATMIV.U,2025-02-13T00:00:00Z,58.15
4916,NVDAATMIV.U,2025-02-14T00:00:00Z,55.47
4917,NVDAATMIV.U,2025-02-14T00:00:00Z,55.47
4918,NVDAATMIV.U,2025-02-18T00:00:00Z,56.43
4919,NVDAATMIV.U,2025-02-19T00:00:00Z,55.06
4920,NVDAATMIV.U,2025-02-20T00:00:00Z,53.92
4921,NVDAATMIV.U,2025-02-21T00:00:00Z,57.75
4922,NVDAATMIV.U,2025-02-24T00:00:00Z,64.92
4923,NVDAATMIV.U,2025-02-25T00:00:00Z,67.88
4924,NVDAATMIV.U,2025-02-26T00:00:00Z,62.69
4925,NVDAATMIV.U,2025-02-27T00:00:00Z,56.43
4926,NVDAATMIV.U,2025-02-28T00:00:00Z,52.87
4927,NVDAATMIV.U,2025-03-03T00:00:00Z,61.61
4928,NVDAATMIV.U,2025-03-04T00:00:00Z,61.87
4929,NVDAATMIV.U,2025-03-05T00:00:00Z,57.73
4930,NVDAATMIV.U,2025-03-06T00:00:00Z,59.57
4931,NVDAATMIV.U,2025-03-07T00:00:00Z,55.31
4932,NVDAATMIV.U,2025-03-10T00:00:00Z,61.47
4933,NVDAATMIV.U,2025-03-11T00:00:00Z,59.69
4934,NVDAATMIV.U,2025-03-12T00:00:00Z,55.8
4935,NVDAATMIV.U,2025-03-13T00:00:00Z,52.05
4936,NVDAATMIV.U,2025-03-14T00:00:00Z,47.82
4937,NVDAATMIV.U,2025-03-17T00:00:00Z,57.02
4938,NVDAATMIV.U,2025-03-18T00:00:00Z,46.71
4939,NVDAATMIV.U,2025-03-19T00:00:00Z,44.26
4940,NVDAATMIV.U,2025-03-20T00:00:00Z,42.64
4941,NVDAATMIV.U,2025-03-21T00:00:00Z,41.08
4942,NVDAATMIV.U,2025-03-24T00:00:00Z,38.95
4943,NVDAATMIV.U,2025-03-25T00:00:00Z,38.12
4944,NVDAATMIV.U,2025-03-26T00:00:00Z,42.04
4945,NVDAATMIV.U,2025-03-27T00:00:00Z,43.34
4946,NVDAATMIV.U,2025-03-28T00:00:00Z,45.67
4947,NVDAATMIV.U,2025-03-31T00:00:00Z,47.01
4948,NVDAATMIV.U,2025-04-01T00:00:00Z,44.61
4949,NVDAATMIV.U,2025-04-02T00:00:00Z,44.67
4950,NVDAATMIV.U,2025-04-03T00:00:00Z,53.9
4951,NVDAATMIV.U,2025-04-04T00:00:00Z,69.81
4952,NVDAATMIV.U,2025-04-07T00:00:00Z,70.01
4953,NVDAATMIV.U,2025-04-08T00:00:00Z,71.03
4954,NVDAATMIV.U,2025-04-09T00:00:00Z,53.88
4955,NVDAATMIV.U,2025-04-10T00:00:00Z,58.11
4956,NVDAATMIV.U,2025-04-11T00:00:00Z,56.64
4957,NVDAATMIV.U,2025-04-14T00:00:00Z,50.43
4958,NVDAATMIV.U,2025-04-15T00:00:00Z,47.71
4959,NVDAATMIV.U,2025-04-16T00:00:00Z,48.77
4960,NVDAATMIV.U,2025-04-17T00:00:00Z,52.86
4961,NVDAATMIV.U,2025-04-17T00:00:00Z,52.86
4962,NVDAATMIV.U,2025-04-21T00:00:00Z,57.84
4963,NVDAATMIV.U,2025-04-22T00:00:00Z,55.58
4964,NVDAATMIV.U,2025-04-23T00:00:00Z,48.0
4965,NVDAATMIV.U,2025-04-24T00:00:00Z,50.69
4966,NVDAATMIV.U,2025-04-25T00:00:00Z,49.73
4967,NVDAATMIV.U,2025-04-28T00:00:00Z,52.82
4968,NVDAATMIV.U,2025-04-29T00:00:00Z,52.5
4969,NVDAATMIV.U,2025-04-30T00:00:00Z,55.63
4970,NVDAATMIV.U,2025-05-01T00:00:00Z,53.74
4971,NVDAATMIV.U,2025-05-02T00:00:00Z,51.72
4972,NVDAATMIV.U,2025-05-05T00:00:00Z,52.64
4973,NVDAATMIV.U,2025-05-06T00:00:00Z,53.14
4974,NVDAATMIV.U,2025-05-07T00:00:00Z,53.5
4975,NVDAATMIV.U,2025-05-08T00:00:00Z,51.15
4976,NVDAATMIV.U,2025-05-09T00:00:00Z,51.18
4977,TSLAATMIV.U,2018-12-31T00:00:00Z,61.99
4978,TSLAATMIV.U,2019-01-02T00:00:00Z,62.34
4979,TSLAATMIV.U,2019-01-03T00:00:00Z,66.15
4980,TSLAATMIV.U,2019-01-04T00:00:00Z,61.88
4981,TSLAATMIV.U,2019-01-07T00:00:00Z,64.51
4982,TSLAATMIV.U,2019-01-08T00:00:00Z,65.09
4983,TSLAATMIV.U,2019-01-09T00:00:00Z,66.39
4984,TSLAATMIV.U,2019-01-10T00:00:00Z,65.12
4985,TSLAATMIV.U,2019-01-11T00:00:00Z,63.15
4986,TSLAATMIV.U,2019-01-14T00:00:00Z,64.56
4987,TSLAATMIV.U,2019-01-15T00:00:00Z,61.95
4988,TSLAATMIV.U,2019-01-16T00:00:00Z,60.8
4989,TSLAATMIV.U,2019-01-17T00:00:00Z,58.24
4990,TSLAATMIV.U,2019-01-18T00:00:00Z,69.82
4991,TSLAATMIV.U,2019-01-18T00:00:00Z,69.82
4992,TSLAATMIV.U,2019-01-22T00:00:00Z,73.32
4993,TSLAATMIV.U,2019-01-23T00:00:00Z,69.39
4994,TSLAATMIV.U,2019-01-24T00:00:00Z,69.64
4995,TSLAATMIV.U,2019-01-25T00:00:00Z,65.5
4996,TSLAATMIV.U,2019-01-28T00:00:00Z,69.15
4997,TSLAATMIV.U,2019-01-29T00:00:00Z,69.64
4998,TSLAATMIV.U,2019-01-30T00:00:00Z,68.03
4999,TSLAATMIV.U,2019-01-31T00:00:00Z,51.83
5000,TSLAATMIV.U,2019-02-01T00:00:00Z,49.61
5001,TSLAATMIV.U,2019-02-04T00:00:00Z,47.67
5002,TSLAATMIV.U,2019-02-05T00:00:00Z,45.47
5003,TSLAATMIV.U,2019-02-06T00:00:00Z,45.45
5004,TSLAATMIV.U,2019-02-07T00:00:00Z,47.06
5005,TSLAATMIV.U,2019-02-08T00:00:00Z,46.26
5006,TSLAATMIV.U,2019-02-11T00:00:00Z,47.77
5007,TSLAATMIV.U,2019-02-12T00:00:00Z,45.49
5008,TSLAATMIV.U,2019-02-13T00:00:00Z,46.28
5009,TSLAATMIV.U,2019-02-14T00:00:00Z,46.88
5010,TSLAATMIV.U,2019-02-15T00:00:00Z,45.35
5011,TSLAATMIV.U,2019-02-15T00:00:00Z,45.35
5012,TSLAATMIV.U,2019-02-19T00:00:00Z,43.77
5013,TSLAATMIV.U,2019-02-20T00:00:00Z,45.72
5014,TSLAATMIV.U,2019-02-21T00:00:00Z,47.51
5015,TSLAATMIV.U,2019-02-22T00:00:00Z,44.45
5016,TSLAATMIV.U,2019-02-25T00:00:00Z,44.1
5017,TSLAATMIV.U,2019-02-26T00:00:00Z,46.1
5018,TSLAATMIV.U,2019-02-27T00:00:00Z,46.35
5019,TSLAATMIV.U,2019-02-28T00:00:00Z,48.21
5020,TSLAATMIV.U,2019-03-01T00:00:00Z,52.41
5021,TSLAATMIV.U,2019-03-04T00:00:00Z,56.77
5022,TSLAATMIV.U,2019-03-05T00:00:00Z,57.51
5023,TSLAATMIV.U,2019-03-06T00:00:00Z,56.2
5024,TSLAATMIV.U,2019-03-07T00:00:00Z,57.98
5025,TSLAATMIV.U,2019-03-08T00:00:00Z,55.54
5026,TSLAATMIV.U,2019-03-11T00:00:00Z,52.98
5027,TSLAATMIV.U,2019-03-12T00:00:00Z,54.31
5028,TSLAATMIV.U,2019-03-13T00:00:00Z,52.6
5029,TSLAATMIV.U,2019-03-14T00:00:00Z,53.05
5030,TSLAATMIV.U,2019-03-15T00:00:00Z,53.99
5031,TSLAATMIV.U,2019-03-18T00:00:00Z,56.63
5032,TSLAATMIV.U,2019-03-19T00:00:00Z,56.62
5033,TSLAATMIV.U,2019-03-20T00:00:00Z,56.73
5034,TSLAATMIV.U,2019-03-21T00:00:00Z,58.31
5035,TSLAATMIV.U,2019-03-22T00:00:00Z,59.2
5036,TSLAATMIV.U,2019-03-25T00:00:00Z,59.79
5037,TSLAATMIV.U,2019-03-26T00:00:00Z,55.63
5038,TSLAATMIV.U,2019-03-27T00:00:00Z,58.09
5039,TSLAATMIV.U,2019-03-28T00:00:00Z,58.43
5040,TSLAATMIV.U,2019-03-29T00:00:00Z,58.91
5041,TSLAATMIV.U,2019-04-01T00:00:00Z,57.94
5042,TSLAATMIV.U,2019-04-02T00:00:00Z,60.84
5043,TSLAATMIV.U,2019-04-03T00:00:00Z,62.48
5044,TSLAATMIV.U,2019-04-04T00:00:00Z,60.68
5045,TSLAATMIV.U,2019-04-05T00:00:00Z,56.71
5046,TSLAATMIV.U,2019-04-08T00:00:00Z,57.87
5047,TSLAATMIV.U,2019-04-09T00:00:00Z,57.51
5048,TSLAATMIV.U,2019-04-10T00:00:00Z,56.24
5049,TSLAATMIV.U,2019-04-11T00:00:00Z,58.46
5050,TSLAATMIV.U,2019-04-12T00:00:00Z,57.98
5051,TSLAATMIV.U,2019-04-15T00:00:00Z,59.87
5052,TSLAATMIV.U,2019-04-16T00:00:00Z,58.86
5053,TSLAATMIV.U,2019-04-17T00:00:00Z,57.83
5054,TSLAATMIV.U,2019-04-18T00:00:00Z,56.88
5055,TSLAATMIV.U,2019-04-18T00:00:00Z,56.88
5056,TSLAATMIV.U,2019-04-22T00:00:00Z,60.78
5057,TSLAATMIV.U,2019-04-23T00:00:00Z,58.64
5058,TSLAATMIV.U,2019-04-24T00:00:00Z,57.32
5059,TSLAATMIV.U,2019-04-25T00:00:00Z,52.68
5060,TSLAATMIV.U,2019-04-26T00:00:00Z,54.08
5061,TSLAATMIV.U,2019-04-29T00:00:00Z,50.0
5062,TSLAATMIV.U,2019-04-30T00:00:00Z,49.63
5063,TSLAATMIV.U,2019-05-01T00:00:00Z,51.29
5064,TSLAATMIV.U,2019-05-02T00:00:00Z,46.88
5065,TSLAATMIV.U,2019-05-03T00:00:00Z,45.27
5066,TSLAATMIV.U,2019-05-06T00:00:00Z,45.14
5067,TSLAATMIV.U,2019-05-07T00:00:00Z,46.94
5068,TSLAATMIV.U,2019-05-08T00:00:00Z,46.53
5069,TSLAATMIV.U,2019-05-09T00:00:00Z,46.44
5070,TSLAATMIV.U,2019-05-10T00:00:00Z,44.87
5071,TSLAATMIV.U,2019-05-13T00:00:00Z,48.51
5072,TSLAATMIV.U,2019-05-14T00:00:00Z,44.49
5073,TSLAATMIV.U,2019-05-15T00:00:00Z,43.84
5074,TSLAATMIV.U,2019-05-16T00:00:00Z,45.11
5075,TSLAATMIV.U,2019-05-17T00:00:00Z,53.07
5076,TSLAATMIV.U,2019-05-20T00:00:00Z,56.17
5077,TSLAATMIV.U,2019-05-21T00:00:00Z,54.69
5078,TSLAATMIV.U,2019-05-22T00:00:00Z,60.8
5079,TSLAATMIV.U,2019-05-23T00:00:00Z,64.99
5080,TSLAATMIV.U,2019-05-24T00:00:00Z,65.1
5081,TSLAATMIV.U,2019-05-24T00:00:00Z,65.1
5082,TSLAATMIV.U,2019-05-28T00:00:00Z,63.66
5083,TSLAATMIV.U,2019-05-29T00:00:00Z,60.21
5084,TSLAATMIV.U,2019-05-30T00:00:00Z,60.65
5085,TSLAATMIV.U,2019-05-31T00:00:00Z,60.77
5086,TSLAATMIV.U,2019-06-03T00:00:00Z,62.93
5087,TSLAATMIV.U,2019-06-04T00:00:00Z,62.79
5088,TSLAATMIV.U,2019-06-05T00:00:00Z,64.84
5089,TSLAATMIV.U,2019-06-06T00:00:00Z,65.08
5090,TSLAATMIV.U,2019-06-07T00:00:00Z,63.3
5091,TSLAATMIV.U,2019-06-10T00:00:00Z,63.95
5092,TSLAATMIV.U,2019-06-11T00:00:00Z,65.07
5093,TSLAATMIV.U,2019-06-12T00:00:00Z,62.87
5094,TSLAATMIV.U,2019-06-13T00:00:00Z,60.51
5095,TSLAATMIV.U,2019-06-14T00:00:00Z,59.63
5096,TSLAATMIV.U,2019-06-17T00:00:00Z,61.42
5097,TSLAATMIV.U,2019-06-18T00:00:00Z,59.41
5098,TSLAATMIV.U,2019-06-19T00:00:00Z,59.13
5099,TSLAATMIV.U,2019-06-20T00:00:00Z,62.48
5100,TSLAATMIV.U,2019-06-21T00:00:00Z,62.79
5101,TSLAATMIV.U,2019-06-24T00:00:00Z,64.54
5102,TSLAATMIV.U,2019-06-25T00:00:00Z,65.1
5103,TSLAATMIV.U,2019-06-26T00:00:00Z,65.97
5104,TSLAATMIV.U,2019-06-27T00:00:00Z,65.72
5105,TSLAATMIV.U,2019-06-28T00:00:00Z,66.03
5106,TSLAATMIV.U,2019-07-01T00:00:00Z,66.06
5107,TSLAATMIV.U,2019-07-02T00:00:00Z,65.35
5108,TSLAATMIV.U,2019-07-03T00:00:00Z,60.02
5109,TSLAATMIV.U,2019-07-03T00:00:00Z,60.02
5110,TSLAATMIV.U,2019-07-05T00:00:00Z,60.04
5111,TSLAATMIV.U,2019-07-08T00:00:00Z,59.15
5112,TSLAATMIV.U,2019-07-09T00:00:00Z,57.47
5113,TSLAATMIV.U,2019-07-10T00:00:00Z,57.03
5114,TSLAATMIV.U,2019-07-11T00:00:00Z,53.73
5115,TSLAATMIV.U,2019-07-12T00:00:00Z,53.25
5116,TSLAATMIV.U,2019-07-15T00:00:00Z,55.13
5117,TSLAATMIV.U,2019-07-16T00:00:00Z,54.2
5118,TSLAATMIV.U,2019-07-17T00:00:00Z,55.5
5119,TSLAATMIV.U,2019-07-18T00:00:00Z,53.1
5120,TSLAATMIV.U,2019-07-19T00:00:00Z,52.22
5121,TSLAATMIV.U,2019-07-22T00:00:00Z,52.57
5122,TSLAATMIV.U,2019-07-23T00:00:00Z,51.52
5123,TSLAATMIV.U,2019-07-24T00:00:00Z,52.13
5124,TSLAATMIV.U,2019-07-25T00:00:00Z,44.29
5125,TSLAATMIV.U,2019-07-26T00:00:00Z,42.69
5126,TSLAATMIV.U,2019-07-29T00:00:00Z,41.94
5127,TSLAATMIV.U,2019-07-30T00:00:00Z,42.22
5128,TSLAATMIV.U,2019-07-31T00:00:00Z,41.26
5129,TSLAATMIV.U,2019-08-01T00:00:00Z,44.65
5130,TSLAATMIV.U,2019-08-02T00:00:00Z,44.87
5131,TSLAATMIV.U,2019-08-05T00:00:00Z,49.33
5132,TSLAATMIV.U,2019-08-06T00:00:00Z,45.21
5133,TSLAATMIV.U,2019-08-07T00:00:00Z,44.19
5134,TSLAATMIV.U,2019-08-08T00:00:00Z,41.79
5135,TSLAATMIV.U,2019-08-09T00:00:00Z,43.3
5136,TSLAATMIV.U,2019-08-12T00:00:00Z,45.27
5137,TSLAATMIV.U,2019-08-13T00:00:00Z,42.77
5138,TSLAATMIV.U,2019-08-14T00:00:00Z,48.32
5139,TSLAATMIV.U,2019-08-15T00:00:00Z,47.43
5140,TSLAATMIV.U,2019-08-16T00:00:00Z,44.06
5141,TSLAATMIV.U,2019-08-19T00:00:00Z,42.97
5142,TSLAATMIV.U,2019-08-20T00:00:00Z,43.17
5143,TSLAATMIV.U,2019-08-21T00:00:00Z,44.99
5144,TSLAATMIV.U,2019-08-22T00:00:00Z,45.31
5145,TSLAATMIV.U,2019-08-23T00:00:00Z,48.87
5146,TSLAATMIV.U,2019-08-26T00:00:00Z,48.28
5147,TSLAATMIV.U,2019-08-27T00:00:00Z,47.29
5148,TSLAATMIV.U,2019-08-28T00:00:00Z,45.96
5149,TSLAATMIV.U,2019-08-29T00:00:00Z,46.12
5150,TSLAATMIV.U,2019-08-30T00:00:00Z,45.9
5151,TSLAATMIV.U,2019-08-30T00:00:00Z,45.9
5152,TSLAATMIV.U,2019-09-03T00:00:00Z,50.48
5153,TSLAATMIV.U,2019-09-04T00:00:00Z,50.9
5154,TSLAATMIV.U,2019-09-05T00:00:00Z,48.98
5155,TSLAATMIV.U,2019-09-06T00:00:00Z,47.61
5156,TSLAATMIV.U,2019-09-09T00:00:00Z,48.23
5157,TSLAATMIV.U,2019-09-10T00:00:00Z,46.42
5158,TSLAATMIV.U,2019-09-11T00:00:00Z,46.41
5159,TSLAATMIV.U,2019-09-12T00:00:00Z,46.15
5160,TSLAATMIV.U,2019-09-13T00:00:00Z,43.38
5161,TSLAATMIV.U,2019-09-16T00:00:00Z,45.84
5162,TSLAATMIV.U,2019-09-17T00:00:00Z,46.02
5163,TSLAATMIV.U,2019-09-18T00:00:00Z,45.12
5164,TSLAATMIV.U,2019-09-19T00:00:00Z,46.81
5165,TSLAATMIV.U,2019-09-20T00:00:00Z,47.82
5166,TSLAATMIV.U,2019-09-23T00:00:00Z,49.26
5167,TSLAATMIV.U,2019-09-24T00:00:00Z,54.16
5168,TSLAATMIV.U,2019-09-25T00:00:00Z,51.88
5169,TSLAATMIV.U,2019-09-26T00:00:00Z,52.78
5170,TSLAATMIV.U,2019-09-27T00:00:00Z,53.02
5171,TSLAATMIV.U,2019-09-30T00:00:00Z,53.94
5172,TSLAATMIV.U,2019-10-01T00:00:00Z,54.82
5173,TSLAATMIV.U,2019-10-02T00:00:00Z,56.42
5174,TSLAATMIV.U,2019-10-03T00:00:00Z,53.07
5175,TSLAATMIV.U,2019-10-04T00:00:00Z,51.96
5176,TSLAATMIV.U,2019-10-07T00:00:00Z,51.89
5177,TSLAATMIV.U,2019-10-08T00:00:00Z,53.98
5178,TSLAATMIV.U,2019-10-09T00:00:00Z,52.57
5179,TSLAATMIV.U,2019-10-10T00:00:00Z,51.18
5180,TSLAATMIV.U,2019-10-11T00:00:00Z,49.88
5181,TSLAATMIV.U,2019-10-14T00:00:00Z,51.95
5182,TSLAATMIV.U,2019-10-15T00:00:00Z,51.92
5183,TSLAATMIV.U,2019-10-16T00:00:00Z,52.77
5184,TSLAATMIV.U,2019-10-17T00:00:00Z,51.15
5185,TSLAATMIV.U,2019-10-18T00:00:00Z,51.94
5186,TSLAATMIV.U,2019-10-21T00:00:00Z,52.92
5187,TSLAATMIV.U,2019-10-22T00:00:00Z,52.55
5188,TSLAATMIV.U,2019-10-23T00:00:00Z,51.09
5189,TSLAATMIV.U,2019-10-24T00:00:00Z,41.72
5190,TSLAATMIV.U,2019-10-25T00:00:00Z,44.22
5191,TSLAATMIV.U,2019-10-28T00:00:00Z,43.06
5192,TSLAATMIV.U,2019-10-29T00:00:00Z,39.65
5193,TSLAATMIV.U,2019-10-30T00:00:00Z,38.37
5194,TSLAATMIV.U,2019-10-31T00:00:00Z,37.66
5195,TSLAATMIV.U,2019-11-01T00:00:00Z,36.38
5196,TSLAATMIV.U,2019-11-04T00:00:00Z,36.84
5197,TSLAATMIV.U,2019-11-05T00:00:00Z,36.26
5198,TSLAATMIV.U,2019-11-06T00:00:00Z,38.51
5199,TSLAATMIV.U,2019-11-07T00:00:00Z,38.44
5200,TSLAATMIV.U,2019-11-08T00:00:00Z,38.27
5201,TSLAATMIV.U,2019-11-11T00:00:00Z,38.4
5202,TSLAATMIV.U,2019-11-12T00:00:00Z,37.95
5203,TSLAATMIV.U,2019-11-13T00:00:00Z,38.23
5204,TSLAATMIV.U,2019-11-14T00:00:00Z,39.51
5205,TSLAATMIV.U,2019-11-15T00:00:00Z,38.42
5206,TSLAATMIV.U,2019-11-18T00:00:00Z,38.8
5207,TSLAATMIV.U,2019-11-19T00:00:00Z,40.04
5208,TSLAATMIV.U,2019-11-20T00:00:00Z,40.27
5209,TSLAATMIV.U,2019-11-21T00:00:00Z,39.22
5210,TSLAATMIV.U,2019-11-22T00:00:00Z,36.31
5211,TSLAATMIV.U,2019-11-25T00:00:00Z,35.33
5212,TSLAATMIV.U,2019-11-26T00:00:00Z,32.48
5213,TSLAATMIV.U,2019-11-27T00:00:00Z,32.34
5214,TSLAATMIV.U,2019-11-27T00:00:00Z,32.34
5215,TSLAATMIV.U,2019-11-29T00:00:00Z,35.04
5216,TSLAATMIV.U,2019-12-02T00:00:00Z,37.87
5217,TSLAATMIV.U,2019-12-03T00:00:00Z,38.3
5218,TSLAATMIV.U,2019-12-04T00:00:00Z,37.75
5219,TSLAATMIV.U,2019-12-05T00:00:00Z,36.93
5220,TSLAATMIV.U,2019-12-06T00:00:00Z,36.21
5221,TSLAATMIV.U,2019-12-09T00:00:00Z,38.53
5222,TSLAATMIV.U,2019-12-10T00:00:00Z,38.51
5223,TSLAATMIV.U,2019-12-11T00:00:00Z,37.77
5224,TSLAATMIV.U,2019-12-12T00:00:00Z,38.36
5225,TSLAATMIV.U,2019-12-13T00:00:00Z,36.59
5226,TSLAATMIV.U,2019-12-16T00:00:00Z,40.41
5227,TSLAATMIV.U,2019-12-17T00:00:00Z,40.07
5228,TSLAATMIV.U,2019-12-18T00:00:00Z,40.92
5229,TSLAATMIV.U,2019-12-19T00:00:00Z,42.48
5230,TSLAATMIV.U,2019-12-20T00:00:00Z,42.89
5231,TSLAATMIV.U,2019-12-23T00:00:00Z,43.99
5232,TSLAATMIV.U,2019-12-24T00:00:00Z,44.03
5233,TSLAATMIV.U,2019-12-24T00:00:00Z,44.03
5234,TSLAATMIV.U,2019-12-26T00:00:00Z,49.14
5235,TSLAATMIV.U,2019-12-27T00:00:00Z,48.62
5236,TSLAATMIV.U,2019-12-30T00:00:00Z,50.54
5237,TSLAATMIV.U,2019-12-31T00:00:00Z,50.71
5238,TSLAATMIV.U,2019-12-31T00:00:00Z,50.71
5239,TSLAATMIV.U,2020-01-02T00:00:00Z,53.56
5240,TSLAATMIV.U,2020-01-03T00:00:00Z,52.68
5241,TSLAATMIV.U,2020-01-06T00:00:00Z,54.99
5242,TSLAATMIV.U,2020-01-07T00:00:00Z,58.34
5243,TSLAATMIV.U,2020-01-08T00:00:00Z,65.43
5244,TSLAATMIV.U,2020-01-09T00:00:00Z,64.46
5245,TSLAATMIV.U,2020-01-10T00:00:00Z,62.41
5246,TSLAATMIV.U,2020-01-13T00:00:00Z,65.78
5247,TSLAATMIV.U,2020-01-14T00:00:00Z,71.54
5248,TSLAATMIV.U,2020-01-15T00:00:00Z,70.3
5249,TSLAATMIV.U,2020-01-16T00:00:00Z,66.77
5250,TSLAATMIV.U,2020-01-17T00:00:00Z,63.32
5251,TSLAATMIV.U,2020-01-17T00:00:00Z,63.32
5252,TSLAATMIV.U,2020-01-21T00:00:00Z,68.54
5253,TSLAATMIV.U,2020-01-22T00:00:00Z,75.18
5254,TSLAATMIV.U,2020-01-23T00:00:00Z,67.04
5255,TSLAATMIV.U,2020-01-24T00:00:00Z,67.36
5256,TSLAATMIV.U,2020-01-27T00:00:00Z,70.42
5257,TSLAATMIV.U,2020-01-28T00:00:00Z,67.77
5258,TSLAATMIV.U,2020-01-29T00:00:00Z,68.23
5259,TSLAATMIV.U,2020-01-30T00:00:00Z,52.91
5260,TSLAATMIV.U,2020-01-31T00:00:00Z,52.96
5261,TSLAATMIV.U,2020-02-03T00:00:00Z,75.82
5262,TSLAATMIV.U,2020-02-04T00:00:00Z,117.23
5263,TSLAATMIV.U,2020-02-05T00:00:00Z,94.31
5264,TSLAATMIV.U,2020-02-06T00:00:00Z,92.79
5265,TSLAATMIV.U,2020-02-07T00:00:00Z,87.73
5266,TSLAATMIV.U,2020-02-10T00:00:00Z,87.71
5267,TSLAATMIV.U,2020-02-11T00:00:00Z,74.93
5268,TSLAATMIV.U,2020-02-12T00:00:00Z,65.86
5269,TSLAATMIV.U,2020-02-13T00:00:00Z,72.08
5270,TSLAATMIV.U,2020-02-14T00:00:00Z,62.88
5271,TSLAATMIV.U,2020-02-14T00:00:00Z,62.88
5272,TSLAATMIV.U,2020-02-18T00:00:00Z,72.65
5273,TSLAATMIV.U,2020-02-19T00:00:00Z,78.3
5274,TSLAATMIV.U,2020-02-20T00:00:00Z,78.47
5275,TSLAATMIV.U,2020-02-21T00:00:00Z,81.58
5276,TSLAATMIV.U,2020-02-24T00:00:00Z,74.93
5277,TSLAATMIV.U,2020-02-25T00:00:00Z,70.83
5278,TSLAATMIV.U,2020-02-26T00:00:00Z,68.95
5279,TSLAATMIV.U,2020-02-27T00:00:00Z,84.05
5280,TSLAATMIV.U,2020-02-28T00:00:00Z,96.81
5281,TSLAATMIV.U,2020-03-02T00:00:00Z,84.71
5282,TSLAATMIV.U,2020-03-03T00:00:00Z,90.16
5283,TSLAATMIV.U,2020-03-04T00:00:00Z,86.77
5284,TSLAATMIV.U,2020-03-05T00:00:00Z,88.02
5285,TSLAATMIV.U,2020-03-06T00:00:00Z,92.19
5286,TSLAATMIV.U,2020-03-09T00:00:00Z,101.26
5287,TSLAATMIV.U,2020-03-10T00:00:00Z,91.69
5288,TSLAATMIV.U,2020-03-11T00:00:00Z,91.34
5289,TSLAATMIV.U,2020-03-12T00:00:00Z,104.83
5290,TSLAATMIV.U,2020-03-13T00:00:00Z,111.3
5291,TSLAATMIV.U,2020-03-16T00:00:00Z,145.54
5292,TSLAATMIV.U,2020-03-17T00:00:00Z,146.3
5293,TSLAATMIV.U,2020-03-18T00:00:00Z,154.4
5294,TSLAATMIV.U,2020-03-19T00:00:00Z,146.47
5295,TSLAATMIV.U,2020-03-20T00:00:00Z,134.92
5296,TSLAATMIV.U,2020-03-23T00:00:00Z,121.53
5297,TSLAATMIV.U,2020-03-24T00:00:00Z,112.73
5298,TSLAATMIV.U,2020-03-25T00:00:00Z,123.11
5299,TSLAATMIV.U,2020-03-26T00:00:00Z,115.36
5300,TSLAATMIV.U,2020-03-27T00:00:00Z,109.34
5301,TSLAATMIV.U,2020-03-30T00:00:00Z,104.63
5302,TSLAATMIV.U,2020-03-31T00:00:00Z,99.22
5303,TSLAATMIV.U,2020-04-01T00:00:00Z,107.95
5304,TSLAATMIV.U,2020-04-02T00:00:00Z,103.97
5305,TSLAATMIV.U,2020-04-03T00:00:00Z,100.86
5306,TSLAATMIV.U,2020-04-06T00:00:00Z,93.62
5307,TSLAATMIV.U,2020-04-07T00:00:00Z,90.01
5308,TSLAATMIV.U,2020-04-08T00:00:00Z,90.46
5309,TSLAATMIV.U,2020-04-09T00:00:00Z,85.69
5310,TSLAATMIV.U,2020-04-09T00:00:00Z,85.69
5311,TSLAATMIV.U,2020-04-13T00:00:00Z,95.74
5312,TSLAATMIV.U,2020-04-14T00:00:00Z,101.1
5313,TSLAATMIV.U,2020-04-15T00:00:00Z,107.84
5314,TSLAATMIV.U,2020-04-16T00:00:00Z,105.83
5315,TSLAATMIV.U,2020-04-17T00:00:00Z,100.58
5316,TSLAATMIV.U,2020-04-20T00:00:00Z,100.91
5317,TSLAATMIV.U,2020-04-21T00:00:00Z,101.14
5318,TSLAATMIV.U,2020-04-22T00:00:00Z,99.92
5319,TSLAATMIV.U,2020-04-23T00:00:00Z,95.18
5320,TSLAATMIV.U,2020-04-24T00:00:00Z,90.14
5321,TSLAATMIV.U,2020-04-27T00:00:00Z,93.46
5322,TSLAATMIV.U,2020-04-28T00:00:00Z,82.93
5323,TSLAATMIV.U,2020-04-29T00:00:00Z,84.68
5324,TSLAATMIV.U,2020-04-30T00:00:00Z,74.02
5325,TSLAATMIV.U,2020-05-01T00:00:00Z,81.75
5326,TSLAATMIV.U,2020-05-04T00:00:00Z,77.49
5327,TSLAATMIV.U,2020-05-05T00:00:00Z,73.76
5328,TSLAATMIV.U,2020-05-06T00:00:00Z,71.69
5329,TSLAATMIV.U,2020-05-07T00:00:00Z,69.55
5330,TSLAATMIV.U,2020-05-08T00:00:00Z,68.46
5331,TSLAATMIV.U,2020-05-11T00:00:00Z,70.31
5332,TSLAATMIV.U,2020-05-12T00:00:00Z,70.43
5333,TSLAATMIV.U,2020-05-13T00:00:00Z,72.03
5334,TSLAATMIV.U,2020-05-14T00:00:00Z,70.68
5335,TSLAATMIV.U,2020-05-15T00:00:00Z,65.55
5336,TSLAATMIV.U,2020-05-18T00:00:00Z,68.24
5337,TSLAATMIV.U,2020-05-19T00:00:00Z,66.88
5338,TSLAATMIV.U,2020-05-20T00:00:00Z,65.9
5339,TSLAATMIV.U,2020-05-21T00:00:00Z,65.04
5340,TSLAATMIV.U,2020-05-22T00:00:00Z,60.61
5341,TSLAATMIV.U,2020-05-22T00:00:00Z,60.61
5342,TSLAATMIV.U,2020-05-26T00:00:00Z,60.51
5343,TSLAATMIV.U,2020-05-27T00:00:00Z,59.58
5344,TSLAATMIV.U,2020-05-28T00:00:00Z,58.18
5345,TSLAATMIV.U,2020-05-29T00:00:00Z,58.06
5346,TSLAATMIV.U,2020-06-01T00:00:00Z,65.51
5347,TSLAATMIV.U,2020-06-02T00:00:00Z,62.0
5348,TSLAATMIV.U,2020-06-03T00:00:00Z,59.32
5349,TSLAATMIV.U,2020-06-04T00:00:00Z,58.75
5350,TSLAATMIV.U,2020-06-05T00:00:00Z,58.31
5351,TSLAATMIV.U,2020-06-08T00:00:00Z,66.77
5352,TSLAATMIV.U,2020-06-09T00:00:00Z,63.99
5353,TSLAATMIV.U,2020-06-10T00:00:00Z,70.06
5354,TSLAATMIV.U,2020-06-11T00:00:00Z,73.18
5355,TSLAATMIV.U,2020-06-12T00:00:00Z,72.64
5356,TSLAATMIV.U,2020-06-15T00:00:00Z,73.92
5357,TSLAATMIV.U,2020-06-16T00:00:00Z,74.28
5358,TSLAATMIV.U,2020-06-17T00:00:00Z,70.66
5359,TSLAATMIV.U,2020-06-18T00:00:00Z,71.45
5360,TSLAATMIV.U,2020-06-19T00:00:00Z,68.11
5361,TSLAATMIV.U,2020-06-22T00:00:00Z,66.31
5362,TSLAATMIV.U,2020-06-23T00:00:00Z,66.42
5363,TSLAATMIV.U,2020-06-24T00:00:00Z,69.14
5364,TSLAATMIV.U,2020-06-25T00:00:00Z,70.12
5365,TSLAATMIV.U,2020-06-26T00:00:00Z,71.83
5366,TSLAATMIV.U,2020-06-29T00:00:00Z,79.81
5367,TSLAATMIV.U,2020-06-30T00:00:00Z,78.63
5368,TSLAATMIV.U,2020-07-01T00:00:00Z,78.84
5369,TSLAATMIV.U,2020-07-02T00:00:00Z,74.68
5370,TSLAATMIV.U,2020-07-02T00:00:00Z,74.68
5371,TSLAATMIV.U,2020-07-06T00:00:00Z,92.93
5372,TSLAATMIV.U,2020-07-07T00:00:00Z,94.29
5373,TSLAATMIV.U,2020-07-08T00:00:00Z,91.94
5374,TSLAATMIV.U,2020-07-09T00:00:00Z,93.3
5375,TSLAATMIV.U,2020-07-10T00:00:00Z,104.53
5376,TSLAATMIV.U,2020-07-13T00:00:00Z,124.77
5377,TSLAATMIV.U,2020-07-14T00:00:00Z,125.91
5378,TSLAATMIV.U,2020-07-15T00:00:00Z,126.0
5379,TSLAATMIV.U,2020-07-16T00:00:00Z,117.08
5380,TSLAATMIV.U,2020-07-17T00:00:00Z,105.48
5381,TSLAATMIV.U,2020-07-20T00:00:00Z,110.4
5382,TSLAATMIV.U,2020-07-21T00:00:00Z,105.14
5383,TSLAATMIV.U,2020-07-22T00:00:00Z,104.84
5384,TSLAATMIV.U,2020-07-23T00:00:00Z,76.3
5385,TSLAATMIV.U,2020-07-24T00:00:00Z,74.71
5386,TSLAATMIV.U,2020-07-27T00:00:00Z,76.1
5387,TSLAATMIV.U,2020-07-28T00:00:00Z,74.45
5388,TSLAATMIV.U,2020-07-29T00:00:00Z,67.11
5389,TSLAATMIV.U,2020-07-30T00:00:00Z,68.31
5390,TSLAATMIV.U,2020-07-31T00:00:00Z,69.82
5391,TSLAATMIV.U,2020-08-03T00:00:00Z,68.82
5392,TSLAATMIV.U,2020-08-04T00:00:00Z,66.77
5393,TSLAATMIV.U,2020-08-05T00:00:00Z,65.09
5394,TSLAATMIV.U,2020-08-06T00:00:00Z,64.08
5395,TSLAATMIV.U,2020-08-07T00:00:00Z,64.64
5396,TSLAATMIV.U,2020-08-10T00:00:00Z,65.38
5397,TSLAATMIV.U,2020-08-11T00:00:00Z,64.98
5398,TSLAATMIV.U,2020-08-12T00:00:00Z,71.9
5399,TSLAATMIV.U,2020-08-13T00:00:00Z,71.23
5400,TSLAATMIV.U,2020-08-14T00:00:00Z,70.64
5401,TSLAATMIV.U,2020-08-17T00:00:00Z,74.89
5402,TSLAATMIV.U,2020-08-18T00:00:00Z,75.73
5403,TSLAATMIV.U,2020-08-19T00:00:00Z,72.87
5404,TSLAATMIV.U,2020-08-20T00:00:00Z,77.11
5405,TSLAATMIV.U,2020-08-21T00:00:00Z,79.66
5406,TSLAATMIV.U,2020-08-24T00:00:00Z,83.75
5407,TSLAATMIV.U,2020-08-25T00:00:00Z,82.81
5408,TSLAATMIV.U,2020-08-26T00:00:00Z,83.68
5409,TSLAATMIV.U,2020-08-27T00:00:00Z,92.7
5410,TSLAATMIV.U,2020-08-28T00:00:00Z,97.6
5411,TSLAATMIV.U,2020-08-31T00:00:00Z,114.22
5412,TSLAATMIV.U,2020-09-01T00:00:00Z,126.14
5413,TSLAATMIV.U,2020-09-02T00:00:00Z,129.66
5414,TSLAATMIV.U,2020-09-03T00:00:00Z,125.94
5415,TSLAATMIV.U,2020-09-04T00:00:00Z,125.76
5416,TSLAATMIV.U,2020-09-04T00:00:00Z,125.76
5417,TSLAATMIV.U,2020-09-08T00:00:00Z,116.85
5418,TSLAATMIV.U,2020-09-09T00:00:00Z,110.89
5419,TSLAATMIV.U,2020-09-10T00:00:00Z,103.83
5420,TSLAATMIV.U,2020-09-11T00:00:00Z,104.15
5421,TSLAATMIV.U,2020-09-14T00:00:00Z,108.3
5422,TSLAATMIV.U,2020-09-15T00:00:00Z,119.04
5423,TSLAATMIV.U,2020-09-16T00:00:00Z,120.59
5424,TSLAATMIV.U,2020-09-17T00:00:00Z,123.61
5425,TSLAATMIV.U,2020-09-18T00:00:00Z,125.74
5426,TSLAATMIV.U,2020-09-21T00:00:00Z,123.22
5427,TSLAATMIV.U,2020-09-22T00:00:00Z,114.03
5428,TSLAATMIV.U,2020-09-23T00:00:00Z,100.2
5429,TSLAATMIV.U,2020-09-24T00:00:00Z,98.2
5430,TSLAATMIV.U,2020-09-25T00:00:00Z,93.35
5431,TSLAATMIV.U,2020-09-28T00:00:00Z,91.15
5432,TSLAATMIV.U,2020-09-29T00:00:00Z,90.09
5433,TSLAATMIV.U,2020-09-30T00:00:00Z,88.03
5434,TSLAATMIV.U,2020-10-01T00:00:00Z,90.64
5435,TSLAATMIV.U,2020-10-02T00:00:00Z,90.13
5436,TSLAATMIV.U,2020-10-05T00:00:00Z,83.58
5437,TSLAATMIV.U,2020-10-06T00:00:00Z,84.69
5438,TSLAATMIV.U,2020-10-07T00:00:00Z,81.76
5439,TSLAATMIV.U,2020-10-08T00:00:00Z,81.58
5440,TSLAATMIV.U,2020-10-09T00:00:00Z,76.88
5441,TSLAATMIV.U,2020-10-12T00:00:00Z,76.28
5442,TSLAATMIV.U,2020-10-13T00:00:00Z,78.42
5443,TSLAATMIV.U,2020-10-14T00:00:00Z,80.32
5444,TSLAATMIV.U,2020-10-15T00:00:00Z,79.35
5445,TSLAATMIV.U,2020-10-16T00:00:00Z,77.27
5446,TSLAATMIV.U,2020-10-19T00:00:00Z,77.8
5447,TSLAATMIV.U,2020-10-20T00:00:00Z,76.22
5448,TSLAATMIV.U,2020-10-21T00:00:00Z,74.63
5449,TSLAATMIV.U,2020-10-22T00:00:00Z,63.88
5450,TSLAATMIV.U,2020-10-23T00:00:00Z,60.26
5451,TSLAATMIV.U,2020-10-26T00:00:00Z,60.78
5452,TSLAATMIV.U,2020-10-27T00:00:00Z,56.94
5453,TSLAATMIV.U,2020-10-28T00:00:00Z,58.66
5454,TSLAATMIV.U,2020-10-29T00:00:00Z,58.84
5455,TSLAATMIV.U,2020-10-30T00:00:00Z,63.36
5456,TSLAATMIV.U,2020-11-02T00:00:00Z,66.16
5457,TSLAATMIV.U,2020-11-03T00:00:00Z,62.87
5458,TSLAATMIV.U,2020-11-04T00:00:00Z,56.7
5459,TSLAATMIV.U,2020-11-05T00:00:00Z,56.91
5460,TSLAATMIV.U,2020-11-06T00:00:00Z,54.32
5461,TSLAATMIV.U,2020-11-09T00:00:00Z,55.22
5462,TSLAATMIV.U,2020-11-10T00:00:00Z,56.01
5463,TSLAATMIV.U,2020-11-11T00:00:00Z,54.5
5464,TSLAATMIV.U,2020-11-12T00:00:00Z,56.89
5465,TSLAATMIV.U,2020-11-13T00:00:00Z,56.81
5466,TSLAATMIV.U,2020-11-16T00:00:00Z,56.31
5467,TSLAATMIV.U,2020-11-17T00:00:00Z,64.37
5468,TSLAATMIV.U,2020-11-18T00:00:00Z,73.41
5469,TSLAATMIV.U,2020-11-19T00:00:00Z,76.48
5470,TSLAATMIV.U,2020-11-20T00:00:00Z,71.87
5471,TSLAATMIV.U,2020-11-23T00:00:00Z,73.72
5472,TSLAATMIV.U,2020-11-24T00:00:00Z,76.83
5473,TSLAATMIV.U,2020-11-25T00:00:00Z,74.74
5474,TSLAATMIV.U,2020-11-25T00:00:00Z,74.74
5475,TSLAATMIV.U,2020-11-27T00:00:00Z,84.27
5476,TSLAATMIV.U,2020-11-30T00:00:00Z,94.09
5477,TSLAATMIV.U,2020-12-01T00:00:00Z,90.54
5478,TSLAATMIV.U,2020-12-02T00:00:00Z,83.41
5479,TSLAATMIV.U,2020-12-03T00:00:00Z,80.72
5480,TSLAATMIV.U,2020-12-04T00:00:00Z,81.56
5481,TSLAATMIV.U,2020-12-07T00:00:00Z,86.15
5482,TSLAATMIV.U,2020-12-08T00:00:00Z,95.99
5483,TSLAATMIV.U,2020-12-09T00:00:00Z,105.29
5484,TSLAATMIV.U,2020-12-10T00:00:00Z,97.45
5485,TSLAATMIV.U,2020-12-11T00:00:00Z,94.19
5486,TSLAATMIV.U,2020-12-14T00:00:00Z,87.94
5487,TSLAATMIV.U,2020-12-15T00:00:00Z,83.45
5488,TSLAATMIV.U,2020-12-16T00:00:00Z,79.99
5489,TSLAATMIV.U,2020-12-17T00:00:00Z,80.74
5490,TSLAATMIV.U,2020-12-18T00:00:00Z,49.92
5491,TSLAATMIV.U,2020-12-21T00:00:00Z,71.49
5492,TSLAATMIV.U,2020-12-22T00:00:00Z,65.89
5493,TSLAATMIV.U,2020-12-23T00:00:00Z,59.1
5494,TSLAATMIV.U,2020-12-24T00:00:00Z,60.54
5495,TSLAATMIV.U,2020-12-24T00:00:00Z,60.54
5496,TSLAATMIV.U,2020-12-28T00:00:00Z,62.34
5497,TSLAATMIV.U,2020-12-29T00:00:00Z,59.18
5498,TSLAATMIV.U,2020-12-30T00:00:00Z,61.97
5499,TSLAATMIV.U,2020-12-31T00:00:00Z,67.51
5500,TSLAATMIV.U,2020-12-31T00:00:00Z,67.51
5501,TSLAATMIV.U,2021-01-04T00:00:00Z,72.2
5502,TSLAATMIV.U,2021-01-05T00:00:00Z,67.21
5503,TSLAATMIV.U,2021-01-06T00:00:00Z,70.41
5504,TSLAATMIV.U,2021-01-07T00:00:00Z,76.9
5505,TSLAATMIV.U,2021-01-08T00:00:00Z,89.29
5506,TSLAATMIV.U,2021-01-11T00:00:00Z,87.61
5507,TSLAATMIV.U,2021-01-12T00:00:00Z,85.01
5508,TSLAATMIV.U,2021-01-13T00:00:00Z,83.17
5509,TSLAATMIV.U,2021-01-14T00:00:00Z,82.73
5510,TSLAATMIV.U,2021-01-15T00:00:00Z,81.93
5511,TSLAATMIV.U,2021-01-15T00:00:00Z,81.93
5512,TSLAATMIV.U,2021-01-19T00:00:00Z,76.53
5513,TSLAATMIV.U,2021-01-20T00:00:00Z,75.16
5514,TSLAATMIV.U,2021-01-21T00:00:00Z,71.87
5515,TSLAATMIV.U,2021-01-22T00:00:00Z,73.17
5516,TSLAATMIV.U,2021-01-25T00:00:00Z,81.68
5517,TSLAATMIV.U,2021-01-26T00:00:00Z,78.41
5518,TSLAATMIV.U,2021-01-27T00:00:00Z,79.45
5519,TSLAATMIV.U,2021-01-28T00:00:00Z,66.35
5520,TSLAATMIV.U,2021-01-29T00:00:00Z,69.98
5521,TSLAATMIV.U,2021-02-01T00:00:00Z,65.4
5522,TSLAATMIV.U,2021-02-02T00:00:00Z,61.9
5523,TSLAATMIV.U,2021-02-03T00:00:00Z,60.91
5524,TSLAATMIV.U,2021-02-04T00:00:00Z,58.24
5525,TSLAATMIV.U,2021-02-05T00:00:00Z,58.08
5526,TSLAATMIV.U,2021-02-08T00:00:00Z,59.49
5527,TSLAATMIV.U,2021-02-09T00:00:00Z,59.7
5528,TSLAATMIV.U,2021-02-10T00:00:00Z,62.17
5529,TSLAATMIV.U,2021-02-11T00:00:00Z,58.81
5530,TSLAATMIV.U,2021-02-12T00:00:00Z,57.13
5531,TSLAATMIV.U,2021-02-12T00:00:00Z,57.13
5532,TSLAATMIV.U,2021-02-16T00:00:00Z,57.16
5533,TSLAATMIV.U,2021-02-17T00:00:00Z,62.42
5534,TSLAATMIV.U,2021-02-18T00:00:00Z,61.18
5535,TSLAATMIV.U,2021-02-19T00:00:00Z,55.74
5536,TSLAATMIV.U,2021-02-22T00:00:00Z,66.02
5537,TSLAATMIV.U,2021-02-23T00:00:00Z,65.68
5538,TSLAATMIV.U,2021-02-24T00:00:00Z,63.98
5539,TSLAATMIV.U,2021-02-25T00:00:00Z,76.73
5540,TSLAATMIV.U,2021-02-26T00:00:00Z,70.48
5541,TSLAATMIV.U,2021-03-01T00:00:00Z,62.79
5542,TSLAATMIV.U,2021-03-02T00:00:00Z,64.31
5543,TSLAATMIV.U,2021-03-03T00:00:00Z,71.21
5544,TSLAATMIV.U,2021-03-04T00:00:00Z,73.8
5545,TSLAATMIV.U,2021-03-05T00:00:00Z,76.83
5546,TSLAATMIV.U,2021-03-08T00:00:00Z,81.47
5547,TSLAATMIV.U,2021-03-09T00:00:00Z,74.67
5548,TSLAATMIV.U,2021-03-10T00:00:00Z,78.4
5549,TSLAATMIV.U,2021-03-11T00:00:00Z,74.13
5550,TSLAATMIV.U,2021-03-12T00:00:00Z,71.38
5551,TSLAATMIV.U,2021-03-15T00:00:00Z,67.32
5552,TSLAATMIV.U,2021-03-16T00:00:00Z,70.07
5553,TSLAATMIV.U,2021-03-17T00:00:00Z,66.15
5554,TSLAATMIV.U,2021-03-18T00:00:00Z,75.7
5555,TSLAATMIV.U,2021-03-19T00:00:00Z,69.57
5556,TSLAATMIV.U,2021-03-22T00:00:00Z,67.56
5557,TSLAATMIV.U,2021-03-23T00:00:00Z,64.72
5558,TSLAATMIV.U,2021-03-24T00:00:00Z,69.5
5559,TSLAATMIV.U,2021-03-25T00:00:00Z,68.84
5560,TSLAATMIV.U,2021-03-26T00:00:00Z,71.17
5561,TSLAATMIV.U,2021-03-29T00:00:00Z,71.92
5562,TSLAATMIV.U,2021-03-30T00:00:00Z,69.04
5563,TSLAATMIV.U,2021-03-31T00:00:00Z,65.63
5564,TSLAATMIV.U,2021-04-01T00:00:00Z,62.43
5565,TSLAATMIV.U,2021-04-01T00:00:00Z,62.43
5566,TSLAATMIV.U,2021-04-05T00:00:00Z,65.11
5567,TSLAATMIV.U,2021-04-06T00:00:00Z,64.17
5568,TSLAATMIV.U,2021-04-07T00:00:00Z,63.55
5569,TSLAATMIV.U,2021-04-08T00:00:00Z,59.84
5570,TSLAATMIV.U,2021-04-09T00:00:00Z,58.62
5571,TSLAATMIV.U,2021-04-12T00:00:00Z,61.61
5572,TSLAATMIV.U,2021-04-13T00:00:00Z,63.0
5573,TSLAATMIV.U,2021-04-14T00:00:00Z,64.31
5574,TSLAATMIV.U,2021-04-15T00:00:00Z,60.9
5575,TSLAATMIV.U,2021-04-16T00:00:00Z,59.96
5576,TSLAATMIV.U,2021-04-19T00:00:00Z,63.56
5577,TSLAATMIV.U,2021-04-20T00:00:00Z,64.17
5578,TSLAATMIV.U,2021-04-21T00:00:00Z,58.99
5579,TSLAATMIV.U,2021-04-22T00:00:00Z,62.64
5580,TSLAATMIV.U,2021-04-23T00:00:00Z,56.9
5581,TSLAATMIV.U,2021-04-26T00:00:00Z,59.46
5582,TSLAATMIV.U,2021-04-27T00:00:00Z,51.97
5583,TSLAATMIV.U,2021-04-28T00:00:00Z,50.18
5584,TSLAATMIV.U,2021-04-29T00:00:00Z,51.39
5585,TSLAATMIV.U,2021-04-30T00:00:00Z,50.97
5586,TSLAATMIV.U,2021-05-03T00:00:00Z,51.69
5587,TSLAATMIV.U,2021-05-04T00:00:00Z,54.83
5588,TSLAATMIV.U,2021-05-05T00:00:00Z,54.03
5589,TSLAATMIV.U,2021-05-06T00:00:00Z,54.59
5590,TSLAATMIV.U,2021-05-07T00:00:00Z,50.36
5591,TSLAATMIV.U,2021-05-10T00:00:00Z,57.13
5592,TSLAATMIV.U,2021-05-11T00:00:00Z,56.56
5593,TSLAATMIV.U,2021-05-12T00:00:00Z,64.13
5594,TSLAATMIV.U,2021-05-13T00:00:00Z,63.1
5595,TSLAATMIV.U,2021-05-14T00:00:00Z,54.92
5596,TSLAATMIV.U,2021-05-17T00:00:00Z,54.97
5597,TSLAATMIV.U,2021-05-18T00:00:00Z,52.4
5598,TSLAATMIV.U,2021-05-19T00:00:00Z,53.36
5599,TSLAATMIV.U,2021-05-19T00:00:00Z,53.36
5600,TSLAATMIV.U,2021-05-21T00:00:00Z,49.08
5601,TSLAATMIV.U,2021-05-24T00:00:00Z,47.63
5602,TSLAATMIV.U,2021-05-25T00:00:00Z,47.23
5603,TSLAATMIV.U,2021-05-26T00:00:00Z,47.63
5604,TSLAATMIV.U,2021-05-27T00:00:00Z,48.47
5605,TSLAATMIV.U,2021-05-28T00:00:00Z,48.62
5606,TSLAATMIV.U,2021-05-28T00:00:00Z,48.62
5607,TSLAATMIV.U,2021-06-01T00:00:00Z,49.51
5608,TSLAATMIV.U,2021-06-02T00:00:00Z,50.27
5609,TSLAATMIV.U,2021-06-03T00:00:00Z,54.29
5610,TSLAATMIV.U,2021-06-04T00:00:00Z,50.57
5611,TSLAATMIV.U,2021-06-07T00:00:00Z,52.7
5612,TSLAATMIV.U,2021-06-08T00:00:00Z,52.88
5613,TSLAATMIV.U,2021-06-09T00:00:00Z,52.8
5614,TSLAATMIV.U,2021-06-10T00:00:00Z,49.81
5615,TSLAATMIV.U,2021-06-11T00:00:00Z,45.77
5616,TSLAATMIV.U,2021-06-14T00:00:00Z,46.13
5617,TSLAATMIV.U,2021-06-15T00:00:00Z,47.86
5618,TSLAATMIV.U,2021-06-16T00:00:00Z,44.6
5619,TSLAATMIV.U,2021-06-17T00:00:00Z,45.5
5620,TSLAATMIV.U,2021-06-18T00:00:00Z,47.71
5621,TSLAATMIV.U,2021-06-21T00:00:00Z,49.61
5622,TSLAATMIV.U,2021-06-22T00:00:00Z,46.1
5623,TSLAATMIV.U,2021-06-23T00:00:00Z,51.36
5624,TSLAATMIV.U,2021-06-24T00:00:00Z,57.66
5625,TSLAATMIV.U,2021-06-25T00:00:00Z,57.53
5626,TSLAATMIV.U,2021-06-28T00:00:00Z,56.84
5627,TSLAATMIV.U,2021-06-29T00:00:00Z,55.14
5628,TSLAATMIV.U,2021-06-30T00:00:00Z,57.77
5629,TSLAATMIV.U,2021-07-01T00:00:00Z,55.67
5630,TSLAATMIV.U,2021-07-02T00:00:00Z,53.97
5631,TSLAATMIV.U,2021-07-02T00:00:00Z,53.97
5632,TSLAATMIV.U,2021-07-06T00:00:00Z,57.38
5633,TSLAATMIV.U,2021-07-07T00:00:00Z,58.85
5634,TSLAATMIV.U,2021-07-08T00:00:00Z,58.47
5635,TSLAATMIV.U,2021-07-09T00:00:00Z,54.76
5636,TSLAATMIV.U,2021-07-12T00:00:00Z,54.22
5637,TSLAATMIV.U,2021-07-13T00:00:00Z,54.01
5638,TSLAATMIV.U,2021-07-14T00:00:00Z,53.24
5639,TSLAATMIV.U,2021-07-15T00:00:00Z,50.92
5640,TSLAATMIV.U,2021-07-16T00:00:00Z,50.99
5641,TSLAATMIV.U,2021-07-19T00:00:00Z,53.51
5642,TSLAATMIV.U,2021-07-20T00:00:00Z,49.73
5643,TSLAATMIV.U,2021-07-21T00:00:00Z,49.81
5644,TSLAATMIV.U,2021-07-22T00:00:00Z,50.52
5645,TSLAATMIV.U,2021-07-23T00:00:00Z,48.97
5646,TSLAATMIV.U,2021-07-26T00:00:00Z,51.32
5647,TSLAATMIV.U,2021-07-27T00:00:00Z,45.61
5648,TSLAATMIV.U,2021-07-28T00:00:00Z,42.07
5649,TSLAATMIV.U,2021-07-29T00:00:00Z,46.88
5650,TSLAATMIV.U,2021-07-30T00:00:00Z,45.54
5651,TSLAATMIV.U,2021-08-02T00:00:00Z,46.3
5652,TSLAATMIV.U,2021-08-03T00:00:00Z,45.76
5653,TSLAATMIV.U,2021-08-04T00:00:00Z,44.75
5654,TSLAATMIV.U,2021-08-05T00:00:00Z,42.44
5655,TSLAATMIV.U,2021-08-06T00:00:00Z,40.18
5656,TSLAATMIV.U,2021-08-09T00:00:00Z,39.33
5657,TSLAATMIV.U,2021-08-10T00:00:00Z,36.64
5658,TSLAATMIV.U,2021-08-11T00:00:00Z,35.58
5659,TSLAATMIV.U,2021-08-12T00:00:00Z,38.06
5660,TSLAATMIV.U,2021-08-13T00:00:00Z,38.65
5661,TSLAATMIV.U,2021-08-16T00:00:00Z,40.7
5662,TSLAATMIV.U,2021-08-17T00:00:00Z,43.91
5663,TSLAATMIV.U,2021-08-18T00:00:00Z,42.51
5664,TSLAATMIV.U,2021-08-19T00:00:00Z,44.9
5665,TSLAATMIV.U,2021-08-20T00:00:00Z,41.76
5666,TSLAATMIV.U,2021-08-23T00:00:00Z,40.01
5667,TSLAATMIV.U,2021-08-24T00:00:00Z,38.86
5668,TSLAATMIV.U,2021-08-25T00:00:00Z,38.35
5669,TSLAATMIV.U,2021-08-26T00:00:00Z,40.71
5670,TSLAATMIV.U,2021-08-27T00:00:00Z,36.33
5671,TSLAATMIV.U,2021-08-30T00:00:00Z,36.15
5672,TSLAATMIV.U,2021-08-31T00:00:00Z,36.12
5673,TSLAATMIV.U,2021-09-01T00:00:00Z,37.3
5674,TSLAATMIV.U,2021-09-02T00:00:00Z,38.14
5675,TSLAATMIV.U,2021-09-03T00:00:00Z,35.66
5676,TSLAATMIV.U,2021-09-03T00:00:00Z,35.66
5677,TSLAATMIV.U,2021-09-07T00:00:00Z,36.62
5678,TSLAATMIV.U,2021-09-08T00:00:00Z,38.84
5679,TSLAATMIV.U,2021-09-09T00:00:00Z,38.88
5680,TSLAATMIV.U,2021-09-10T00:00:00Z,42.22
5681,TSLAATMIV.U,2021-09-13T00:00:00Z,40.75
5682,TSLAATMIV.U,2021-09-14T00:00:00Z,38.95
5683,TSLAATMIV.U,2021-09-15T00:00:00Z,35.55
5684,TSLAATMIV.U,2021-09-16T00:00:00Z,39.26
5685,TSLAATMIV.U,2021-09-17T00:00:00Z,36.45
5686,TSLAATMIV.U,2021-09-20T00:00:00Z,45.76
5687,TSLAATMIV.U,2021-09-21T00:00:00Z,41.59
5688,TSLAATMIV.U,2021-09-22T00:00:00Z,36.79
5689,TSLAATMIV.U,2021-09-23T00:00:00Z,40.11
5690,TSLAATMIV.U,2021-09-24T00:00:00Z,40.62
5691,TSLAATMIV.U,2021-09-27T00:00:00Z,45.13
5692,TSLAATMIV.U,2021-09-28T00:00:00Z,50.23
5693,TSLAATMIV.U,2021-09-29T00:00:00Z,49.69
5694,TSLAATMIV.U,2021-09-30T00:00:00Z,51.59
5695,TSLAATMIV.U,2021-10-01T00:00:00Z,50.76
5696,TSLAATMIV.U,2021-10-04T00:00:00Z,50.67
5697,TSLAATMIV.U,2021-10-05T00:00:00Z,52.78
5698,TSLAATMIV.U,2021-10-06T00:00:00Z,51.78
5699,TSLAATMIV.U,2021-10-07T00:00:00Z,48.75
5700,TSLAATMIV.U,2021-10-08T00:00:00Z,46.6
5701,TSLAATMIV.U,2021-10-11T00:00:00Z,46.49
5702,TSLAATMIV.U,2021-10-12T00:00:00Z,45.75
5703,TSLAATMIV.U,2021-10-13T00:00:00Z,42.3
5704,TSLAATMIV.U,2021-10-14T00:00:00Z,41.36
5705,TSLAATMIV.U,2021-10-15T00:00:00Z,37.36
5706,TSLAATMIV.U,2021-10-18T00:00:00Z,40.91
5707,TSLAATMIV.U,2021-10-19T00:00:00Z,37.3
5708,TSLAATMIV.U,2021-10-20T00:00:00Z,44.55
5709,TSLAATMIV.U,2021-10-21T00:00:00Z,37.19
5710,TSLAATMIV.U,2021-10-22T00:00:00Z,42.33
5711,TSLAATMIV.U,2021-10-25T00:00:00Z,50.19
5712,TSLAATMIV.U,2021-10-26T00:00:00Z,50.37
5713,TSLAATMIV.U,2021-10-27T00:00:00Z,53.33
5714,TSLAATMIV.U,2021-10-28T00:00:00Z,54.98
5715,TSLAATMIV.U,2021-10-29T00:00:00Z,58.83
5716,TSLAATMIV.U,2021-11-01T00:00:00Z,64.37
5717,TSLAATMIV.U,2021-11-02T00:00:00Z,65.07
5718,TSLAATMIV.U,2021-11-03T00:00:00Z,67.11
5719,TSLAATMIV.U,2021-11-04T00:00:00Z,67.36
5720,TSLAATMIV.U,2021-11-05T00:00:00Z,62.84
5721,TSLAATMIV.U,2021-11-08T00:00:00Z,59.84
5722,TSLAATMIV.U,2021-11-09T00:00:00Z,73.14
5723,TSLAATMIV.U,2021-11-10T00:00:00Z,64.29
5724,TSLAATMIV.U,2021-11-11T00:00:00Z,59.97
5725,TSLAATMIV.U,2021-11-12T00:00:00Z,59.69
5726,TSLAATMIV.U,2021-11-15T00:00:00Z,61.02
5727,TSLAATMIV.U,2021-11-16T00:00:00Z,60.32
5728,TSLAATMIV.U,2021-11-17T00:00:00Z,60.9
5729,TSLAATMIV.U,2021-11-18T00:00:00Z,59.84
5730,TSLAATMIV.U,2021-11-19T00:00:00Z,62.84
5731,TSLAATMIV.U,2021-11-22T00:00:00Z,65.82
5732,TSLAATMIV.U,2021-11-23T00:00:00Z,70.28
5733,TSLAATMIV.U,2021-11-24T00:00:00Z,65.56
5734,TSLAATMIV.U,2021-11-24T00:00:00Z,65.56
5735,TSLAATMIV.U,2021-11-26T00:00:00Z,69.65
5736,TSLAATMIV.U,2021-11-29T00:00:00Z,62.61
5737,TSLAATMIV.U,2021-11-30T00:00:00Z,64.57
5738,TSLAATMIV.U,2021-12-01T00:00:00Z,68.93
5739,TSLAATMIV.U,2021-12-02T00:00:00Z,69.86
5740,TSLAATMIV.U,2021-12-03T00:00:00Z,74.26
5741,TSLAATMIV.U,2021-12-06T00:00:00Z,69.76
5742,TSLAATMIV.U,2021-12-07T00:00:00Z,64.19
5743,TSLAATMIV.U,2021-12-08T00:00:00Z,63.66
5744,TSLAATMIV.U,2021-12-09T00:00:00Z,64.86
5745,TSLAATMIV.U,2021-12-10T00:00:00Z,56.95
5746,TSLAATMIV.U,2021-12-13T00:00:00Z,58.58
5747,TSLAATMIV.U,2021-12-14T00:00:00Z,59.81
5748,TSLAATMIV.U,2021-12-15T00:00:00Z,60.2
5749,TSLAATMIV.U,2021-12-16T00:00:00Z,64.08
5750,TSLAATMIV.U,2021-12-17T00:00:00Z,58.69
5751,TSLAATMIV.U,2021-12-20T00:00:00Z,60.3
5752,TSLAATMIV.U,2021-12-21T00:00:00Z,55.52
5753,TSLAATMIV.U,2021-12-22T00:00:00Z,58.75
5754,TSLAATMIV.U,2021-12-23T00:00:00Z,61.34
5755,TSLAATMIV.U,2021-12-23T00:00:00Z,61.34
5756,TSLAATMIV.U,2021-12-27T00:00:00Z,64.04
5757,TSLAATMIV.U,2021-12-28T00:00:00Z,62.83
5758,TSLAATMIV.U,2021-12-29T00:00:00Z,62.44
5759,TSLAATMIV.U,2021-12-30T00:00:00Z,61.75
5760,TSLAATMIV.U,2021-12-31T00:00:00Z,61.04
5761,TSLAATMIV.U,2022-01-03T00:00:00Z,67.91
5762,TSLAATMIV.U,2022-01-04T00:00:00Z,66.83
5763,TSLAATMIV.U,2022-01-05T00:00:00Z,65.99
5764,TSLAATMIV.U,2022-01-06T00:00:00Z,64.81
5765,TSLAATMIV.U,2022-01-07T00:00:00Z,64.93
5766,TSLAATMIV.U,2022-01-10T00:00:00Z,68.7
5767,TSLAATMIV.U,2022-01-11T00:00:00Z,65.91
5768,TSLAATMIV.U,2022-01-12T00:00:00Z,65.46
5769,TSLAATMIV.U,2022-01-13T00:00:00Z,67.48
5770,TSLAATMIV.U,2022-01-14T00:00:00Z,63.52
5771,TSLAATMIV.U,2022-01-14T00:00:00Z,63.52
5772,TSLAATMIV.U,2022-01-18T00:00:00Z,66.14
5773,TSLAATMIV.U,2022-01-19T00:00:00Z,67.13
5774,TSLAATMIV.U,2022-01-20T00:00:00Z,64.19
5775,TSLAATMIV.U,2022-01-21T00:00:00Z,72.6
5776,TSLAATMIV.U,2022-01-24T00:00:00Z,82.28
5777,TSLAATMIV.U,2022-01-25T00:00:00Z,81.11
5778,TSLAATMIV.U,2022-01-26T00:00:00Z,80.83
5779,TSLAATMIV.U,2022-01-27T00:00:00Z,71.59
5780,TSLAATMIV.U,2022-01-28T00:00:00Z,62.98
5781,TSLAATMIV.U,2022-01-31T00:00:00Z,60.04
5782,TSLAATMIV.U,2022-02-01T00:00:00Z,58.87
5783,TSLAATMIV.U,2022-02-02T00:00:00Z,56.45
5784,TSLAATMIV.U,2022-02-03T00:00:00Z,61.66
5785,TSLAATMIV.U,2022-02-04T00:00:00Z,55.82
5786,TSLAATMIV.U,2022-02-07T00:00:00Z,58.61
5787,TSLAATMIV.U,2022-02-08T00:00:00Z,54.51
5788,TSLAATMIV.U,2022-02-09T00:00:00Z,52.59
5789,TSLAATMIV.U,2022-02-10T00:00:00Z,54.19
5790,TSLAATMIV.U,2022-02-11T00:00:00Z,57.39
5791,TSLAATMIV.U,2022-02-14T00:00:00Z,59.13
5792,TSLAATMIV.U,2022-02-15T00:00:00Z,58.78
5793,TSLAATMIV.U,2022-02-16T00:00:00Z,52.61
5794,TSLAATMIV.U,2022-02-17T00:00:00Z,58.17
5795,TSLAATMIV.U,2022-02-18T00:00:00Z,32.94
5796,TSLAATMIV.U,2022-02-18T00:00:00Z,32.94
5797,TSLAATMIV.U,2022-02-22T00:00:00Z,61.94
5798,TSLAATMIV.U,2022-02-23T00:00:00Z,68.22
5799,TSLAATMIV.U,2022-02-24T00:00:00Z,62.84
5800,TSLAATMIV.U,2022-02-25T00:00:00Z,58.43
5801,TSLAATMIV.U,2022-02-28T00:00:00Z,60.48
5802,TSLAATMIV.U,2022-03-01T00:00:00Z,63.9
5803,TSLAATMIV.U,2022-03-02T00:00:00Z,58.51
5804,TSLAATMIV.U,2022-03-03T00:00:00Z,61.64
5805,TSLAATMIV.U,2022-03-04T00:00:00Z,64.01
5806,TSLAATMIV.U,2022-03-07T00:00:00Z,68.88
5807,TSLAATMIV.U,2022-03-08T00:00:00Z,66.48
5808,TSLAATMIV.U,2022-03-09T00:00:00Z,61.43
5809,TSLAATMIV.U,2022-03-10T00:00:00Z,59.71
5810,TSLAATMIV.U,2022-03-11T00:00:00Z,64.54
5811,TSLAATMIV.U,2022-03-14T00:00:00Z,66.94
5812,TSLAATMIV.U,2022-03-15T00:00:00Z,60.89
5813,TSLAATMIV.U,2022-03-16T00:00:00Z,55.86
5814,TSLAATMIV.U,2022-03-17T00:00:00Z,53.81
5815,TSLAATMIV.U,2022-03-17T00:00:00Z,53.81
5816,TSLAATMIV.U,2022-03-21T00:00:00Z,54.03
5817,TSLAATMIV.U,2022-03-22T00:00:00Z,59.1
5818,TSLAATMIV.U,2022-03-23T00:00:00Z,59.28
5819,TSLAATMIV.U,2022-03-24T00:00:00Z,57.59
5820,TSLAATMIV.U,2022-03-25T00:00:00Z,55.67
5821,TSLAATMIV.U,2022-03-28T00:00:00Z,62.48
5822,TSLAATMIV.U,2022-03-29T00:00:00Z,59.94
5823,TSLAATMIV.U,2022-03-30T00:00:00Z,59.18
5824,TSLAATMIV.U,2022-03-31T00:00:00Z,59.35
5825,TSLAATMIV.U,2022-04-01T00:00:00Z,59.37
5826,TSLAATMIV.U,2022-04-04T00:00:00Z,61.58
5827,TSLAATMIV.U,2022-04-05T00:00:00Z,57.9
5828,TSLAATMIV.U,2022-04-06T00:00:00Z,59.03
5829,TSLAATMIV.U,2022-04-07T00:00:00Z,60.36
5830,TSLAATMIV.U,2022-04-08T00:00:00Z,58.31
5831,TSLAATMIV.U,2022-04-11T00:00:00Z,60.49
5832,TSLAATMIV.U,2022-04-12T00:00:00Z,58.27
5833,TSLAATMIV.U,2022-04-13T00:00:00Z,54.89
5834,TSLAATMIV.U,2022-04-14T00:00:00Z,54.43
5835,TSLAATMIV.U,2022-04-14T00:00:00Z,54.43
5836,TSLAATMIV.U,2022-04-18T00:00:00Z,56.14
5837,TSLAATMIV.U,2022-04-19T00:00:00Z,53.43
5838,TSLAATMIV.U,2022-04-20T00:00:00Z,61.39
5839,TSLAATMIV.U,2022-04-21T00:00:00Z,54.23
5840,TSLAATMIV.U,2022-04-22T00:00:00Z,56.45
5841,TSLAATMIV.U,2022-04-25T00:00:00Z,57.36
5842,TSLAATMIV.U,2022-04-26T00:00:00Z,68.6
5843,TSLAATMIV.U,2022-04-27T00:00:00Z,65.55
5844,TSLAATMIV.U,2022-04-28T00:00:00Z,65.86
5845,TSLAATMIV.U,2022-04-29T00:00:00Z,68.82
5846,TSLAATMIV.U,2022-05-02T00:00:00Z,65.35
5847,TSLAATMIV.U,2022-05-03T00:00:00Z,64.83
5848,TSLAATMIV.U,2022-05-04T00:00:00Z,58.53
5849,TSLAATMIV.U,2022-05-05T00:00:00Z,66.97
5850,TSLAATMIV.U,2022-05-06T00:00:00Z,65.56
5851,TSLAATMIV.U,2022-05-09T00:00:00Z,76.81
5852,TSLAATMIV.U,2022-05-10T00:00:00Z,72.32
5853,TSLAATMIV.U,2022-05-11T00:00:00Z,79.71
5854,TSLAATMIV.U,2022-05-12T00:00:00Z,81.14
5855,TSLAATMIV.U,2022-05-13T00:00:00Z,71.44
5856,TSLAATMIV.U,2022-05-16T00:00:00Z,75.84
5857,TSLAATMIV.U,2022-05-17T00:00:00Z,65.06
5858,TSLAATMIV.U,2022-05-18T00:00:00Z,73.14
5859,TSLAATMIV.U,2022-05-19T00:00:00Z,69.61
5860,TSLAATMIV.U,2022-05-20T00:00:00Z,80.48
5861,TSLAATMIV.U,2022-05-23T00:00:00Z,72.84
5862,TSLAATMIV.U,2022-05-24T00:00:00Z,78.28
5863,TSLAATMIV.U,2022-05-25T00:00:00Z,70.39
5864,TSLAATMIV.U,2022-05-26T00:00:00Z,66.16
5865,TSLAATMIV.U,2022-05-27T00:00:00Z,61.95
5866,TSLAATMIV.U,2022-05-27T00:00:00Z,61.95
5867,TSLAATMIV.U,2022-05-31T00:00:00Z,66.55
5868,TSLAATMIV.U,2022-06-01T00:00:00Z,65.05
5869,TSLAATMIV.U,2022-06-02T00:00:00Z,65.76
5870,TSLAATMIV.U,2022-06-03T00:00:00Z,71.01
5871,TSLAATMIV.U,2022-06-06T00:00:00Z,69.44
5872,TSLAATMIV.U,2022-06-07T00:00:00Z,65.25
5873,TSLAATMIV.U,2022-06-08T00:00:00Z,64.25
5874,TSLAATMIV.U,2022-06-09T00:00:00Z,67.25
5875,TSLAATMIV.U,2022-06-10T00:00:00Z,69.44
5876,TSLAATMIV.U,2022-06-13T00:00:00Z,79.57
5877,TSLAATMIV.U,2022-06-14T00:00:00Z,76.87
5878,TSLAATMIV.U,2022-06-15T00:00:00Z,70.21
5879,TSLAATMIV.U,2022-06-16T00:00:00Z,82.35
5880,TSLAATMIV.U,2022-06-17T00:00:00Z,75.04
5881,TSLAATMIV.U,2022-06-17T00:00:00Z,75.04
5882,TSLAATMIV.U,2022-06-21T00:00:00Z,73.86
5883,TSLAATMIV.U,2022-06-22T00:00:00Z,72.55
5884,TSLAATMIV.U,2022-06-23T00:00:00Z,71.72
5885,TSLAATMIV.U,2022-06-24T00:00:00Z,68.52
5886,TSLAATMIV.U,2022-06-27T00:00:00Z,69.87
5887,TSLAATMIV.U,2022-06-28T00:00:00Z,72.87
5888,TSLAATMIV.U,2022-06-29T00:00:00Z,73.61
5889,TSLAATMIV.U,2022-06-30T00:00:00Z,76.06
5890,TSLAATMIV.U,2022-07-01T00:00:00Z,74.1
5891,TSLAATMIV.U,2022-07-01T00:00:00Z,74.1
5892,TSLAATMIV.U,2022-07-05T00:00:00Z,72.25
5893,TSLAATMIV.U,2022-07-06T00:00:00Z,70.49
5894,TSLAATMIV.U,2022-07-07T00:00:00Z,67.22
5895,TSLAATMIV.U,2022-07-08T00:00:00Z,65.84
5896,TSLAATMIV.U,2022-07-11T00:00:00Z,70.67
5897,TSLAATMIV.U,2022-07-12T00:00:00Z,69.68
5898,TSLAATMIV.U,2022-07-13T00:00:00Z,68.44
5899,TSLAATMIV.U,2022-07-14T00:00:00Z,66.53
5900,TSLAATMIV.U,2022-07-15T00:00:00Z,63.25
5901,TSLAATMIV.U,2022-07-18T00:00:00Z,64.46
5902,TSLAATMIV.U,2022-07-19T00:00:00Z,62.13
5903,TSLAATMIV.U,2022-07-20T00:00:00Z,61.38
5904,TSLAATMIV.U,2022-07-21T00:00:00Z,58.22
5905,TSLAATMIV.U,2022-07-22T00:00:00Z,56.11
5906,TSLAATMIV.U,2022-07-25T00:00:00Z,55.88
5907,TSLAATMIV.U,2022-07-26T00:00:00Z,56.24
5908,TSLAATMIV.U,2022-07-27T00:00:00Z,51.76
5909,TSLAATMIV.U,2022-07-28T00:00:00Z,51.57
5910,TSLAATMIV.U,2022-07-29T00:00:00Z,52.51
5911,TSLAATMIV.U,2022-08-01T00:00:00Z,56.05
5912,TSLAATMIV.U,2022-08-02T00:00:00Z,57.71
5913,TSLAATMIV.U,2022-08-03T00:00:00Z,56.75
5914,TSLAATMIV.U,2022-08-04T00:00:00Z,55.76
5915,TSLAATMIV.U,2022-08-05T00:00:00Z,51.95
5916,TSLAATMIV.U,2022-08-08T00:00:00Z,54.6
5917,TSLAATMIV.U,2022-08-09T00:00:00Z,56.03
5918,TSLAATMIV.U,2022-08-10T00:00:00Z,54.0
5919,TSLAATMIV.U,2022-08-11T00:00:00Z,52.91
5920,TSLAATMIV.U,2022-08-12T00:00:00Z,56.97
5921,TSLAATMIV.U,2022-08-15T00:00:00Z,55.71
5922,TSLAATMIV.U,2022-08-16T00:00:00Z,54.35
5923,TSLAATMIV.U,2022-08-17T00:00:00Z,53.3
5924,TSLAATMIV.U,2022-08-18T00:00:00Z,50.73
5925,TSLAATMIV.U,2022-08-19T00:00:00Z,49.01
5926,TSLAATMIV.U,2022-08-22T00:00:00Z,51.39
5927,TSLAATMIV.U,2022-08-23T00:00:00Z,53.84
5928,TSLAATMIV.U,2022-08-24T00:00:00Z,54.23
5929,TSLAATMIV.U,2022-08-25T00:00:00Z,48.82
5930,TSLAATMIV.U,2022-08-26T00:00:00Z,51.9
5931,TSLAATMIV.U,2022-08-29T00:00:00Z,51.32
5932,TSLAATMIV.U,2022-08-30T00:00:00Z,51.93
5933,TSLAATMIV.U,2022-08-31T00:00:00Z,52.09
5934,TSLAATMIV.U,2022-09-01T00:00:00Z,51.65
5935,TSLAATMIV.U,2022-09-02T00:00:00Z,54.11
5936,TSLAATMIV.U,2022-09-02T00:00:00Z,54.11
5937,TSLAATMIV.U,2022-09-06T00:00:00Z,55.22
5938,TSLAATMIV.U,2022-09-07T00:00:00Z,51.65
5939,TSLAATMIV.U,2022-09-08T00:00:00Z,49.6
5940,TSLAATMIV.U,2022-09-09T00:00:00Z,46.48
5941,TSLAATMIV.U,2022-09-12T00:00:00Z,46.62
5942,TSLAATMIV.U,2022-09-13T00:00:00Z,49.46
5943,TSLAATMIV.U,2022-09-14T00:00:00Z,49.77
5944,TSLAATMIV.U,2022-09-15T00:00:00Z,51.51
5945,TSLAATMIV.U,2022-09-16T00:00:00Z,51.54
5946,TSLAATMIV.U,2022-09-19T00:00:00Z,51.2
5947,TSLAATMIV.U,2022-09-20T00:00:00Z,54.09
5948,TSLAATMIV.U,2022-09-21T00:00:00Z,54.91
5949,TSLAATMIV.U,2022-09-22T00:00:00Z,56.15
5950,TSLAATMIV.U,2022-09-23T00:00:00Z,60.13
5951,TSLAATMIV.U,2022-09-26T00:00:00Z,62.59
5952,TSLAATMIV.U,2022-09-27T00:00:00Z,63.06
5953,TSLAATMIV.U,2022-09-28T00:00:00Z,61.66
5954,TSLAATMIV.U,2022-09-29T00:00:00Z,68.96
5955,TSLAATMIV.U,2022-09-30T00:00:00Z,69.73
5956,TSLAATMIV.U,2022-10-03T00:00:00Z,69.18
5957,TSLAATMIV.U,2022-10-04T00:00:00Z,64.33
5958,TSLAATMIV.U,2022-10-05T00:00:00Z,66.08
5959,TSLAATMIV.U,2022-10-06T00:00:00Z,66.62
5960,TSLAATMIV.U,2022-10-07T00:00:00Z,68.69
5961,TSLAATMIV.U,2022-10-10T00:00:00Z,69.35
5962,TSLAATMIV.U,2022-10-11T00:00:00Z,71.37
5963,TSLAATMIV.U,2022-10-12T00:00:00Z,67.51
5964,TSLAATMIV.U,2022-10-13T00:00:00Z,66.52
5965,TSLAATMIV.U,2022-10-14T00:00:00Z,72.16
5966,TSLAATMIV.U,2022-10-17T00:00:00Z,66.99
5967,TSLAATMIV.U,2022-10-18T00:00:00Z,66.27
5968,TSLAATMIV.U,2022-10-19T00:00:00Z,70.35
5969,TSLAATMIV.U,2022-10-20T00:00:00Z,59.83
5970,TSLAATMIV.U,2022-10-21T00:00:00Z,56.71
5971,TSLAATMIV.U,2022-10-24T00:00:00Z,60.67
5972,TSLAATMIV.U,2022-10-25T00:00:00Z,56.94
5973,TSLAATMIV.U,2022-10-26T00:00:00Z,55.53
5974,TSLAATMIV.U,2022-10-27T00:00:00Z,56.17
5975,TSLAATMIV.U,2022-10-28T00:00:00Z,52.86
5976,TSLAATMIV.U,2022-10-31T00:00:00Z,53.06
5977,TSLAATMIV.U,2022-11-01T00:00:00Z,51.91
5978,TSLAATMIV.U,2022-11-02T00:00:00Z,54.36
5979,TSLAATMIV.U,2022-11-03T00:00:00Z,53.6
5980,TSLAATMIV.U,2022-11-04T00:00:00Z,55.25
5981,TSLAATMIV.U,2022-11-07T00:00:00Z,60.72
5982,TSLAATMIV.U,2022-11-08T00:00:00Z,61.05
5983,TSLAATMIV.U,2022-11-09T00:00:00Z,67.88
5984,TSLAATMIV.U,2022-11-10T00:00:00Z,62.85
5985,TSLAATMIV.U,2022-11-11T00:00:00Z,59.05
5986,TSLAATMIV.U,2022-11-14T00:00:00Z,60.79
5987,TSLAATMIV.U,2022-11-15T00:00:00Z,59.52
5988,TSLAATMIV.U,2022-11-16T00:00:00Z,60.34
5989,TSLAATMIV.U,2022-11-17T00:00:00Z,61.15
5990,TSLAATMIV.U,2022-11-18T00:00:00Z,60.48
5991,TSLAATMIV.U,2022-11-21T00:00:00Z,67.17
5992,TSLAATMIV.U,2022-11-22T00:00:00Z,63.15
5993,TSLAATMIV.U,2022-11-23T00:00:00Z,58.97
5994,TSLAATMIV.U,2022-11-23T00:00:00Z,58.97
5995,TSLAATMIV.U,2022-11-25T00:00:00Z,59.34
5996,TSLAATMIV.U,2022-11-28T00:00:00Z,59.84
5997,TSLAATMIV.U,2022-11-29T00:00:00Z,59.49
5998,TSLAATMIV.U,2022-11-30T00:00:00Z,54.93
5999,TSLAATMIV.U,2022-12-01T00:00:00Z,55.89
6000,TSLAATMIV.U,2022-12-02T00:00:00Z,53.3
6001,TSLAATMIV.U,2022-12-05T00:00:00Z,59.48
6002,TSLAATMIV.U,2022-12-06T00:00:00Z,60.32
6003,TSLAATMIV.U,2022-12-07T00:00:00Z,61.76
6004,TSLAATMIV.U,2022-12-08T00:00:00Z,62.34
6005,TSLAATMIV.U,2022-12-09T00:00:00Z,59.9
6006,TSLAATMIV.U,2022-12-12T00:00:00Z,66.3
6007,TSLAATMIV.U,2022-12-13T00:00:00Z,66.76
6008,TSLAATMIV.U,2022-12-14T00:00:00Z,65.76
6009,TSLAATMIV.U,2022-12-15T00:00:00Z,63.1
6010,TSLAATMIV.U,2022-12-16T00:00:00Z,64.17
6011,TSLAATMIV.U,2022-12-19T00:00:00Z,66.34
6012,TSLAATMIV.U,2022-12-20T00:00:00Z,73.38
6013,TSLAATMIV.U,2022-12-21T00:00:00Z,71.24
6014,TSLAATMIV.U,2022-12-22T00:00:00Z,84.42
6015,TSLAATMIV.U,2022-12-23T00:00:00Z,81.46
6016,TSLAATMIV.U,2022-12-23T00:00:00Z,81.46
6017,TSLAATMIV.U,2022-12-27T00:00:00Z,95.5
6018,TSLAATMIV.U,2022-12-28T00:00:00Z,94.08
6019,TSLAATMIV.U,2022-12-29T00:00:00Z,87.17
6020,TSLAATMIV.U,2022-12-30T00:00:00Z,85.61
6021,TSLAATMIV.U,2022-12-30T00:00:00Z,85.61
6022,TSLAATMIV.U,2023-01-03T00:00:00Z,85.76
6023,TSLAATMIV.U,2023-01-04T00:00:00Z,80.87
6024,TSLAATMIV.U,2023-01-05T00:00:00Z,80.06
6025,TSLAATMIV.U,2023-01-06T00:00:00Z,79.75
6026,TSLAATMIV.U,2023-01-09T00:00:00Z,79.17
6027,TSLAATMIV.U,2023-01-10T00:00:00Z,79.26
6028,TSLAATMIV.U,2023-01-11T00:00:00Z,76.29
6029,TSLAATMIV.U,2023-01-12T00:00:00Z,72.6
6030,TSLAATMIV.U,2023-01-13T00:00:00Z,71.63
6031,TSLAATMIV.U,2023-01-13T00:00:00Z,71.63
6032,TSLAATMIV.U,2023-01-17T00:00:00Z,70.52
6033,TSLAATMIV.U,2023-01-18T00:00:00Z,70.26
6034,TSLAATMIV.U,2023-01-19T00:00:00Z,69.86
6035,TSLAATMIV.U,2023-01-20T00:00:00Z,66.0
6036,TSLAATMIV.U,2023-01-23T00:00:00Z,67.47
6037,TSLAATMIV.U,2023-01-24T00:00:00Z,68.89
6038,TSLAATMIV.U,2023-01-25T00:00:00Z,68.27
6039,TSLAATMIV.U,2023-01-26T00:00:00Z,57.59
6040,TSLAATMIV.U,2023-01-27T00:00:00Z,73.54
6041,TSLAATMIV.U,2023-01-30T00:00:00Z,70.41
6042,TSLAATMIV.U,2023-01-31T00:00:00Z,68.23
6043,TSLAATMIV.U,2023-02-01T00:00:00Z,68.17
6044,TSLAATMIV.U,2023-02-02T00:00:00Z,67.99
6045,TSLAATMIV.U,2023-02-03T00:00:00Z,70.95
6046,TSLAATMIV.U,2023-02-06T00:00:00Z,72.29
6047,TSLAATMIV.U,2023-02-07T00:00:00Z,68.75
6048,TSLAATMIV.U,2023-02-08T00:00:00Z,70.53
6049,TSLAATMIV.U,2023-02-09T00:00:00Z,71.53
6050,TSLAATMIV.U,2023-02-10T00:00:00Z,69.32
6051,TSLAATMIV.U,2023-02-13T00:00:00Z,70.23
6052,TSLAATMIV.U,2023-02-14T00:00:00Z,70.99
6053,TSLAATMIV.U,2023-02-15T00:00:00Z,69.53
6054,TSLAATMIV.U,2023-02-16T00:00:00Z,71.5
6055,TSLAATMIV.U,2023-02-17T00:00:00Z,68.56
6056,TSLAATMIV.U,2023-02-17T00:00:00Z,68.56
6057,TSLAATMIV.U,2023-02-21T00:00:00Z,74.15
6058,TSLAATMIV.U,2023-02-22T00:00:00Z,71.77
6059,TSLAATMIV.U,2023-02-23T00:00:00Z,66.62
6060,TSLAATMIV.U,2023-02-24T00:00:00Z,65.37
6061,TSLAATMIV.U,2023-02-27T00:00:00Z,65.33
6062,TSLAATMIV.U,2023-02-28T00:00:00Z,64.3
6063,TSLAATMIV.U,2023-03-01T00:00:00Z,64.01
6064,TSLAATMIV.U,2023-03-02T00:00:00Z,61.24
6065,TSLAATMIV.U,2023-03-03T00:00:00Z,58.11
6066,TSLAATMIV.U,2023-03-06T00:00:00Z,59.69
6067,TSLAATMIV.U,2023-03-07T00:00:00Z,60.08
6068,TSLAATMIV.U,2023-03-08T00:00:00Z,57.91
6069,TSLAATMIV.U,2023-03-09T00:00:00Z,60.03
6070,TSLAATMIV.U,2023-03-10T00:00:00Z,60.53
6071,TSLAATMIV.U,2023-03-13T00:00:00Z,63.1
6072,TSLAATMIV.U,2023-03-14T00:00:00Z,58.69
6073,TSLAATMIV.U,2023-03-15T00:00:00Z,62.97
6074,TSLAATMIV.U,2023-03-16T00:00:00Z,58.99
6075,TSLAATMIV.U,2023-03-17T00:00:00Z,60.24
6076,TSLAATMIV.U,2023-03-20T00:00:00Z,60.79
6077,TSLAATMIV.U,2023-03-21T00:00:00Z,61.95
6078,TSLAATMIV.U,2023-03-22T00:00:00Z,62.96
6079,TSLAATMIV.U,2023-03-23T00:00:00Z,64.71
6080,TSLAATMIV.U,2023-03-24T00:00:00Z,64.52
6081,TSLAATMIV.U,2023-03-27T00:00:00Z,64.48
6082,TSLAATMIV.U,2023-03-28T00:00:00Z,63.92
6083,TSLAATMIV.U,2023-03-29T00:00:00Z,62.01
6084,TSLAATMIV.U,2023-03-30T00:00:00Z,61.05
6085,TSLAATMIV.U,2023-03-31T00:00:00Z,60.62
6086,TSLAATMIV.U,2023-04-03T00:00:00Z,60.63
6087,TSLAATMIV.U,2023-04-04T00:00:00Z,61.09
6088,TSLAATMIV.U,2023-04-05T00:00:00Z,63.84
6089,TSLAATMIV.U,2023-04-06T00:00:00Z,61.2
6090,TSLAATMIV.U,2023-04-06T00:00:00Z,61.2
6091,TSLAATMIV.U,2023-04-10T00:00:00Z,63.04
6092,TSLAATMIV.U,2023-04-11T00:00:00Z,60.81
6093,TSLAATMIV.U,2023-04-12T00:00:00Z,61.69
6094,TSLAATMIV.U,2023-04-13T00:00:00Z,58.06
6095,TSLAATMIV.U,2023-04-14T00:00:00Z,56.28
6096,TSLAATMIV.U,2023-04-17T00:00:00Z,55.36
6097,TSLAATMIV.U,2023-04-18T00:00:00Z,54.53
6098,TSLAATMIV.U,2023-04-19T00:00:00Z,55.25
6099,TSLAATMIV.U,2023-04-20T00:00:00Z,48.25
6100,TSLAATMIV.U,2023-04-21T00:00:00Z,43.93
6101,TSLAATMIV.U,2023-04-24T00:00:00Z,45.07
6102,TSLAATMIV.U,2023-04-25T00:00:00Z,50.04
6103,TSLAATMIV.U,2023-04-26T00:00:00Z,49.2
6104,TSLAATMIV.U,2023-04-27T00:00:00Z,44.56
6105,TSLAATMIV.U,2023-04-28T00:00:00Z,42.62
6106,TSLAATMIV.U,2023-05-01T00:00:00Z,44.61
6107,TSLAATMIV.U,2023-05-02T00:00:00Z,47.09
6108,TSLAATMIV.U,2023-05-03T00:00:00Z,46.73
6109,TSLAATMIV.U,2023-05-04T00:00:00Z,46.76
6110,TSLAATMIV.U,2023-05-05T00:00:00Z,41.96
6111,TSLAATMIV.U,2023-05-08T00:00:00Z,47.68
6112,TSLAATMIV.U,2023-05-09T00:00:00Z,48.84
6113,TSLAATMIV.U,2023-05-10T00:00:00Z,49.58
6114,TSLAATMIV.U,2023-05-11T00:00:00Z,43.54
6115,TSLAATMIV.U,2023-05-12T00:00:00Z,45.07
6116,TSLAATMIV.U,2023-05-15T00:00:00Z,46.45
6117,TSLAATMIV.U,2023-05-16T00:00:00Z,55.98
6118,TSLAATMIV.U,2023-05-17T00:00:00Z,42.36
6119,TSLAATMIV.U,2023-05-18T00:00:00Z,43.7
6120,TSLAATMIV.U,2023-05-19T00:00:00Z,42.11
6121,TSLAATMIV.U,2023-05-22T00:00:00Z,46.19
6122,TSLAATMIV.U,2023-05-23T00:00:00Z,50.84
6123,TSLAATMIV.U,2023-05-24T00:00:00Z,46.21
6124,TSLAATMIV.U,2023-05-25T00:00:00Z,49.35
6125,TSLAATMIV.U,2023-05-26T00:00:00Z,47.57
6126,TSLAATMIV.U,2023-05-26T00:00:00Z,47.57
6127,TSLAATMIV.U,2023-05-30T00:00:00Z,51.91
6128,TSLAATMIV.U,2023-05-31T00:00:00Z,53.12
6129,TSLAATMIV.U,2023-06-01T00:00:00Z,51.33
6130,TSLAATMIV.U,2023-06-02T00:00:00Z,49.87
6131,TSLAATMIV.U,2023-06-05T00:00:00Z,51.54
6132,TSLAATMIV.U,2023-06-06T00:00:00Z,53.26
6133,TSLAATMIV.U,2023-06-07T00:00:00Z,51.43
6134,TSLAATMIV.U,2023-06-08T00:00:00Z,52.88
6135,TSLAATMIV.U,2023-06-09T00:00:00Z,55.69
6136,TSLAATMIV.U,2023-06-12T00:00:00Z,57.45
6137,TSLAATMIV.U,2023-06-13T00:00:00Z,59.57
6138,TSLAATMIV.U,2023-06-14T00:00:00Z,57.83
6139,TSLAATMIV.U,2023-06-15T00:00:00Z,60.68
6140,TSLAATMIV.U,2023-06-16T00:00:00Z,60.43
6141,TSLAATMIV.U,2023-06-16T00:00:00Z,60.43
6142,TSLAATMIV.U,2023-06-20T00:00:00Z,65.59
6143,TSLAATMIV.U,2023-06-21T00:00:00Z,66.3
6144,TSLAATMIV.U,2023-06-22T00:00:00Z,63.48
6145,TSLAATMIV.U,2023-06-23T00:00:00Z,60.61
6146,TSLAATMIV.U,2023-06-26T00:00:00Z,62.63
6147,TSLAATMIV.U,2023-06-27T00:00:00Z,58.18
6148,TSLAATMIV.U,2023-06-28T00:00:00Z,57.63
6149,TSLAATMIV.U,2023-06-29T00:00:00Z,57.35
6150,TSLAATMIV.U,2023-06-30T00:00:00Z,57.04
6151,TSLAATMIV.U,2023-07-03T00:00:00Z,56.18
6152,TSLAATMIV.U,2023-07-03T00:00:00Z,56.18
6153,TSLAATMIV.U,2023-07-05T00:00:00Z,56.99
6154,TSLAATMIV.U,2023-07-06T00:00:00Z,55.48
6155,TSLAATMIV.U,2023-07-07T00:00:00Z,53.95
6156,TSLAATMIV.U,2023-07-10T00:00:00Z,54.9
6157,TSLAATMIV.U,2023-07-11T00:00:00Z,53.6
6158,TSLAATMIV.U,2023-07-12T00:00:00Z,51.63
6159,TSLAATMIV.U,2023-07-13T00:00:00Z,52.82
6160,TSLAATMIV.U,2023-07-14T00:00:00Z,54.1
6161,TSLAATMIV.U,2023-07-17T00:00:00Z,59.83
6162,TSLAATMIV.U,2023-07-18T00:00:00Z,57.64
6163,TSLAATMIV.U,2023-07-19T00:00:00Z,58.0
6164,TSLAATMIV.U,2023-07-20T00:00:00Z,46.68
6165,TSLAATMIV.U,2023-07-21T00:00:00Z,44.75
6166,TSLAATMIV.U,2023-07-24T00:00:00Z,43.56
6167,TSLAATMIV.U,2023-07-25T00:00:00Z,43.2
6168,TSLAATMIV.U,2023-07-26T00:00:00Z,42.01
6169,TSLAATMIV.U,2023-07-27T00:00:00Z,42.74
6170,TSLAATMIV.U,2023-07-28T00:00:00Z,40.9
6171,TSLAATMIV.U,2023-07-31T00:00:00Z,46.85
6172,TSLAATMIV.U,2023-08-01T00:00:00Z,42.93
6173,TSLAATMIV.U,2023-08-02T00:00:00Z,43.96
6174,TSLAATMIV.U,2023-08-03T00:00:00Z,42.15
6175,TSLAATMIV.U,2023-08-04T00:00:00Z,43.12
6176,TSLAATMIV.U,2023-08-07T00:00:00Z,41.96
6177,TSLAATMIV.U,2023-08-08T00:00:00Z,41.89
6178,TSLAATMIV.U,2023-08-09T00:00:00Z,42.96
6179,TSLAATMIV.U,2023-08-10T00:00:00Z,41.51
6180,TSLAATMIV.U,2023-08-11T00:00:00Z,41.83
6181,TSLAATMIV.U,2023-08-14T00:00:00Z,41.24
6182,TSLAATMIV.U,2023-08-15T00:00:00Z,43.23
6183,TSLAATMIV.U,2023-08-16T00:00:00Z,44.62
6184,TSLAATMIV.U,2023-08-17T00:00:00Z,44.91
6185,TSLAATMIV.U,2023-08-18T00:00:00Z,45.95
6186,TSLAATMIV.U,2023-08-21T00:00:00Z,45.3
6187,TSLAATMIV.U,2023-08-22T00:00:00Z,47.06
6188,TSLAATMIV.U,2023-08-23T00:00:00Z,43.46
6189,TSLAATMIV.U,2023-08-24T00:00:00Z,45.2
6190,TSLAATMIV.U,2023-08-25T00:00:00Z,46.35
6191,TSLAATMIV.U,2023-08-28T00:00:00Z,44.58
6192,TSLAATMIV.U,2023-08-29T00:00:00Z,46.36
6193,TSLAATMIV.U,2023-08-30T00:00:00Z,43.9
6194,TSLAATMIV.U,2023-08-31T00:00:00Z,46.85
6195,TSLAATMIV.U,2023-09-01T00:00:00Z,44.55
6196,TSLAATMIV.U,2023-09-01T00:00:00Z,44.55
6197,TSLAATMIV.U,2023-09-05T00:00:00Z,53.29
6198,TSLAATMIV.U,2023-09-06T00:00:00Z,47.18
6199,TSLAATMIV.U,2023-09-07T00:00:00Z,48.57
6200,TSLAATMIV.U,2023-09-08T00:00:00Z,46.01
6201,TSLAATMIV.U,2023-09-11T00:00:00Z,52.55
6202,TSLAATMIV.U,2023-09-12T00:00:00Z,49.3
6203,TSLAATMIV.U,2023-09-13T00:00:00Z,49.31
6204,TSLAATMIV.U,2023-09-14T00:00:00Z,49.47
6205,TSLAATMIV.U,2023-09-15T00:00:00Z,50.89
6206,TSLAATMIV.U,2023-09-18T00:00:00Z,52.76
6207,TSLAATMIV.U,2023-09-19T00:00:00Z,50.37
6208,TSLAATMIV.U,2023-09-20T00:00:00Z,52.3
6209,TSLAATMIV.U,2023-09-21T00:00:00Z,53.82
6210,TSLAATMIV.U,2023-09-22T00:00:00Z,54.58
6211,TSLAATMIV.U,2023-09-25T00:00:00Z,53.0
6212,TSLAATMIV.U,2023-09-26T00:00:00Z,56.34
6213,TSLAATMIV.U,2023-09-27T00:00:00Z,54.95
6214,TSLAATMIV.U,2023-09-28T00:00:00Z,51.53
6215,TSLAATMIV.U,2023-09-29T00:00:00Z,53.13
6216,TSLAATMIV.U,2023-10-02T00:00:00Z,52.53
6217,TSLAATMIV.U,2023-10-03T00:00:00Z,54.15
6218,TSLAATMIV.U,2023-10-04T00:00:00Z,52.79
6219,TSLAATMIV.U,2023-10-05T00:00:00Z,51.99
6220,TSLAATMIV.U,2023-10-06T00:00:00Z,50.3
6221,TSLAATMIV.U,2023-10-09T00:00:00Z,51.23
6222,TSLAATMIV.U,2023-10-10T00:00:00Z,50.29
6223,TSLAATMIV.U,2023-10-11T00:00:00Z,49.41
6224,TSLAATMIV.U,2023-10-12T00:00:00Z,50.03
6225,TSLAATMIV.U,2023-10-13T00:00:00Z,51.95
6226,TSLAATMIV.U,2023-10-16T00:00:00Z,49.22
6227,TSLAATMIV.U,2023-10-17T00:00:00Z,49.91
6228,TSLAATMIV.U,2023-10-18T00:00:00Z,52.62
6229,TSLAATMIV.U,2023-10-19T00:00:00Z,47.76
6230,TSLAATMIV.U,2023-10-20T00:00:00Z,49.85
6231,TSLAATMIV.U,2023-10-23T00:00:00Z,47.87
6232,TSLAATMIV.U,2023-10-24T00:00:00Z,45.41
6233,TSLAATMIV.U,2023-10-25T00:00:00Z,46.85
6234,TSLAATMIV.U,2023-10-26T00:00:00Z,50.56
6235,TSLAATMIV.U,2023-10-27T00:00:00Z,48.57
6236,TSLAATMIV.U,2023-10-30T00:00:00Z,54.28
6237,TSLAATMIV.U,2023-10-31T00:00:00Z,47.92
6238,TSLAATMIV.U,2023-11-01T00:00:00Z,48.69
6239,TSLAATMIV.U,2023-11-02T00:00:00Z,44.43
6240,TSLAATMIV.U,2023-11-02T00:00:00Z,44.43
6241,TSLAATMIV.U,2023-11-06T00:00:00Z,45.06
6242,TSLAATMIV.U,2023-11-07T00:00:00Z,49.25
6243,TSLAATMIV.U,2023-11-08T00:00:00Z,47.13
6244,TSLAATMIV.U,2023-11-09T00:00:00Z,45.37
6245,TSLAATMIV.U,2023-11-10T00:00:00Z,44.44
6246,TSLAATMIV.U,2023-11-13T00:00:00Z,52.47
6247,TSLAATMIV.U,2023-11-14T00:00:00Z,44.75
6248,TSLAATMIV.U,2023-11-15T00:00:00Z,45.46
6249,TSLAATMIV.U,2023-11-16T00:00:00Z,45.5
6250,TSLAATMIV.U,2023-11-17T00:00:00Z,44.89
6251,TSLAATMIV.U,2023-11-20T00:00:00Z,48.45
6252,TSLAATMIV.U,2023-11-21T00:00:00Z,44.05
6253,TSLAATMIV.U,2023-11-22T00:00:00Z,44.24
6254,TSLAATMIV.U,2023-11-22T00:00:00Z,44.24
6255,TSLAATMIV.U,2023-11-24T00:00:00Z,41.28
6256,TSLAATMIV.U,2023-11-27T00:00:00Z,43.75
6257,TSLAATMIV.U,2023-11-28T00:00:00Z,43.42
6258,TSLAATMIV.U,2023-11-29T00:00:00Z,40.93
6259,TSLAATMIV.U,2023-11-30T00:00:00Z,42.87
6260,TSLAATMIV.U,2023-12-01T00:00:00Z,41.87
6261,TSLAATMIV.U,2023-12-04T00:00:00Z,44.51
6262,TSLAATMIV.U,2023-12-05T00:00:00Z,43.65
6263,TSLAATMIV.U,2023-12-06T00:00:00Z,44.32
6264,TSLAATMIV.U,2023-12-07T00:00:00Z,46.13
6265,TSLAATMIV.U,2023-12-08T00:00:00Z,43.15
6266,TSLAATMIV.U,2023-12-11T00:00:00Z,44.09
6267,TSLAATMIV.U,2023-12-12T00:00:00Z,43.73
6268,TSLAATMIV.U,2023-12-13T00:00:00Z,42.47
6269,TSLAATMIV.U,2023-12-14T00:00:00Z,44.92
6270,TSLAATMIV.U,2023-12-15T00:00:00Z,44.46
6271,TSLAATMIV.U,2023-12-18T00:00:00Z,45.02
6272,TSLAATMIV.U,2023-12-19T00:00:00Z,45.25
6273,TSLAATMIV.U,2023-12-20T00:00:00Z,44.54
6274,TSLAATMIV.U,2023-12-21T00:00:00Z,46.65
6275,TSLAATMIV.U,2023-12-22T00:00:00Z,46.71
6276,TSLAATMIV.U,2023-12-22T00:00:00Z,46.71
6277,TSLAATMIV.U,2023-12-26T00:00:00Z,49.46
6278,TSLAATMIV.U,2023-12-27T00:00:00Z,48.41
6279,TSLAATMIV.U,2023-12-28T00:00:00Z,50.0
6280,TSLAATMIV.U,2023-12-29T00:00:00Z,50.91
6281,TSLAATMIV.U,2023-12-29T00:00:00Z,50.91
6282,TSLAATMIV.U,2024-01-02T00:00:00Z,50.7
6283,TSLAATMIV.U,2024-01-03T00:00:00Z,48.95
6284,TSLAATMIV.U,2024-01-04T00:00:00Z,48.76
6285,TSLAATMIV.U,2024-01-05T00:00:00Z,46.18
6286,TSLAATMIV.U,2024-01-08T00:00:00Z,46.8
6287,TSLAATMIV.U,2024-01-09T00:00:00Z,45.51
6288,TSLAATMIV.U,2024-01-10T00:00:00Z,45.14
6289,TSLAATMIV.U,2024-01-11T00:00:00Z,45.53
6290,TSLAATMIV.U,2024-01-12T00:00:00Z,47.43
6291,TSLAATMIV.U,2024-01-12T00:00:00Z,47.43
6292,TSLAATMIV.U,2024-01-16T00:00:00Z,56.65
6293,TSLAATMIV.U,2024-01-17T00:00:00Z,48.53
6294,TSLAATMIV.U,2024-01-18T00:00:00Z,47.13
6295,TSLAATMIV.U,2024-01-19T00:00:00Z,46.51
6296,TSLAATMIV.U,2024-01-22T00:00:00Z,49.95
6297,TSLAATMIV.U,2024-01-23T00:00:00Z,49.38
6298,TSLAATMIV.U,2024-01-24T00:00:00Z,52.28
6299,TSLAATMIV.U,2024-01-25T00:00:00Z,43.9
6300,TSLAATMIV.U,2024-01-26T00:00:00Z,40.33
6301,TSLAATMIV.U,2024-01-29T00:00:00Z,38.85
6302,TSLAATMIV.U,2024-01-30T00:00:00Z,38.97
6303,TSLAATMIV.U,2024-01-31T00:00:00Z,39.35
6304,TSLAATMIV.U,2024-02-01T00:00:00Z,37.87
6305,TSLAATMIV.U,2024-02-02T00:00:00Z,37.94
6306,TSLAATMIV.U,2024-02-05T00:00:00Z,41.81
6307,TSLAATMIV.U,2024-02-06T00:00:00Z,40.52
6308,TSLAATMIV.U,2024-02-07T00:00:00Z,39.41
6309,TSLAATMIV.U,2024-02-08T00:00:00Z,46.22
6310,TSLAATMIV.U,2024-02-09T00:00:00Z,38.26
6311,TSLAATMIV.U,2024-02-12T00:00:00Z,40.39
6312,TSLAATMIV.U,2024-02-13T00:00:00Z,40.16
6313,TSLAATMIV.U,2024-02-14T00:00:00Z,39.94
6314,TSLAATMIV.U,2024-02-15T00:00:00Z,41.46
6315,TSLAATMIV.U,2024-02-16T00:00:00Z,41.99
6316,TSLAATMIV.U,2024-02-16T00:00:00Z,41.99
6317,TSLAATMIV.U,2024-02-20T00:00:00Z,43.77
6318,TSLAATMIV.U,2024-02-21T00:00:00Z,43.35
6319,TSLAATMIV.U,2024-02-22T00:00:00Z,41.23
6320,TSLAATMIV.U,2024-02-23T00:00:00Z,40.41
6321,TSLAATMIV.U,2024-02-26T00:00:00Z,41.08
6322,TSLAATMIV.U,2024-02-27T00:00:00Z,41.22
6323,TSLAATMIV.U,2024-02-28T00:00:00Z,40.11
6324,TSLAATMIV.U,2024-02-29T00:00:00Z,39.55
6325,TSLAATMIV.U,2024-03-01T00:00:00Z,38.2
6326,TSLAATMIV.U,2024-03-04T00:00:00Z,44.12
6327,TSLAATMIV.U,2024-03-05T00:00:00Z,46.75
6328,TSLAATMIV.U,2024-03-06T00:00:00Z,47.49
6329,TSLAATMIV.U,2024-03-07T00:00:00Z,46.88
6330,TSLAATMIV.U,2024-03-08T00:00:00Z,48.25
6331,TSLAATMIV.U,2024-03-11T00:00:00Z,47.19
6332,TSLAATMIV.U,2024-03-12T00:00:00Z,45.53
6333,TSLAATMIV.U,2024-03-13T00:00:00Z,48.02
6334,TSLAATMIV.U,2024-03-14T00:00:00Z,56.77
6335,TSLAATMIV.U,2024-03-15T00:00:00Z,50.43
6336,TSLAATMIV.U,2024-03-18T00:00:00Z,50.87
6337,TSLAATMIV.U,2024-03-19T00:00:00Z,48.79
6338,TSLAATMIV.U,2024-03-20T00:00:00Z,49.25
6339,TSLAATMIV.U,2024-03-21T00:00:00Z,50.76
6340,TSLAATMIV.U,2024-03-22T00:00:00Z,51.51
6341,TSLAATMIV.U,2024-03-25T00:00:00Z,51.98
6342,TSLAATMIV.U,2024-03-26T00:00:00Z,53.21
6343,TSLAATMIV.U,2024-03-27T00:00:00Z,53.77
6344,TSLAATMIV.U,2024-03-28T00:00:00Z,54.12
6345,TSLAATMIV.U,2024-03-28T00:00:00Z,54.12
6346,TSLAATMIV.U,2024-04-01T00:00:00Z,56.41
6347,TSLAATMIV.U,2024-04-02T00:00:00Z,53.97
6348,TSLAATMIV.U,2024-04-03T00:00:00Z,53.1
6349,TSLAATMIV.U,2024-04-04T00:00:00Z,53.45
6350,TSLAATMIV.U,2024-04-05T00:00:00Z,57.37
6351,TSLAATMIV.U,2024-04-08T00:00:00Z,56.37
6352,TSLAATMIV.U,2024-04-09T00:00:00Z,54.73
6353,TSLAATMIV.U,2024-04-10T00:00:00Z,55.15
6354,TSLAATMIV.U,2024-04-11T00:00:00Z,51.98
6355,TSLAATMIV.U,2024-04-12T00:00:00Z,53.03
6356,TSLAATMIV.U,2024-04-15T00:00:00Z,56.52
6357,TSLAATMIV.U,2024-04-16T00:00:00Z,54.78
6358,TSLAATMIV.U,2024-04-17T00:00:00Z,53.73
6359,TSLAATMIV.U,2024-04-18T00:00:00Z,57.65
6360,TSLAATMIV.U,2024-04-19T00:00:00Z,58.06
6361,TSLAATMIV.U,2024-04-22T00:00:00Z,64.52
6362,TSLAATMIV.U,2024-04-23T00:00:00Z,61.11
6363,TSLAATMIV.U,2024-04-24T00:00:00Z,44.4
6364,TSLAATMIV.U,2024-04-25T00:00:00Z,43.8
6365,TSLAATMIV.U,2024-04-26T00:00:00Z,42.77
6366,TSLAATMIV.U,2024-04-29T00:00:00Z,53.61
6367,TSLAATMIV.U,2024-04-30T00:00:00Z,46.21
6368,TSLAATMIV.U,2024-05-01T00:00:00Z,43.58
6369,TSLAATMIV.U,2024-05-02T00:00:00Z,42.43
6370,TSLAATMIV.U,2024-05-03T00:00:00Z,40.87
6371,TSLAATMIV.U,2024-05-06T00:00:00Z,41.7
6372,TSLAATMIV.U,2024-05-07T00:00:00Z,39.58
6373,TSLAATMIV.U,2024-05-08T00:00:00Z,39.52
6374,TSLAATMIV.U,2024-05-09T00:00:00Z,38.52
6375,TSLAATMIV.U,2024-05-10T00:00:00Z,37.15
6376,TSLAATMIV.U,2024-05-13T00:00:00Z,37.99
6377,TSLAATMIV.U,2024-05-14T00:00:00Z,39.47
6378,TSLAATMIV.U,2024-05-15T00:00:00Z,38.75
6379,TSLAATMIV.U,2024-05-16T00:00:00Z,38.33
6380,TSLAATMIV.U,2024-05-17T00:00:00Z,38.9
6381,TSLAATMIV.U,2024-05-20T00:00:00Z,39.44
6382,TSLAATMIV.U,2024-05-21T00:00:00Z,41.04
6383,TSLAATMIV.U,2024-05-22T00:00:00Z,40.37
6384,TSLAATMIV.U,2024-05-23T00:00:00Z,41.08
6385,TSLAATMIV.U,2024-05-24T00:00:00Z,39.4
6386,TSLAATMIV.U,2024-05-24T00:00:00Z,39.4
6387,TSLAATMIV.U,2024-05-28T00:00:00Z,40.91
6388,TSLAATMIV.U,2024-05-29T00:00:00Z,40.73
6389,TSLAATMIV.U,2024-05-30T00:00:00Z,43.24
6390,TSLAATMIV.U,2024-05-31T00:00:00Z,42.85
6391,TSLAATMIV.U,2024-06-03T00:00:00Z,44.17
6392,TSLAATMIV.U,2024-06-04T00:00:00Z,44.52
6393,TSLAATMIV.U,2024-06-05T00:00:00Z,44.5
6394,TSLAATMIV.U,2024-06-06T00:00:00Z,45.35
6395,TSLAATMIV.U,2024-06-07T00:00:00Z,45.43
6396,TSLAATMIV.U,2024-06-10T00:00:00Z,47.65
6397,TSLAATMIV.U,2024-06-11T00:00:00Z,50.65
6398,TSLAATMIV.U,2024-06-12T00:00:00Z,49.01
6399,TSLAATMIV.U,2024-06-13T00:00:00Z,49.56
6400,TSLAATMIV.U,2024-06-14T00:00:00Z,42.39
6401,TSLAATMIV.U,2024-06-17T00:00:00Z,46.0
6402,TSLAATMIV.U,2024-06-18T00:00:00Z,44.2
6403,TSLAATMIV.U,2024-06-18T00:00:00Z,44.2
6404,TSLAATMIV.U,2024-06-20T00:00:00Z,46.97
6405,TSLAATMIV.U,2024-06-21T00:00:00Z,46.33
6406,TSLAATMIV.U,2024-06-24T00:00:00Z,48.87
6407,TSLAATMIV.U,2024-06-25T00:00:00Z,48.21
6408,TSLAATMIV.U,2024-06-26T00:00:00Z,50.3
6409,TSLAATMIV.U,2024-06-27T00:00:00Z,51.61
6410,TSLAATMIV.U,2024-06-28T00:00:00Z,51.8
6411,TSLAATMIV.U,2024-07-01T00:00:00Z,55.11
6412,TSLAATMIV.U,2024-07-02T00:00:00Z,58.87
6413,TSLAATMIV.U,2024-07-03T00:00:00Z,63.78
6414,TSLAATMIV.U,2024-07-03T00:00:00Z,63.78
6415,TSLAATMIV.U,2024-07-05T00:00:00Z,64.98
6416,TSLAATMIV.U,2024-07-08T00:00:00Z,68.07
6417,TSLAATMIV.U,2024-07-09T00:00:00Z,70.53
6418,TSLAATMIV.U,2024-07-10T00:00:00Z,71.26
6419,TSLAATMIV.U,2024-07-11T00:00:00Z,64.07
6420,TSLAATMIV.U,2024-07-12T00:00:00Z,63.33
6421,TSLAATMIV.U,2024-07-15T00:00:00Z,64.03
6422,TSLAATMIV.U,2024-07-16T00:00:00Z,61.69
6423,TSLAATMIV.U,2024-07-17T00:00:00Z,61.23
6424,TSLAATMIV.U,2024-07-18T00:00:00Z,60.44
6425,TSLAATMIV.U,2024-07-19T00:00:00Z,64.24
6426,TSLAATMIV.U,2024-07-22T00:00:00Z,62.23
6427,TSLAATMIV.U,2024-07-23T00:00:00Z,61.42
6428,TSLAATMIV.U,2024-07-23T00:00:00Z,61.42
6429,TSLAATMIV.U,2024-07-23T00:00:00Z,61.42
6430,TSLAATMIV.U,2024-07-23T00:00:00Z,61.42
6431,TSLAATMIV.U,2024-07-23T00:00:00Z,61.42
6432,TSLAATMIV.U,2024-07-23T00:00:00Z,61.42
6433,TSLAATMIV.U,2024-07-31T00:00:00Z,45.3
6434,TSLAATMIV.U,2024-08-01T00:00:00Z,47.77
6435,TSLAATMIV.U,2024-08-02T00:00:00Z,53.65
6436,TSLAATMIV.U,2024-08-05T00:00:00Z,63.75
6437,TSLAATMIV.U,2024-08-06T00:00:00Z,55.01
6438,TSLAATMIV.U,2024-08-07T00:00:00Z,55.78
6439,TSLAATMIV.U,2024-08-08T00:00:00Z,49.26
6440,TSLAATMIV.U,2024-08-09T00:00:00Z,46.26
6441,TSLAATMIV.U,2024-08-12T00:00:00Z,46.34
6442,TSLAATMIV.U,2024-08-13T00:00:00Z,43.8
6443,TSLAATMIV.U,2024-08-14T00:00:00Z,44.9
6444,TSLAATMIV.U,2024-08-15T00:00:00Z,46.54
6445,TSLAATMIV.U,2024-08-16T00:00:00Z,46.78
6446,TSLAATMIV.U,2024-08-19T00:00:00Z,46.25
6447,TSLAATMIV.U,2024-08-20T00:00:00Z,46.87
6448,TSLAATMIV.U,2024-08-21T00:00:00Z,46.5
6449,TSLAATMIV.U,2024-08-22T00:00:00Z,47.2
6450,TSLAATMIV.U,2024-08-23T00:00:00Z,45.29
6451,TSLAATMIV.U,2024-08-26T00:00:00Z,46.21
6452,TSLAATMIV.U,2024-08-27T00:00:00Z,46.04
6453,TSLAATMIV.U,2024-08-28T00:00:00Z,46.17
6454,TSLAATMIV.U,2024-08-29T00:00:00Z,45.54
6455,TSLAATMIV.U,2024-08-30T00:00:00Z,43.94
6456,TSLAATMIV.U,2024-08-30T00:00:00Z,43.94
6457,TSLAATMIV.U,2024-09-03T00:00:00Z,50.64
6458,TSLAATMIV.U,2024-09-04T00:00:00Z,51.68
6459,TSLAATMIV.U,2024-09-05T00:00:00Z,57.0
6460,TSLAATMIV.U,2024-09-06T00:00:00Z,58.71
6461,TSLAATMIV.U,2024-09-09T00:00:00Z,59.02
6462,TSLAATMIV.U,2024-09-10T00:00:00Z,59.78
6463,TSLAATMIV.U,2024-09-11T00:00:00Z,61.03
6464,TSLAATMIV.U,2024-09-12T00:00:00Z,60.42
6465,TSLAATMIV.U,2024-09-13T00:00:00Z,60.32
6466,TSLAATMIV.U,2024-09-16T00:00:00Z,61.26
6467,TSLAATMIV.U,2024-09-17T00:00:00Z,60.81
6468,TSLAATMIV.U,2024-09-18T00:00:00Z,61.77
6469,TSLAATMIV.U,2024-09-19T00:00:00Z,63.02
6470,TSLAATMIV.U,2024-09-20T00:00:00Z,61.68
6471,TSLAATMIV.U,2024-09-23T00:00:00Z,67.05
6472,TSLAATMIV.U,2024-09-24T00:00:00Z,68.06
6473,TSLAATMIV.U,2024-09-25T00:00:00Z,68.92
6474,TSLAATMIV.U,2024-09-26T00:00:00Z,69.82
6475,TSLAATMIV.U,2024-09-27T00:00:00Z,73.99
6476,TSLAATMIV.U,2024-09-30T00:00:00Z,71.16
6477,TSLAATMIV.U,2024-10-01T00:00:00Z,71.02
6478,TSLAATMIV.U,2024-10-02T00:00:00Z,69.3
6479,TSLAATMIV.U,2024-10-03T00:00:00Z,65.98
6480,TSLAATMIV.U,2024-10-04T00:00:00Z,64.79
6481,TSLAATMIV.U,2024-10-07T00:00:00Z,68.77
6482,TSLAATMIV.U,2024-10-08T00:00:00Z,66.57
6483,TSLAATMIV.U,2024-10-09T00:00:00Z,66.53
6484,TSLAATMIV.U,2024-10-10T00:00:00Z,65.31
6485,TSLAATMIV.U,2024-10-11T00:00:00Z,56.74
6486,TSLAATMIV.U,2024-10-14T00:00:00Z,54.44
6487,TSLAATMIV.U,2024-10-15T00:00:00Z,54.51
6488,TSLAATMIV.U,2024-10-16T00:00:00Z,52.66
6489,TSLAATMIV.U,2024-10-17T00:00:00Z,51.3
6490,TSLAATMIV.U,2024-10-18T00:00:00Z,50.95
6491,TSLAATMIV.U,2024-10-21T00:00:00Z,52.0
6492,TSLAATMIV.U,2024-10-22T00:00:00Z,53.48
6493,TSLAATMIV.U,2024-10-23T00:00:00Z,57.43
6494,TSLAATMIV.U,2024-10-24T00:00:00Z,53.17
6495,TSLAATMIV.U,2024-10-25T00:00:00Z,55.84
6496,TSLAATMIV.U,2024-10-28T00:00:00Z,51.85
6497,TSLAATMIV.U,2024-10-29T00:00:00Z,48.95
6498,TSLAATMIV.U,2024-10-30T00:00:00Z,50.24
6499,TSLAATMIV.U,2024-10-31T00:00:00Z,49.9
6500,TSLAATMIV.U,2024-11-01T00:00:00Z,49.76
6501,TSLAATMIV.U,2024-11-04T00:00:00Z,52.54
6502,TSLAATMIV.U,2024-11-05T00:00:00Z,54.82
6503,TSLAATMIV.U,2024-11-06T00:00:00Z,52.98
6504,TSLAATMIV.U,2024-11-07T00:00:00Z,50.43
6505,TSLAATMIV.U,2024-11-08T00:00:00Z,60.08
6506,TSLAATMIV.U,2024-11-11T00:00:00Z,68.33
6507,TSLAATMIV.U,2024-11-12T00:00:00Z,60.12
6508,TSLAATMIV.U,2024-11-13T00:00:00Z,60.63
6509,TSLAATMIV.U,2024-11-14T00:00:00Z,56.07
6510,TSLAATMIV.U,2024-11-15T00:00:00Z,58.27
6511,TSLAATMIV.U,2024-11-18T00:00:00Z,63.26
6512,TSLAATMIV.U,2024-11-19T00:00:00Z,64.04
6513,TSLAATMIV.U,2024-11-20T00:00:00Z,62.27
6514,TSLAATMIV.U,2024-11-21T00:00:00Z,59.0
6515,TSLAATMIV.U,2024-11-22T00:00:00Z,61.14
6516,TSLAATMIV.U,2024-11-25T00:00:00Z,54.86
6517,TSLAATMIV.U,2024-11-26T00:00:00Z,50.33
6518,TSLAATMIV.U,2024-11-27T00:00:00Z,45.78
6519,TSLAATMIV.U,2024-11-27T00:00:00Z,45.78
6520,TSLAATMIV.U,2024-11-29T00:00:00Z,49.16
6521,TSLAATMIV.U,2024-12-02T00:00:00Z,53.66
6522,TSLAATMIV.U,2024-12-03T00:00:00Z,51.02
6523,TSLAATMIV.U,2024-12-04T00:00:00Z,51.55
6524,TSLAATMIV.U,2024-12-05T00:00:00Z,56.25
6525,TSLAATMIV.U,2024-12-06T00:00:00Z,58.68
6526,TSLAATMIV.U,2024-12-09T00:00:00Z,61.55
6527,TSLAATMIV.U,2024-12-10T00:00:00Z,61.64
6528,TSLAATMIV.U,2024-12-11T00:00:00Z,62.74
6529,TSLAATMIV.U,2024-12-12T00:00:00Z,61.39
6530,TSLAATMIV.U,2024-12-13T00:00:00Z,63.73
6531,TSLAATMIV.U,2024-12-16T00:00:00Z,69.23
6532,TSLAATMIV.U,2024-12-17T00:00:00Z,71.68
6533,TSLAATMIV.U,2024-12-18T00:00:00Z,71.11
6534,TSLAATMIV.U,2024-12-19T00:00:00Z,72.37
6535,TSLAATMIV.U,2024-12-20T00:00:00Z,67.28
6536,TSLAATMIV.U,2024-12-23T00:00:00Z,63.18
6537,TSLAATMIV.U,2024-12-24T00:00:00Z,64.85
6538,TSLAATMIV.U,2024-12-24T00:00:00Z,64.85
6539,TSLAATMIV.U,2024-12-26T00:00:00Z,71.29
6540,TSLAATMIV.U,2024-12-27T00:00:00Z,69.05
6541,TSLAATMIV.U,2024-12-30T00:00:00Z,69.97
6542,TSLAATMIV.U,2024-12-31T00:00:00Z,69.64
6543,TSLAATMIV.U,2024-12-31T00:00:00Z,69.64
6544,TSLAATMIV.U,2025-01-02T00:00:00Z,65.75
6545,TSLAATMIV.U,2025-01-03T00:00:00Z,66.9
6546,TSLAATMIV.U,2025-01-06T00:00:00Z,70.03
6547,TSLAATMIV.U,2025-01-07T00:00:00Z,68.89
6548,TSLAATMIV.U,2025-01-08T00:00:00Z,65.42
6549,TSLAATMIV.U,2025-01-08T00:00:00Z,65.42
6550,TSLAATMIV.U,2025-01-10T00:00:00Z,64.99
6551,TSLAATMIV.U,2025-01-13T00:00:00Z,68.57
6552,TSLAATMIV.U,2025-01-14T00:00:00Z,68.42
6553,TSLAATMIV.U,2025-01-15T00:00:00Z,69.79
6554,TSLAATMIV.U,2025-01-16T00:00:00Z,66.39
6555,TSLAATMIV.U,2025-01-17T00:00:00Z,69.41
6556,TSLAATMIV.U,2025-01-17T00:00:00Z,69.41
6557,TSLAATMIV.U,2025-01-21T00:00:00Z,67.74
6558,TSLAATMIV.U,2025-01-22T00:00:00Z,65.67
6559,TSLAATMIV.U,2025-01-23T00:00:00Z,62.74
6560,TSLAATMIV.U,2025-01-24T00:00:00Z,60.66
6561,TSLAATMIV.U,2025-01-27T00:00:00Z,61.99
6562,TSLAATMIV.U,2025-01-28T00:00:00Z,64.56
6563,TSLAATMIV.U,2025-01-29T00:00:00Z,62.99
6564,TSLAATMIV.U,2025-01-30T00:00:00Z,53.93
6565,TSLAATMIV.U,2025-01-31T00:00:00Z,52.6
6566,TSLAATMIV.U,2025-02-03T00:00:00Z,55.29
6567,TSLAATMIV.U,2025-02-04T00:00:00Z,52.41
6568,TSLAATMIV.U,2025-02-05T00:00:00Z,51.79
6569,TSLAATMIV.U,2025-02-06T00:00:00Z,48.26
6570,TSLAATMIV.U,2025-02-07T00:00:00Z,49.06
6571,TSLAATMIV.U,2025-02-10T00:00:00Z,51.39
6572,TSLAATMIV.U,2025-02-11T00:00:00Z,55.12
6573,TSLAATMIV.U,2025-02-12T00:00:00Z,52.94
6574,TSLAATMIV.U,2025-02-13T00:00:00Z,52.47
6575,TSLAATMIV.U,2025-02-14T00:00:00Z,50.63
6576,TSLAATMIV.U,2025-02-14T00:00:00Z,50.63
6577,TSLAATMIV.U,2025-02-18T00:00:00Z,51.53
6578,TSLAATMIV.U,2025-02-19T00:00:00Z,51.47
6579,TSLAATMIV.U,2025-02-20T00:00:00Z,48.87
6580,TSLAATMIV.U,2025-02-21T00:00:00Z,48.95
6581,TSLAATMIV.U,2025-02-24T00:00:00Z,52.43
6582,TSLAATMIV.U,2025-02-25T00:00:00Z,57.67
6583,TSLAATMIV.U,2025-02-26T00:00:00Z,57.72
6584,TSLAATMIV.U,2025-02-27T00:00:00Z,61.33
6585,TSLAATMIV.U,2025-02-28T00:00:00Z,59.2
6586,TSLAATMIV.U,2025-03-03T00:00:00Z,64.83
6587,TSLAATMIV.U,2025-03-04T00:00:00Z,68.54
6588,TSLAATMIV.U,2025-03-05T00:00:00Z,63.08
6589,TSLAATMIV.U,2025-03-06T00:00:00Z,66.56
6590,TSLAATMIV.U,2025-03-07T00:00:00Z,64.59
6591,TSLAATMIV.U,2025-03-10T00:00:00Z,88.0
6592,TSLAATMIV.U,2025-03-11T00:00:00Z,82.8
6593,TSLAATMIV.U,2025-03-12T00:00:00Z,71.83
6594,TSLAATMIV.U,2025-03-13T00:00:00Z,71.86
6595,TSLAATMIV.U,2025-03-14T00:00:00Z,65.0
6596,TSLAATMIV.U,2025-03-17T00:00:00Z,65.21
6597,TSLAATMIV.U,2025-03-18T00:00:00Z,68.65
6598,TSLAATMIV.U,2025-03-19T00:00:00Z,66.63
6599,TSLAATMIV.U,2025-03-20T00:00:00Z,68.71
6600,TSLAATMIV.U,2025-03-21T00:00:00Z,66.83
6601,TSLAATMIV.U,2025-03-24T00:00:00Z,69.61
6602,TSLAATMIV.U,2025-03-25T00:00:00Z,69.26
6603,TSLAATMIV.U,2025-03-26T00:00:00Z,70.17
6604,TSLAATMIV.U,2025-03-27T00:00:00Z,72.34
6605,TSLAATMIV.U,2025-03-28T00:00:00Z,74.29
6606,TSLAATMIV.U,2025-03-31T00:00:00Z,74.84
6607,TSLAATMIV.U,2025-04-01T00:00:00Z,75.01
6608,TSLAATMIV.U,2025-04-02T00:00:00Z,74.54
6609,TSLAATMIV.U,2025-04-03T00:00:00Z,77.55
6610,TSLAATMIV.U,2025-04-04T00:00:00Z,90.08
6611,TSLAATMIV.U,2025-04-07T00:00:00Z,96.93
6612,TSLAATMIV.U,2025-04-08T00:00:00Z,102.63
6613,TSLAATMIV.U,2025-04-09T00:00:00Z,80.08
6614,TSLAATMIV.U,2025-04-10T00:00:00Z,84.37
6615,TSLAATMIV.U,2025-04-11T00:00:00Z,79.62
6616,TSLAATMIV.U,2025-04-14T00:00:00Z,71.79
6617,TSLAATMIV.U,2025-04-15T00:00:00Z,67.48
6618,TSLAATMIV.U,2025-04-16T00:00:00Z,69.29
6619,TSLAATMIV.U,2025-04-17T00:00:00Z,67.08
6620,TSLAATMIV.U,2025-04-17T00:00:00Z,67.08
6621,TSLAATMIV.U,2025-04-21T00:00:00Z,78.19
6622,TSLAATMIV.U,2025-04-22T00:00:00Z,78.48
6623,TSLAATMIV.U,2025-04-23T00:00:00Z,65.98
6624,TSLAATMIV.U,2025-04-24T00:00:00Z,62.01
6625,TSLAATMIV.U,2025-04-25T00:00:00Z,63.11
6626,TSLAATMIV.U,2025-04-28T00:00:00Z,64.18
6627,TSLAATMIV.U,2025-04-29T00:00:00Z,63.29
6628,TSLAATMIV.U,2025-04-30T00:00:00Z,63.06
6629,TSLAATMIV.U,2025-05-01T00:00:00Z,63.03
6630,TSLAATMIV.U,2025-05-02T00:00:00Z,59.86
6631,TSLAATMIV.U,2025-05-05T00:00:00Z,61.3
6632,TSLAATMIV.U,2025-05-06T00:00:00Z,60.67
6633,TSLAATMIV.U,2025-05-07T00:00:00Z,58.12
6634,TSLAATMIV.U,2025-05-08T00:00:00Z,59.62
6635,TSLAATMIV.U,2025-05-09T00:00:00Z,61.28
6636,GOOGLATMIV.U,2018-12-31T00:00:00Z,36.31
6637,GOOGLATMIV.U,2019-01-02T00:00:00Z,36.82
6638,GOOGLATMIV.U,2019-01-03T00:00:00Z,38.31
6639,GOOGLATMIV.U,2019-01-04T00:00:00Z,30.57
6640,GOOGLATMIV.U,2019-01-07T00:00:00Z,32.25
6641,GOOGLATMIV.U,2019-01-08T00:00:00Z,31.19
6642,GOOGLATMIV.U,2019-01-09T00:00:00Z,32.16
6643,GOOGLATMIV.U,2019-01-10T00:00:00Z,31.62
6644,GOOGLATMIV.U,2019-01-11T00:00:00Z,30.99
6645,GOOGLATMIV.U,2019-01-14T00:00:00Z,31.3
6646,GOOGLATMIV.U,2019-01-15T00:00:00Z,28.91
6647,GOOGLATMIV.U,2019-01-16T00:00:00Z,28.49
6648,GOOGLATMIV.U,2019-01-17T00:00:00Z,27.91
6649,GOOGLATMIV.U,2019-01-18T00:00:00Z,27.28
6650,GOOGLATMIV.U,2019-01-18T00:00:00Z,27.28
6651,GOOGLATMIV.U,2019-01-22T00:00:00Z,30.91
6652,GOOGLATMIV.U,2019-01-23T00:00:00Z,30.63
6653,GOOGLATMIV.U,2019-01-24T00:00:00Z,29.59
6654,GOOGLATMIV.U,2019-01-25T00:00:00Z,28.68
6655,GOOGLATMIV.U,2019-01-28T00:00:00Z,30.73
6656,GOOGLATMIV.U,2019-01-29T00:00:00Z,31.03
6657,GOOGLATMIV.U,2019-01-30T00:00:00Z,29.45
6658,GOOGLATMIV.U,2019-01-31T00:00:00Z,29.23
6659,GOOGLATMIV.U,2019-02-01T00:00:00Z,28.87
6660,GOOGLATMIV.U,2019-02-04T00:00:00Z,26.87
6661,GOOGLATMIV.U,2019-02-05T00:00:00Z,20.21
6662,GOOGLATMIV.U,2019-02-06T00:00:00Z,22.0
6663,GOOGLATMIV.U,2019-02-07T00:00:00Z,22.43
6664,GOOGLATMIV.U,2019-02-08T00:00:00Z,22.61
6665,GOOGLATMIV.U,2019-02-11T00:00:00Z,21.72
6666,GOOGLATMIV.U,2019-02-12T00:00:00Z,20.22
6667,GOOGLATMIV.U,2019-02-13T00:00:00Z,20.31
6668,GOOGLATMIV.U,2019-02-14T00:00:00Z,20.93
6669,GOOGLATMIV.U,2019-02-15T00:00:00Z,20.94
6670,GOOGLATMIV.U,2019-02-15T00:00:00Z,20.94
6671,GOOGLATMIV.U,2019-02-19T00:00:00Z,20.32
6672,GOOGLATMIV.U,2019-02-20T00:00:00Z,20.26
6673,GOOGLATMIV.U,2019-02-21T00:00:00Z,20.9
6674,GOOGLATMIV.U,2019-02-22T00:00:00Z,19.67
6675,GOOGLATMIV.U,2019-02-25T00:00:00Z,19.92
6676,GOOGLATMIV.U,2019-02-26T00:00:00Z,19.59
6677,GOOGLATMIV.U,2019-02-27T00:00:00Z,19.71
6678,GOOGLATMIV.U,2019-02-28T00:00:00Z,19.42
6679,GOOGLATMIV.U,2019-03-01T00:00:00Z,18.92
6680,GOOGLATMIV.U,2019-03-04T00:00:00Z,19.57
6681,GOOGLATMIV.U,2019-03-05T00:00:00Z,19.18
6682,GOOGLATMIV.U,2019-03-06T00:00:00Z,19.83
6683,GOOGLATMIV.U,2019-03-07T00:00:00Z,20.57
6684,GOOGLATMIV.U,2019-03-08T00:00:00Z,20.92
6685,GOOGLATMIV.U,2019-03-11T00:00:00Z,18.9
6686,GOOGLATMIV.U,2019-03-12T00:00:00Z,18.56
6687,GOOGLATMIV.U,2019-03-13T00:00:00Z,18.2
6688,GOOGLATMIV.U,2019-03-14T00:00:00Z,18.01
6689,GOOGLATMIV.U,2019-03-15T00:00:00Z,17.52
6690,GOOGLATMIV.U,2019-03-18T00:00:00Z,18.59
6691,GOOGLATMIV.U,2019-03-19T00:00:00Z,18.38
6692,GOOGLATMIV.U,2019-03-20T00:00:00Z,18.69
6693,GOOGLATMIV.U,2019-03-21T00:00:00Z,18.57
6694,GOOGLATMIV.U,2019-03-22T00:00:00Z,20.31
6695,GOOGLATMIV.U,2019-03-25T00:00:00Z,21.04
6696,GOOGLATMIV.U,2019-03-26T00:00:00Z,20.94
6697,GOOGLATMIV.U,2019-03-27T00:00:00Z,20.5
6698,GOOGLATMIV.U,2019-03-28T00:00:00Z,22.86
6699,GOOGLATMIV.U,2019-03-29T00:00:00Z,22.61
6700,GOOGLATMIV.U,2019-04-01T00:00:00Z,23.37
6701,GOOGLATMIV.U,2019-04-02T00:00:00Z,23.99
6702,GOOGLATMIV.U,2019-04-03T00:00:00Z,24.48
6703,GOOGLATMIV.U,2019-04-04T00:00:00Z,23.94
6704,GOOGLATMIV.U,2019-04-05T00:00:00Z,23.98
6705,GOOGLATMIV.U,2019-04-08T00:00:00Z,24.06
6706,GOOGLATMIV.U,2019-04-09T00:00:00Z,24.38
6707,GOOGLATMIV.U,2019-04-10T00:00:00Z,24.08
6708,GOOGLATMIV.U,2019-04-11T00:00:00Z,23.63
6709,GOOGLATMIV.U,2019-04-12T00:00:00Z,22.78
6710,GOOGLATMIV.U,2019-04-15T00:00:00Z,23.58
6711,GOOGLATMIV.U,2019-04-16T00:00:00Z,23.09
6712,GOOGLATMIV.U,2019-04-17T00:00:00Z,23.95
6713,GOOGLATMIV.U,2019-04-18T00:00:00Z,22.72
6714,GOOGLATMIV.U,2019-04-18T00:00:00Z,22.72
6715,GOOGLATMIV.U,2019-04-22T00:00:00Z,23.26
6716,GOOGLATMIV.U,2019-04-23T00:00:00Z,23.7
6717,GOOGLATMIV.U,2019-04-24T00:00:00Z,24.21
6718,GOOGLATMIV.U,2019-04-25T00:00:00Z,24.37
6719,GOOGLATMIV.U,2019-04-26T00:00:00Z,22.81
6720,GOOGLATMIV.U,2019-04-29T00:00:00Z,23.3
6721,GOOGLATMIV.U,2019-04-30T00:00:00Z,17.73
6722,GOOGLATMIV.U,2019-05-01T00:00:00Z,19.7
6723,GOOGLATMIV.U,2019-05-02T00:00:00Z,18.93
6724,GOOGLATMIV.U,2019-05-03T00:00:00Z,16.96
6725,GOOGLATMIV.U,2019-05-06T00:00:00Z,18.01
6726,GOOGLATMIV.U,2019-05-07T00:00:00Z,23.16
6727,GOOGLATMIV.U,2019-05-08T00:00:00Z,21.88
6728,GOOGLATMIV.U,2019-05-09T00:00:00Z,21.81
6729,GOOGLATMIV.U,2019-05-10T00:00:00Z,19.18
6730,GOOGLATMIV.U,2019-05-13T00:00:00Z,23.33
6731,GOOGLATMIV.U,2019-05-14T00:00:00Z,21.11
6732,GOOGLATMIV.U,2019-05-15T00:00:00Z,18.55
6733,GOOGLATMIV.U,2019-05-16T00:00:00Z,17.11
6734,GOOGLATMIV.U,2019-05-17T00:00:00Z,20.46
6735,GOOGLATMIV.U,2019-05-20T00:00:00Z,22.2
6736,GOOGLATMIV.U,2019-05-21T00:00:00Z,20.39
6737,GOOGLATMIV.U,2019-05-22T00:00:00Z,19.96
6738,GOOGLATMIV.U,2019-05-23T00:00:00Z,23.33
6739,GOOGLATMIV.U,2019-05-24T00:00:00Z,20.98
6740,GOOGLATMIV.U,2019-05-24T00:00:00Z,20.98
6741,GOOGLATMIV.U,2019-05-28T00:00:00Z,22.19
6742,GOOGLATMIV.U,2019-05-29T00:00:00Z,24.03
6743,GOOGLATMIV.U,2019-05-30T00:00:00Z,23.04
6744,GOOGLATMIV.U,2019-05-31T00:00:00Z,23.86
6745,GOOGLATMIV.U,2019-06-03T00:00:00Z,27.13
6746,GOOGLATMIV.U,2019-06-04T00:00:00Z,23.71
6747,GOOGLATMIV.U,2019-06-05T00:00:00Z,23.9
6748,GOOGLATMIV.U,2019-06-06T00:00:00Z,22.86
6749,GOOGLATMIV.U,2019-06-07T00:00:00Z,22.21
6750,GOOGLATMIV.U,2019-06-10T00:00:00Z,22.19
6751,GOOGLATMIV.U,2019-06-11T00:00:00Z,22.9
6752,GOOGLATMIV.U,2019-06-12T00:00:00Z,23.03
6753,GOOGLATMIV.U,2019-06-13T00:00:00Z,22.07
6754,GOOGLATMIV.U,2019-06-14T00:00:00Z,21.18
6755,GOOGLATMIV.U,2019-06-17T00:00:00Z,20.41
6756,GOOGLATMIV.U,2019-06-18T00:00:00Z,19.99
6757,GOOGLATMIV.U,2019-06-19T00:00:00Z,19.62
6758,GOOGLATMIV.U,2019-06-20T00:00:00Z,20.62
6759,GOOGLATMIV.U,2019-06-21T00:00:00Z,22.15
6760,GOOGLATMIV.U,2019-06-24T00:00:00Z,24.71
6761,GOOGLATMIV.U,2019-06-25T00:00:00Z,27.02
6762,GOOGLATMIV.U,2019-06-26T00:00:00Z,27.86
6763,GOOGLATMIV.U,2019-06-27T00:00:00Z,27.69
6764,GOOGLATMIV.U,2019-06-28T00:00:00Z,27.29
6765,GOOGLATMIV.U,2019-07-01T00:00:00Z,25.52
6766,GOOGLATMIV.U,2019-07-02T00:00:00Z,24.07
6767,GOOGLATMIV.U,2019-07-03T00:00:00Z,23.95
6768,GOOGLATMIV.U,2019-07-03T00:00:00Z,23.95
6769,GOOGLATMIV.U,2019-07-05T00:00:00Z,23.97
6770,GOOGLATMIV.U,2019-07-08T00:00:00Z,24.37
6771,GOOGLATMIV.U,2019-07-09T00:00:00Z,24.94
6772,GOOGLATMIV.U,2019-07-10T00:00:00Z,23.84
6773,GOOGLATMIV.U,2019-07-11T00:00:00Z,23.25
6774,GOOGLATMIV.U,2019-07-12T00:00:00Z,22.89
6775,GOOGLATMIV.U,2019-07-15T00:00:00Z,22.66
6776,GOOGLATMIV.U,2019-07-16T00:00:00Z,22.59
6777,GOOGLATMIV.U,2019-07-17T00:00:00Z,23.55
6778,GOOGLATMIV.U,2019-07-18T00:00:00Z,24.99
6779,GOOGLATMIV.U,2019-07-19T00:00:00Z,25.54
6780,GOOGLATMIV.U,2019-07-22T00:00:00Z,26.82
6781,GOOGLATMIV.U,2019-07-23T00:00:00Z,26.78
6782,GOOGLATMIV.U,2019-07-24T00:00:00Z,26.98
6783,GOOGLATMIV.U,2019-07-25T00:00:00Z,25.69
6784,GOOGLATMIV.U,2019-07-26T00:00:00Z,17.84
6785,GOOGLATMIV.U,2019-07-29T00:00:00Z,17.47
6786,GOOGLATMIV.U,2019-07-30T00:00:00Z,17.77
6787,GOOGLATMIV.U,2019-07-31T00:00:00Z,18.4
6788,GOOGLATMIV.U,2019-08-01T00:00:00Z,19.58
6789,GOOGLATMIV.U,2019-08-02T00:00:00Z,22.27
6790,GOOGLATMIV.U,2019-08-05T00:00:00Z,28.3
6791,GOOGLATMIV.U,2019-08-06T00:00:00Z,24.41
6792,GOOGLATMIV.U,2019-08-07T00:00:00Z,25.62
6793,GOOGLATMIV.U,2019-08-08T00:00:00Z,21.41
6794,GOOGLATMIV.U,2019-08-09T00:00:00Z,22.11
6795,GOOGLATMIV.U,2019-08-12T00:00:00Z,24.77
6796,GOOGLATMIV.U,2019-08-13T00:00:00Z,21.22
6797,GOOGLATMIV.U,2019-08-14T00:00:00Z,25.34
6798,GOOGLATMIV.U,2019-08-15T00:00:00Z,24.82
6799,GOOGLATMIV.U,2019-08-16T00:00:00Z,22.12
6800,GOOGLATMIV.U,2019-08-19T00:00:00Z,20.42
6801,GOOGLATMIV.U,2019-08-20T00:00:00Z,21.16
6802,GOOGLATMIV.U,2019-08-21T00:00:00Z,20.19
6803,GOOGLATMIV.U,2019-08-22T00:00:00Z,20.86
6804,GOOGLATMIV.U,2019-08-23T00:00:00Z,24.69
6805,GOOGLATMIV.U,2019-08-26T00:00:00Z,23.25
6806,GOOGLATMIV.U,2019-08-27T00:00:00Z,23.68
6807,GOOGLATMIV.U,2019-08-28T00:00:00Z,23.15
6808,GOOGLATMIV.U,2019-08-29T00:00:00Z,21.16
6809,GOOGLATMIV.U,2019-08-30T00:00:00Z,21.06
6810,GOOGLATMIV.U,2019-08-30T00:00:00Z,21.06
6811,GOOGLATMIV.U,2019-09-03T00:00:00Z,23.92
6812,GOOGLATMIV.U,2019-09-04T00:00:00Z,22.22
6813,GOOGLATMIV.U,2019-09-05T00:00:00Z,19.46
6814,GOOGLATMIV.U,2019-09-06T00:00:00Z,18.57
6815,GOOGLATMIV.U,2019-09-09T00:00:00Z,19.21
6816,GOOGLATMIV.U,2019-09-10T00:00:00Z,19.43
6817,GOOGLATMIV.U,2019-09-11T00:00:00Z,18.02
6818,GOOGLATMIV.U,2019-09-12T00:00:00Z,17.87
6819,GOOGLATMIV.U,2019-09-13T00:00:00Z,17.12
6820,GOOGLATMIV.U,2019-09-16T00:00:00Z,18.68
6821,GOOGLATMIV.U,2019-09-17T00:00:00Z,18.47
6822,GOOGLATMIV.U,2019-09-18T00:00:00Z,18.27
6823,GOOGLATMIV.U,2019-09-19T00:00:00Z,19.18
6824,GOOGLATMIV.U,2019-09-20T00:00:00Z,19.35
6825,GOOGLATMIV.U,2019-09-23T00:00:00Z,21.13
6826,GOOGLATMIV.U,2019-09-24T00:00:00Z,23.89
6827,GOOGLATMIV.U,2019-09-25T00:00:00Z,22.73
6828,GOOGLATMIV.U,2019-09-26T00:00:00Z,22.54
6829,GOOGLATMIV.U,2019-09-27T00:00:00Z,23.24
6830,GOOGLATMIV.U,2019-09-30T00:00:00Z,25.85
6831,GOOGLATMIV.U,2019-10-01T00:00:00Z,28.51
6832,GOOGLATMIV.U,2019-10-02T00:00:00Z,31.66
6833,GOOGLATMIV.U,2019-10-03T00:00:00Z,30.16
6834,GOOGLATMIV.U,2019-10-04T00:00:00Z,28.2
6835,GOOGLATMIV.U,2019-10-07T00:00:00Z,27.6
6836,GOOGLATMIV.U,2019-10-08T00:00:00Z,29.93
6837,GOOGLATMIV.U,2019-10-09T00:00:00Z,28.23
6838,GOOGLATMIV.U,2019-10-10T00:00:00Z,27.31
6839,GOOGLATMIV.U,2019-10-11T00:00:00Z,25.9
6840,GOOGLATMIV.U,2019-10-14T00:00:00Z,25.23
6841,GOOGLATMIV.U,2019-10-15T00:00:00Z,24.71
6842,GOOGLATMIV.U,2019-10-16T00:00:00Z,24.46
6843,GOOGLATMIV.U,2019-10-17T00:00:00Z,23.58
6844,GOOGLATMIV.U,2019-10-18T00:00:00Z,24.55
6845,GOOGLATMIV.U,2019-10-21T00:00:00Z,25.26
6846,GOOGLATMIV.U,2019-10-22T00:00:00Z,25.16
6847,GOOGLATMIV.U,2019-10-23T00:00:00Z,24.93
6848,GOOGLATMIV.U,2019-10-24T00:00:00Z,24.69
6849,GOOGLATMIV.U,2019-10-25T00:00:00Z,24.12
6850,GOOGLATMIV.U,2019-10-28T00:00:00Z,27.64
6851,GOOGLATMIV.U,2019-10-29T00:00:00Z,16.15
6852,GOOGLATMIV.U,2019-10-30T00:00:00Z,15.79
6853,GOOGLATMIV.U,2019-10-31T00:00:00Z,15.71
6854,GOOGLATMIV.U,2019-11-01T00:00:00Z,15.05
6855,GOOGLATMIV.U,2019-11-04T00:00:00Z,15.52
6856,GOOGLATMIV.U,2019-11-05T00:00:00Z,15.44
6857,GOOGLATMIV.U,2019-11-06T00:00:00Z,15.94
6858,GOOGLATMIV.U,2019-11-07T00:00:00Z,16.5
6859,GOOGLATMIV.U,2019-11-08T00:00:00Z,16.14
6860,GOOGLATMIV.U,2019-11-11T00:00:00Z,16.53
6861,GOOGLATMIV.U,2019-11-12T00:00:00Z,16.46
6862,GOOGLATMIV.U,2019-11-13T00:00:00Z,16.73
6863,GOOGLATMIV.U,2019-11-14T00:00:00Z,16.88
6864,GOOGLATMIV.U,2019-11-15T00:00:00Z,15.7
6865,GOOGLATMIV.U,2019-11-18T00:00:00Z,16.21
6866,GOOGLATMIV.U,2019-11-19T00:00:00Z,16.71
6867,GOOGLATMIV.U,2019-11-20T00:00:00Z,18.2
6868,GOOGLATMIV.U,2019-11-21T00:00:00Z,17.69
6869,GOOGLATMIV.U,2019-11-22T00:00:00Z,17.16
6870,GOOGLATMIV.U,2019-11-25T00:00:00Z,15.92
6871,GOOGLATMIV.U,2019-11-26T00:00:00Z,14.95
6872,GOOGLATMIV.U,2019-11-27T00:00:00Z,15.36
6873,GOOGLATMIV.U,2019-11-27T00:00:00Z,15.36
6874,GOOGLATMIV.U,2019-11-29T00:00:00Z,15.64
6875,GOOGLATMIV.U,2019-12-02T00:00:00Z,17.06
6876,GOOGLATMIV.U,2019-12-03T00:00:00Z,18.04
6877,GOOGLATMIV.U,2019-12-04T00:00:00Z,17.64
6878,GOOGLATMIV.U,2019-12-05T00:00:00Z,16.75
6879,GOOGLATMIV.U,2019-12-06T00:00:00Z,15.94
6880,GOOGLATMIV.U,2019-12-09T00:00:00Z,16.23
6881,GOOGLATMIV.U,2019-12-10T00:00:00Z,16.66
6882,GOOGLATMIV.U,2019-12-11T00:00:00Z,16.58
6883,GOOGLATMIV.U,2019-12-12T00:00:00Z,17.73
6884,GOOGLATMIV.U,2019-12-13T00:00:00Z,14.76
6885,GOOGLATMIV.U,2019-12-16T00:00:00Z,13.24
6886,GOOGLATMIV.U,2019-12-17T00:00:00Z,13.79
6887,GOOGLATMIV.U,2019-12-18T00:00:00Z,13.16
6888,GOOGLATMIV.U,2019-12-19T00:00:00Z,14.44
6889,GOOGLATMIV.U,2019-12-20T00:00:00Z,14.22
6890,GOOGLATMIV.U,2019-12-23T00:00:00Z,14.27
6891,GOOGLATMIV.U,2019-12-24T00:00:00Z,14.83
6892,GOOGLATMIV.U,2019-12-24T00:00:00Z,14.83
6893,GOOGLATMIV.U,2019-12-26T00:00:00Z,16.52
6894,GOOGLATMIV.U,2019-12-27T00:00:00Z,17.17
6895,GOOGLATMIV.U,2019-12-30T00:00:00Z,18.02
6896,GOOGLATMIV.U,2019-12-31T00:00:00Z,18.22
6897,GOOGLATMIV.U,2019-12-31T00:00:00Z,18.22
6898,GOOGLATMIV.U,2020-01-02T00:00:00Z,19.86
6899,GOOGLATMIV.U,2020-01-03T00:00:00Z,19.49
6900,GOOGLATMIV.U,2020-01-06T00:00:00Z,22.23
6901,GOOGLATMIV.U,2020-01-07T00:00:00Z,22.33
6902,GOOGLATMIV.U,2020-01-08T00:00:00Z,22.2
6903,GOOGLATMIV.U,2020-01-09T00:00:00Z,20.8
6904,GOOGLATMIV.U,2020-01-10T00:00:00Z,21.89
6905,GOOGLATMIV.U,2020-01-13T00:00:00Z,21.84
6906,GOOGLATMIV.U,2020-01-14T00:00:00Z,21.57
6907,GOOGLATMIV.U,2020-01-15T00:00:00Z,21.95
6908,GOOGLATMIV.U,2020-01-16T00:00:00Z,20.96
6909,GOOGLATMIV.U,2020-01-17T00:00:00Z,21.6
6910,GOOGLATMIV.U,2020-01-17T00:00:00Z,21.6
6911,GOOGLATMIV.U,2020-01-21T00:00:00Z,24.12
6912,GOOGLATMIV.U,2020-01-22T00:00:00Z,24.46
6913,GOOGLATMIV.U,2020-01-23T00:00:00Z,26.06
6914,GOOGLATMIV.U,2020-01-24T00:00:00Z,25.73
6915,GOOGLATMIV.U,2020-01-27T00:00:00Z,27.53
6916,GOOGLATMIV.U,2020-01-28T00:00:00Z,25.58
6917,GOOGLATMIV.U,2020-01-29T00:00:00Z,24.94
6918,GOOGLATMIV.U,2020-01-30T00:00:00Z,25.15
6919,GOOGLATMIV.U,2020-01-31T00:00:00Z,30.93
6920,GOOGLATMIV.U,2020-02-03T00:00:00Z,33.4
6921,GOOGLATMIV.U,2020-02-04T00:00:00Z,21.07
6922,GOOGLATMIV.U,2020-02-05T00:00:00Z,22.61
6923,GOOGLATMIV.U,2020-02-06T00:00:00Z,19.95
6924,GOOGLATMIV.U,2020-02-07T00:00:00Z,20.34
6925,GOOGLATMIV.U,2020-02-10T00:00:00Z,21.14
6926,GOOGLATMIV.U,2020-02-11T00:00:00Z,20.92
6927,GOOGLATMIV.U,2020-02-12T00:00:00Z,18.22
6928,GOOGLATMIV.U,2020-02-13T00:00:00Z,18.44
6929,GOOGLATMIV.U,2020-02-14T00:00:00Z,17.52
6930,GOOGLATMIV.U,2020-02-14T00:00:00Z,17.52
6931,GOOGLATMIV.U,2020-02-18T00:00:00Z,18.53
6932,GOOGLATMIV.U,2020-02-19T00:00:00Z,17.48
6933,GOOGLATMIV.U,2020-02-20T00:00:00Z,18.39
6934,GOOGLATMIV.U,2020-02-21T00:00:00Z,21.19
6935,GOOGLATMIV.U,2020-02-24T00:00:00Z,25.84
6936,GOOGLATMIV.U,2020-02-25T00:00:00Z,30.46
6937,GOOGLATMIV.U,2020-02-26T00:00:00Z,29.43
6938,GOOGLATMIV.U,2020-02-27T00:00:00Z,38.06
6939,GOOGLATMIV.U,2020-02-28T00:00:00Z,41.89
6940,GOOGLATMIV.U,2020-03-02T00:00:00Z,31.84
6941,GOOGLATMIV.U,2020-03-03T00:00:00Z,36.13
6942,GOOGLATMIV.U,2020-03-04T00:00:00Z,29.64
6943,GOOGLATMIV.U,2020-03-05T00:00:00Z,41.39
6944,GOOGLATMIV.U,2020-03-06T00:00:00Z,44.48
6945,GOOGLATMIV.U,2020-03-09T00:00:00Z,53.95
6946,GOOGLATMIV.U,2020-03-10T00:00:00Z,41.67
6947,GOOGLATMIV.U,2020-03-11T00:00:00Z,51.23
6948,GOOGLATMIV.U,2020-03-12T00:00:00Z,65.52
6949,GOOGLATMIV.U,2020-03-13T00:00:00Z,46.57
6950,GOOGLATMIV.U,2020-03-16T00:00:00Z,74.0
6951,GOOGLATMIV.U,2020-03-17T00:00:00Z,64.73
6952,GOOGLATMIV.U,2020-03-18T00:00:00Z,69.85
6953,GOOGLATMIV.U,2020-03-19T00:00:00Z,63.03
6954,GOOGLATMIV.U,2020-03-20T00:00:00Z,59.32
6955,GOOGLATMIV.U,2020-03-23T00:00:00Z,53.53
6956,GOOGLATMIV.U,2020-03-24T00:00:00Z,50.27
6957,GOOGLATMIV.U,2020-03-25T00:00:00Z,55.58
6958,GOOGLATMIV.U,2020-03-26T00:00:00Z,49.92
6959,GOOGLATMIV.U,2020-03-27T00:00:00Z,56.28
6960,GOOGLATMIV.U,2020-03-30T00:00:00Z,51.79
6961,GOOGLATMIV.U,2020-03-31T00:00:00Z,47.41
6962,GOOGLATMIV.U,2020-04-01T00:00:00Z,54.52
6963,GOOGLATMIV.U,2020-04-02T00:00:00Z,50.52
6964,GOOGLATMIV.U,2020-04-03T00:00:00Z,48.09
6965,GOOGLATMIV.U,2020-04-06T00:00:00Z,39.82
6966,GOOGLATMIV.U,2020-04-07T00:00:00Z,41.69
6967,GOOGLATMIV.U,2020-04-08T00:00:00Z,38.69
6968,GOOGLATMIV.U,2020-04-09T00:00:00Z,38.06
6969,GOOGLATMIV.U,2020-04-09T00:00:00Z,38.06
6970,GOOGLATMIV.U,2020-04-13T00:00:00Z,39.17
6971,GOOGLATMIV.U,2020-04-14T00:00:00Z,37.54
6972,GOOGLATMIV.U,2020-04-15T00:00:00Z,40.38
6973,GOOGLATMIV.U,2020-04-16T00:00:00Z,41.76
6974,GOOGLATMIV.U,2020-04-17T00:00:00Z,39.28
6975,GOOGLATMIV.U,2020-04-20T00:00:00Z,41.76
6976,GOOGLATMIV.U,2020-04-21T00:00:00Z,45.7
6977,GOOGLATMIV.U,2020-04-22T00:00:00Z,42.35
6978,GOOGLATMIV.U,2020-04-23T00:00:00Z,39.71
6979,GOOGLATMIV.U,2020-04-24T00:00:00Z,37.38
6980,GOOGLATMIV.U,2020-04-27T00:00:00Z,35.73
6981,GOOGLATMIV.U,2020-04-28T00:00:00Z,35.57
6982,GOOGLATMIV.U,2020-04-29T00:00:00Z,26.72
6983,GOOGLATMIV.U,2020-04-30T00:00:00Z,28.09
6984,GOOGLATMIV.U,2020-05-01T00:00:00Z,31.41
6985,GOOGLATMIV.U,2020-05-04T00:00:00Z,29.96
6986,GOOGLATMIV.U,2020-05-05T00:00:00Z,28.49
6987,GOOGLATMIV.U,2020-05-06T00:00:00Z,28.42
6988,GOOGLATMIV.U,2020-05-07T00:00:00Z,27.27
6989,GOOGLATMIV.U,2020-05-08T00:00:00Z,24.79
6990,GOOGLATMIV.U,2020-05-11T00:00:00Z,25.26
6991,GOOGLATMIV.U,2020-05-12T00:00:00Z,26.84
6992,GOOGLATMIV.U,2020-05-13T00:00:00Z,29.72
6993,GOOGLATMIV.U,2020-05-14T00:00:00Z,29.8
6994,GOOGLATMIV.U,2020-05-15T00:00:00Z,26.96
6995,GOOGLATMIV.U,2020-05-18T00:00:00Z,25.64
6996,GOOGLATMIV.U,2020-05-19T00:00:00Z,26.18
6997,GOOGLATMIV.U,2020-05-20T00:00:00Z,25.0
6998,GOOGLATMIV.U,2020-05-21T00:00:00Z,26.02
6999,GOOGLATMIV.U,2020-05-22T00:00:00Z,25.26
7000,GOOGLATMIV.U,2020-05-22T00:00:00Z,25.26
7001,GOOGLATMIV.U,2020-05-26T00:00:00Z,25.09
7002,GOOGLATMIV.U,2020-05-27T00:00:00Z,25.58
7003,GOOGLATMIV.U,2020-05-28T00:00:00Z,26.5
7004,GOOGLATMIV.U,2020-05-29T00:00:00Z,24.61
7005,GOOGLATMIV.U,2020-06-01T00:00:00Z,25.59
7006,GOOGLATMIV.U,2020-06-02T00:00:00Z,24.72
7007,GOOGLATMIV.U,2020-06-03T00:00:00Z,24.07
7008,GOOGLATMIV.U,2020-06-04T00:00:00Z,24.83
7009,GOOGLATMIV.U,2020-06-05T00:00:00Z,22.92
7010,GOOGLATMIV.U,2020-06-08T00:00:00Z,24.19
7011,GOOGLATMIV.U,2020-06-09T00:00:00Z,26.23
7012,GOOGLATMIV.U,2020-06-10T00:00:00Z,25.54
7013,GOOGLATMIV.U,2020-06-11T00:00:00Z,33.18
7014,GOOGLATMIV.U,2020-06-12T00:00:00Z,30.57
7015,GOOGLATMIV.U,2020-06-15T00:00:00Z,28.01
7016,GOOGLATMIV.U,2020-06-16T00:00:00Z,27.93
7017,GOOGLATMIV.U,2020-06-17T00:00:00Z,27.39
7018,GOOGLATMIV.U,2020-06-18T00:00:00Z,28.84
7019,GOOGLATMIV.U,2020-06-19T00:00:00Z,28.3
7020,GOOGLATMIV.U,2020-06-22T00:00:00Z,27.81
7021,GOOGLATMIV.U,2020-06-23T00:00:00Z,27.73
7022,GOOGLATMIV.U,2020-06-24T00:00:00Z,30.89
7023,GOOGLATMIV.U,2020-06-25T00:00:00Z,31.96
7024,GOOGLATMIV.U,2020-06-26T00:00:00Z,36.7
7025,GOOGLATMIV.U,2020-06-29T00:00:00Z,34.69
7026,GOOGLATMIV.U,2020-06-30T00:00:00Z,33.36
7027,GOOGLATMIV.U,2020-07-01T00:00:00Z,32.86
7028,GOOGLATMIV.U,2020-07-02T00:00:00Z,30.93
7029,GOOGLATMIV.U,2020-07-02T00:00:00Z,30.93
7030,GOOGLATMIV.U,2020-07-06T00:00:00Z,32.8
7031,GOOGLATMIV.U,2020-07-07T00:00:00Z,34.14
7032,GOOGLATMIV.U,2020-07-08T00:00:00Z,34.33
7033,GOOGLATMIV.U,2020-07-09T00:00:00Z,35.95
7034,GOOGLATMIV.U,2020-07-10T00:00:00Z,37.59
7035,GOOGLATMIV.U,2020-07-13T00:00:00Z,40.77
7036,GOOGLATMIV.U,2020-07-14T00:00:00Z,40.18
7037,GOOGLATMIV.U,2020-07-15T00:00:00Z,40.47
7038,GOOGLATMIV.U,2020-07-16T00:00:00Z,38.57
7039,GOOGLATMIV.U,2020-07-17T00:00:00Z,34.89
7040,GOOGLATMIV.U,2020-07-20T00:00:00Z,35.74
7041,GOOGLATMIV.U,2020-07-21T00:00:00Z,35.46
7042,GOOGLATMIV.U,2020-07-22T00:00:00Z,33.98
7043,GOOGLATMIV.U,2020-07-23T00:00:00Z,34.53
7044,GOOGLATMIV.U,2020-07-24T00:00:00Z,34.63
7045,GOOGLATMIV.U,2020-07-27T00:00:00Z,34.41
7046,GOOGLATMIV.U,2020-07-28T00:00:00Z,34.3
7047,GOOGLATMIV.U,2020-07-29T00:00:00Z,32.74
7048,GOOGLATMIV.U,2020-07-30T00:00:00Z,31.73
7049,GOOGLATMIV.U,2020-07-31T00:00:00Z,26.75
7050,GOOGLATMIV.U,2020-08-03T00:00:00Z,28.87
7051,GOOGLATMIV.U,2020-08-04T00:00:00Z,25.88
7052,GOOGLATMIV.U,2020-08-05T00:00:00Z,25.15
7053,GOOGLATMIV.U,2020-08-06T00:00:00Z,24.95
7054,GOOGLATMIV.U,2020-08-07T00:00:00Z,26.58
7055,GOOGLATMIV.U,2020-08-10T00:00:00Z,26.54
7056,GOOGLATMIV.U,2020-08-11T00:00:00Z,27.64
7057,GOOGLATMIV.U,2020-08-12T00:00:00Z,24.79
7058,GOOGLATMIV.U,2020-08-13T00:00:00Z,26.21
7059,GOOGLATMIV.U,2020-08-14T00:00:00Z,25.18
7060,GOOGLATMIV.U,2020-08-17T00:00:00Z,25.45
7061,GOOGLATMIV.U,2020-08-18T00:00:00Z,24.57
7062,GOOGLATMIV.U,2020-08-19T00:00:00Z,25.61
7063,GOOGLATMIV.U,2020-08-20T00:00:00Z,26.08
7064,GOOGLATMIV.U,2020-08-21T00:00:00Z,27.25
7065,GOOGLATMIV.U,2020-08-24T00:00:00Z,29.2
7066,GOOGLATMIV.U,2020-08-25T00:00:00Z,28.85
7067,GOOGLATMIV.U,2020-08-26T00:00:00Z,33.09
7068,GOOGLATMIV.U,2020-08-27T00:00:00Z,34.91
7069,GOOGLATMIV.U,2020-08-28T00:00:00Z,34.28
7070,GOOGLATMIV.U,2020-08-31T00:00:00Z,33.95
7071,GOOGLATMIV.U,2020-09-01T00:00:00Z,34.58
7072,GOOGLATMIV.U,2020-09-02T00:00:00Z,36.87
7073,GOOGLATMIV.U,2020-09-03T00:00:00Z,47.74
7074,GOOGLATMIV.U,2020-09-04T00:00:00Z,44.65
7075,GOOGLATMIV.U,2020-09-04T00:00:00Z,44.65
7076,GOOGLATMIV.U,2020-09-08T00:00:00Z,41.53
7077,GOOGLATMIV.U,2020-09-09T00:00:00Z,36.6
7078,GOOGLATMIV.U,2020-09-10T00:00:00Z,36.33
7079,GOOGLATMIV.U,2020-09-11T00:00:00Z,32.93
7080,GOOGLATMIV.U,2020-09-14T00:00:00Z,32.73
7081,GOOGLATMIV.U,2020-09-15T00:00:00Z,31.22
7082,GOOGLATMIV.U,2020-09-16T00:00:00Z,31.56
7083,GOOGLATMIV.U,2020-09-17T00:00:00Z,34.31
7084,GOOGLATMIV.U,2020-09-18T00:00:00Z,34.02
7085,GOOGLATMIV.U,2020-09-21T00:00:00Z,35.41
7086,GOOGLATMIV.U,2020-09-22T00:00:00Z,34.42
7087,GOOGLATMIV.U,2020-09-23T00:00:00Z,36.41
7088,GOOGLATMIV.U,2020-09-24T00:00:00Z,36.96
7089,GOOGLATMIV.U,2020-09-25T00:00:00Z,36.08
7090,GOOGLATMIV.U,2020-09-28T00:00:00Z,36.47
7091,GOOGLATMIV.U,2020-09-29T00:00:00Z,36.39
7092,GOOGLATMIV.U,2020-09-30T00:00:00Z,35.89
7093,GOOGLATMIV.U,2020-10-01T00:00:00Z,38.9
7094,GOOGLATMIV.U,2020-10-02T00:00:00Z,39.0
7095,GOOGLATMIV.U,2020-10-05T00:00:00Z,38.48
7096,GOOGLATMIV.U,2020-10-06T00:00:00Z,39.51
7097,GOOGLATMIV.U,2020-10-07T00:00:00Z,38.6
7098,GOOGLATMIV.U,2020-10-08T00:00:00Z,39.46
7099,GOOGLATMIV.U,2020-10-09T00:00:00Z,37.38
7100,GOOGLATMIV.U,2020-10-12T00:00:00Z,36.79
7101,GOOGLATMIV.U,2020-10-13T00:00:00Z,36.89
7102,GOOGLATMIV.U,2020-10-14T00:00:00Z,37.45
7103,GOOGLATMIV.U,2020-10-15T00:00:00Z,37.69
7104,GOOGLATMIV.U,2020-10-16T00:00:00Z,37.1
7105,GOOGLATMIV.U,2020-10-19T00:00:00Z,37.82
7106,GOOGLATMIV.U,2020-10-20T00:00:00Z,38.62
7107,GOOGLATMIV.U,2020-10-21T00:00:00Z,38.48
7108,GOOGLATMIV.U,2020-10-22T00:00:00Z,37.91
7109,GOOGLATMIV.U,2020-10-23T00:00:00Z,37.4
7110,GOOGLATMIV.U,2020-10-26T00:00:00Z,40.81
7111,GOOGLATMIV.U,2020-10-27T00:00:00Z,39.54
7112,GOOGLATMIV.U,2020-10-28T00:00:00Z,44.57
7113,GOOGLATMIV.U,2020-10-29T00:00:00Z,41.66
7114,GOOGLATMIV.U,2020-10-30T00:00:00Z,38.65
7115,GOOGLATMIV.U,2020-11-02T00:00:00Z,36.22
7116,GOOGLATMIV.U,2020-11-03T00:00:00Z,35.8
7117,GOOGLATMIV.U,2020-11-04T00:00:00Z,29.77
7118,GOOGLATMIV.U,2020-11-05T00:00:00Z,30.05
7119,GOOGLATMIV.U,2020-11-06T00:00:00Z,27.0
7120,GOOGLATMIV.U,2020-11-09T00:00:00Z,25.89
7121,GOOGLATMIV.U,2020-11-10T00:00:00Z,27.7
7122,GOOGLATMIV.U,2020-11-11T00:00:00Z,27.19
7123,GOOGLATMIV.U,2020-11-12T00:00:00Z,28.03
7124,GOOGLATMIV.U,2020-11-13T00:00:00Z,27.07
7125,GOOGLATMIV.U,2020-11-16T00:00:00Z,24.26
7126,GOOGLATMIV.U,2020-11-17T00:00:00Z,25.21
7127,GOOGLATMIV.U,2020-11-18T00:00:00Z,24.98
7128,GOOGLATMIV.U,2020-11-19T00:00:00Z,25.37
7129,GOOGLATMIV.U,2020-11-20T00:00:00Z,25.64
7130,GOOGLATMIV.U,2020-11-23T00:00:00Z,25.18
7131,GOOGLATMIV.U,2020-11-24T00:00:00Z,24.94
7132,GOOGLATMIV.U,2020-11-25T00:00:00Z,24.84
7133,GOOGLATMIV.U,2020-11-25T00:00:00Z,24.84
7134,GOOGLATMIV.U,2020-11-27T00:00:00Z,24.6
7135,GOOGLATMIV.U,2020-11-30T00:00:00Z,25.7
7136,GOOGLATMIV.U,2020-12-01T00:00:00Z,26.22
7137,GOOGLATMIV.U,2020-12-02T00:00:00Z,27.71
7138,GOOGLATMIV.U,2020-12-03T00:00:00Z,26.74
7139,GOOGLATMIV.U,2020-12-04T00:00:00Z,26.42
7140,GOOGLATMIV.U,2020-12-07T00:00:00Z,26.66
7141,GOOGLATMIV.U,2020-12-08T00:00:00Z,26.09
7142,GOOGLATMIV.U,2020-12-09T00:00:00Z,27.12
7143,GOOGLATMIV.U,2020-12-10T00:00:00Z,26.95
7144,GOOGLATMIV.U,2020-12-11T00:00:00Z,27.41
7145,GOOGLATMIV.U,2020-12-14T00:00:00Z,26.87
7146,GOOGLATMIV.U,2020-12-15T00:00:00Z,26.37
7147,GOOGLATMIV.U,2020-12-16T00:00:00Z,26.24
7148,GOOGLATMIV.U,2020-12-17T00:00:00Z,27.14
7149,GOOGLATMIV.U,2020-12-18T00:00:00Z,28.22
7150,GOOGLATMIV.U,2020-12-21T00:00:00Z,28.17
7151,GOOGLATMIV.U,2020-12-22T00:00:00Z,27.61
7152,GOOGLATMIV.U,2020-12-23T00:00:00Z,26.6
7153,GOOGLATMIV.U,2020-12-24T00:00:00Z,26.06
7154,GOOGLATMIV.U,2020-12-24T00:00:00Z,26.06
7155,GOOGLATMIV.U,2020-12-28T00:00:00Z,27.14
7156,GOOGLATMIV.U,2020-12-29T00:00:00Z,27.03
7157,GOOGLATMIV.U,2020-12-30T00:00:00Z,27.45
7158,GOOGLATMIV.U,2020-12-31T00:00:00Z,29.99
7159,GOOGLATMIV.U,2020-12-31T00:00:00Z,29.99
7160,GOOGLATMIV.U,2021-01-04T00:00:00Z,33.92
7161,GOOGLATMIV.U,2021-01-05T00:00:00Z,33.23
7162,GOOGLATMIV.U,2021-01-06T00:00:00Z,33.41
7163,GOOGLATMIV.U,2021-01-07T00:00:00Z,32.27
7164,GOOGLATMIV.U,2021-01-08T00:00:00Z,32.54
7165,GOOGLATMIV.U,2021-01-11T00:00:00Z,34.77
7166,GOOGLATMIV.U,2021-01-12T00:00:00Z,34.8
7167,GOOGLATMIV.U,2021-01-13T00:00:00Z,32.93
7168,GOOGLATMIV.U,2021-01-14T00:00:00Z,32.81
7169,GOOGLATMIV.U,2021-01-15T00:00:00Z,32.32
7170,GOOGLATMIV.U,2021-01-15T00:00:00Z,32.32
7171,GOOGLATMIV.U,2021-01-19T00:00:00Z,32.4
7172,GOOGLATMIV.U,2021-01-20T00:00:00Z,34.49
7173,GOOGLATMIV.U,2021-01-21T00:00:00Z,33.31
7174,GOOGLATMIV.U,2021-01-22T00:00:00Z,33.58
7175,GOOGLATMIV.U,2021-01-25T00:00:00Z,34.9
7176,GOOGLATMIV.U,2021-01-26T00:00:00Z,35.39
7177,GOOGLATMIV.U,2021-01-27T00:00:00Z,42.8
7178,GOOGLATMIV.U,2021-01-28T00:00:00Z,36.24
7179,GOOGLATMIV.U,2021-01-29T00:00:00Z,38.49
7180,GOOGLATMIV.U,2021-02-01T00:00:00Z,35.52
7181,GOOGLATMIV.U,2021-02-02T00:00:00Z,32.58
7182,GOOGLATMIV.U,2021-02-03T00:00:00Z,28.56
7183,GOOGLATMIV.U,2021-02-04T00:00:00Z,26.81
7184,GOOGLATMIV.U,2021-02-05T00:00:00Z,24.45
7185,GOOGLATMIV.U,2021-02-08T00:00:00Z,25.69
7186,GOOGLATMIV.U,2021-02-09T00:00:00Z,25.26
7187,GOOGLATMIV.U,2021-02-10T00:00:00Z,25.36
7188,GOOGLATMIV.U,2021-02-11T00:00:00Z,26.03
7189,GOOGLATMIV.U,2021-02-12T00:00:00Z,24.96
7190,GOOGLATMIV.U,2021-02-12T00:00:00Z,24.96
7191,GOOGLATMIV.U,2021-02-16T00:00:00Z,26.24
7192,GOOGLATMIV.U,2021-02-17T00:00:00Z,26.11
7193,GOOGLATMIV.U,2021-02-18T00:00:00Z,24.98
7194,GOOGLATMIV.U,2021-02-19T00:00:00Z,24.51
7195,GOOGLATMIV.U,2021-02-22T00:00:00Z,26.85
7196,GOOGLATMIV.U,2021-02-23T00:00:00Z,26.65
7197,GOOGLATMIV.U,2021-02-24T00:00:00Z,26.85
7198,GOOGLATMIV.U,2021-02-25T00:00:00Z,32.74
7199,GOOGLATMIV.U,2021-02-26T00:00:00Z,29.92
7200,GOOGLATMIV.U,2021-03-01T00:00:00Z,26.1
7201,GOOGLATMIV.U,2021-03-02T00:00:00Z,26.32
7202,GOOGLATMIV.U,2021-03-03T00:00:00Z,29.13
7203,GOOGLATMIV.U,2021-03-04T00:00:00Z,31.63
7204,GOOGLATMIV.U,2021-03-05T00:00:00Z,28.43
7205,GOOGLATMIV.U,2021-03-08T00:00:00Z,32.43
7206,GOOGLATMIV.U,2021-03-09T00:00:00Z,28.17
7207,GOOGLATMIV.U,2021-03-10T00:00:00Z,28.54
7208,GOOGLATMIV.U,2021-03-11T00:00:00Z,26.81
7209,GOOGLATMIV.U,2021-03-12T00:00:00Z,27.67
7210,GOOGLATMIV.U,2021-03-15T00:00:00Z,27.02
7211,GOOGLATMIV.U,2021-03-16T00:00:00Z,25.89
7212,GOOGLATMIV.U,2021-03-17T00:00:00Z,25.63
7213,GOOGLATMIV.U,2021-03-18T00:00:00Z,29.69
7214,GOOGLATMIV.U,2021-03-19T00:00:00Z,26.78
7215,GOOGLATMIV.U,2021-03-22T00:00:00Z,24.87
7216,GOOGLATMIV.U,2021-03-23T00:00:00Z,24.36
7217,GOOGLATMIV.U,2021-03-24T00:00:00Z,25.81
7218,GOOGLATMIV.U,2021-03-25T00:00:00Z,29.01
7219,GOOGLATMIV.U,2021-03-26T00:00:00Z,27.87
7220,GOOGLATMIV.U,2021-03-29T00:00:00Z,30.41
7221,GOOGLATMIV.U,2021-03-30T00:00:00Z,30.17
7222,GOOGLATMIV.U,2021-03-31T00:00:00Z,30.0
7223,GOOGLATMIV.U,2021-04-01T00:00:00Z,29.34
7224,GOOGLATMIV.U,2021-04-01T00:00:00Z,29.34
7225,GOOGLATMIV.U,2021-04-05T00:00:00Z,30.48
7226,GOOGLATMIV.U,2021-04-06T00:00:00Z,28.94
7227,GOOGLATMIV.U,2021-04-07T00:00:00Z,28.71
7228,GOOGLATMIV.U,2021-04-08T00:00:00Z,28.44
7229,GOOGLATMIV.U,2021-04-09T00:00:00Z,29.09
7230,GOOGLATMIV.U,2021-04-12T00:00:00Z,29.09
7231,GOOGLATMIV.U,2021-04-13T00:00:00Z,29.18
7232,GOOGLATMIV.U,2021-04-14T00:00:00Z,29.03
7233,GOOGLATMIV.U,2021-04-15T00:00:00Z,28.9
7234,GOOGLATMIV.U,2021-04-16T00:00:00Z,27.4
7235,GOOGLATMIV.U,2021-04-19T00:00:00Z,29.45
7236,GOOGLATMIV.U,2021-04-20T00:00:00Z,31.15
7237,GOOGLATMIV.U,2021-04-21T00:00:00Z,30.04
7238,GOOGLATMIV.U,2021-04-22T00:00:00Z,29.81
7239,GOOGLATMIV.U,2021-04-23T00:00:00Z,27.71
7240,GOOGLATMIV.U,2021-04-26T00:00:00Z,27.05
7241,GOOGLATMIV.U,2021-04-27T00:00:00Z,26.98
7242,GOOGLATMIV.U,2021-04-28T00:00:00Z,21.27
7243,GOOGLATMIV.U,2021-04-29T00:00:00Z,20.9
7244,GOOGLATMIV.U,2021-04-30T00:00:00Z,20.34
7245,GOOGLATMIV.U,2021-05-03T00:00:00Z,21.29
7246,GOOGLATMIV.U,2021-05-04T00:00:00Z,22.92
7247,GOOGLATMIV.U,2021-05-05T00:00:00Z,21.06
7248,GOOGLATMIV.U,2021-05-06T00:00:00Z,21.51
7249,GOOGLATMIV.U,2021-05-07T00:00:00Z,20.38
7250,GOOGLATMIV.U,2021-05-10T00:00:00Z,22.68
7251,GOOGLATMIV.U,2021-05-11T00:00:00Z,24.61
7252,GOOGLATMIV.U,2021-05-12T00:00:00Z,29.87
7253,GOOGLATMIV.U,2021-05-13T00:00:00Z,25.62
7254,GOOGLATMIV.U,2021-05-14T00:00:00Z,22.3
7255,GOOGLATMIV.U,2021-05-17T00:00:00Z,23.59
7256,GOOGLATMIV.U,2021-05-18T00:00:00Z,23.79
7257,GOOGLATMIV.U,2021-05-19T00:00:00Z,24.69
7258,GOOGLATMIV.U,2021-05-20T00:00:00Z,22.65
7259,GOOGLATMIV.U,2021-05-21T00:00:00Z,21.89
7260,GOOGLATMIV.U,2021-05-24T00:00:00Z,20.76
7261,GOOGLATMIV.U,2021-05-25T00:00:00Z,21.55
7262,GOOGLATMIV.U,2021-05-26T00:00:00Z,20.71
7263,GOOGLATMIV.U,2021-05-27T00:00:00Z,20.89
7264,GOOGLATMIV.U,2021-05-28T00:00:00Z,20.28
7265,GOOGLATMIV.U,2021-05-28T00:00:00Z,20.28
7266,GOOGLATMIV.U,2021-06-01T00:00:00Z,21.87
7267,GOOGLATMIV.U,2021-06-02T00:00:00Z,21.6
7268,GOOGLATMIV.U,2021-06-03T00:00:00Z,21.95
7269,GOOGLATMIV.U,2021-06-04T00:00:00Z,20.8
7270,GOOGLATMIV.U,2021-06-07T00:00:00Z,21.29
7271,GOOGLATMIV.U,2021-06-08T00:00:00Z,20.58
7272,GOOGLATMIV.U,2021-06-09T00:00:00Z,20.87
7273,GOOGLATMIV.U,2021-06-10T00:00:00Z,19.95
7274,GOOGLATMIV.U,2021-06-11T00:00:00Z,18.39
7275,GOOGLATMIV.U,2021-06-14T00:00:00Z,19.04
7276,GOOGLATMIV.U,2021-06-15T00:00:00Z,18.88
7277,GOOGLATMIV.U,2021-06-16T00:00:00Z,19.87
7278,GOOGLATMIV.U,2021-06-17T00:00:00Z,19.68
7279,GOOGLATMIV.U,2021-06-18T00:00:00Z,20.46
7280,GOOGLATMIV.U,2021-06-21T00:00:00Z,19.34
7281,GOOGLATMIV.U,2021-06-22T00:00:00Z,19.11
7282,GOOGLATMIV.U,2021-06-23T00:00:00Z,18.58
7283,GOOGLATMIV.U,2021-06-24T00:00:00Z,21.2
7284,GOOGLATMIV.U,2021-06-25T00:00:00Z,21.33
7285,GOOGLATMIV.U,2021-06-28T00:00:00Z,23.73
7286,GOOGLATMIV.U,2021-06-29T00:00:00Z,24.54
7287,GOOGLATMIV.U,2021-06-30T00:00:00Z,24.88
7288,GOOGLATMIV.U,2021-07-01T00:00:00Z,24.69
7289,GOOGLATMIV.U,2021-07-02T00:00:00Z,24.31
7290,GOOGLATMIV.U,2021-07-02T00:00:00Z,24.31
7291,GOOGLATMIV.U,2021-07-06T00:00:00Z,26.28
7292,GOOGLATMIV.U,2021-07-07T00:00:00Z,26.17
7293,GOOGLATMIV.U,2021-07-08T00:00:00Z,26.45
7294,GOOGLATMIV.U,2021-07-09T00:00:00Z,25.06
7295,GOOGLATMIV.U,2021-07-12T00:00:00Z,24.76
7296,GOOGLATMIV.U,2021-07-13T00:00:00Z,25.28
7297,GOOGLATMIV.U,2021-07-14T00:00:00Z,25.02
7298,GOOGLATMIV.U,2021-07-15T00:00:00Z,24.63
7299,GOOGLATMIV.U,2021-07-16T00:00:00Z,24.5
7300,GOOGLATMIV.U,2021-07-19T00:00:00Z,27.5
7301,GOOGLATMIV.U,2021-07-20T00:00:00Z,25.16
7302,GOOGLATMIV.U,2021-07-21T00:00:00Z,24.5
7303,GOOGLATMIV.U,2021-07-22T00:00:00Z,24.19
7304,GOOGLATMIV.U,2021-07-23T00:00:00Z,24.33
7305,GOOGLATMIV.U,2021-07-26T00:00:00Z,25.43
7306,GOOGLATMIV.U,2021-07-27T00:00:00Z,26.09
7307,GOOGLATMIV.U,2021-07-28T00:00:00Z,19.39
7308,GOOGLATMIV.U,2021-07-29T00:00:00Z,18.42
7309,GOOGLATMIV.U,2021-07-30T00:00:00Z,18.68
7310,GOOGLATMIV.U,2021-08-02T00:00:00Z,18.51
7311,GOOGLATMIV.U,2021-08-03T00:00:00Z,19.41
7312,GOOGLATMIV.U,2021-08-04T00:00:00Z,19.12
7313,GOOGLATMIV.U,2021-08-05T00:00:00Z,18.6
7314,GOOGLATMIV.U,2021-08-06T00:00:00Z,18.09
7315,GOOGLATMIV.U,2021-08-09T00:00:00Z,17.83
7316,GOOGLATMIV.U,2021-08-10T00:00:00Z,17.84
7317,GOOGLATMIV.U,2021-08-11T00:00:00Z,17.74
7318,GOOGLATMIV.U,2021-08-12T00:00:00Z,18.12
7319,GOOGLATMIV.U,2021-08-13T00:00:00Z,16.84
7320,GOOGLATMIV.U,2021-08-16T00:00:00Z,18.92
7321,GOOGLATMIV.U,2021-08-17T00:00:00Z,19.77
7322,GOOGLATMIV.U,2021-08-18T00:00:00Z,19.08
7323,GOOGLATMIV.U,2021-08-19T00:00:00Z,19.69
7324,GOOGLATMIV.U,2021-08-20T00:00:00Z,18.23
7325,GOOGLATMIV.U,2021-08-23T00:00:00Z,18.26
7326,GOOGLATMIV.U,2021-08-24T00:00:00Z,17.77
7327,GOOGLATMIV.U,2021-08-25T00:00:00Z,17.39
7328,GOOGLATMIV.U,2021-08-26T00:00:00Z,18.32
7329,GOOGLATMIV.U,2021-08-27T00:00:00Z,17.34
7330,GOOGLATMIV.U,2021-08-30T00:00:00Z,17.29
7331,GOOGLATMIV.U,2021-08-31T00:00:00Z,17.6
7332,GOOGLATMIV.U,2021-09-01T00:00:00Z,17.21
7333,GOOGLATMIV.U,2021-09-02T00:00:00Z,17.61
7334,GOOGLATMIV.U,2021-09-03T00:00:00Z,17.02
7335,GOOGLATMIV.U,2021-09-03T00:00:00Z,17.02
7336,GOOGLATMIV.U,2021-09-07T00:00:00Z,18.2
7337,GOOGLATMIV.U,2021-09-08T00:00:00Z,18.07
7338,GOOGLATMIV.U,2021-09-09T00:00:00Z,18.46
7339,GOOGLATMIV.U,2021-09-10T00:00:00Z,19.52
7340,GOOGLATMIV.U,2021-09-13T00:00:00Z,19.09
7341,GOOGLATMIV.U,2021-09-14T00:00:00Z,19.25
7342,GOOGLATMIV.U,2021-09-15T00:00:00Z,17.85
7343,GOOGLATMIV.U,2021-09-16T00:00:00Z,18.68
7344,GOOGLATMIV.U,2021-09-17T00:00:00Z,21.02
7345,GOOGLATMIV.U,2021-09-20T00:00:00Z,25.72
7346,GOOGLATMIV.U,2021-09-21T00:00:00Z,25.05
7347,GOOGLATMIV.U,2021-09-22T00:00:00Z,22.97
7348,GOOGLATMIV.U,2021-09-23T00:00:00Z,23.37
7349,GOOGLATMIV.U,2021-09-24T00:00:00Z,21.99
7350,GOOGLATMIV.U,2021-09-27T00:00:00Z,24.58
7351,GOOGLATMIV.U,2021-09-28T00:00:00Z,30.15
7352,GOOGLATMIV.U,2021-09-29T00:00:00Z,31.02
7353,GOOGLATMIV.U,2021-09-30T00:00:00Z,31.89
7354,GOOGLATMIV.U,2021-10-01T00:00:00Z,29.35
7355,GOOGLATMIV.U,2021-10-04T00:00:00Z,32.57
7356,GOOGLATMIV.U,2021-10-05T00:00:00Z,30.41
7357,GOOGLATMIV.U,2021-10-06T00:00:00Z,29.84
7358,GOOGLATMIV.U,2021-10-07T00:00:00Z,27.58
7359,GOOGLATMIV.U,2021-10-08T00:00:00Z,27.4
7360,GOOGLATMIV.U,2021-10-11T00:00:00Z,28.13
7361,GOOGLATMIV.U,2021-10-12T00:00:00Z,29.46
7362,GOOGLATMIV.U,2021-10-13T00:00:00Z,27.38
7363,GOOGLATMIV.U,2021-10-14T00:00:00Z,24.52
7364,GOOGLATMIV.U,2021-10-15T00:00:00Z,23.44
7365,GOOGLATMIV.U,2021-10-18T00:00:00Z,23.76
7366,GOOGLATMIV.U,2021-10-19T00:00:00Z,23.44
7367,GOOGLATMIV.U,2021-10-20T00:00:00Z,24.42
7368,GOOGLATMIV.U,2021-10-21T00:00:00Z,24.31
7369,GOOGLATMIV.U,2021-10-22T00:00:00Z,25.68
7370,GOOGLATMIV.U,2021-10-25T00:00:00Z,25.46
7371,GOOGLATMIV.U,2021-10-26T00:00:00Z,24.0
7372,GOOGLATMIV.U,2021-10-27T00:00:00Z,18.99
7373,GOOGLATMIV.U,2021-10-28T00:00:00Z,20.21
7374,GOOGLATMIV.U,2021-10-29T00:00:00Z,21.19
7375,GOOGLATMIV.U,2021-11-01T00:00:00Z,21.89
7376,GOOGLATMIV.U,2021-11-02T00:00:00Z,21.42
7377,GOOGLATMIV.U,2021-11-03T00:00:00Z,21.5
7378,GOOGLATMIV.U,2021-11-04T00:00:00Z,23.15
7379,GOOGLATMIV.U,2021-11-05T00:00:00Z,23.86
7380,GOOGLATMIV.U,2021-11-08T00:00:00Z,23.02
7381,GOOGLATMIV.U,2021-11-09T00:00:00Z,22.81
7382,GOOGLATMIV.U,2021-11-10T00:00:00Z,22.9
7383,GOOGLATMIV.U,2021-11-11T00:00:00Z,21.29
7384,GOOGLATMIV.U,2021-11-12T00:00:00Z,21.44
7385,GOOGLATMIV.U,2021-11-15T00:00:00Z,21.38
7386,GOOGLATMIV.U,2021-11-16T00:00:00Z,20.4
7387,GOOGLATMIV.U,2021-11-17T00:00:00Z,20.49
7388,GOOGLATMIV.U,2021-11-18T00:00:00Z,21.67
7389,GOOGLATMIV.U,2021-11-19T00:00:00Z,21.14
7390,GOOGLATMIV.U,2021-11-22T00:00:00Z,22.28
7391,GOOGLATMIV.U,2021-11-23T00:00:00Z,22.9
7392,GOOGLATMIV.U,2021-11-24T00:00:00Z,22.8
7393,GOOGLATMIV.U,2021-11-24T00:00:00Z,22.8
7394,GOOGLATMIV.U,2021-11-26T00:00:00Z,28.13
7395,GOOGLATMIV.U,2021-11-29T00:00:00Z,24.21
7396,GOOGLATMIV.U,2021-11-30T00:00:00Z,27.63
7397,GOOGLATMIV.U,2021-12-01T00:00:00Z,29.82
7398,GOOGLATMIV.U,2021-12-02T00:00:00Z,28.24
7399,GOOGLATMIV.U,2021-12-03T00:00:00Z,31.14
7400,GOOGLATMIV.U,2021-12-06T00:00:00Z,28.13
7401,GOOGLATMIV.U,2021-12-07T00:00:00Z,23.1
7402,GOOGLATMIV.U,2021-12-08T00:00:00Z,22.28
7403,GOOGLATMIV.U,2021-12-09T00:00:00Z,24.14
7404,GOOGLATMIV.U,2021-12-10T00:00:00Z,22.05
7405,GOOGLATMIV.U,2021-12-13T00:00:00Z,23.35
7406,GOOGLATMIV.U,2021-12-14T00:00:00Z,25.18
7407,GOOGLATMIV.U,2021-12-15T00:00:00Z,23.36
7408,GOOGLATMIV.U,2021-12-16T00:00:00Z,24.84
7409,GOOGLATMIV.U,2021-12-17T00:00:00Z,26.18
7410,GOOGLATMIV.U,2021-12-20T00:00:00Z,26.3
7411,GOOGLATMIV.U,2021-12-21T00:00:00Z,24.02
7412,GOOGLATMIV.U,2021-12-22T00:00:00Z,21.41
7413,GOOGLATMIV.U,2021-12-23T00:00:00Z,21.46
7414,GOOGLATMIV.U,2021-12-23T00:00:00Z,21.46
7415,GOOGLATMIV.U,2021-12-27T00:00:00Z,21.9
7416,GOOGLATMIV.U,2021-12-28T00:00:00Z,21.59
7417,GOOGLATMIV.U,2021-12-29T00:00:00Z,20.71
7418,GOOGLATMIV.U,2021-12-30T00:00:00Z,24.02
7419,GOOGLATMIV.U,2021-12-31T00:00:00Z,23.25
7420,GOOGLATMIV.U,2022-01-03T00:00:00Z,25.51
7421,GOOGLATMIV.U,2022-01-04T00:00:00Z,26.6
7422,GOOGLATMIV.U,2022-01-05T00:00:00Z,32.33
7423,GOOGLATMIV.U,2022-01-06T00:00:00Z,30.02
7424,GOOGLATMIV.U,2022-01-07T00:00:00Z,29.72
7425,GOOGLATMIV.U,2022-01-10T00:00:00Z,30.62
7426,GOOGLATMIV.U,2022-01-11T00:00:00Z,28.59
7427,GOOGLATMIV.U,2022-01-12T00:00:00Z,27.9
7428,GOOGLATMIV.U,2022-01-13T00:00:00Z,29.76
7429,GOOGLATMIV.U,2022-01-14T00:00:00Z,28.91
7430,GOOGLATMIV.U,2022-01-14T00:00:00Z,28.91
7431,GOOGLATMIV.U,2022-01-18T00:00:00Z,32.67
7432,GOOGLATMIV.U,2022-01-19T00:00:00Z,32.39
7433,GOOGLATMIV.U,2022-01-20T00:00:00Z,31.82
7434,GOOGLATMIV.U,2022-01-21T00:00:00Z,36.82
7435,GOOGLATMIV.U,2022-01-24T00:00:00Z,38.13
7436,GOOGLATMIV.U,2022-01-25T00:00:00Z,40.68
7437,GOOGLATMIV.U,2022-01-26T00:00:00Z,38.5
7438,GOOGLATMIV.U,2022-01-27T00:00:00Z,39.32
7439,GOOGLATMIV.U,2022-01-28T00:00:00Z,35.54
7440,GOOGLATMIV.U,2022-01-31T00:00:00Z,34.08
7441,GOOGLATMIV.U,2022-02-01T00:00:00Z,33.01
7442,GOOGLATMIV.U,2022-02-02T00:00:00Z,25.8
7443,GOOGLATMIV.U,2022-02-03T00:00:00Z,31.21
7444,GOOGLATMIV.U,2022-02-04T00:00:00Z,26.62
7445,GOOGLATMIV.U,2022-02-07T00:00:00Z,28.85
7446,GOOGLATMIV.U,2022-02-08T00:00:00Z,26.98
7447,GOOGLATMIV.U,2022-02-09T00:00:00Z,25.28
7448,GOOGLATMIV.U,2022-02-10T00:00:00Z,27.32
7449,GOOGLATMIV.U,2022-02-11T00:00:00Z,30.6
7450,GOOGLATMIV.U,2022-02-14T00:00:00Z,31.1
7451,GOOGLATMIV.U,2022-02-15T00:00:00Z,27.91
7452,GOOGLATMIV.U,2022-02-16T00:00:00Z,26.91
7453,GOOGLATMIV.U,2022-02-17T00:00:00Z,31.9
7454,GOOGLATMIV.U,2022-02-18T00:00:00Z,31.96
7455,GOOGLATMIV.U,2022-02-18T00:00:00Z,31.96
7456,GOOGLATMIV.U,2022-02-22T00:00:00Z,32.63
7457,GOOGLATMIV.U,2022-02-23T00:00:00Z,34.84
7458,GOOGLATMIV.U,2022-02-24T00:00:00Z,32.35
7459,GOOGLATMIV.U,2022-02-25T00:00:00Z,29.59
7460,GOOGLATMIV.U,2022-02-28T00:00:00Z,31.64
7461,GOOGLATMIV.U,2022-03-01T00:00:00Z,34.47
7462,GOOGLATMIV.U,2022-03-02T00:00:00Z,32.01
7463,GOOGLATMIV.U,2022-03-03T00:00:00Z,32.21
7464,GOOGLATMIV.U,2022-03-04T00:00:00Z,33.68
7465,GOOGLATMIV.U,2022-03-07T00:00:00Z,38.93
7466,GOOGLATMIV.U,2022-03-08T00:00:00Z,37.54
7467,GOOGLATMIV.U,2022-03-09T00:00:00Z,34.1
7468,GOOGLATMIV.U,2022-03-10T00:00:00Z,33.81
7469,GOOGLATMIV.U,2022-03-11T00:00:00Z,34.22
7470,GOOGLATMIV.U,2022-03-14T00:00:00Z,37.25
7471,GOOGLATMIV.U,2022-03-15T00:00:00Z,34.54
7472,GOOGLATMIV.U,2022-03-16T00:00:00Z,30.22
7473,GOOGLATMIV.U,2022-03-17T00:00:00Z,28.3
7474,GOOGLATMIV.U,2022-03-18T00:00:00Z,25.96
7475,GOOGLATMIV.U,2022-03-21T00:00:00Z,26.44
7476,GOOGLATMIV.U,2022-03-22T00:00:00Z,25.28
7477,GOOGLATMIV.U,2022-03-23T00:00:00Z,26.91
7478,GOOGLATMIV.U,2022-03-24T00:00:00Z,27.43
7479,GOOGLATMIV.U,2022-03-25T00:00:00Z,26.46
7480,GOOGLATMIV.U,2022-03-28T00:00:00Z,28.38
7481,GOOGLATMIV.U,2022-03-29T00:00:00Z,27.73
7482,GOOGLATMIV.U,2022-03-30T00:00:00Z,28.95
7483,GOOGLATMIV.U,2022-03-31T00:00:00Z,30.7
7484,GOOGLATMIV.U,2022-04-01T00:00:00Z,29.69
7485,GOOGLATMIV.U,2022-04-04T00:00:00Z,28.36
7486,GOOGLATMIV.U,2022-04-05T00:00:00Z,30.65
7487,GOOGLATMIV.U,2022-04-06T00:00:00Z,32.48
7488,GOOGLATMIV.U,2022-04-07T00:00:00Z,32.46
7489,GOOGLATMIV.U,2022-04-08T00:00:00Z,33.03
7490,GOOGLATMIV.U,2022-04-11T00:00:00Z,36.03
7491,GOOGLATMIV.U,2022-04-12T00:00:00Z,35.67
7492,GOOGLATMIV.U,2022-04-13T00:00:00Z,32.81
7493,GOOGLATMIV.U,2022-04-14T00:00:00Z,33.69
7494,GOOGLATMIV.U,2022-04-14T00:00:00Z,33.69
7495,GOOGLATMIV.U,2022-04-18T00:00:00Z,34.69
7496,GOOGLATMIV.U,2022-04-19T00:00:00Z,33.99
7497,GOOGLATMIV.U,2022-04-20T00:00:00Z,36.11
7498,GOOGLATMIV.U,2022-04-21T00:00:00Z,39.05
7499,GOOGLATMIV.U,2022-04-22T00:00:00Z,45.99
7500,GOOGLATMIV.U,2022-04-25T00:00:00Z,45.15
7501,GOOGLATMIV.U,2022-04-26T00:00:00Z,49.63
7502,GOOGLATMIV.U,2022-04-27T00:00:00Z,37.85
7503,GOOGLATMIV.U,2022-04-28T00:00:00Z,33.19
7504,GOOGLATMIV.U,2022-04-29T00:00:00Z,37.73
7505,GOOGLATMIV.U,2022-05-02T00:00:00Z,36.33
7506,GOOGLATMIV.U,2022-05-03T00:00:00Z,34.87
7507,GOOGLATMIV.U,2022-05-04T00:00:00Z,30.71
7508,GOOGLATMIV.U,2022-05-05T00:00:00Z,38.64
7509,GOOGLATMIV.U,2022-05-06T00:00:00Z,37.21
7510,GOOGLATMIV.U,2022-05-09T00:00:00Z,41.99
7511,GOOGLATMIV.U,2022-05-10T00:00:00Z,39.88
7512,GOOGLATMIV.U,2022-05-11T00:00:00Z,41.85
7513,GOOGLATMIV.U,2022-05-12T00:00:00Z,41.51
7514,GOOGLATMIV.U,2022-05-13T00:00:00Z,36.81
7515,GOOGLATMIV.U,2022-05-16T00:00:00Z,35.08
7516,GOOGLATMIV.U,2022-05-17T00:00:00Z,31.29
7517,GOOGLATMIV.U,2022-05-18T00:00:00Z,37.96
7518,GOOGLATMIV.U,2022-05-19T00:00:00Z,34.65
7519,GOOGLATMIV.U,2022-05-20T00:00:00Z,34.38
7520,GOOGLATMIV.U,2022-05-23T00:00:00Z,33.37
7521,GOOGLATMIV.U,2022-05-24T00:00:00Z,37.76
7522,GOOGLATMIV.U,2022-05-25T00:00:00Z,36.55
7523,GOOGLATMIV.U,2022-05-26T00:00:00Z,33.33
7524,GOOGLATMIV.U,2022-05-27T00:00:00Z,32.0
7525,GOOGLATMIV.U,2022-05-27T00:00:00Z,32.0
7526,GOOGLATMIV.U,2022-05-31T00:00:00Z,34.01
7527,GOOGLATMIV.U,2022-06-01T00:00:00Z,33.62
7528,GOOGLATMIV.U,2022-06-02T00:00:00Z,31.72
7529,GOOGLATMIV.U,2022-06-03T00:00:00Z,32.76
7530,GOOGLATMIV.U,2022-06-06T00:00:00Z,32.82
7531,GOOGLATMIV.U,2022-06-07T00:00:00Z,31.48
7532,GOOGLATMIV.U,2022-06-08T00:00:00Z,30.83
7533,GOOGLATMIV.U,2022-06-09T00:00:00Z,34.07
7534,GOOGLATMIV.U,2022-06-10T00:00:00Z,36.1
7535,GOOGLATMIV.U,2022-06-13T00:00:00Z,41.69
7536,GOOGLATMIV.U,2022-06-14T00:00:00Z,39.52
7537,GOOGLATMIV.U,2022-06-15T00:00:00Z,36.46
7538,GOOGLATMIV.U,2022-06-16T00:00:00Z,40.34
7539,GOOGLATMIV.U,2022-06-17T00:00:00Z,38.28
7540,GOOGLATMIV.U,2022-06-17T00:00:00Z,38.28
7541,GOOGLATMIV.U,2022-06-21T00:00:00Z,38.31
7542,GOOGLATMIV.U,2022-06-22T00:00:00Z,39.2
7543,GOOGLATMIV.U,2022-06-23T00:00:00Z,40.61
7544,GOOGLATMIV.U,2022-06-24T00:00:00Z,38.71
7545,GOOGLATMIV.U,2022-06-27T00:00:00Z,41.25
7546,GOOGLATMIV.U,2022-06-28T00:00:00Z,43.5
7547,GOOGLATMIV.U,2022-06-29T00:00:00Z,44.01
7548,GOOGLATMIV.U,2022-06-30T00:00:00Z,45.48
7549,GOOGLATMIV.U,2022-07-01T00:00:00Z,44.54
7550,GOOGLATMIV.U,2022-07-01T00:00:00Z,44.54
7551,GOOGLATMIV.U,2022-07-05T00:00:00Z,45.2
7552,GOOGLATMIV.U,2022-07-06T00:00:00Z,44.64
7553,GOOGLATMIV.U,2022-07-07T00:00:00Z,42.89
7554,GOOGLATMIV.U,2022-07-08T00:00:00Z,41.45
7555,GOOGLATMIV.U,2022-07-11T00:00:00Z,43.27
7556,GOOGLATMIV.U,2022-07-12T00:00:00Z,43.72
7557,GOOGLATMIV.U,2022-07-13T00:00:00Z,43.37
7558,GOOGLATMIV.U,2022-07-14T00:00:00Z,42.4
7559,GOOGLATMIV.U,2022-07-15T00:00:00Z,40.92
7560,GOOGLATMIV.U,2022-07-18T00:00:00Z,41.31
7561,GOOGLATMIV.U,2022-07-19T00:00:00Z,38.99
7562,GOOGLATMIV.U,2022-07-20T00:00:00Z,38.65
7563,GOOGLATMIV.U,2022-07-21T00:00:00Z,38.45
7564,GOOGLATMIV.U,2022-07-22T00:00:00Z,41.68
7565,GOOGLATMIV.U,2022-07-25T00:00:00Z,42.73
7566,GOOGLATMIV.U,2022-07-26T00:00:00Z,45.42
7567,GOOGLATMIV.U,2022-07-27T00:00:00Z,30.54
7568,GOOGLATMIV.U,2022-07-28T00:00:00Z,28.6
7569,GOOGLATMIV.U,2022-07-29T00:00:00Z,28.0
7570,GOOGLATMIV.U,2022-08-01T00:00:00Z,29.83
7571,GOOGLATMIV.U,2022-08-02T00:00:00Z,29.73
7572,GOOGLATMIV.U,2022-08-03T00:00:00Z,27.87
7573,GOOGLATMIV.U,2022-08-04T00:00:00Z,27.93
7574,GOOGLATMIV.U,2022-08-05T00:00:00Z,27.0
7575,GOOGLATMIV.U,2022-08-08T00:00:00Z,27.15
7576,GOOGLATMIV.U,2022-08-09T00:00:00Z,29.09
7577,GOOGLATMIV.U,2022-08-10T00:00:00Z,26.13
7578,GOOGLATMIV.U,2022-08-11T00:00:00Z,26.04
7579,GOOGLATMIV.U,2022-08-12T00:00:00Z,24.79
7580,GOOGLATMIV.U,2022-08-15T00:00:00Z,25.09
7581,GOOGLATMIV.U,2022-08-16T00:00:00Z,25.01
7582,GOOGLATMIV.U,2022-08-17T00:00:00Z,25.97
7583,GOOGLATMIV.U,2022-08-18T00:00:00Z,26.76
7584,GOOGLATMIV.U,2022-08-19T00:00:00Z,27.46
7585,GOOGLATMIV.U,2022-08-22T00:00:00Z,31.08
7586,GOOGLATMIV.U,2022-08-23T00:00:00Z,31.24
7587,GOOGLATMIV.U,2022-08-24T00:00:00Z,30.69
7588,GOOGLATMIV.U,2022-08-25T00:00:00Z,29.14
7589,GOOGLATMIV.U,2022-08-26T00:00:00Z,33.42
7590,GOOGLATMIV.U,2022-08-29T00:00:00Z,34.26
7591,GOOGLATMIV.U,2022-08-30T00:00:00Z,34.52
7592,GOOGLATMIV.U,2022-08-31T00:00:00Z,34.25
7593,GOOGLATMIV.U,2022-09-01T00:00:00Z,33.68
7594,GOOGLATMIV.U,2022-09-02T00:00:00Z,33.97
7595,GOOGLATMIV.U,2022-09-02T00:00:00Z,33.97
7596,GOOGLATMIV.U,2022-09-06T00:00:00Z,35.48
7597,GOOGLATMIV.U,2022-09-07T00:00:00Z,33.17
7598,GOOGLATMIV.U,2022-09-08T00:00:00Z,32.3
7599,GOOGLATMIV.U,2022-09-09T00:00:00Z,29.66
7600,GOOGLATMIV.U,2022-09-12T00:00:00Z,30.67
7601,GOOGLATMIV.U,2022-09-13T00:00:00Z,34.42
7602,GOOGLATMIV.U,2022-09-14T00:00:00Z,33.55
7603,GOOGLATMIV.U,2022-09-15T00:00:00Z,34.28
7604,GOOGLATMIV.U,2022-09-16T00:00:00Z,34.44
7605,GOOGLATMIV.U,2022-09-19T00:00:00Z,33.32
7606,GOOGLATMIV.U,2022-09-20T00:00:00Z,35.26
7607,GOOGLATMIV.U,2022-09-21T00:00:00Z,36.3
7608,GOOGLATMIV.U,2022-09-22T00:00:00Z,37.8
7609,GOOGLATMIV.U,2022-09-23T00:00:00Z,38.95
7610,GOOGLATMIV.U,2022-09-26T00:00:00Z,42.22
7611,GOOGLATMIV.U,2022-09-27T00:00:00Z,43.56
7612,GOOGLATMIV.U,2022-09-28T00:00:00Z,41.55
7613,GOOGLATMIV.U,2022-09-29T00:00:00Z,44.24
7614,GOOGLATMIV.U,2022-09-30T00:00:00Z,43.81
7615,GOOGLATMIV.U,2022-10-03T00:00:00Z,41.68
7616,GOOGLATMIV.U,2022-10-04T00:00:00Z,39.78
7617,GOOGLATMIV.U,2022-10-05T00:00:00Z,40.95
7618,GOOGLATMIV.U,2022-10-06T00:00:00Z,42.14
7619,GOOGLATMIV.U,2022-10-07T00:00:00Z,43.2
7620,GOOGLATMIV.U,2022-10-10T00:00:00Z,44.99
7621,GOOGLATMIV.U,2022-10-11T00:00:00Z,46.15
7622,GOOGLATMIV.U,2022-10-12T00:00:00Z,45.39
7623,GOOGLATMIV.U,2022-10-13T00:00:00Z,43.43
7624,GOOGLATMIV.U,2022-10-14T00:00:00Z,46.39
7625,GOOGLATMIV.U,2022-10-17T00:00:00Z,43.2
7626,GOOGLATMIV.U,2022-10-18T00:00:00Z,43.16
7627,GOOGLATMIV.U,2022-10-19T00:00:00Z,43.07
7628,GOOGLATMIV.U,2022-10-20T00:00:00Z,42.57
7629,GOOGLATMIV.U,2022-10-21T00:00:00Z,42.35
7630,GOOGLATMIV.U,2022-10-24T00:00:00Z,41.99
7631,GOOGLATMIV.U,2022-10-25T00:00:00Z,41.37
7632,GOOGLATMIV.U,2022-10-26T00:00:00Z,34.6
7633,GOOGLATMIV.U,2022-10-27T00:00:00Z,35.71
7634,GOOGLATMIV.U,2022-10-28T00:00:00Z,32.17
7635,GOOGLATMIV.U,2022-10-31T00:00:00Z,33.36
7636,GOOGLATMIV.U,2022-11-01T00:00:00Z,34.95
7637,GOOGLATMIV.U,2022-11-02T00:00:00Z,35.49
7638,GOOGLATMIV.U,2022-11-03T00:00:00Z,37.14
7639,GOOGLATMIV.U,2022-11-04T00:00:00Z,33.69
7640,GOOGLATMIV.U,2022-11-07T00:00:00Z,33.2
7641,GOOGLATMIV.U,2022-11-08T00:00:00Z,33.75
7642,GOOGLATMIV.U,2022-11-09T00:00:00Z,35.82
7643,GOOGLATMIV.U,2022-11-10T00:00:00Z,32.29
7644,GOOGLATMIV.U,2022-11-11T00:00:00Z,31.09
7645,GOOGLATMIV.U,2022-11-14T00:00:00Z,31.77
7646,GOOGLATMIV.U,2022-11-15T00:00:00Z,32.06
7647,GOOGLATMIV.U,2022-11-16T00:00:00Z,31.71
7648,GOOGLATMIV.U,2022-11-17T00:00:00Z,31.64
7649,GOOGLATMIV.U,2022-11-18T00:00:00Z,31.23
7650,GOOGLATMIV.U,2022-11-21T00:00:00Z,30.98
7651,GOOGLATMIV.U,2022-11-22T00:00:00Z,29.54
7652,GOOGLATMIV.U,2022-11-23T00:00:00Z,29.78
7653,GOOGLATMIV.U,2022-11-23T00:00:00Z,29.78
7654,GOOGLATMIV.U,2022-11-25T00:00:00Z,29.51
7655,GOOGLATMIV.U,2022-11-28T00:00:00Z,31.36
7656,GOOGLATMIV.U,2022-11-29T00:00:00Z,32.3
7657,GOOGLATMIV.U,2022-11-30T00:00:00Z,28.86
7658,GOOGLATMIV.U,2022-12-01T00:00:00Z,30.18
7659,GOOGLATMIV.U,2022-12-02T00:00:00Z,28.91
7660,GOOGLATMIV.U,2022-12-05T00:00:00Z,30.85
7661,GOOGLATMIV.U,2022-12-06T00:00:00Z,32.66
7662,GOOGLATMIV.U,2022-12-07T00:00:00Z,33.27
7663,GOOGLATMIV.U,2022-12-08T00:00:00Z,34.34
7664,GOOGLATMIV.U,2022-12-09T00:00:00Z,33.81
7665,GOOGLATMIV.U,2022-12-12T00:00:00Z,35.87
7666,GOOGLATMIV.U,2022-12-13T00:00:00Z,33.13
7667,GOOGLATMIV.U,2022-12-14T00:00:00Z,31.99
7668,GOOGLATMIV.U,2022-12-15T00:00:00Z,33.62
7669,GOOGLATMIV.U,2022-12-16T00:00:00Z,32.42
7670,GOOGLATMIV.U,2022-12-19T00:00:00Z,32.55
7671,GOOGLATMIV.U,2022-12-20T00:00:00Z,31.74
7672,GOOGLATMIV.U,2022-12-21T00:00:00Z,29.98
7673,GOOGLATMIV.U,2022-12-22T00:00:00Z,33.1
7674,GOOGLATMIV.U,2022-12-23T00:00:00Z,31.92
7675,GOOGLATMIV.U,2022-12-23T00:00:00Z,31.92
7676,GOOGLATMIV.U,2022-12-27T00:00:00Z,34.81
7677,GOOGLATMIV.U,2022-12-28T00:00:00Z,35.9
7678,GOOGLATMIV.U,2022-12-29T00:00:00Z,36.24
7679,GOOGLATMIV.U,2022-12-30T00:00:00Z,35.98
7680,GOOGLATMIV.U,2022-12-30T00:00:00Z,35.98
7681,GOOGLATMIV.U,2023-01-03T00:00:00Z,40.01
7682,GOOGLATMIV.U,2023-01-04T00:00:00Z,40.52
7683,GOOGLATMIV.U,2023-01-05T00:00:00Z,41.44
7684,GOOGLATMIV.U,2023-01-06T00:00:00Z,38.67
7685,GOOGLATMIV.U,2023-01-09T00:00:00Z,40.07
7686,GOOGLATMIV.U,2023-01-10T00:00:00Z,40.28
7687,GOOGLATMIV.U,2023-01-11T00:00:00Z,40.4
7688,GOOGLATMIV.U,2023-01-12T00:00:00Z,36.91
7689,GOOGLATMIV.U,2023-01-13T00:00:00Z,34.88
7690,GOOGLATMIV.U,2023-01-13T00:00:00Z,34.88
7691,GOOGLATMIV.U,2023-01-17T00:00:00Z,36.13
7692,GOOGLATMIV.U,2023-01-18T00:00:00Z,36.14
7693,GOOGLATMIV.U,2023-01-19T00:00:00Z,37.51
7694,GOOGLATMIV.U,2023-01-20T00:00:00Z,35.26
7695,GOOGLATMIV.U,2023-01-23T00:00:00Z,36.4
7696,GOOGLATMIV.U,2023-01-24T00:00:00Z,35.91
7697,GOOGLATMIV.U,2023-01-25T00:00:00Z,37.14
7698,GOOGLATMIV.U,2023-01-26T00:00:00Z,34.72
7699,GOOGLATMIV.U,2023-01-27T00:00:00Z,34.95
7700,GOOGLATMIV.U,2023-01-30T00:00:00Z,37.51
7701,GOOGLATMIV.U,2023-01-31T00:00:00Z,36.84
7702,GOOGLATMIV.U,2023-02-01T00:00:00Z,32.12
7703,GOOGLATMIV.U,2023-02-02T00:00:00Z,43.61
7704,GOOGLATMIV.U,2023-02-03T00:00:00Z,28.96
7705,GOOGLATMIV.U,2023-02-06T00:00:00Z,30.49
7706,GOOGLATMIV.U,2023-02-07T00:00:00Z,31.62
7707,GOOGLATMIV.U,2023-02-08T00:00:00Z,34.96
7708,GOOGLATMIV.U,2023-02-09T00:00:00Z,37.47
7709,GOOGLATMIV.U,2023-02-10T00:00:00Z,35.76
7710,GOOGLATMIV.U,2023-02-13T00:00:00Z,36.44
7711,GOOGLATMIV.U,2023-02-14T00:00:00Z,32.53
7712,GOOGLATMIV.U,2023-02-15T00:00:00Z,31.88
7713,GOOGLATMIV.U,2023-02-16T00:00:00Z,32.4
7714,GOOGLATMIV.U,2023-02-17T00:00:00Z,32.85
7715,GOOGLATMIV.U,2023-02-17T00:00:00Z,32.85
7716,GOOGLATMIV.U,2023-02-21T00:00:00Z,32.66
7717,GOOGLATMIV.U,2023-02-22T00:00:00Z,34.52
7718,GOOGLATMIV.U,2023-02-23T00:00:00Z,32.41
7719,GOOGLATMIV.U,2023-02-24T00:00:00Z,32.29
7720,GOOGLATMIV.U,2023-02-27T00:00:00Z,32.62
7721,GOOGLATMIV.U,2023-02-28T00:00:00Z,31.32
7722,GOOGLATMIV.U,2023-03-01T00:00:00Z,31.3
7723,GOOGLATMIV.U,2023-03-02T00:00:00Z,30.57
7724,GOOGLATMIV.U,2023-03-03T00:00:00Z,29.13
7725,GOOGLATMIV.U,2023-03-06T00:00:00Z,30.09
7726,GOOGLATMIV.U,2023-03-07T00:00:00Z,29.46
7727,GOOGLATMIV.U,2023-03-08T00:00:00Z,30.18
7728,GOOGLATMIV.U,2023-03-09T00:00:00Z,32.5
7729,GOOGLATMIV.U,2023-03-10T00:00:00Z,33.94
7730,GOOGLATMIV.U,2023-03-13T00:00:00Z,35.35
7731,GOOGLATMIV.U,2023-03-14T00:00:00Z,31.79
7732,GOOGLATMIV.U,2023-03-15T00:00:00Z,36.31
7733,GOOGLATMIV.U,2023-03-16T00:00:00Z,29.97
7734,GOOGLATMIV.U,2023-03-17T00:00:00Z,31.2
7735,GOOGLATMIV.U,2023-03-20T00:00:00Z,31.55
7736,GOOGLATMIV.U,2023-03-21T00:00:00Z,30.21
7737,GOOGLATMIV.U,2023-03-22T00:00:00Z,31.49
7738,GOOGLATMIV.U,2023-03-23T00:00:00Z,36.89
7739,GOOGLATMIV.U,2023-03-24T00:00:00Z,34.77
7740,GOOGLATMIV.U,2023-03-27T00:00:00Z,36.08
7741,GOOGLATMIV.U,2023-03-28T00:00:00Z,39.17
7742,GOOGLATMIV.U,2023-03-29T00:00:00Z,37.14
7743,GOOGLATMIV.U,2023-03-30T00:00:00Z,36.85
7744,GOOGLATMIV.U,2023-03-31T00:00:00Z,35.09
7745,GOOGLATMIV.U,2023-04-03T00:00:00Z,35.7
7746,GOOGLATMIV.U,2023-04-04T00:00:00Z,37.32
7747,GOOGLATMIV.U,2023-04-05T00:00:00Z,37.36
7748,GOOGLATMIV.U,2023-04-06T00:00:00Z,35.32
7749,GOOGLATMIV.U,2023-04-06T00:00:00Z,35.32
7750,GOOGLATMIV.U,2023-04-10T00:00:00Z,39.51
7751,GOOGLATMIV.U,2023-04-11T00:00:00Z,37.59
7752,GOOGLATMIV.U,2023-04-12T00:00:00Z,37.43
7753,GOOGLATMIV.U,2023-04-13T00:00:00Z,34.8
7754,GOOGLATMIV.U,2023-04-14T00:00:00Z,34.56
7755,GOOGLATMIV.U,2023-04-17T00:00:00Z,35.18
7756,GOOGLATMIV.U,2023-04-18T00:00:00Z,34.53
7757,GOOGLATMIV.U,2023-04-19T00:00:00Z,33.38
7758,GOOGLATMIV.U,2023-04-20T00:00:00Z,34.83
7759,GOOGLATMIV.U,2023-04-21T00:00:00Z,32.72
7760,GOOGLATMIV.U,2023-04-24T00:00:00Z,32.75
7761,GOOGLATMIV.U,2023-04-25T00:00:00Z,33.63
7762,GOOGLATMIV.U,2023-04-26T00:00:00Z,29.43
7763,GOOGLATMIV.U,2023-04-27T00:00:00Z,27.36
7764,GOOGLATMIV.U,2023-04-28T00:00:00Z,26.27
7765,GOOGLATMIV.U,2023-05-01T00:00:00Z,26.11
7766,GOOGLATMIV.U,2023-05-02T00:00:00Z,29.12
7767,GOOGLATMIV.U,2023-05-03T00:00:00Z,27.9
7768,GOOGLATMIV.U,2023-05-04T00:00:00Z,29.39
7769,GOOGLATMIV.U,2023-05-05T00:00:00Z,25.44
7770,GOOGLATMIV.U,2023-05-08T00:00:00Z,27.44
7771,GOOGLATMIV.U,2023-05-09T00:00:00Z,28.23
7772,GOOGLATMIV.U,2023-05-10T00:00:00Z,26.32
7773,GOOGLATMIV.U,2023-05-11T00:00:00Z,26.24
7774,GOOGLATMIV.U,2023-05-12T00:00:00Z,25.3
7775,GOOGLATMIV.U,2023-05-15T00:00:00Z,24.17
7776,GOOGLATMIV.U,2023-05-16T00:00:00Z,25.37
7777,GOOGLATMIV.U,2023-05-17T00:00:00Z,24.35
7778,GOOGLATMIV.U,2023-05-18T00:00:00Z,26.16
7779,GOOGLATMIV.U,2023-05-19T00:00:00Z,24.39
7780,GOOGLATMIV.U,2023-05-22T00:00:00Z,25.98
7781,GOOGLATMIV.U,2023-05-23T00:00:00Z,26.6
7782,GOOGLATMIV.U,2023-05-24T00:00:00Z,28.23
7783,GOOGLATMIV.U,2023-05-24T00:00:00Z,28.23
7784,GOOGLATMIV.U,2023-05-24T00:00:00Z,28.23
7785,GOOGLATMIV.U,2023-05-24T00:00:00Z,28.23
7786,GOOGLATMIV.U,2023-05-24T00:00:00Z,28.23
7787,GOOGLATMIV.U,2023-05-31T00:00:00Z,27.96
7788,GOOGLATMIV.U,2023-06-01T00:00:00Z,25.32
7789,GOOGLATMIV.U,2023-06-02T00:00:00Z,22.57
7790,GOOGLATMIV.U,2023-06-05T00:00:00Z,23.84
7791,GOOGLATMIV.U,2023-06-06T00:00:00Z,23.65
7792,GOOGLATMIV.U,2023-06-07T00:00:00Z,25.92
7793,GOOGLATMIV.U,2023-06-08T00:00:00Z,24.8
7794,GOOGLATMIV.U,2023-06-09T00:00:00Z,24.05
7795,GOOGLATMIV.U,2023-06-12T00:00:00Z,25.16
7796,GOOGLATMIV.U,2023-06-13T00:00:00Z,23.91
7797,GOOGLATMIV.U,2023-06-14T00:00:00Z,23.58
7798,GOOGLATMIV.U,2023-06-15T00:00:00Z,23.82
7799,GOOGLATMIV.U,2023-06-16T00:00:00Z,23.44
7800,GOOGLATMIV.U,2023-06-16T00:00:00Z,23.44
7801,GOOGLATMIV.U,2023-06-20T00:00:00Z,23.12
7802,GOOGLATMIV.U,2023-06-21T00:00:00Z,22.96
7803,GOOGLATMIV.U,2023-06-22T00:00:00Z,26.75
7804,GOOGLATMIV.U,2023-06-23T00:00:00Z,26.11
7805,GOOGLATMIV.U,2023-06-26T00:00:00Z,29.49
7806,GOOGLATMIV.U,2023-06-27T00:00:00Z,30.52
7807,GOOGLATMIV.U,2023-06-28T00:00:00Z,31.92
7808,GOOGLATMIV.U,2023-06-29T00:00:00Z,29.14
7809,GOOGLATMIV.U,2023-06-30T00:00:00Z,29.21
7810,GOOGLATMIV.U,2023-07-03T00:00:00Z,29.85
7811,GOOGLATMIV.U,2023-07-03T00:00:00Z,29.85
7812,GOOGLATMIV.U,2023-07-05T00:00:00Z,31.49
7813,GOOGLATMIV.U,2023-07-06T00:00:00Z,31.1
7814,GOOGLATMIV.U,2023-07-07T00:00:00Z,28.95
7815,GOOGLATMIV.U,2023-07-10T00:00:00Z,33.17
7816,GOOGLATMIV.U,2023-07-11T00:00:00Z,32.33
7817,GOOGLATMIV.U,2023-07-12T00:00:00Z,30.13
7818,GOOGLATMIV.U,2023-07-13T00:00:00Z,32.08
7819,GOOGLATMIV.U,2023-07-14T00:00:00Z,31.85
7820,GOOGLATMIV.U,2023-07-17T00:00:00Z,32.06
7821,GOOGLATMIV.U,2023-07-18T00:00:00Z,31.89
7822,GOOGLATMIV.U,2023-07-19T00:00:00Z,33.3
7823,GOOGLATMIV.U,2023-07-20T00:00:00Z,33.0
7824,GOOGLATMIV.U,2023-07-21T00:00:00Z,32.51
7825,GOOGLATMIV.U,2023-07-24T00:00:00Z,33.04
7826,GOOGLATMIV.U,2023-07-25T00:00:00Z,32.45
7827,GOOGLATMIV.U,2023-07-26T00:00:00Z,24.79
7828,GOOGLATMIV.U,2023-07-27T00:00:00Z,25.1
7829,GOOGLATMIV.U,2023-07-28T00:00:00Z,23.57
7830,GOOGLATMIV.U,2023-07-31T00:00:00Z,22.95
7831,GOOGLATMIV.U,2023-08-01T00:00:00Z,23.23
7832,GOOGLATMIV.U,2023-08-02T00:00:00Z,25.78
7833,GOOGLATMIV.U,2023-08-03T00:00:00Z,27.36
7834,GOOGLATMIV.U,2023-08-04T00:00:00Z,25.54
7835,GOOGLATMIV.U,2023-08-07T00:00:00Z,24.74
7836,GOOGLATMIV.U,2023-08-08T00:00:00Z,25.22
7837,GOOGLATMIV.U,2023-08-09T00:00:00Z,26.47
7838,GOOGLATMIV.U,2023-08-10T00:00:00Z,25.78
7839,GOOGLATMIV.U,2023-08-11T00:00:00Z,24.23
7840,GOOGLATMIV.U,2023-08-14T00:00:00Z,23.82
7841,GOOGLATMIV.U,2023-08-15T00:00:00Z,24.1
7842,GOOGLATMIV.U,2023-08-16T00:00:00Z,24.88
7843,GOOGLATMIV.U,2023-08-17T00:00:00Z,25.91
7844,GOOGLATMIV.U,2023-08-18T00:00:00Z,26.34
7845,GOOGLATMIV.U,2023-08-21T00:00:00Z,27.81
7846,GOOGLATMIV.U,2023-08-22T00:00:00Z,26.23
7847,GOOGLATMIV.U,2023-08-23T00:00:00Z,27.1
7848,GOOGLATMIV.U,2023-08-24T00:00:00Z,26.82
7849,GOOGLATMIV.U,2023-08-25T00:00:00Z,24.99
7850,GOOGLATMIV.U,2023-08-28T00:00:00Z,25.17
7851,GOOGLATMIV.U,2023-08-29T00:00:00Z,24.84
7852,GOOGLATMIV.U,2023-08-30T00:00:00Z,23.37
7853,GOOGLATMIV.U,2023-08-31T00:00:00Z,22.7
7854,GOOGLATMIV.U,2023-09-01T00:00:00Z,21.97
7855,GOOGLATMIV.U,2023-09-01T00:00:00Z,21.97
7856,GOOGLATMIV.U,2023-09-05T00:00:00Z,22.51
7857,GOOGLATMIV.U,2023-09-06T00:00:00Z,23.55
7858,GOOGLATMIV.U,2023-09-07T00:00:00Z,24.58
7859,GOOGLATMIV.U,2023-09-08T00:00:00Z,22.27
7860,GOOGLATMIV.U,2023-09-11T00:00:00Z,21.7
7861,GOOGLATMIV.U,2023-09-12T00:00:00Z,23.18
7862,GOOGLATMIV.U,2023-09-13T00:00:00Z,22.58
7863,GOOGLATMIV.U,2023-09-14T00:00:00Z,20.53
7864,GOOGLATMIV.U,2023-09-15T00:00:00Z,20.6
7865,GOOGLATMIV.U,2023-09-18T00:00:00Z,21.33
7866,GOOGLATMIV.U,2023-09-19T00:00:00Z,22.43
7867,GOOGLATMIV.U,2023-09-20T00:00:00Z,23.74
7868,GOOGLATMIV.U,2023-09-21T00:00:00Z,28.22
7869,GOOGLATMIV.U,2023-09-22T00:00:00Z,28.05
7870,GOOGLATMIV.U,2023-09-25T00:00:00Z,29.33
7871,GOOGLATMIV.U,2023-09-26T00:00:00Z,32.69
7872,GOOGLATMIV.U,2023-09-27T00:00:00Z,32.3
7873,GOOGLATMIV.U,2023-09-28T00:00:00Z,31.32
7874,GOOGLATMIV.U,2023-09-29T00:00:00Z,30.38
7875,GOOGLATMIV.U,2023-10-02T00:00:00Z,31.86
7876,GOOGLATMIV.U,2023-10-03T00:00:00Z,36.92
7877,GOOGLATMIV.U,2023-10-04T00:00:00Z,33.52
7878,GOOGLATMIV.U,2023-10-05T00:00:00Z,33.55
7879,GOOGLATMIV.U,2023-10-06T00:00:00Z,31.07
7880,GOOGLATMIV.U,2023-10-09T00:00:00Z,30.33
7881,GOOGLATMIV.U,2023-10-10T00:00:00Z,30.47
7882,GOOGLATMIV.U,2023-10-11T00:00:00Z,29.48
7883,GOOGLATMIV.U,2023-10-12T00:00:00Z,28.97
7884,GOOGLATMIV.U,2023-10-13T00:00:00Z,30.88
7885,GOOGLATMIV.U,2023-10-16T00:00:00Z,31.01
7886,GOOGLATMIV.U,2023-10-17T00:00:00Z,30.94
7887,GOOGLATMIV.U,2023-10-18T00:00:00Z,31.99
7888,GOOGLATMIV.U,2023-10-19T00:00:00Z,33.07
7889,GOOGLATMIV.U,2023-10-20T00:00:00Z,34.59
7890,GOOGLATMIV.U,2023-10-23T00:00:00Z,34.58
7891,GOOGLATMIV.U,2023-10-24T00:00:00Z,34.02
7892,GOOGLATMIV.U,2023-10-25T00:00:00Z,27.09
7893,GOOGLATMIV.U,2023-10-26T00:00:00Z,28.68
7894,GOOGLATMIV.U,2023-10-27T00:00:00Z,28.53
7895,GOOGLATMIV.U,2023-10-30T00:00:00Z,26.31
7896,GOOGLATMIV.U,2023-10-31T00:00:00Z,25.38
7897,GOOGLATMIV.U,2023-11-01T00:00:00Z,23.31
7898,GOOGLATMIV.U,2023-11-02T00:00:00Z,21.59
7899,GOOGLATMIV.U,2023-11-03T00:00:00Z,20.88
7900,GOOGLATMIV.U,2023-11-06T00:00:00Z,20.39
7901,GOOGLATMIV.U,2023-11-07T00:00:00Z,20.34
7902,GOOGLATMIV.U,2023-11-08T00:00:00Z,20.49
7903,GOOGLATMIV.U,2023-11-09T00:00:00Z,20.87
7904,GOOGLATMIV.U,2023-11-10T00:00:00Z,20.3
7905,GOOGLATMIV.U,2023-11-13T00:00:00Z,20.47
7906,GOOGLATMIV.U,2023-11-14T00:00:00Z,20.28
7907,GOOGLATMIV.U,2023-11-15T00:00:00Z,21.23
7908,GOOGLATMIV.U,2023-11-16T00:00:00Z,19.87
7909,GOOGLATMIV.U,2023-11-17T00:00:00Z,20.94
7910,GOOGLATMIV.U,2023-11-20T00:00:00Z,20.09
7911,GOOGLATMIV.U,2023-11-21T00:00:00Z,18.74
7912,GOOGLATMIV.U,2023-11-22T00:00:00Z,18.93
7913,GOOGLATMIV.U,2023-11-22T00:00:00Z,18.93
7914,GOOGLATMIV.U,2023-11-24T00:00:00Z,18.98
7915,GOOGLATMIV.U,2023-11-27T00:00:00Z,11.14
7916,GOOGLATMIV.U,2023-11-28T00:00:00Z,18.25
7917,GOOGLATMIV.U,2023-11-29T00:00:00Z,18.76
7918,GOOGLATMIV.U,2023-11-30T00:00:00Z,19.26
7919,GOOGLATMIV.U,2023-11-30T00:00:00Z,19.26
7920,GOOGLATMIV.U,2023-12-04T00:00:00Z,9.64
7921,GOOGLATMIV.U,2023-12-05T00:00:00Z,22.4
7922,GOOGLATMIV.U,2023-12-06T00:00:00Z,23.5
7923,GOOGLATMIV.U,2023-12-07T00:00:00Z,22.22
7924,GOOGLATMIV.U,2023-12-08T00:00:00Z,20.72
7925,GOOGLATMIV.U,2023-12-08T00:00:00Z,20.72
7926,GOOGLATMIV.U,2023-12-08T00:00:00Z,20.72
7927,GOOGLATMIV.U,2023-12-08T00:00:00Z,20.72
7928,GOOGLATMIV.U,2023-12-08T00:00:00Z,20.72
7929,GOOGLATMIV.U,2023-12-08T00:00:00Z,20.72
7930,GOOGLATMIV.U,2023-12-18T00:00:00Z,21.38
7931,GOOGLATMIV.U,2023-12-19T00:00:00Z,21.86
7932,GOOGLATMIV.U,2023-12-19T00:00:00Z,21.86
7933,GOOGLATMIV.U,2023-12-19T00:00:00Z,21.86
7934,GOOGLATMIV.U,2023-12-22T00:00:00Z,22.85
7935,GOOGLATMIV.U,2023-12-22T00:00:00Z,22.85
7936,GOOGLATMIV.U,2023-12-26T00:00:00Z,23.11
7937,GOOGLATMIV.U,2023-12-27T00:00:00Z,22.45
7938,GOOGLATMIV.U,2023-12-28T00:00:00Z,25.64
7939,GOOGLATMIV.U,2023-12-29T00:00:00Z,25.16
7940,GOOGLATMIV.U,2023-12-29T00:00:00Z,25.16
7941,GOOGLATMIV.U,2024-01-02T00:00:00Z,28.6
7942,GOOGLATMIV.U,2024-01-03T00:00:00Z,30.18
7943,GOOGLATMIV.U,2024-01-04T00:00:00Z,29.67
7944,GOOGLATMIV.U,2024-01-05T00:00:00Z,29.57
7945,GOOGLATMIV.U,2024-01-08T00:00:00Z,29.5
7946,GOOGLATMIV.U,2024-01-09T00:00:00Z,29.19
7947,GOOGLATMIV.U,2024-01-10T00:00:00Z,29.49
7948,GOOGLATMIV.U,2024-01-11T00:00:00Z,27.7
7949,GOOGLATMIV.U,2024-01-12T00:00:00Z,27.25
7950,GOOGLATMIV.U,2024-01-12T00:00:00Z,27.25
7951,GOOGLATMIV.U,2024-01-16T00:00:00Z,28.85
7952,GOOGLATMIV.U,2024-01-17T00:00:00Z,28.93
7953,GOOGLATMIV.U,2024-01-18T00:00:00Z,27.47
7954,GOOGLATMIV.U,2024-01-19T00:00:00Z,26.9
7955,GOOGLATMIV.U,2024-01-22T00:00:00Z,28.19
7956,GOOGLATMIV.U,2024-01-23T00:00:00Z,27.91
7957,GOOGLATMIV.U,2024-01-24T00:00:00Z,28.3
7958,GOOGLATMIV.U,2024-01-25T00:00:00Z,28.46
7959,GOOGLATMIV.U,2024-01-26T00:00:00Z,26.92
7960,GOOGLATMIV.U,2024-01-29T00:00:00Z,30.41
7961,GOOGLATMIV.U,2024-01-30T00:00:00Z,32.1
7962,GOOGLATMIV.U,2024-01-31T00:00:00Z,23.48
7963,GOOGLATMIV.U,2024-02-01T00:00:00Z,21.4
7964,GOOGLATMIV.U,2024-02-02T00:00:00Z,21.99
7965,GOOGLATMIV.U,2024-02-05T00:00:00Z,21.84
7966,GOOGLATMIV.U,2024-02-06T00:00:00Z,21.04
7967,GOOGLATMIV.U,2024-02-07T00:00:00Z,19.94
7968,GOOGLATMIV.U,2024-02-08T00:00:00Z,20.11
7969,GOOGLATMIV.U,2024-02-09T00:00:00Z,20.08
7970,GOOGLATMIV.U,2024-02-12T00:00:00Z,20.37
7971,GOOGLATMIV.U,2024-02-13T00:00:00Z,21.34
7972,GOOGLATMIV.U,2024-02-14T00:00:00Z,20.68
7973,GOOGLATMIV.U,2024-02-15T00:00:00Z,21.89
7974,GOOGLATMIV.U,2024-02-16T00:00:00Z,22.95
7975,GOOGLATMIV.U,2024-02-16T00:00:00Z,22.95
7976,GOOGLATMIV.U,2024-02-20T00:00:00Z,23.72
7977,GOOGLATMIV.U,2024-02-21T00:00:00Z,23.09
7978,GOOGLATMIV.U,2024-02-22T00:00:00Z,22.11
7979,GOOGLATMIV.U,2024-02-23T00:00:00Z,21.1
7980,GOOGLATMIV.U,2024-02-26T00:00:00Z,24.17
7981,GOOGLATMIV.U,2024-02-27T00:00:00Z,23.68
7982,GOOGLATMIV.U,2024-02-28T00:00:00Z,23.57
7983,GOOGLATMIV.U,2024-02-29T00:00:00Z,22.88
7984,GOOGLATMIV.U,2024-03-01T00:00:00Z,22.47
7985,GOOGLATMIV.U,2024-03-04T00:00:00Z,24.8
7986,GOOGLATMIV.U,2024-03-05T00:00:00Z,25.66
7987,GOOGLATMIV.U,2024-03-06T00:00:00Z,25.23
7988,GOOGLATMIV.U,2024-03-07T00:00:00Z,25.02
7989,GOOGLATMIV.U,2024-03-08T00:00:00Z,25.47
7990,GOOGLATMIV.U,2024-03-11T00:00:00Z,24.97
7991,GOOGLATMIV.U,2024-03-12T00:00:00Z,24.4
7992,GOOGLATMIV.U,2024-03-13T00:00:00Z,23.78
7993,GOOGLATMIV.U,2024-03-14T00:00:00Z,23.64
7994,GOOGLATMIV.U,2024-03-15T00:00:00Z,23.64
7995,GOOGLATMIV.U,2024-03-18T00:00:00Z,24.83
7996,GOOGLATMIV.U,2024-03-19T00:00:00Z,22.61
7997,GOOGLATMIV.U,2024-03-20T00:00:00Z,21.07
7998,GOOGLATMIV.U,2024-03-21T00:00:00Z,25.88
7999,GOOGLATMIV.U,2024-03-22T00:00:00Z,26.81
8000,GOOGLATMIV.U,2024-03-25T00:00:00Z,28.9
8001,GOOGLATMIV.U,2024-03-26T00:00:00Z,29.69
8002,GOOGLATMIV.U,2024-03-27T00:00:00Z,29.57
8003,GOOGLATMIV.U,2024-03-28T00:00:00Z,30.01
8004,GOOGLATMIV.U,2024-03-28T00:00:00Z,30.01
8005,GOOGLATMIV.U,2024-04-01T00:00:00Z,31.88
8006,GOOGLATMIV.U,2024-04-02T00:00:00Z,32.1
8007,GOOGLATMIV.U,2024-04-03T00:00:00Z,32.12
8008,GOOGLATMIV.U,2024-04-04T00:00:00Z,33.74
8009,GOOGLATMIV.U,2024-04-05T00:00:00Z,32.33
8010,GOOGLATMIV.U,2024-04-08T00:00:00Z,33.03
8011,GOOGLATMIV.U,2024-04-09T00:00:00Z,32.58
8012,GOOGLATMIV.U,2024-04-10T00:00:00Z,32.67
8013,GOOGLATMIV.U,2024-04-11T00:00:00Z,31.92
8014,GOOGLATMIV.U,2024-04-12T00:00:00Z,33.19
8015,GOOGLATMIV.U,2024-04-15T00:00:00Z,35.4
8016,GOOGLATMIV.U,2024-04-16T00:00:00Z,34.46
8017,GOOGLATMIV.U,2024-04-17T00:00:00Z,35.76
8018,GOOGLATMIV.U,2024-04-18T00:00:00Z,36.05
8019,GOOGLATMIV.U,2024-04-19T00:00:00Z,36.11
8020,GOOGLATMIV.U,2024-04-22T00:00:00Z,35.9
8021,GOOGLATMIV.U,2024-04-23T00:00:00Z,34.37
8022,GOOGLATMIV.U,2024-04-24T00:00:00Z,34.98
8023,GOOGLATMIV.U,2024-04-25T00:00:00Z,36.76
8024,GOOGLATMIV.U,2024-04-26T00:00:00Z,24.39
8025,GOOGLATMIV.U,2024-04-29T00:00:00Z,25.64
8026,GOOGLATMIV.U,2024-04-30T00:00:00Z,26.63
8027,GOOGLATMIV.U,2024-05-01T00:00:00Z,27.2
8028,GOOGLATMIV.U,2024-05-02T00:00:00Z,26.07
8029,GOOGLATMIV.U,2024-05-03T00:00:00Z,25.36
8030,GOOGLATMIV.U,2024-05-06T00:00:00Z,25.53
8031,GOOGLATMIV.U,2024-05-07T00:00:00Z,22.25
8032,GOOGLATMIV.U,2024-05-08T00:00:00Z,23.49
8033,GOOGLATMIV.U,2024-05-09T00:00:00Z,22.5
8034,GOOGLATMIV.U,2024-05-10T00:00:00Z,22.51
8035,GOOGLATMIV.U,2024-05-13T00:00:00Z,24.42
8036,GOOGLATMIV.U,2024-05-14T00:00:00Z,22.4
8037,GOOGLATMIV.U,2024-05-15T00:00:00Z,22.12
8038,GOOGLATMIV.U,2024-05-16T00:00:00Z,21.03
8039,GOOGLATMIV.U,2024-05-17T00:00:00Z,20.74
8040,GOOGLATMIV.U,2024-05-20T00:00:00Z,21.23
8041,GOOGLATMIV.U,2024-05-21T00:00:00Z,20.39
8042,GOOGLATMIV.U,2024-05-22T00:00:00Z,20.99
8043,GOOGLATMIV.U,2024-05-23T00:00:00Z,21.88
8044,GOOGLATMIV.U,2024-05-24T00:00:00Z,21.33
8045,GOOGLATMIV.U,2024-05-24T00:00:00Z,21.33
8046,GOOGLATMIV.U,2024-05-28T00:00:00Z,21.36
8047,GOOGLATMIV.U,2024-05-29T00:00:00Z,22.7
8048,GOOGLATMIV.U,2024-05-30T00:00:00Z,23.01
8049,GOOGLATMIV.U,2024-05-31T00:00:00Z,20.33
8050,GOOGLATMIV.U,2024-06-03T00:00:00Z,22.74
8051,GOOGLATMIV.U,2024-06-04T00:00:00Z,22.58
8052,GOOGLATMIV.U,2024-06-05T00:00:00Z,21.36
8053,GOOGLATMIV.U,2024-06-06T00:00:00Z,22.19
8054,GOOGLATMIV.U,2024-06-07T00:00:00Z,21.51
8055,GOOGLATMIV.U,2024-06-10T00:00:00Z,20.87
8056,GOOGLATMIV.U,2024-06-11T00:00:00Z,20.27
8057,GOOGLATMIV.U,2024-06-12T00:00:00Z,20.16
8058,GOOGLATMIV.U,2024-06-13T00:00:00Z,21.06
8059,GOOGLATMIV.U,2024-06-14T00:00:00Z,20.51
8060,GOOGLATMIV.U,2024-06-17T00:00:00Z,20.74
8061,GOOGLATMIV.U,2024-06-18T00:00:00Z,20.63
8062,GOOGLATMIV.U,2024-06-18T00:00:00Z,20.63
8063,GOOGLATMIV.U,2024-06-20T00:00:00Z,24.85
8064,GOOGLATMIV.U,2024-06-21T00:00:00Z,23.6
8065,GOOGLATMIV.U,2024-06-24T00:00:00Z,25.84
8066,GOOGLATMIV.U,2024-06-25T00:00:00Z,26.73
8067,GOOGLATMIV.U,2024-06-26T00:00:00Z,27.77
8068,GOOGLATMIV.U,2024-06-27T00:00:00Z,29.12
8069,GOOGLATMIV.U,2024-06-28T00:00:00Z,28.99
8070,GOOGLATMIV.U,2024-07-01T00:00:00Z,29.72
8071,GOOGLATMIV.U,2024-07-02T00:00:00Z,28.95
8072,GOOGLATMIV.U,2024-07-03T00:00:00Z,29.6
8073,GOOGLATMIV.U,2024-07-03T00:00:00Z,29.6
8074,GOOGLATMIV.U,2024-07-05T00:00:00Z,29.62
8075,GOOGLATMIV.U,2024-07-08T00:00:00Z,30.95
8076,GOOGLATMIV.U,2024-07-09T00:00:00Z,30.94
8077,GOOGLATMIV.U,2024-07-10T00:00:00Z,30.09
8078,GOOGLATMIV.U,2024-07-11T00:00:00Z,31.66
8079,GOOGLATMIV.U,2024-07-12T00:00:00Z,32.91
8080,GOOGLATMIV.U,2024-07-15T00:00:00Z,32.28
8081,GOOGLATMIV.U,2024-07-16T00:00:00Z,31.01
8082,GOOGLATMIV.U,2024-07-17T00:00:00Z,32.62
8083,GOOGLATMIV.U,2024-07-18T00:00:00Z,33.49
8084,GOOGLATMIV.U,2024-07-19T00:00:00Z,33.8
8085,GOOGLATMIV.U,2024-07-22T00:00:00Z,33.18
8086,GOOGLATMIV.U,2024-07-23T00:00:00Z,34.79
8087,GOOGLATMIV.U,2024-07-23T00:00:00Z,34.79
8088,GOOGLATMIV.U,2024-07-23T00:00:00Z,34.79
8089,GOOGLATMIV.U,2024-07-23T00:00:00Z,34.79
8090,GOOGLATMIV.U,2024-07-23T00:00:00Z,34.79
8091,GOOGLATMIV.U,2024-07-23T00:00:00Z,34.79
8092,GOOGLATMIV.U,2024-07-23T00:00:00Z,34.79
8093,GOOGLATMIV.U,2024-08-01T00:00:00Z,25.48
8094,GOOGLATMIV.U,2024-08-02T00:00:00Z,29.13
8095,GOOGLATMIV.U,2024-08-05T00:00:00Z,37.62
8096,GOOGLATMIV.U,2024-08-06T00:00:00Z,31.11
8097,GOOGLATMIV.U,2024-08-07T00:00:00Z,28.62
8098,GOOGLATMIV.U,2024-08-08T00:00:00Z,25.91
8099,GOOGLATMIV.U,2024-08-09T00:00:00Z,25.31
8100,GOOGLATMIV.U,2024-08-12T00:00:00Z,25.08
8101,GOOGLATMIV.U,2024-08-13T00:00:00Z,24.76
8102,GOOGLATMIV.U,2024-08-14T00:00:00Z,23.79
8103,GOOGLATMIV.U,2024-08-15T00:00:00Z,21.43
8104,GOOGLATMIV.U,2024-08-16T00:00:00Z,21.85
8105,GOOGLATMIV.U,2024-08-19T00:00:00Z,24.28
8106,GOOGLATMIV.U,2024-08-20T00:00:00Z,21.99
8107,GOOGLATMIV.U,2024-08-21T00:00:00Z,22.29
8108,GOOGLATMIV.U,2024-08-22T00:00:00Z,23.72
8109,GOOGLATMIV.U,2024-08-23T00:00:00Z,21.58
8110,GOOGLATMIV.U,2024-08-26T00:00:00Z,22.89
8111,GOOGLATMIV.U,2024-08-27T00:00:00Z,21.68
8112,GOOGLATMIV.U,2024-08-28T00:00:00Z,22.99
8113,GOOGLATMIV.U,2024-08-29T00:00:00Z,22.34
8114,GOOGLATMIV.U,2024-08-30T00:00:00Z,20.78
8115,GOOGLATMIV.U,2024-08-30T00:00:00Z,20.78
8116,GOOGLATMIV.U,2024-09-03T00:00:00Z,24.55
8117,GOOGLATMIV.U,2024-09-04T00:00:00Z,25.66
8118,GOOGLATMIV.U,2024-09-05T00:00:00Z,25.57
8119,GOOGLATMIV.U,2024-09-06T00:00:00Z,28.45
8120,GOOGLATMIV.U,2024-09-09T00:00:00Z,26.9
8121,GOOGLATMIV.U,2024-09-10T00:00:00Z,26.01
8122,GOOGLATMIV.U,2024-09-11T00:00:00Z,25.91
8123,GOOGLATMIV.U,2024-09-12T00:00:00Z,24.16
8124,GOOGLATMIV.U,2024-09-13T00:00:00Z,23.27
8125,GOOGLATMIV.U,2024-09-16T00:00:00Z,23.28
8126,GOOGLATMIV.U,2024-09-17T00:00:00Z,22.89
8127,GOOGLATMIV.U,2024-09-18T00:00:00Z,23.29
8128,GOOGLATMIV.U,2024-09-19T00:00:00Z,24.35
8129,GOOGLATMIV.U,2024-09-20T00:00:00Z,24.24
8130,GOOGLATMIV.U,2024-09-23T00:00:00Z,24.74
8131,GOOGLATMIV.U,2024-09-24T00:00:00Z,25.74
8132,GOOGLATMIV.U,2024-09-25T00:00:00Z,27.6
8133,GOOGLATMIV.U,2024-09-26T00:00:00Z,27.99
8134,GOOGLATMIV.U,2024-09-27T00:00:00Z,29.03
8135,GOOGLATMIV.U,2024-09-30T00:00:00Z,29.72
8136,GOOGLATMIV.U,2024-10-01T00:00:00Z,31.61
8137,GOOGLATMIV.U,2024-10-02T00:00:00Z,32.14
8138,GOOGLATMIV.U,2024-10-03T00:00:00Z,31.64
8139,GOOGLATMIV.U,2024-10-04T00:00:00Z,31.77
8140,GOOGLATMIV.U,2024-10-07T00:00:00Z,34.58
8141,GOOGLATMIV.U,2024-10-08T00:00:00Z,33.54
8142,GOOGLATMIV.U,2024-10-09T00:00:00Z,32.48
8143,GOOGLATMIV.U,2024-10-10T00:00:00Z,32.36
8144,GOOGLATMIV.U,2024-10-11T00:00:00Z,31.55
8145,GOOGLATMIV.U,2024-10-14T00:00:00Z,31.59
8146,GOOGLATMIV.U,2024-10-15T00:00:00Z,32.87
8147,GOOGLATMIV.U,2024-10-16T00:00:00Z,32.53
8148,GOOGLATMIV.U,2024-10-17T00:00:00Z,32.34
8149,GOOGLATMIV.U,2024-10-18T00:00:00Z,31.9
8150,GOOGLATMIV.U,2024-10-21T00:00:00Z,32.97
8151,GOOGLATMIV.U,2024-10-22T00:00:00Z,33.42
8152,GOOGLATMIV.U,2024-10-23T00:00:00Z,34.57
8153,GOOGLATMIV.U,2024-10-24T00:00:00Z,34.59
8154,GOOGLATMIV.U,2024-10-25T00:00:00Z,35.05
8155,GOOGLATMIV.U,2024-10-28T00:00:00Z,37.03
8156,GOOGLATMIV.U,2024-10-29T00:00:00Z,36.61
8157,GOOGLATMIV.U,2024-10-30T00:00:00Z,24.89
8158,GOOGLATMIV.U,2024-10-31T00:00:00Z,26.72
8159,GOOGLATMIV.U,2024-11-01T00:00:00Z,24.76
8160,GOOGLATMIV.U,2024-11-04T00:00:00Z,23.86
8161,GOOGLATMIV.U,2024-11-05T00:00:00Z,23.71
8162,GOOGLATMIV.U,2024-11-06T00:00:00Z,20.65
8163,GOOGLATMIV.U,2024-11-07T00:00:00Z,19.22
8164,GOOGLATMIV.U,2024-11-08T00:00:00Z,19.64
8165,GOOGLATMIV.U,2024-11-11T00:00:00Z,20.28
8166,GOOGLATMIV.U,2024-11-12T00:00:00Z,19.65
8167,GOOGLATMIV.U,2024-11-13T00:00:00Z,20.1
8168,GOOGLATMIV.U,2024-11-14T00:00:00Z,20.68
8169,GOOGLATMIV.U,2024-11-15T00:00:00Z,22.26
8170,GOOGLATMIV.U,2024-11-18T00:00:00Z,22.07
8171,GOOGLATMIV.U,2024-11-19T00:00:00Z,21.28
8172,GOOGLATMIV.U,2024-11-20T00:00:00Z,21.97
8173,GOOGLATMIV.U,2024-11-21T00:00:00Z,24.68
8174,GOOGLATMIV.U,2024-11-22T00:00:00Z,23.89
8175,GOOGLATMIV.U,2024-11-25T00:00:00Z,21.01
8176,GOOGLATMIV.U,2024-11-26T00:00:00Z,20.72
8177,GOOGLATMIV.U,2024-11-27T00:00:00Z,20.41
8178,GOOGLATMIV.U,2024-11-27T00:00:00Z,20.41
8179,GOOGLATMIV.U,2024-11-29T00:00:00Z,20.98
8180,GOOGLATMIV.U,2024-12-02T00:00:00Z,21.01
8181,GOOGLATMIV.U,2024-12-03T00:00:00Z,21.26
8182,GOOGLATMIV.U,2024-12-04T00:00:00Z,20.95
8183,GOOGLATMIV.U,2024-12-05T00:00:00Z,21.32
8184,GOOGLATMIV.U,2024-12-06T00:00:00Z,20.33
8185,GOOGLATMIV.U,2024-12-09T00:00:00Z,21.62
8186,GOOGLATMIV.U,2024-12-10T00:00:00Z,23.95
8187,GOOGLATMIV.U,2024-12-11T00:00:00Z,27.51
8188,GOOGLATMIV.U,2024-12-12T00:00:00Z,26.1
8189,GOOGLATMIV.U,2024-12-13T00:00:00Z,23.8
8190,GOOGLATMIV.U,2024-12-16T00:00:00Z,24.94
8191,GOOGLATMIV.U,2024-12-17T00:00:00Z,24.46
8192,GOOGLATMIV.U,2024-12-18T00:00:00Z,26.46
8193,GOOGLATMIV.U,2024-12-19T00:00:00Z,28.31
8194,GOOGLATMIV.U,2024-12-20T00:00:00Z,26.88
8195,GOOGLATMIV.U,2024-12-23T00:00:00Z,23.8
8196,GOOGLATMIV.U,2024-12-24T00:00:00Z,21.95
8197,GOOGLATMIV.U,2024-12-24T00:00:00Z,21.95
8198,GOOGLATMIV.U,2024-12-26T00:00:00Z,24.73
8199,GOOGLATMIV.U,2024-12-27T00:00:00Z,25.93
8200,GOOGLATMIV.U,2024-12-30T00:00:00Z,28.59
8201,GOOGLATMIV.U,2024-12-31T00:00:00Z,28.12
8202,GOOGLATMIV.U,2024-12-31T00:00:00Z,28.12
8203,GOOGLATMIV.U,2025-01-02T00:00:00Z,30.93
8204,GOOGLATMIV.U,2025-01-03T00:00:00Z,29.03
8205,GOOGLATMIV.U,2025-01-06T00:00:00Z,32.49
8206,GOOGLATMIV.U,2025-01-07T00:00:00Z,32.59
8207,GOOGLATMIV.U,2025-01-08T00:00:00Z,32.97
8208,GOOGLATMIV.U,2025-01-08T00:00:00Z,32.97
8209,GOOGLATMIV.U,2025-01-10T00:00:00Z,33.7
8210,GOOGLATMIV.U,2025-01-13T00:00:00Z,33.6
8211,GOOGLATMIV.U,2025-01-14T00:00:00Z,33.14
8212,GOOGLATMIV.U,2025-01-15T00:00:00Z,32.21
8213,GOOGLATMIV.U,2025-01-16T00:00:00Z,30.53
8214,GOOGLATMIV.U,2025-01-17T00:00:00Z,31.02
8215,GOOGLATMIV.U,2025-01-17T00:00:00Z,31.02
8216,GOOGLATMIV.U,2025-01-21T00:00:00Z,33.27
8217,GOOGLATMIV.U,2025-01-22T00:00:00Z,31.67
8218,GOOGLATMIV.U,2025-01-23T00:00:00Z,32.89
8219,GOOGLATMIV.U,2025-01-24T00:00:00Z,33.13
8220,GOOGLATMIV.U,2025-01-27T00:00:00Z,36.28
8221,GOOGLATMIV.U,2025-01-28T00:00:00Z,35.75
8222,GOOGLATMIV.U,2025-01-29T00:00:00Z,35.83
8223,GOOGLATMIV.U,2025-01-30T00:00:00Z,33.85
8224,GOOGLATMIV.U,2025-01-31T00:00:00Z,33.43
8225,GOOGLATMIV.U,2025-02-03T00:00:00Z,35.64
8226,GOOGLATMIV.U,2025-02-04T00:00:00Z,36.82
8227,GOOGLATMIV.U,2025-02-05T00:00:00Z,24.62
8228,GOOGLATMIV.U,2025-02-06T00:00:00Z,23.09
8229,GOOGLATMIV.U,2025-02-07T00:00:00Z,24.65
8230,GOOGLATMIV.U,2025-02-10T00:00:00Z,23.98
8231,GOOGLATMIV.U,2025-02-11T00:00:00Z,23.83
8232,GOOGLATMIV.U,2025-02-12T00:00:00Z,23.94
8233,GOOGLATMIV.U,2025-02-13T00:00:00Z,23.83
8234,GOOGLATMIV.U,2025-02-14T00:00:00Z,24.02
8235,GOOGLATMIV.U,2025-02-14T00:00:00Z,24.02
8236,GOOGLATMIV.U,2025-02-18T00:00:00Z,24.12
8237,GOOGLATMIV.U,2025-02-19T00:00:00Z,25.2
8238,GOOGLATMIV.U,2025-02-20T00:00:00Z,23.28
8239,GOOGLATMIV.U,2025-02-21T00:00:00Z,25.79
8240,GOOGLATMIV.U,2025-02-24T00:00:00Z,25.37
8241,GOOGLATMIV.U,2025-02-25T00:00:00Z,27.8
8242,GOOGLATMIV.U,2025-02-26T00:00:00Z,27.49
8243,GOOGLATMIV.U,2025-02-27T00:00:00Z,30.03
8244,GOOGLATMIV.U,2025-02-28T00:00:00Z,26.74
8245,GOOGLATMIV.U,2025-03-03T00:00:00Z,29.92
8246,GOOGLATMIV.U,2025-03-04T00:00:00Z,30.4
8247,GOOGLATMIV.U,2025-03-05T00:00:00Z,28.12
8248,GOOGLATMIV.U,2025-03-06T00:00:00Z,31.64
8249,GOOGLATMIV.U,2025-03-07T00:00:00Z,29.39
8250,GOOGLATMIV.U,2025-03-10T00:00:00Z,35.69
8251,GOOGLATMIV.U,2025-03-11T00:00:00Z,35.11
8252,GOOGLATMIV.U,2025-03-12T00:00:00Z,31.15
8253,GOOGLATMIV.U,2025-03-13T00:00:00Z,31.97
8254,GOOGLATMIV.U,2025-03-14T00:00:00Z,28.01
8255,GOOGLATMIV.U,2025-03-17T00:00:00Z,27.57
8256,GOOGLATMIV.U,2025-03-18T00:00:00Z,29.35
8257,GOOGLATMIV.U,2025-03-19T00:00:00Z,27.74
8258,GOOGLATMIV.U,2025-03-20T00:00:00Z,28.71
8259,GOOGLATMIV.U,2025-03-21T00:00:00Z,27.66
8260,GOOGLATMIV.U,2025-03-24T00:00:00Z,26.83
8261,GOOGLATMIV.U,2025-03-25T00:00:00Z,26.6
8262,GOOGLATMIV.U,2025-03-26T00:00:00Z,30.04
8263,GOOGLATMIV.U,2025-03-27T00:00:00Z,32.62
8264,GOOGLATMIV.U,2025-03-28T00:00:00Z,35.79
8265,GOOGLATMIV.U,2025-03-31T00:00:00Z,36.99
8266,GOOGLATMIV.U,2025-04-01T00:00:00Z,36.86
8267,GOOGLATMIV.U,2025-04-02T00:00:00Z,37.18
8268,GOOGLATMIV.U,2025-04-03T00:00:00Z,42.42
8269,GOOGLATMIV.U,2025-04-04T00:00:00Z,53.47
8270,GOOGLATMIV.U,2025-04-07T00:00:00Z,52.15
8271,GOOGLATMIV.U,2025-04-08T00:00:00Z,57.24
8272,GOOGLATMIV.U,2025-04-09T00:00:00Z,39.89
8273,GOOGLATMIV.U,2025-04-10T00:00:00Z,47.4
8274,GOOGLATMIV.U,2025-04-11T00:00:00Z,43.1
8275,GOOGLATMIV.U,2025-04-14T00:00:00Z,40.71
8276,GOOGLATMIV.U,2025-04-15T00:00:00Z,38.51
8277,GOOGLATMIV.U,2025-04-16T00:00:00Z,41.36
8278,GOOGLATMIV.U,2025-04-17T00:00:00Z,40.03
8279,GOOGLATMIV.U,2025-04-17T00:00:00Z,40.03
8280,GOOGLATMIV.U,2025-04-21T00:00:00Z,43.99
8281,GOOGLATMIV.U,2025-04-22T00:00:00Z,42.37
8282,GOOGLATMIV.U,2025-04-23T00:00:00Z,40.8
8283,GOOGLATMIV.U,2025-04-24T00:00:00Z,39.63
8284,GOOGLATMIV.U,2025-04-25T00:00:00Z,28.45
8285,GOOGLATMIV.U,2025-04-28T00:00:00Z,28.67
8286,GOOGLATMIV.U,2025-04-29T00:00:00Z,28.28
8287,GOOGLATMIV.U,2025-04-30T00:00:00Z,28.8
8288,GOOGLATMIV.U,2025-05-01T00:00:00Z,27.45
8289,GOOGLATMIV.U,2025-05-02T00:00:00Z,25.35
8290,GOOGLATMIV.U,2025-05-05T00:00:00Z,26.86
8291,GOOGLATMIV.U,2025-05-06T00:00:00Z,26.86
8292,GOOGLATMIV.U,2025-05-07T00:00:00Z,33.31
8293,GOOGLATMIV.U,2025-05-08T00:00:00Z,28.54
8294,GOOGLATMIV.U,2025-05-09T00:00:00Z,27.21
8295,AAPLATMIV.U,2019-01-01T00:00:00Z,40.55
8296,AAPLATMIV.U,2019-01-02T00:00:00Z,39.13
8297,AAPLATMIV.U,2019-01-03T00:00:00Z,42.36
8298,AAPLATMIV.U,2019-01-04T00:00:00Z,35.49
8299,AAPLATMIV.U,2019-01-05T00:00:00Z,35.49
8300,AAPLATMIV.U,2019-01-07T00:00:00Z,35.15
8301,AAPLATMIV.U,2019-01-08T00:00:00Z,33.62
8302,AAPLATMIV.U,2019-01-09T00:00:00Z,32.57
8303,AAPLATMIV.U,2019-01-10T00:00:00Z,31.83
8304,AAPLATMIV.U,2019-01-11T00:00:00Z,30.86
8305,AAPLATMIV.U,2019-01-12T00:00:00Z,30.86
8306,AAPLATMIV.U,2019-01-14T00:00:00Z,30.57
8307,AAPLATMIV.U,2019-01-15T00:00:00Z,27.98
8308,AAPLATMIV.U,2019-01-16T00:00:00Z,28.79
8309,AAPLATMIV.U,2019-01-17T00:00:00Z,28.71
8310,AAPLATMIV.U,2019-01-18T00:00:00Z,28.3
8311,AAPLATMIV.U,2019-01-19T00:00:00Z,28.3
8312,AAPLATMIV.U,2019-01-21T00:00:00Z,29.56
8313,AAPLATMIV.U,2019-01-22T00:00:00Z,32.28
8314,AAPLATMIV.U,2019-01-23T00:00:00Z,32.24
8315,AAPLATMIV.U,2019-01-24T00:00:00Z,31.18
8316,AAPLATMIV.U,2019-01-25T00:00:00Z,29.02
8317,AAPLATMIV.U,2019-01-26T00:00:00Z,29.02
8318,AAPLATMIV.U,2019-01-28T00:00:00Z,31.71
8319,AAPLATMIV.U,2019-01-29T00:00:00Z,32.94
8320,AAPLATMIV.U,2019-01-30T00:00:00Z,23.13
8321,AAPLATMIV.U,2019-01-31T00:00:00Z,22.92
8322,AAPLATMIV.U,2019-02-01T00:00:00Z,21.97
8323,AAPLATMIV.U,2019-02-02T00:00:00Z,21.97
8324,AAPLATMIV.U,2019-02-04T00:00:00Z,21.97
8325,AAPLATMIV.U,2019-02-05T00:00:00Z,21.78
8326,AAPLATMIV.U,2019-02-06T00:00:00Z,21.1
8327,AAPLATMIV.U,2019-02-07T00:00:00Z,22.03
8328,AAPLATMIV.U,2019-02-08T00:00:00Z,21.81
8329,AAPLATMIV.U,2019-02-09T00:00:00Z,21.81
8330,AAPLATMIV.U,2019-02-11T00:00:00Z,22.12
8331,AAPLATMIV.U,2019-02-12T00:00:00Z,20.8
8332,AAPLATMIV.U,2019-02-13T00:00:00Z,20.9
8333,AAPLATMIV.U,2019-02-14T00:00:00Z,21.24
8334,AAPLATMIV.U,2019-02-15T00:00:00Z,20.0
8335,AAPLATMIV.U,2019-02-16T00:00:00Z,20.0
8336,AAPLATMIV.U,2019-02-18T00:00:00Z,21.37
8337,AAPLATMIV.U,2019-02-19T00:00:00Z,19.87
8338,AAPLATMIV.U,2019-02-20T00:00:00Z,19.47
8339,AAPLATMIV.U,2019-02-21T00:00:00Z,19.97
8340,AAPLATMIV.U,2019-02-22T00:00:00Z,18.92
8341,AAPLATMIV.U,2019-02-23T00:00:00Z,18.92
8342,AAPLATMIV.U,2019-02-25T00:00:00Z,18.86
8343,AAPLATMIV.U,2019-02-26T00:00:00Z,18.65
8344,AAPLATMIV.U,2019-02-27T00:00:00Z,18.89
8345,AAPLATMIV.U,2019-02-28T00:00:00Z,19.43
8346,AAPLATMIV.U,2019-03-01T00:00:00Z,17.96
8347,AAPLATMIV.U,2019-03-02T00:00:00Z,17.96
8348,AAPLATMIV.U,2019-03-03T00:00:00Z,17.96
8349,AAPLATMIV.U,2019-03-04T00:00:00Z,19.28
8350,AAPLATMIV.U,2019-03-05T00:00:00Z,18.81
8351,AAPLATMIV.U,2019-03-06T00:00:00Z,19.65
8352,AAPLATMIV.U,2019-03-07T00:00:00Z,21.07
8353,AAPLATMIV.U,2019-03-08T00:00:00Z,20.77
8354,AAPLATMIV.U,2019-03-09T00:00:00Z,20.77
8355,AAPLATMIV.U,2019-03-11T00:00:00Z,19.67
8356,AAPLATMIV.U,2019-03-12T00:00:00Z,19.56
8357,AAPLATMIV.U,2019-03-13T00:00:00Z,18.63
8358,AAPLATMIV.U,2019-03-14T00:00:00Z,18.84
8359,AAPLATMIV.U,2019-03-15T00:00:00Z,18.72
8360,AAPLATMIV.U,2019-03-16T00:00:00Z,18.72
8361,AAPLATMIV.U,2019-03-18T00:00:00Z,19.84
8362,AAPLATMIV.U,2019-03-19T00:00:00Z,20.01
8363,AAPLATMIV.U,2019-03-20T00:00:00Z,20.55
8364,AAPLATMIV.U,2019-03-21T00:00:00Z,23.28
8365,AAPLATMIV.U,2019-03-22T00:00:00Z,24.06
8366,AAPLATMIV.U,2019-03-23T00:00:00Z,24.06
8367,AAPLATMIV.U,2019-03-25T00:00:00Z,22.75
8368,AAPLATMIV.U,2019-03-26T00:00:00Z,22.64
8369,AAPLATMIV.U,2019-03-27T00:00:00Z,22.6
8370,AAPLATMIV.U,2019-03-28T00:00:00Z,24.16
8371,AAPLATMIV.U,2019-03-29T00:00:00Z,25.21
8372,AAPLATMIV.U,2019-03-30T00:00:00Z,25.21
8373,AAPLATMIV.U,2019-04-01T00:00:00Z,26.08
8374,AAPLATMIV.U,2019-04-02T00:00:00Z,26.08
8375,AAPLATMIV.U,2019-04-03T00:00:00Z,27.15
8376,AAPLATMIV.U,2019-04-04T00:00:00Z,27.13
8377,AAPLATMIV.U,2019-04-05T00:00:00Z,27.26
8378,AAPLATMIV.U,2019-04-06T00:00:00Z,27.26
8379,AAPLATMIV.U,2019-04-08T00:00:00Z,28.14
8380,AAPLATMIV.U,2019-04-09T00:00:00Z,29.61
8381,AAPLATMIV.U,2019-04-10T00:00:00Z,29.42
8382,AAPLATMIV.U,2019-04-11T00:00:00Z,28.88
8383,AAPLATMIV.U,2019-04-12T00:00:00Z,28.04
8384,AAPLATMIV.U,2019-04-13T00:00:00Z,28.04
8385,AAPLATMIV.U,2019-04-15T00:00:00Z,27.17
8386,AAPLATMIV.U,2019-04-16T00:00:00Z,27.35
8387,AAPLATMIV.U,2019-04-17T00:00:00Z,28.07
8388,AAPLATMIV.U,2019-04-18T00:00:00Z,25.93
8389,AAPLATMIV.U,2019-04-19T00:00:00Z,26.35
8390,AAPLATMIV.U,2019-04-20T00:00:00Z,26.35
8391,AAPLATMIV.U,2019-04-22T00:00:00Z,26.57
8392,AAPLATMIV.U,2019-04-23T00:00:00Z,26.27
8393,AAPLATMIV.U,2019-04-24T00:00:00Z,26.82
8394,AAPLATMIV.U,2019-04-25T00:00:00Z,26.33
8395,AAPLATMIV.U,2019-04-26T00:00:00Z,25.82
8396,AAPLATMIV.U,2019-04-27T00:00:00Z,25.82
8397,AAPLATMIV.U,2019-04-29T00:00:00Z,26.72
8398,AAPLATMIV.U,2019-04-30T00:00:00Z,28.28
8399,AAPLATMIV.U,2019-05-01T00:00:00Z,18.94
8400,AAPLATMIV.U,2019-05-02T00:00:00Z,19.8
8401,AAPLATMIV.U,2019-05-03T00:00:00Z,17.91
8402,AAPLATMIV.U,2019-05-04T00:00:00Z,17.91
8403,AAPLATMIV.U,2019-05-06T00:00:00Z,20.61
8404,AAPLATMIV.U,2019-05-07T00:00:00Z,25.41
8405,AAPLATMIV.U,2019-05-08T00:00:00Z,25.64
8406,AAPLATMIV.U,2019-05-09T00:00:00Z,26.66
8407,AAPLATMIV.U,2019-05-10T00:00:00Z,24.65
8408,AAPLATMIV.U,2019-05-11T00:00:00Z,24.65
8409,AAPLATMIV.U,2019-05-13T00:00:00Z,32.0
8410,AAPLATMIV.U,2019-05-14T00:00:00Z,27.06
8411,AAPLATMIV.U,2019-05-15T00:00:00Z,24.27
8412,AAPLATMIV.U,2019-05-16T00:00:00Z,25.21
8413,AAPLATMIV.U,2019-05-17T00:00:00Z,27.61
8414,AAPLATMIV.U,2019-05-18T00:00:00Z,27.61
8415,AAPLATMIV.U,2019-05-20T00:00:00Z,30.32
8416,AAPLATMIV.U,2019-05-21T00:00:00Z,27.07
8417,AAPLATMIV.U,2019-05-22T00:00:00Z,30.26
8418,AAPLATMIV.U,2019-05-23T00:00:00Z,31.8
8419,AAPLATMIV.U,2019-05-24T00:00:00Z,28.69
8420,AAPLATMIV.U,2019-05-25T00:00:00Z,28.69
8421,AAPLATMIV.U,2019-05-27T00:00:00Z,30.28
8422,AAPLATMIV.U,2019-05-28T00:00:00Z,29.2
8423,AAPLATMIV.U,2019-05-29T00:00:00Z,28.33
8424,AAPLATMIV.U,2019-05-30T00:00:00Z,28.33
8425,AAPLATMIV.U,2019-05-31T00:00:00Z,29.73
8426,AAPLATMIV.U,2019-06-01T00:00:00Z,29.73
8427,AAPLATMIV.U,2019-06-03T00:00:00Z,30.42
8428,AAPLATMIV.U,2019-06-04T00:00:00Z,27.29
8429,AAPLATMIV.U,2019-06-05T00:00:00Z,27.64
8430,AAPLATMIV.U,2019-06-06T00:00:00Z,26.04
8431,AAPLATMIV.U,2019-06-07T00:00:00Z,25.55
8432,AAPLATMIV.U,2019-06-08T00:00:00Z,25.55
8433,AAPLATMIV.U,2019-06-10T00:00:00Z,26.2
8434,AAPLATMIV.U,2019-06-11T00:00:00Z,26.4
8435,AAPLATMIV.U,2019-06-12T00:00:00Z,26.23
8436,AAPLATMIV.U,2019-06-13T00:00:00Z,25.75
8437,AAPLATMIV.U,2019-06-14T00:00:00Z,25.75
8438,AAPLATMIV.U,2019-06-17T00:00:00Z,24.72
8439,AAPLATMIV.U,2019-06-18T00:00:00Z,23.22
8440,AAPLATMIV.U,2019-06-19T00:00:00Z,22.22
8441,AAPLATMIV.U,2019-06-20T00:00:00Z,22.65
8442,AAPLATMIV.U,2019-06-21T00:00:00Z,22.77
8443,AAPLATMIV.U,2019-06-22T00:00:00Z,22.77
8444,AAPLATMIV.U,2019-06-24T00:00:00Z,23.14
8445,AAPLATMIV.U,2019-06-25T00:00:00Z,24.53
8446,AAPLATMIV.U,2019-06-26T00:00:00Z,24.58
8447,AAPLATMIV.U,2019-06-27T00:00:00Z,26.53
8448,AAPLATMIV.U,2019-06-28T00:00:00Z,28.93
8449,AAPLATMIV.U,2019-06-29T00:00:00Z,28.93
8450,AAPLATMIV.U,2019-07-01T00:00:00Z,25.49
8451,AAPLATMIV.U,2019-07-02T00:00:00Z,25.4
8452,AAPLATMIV.U,2019-07-03T00:00:00Z,25.46
8453,AAPLATMIV.U,2019-07-04T00:00:00Z,25.52
8454,AAPLATMIV.U,2019-07-05T00:00:00Z,25.53
8455,AAPLATMIV.U,2019-07-06T00:00:00Z,25.53
8456,AAPLATMIV.U,2019-07-08T00:00:00Z,28.08
8457,AAPLATMIV.U,2019-07-09T00:00:00Z,27.49
8458,AAPLATMIV.U,2019-07-10T00:00:00Z,25.44
8459,AAPLATMIV.U,2019-07-11T00:00:00Z,25.46
8460,AAPLATMIV.U,2019-07-12T00:00:00Z,24.44
8461,AAPLATMIV.U,2019-07-13T00:00:00Z,24.44
8462,AAPLATMIV.U,2019-07-14T00:00:00Z,24.44
8463,AAPLATMIV.U,2019-07-15T00:00:00Z,24.37
8464,AAPLATMIV.U,2019-07-16T00:00:00Z,24.8
8465,AAPLATMIV.U,2019-07-17T00:00:00Z,24.74
8466,AAPLATMIV.U,2019-07-18T00:00:00Z,23.93
8467,AAPLATMIV.U,2019-07-19T00:00:00Z,25.2
8468,AAPLATMIV.U,2019-07-20T00:00:00Z,25.2
8469,AAPLATMIV.U,2019-07-22T00:00:00Z,25.13
8470,AAPLATMIV.U,2019-07-23T00:00:00Z,24.93
8471,AAPLATMIV.U,2019-07-24T00:00:00Z,24.75
8472,AAPLATMIV.U,2019-07-25T00:00:00Z,25.19
8473,AAPLATMIV.U,2019-07-26T00:00:00Z,24.23
8474,AAPLATMIV.U,2019-07-27T00:00:00Z,24.23
8475,AAPLATMIV.U,2019-07-28T00:00:00Z,24.23
8476,AAPLATMIV.U,2019-07-29T00:00:00Z,25.25
8477,AAPLATMIV.U,2019-07-30T00:00:00Z,25.6
8478,AAPLATMIV.U,2019-07-31T00:00:00Z,21.76
8479,AAPLATMIV.U,2019-08-01T00:00:00Z,25.44
8480,AAPLATMIV.U,2019-08-02T00:00:00Z,26.69
8481,AAPLATMIV.U,2019-08-03T00:00:00Z,26.69
8482,AAPLATMIV.U,2019-08-05T00:00:00Z,33.02
8483,AAPLATMIV.U,2019-08-06T00:00:00Z,29.87
8484,AAPLATMIV.U,2019-08-07T00:00:00Z,29.08
8485,AAPLATMIV.U,2019-08-08T00:00:00Z,25.02
8486,AAPLATMIV.U,2019-08-09T00:00:00Z,26.78
8487,AAPLATMIV.U,2019-08-10T00:00:00Z,26.78
8488,AAPLATMIV.U,2019-08-12T00:00:00Z,28.2
8489,AAPLATMIV.U,2019-08-13T00:00:00Z,26.43
8490,AAPLATMIV.U,2019-08-14T00:00:00Z,29.93
8491,AAPLATMIV.U,2019-08-15T00:00:00Z,29.41
8492,AAPLATMIV.U,2019-08-16T00:00:00Z,25.56
8493,AAPLATMIV.U,2019-08-17T00:00:00Z,25.56
8494,AAPLATMIV.U,2019-08-19T00:00:00Z,24.63
8495,AAPLATMIV.U,2019-08-20T00:00:00Z,25.45
8496,AAPLATMIV.U,2019-08-21T00:00:00Z,23.96
8497,AAPLATMIV.U,2019-08-22T00:00:00Z,24.48
8498,AAPLATMIV.U,2019-08-23T00:00:00Z,31.99
8499,AAPLATMIV.U,2019-08-24T00:00:00Z,31.99
8500,AAPLATMIV.U,2019-08-26T00:00:00Z,29.38
8501,AAPLATMIV.U,2019-08-27T00:00:00Z,30.03
8502,AAPLATMIV.U,2019-08-28T00:00:00Z,29.11
8503,AAPLATMIV.U,2019-08-29T00:00:00Z,27.41
8504,AAPLATMIV.U,2019-08-30T00:00:00Z,27.16
8505,AAPLATMIV.U,2019-08-31T00:00:00Z,27.16
8506,AAPLATMIV.U,2019-09-02T00:00:00Z,28.54
8507,AAPLATMIV.U,2019-09-03T00:00:00Z,29.46
8508,AAPLATMIV.U,2019-09-04T00:00:00Z,25.9
8509,AAPLATMIV.U,2019-09-05T00:00:00Z,24.06
8510,AAPLATMIV.U,2019-09-06T00:00:00Z,23.18
8511,AAPLATMIV.U,2019-09-07T00:00:00Z,23.18
8512,AAPLATMIV.U,2019-09-09T00:00:00Z,24.06
8513,AAPLATMIV.U,2019-09-10T00:00:00Z,23.15
8514,AAPLATMIV.U,2019-09-11T00:00:00Z,22.72
8515,AAPLATMIV.U,2019-09-12T00:00:00Z,22.19
8516,AAPLATMIV.U,2019-09-13T00:00:00Z,23.01
8517,AAPLATMIV.U,2019-09-14T00:00:00Z,23.01
8518,AAPLATMIV.U,2019-09-15T00:00:00Z,23.01
8519,AAPLATMIV.U,2019-09-16T00:00:00Z,23.17
8520,AAPLATMIV.U,2019-09-17T00:00:00Z,22.07
8521,AAPLATMIV.U,2019-09-18T00:00:00Z,21.73
8522,AAPLATMIV.U,2019-09-19T00:00:00Z,22.01
8523,AAPLATMIV.U,2019-09-20T00:00:00Z,22.95
8524,AAPLATMIV.U,2019-09-21T00:00:00Z,22.95
8525,AAPLATMIV.U,2019-09-22T00:00:00Z,22.95
8526,AAPLATMIV.U,2019-09-23T00:00:00Z,22.08
8527,AAPLATMIV.U,2019-09-24T00:00:00Z,24.52
8528,AAPLATMIV.U,2019-09-25T00:00:00Z,23.08
8529,AAPLATMIV.U,2019-09-26T00:00:00Z,25.33
8530,AAPLATMIV.U,2019-09-27T00:00:00Z,26.08
8531,AAPLATMIV.U,2019-09-28T00:00:00Z,26.08
8532,AAPLATMIV.U,2019-09-29T00:00:00Z,26.08
8533,AAPLATMIV.U,2019-09-30T00:00:00Z,26.9
8534,AAPLATMIV.U,2019-10-01T00:00:00Z,29.07
8535,AAPLATMIV.U,2019-10-02T00:00:00Z,32.51
8536,AAPLATMIV.U,2019-10-03T00:00:00Z,30.4
8537,AAPLATMIV.U,2019-10-04T00:00:00Z,28.53
8538,AAPLATMIV.U,2019-10-05T00:00:00Z,28.53
8539,AAPLATMIV.U,2019-10-07T00:00:00Z,28.53
8540,AAPLATMIV.U,2019-10-08T00:00:00Z,30.97
8541,AAPLATMIV.U,2019-10-09T00:00:00Z,29.65
8542,AAPLATMIV.U,2019-10-10T00:00:00Z,28.7
8543,AAPLATMIV.U,2019-10-11T00:00:00Z,28.64
8544,AAPLATMIV.U,2019-10-12T00:00:00Z,28.64
8545,AAPLATMIV.U,2019-10-14T00:00:00Z,27.87
8546,AAPLATMIV.U,2019-10-15T00:00:00Z,26.05
8547,AAPLATMIV.U,2019-10-16T00:00:00Z,25.74
8548,AAPLATMIV.U,2019-10-17T00:00:00Z,23.88
8549,AAPLATMIV.U,2019-10-18T00:00:00Z,25.43
8550,AAPLATMIV.U,2019-10-19T00:00:00Z,25.43
8551,AAPLATMIV.U,2019-10-20T00:00:00Z,25.43
8552,AAPLATMIV.U,2019-10-21T00:00:00Z,25.05
8553,AAPLATMIV.U,2019-10-22T00:00:00Z,26.01
8554,AAPLATMIV.U,2019-10-23T00:00:00Z,25.63
8555,AAPLATMIV.U,2019-10-24T00:00:00Z,24.45
8556,AAPLATMIV.U,2019-10-25T00:00:00Z,24.73
8557,AAPLATMIV.U,2019-10-26T00:00:00Z,24.73
8558,AAPLATMIV.U,2019-10-27T00:00:00Z,24.73
8559,AAPLATMIV.U,2019-10-28T00:00:00Z,25.26
8560,AAPLATMIV.U,2019-10-29T00:00:00Z,27.26
8561,AAPLATMIV.U,2019-10-30T00:00:00Z,29.69
8562,AAPLATMIV.U,2019-10-31T00:00:00Z,20.14
8563,AAPLATMIV.U,2019-11-01T00:00:00Z,19.33
8564,AAPLATMIV.U,2019-11-02T00:00:00Z,19.33
8565,AAPLATMIV.U,2019-11-04T00:00:00Z,20.12
8566,AAPLATMIV.U,2019-11-05T00:00:00Z,19.32
8567,AAPLATMIV.U,2019-11-06T00:00:00Z,17.53
8568,AAPLATMIV.U,2019-11-07T00:00:00Z,17.13
8569,AAPLATMIV.U,2019-11-08T00:00:00Z,17.52
8570,AAPLATMIV.U,2019-11-09T00:00:00Z,17.52
8571,AAPLATMIV.U,2019-11-10T00:00:00Z,17.52
8572,AAPLATMIV.U,2019-11-11T00:00:00Z,17.95
8573,AAPLATMIV.U,2019-11-12T00:00:00Z,17.94
8574,AAPLATMIV.U,2019-11-13T00:00:00Z,18.1
8575,AAPLATMIV.U,2019-11-14T00:00:00Z,18.78
8576,AAPLATMIV.U,2019-11-15T00:00:00Z,18.02
8577,AAPLATMIV.U,2019-11-16T00:00:00Z,18.02
8578,AAPLATMIV.U,2019-11-18T00:00:00Z,18.78
8579,AAPLATMIV.U,2019-11-19T00:00:00Z,19.48
8580,AAPLATMIV.U,2019-11-20T00:00:00Z,21.11
8581,AAPLATMIV.U,2019-11-21T00:00:00Z,21.65
8582,AAPLATMIV.U,2019-11-22T00:00:00Z,20.24
8583,AAPLATMIV.U,2019-11-23T00:00:00Z,20.24
8584,AAPLATMIV.U,2019-11-25T00:00:00Z,18.77
8585,AAPLATMIV.U,2019-11-26T00:00:00Z,19.04
8586,AAPLATMIV.U,2019-11-27T00:00:00Z,17.42
8587,AAPLATMIV.U,2019-11-28T00:00:00Z,18.05
8588,AAPLATMIV.U,2019-11-29T00:00:00Z,19.78
8589,AAPLATMIV.U,2019-11-30T00:00:00Z,19.78
8590,AAPLATMIV.U,2019-12-02T00:00:00Z,20.68
8591,AAPLATMIV.U,2019-12-03T00:00:00Z,22.6
8592,AAPLATMIV.U,2019-12-04T00:00:00Z,21.18
8593,AAPLATMIV.U,2019-12-05T00:00:00Z,20.95
8594,AAPLATMIV.U,2019-12-06T00:00:00Z,19.17
8595,AAPLATMIV.U,2019-12-07T00:00:00Z,19.17
8596,AAPLATMIV.U,2019-12-09T00:00:00Z,20.2
8597,AAPLATMIV.U,2019-12-10T00:00:00Z,20.1
8598,AAPLATMIV.U,2019-12-11T00:00:00Z,20.32
8599,AAPLATMIV.U,2019-12-12T00:00:00Z,19.85
8600,AAPLATMIV.U,2019-12-13T00:00:00Z,17.9
8601,AAPLATMIV.U,2019-12-14T00:00:00Z,17.9
8602,AAPLATMIV.U,2019-12-16T00:00:00Z,18.24
8603,AAPLATMIV.U,2019-12-17T00:00:00Z,18.21
8604,AAPLATMIV.U,2019-12-18T00:00:00Z,17.68
8605,AAPLATMIV.U,2019-12-19T00:00:00Z,18.67
8606,AAPLATMIV.U,2019-12-20T00:00:00Z,17.67
8607,AAPLATMIV.U,2019-12-21T00:00:00Z,17.67
8608,AAPLATMIV.U,2019-12-23T00:00:00Z,18.44
8609,AAPLATMIV.U,2019-12-24T00:00:00Z,18.76
8610,AAPLATMIV.U,2019-12-25T00:00:00Z,19.15
8611,AAPLATMIV.U,2019-12-26T00:00:00Z,23.2
8612,AAPLATMIV.U,2019-12-27T00:00:00Z,24.98
8613,AAPLATMIV.U,2019-12-28T00:00:00Z,24.98
8614,AAPLATMIV.U,2019-12-30T00:00:00Z,27.2
8615,AAPLATMIV.U,2019-12-31T00:00:00Z,28.0
8616,AAPLATMIV.U,2020-01-01T00:00:00Z,29.18
8617,AAPLATMIV.U,2020-01-02T00:00:00Z,30.13
8618,AAPLATMIV.U,2020-01-03T00:00:00Z,30.22
8619,AAPLATMIV.U,2020-01-04T00:00:00Z,30.22
8620,AAPLATMIV.U,2020-01-06T00:00:00Z,29.4
8621,AAPLATMIV.U,2020-01-07T00:00:00Z,29.24
8622,AAPLATMIV.U,2020-01-08T00:00:00Z,28.81
8623,AAPLATMIV.U,2020-01-09T00:00:00Z,30.04
8624,AAPLATMIV.U,2020-01-10T00:00:00Z,31.11
8625,AAPLATMIV.U,2020-01-11T00:00:00Z,31.11
8626,AAPLATMIV.U,2020-01-13T00:00:00Z,31.85
8627,AAPLATMIV.U,2020-01-14T00:00:00Z,32.74
8628,AAPLATMIV.U,2020-01-15T00:00:00Z,32.53
8629,AAPLATMIV.U,2020-01-16T00:00:00Z,29.33
8630,AAPLATMIV.U,2020-01-17T00:00:00Z,27.34
8631,AAPLATMIV.U,2020-01-18T00:00:00Z,27.34
8632,AAPLATMIV.U,2020-01-20T00:00:00Z,28.43
8633,AAPLATMIV.U,2020-01-21T00:00:00Z,28.49
8634,AAPLATMIV.U,2020-01-22T00:00:00Z,27.79
8635,AAPLATMIV.U,2020-01-23T00:00:00Z,27.49
8636,AAPLATMIV.U,2020-01-24T00:00:00Z,24.95
8637,AAPLATMIV.U,2020-01-25T00:00:00Z,27.49
8638,AAPLATMIV.U,2020-01-27T00:00:00Z,23.56
8639,AAPLATMIV.U,2020-01-28T00:00:00Z,31.05
8640,AAPLATMIV.U,2020-01-29T00:00:00Z,23.85
8641,AAPLATMIV.U,2020-01-29T00:00:00Z,23.85
8642,AAPLATMIV.U,2020-01-29T00:00:00Z,23.85
8643,AAPLATMIV.U,2020-02-01T00:00:00Z,23.85
8644,AAPLATMIV.U,2020-02-03T00:00:00Z,27.02
8645,AAPLATMIV.U,2020-02-04T00:00:00Z,24.04
8646,AAPLATMIV.U,2020-02-05T00:00:00Z,27.06
8647,AAPLATMIV.U,2020-02-06T00:00:00Z,22.48
8648,AAPLATMIV.U,2020-02-07T00:00:00Z,38.35
8649,AAPLATMIV.U,2020-02-08T00:00:00Z,22.48
8650,AAPLATMIV.U,2020-02-10T00:00:00Z,35.91
8651,AAPLATMIV.U,2020-02-11T00:00:00Z,24.4
8652,AAPLATMIV.U,2020-02-12T00:00:00Z,23.39
8653,AAPLATMIV.U,2020-02-13T00:00:00Z,37.37
8654,AAPLATMIV.U,2020-02-14T00:00:00Z,44.55
8655,AAPLATMIV.U,2020-02-15T00:00:00Z,23.39
8656,AAPLATMIV.U,2020-02-16T00:00:00Z,21.15
8657,AAPLATMIV.U,2020-02-17T00:00:00Z,22.04
8658,AAPLATMIV.U,2020-02-18T00:00:00Z,22.22
8659,AAPLATMIV.U,2020-02-18T00:00:00Z,22.22
8660,AAPLATMIV.U,2020-02-20T00:00:00Z,63.16
8661,AAPLATMIV.U,2020-02-21T00:00:00Z,25.63
8662,AAPLATMIV.U,2020-02-22T00:00:00Z,25.63
8663,AAPLATMIV.U,2020-02-22T00:00:00Z,25.63
8664,AAPLATMIV.U,2020-02-25T00:00:00Z,75.87
8665,AAPLATMIV.U,2020-02-26T00:00:00Z,56.79
8666,AAPLATMIV.U,2020-02-26T00:00:00Z,56.79
8667,AAPLATMIV.U,2020-02-28T00:00:00Z,79.23
8668,AAPLATMIV.U,2020-02-29T00:00:00Z,25.63
8669,AAPLATMIV.U,2020-03-02T00:00:00Z,82.77
8670,AAPLATMIV.U,2020-03-03T00:00:00Z,42.86
8671,AAPLATMIV.U,2020-03-03T00:00:00Z,42.86
8672,AAPLATMIV.U,2020-03-05T00:00:00Z,68.53
8673,AAPLATMIV.U,2020-03-06T00:00:00Z,47.3
8674,AAPLATMIV.U,2020-03-07T00:00:00Z,47.3
8675,AAPLATMIV.U,2020-03-08T00:00:00Z,47.3
8676,AAPLATMIV.U,2020-03-09T00:00:00Z,61.74
8677,AAPLATMIV.U,2020-03-10T00:00:00Z,52.44
8678,AAPLATMIV.U,2020-03-11T00:00:00Z,59.24
8679,AAPLATMIV.U,2020-03-12T00:00:00Z,75.87
8680,AAPLATMIV.U,2020-03-13T00:00:00Z,52.84
8681,AAPLATMIV.U,2020-03-14T00:00:00Z,75.87
8682,AAPLATMIV.U,2020-03-16T00:00:00Z,87.71
8683,AAPLATMIV.U,2020-03-17T00:00:00Z,54.85
8684,AAPLATMIV.U,2020-03-18T00:00:00Z,52.93
8685,AAPLATMIV.U,2020-03-19T00:00:00Z,44.36
8686,AAPLATMIV.U,2020-03-20T00:00:00Z,46.87
8687,AAPLATMIV.U,2020-03-21T00:00:00Z,87.71
8688,AAPLATMIV.U,2020-03-23T00:00:00Z,42.0
8689,AAPLATMIV.U,2020-03-24T00:00:00Z,40.53
8690,AAPLATMIV.U,2020-03-24T00:00:00Z,40.53
8691,AAPLATMIV.U,2020-03-24T00:00:00Z,40.53
8692,AAPLATMIV.U,2020-03-27T00:00:00Z,40.4
8693,AAPLATMIV.U,2020-03-28T00:00:00Z,75.33
8694,AAPLATMIV.U,2020-03-30T00:00:00Z,58.41
8695,AAPLATMIV.U,2020-03-31T00:00:00Z,53.5
8696,AAPLATMIV.U,2020-04-01T00:00:00Z,64.73
8697,AAPLATMIV.U,2020-04-02T00:00:00Z,45.71
8698,AAPLATMIV.U,2020-04-03T00:00:00Z,54.17
8699,AAPLATMIV.U,2020-04-04T00:00:00Z,54.17
8700,AAPLATMIV.U,2020-04-06T00:00:00Z,45.44
8701,AAPLATMIV.U,2020-04-07T00:00:00Z,44.41
8702,AAPLATMIV.U,2020-04-08T00:00:00Z,40.61
8703,AAPLATMIV.U,2020-04-09T00:00:00Z,40.06
8704,AAPLATMIV.U,2020-04-10T00:00:00Z,40.7
8705,AAPLATMIV.U,2020-04-11T00:00:00Z,40.7
8706,AAPLATMIV.U,2020-04-13T00:00:00Z,40.03
8707,AAPLATMIV.U,2020-04-14T00:00:00Z,38.29
8708,AAPLATMIV.U,2020-04-15T00:00:00Z,34.12
8709,AAPLATMIV.U,2020-04-16T00:00:00Z,33.1
8710,AAPLATMIV.U,2020-04-17T00:00:00Z,30.98
8711,AAPLATMIV.U,2020-04-18T00:00:00Z,38.29
8712,AAPLATMIV.U,2020-04-20T00:00:00Z,43.81
8713,AAPLATMIV.U,2020-04-21T00:00:00Z,28.76
8714,AAPLATMIV.U,2020-04-22T00:00:00Z,43.52
8715,AAPLATMIV.U,2020-04-23T00:00:00Z,28.94
8716,AAPLATMIV.U,2020-04-24T00:00:00Z,30.9
8717,AAPLATMIV.U,2020-04-25T00:00:00Z,43.52
8718,AAPLATMIV.U,2020-04-27T00:00:00Z,33.78
8719,AAPLATMIV.U,2020-04-28T00:00:00Z,36.2
8720,AAPLATMIV.U,2020-04-29T00:00:00Z,32.41
8721,AAPLATMIV.U,2020-04-30T00:00:00Z,28.18
8722,AAPLATMIV.U,2020-05-01T00:00:00Z,29.22
8723,AAPLATMIV.U,2020-05-02T00:00:00Z,32.41
8724,AAPLATMIV.U,2020-05-04T00:00:00Z,31.83
8725,AAPLATMIV.U,2020-05-05T00:00:00Z,29.22
8726,AAPLATMIV.U,2020-05-06T00:00:00Z,28.73
8727,AAPLATMIV.U,2020-05-07T00:00:00Z,27.49
8728,AAPLATMIV.U,2020-05-08T00:00:00Z,26.21
8729,AAPLATMIV.U,2020-05-09T00:00:00Z,26.21
8730,AAPLATMIV.U,2020-05-11T00:00:00Z,27.48
8731,AAPLATMIV.U,2020-05-12T00:00:00Z,28.63
8732,AAPLATMIV.U,2020-05-13T00:00:00Z,32.53
8733,AAPLATMIV.U,2020-05-14T00:00:00Z,26.47
8734,AAPLATMIV.U,2020-05-15T00:00:00Z,25.37
8735,AAPLATMIV.U,2020-05-16T00:00:00Z,32.53
8736,AAPLATMIV.U,2020-05-18T00:00:00Z,25.92
8737,AAPLATMIV.U,2020-05-19T00:00:00Z,24.44
8738,AAPLATMIV.U,2020-05-20T00:00:00Z,26.0
8739,AAPLATMIV.U,2020-05-21T00:00:00Z,24.96
8740,AAPLATMIV.U,2020-05-22T00:00:00Z,25.71
8741,AAPLATMIV.U,2020-05-23T00:00:00Z,25.71
8742,AAPLATMIV.U,2020-05-25T00:00:00Z,27.48
8743,AAPLATMIV.U,2020-05-26T00:00:00Z,26.38
8744,AAPLATMIV.U,2020-05-27T00:00:00Z,25.84
8745,AAPLATMIV.U,2020-05-28T00:00:00Z,26.29
8746,AAPLATMIV.U,2020-05-29T00:00:00Z,25.92
8747,AAPLATMIV.U,2020-05-30T00:00:00Z,25.92
8748,AAPLATMIV.U,2020-06-01T00:00:00Z,25.55
8749,AAPLATMIV.U,2020-06-02T00:00:00Z,24.08
8750,AAPLATMIV.U,2020-06-03T00:00:00Z,23.54
8751,AAPLATMIV.U,2020-06-04T00:00:00Z,30.79
8752,AAPLATMIV.U,2020-06-05T00:00:00Z,23.25
8753,AAPLATMIV.U,2020-06-06T00:00:00Z,23.25
8754,AAPLATMIV.U,2020-06-08T00:00:00Z,23.86
8755,AAPLATMIV.U,2020-06-09T00:00:00Z,26.36
8756,AAPLATMIV.U,2020-06-10T00:00:00Z,27.53
8757,AAPLATMIV.U,2020-06-11T00:00:00Z,33.19
8758,AAPLATMIV.U,2020-06-12T00:00:00Z,30.93
8759,AAPLATMIV.U,2020-06-13T00:00:00Z,27.53
8760,AAPLATMIV.U,2020-06-15T00:00:00Z,30.83
8761,AAPLATMIV.U,2020-06-16T00:00:00Z,29.99
8762,AAPLATMIV.U,2020-06-17T00:00:00Z,30.06
8763,AAPLATMIV.U,2020-06-18T00:00:00Z,30.11
8764,AAPLATMIV.U,2020-06-19T00:00:00Z,28.8
8765,AAPLATMIV.U,2020-06-20T00:00:00Z,28.8
8766,AAPLATMIV.U,2020-06-22T00:00:00Z,30.4
8767,AAPLATMIV.U,2020-06-23T00:00:00Z,30.69
8768,AAPLATMIV.U,2020-06-24T00:00:00Z,33.93
8769,AAPLATMIV.U,2020-06-25T00:00:00Z,34.95
8770,AAPLATMIV.U,2020-06-26T00:00:00Z,40.02
8771,AAPLATMIV.U,2020-06-27T00:00:00Z,34.95
8772,AAPLATMIV.U,2020-06-29T00:00:00Z,35.23
8773,AAPLATMIV.U,2020-06-30T00:00:00Z,33.57
8774,AAPLATMIV.U,2020-07-01T00:00:00Z,37.48
8775,AAPLATMIV.U,2020-07-02T00:00:00Z,30.94
8776,AAPLATMIV.U,2020-07-03T00:00:00Z,31.44
8777,AAPLATMIV.U,2020-07-04T00:00:00Z,31.44
8778,AAPLATMIV.U,2020-07-06T00:00:00Z,31.89
8779,AAPLATMIV.U,2020-07-07T00:00:00Z,33.39
8780,AAPLATMIV.U,2020-07-08T00:00:00Z,34.22
8781,AAPLATMIV.U,2020-07-09T00:00:00Z,33.9
8782,AAPLATMIV.U,2020-07-10T00:00:00Z,36.16
8783,AAPLATMIV.U,2020-07-11T00:00:00Z,36.16
8784,AAPLATMIV.U,2020-07-13T00:00:00Z,32.98
8785,AAPLATMIV.U,2020-07-14T00:00:00Z,40.5
8786,AAPLATMIV.U,2020-07-15T00:00:00Z,40.71
8787,AAPLATMIV.U,2020-07-16T00:00:00Z,40.05
8788,AAPLATMIV.U,2020-07-17T00:00:00Z,36.56
8789,AAPLATMIV.U,2020-07-18T00:00:00Z,36.56
8790,AAPLATMIV.U,2020-07-20T00:00:00Z,34.3
8791,AAPLATMIV.U,2020-07-21T00:00:00Z,35.25
8792,AAPLATMIV.U,2020-07-22T00:00:00Z,32.91
8793,AAPLATMIV.U,2020-07-23T00:00:00Z,36.3
8794,AAPLATMIV.U,2020-07-24T00:00:00Z,32.86
8795,AAPLATMIV.U,2020-07-25T00:00:00Z,32.86
8796,AAPLATMIV.U,2020-07-27T00:00:00Z,32.27
8797,AAPLATMIV.U,2020-07-28T00:00:00Z,33.51
8798,AAPLATMIV.U,2020-07-29T00:00:00Z,31.22
8799,AAPLATMIV.U,2020-07-30T00:00:00Z,31.24
8800,AAPLATMIV.U,2020-07-31T00:00:00Z,32.94
8801,AAPLATMIV.U,2020-08-01T00:00:00Z,32.94
8802,AAPLATMIV.U,2020-08-03T00:00:00Z,38.51
8803,AAPLATMIV.U,2020-08-04T00:00:00Z,36.2
8804,AAPLATMIV.U,2020-08-05T00:00:00Z,32.26
8805,AAPLATMIV.U,2020-08-06T00:00:00Z,33.81
8806,AAPLATMIV.U,2020-08-07T00:00:00Z,35.2
8807,AAPLATMIV.U,2020-08-08T00:00:00Z,35.2
8808,AAPLATMIV.U,2020-08-10T00:00:00Z,36.81
8809,AAPLATMIV.U,2020-08-11T00:00:00Z,37.07
8810,AAPLATMIV.U,2020-08-12T00:00:00Z,34.32
8811,AAPLATMIV.U,2020-08-13T00:00:00Z,35.15
8812,AAPLATMIV.U,2020-08-14T00:00:00Z,34.91
8813,AAPLATMIV.U,2020-08-15T00:00:00Z,34.91
8814,AAPLATMIV.U,2020-08-17T00:00:00Z,35.07
8815,AAPLATMIV.U,2020-08-18T00:00:00Z,34.04
8816,AAPLATMIV.U,2020-08-19T00:00:00Z,34.52
8817,AAPLATMIV.U,2020-08-20T00:00:00Z,34.07
8818,AAPLATMIV.U,2020-08-21T00:00:00Z,42.77
8819,AAPLATMIV.U,2020-08-22T00:00:00Z,42.77
8820,AAPLATMIV.U,2020-08-24T00:00:00Z,47.87
8821,AAPLATMIV.U,2020-08-25T00:00:00Z,45.11
8822,AAPLATMIV.U,2020-08-26T00:00:00Z,53.39
8823,AAPLATMIV.U,2020-08-27T00:00:00Z,52.11
8824,AAPLATMIV.U,2020-08-28T00:00:00Z,48.54
8825,AAPLATMIV.U,2020-08-29T00:00:00Z,48.54
8826,AAPLATMIV.U,2020-08-31T00:00:00Z,49.45
8827,AAPLATMIV.U,2020-09-01T00:00:00Z,50.89
8828,AAPLATMIV.U,2020-09-02T00:00:00Z,53.37
8829,AAPLATMIV.U,2020-09-03T00:00:00Z,51.32
8830,AAPLATMIV.U,2020-09-04T00:00:00Z,48.06
8831,AAPLATMIV.U,2020-09-05T00:00:00Z,53.37
8832,AAPLATMIV.U,2020-09-07T00:00:00Z,58.99
8833,AAPLATMIV.U,2020-09-08T00:00:00Z,60.63
8834,AAPLATMIV.U,2020-09-09T00:00:00Z,50.69
8835,AAPLATMIV.U,2020-09-10T00:00:00Z,45.73
8836,AAPLATMIV.U,2020-09-11T00:00:00Z,45.42
8837,AAPLATMIV.U,2020-09-12T00:00:00Z,45.42
8838,AAPLATMIV.U,2020-09-14T00:00:00Z,43.41
8839,AAPLATMIV.U,2020-09-15T00:00:00Z,41.99
8840,AAPLATMIV.U,2020-09-16T00:00:00Z,43.86
8841,AAPLATMIV.U,2020-09-17T00:00:00Z,45.19
8842,AAPLATMIV.U,2020-09-18T00:00:00Z,49.39
8843,AAPLATMIV.U,2020-09-19T00:00:00Z,45.19
8844,AAPLATMIV.U,2020-09-21T00:00:00Z,49.17
8845,AAPLATMIV.U,2020-09-22T00:00:00Z,46.39
8846,AAPLATMIV.U,2020-09-23T00:00:00Z,48.6
8847,AAPLATMIV.U,2020-09-24T00:00:00Z,50.06
8848,AAPLATMIV.U,2020-09-25T00:00:00Z,44.45
8849,AAPLATMIV.U,2020-09-26T00:00:00Z,44.45
8850,AAPLATMIV.U,2020-09-28T00:00:00Z,44.26
8851,AAPLATMIV.U,2020-09-29T00:00:00Z,44.6
8852,AAPLATMIV.U,2020-09-30T00:00:00Z,42.47
8853,AAPLATMIV.U,2020-10-01T00:00:00Z,45.97
8854,AAPLATMIV.U,2020-10-02T00:00:00Z,47.72
8855,AAPLATMIV.U,2020-10-03T00:00:00Z,47.72
8856,AAPLATMIV.U,2020-10-05T00:00:00Z,45.09
8857,AAPLATMIV.U,2020-10-06T00:00:00Z,45.12
8858,AAPLATMIV.U,2020-10-07T00:00:00Z,47.97
8859,AAPLATMIV.U,2020-10-08T00:00:00Z,46.19
8860,AAPLATMIV.U,2020-10-09T00:00:00Z,44.99
8861,AAPLATMIV.U,2020-10-10T00:00:00Z,44.99
8862,AAPLATMIV.U,2020-10-11T00:00:00Z,44.99
8863,AAPLATMIV.U,2020-10-12T00:00:00Z,48.03
8864,AAPLATMIV.U,2020-10-13T00:00:00Z,46.18
8865,AAPLATMIV.U,2020-10-14T00:00:00Z,44.93
8866,AAPLATMIV.U,2020-10-15T00:00:00Z,43.85
8867,AAPLATMIV.U,2020-10-16T00:00:00Z,42.86
8868,AAPLATMIV.U,2020-10-17T00:00:00Z,42.86
8869,AAPLATMIV.U,2020-10-18T00:00:00Z,42.86
8870,AAPLATMIV.U,2020-10-19T00:00:00Z,46.39
8871,AAPLATMIV.U,2020-10-20T00:00:00Z,36.13
8872,AAPLATMIV.U,2020-10-21T00:00:00Z,43.4
8873,AAPLATMIV.U,2020-10-22T00:00:00Z,42.76
8874,AAPLATMIV.U,2020-10-23T00:00:00Z,41.47
8875,AAPLATMIV.U,2020-10-24T00:00:00Z,41.47
8876,AAPLATMIV.U,2020-10-26T00:00:00Z,44.73
8877,AAPLATMIV.U,2020-10-27T00:00:00Z,42.42
8878,AAPLATMIV.U,2020-10-28T00:00:00Z,48.76
8879,AAPLATMIV.U,2020-10-29T00:00:00Z,41.32
8880,AAPLATMIV.U,2020-10-30T00:00:00Z,40.99
8881,AAPLATMIV.U,2020-10-31T00:00:00Z,40.99
8882,AAPLATMIV.U,2020-11-02T00:00:00Z,40.66
8883,AAPLATMIV.U,2020-11-03T00:00:00Z,38.04
8884,AAPLATMIV.U,2020-11-04T00:00:00Z,34.49
8885,AAPLATMIV.U,2020-11-05T00:00:00Z,33.82
8886,AAPLATMIV.U,2020-11-06T00:00:00Z,30.89
8887,AAPLATMIV.U,2020-11-07T00:00:00Z,30.89
8888,AAPLATMIV.U,2020-11-09T00:00:00Z,29.79
8889,AAPLATMIV.U,2020-11-10T00:00:00Z,33.59
8890,AAPLATMIV.U,2020-11-11T00:00:00Z,30.0
8891,AAPLATMIV.U,2020-11-12T00:00:00Z,31.98
8892,AAPLATMIV.U,2020-11-13T00:00:00Z,28.81
8893,AAPLATMIV.U,2020-11-14T00:00:00Z,28.81
8894,AAPLATMIV.U,2020-11-16T00:00:00Z,28.0
8895,AAPLATMIV.U,2020-11-17T00:00:00Z,28.86
8896,AAPLATMIV.U,2020-11-18T00:00:00Z,30.85
8897,AAPLATMIV.U,2020-11-19T00:00:00Z,28.55
8898,AAPLATMIV.U,2020-11-20T00:00:00Z,27.96
8899,AAPLATMIV.U,2020-11-21T00:00:00Z,27.96
8900,AAPLATMIV.U,2020-11-23T00:00:00Z,29.81
8901,AAPLATMIV.U,2020-11-24T00:00:00Z,28.11
8902,AAPLATMIV.U,2020-11-25T00:00:00Z,28.77
8903,AAPLATMIV.U,2020-11-26T00:00:00Z,29.22
8904,AAPLATMIV.U,2020-11-27T00:00:00Z,28.8
8905,AAPLATMIV.U,2020-11-28T00:00:00Z,28.8
8906,AAPLATMIV.U,2020-11-30T00:00:00Z,32.52
8907,AAPLATMIV.U,2020-12-01T00:00:00Z,31.31
8908,AAPLATMIV.U,2020-12-02T00:00:00Z,32.86
8909,AAPLATMIV.U,2020-12-03T00:00:00Z,36.68
8910,AAPLATMIV.U,2020-12-04T00:00:00Z,30.05
8911,AAPLATMIV.U,2020-12-05T00:00:00Z,30.05
8912,AAPLATMIV.U,2020-12-07T00:00:00Z,31.13
8913,AAPLATMIV.U,2020-12-08T00:00:00Z,31.14
8914,AAPLATMIV.U,2020-12-09T00:00:00Z,32.12
8915,AAPLATMIV.U,2020-12-10T00:00:00Z,32.18
8916,AAPLATMIV.U,2020-12-11T00:00:00Z,32.85
8917,AAPLATMIV.U,2020-12-12T00:00:00Z,32.85
8918,AAPLATMIV.U,2020-12-14T00:00:00Z,31.53
8919,AAPLATMIV.U,2020-12-15T00:00:00Z,35.13
8920,AAPLATMIV.U,2020-12-16T00:00:00Z,32.22
8921,AAPLATMIV.U,2020-12-17T00:00:00Z,32.27
8922,AAPLATMIV.U,2020-12-18T00:00:00Z,33.57
8923,AAPLATMIV.U,2020-12-19T00:00:00Z,33.57
8924,AAPLATMIV.U,2020-12-21T00:00:00Z,35.18
8925,AAPLATMIV.U,2020-12-22T00:00:00Z,35.45
8926,AAPLATMIV.U,2020-12-23T00:00:00Z,33.54
8927,AAPLATMIV.U,2020-12-24T00:00:00Z,36.91
8928,AAPLATMIV.U,2020-12-25T00:00:00Z,37.5
8929,AAPLATMIV.U,2020-12-26T00:00:00Z,37.5
8930,AAPLATMIV.U,2020-12-28T00:00:00Z,39.05
8931,AAPLATMIV.U,2020-12-29T00:00:00Z,38.16
8932,AAPLATMIV.U,2020-12-30T00:00:00Z,38.35
8933,AAPLATMIV.U,2020-12-31T00:00:00Z,38.32
8934,AAPLATMIV.U,2021-01-01T00:00:00Z,38.93
8935,AAPLATMIV.U,2021-01-02T00:00:00Z,38.93
8936,AAPLATMIV.U,2021-01-04T00:00:00Z,39.55
8937,AAPLATMIV.U,2021-01-05T00:00:00Z,38.98
8938,AAPLATMIV.U,2021-01-06T00:00:00Z,40.74
8939,AAPLATMIV.U,2021-01-07T00:00:00Z,48.02
8940,AAPLATMIV.U,2021-01-08T00:00:00Z,39.49
8941,AAPLATMIV.U,2021-01-09T00:00:00Z,39.49
8942,AAPLATMIV.U,2021-01-11T00:00:00Z,53.54
8943,AAPLATMIV.U,2021-01-12T00:00:00Z,41.86
8944,AAPLATMIV.U,2021-01-13T00:00:00Z,41.27
8945,AAPLATMIV.U,2021-01-14T00:00:00Z,38.25
8946,AAPLATMIV.U,2021-01-15T00:00:00Z,34.26
8947,AAPLATMIV.U,2021-01-16T00:00:00Z,41.27
8948,AAPLATMIV.U,2021-01-18T00:00:00Z,41.29
8949,AAPLATMIV.U,2021-01-19T00:00:00Z,37.42
8950,AAPLATMIV.U,2021-01-20T00:00:00Z,39.44
8951,AAPLATMIV.U,2021-01-21T00:00:00Z,30.02
8952,AAPLATMIV.U,2021-01-22T00:00:00Z,41.76
8953,AAPLATMIV.U,2021-01-23T00:00:00Z,41.76
8954,AAPLATMIV.U,2021-01-24T00:00:00Z,41.76
8955,AAPLATMIV.U,2021-01-25T00:00:00Z,47.52
8956,AAPLATMIV.U,2021-01-26T00:00:00Z,29.72
8957,AAPLATMIV.U,2021-01-27T00:00:00Z,27.87
8958,AAPLATMIV.U,2021-01-28T00:00:00Z,41.6
8959,AAPLATMIV.U,2021-01-29T00:00:00Z,29.77
8960,AAPLATMIV.U,2021-01-30T00:00:00Z,41.6
8961,AAPLATMIV.U,2021-02-01T00:00:00Z,37.47
8962,AAPLATMIV.U,2021-02-02T00:00:00Z,33.44
8963,AAPLATMIV.U,2021-02-03T00:00:00Z,32.55
8964,AAPLATMIV.U,2021-02-04T00:00:00Z,31.86
8965,AAPLATMIV.U,2021-02-05T00:00:00Z,34.53
8966,AAPLATMIV.U,2021-02-06T00:00:00Z,31.86
8967,AAPLATMIV.U,2021-02-08T00:00:00Z,29.26
8968,AAPLATMIV.U,2021-02-09T00:00:00Z,30.28
8969,AAPLATMIV.U,2021-02-10T00:00:00Z,29.75
8970,AAPLATMIV.U,2021-02-11T00:00:00Z,28.73
8971,AAPLATMIV.U,2021-02-12T00:00:00Z,26.85
8972,AAPLATMIV.U,2021-02-13T00:00:00Z,26.85
8973,AAPLATMIV.U,2021-02-15T00:00:00Z,28.4
8974,AAPLATMIV.U,2021-02-16T00:00:00Z,27.32
8975,AAPLATMIV.U,2021-02-17T00:00:00Z,28.17
8976,AAPLATMIV.U,2021-02-18T00:00:00Z,29.28
8977,AAPLATMIV.U,2021-02-19T00:00:00Z,27.43
8978,AAPLATMIV.U,2021-02-20T00:00:00Z,27.43
8979,AAPLATMIV.U,2021-02-22T00:00:00Z,31.79
8980,AAPLATMIV.U,2021-02-23T00:00:00Z,32.92
8981,AAPLATMIV.U,2021-02-24T00:00:00Z,32.47
8982,AAPLATMIV.U,2021-02-25T00:00:00Z,37.8
8983,AAPLATMIV.U,2021-02-26T00:00:00Z,35.25
8984,AAPLATMIV.U,2021-02-27T00:00:00Z,35.25
8985,AAPLATMIV.U,2021-03-01T00:00:00Z,29.84
8986,AAPLATMIV.U,2021-03-02T00:00:00Z,31.37
8987,AAPLATMIV.U,2021-03-03T00:00:00Z,34.84
8988,AAPLATMIV.U,2021-03-04T00:00:00Z,37.66
8989,AAPLATMIV.U,2021-03-05T00:00:00Z,33.78
8990,AAPLATMIV.U,2021-03-06T00:00:00Z,33.78
8991,AAPLATMIV.U,2021-03-08T00:00:00Z,38.88
8992,AAPLATMIV.U,2021-03-09T00:00:00Z,30.19
8993,AAPLATMIV.U,2021-03-10T00:00:00Z,34.05
8994,AAPLATMIV.U,2021-03-11T00:00:00Z,29.89
8995,AAPLATMIV.U,2021-03-12T00:00:00Z,31.64
8996,AAPLATMIV.U,2021-03-13T00:00:00Z,31.64
8997,AAPLATMIV.U,2021-03-15T00:00:00Z,31.7
8998,AAPLATMIV.U,2021-03-16T00:00:00Z,26.08
8999,AAPLATMIV.U,2021-03-16T00:00:00Z,26.08
9000,AAPLATMIV.U,2021-03-16T00:00:00Z,26.08
9001,AAPLATMIV.U,2021-03-19T00:00:00Z,27.42
9002,AAPLATMIV.U,2021-03-20T00:00:00Z,31.7
9003,AAPLATMIV.U,2021-03-22T00:00:00Z,28.02
9004,AAPLATMIV.U,2021-03-23T00:00:00Z,27.14
9005,AAPLATMIV.U,2021-03-24T00:00:00Z,27.71
9006,AAPLATMIV.U,2021-03-25T00:00:00Z,29.46
9007,AAPLATMIV.U,2021-03-26T00:00:00Z,30.13
9008,AAPLATMIV.U,2021-03-27T00:00:00Z,28.02
9009,AAPLATMIV.U,2021-03-29T00:00:00Z,30.98
9010,AAPLATMIV.U,2021-03-30T00:00:00Z,30.81
9011,AAPLATMIV.U,2021-03-31T00:00:00Z,30.27
9012,AAPLATMIV.U,2021-04-01T00:00:00Z,28.78
9013,AAPLATMIV.U,2021-04-02T00:00:00Z,29.26
9014,AAPLATMIV.U,2021-04-03T00:00:00Z,29.26
9015,AAPLATMIV.U,2021-04-05T00:00:00Z,31.25
9016,AAPLATMIV.U,2021-04-06T00:00:00Z,30.0
9017,AAPLATMIV.U,2021-04-07T00:00:00Z,29.67
9018,AAPLATMIV.U,2021-04-08T00:00:00Z,29.88
9019,AAPLATMIV.U,2021-04-09T00:00:00Z,30.17
9020,AAPLATMIV.U,2021-04-10T00:00:00Z,30.17
9021,AAPLATMIV.U,2021-04-11T00:00:00Z,30.17
9022,AAPLATMIV.U,2021-04-12T00:00:00Z,31.01
9023,AAPLATMIV.U,2021-04-13T00:00:00Z,25.3
9024,AAPLATMIV.U,2021-04-14T00:00:00Z,23.95
9025,AAPLATMIV.U,2021-04-15T00:00:00Z,31.13
9026,AAPLATMIV.U,2021-04-16T00:00:00Z,29.59
9027,AAPLATMIV.U,2021-04-17T00:00:00Z,29.59
9028,AAPLATMIV.U,2021-04-19T00:00:00Z,30.54
9029,AAPLATMIV.U,2021-04-20T00:00:00Z,31.03
9030,AAPLATMIV.U,2021-04-21T00:00:00Z,29.69
9031,AAPLATMIV.U,2021-04-22T00:00:00Z,26.18
9032,AAPLATMIV.U,2021-04-23T00:00:00Z,27.83
9033,AAPLATMIV.U,2021-04-24T00:00:00Z,27.83
9034,AAPLATMIV.U,2021-04-26T00:00:00Z,32.69
9035,AAPLATMIV.U,2021-04-27T00:00:00Z,29.11
9036,AAPLATMIV.U,2021-04-28T00:00:00Z,25.2
9037,AAPLATMIV.U,2021-04-29T00:00:00Z,23.45
9038,AAPLATMIV.U,2021-04-30T00:00:00Z,22.75
9039,AAPLATMIV.U,2021-05-01T00:00:00Z,22.75
9040,AAPLATMIV.U,2021-05-03T00:00:00Z,27.39
9041,AAPLATMIV.U,2021-05-04T00:00:00Z,24.35
9042,AAPLATMIV.U,2021-05-05T00:00:00Z,24.59
9043,AAPLATMIV.U,2021-05-06T00:00:00Z,22.56
9044,AAPLATMIV.U,2021-05-07T00:00:00Z,22.71
9045,AAPLATMIV.U,2021-05-08T00:00:00Z,22.75
9046,AAPLATMIV.U,2021-05-10T00:00:00Z,21.89
9047,AAPLATMIV.U,2021-05-11T00:00:00Z,22.15
9048,AAPLATMIV.U,2021-05-12T00:00:00Z,21.18
9049,AAPLATMIV.U,2021-05-12T00:00:00Z,21.18
9050,AAPLATMIV.U,2021-05-12T00:00:00Z,21.18
9051,AAPLATMIV.U,2021-05-15T00:00:00Z,21.74
9052,AAPLATMIV.U,2021-05-17T00:00:00Z,24.24
9053,AAPLATMIV.U,2021-05-18T00:00:00Z,23.29
9054,AAPLATMIV.U,2021-05-19T00:00:00Z,22.09
9055,AAPLATMIV.U,2021-05-20T00:00:00Z,22.59
9056,AAPLATMIV.U,2021-05-21T00:00:00Z,22.25
9057,AAPLATMIV.U,2021-05-22T00:00:00Z,24.24
9058,AAPLATMIV.U,2021-05-24T00:00:00Z,21.25
9059,AAPLATMIV.U,2021-05-25T00:00:00Z,20.66
9060,AAPLATMIV.U,2021-05-26T00:00:00Z,19.03
9061,AAPLATMIV.U,2021-05-27T00:00:00Z,20.71
9062,AAPLATMIV.U,2021-05-28T00:00:00Z,21.16
9063,AAPLATMIV.U,2021-05-29T00:00:00Z,21.25
9064,AAPLATMIV.U,2021-05-31T00:00:00Z,21.75
9065,AAPLATMIV.U,2021-06-01T00:00:00Z,20.15
9066,AAPLATMIV.U,2021-06-02T00:00:00Z,21.69
9067,AAPLATMIV.U,2021-06-03T00:00:00Z,22.51
9068,AAPLATMIV.U,2021-06-04T00:00:00Z,21.39
9069,AAPLATMIV.U,2021-06-05T00:00:00Z,21.39
9070,AAPLATMIV.U,2021-06-07T00:00:00Z,21.68
9071,AAPLATMIV.U,2021-06-08T00:00:00Z,21.45
9072,AAPLATMIV.U,2021-06-09T00:00:00Z,21.19
9073,AAPLATMIV.U,2021-06-10T00:00:00Z,19.52
9074,AAPLATMIV.U,2021-06-11T00:00:00Z,17.76
9075,AAPLATMIV.U,2021-06-12T00:00:00Z,17.76
9076,AAPLATMIV.U,2021-06-14T00:00:00Z,20.36
9077,AAPLATMIV.U,2021-06-15T00:00:00Z,28.34
9078,AAPLATMIV.U,2021-06-16T00:00:00Z,19.41
9079,AAPLATMIV.U,2021-06-17T00:00:00Z,18.7
9080,AAPLATMIV.U,2021-06-18T00:00:00Z,24.23
9081,AAPLATMIV.U,2021-06-19T00:00:00Z,18.7
9082,AAPLATMIV.U,2021-06-21T00:00:00Z,19.18
9083,AAPLATMIV.U,2021-06-22T00:00:00Z,20.01
9084,AAPLATMIV.U,2021-06-23T00:00:00Z,19.28
9085,AAPLATMIV.U,2021-06-24T00:00:00Z,25.49
9086,AAPLATMIV.U,2021-06-25T00:00:00Z,20.4
9087,AAPLATMIV.U,2021-06-26T00:00:00Z,20.4
9088,AAPLATMIV.U,2021-06-28T00:00:00Z,21.84
9089,AAPLATMIV.U,2021-06-29T00:00:00Z,22.4
9090,AAPLATMIV.U,2021-06-30T00:00:00Z,27.57
9091,AAPLATMIV.U,2021-07-01T00:00:00Z,29.95
9092,AAPLATMIV.U,2021-07-02T00:00:00Z,23.96
9093,AAPLATMIV.U,2021-07-03T00:00:00Z,23.96
9094,AAPLATMIV.U,2021-07-05T00:00:00Z,24.99
9095,AAPLATMIV.U,2021-07-06T00:00:00Z,26.83
9096,AAPLATMIV.U,2021-07-07T00:00:00Z,27.87
9097,AAPLATMIV.U,2021-07-08T00:00:00Z,28.32
9098,AAPLATMIV.U,2021-07-09T00:00:00Z,28.46
9099,AAPLATMIV.U,2021-07-10T00:00:00Z,28.46
9100,AAPLATMIV.U,2021-07-12T00:00:00Z,26.68
9101,AAPLATMIV.U,2021-07-13T00:00:00Z,26.66
9102,AAPLATMIV.U,2021-07-14T00:00:00Z,27.29
9103,AAPLATMIV.U,2021-07-15T00:00:00Z,26.04
9104,AAPLATMIV.U,2021-07-16T00:00:00Z,20.91
9105,AAPLATMIV.U,2021-07-17T00:00:00Z,26.04
9106,AAPLATMIV.U,2021-07-19T00:00:00Z,21.32
9107,AAPLATMIV.U,2021-07-20T00:00:00Z,27.29
9108,AAPLATMIV.U,2021-07-21T00:00:00Z,19.42
9109,AAPLATMIV.U,2021-07-22T00:00:00Z,26.81
9110,AAPLATMIV.U,2021-07-23T00:00:00Z,25.21
9111,AAPLATMIV.U,2021-07-24T00:00:00Z,25.21
9112,AAPLATMIV.U,2021-07-26T00:00:00Z,19.81
9113,AAPLATMIV.U,2021-07-27T00:00:00Z,21.23
9114,AAPLATMIV.U,2021-07-28T00:00:00Z,23.5
9115,AAPLATMIV.U,2021-07-29T00:00:00Z,21.17
9116,AAPLATMIV.U,2021-07-30T00:00:00Z,21.27
9117,AAPLATMIV.U,2021-07-31T00:00:00Z,21.27
9118,AAPLATMIV.U,2021-08-02T00:00:00Z,25.33
9119,AAPLATMIV.U,2021-08-03T00:00:00Z,21.28
9120,AAPLATMIV.U,2021-08-04T00:00:00Z,21.73
9121,AAPLATMIV.U,2021-08-05T00:00:00Z,21.78
9122,AAPLATMIV.U,2021-08-06T00:00:00Z,19.6
9123,AAPLATMIV.U,2021-08-07T00:00:00Z,19.6
9124,AAPLATMIV.U,2021-08-09T00:00:00Z,20.43
9125,AAPLATMIV.U,2021-08-10T00:00:00Z,19.93
9126,AAPLATMIV.U,2021-08-11T00:00:00Z,19.6
9127,AAPLATMIV.U,2021-08-12T00:00:00Z,20.18
9128,AAPLATMIV.U,2021-08-13T00:00:00Z,23.14
9129,AAPLATMIV.U,2021-08-14T00:00:00Z,20.18
9130,AAPLATMIV.U,2021-08-16T00:00:00Z,21.41
9131,AAPLATMIV.U,2021-08-17T00:00:00Z,22.79
9132,AAPLATMIV.U,2021-08-18T00:00:00Z,21.56
9133,AAPLATMIV.U,2021-08-19T00:00:00Z,24.78
9134,AAPLATMIV.U,2021-08-20T00:00:00Z,24.32
9135,AAPLATMIV.U,2021-08-21T00:00:00Z,24.78
9136,AAPLATMIV.U,2021-08-23T00:00:00Z,21.94
9137,AAPLATMIV.U,2021-08-24T00:00:00Z,24.42
9138,AAPLATMIV.U,2021-08-25T00:00:00Z,20.84
9139,AAPLATMIV.U,2021-08-26T00:00:00Z,24.83
9140,AAPLATMIV.U,2021-08-27T00:00:00Z,24.1
9141,AAPLATMIV.U,2021-08-28T00:00:00Z,20.84
9142,AAPLATMIV.U,2021-08-30T00:00:00Z,22.55
9143,AAPLATMIV.U,2021-08-31T00:00:00Z,21.89
9144,AAPLATMIV.U,2021-09-01T00:00:00Z,23.45
9145,AAPLATMIV.U,2021-09-02T00:00:00Z,22.6
9146,AAPLATMIV.U,2021-09-03T00:00:00Z,21.3
9147,AAPLATMIV.U,2021-09-04T00:00:00Z,21.3
9148,AAPLATMIV.U,2021-09-05T00:00:00Z,21.3
9149,AAPLATMIV.U,2021-09-06T00:00:00Z,22.29
9150,AAPLATMIV.U,2021-09-07T00:00:00Z,21.91
9151,AAPLATMIV.U,2021-09-08T00:00:00Z,21.3
9152,AAPLATMIV.U,2021-09-09T00:00:00Z,24.08
9153,AAPLATMIV.U,2021-09-10T00:00:00Z,27.83
9154,AAPLATMIV.U,2021-09-11T00:00:00Z,24.08
9155,AAPLATMIV.U,2021-09-13T00:00:00Z,27.18
9156,AAPLATMIV.U,2021-09-14T00:00:00Z,28.17
9157,AAPLATMIV.U,2021-09-15T00:00:00Z,25.08
9158,AAPLATMIV.U,2021-09-16T00:00:00Z,29.81
9159,AAPLATMIV.U,2021-09-17T00:00:00Z,26.53
9160,AAPLATMIV.U,2021-09-18T00:00:00Z,25.29
9161,AAPLATMIV.U,2021-09-20T00:00:00Z,26.38
9162,AAPLATMIV.U,2021-09-21T00:00:00Z,25.16
9163,AAPLATMIV.U,2021-09-22T00:00:00Z,24.15
9164,AAPLATMIV.U,2021-09-23T00:00:00Z,25.87
9165,AAPLATMIV.U,2021-09-24T00:00:00Z,22.94
9166,AAPLATMIV.U,2021-09-25T00:00:00Z,22.94
9167,AAPLATMIV.U,2021-09-27T00:00:00Z,22.02
9168,AAPLATMIV.U,2021-09-28T00:00:00Z,23.71
9169,AAPLATMIV.U,2021-09-29T00:00:00Z,28.65
9170,AAPLATMIV.U,2021-09-30T00:00:00Z,29.42
9171,AAPLATMIV.U,2021-10-01T00:00:00Z,22.99
9172,AAPLATMIV.U,2021-10-02T00:00:00Z,29.42
9173,AAPLATMIV.U,2021-10-04T00:00:00Z,22.65
9174,AAPLATMIV.U,2021-10-05T00:00:00Z,27.88
9175,AAPLATMIV.U,2021-10-06T00:00:00Z,23.21
9176,AAPLATMIV.U,2021-10-07T00:00:00Z,26.22
9177,AAPLATMIV.U,2021-10-08T00:00:00Z,25.12
9178,AAPLATMIV.U,2021-10-09T00:00:00Z,25.12
9179,AAPLATMIV.U,2021-10-10T00:00:00Z,25.12
9180,AAPLATMIV.U,2021-10-11T00:00:00Z,25.12
9181,AAPLATMIV.U,2021-10-12T00:00:00Z,27.12
9182,AAPLATMIV.U,2021-10-13T00:00:00Z,25.44
9183,AAPLATMIV.U,2021-10-14T00:00:00Z,22.22
9184,AAPLATMIV.U,2021-10-15T00:00:00Z,20.46
9185,AAPLATMIV.U,2021-10-16T00:00:00Z,22.22
9186,AAPLATMIV.U,2021-10-18T00:00:00Z,21.74
9187,AAPLATMIV.U,2021-10-19T00:00:00Z,20.76
9188,AAPLATMIV.U,2021-10-20T00:00:00Z,21.95
9189,AAPLATMIV.U,2021-10-21T00:00:00Z,21.47
9190,AAPLATMIV.U,2021-10-22T00:00:00Z,22.01
9191,AAPLATMIV.U,2021-10-23T00:00:00Z,22.01
9192,AAPLATMIV.U,2021-10-25T00:00:00Z,22.23
9193,AAPLATMIV.U,2021-10-26T00:00:00Z,22.18
9194,AAPLATMIV.U,2021-10-27T00:00:00Z,21.04
9195,AAPLATMIV.U,2021-10-28T00:00:00Z,21.54
9196,AAPLATMIV.U,2021-10-29T00:00:00Z,22.41
9197,AAPLATMIV.U,2021-10-30T00:00:00Z,22.41
9198,AAPLATMIV.U,2021-11-01T00:00:00Z,22.19
9199,AAPLATMIV.U,2021-11-02T00:00:00Z,24.12
9200,AAPLATMIV.U,2021-11-03T00:00:00Z,23.14
9201,AAPLATMIV.U,2021-11-04T00:00:00Z,25.01
9202,AAPLATMIV.U,2021-11-05T00:00:00Z,27.13
9203,AAPLATMIV.U,2021-11-08T00:00:00Z,26.48
9204,AAPLATMIV.U,2021-11-09T00:00:00Z,21.37
9205,AAPLATMIV.U,2021-11-10T00:00:00Z,30.13
9206,AAPLATMIV.U,2021-11-11T00:00:00Z,21.43
9207,AAPLATMIV.U,2021-11-12T00:00:00Z,20.97
9208,AAPLATMIV.U,2021-11-15T00:00:00Z,32.46
9209,AAPLATMIV.U,2021-11-16T00:00:00Z,30.37
9210,AAPLATMIV.U,2021-11-17T00:00:00Z,20.33
9211,AAPLATMIV.U,2021-11-18T00:00:00Z,23.67
9212,AAPLATMIV.U,2021-11-19T00:00:00Z,22.18
9213,AAPLATMIV.U,2021-11-22T00:00:00Z,29.56
9214,AAPLATMIV.U,2021-11-23T00:00:00Z,27.37
9215,AAPLATMIV.U,2021-11-24T00:00:00Z,30.38
9216,AAPLATMIV.U,2021-11-24T00:00:00Z,30.38
9217,AAPLATMIV.U,2021-11-26T00:00:00Z,30.01
9218,AAPLATMIV.U,2021-11-29T00:00:00Z,25.93
9219,AAPLATMIV.U,2021-11-30T00:00:00Z,28.4
9220,AAPLATMIV.U,2021-12-01T00:00:00Z,31.86
9221,AAPLATMIV.U,2021-12-02T00:00:00Z,27.54
9222,AAPLATMIV.U,2021-12-03T00:00:00Z,28.57
9223,AAPLATMIV.U,2021-12-06T00:00:00Z,28.13
9224,AAPLATMIV.U,2021-12-07T00:00:00Z,26.89
9225,AAPLATMIV.U,2021-12-07T00:00:00Z,26.89
9226,AAPLATMIV.U,2021-12-07T00:00:00Z,26.89
9227,AAPLATMIV.U,2021-12-10T00:00:00Z,29.65
9228,AAPLATMIV.U,2021-12-13T00:00:00Z,26.18
9229,AAPLATMIV.U,2021-12-14T00:00:00Z,31.9
9230,AAPLATMIV.U,2021-12-15T00:00:00Z,29.47
9231,AAPLATMIV.U,2021-12-16T00:00:00Z,25.89
9232,AAPLATMIV.U,2021-12-17T00:00:00Z,26.81
9233,AAPLATMIV.U,2021-12-20T00:00:00Z,32.21
9234,AAPLATMIV.U,2021-12-21T00:00:00Z,29.78
9235,AAPLATMIV.U,2021-12-22T00:00:00Z,28.24
9236,AAPLATMIV.U,2021-12-23T00:00:00Z,26.22
9237,AAPLATMIV.U,2021-12-23T00:00:00Z,26.22
9238,AAPLATMIV.U,2021-12-27T00:00:00Z,26.31
9239,AAPLATMIV.U,2021-12-28T00:00:00Z,29.22
9240,AAPLATMIV.U,2021-12-29T00:00:00Z,29.12
9241,AAPLATMIV.U,2021-12-29T00:00:00Z,29.12
9242,AAPLATMIV.U,2021-12-31T00:00:00Z,28.12
9243,AAPLATMIV.U,2022-01-03T00:00:00Z,27.28
9244,AAPLATMIV.U,2022-01-04T00:00:00Z,33.53
9245,AAPLATMIV.U,2022-01-05T00:00:00Z,30.98
9246,AAPLATMIV.U,2022-01-06T00:00:00Z,37.51
9247,AAPLATMIV.U,2022-01-07T00:00:00Z,40.51
9248,AAPLATMIV.U,2022-01-10T00:00:00Z,40.92
9249,AAPLATMIV.U,2022-01-11T00:00:00Z,42.36
9250,AAPLATMIV.U,2022-01-12T00:00:00Z,31.9
9251,AAPLATMIV.U,2022-01-13T00:00:00Z,30.01
9252,AAPLATMIV.U,2022-01-14T00:00:00Z,26.32
9253,AAPLATMIV.U,2022-01-14T00:00:00Z,26.32
9254,AAPLATMIV.U,2022-01-18T00:00:00Z,28.47
9255,AAPLATMIV.U,2022-01-19T00:00:00Z,26.08
9256,AAPLATMIV.U,2022-01-20T00:00:00Z,26.26
9257,AAPLATMIV.U,2022-01-21T00:00:00Z,26.33
9258,AAPLATMIV.U,2022-01-24T00:00:00Z,37.1
9259,AAPLATMIV.U,2022-01-25T00:00:00Z,20.39
9260,AAPLATMIV.U,2022-01-26T00:00:00Z,40.02
9261,AAPLATMIV.U,2022-01-27T00:00:00Z,39.67
9262,AAPLATMIV.U,2022-01-28T00:00:00Z,25.35
9263,AAPLATMIV.U,2022-01-31T00:00:00Z,25.14
9264,AAPLATMIV.U,2022-02-01T00:00:00Z,28.51
9265,AAPLATMIV.U,2022-02-02T00:00:00Z,28.71
9266,AAPLATMIV.U,2022-02-03T00:00:00Z,27.21
9267,AAPLATMIV.U,2022-02-04T00:00:00Z,30.28
9268,AAPLATMIV.U,2022-02-07T00:00:00Z,29.79
9269,AAPLATMIV.U,2022-02-08T00:00:00Z,22.84
9270,AAPLATMIV.U,2022-02-09T00:00:00Z,28.52
9271,AAPLATMIV.U,2022-02-10T00:00:00Z,24.04
9272,AAPLATMIV.U,2022-02-11T00:00:00Z,28.1
9273,AAPLATMIV.U,2022-02-14T00:00:00Z,27.92
9274,AAPLATMIV.U,2022-02-15T00:00:00Z,28.92
9275,AAPLATMIV.U,2022-02-16T00:00:00Z,30.33
9276,AAPLATMIV.U,2022-02-17T00:00:00Z,32.78
9277,AAPLATMIV.U,2022-02-18T00:00:00Z,37.79
9278,AAPLATMIV.U,2022-02-18T00:00:00Z,37.79
9279,AAPLATMIV.U,2022-02-22T00:00:00Z,29.07
9280,AAPLATMIV.U,2022-02-23T00:00:00Z,34.97
9281,AAPLATMIV.U,2022-02-24T00:00:00Z,30.54
9282,AAPLATMIV.U,2022-02-25T00:00:00Z,26.34
9283,AAPLATMIV.U,2022-02-28T00:00:00Z,28.37
9284,AAPLATMIV.U,2022-03-01T00:00:00Z,31.22
9285,AAPLATMIV.U,2022-03-02T00:00:00Z,25.52
9286,AAPLATMIV.U,2022-03-03T00:00:00Z,26.85
9287,AAPLATMIV.U,2022-03-04T00:00:00Z,24.66
9288,AAPLATMIV.U,2022-03-07T00:00:00Z,36.29
9289,AAPLATMIV.U,2022-03-08T00:00:00Z,36.93
9290,AAPLATMIV.U,2022-03-09T00:00:00Z,24.84
9291,AAPLATMIV.U,2022-03-10T00:00:00Z,31.08
9292,AAPLATMIV.U,2022-03-11T00:00:00Z,25.68
9293,AAPLATMIV.U,2022-03-14T00:00:00Z,25.75
9294,AAPLATMIV.U,2022-03-15T00:00:00Z,25.69
9295,AAPLATMIV.U,2022-03-16T00:00:00Z,27.24
9296,AAPLATMIV.U,2022-03-17T00:00:00Z,25.52
9297,AAPLATMIV.U,2022-03-18T00:00:00Z,23.41
9298,AAPLATMIV.U,2022-03-21T00:00:00Z,24.72
9299,AAPLATMIV.U,2022-03-22T00:00:00Z,21.54
9300,AAPLATMIV.U,2022-03-23T00:00:00Z,23.89
9301,AAPLATMIV.U,2022-03-24T00:00:00Z,24.23
9302,AAPLATMIV.U,2022-03-25T00:00:00Z,23.43
9303,AAPLATMIV.U,2022-03-28T00:00:00Z,24.47
9304,AAPLATMIV.U,2022-03-29T00:00:00Z,23.85
9305,AAPLATMIV.U,2022-03-30T00:00:00Z,26.07
9306,AAPLATMIV.U,2022-03-31T00:00:00Z,28.25
9307,AAPLATMIV.U,2022-04-01T00:00:00Z,25.36
9308,AAPLATMIV.U,2022-04-04T00:00:00Z,24.52
9309,AAPLATMIV.U,2022-04-05T00:00:00Z,27.08
9310,AAPLATMIV.U,2022-04-06T00:00:00Z,28.37
9311,AAPLATMIV.U,2022-04-07T00:00:00Z,28.21
9312,AAPLATMIV.U,2022-04-08T00:00:00Z,28.33
9313,AAPLATMIV.U,2022-04-11T00:00:00Z,32.02
9314,AAPLATMIV.U,2022-04-12T00:00:00Z,30.12
9315,AAPLATMIV.U,2022-04-13T00:00:00Z,28.41
9316,AAPLATMIV.U,2022-04-14T00:00:00Z,29.84
9317,AAPLATMIV.U,2022-04-14T00:00:00Z,29.84
9318,AAPLATMIV.U,2022-04-18T00:00:00Z,30.4
9319,AAPLATMIV.U,2022-04-19T00:00:00Z,28.27
9320,AAPLATMIV.U,2022-04-20T00:00:00Z,28.91
9321,AAPLATMIV.U,2022-04-21T00:00:00Z,30.83
9322,AAPLATMIV.U,2022-04-22T00:00:00Z,36.36
9323,AAPLATMIV.U,2022-04-25T00:00:00Z,36.8
9324,AAPLATMIV.U,2022-04-26T00:00:00Z,42.85
9325,AAPLATMIV.U,2022-04-27T00:00:00Z,41.44
9326,AAPLATMIV.U,2022-04-28T00:00:00Z,36.04
9327,AAPLATMIV.U,2022-04-29T00:00:00Z,36.6
9328,AAPLATMIV.U,2022-05-02T00:00:00Z,34.0
9329,AAPLATMIV.U,2022-05-03T00:00:00Z,32.97
9330,AAPLATMIV.U,2022-05-04T00:00:00Z,27.95
9331,AAPLATMIV.U,2022-05-05T00:00:00Z,35.25
9332,AAPLATMIV.U,2022-05-06T00:00:00Z,34.18
9333,AAPLATMIV.U,2022-05-09T00:00:00Z,39.05
9334,AAPLATMIV.U,2022-05-10T00:00:00Z,37.46
9335,AAPLATMIV.U,2022-05-11T00:00:00Z,40.68
9336,AAPLATMIV.U,2022-05-12T00:00:00Z,40.98
9337,AAPLATMIV.U,2022-05-13T00:00:00Z,35.47
9338,AAPLATMIV.U,2022-05-16T00:00:00Z,35.08
9339,AAPLATMIV.U,2022-05-17T00:00:00Z,30.98
9340,AAPLATMIV.U,2022-05-18T00:00:00Z,37.44
9341,AAPLATMIV.U,2022-05-19T00:00:00Z,36.17
9342,AAPLATMIV.U,2022-05-20T00:00:00Z,36.69
9343,AAPLATMIV.U,2022-05-23T00:00:00Z,36.04
9344,AAPLATMIV.U,2022-05-24T00:00:00Z,38.2
9345,AAPLATMIV.U,2022-05-25T00:00:00Z,37.15
9346,AAPLATMIV.U,2022-05-26T00:00:00Z,35.08
9347,AAPLATMIV.U,2022-05-27T00:00:00Z,31.31
9348,AAPLATMIV.U,2022-05-27T00:00:00Z,31.31
9349,AAPLATMIV.U,2022-05-31T00:00:00Z,33.79
9350,AAPLATMIV.U,2022-06-01T00:00:00Z,33.06
9351,AAPLATMIV.U,2022-06-02T00:00:00Z,30.55
9352,AAPLATMIV.U,2022-06-03T00:00:00Z,33.3
9353,AAPLATMIV.U,2022-06-06T00:00:00Z,32.82
9354,AAPLATMIV.U,2022-06-07T00:00:00Z,30.37
9355,AAPLATMIV.U,2022-06-08T00:00:00Z,31.1
9356,AAPLATMIV.U,2022-06-09T00:00:00Z,33.5
9357,AAPLATMIV.U,2022-06-10T00:00:00Z,35.22
9358,AAPLATMIV.U,2022-06-13T00:00:00Z,39.99
9359,AAPLATMIV.U,2022-06-14T00:00:00Z,36.94
9360,AAPLATMIV.U,2022-06-15T00:00:00Z,32.56
9361,AAPLATMIV.U,2022-06-16T00:00:00Z,39.33
9362,AAPLATMIV.U,2022-06-17T00:00:00Z,35.23
9363,AAPLATMIV.U,2022-06-17T00:00:00Z,35.23
9364,AAPLATMIV.U,2022-06-21T00:00:00Z,34.67
9365,AAPLATMIV.U,2022-06-22T00:00:00Z,36.15
9366,AAPLATMIV.U,2022-06-23T00:00:00Z,36.12
9367,AAPLATMIV.U,2022-06-24T00:00:00Z,32.36
9368,AAPLATMIV.U,2022-06-27T00:00:00Z,35.29
9369,AAPLATMIV.U,2022-06-28T00:00:00Z,38.0
9370,AAPLATMIV.U,2022-06-29T00:00:00Z,38.07
9371,AAPLATMIV.U,2022-06-30T00:00:00Z,39.5
9372,AAPLATMIV.U,2022-07-01T00:00:00Z,36.4
9373,AAPLATMIV.U,2022-07-01T00:00:00Z,36.4
9374,AAPLATMIV.U,2022-07-05T00:00:00Z,36.32
9375,AAPLATMIV.U,2022-07-06T00:00:00Z,35.91
9376,AAPLATMIV.U,2022-07-07T00:00:00Z,33.96
9377,AAPLATMIV.U,2022-07-08T00:00:00Z,32.53
9378,AAPLATMIV.U,2022-07-11T00:00:00Z,35.26
9379,AAPLATMIV.U,2022-07-12T00:00:00Z,36.27
9380,AAPLATMIV.U,2022-07-13T00:00:00Z,36.67
9381,AAPLATMIV.U,2022-07-14T00:00:00Z,35.3
9382,AAPLATMIV.U,2022-07-15T00:00:00Z,32.35
9383,AAPLATMIV.U,2022-07-18T00:00:00Z,35.76
9384,AAPLATMIV.U,2022-07-19T00:00:00Z,32.83
9385,AAPLATMIV.U,2022-07-20T00:00:00Z,30.88
9386,AAPLATMIV.U,2022-07-21T00:00:00Z,30.35
9387,AAPLATMIV.U,2022-07-22T00:00:00Z,31.06
9388,AAPLATMIV.U,2022-07-25T00:00:00Z,32.87
9389,AAPLATMIV.U,2022-07-26T00:00:00Z,34.04
9390,AAPLATMIV.U,2022-07-27T00:00:00Z,30.73
9391,AAPLATMIV.U,2022-07-28T00:00:00Z,28.4
9392,AAPLATMIV.U,2022-07-29T00:00:00Z,23.25
9393,AAPLATMIV.U,2022-08-01T00:00:00Z,26.29
9394,AAPLATMIV.U,2022-08-02T00:00:00Z,27.62
9395,AAPLATMIV.U,2022-08-03T00:00:00Z,25.45
9396,AAPLATMIV.U,2022-08-04T00:00:00Z,25.2
9397,AAPLATMIV.U,2022-08-05T00:00:00Z,24.32
9398,AAPLATMIV.U,2022-08-08T00:00:00Z,24.66
9399,AAPLATMIV.U,2022-08-09T00:00:00Z,25.47
9400,AAPLATMIV.U,2022-08-10T00:00:00Z,21.95
9401,AAPLATMIV.U,2022-08-11T00:00:00Z,22.69
9402,AAPLATMIV.U,2022-08-12T00:00:00Z,21.05
9403,AAPLATMIV.U,2022-08-15T00:00:00Z,21.17
9404,AAPLATMIV.U,2022-08-16T00:00:00Z,21.38
9405,AAPLATMIV.U,2022-08-17T00:00:00Z,23.65
9406,AAPLATMIV.U,2022-08-18T00:00:00Z,23.73
9407,AAPLATMIV.U,2022-08-19T00:00:00Z,24.19
9408,AAPLATMIV.U,2022-08-22T00:00:00Z,26.64
9409,AAPLATMIV.U,2022-08-23T00:00:00Z,26.61
9410,AAPLATMIV.U,2022-08-24T00:00:00Z,25.27
9411,AAPLATMIV.U,2022-08-25T00:00:00Z,24.92
9412,AAPLATMIV.U,2022-08-26T00:00:00Z,28.31
9413,AAPLATMIV.U,2022-08-29T00:00:00Z,29.82
9414,AAPLATMIV.U,2022-08-30T00:00:00Z,29.73
9415,AAPLATMIV.U,2022-08-31T00:00:00Z,29.7
9416,AAPLATMIV.U,2022-09-01T00:00:00Z,29.33
9417,AAPLATMIV.U,2022-09-02T00:00:00Z,30.25
9418,AAPLATMIV.U,2022-09-02T00:00:00Z,30.25
9419,AAPLATMIV.U,2022-09-06T00:00:00Z,31.87
9420,AAPLATMIV.U,2022-09-07T00:00:00Z,29.1
9421,AAPLATMIV.U,2022-09-08T00:00:00Z,28.74
9422,AAPLATMIV.U,2022-09-09T00:00:00Z,25.89
9423,AAPLATMIV.U,2022-09-12T00:00:00Z,26.5
9424,AAPLATMIV.U,2022-09-13T00:00:00Z,32.46
9425,AAPLATMIV.U,2022-09-14T00:00:00Z,31.26
9426,AAPLATMIV.U,2022-09-15T00:00:00Z,32.23
9427,AAPLATMIV.U,2022-09-16T00:00:00Z,33.66
9428,AAPLATMIV.U,2022-09-19T00:00:00Z,31.76
9429,AAPLATMIV.U,2022-09-20T00:00:00Z,32.79
9430,AAPLATMIV.U,2022-09-21T00:00:00Z,35.0
9431,AAPLATMIV.U,2022-09-22T00:00:00Z,35.53
9432,AAPLATMIV.U,2022-09-23T00:00:00Z,36.87
9433,AAPLATMIV.U,2022-09-26T00:00:00Z,39.7
9434,AAPLATMIV.U,2022-09-27T00:00:00Z,40.03
9435,AAPLATMIV.U,2022-09-28T00:00:00Z,39.34
9436,AAPLATMIV.U,2022-09-29T00:00:00Z,43.13
9437,AAPLATMIV.U,2022-09-30T00:00:00Z,44.2
9438,AAPLATMIV.U,2022-10-03T00:00:00Z,40.25
9439,AAPLATMIV.U,2022-10-04T00:00:00Z,37.46
9440,AAPLATMIV.U,2022-10-05T00:00:00Z,37.81
9441,AAPLATMIV.U,2022-10-06T00:00:00Z,39.79
9442,AAPLATMIV.U,2022-10-07T00:00:00Z,41.68
9443,AAPLATMIV.U,2022-10-10T00:00:00Z,42.88
9444,AAPLATMIV.U,2022-10-11T00:00:00Z,43.41
9445,AAPLATMIV.U,2022-10-12T00:00:00Z,42.65
9446,AAPLATMIV.U,2022-10-13T00:00:00Z,40.37
9447,AAPLATMIV.U,2022-10-14T00:00:00Z,41.79
9448,AAPLATMIV.U,2022-10-17T00:00:00Z,39.57
9449,AAPLATMIV.U,2022-10-18T00:00:00Z,38.54
9450,AAPLATMIV.U,2022-10-19T00:00:00Z,39.17
9451,AAPLATMIV.U,2022-10-20T00:00:00Z,37.53
9452,AAPLATMIV.U,2022-10-21T00:00:00Z,36.01
9453,AAPLATMIV.U,2022-10-24T00:00:00Z,36.87
9454,AAPLATMIV.U,2022-10-25T00:00:00Z,35.61
9455,AAPLATMIV.U,2022-10-26T00:00:00Z,36.63
9456,AAPLATMIV.U,2022-10-27T00:00:00Z,40.15
9457,AAPLATMIV.U,2022-10-28T00:00:00Z,29.0
9458,AAPLATMIV.U,2022-10-31T00:00:00Z,30.68
9459,AAPLATMIV.U,2022-11-01T00:00:00Z,31.05
9460,AAPLATMIV.U,2022-11-02T00:00:00Z,32.26
9461,AAPLATMIV.U,2022-11-03T00:00:00Z,33.93
9462,AAPLATMIV.U,2022-11-04T00:00:00Z,34.04
9463,AAPLATMIV.U,2022-11-07T00:00:00Z,34.33
9464,AAPLATMIV.U,2022-11-08T00:00:00Z,34.64
9465,AAPLATMIV.U,2022-11-09T00:00:00Z,36.37
9466,AAPLATMIV.U,2022-11-10T00:00:00Z,30.12
9467,AAPLATMIV.U,2022-11-11T00:00:00Z,29.32
9468,AAPLATMIV.U,2022-11-14T00:00:00Z,29.84
9469,AAPLATMIV.U,2022-11-15T00:00:00Z,30.26
9470,AAPLATMIV.U,2022-11-16T00:00:00Z,29.76
9471,AAPLATMIV.U,2022-11-17T00:00:00Z,29.97
9472,AAPLATMIV.U,2022-11-18T00:00:00Z,28.88
9473,AAPLATMIV.U,2022-11-21T00:00:00Z,30.02
9474,AAPLATMIV.U,2022-11-22T00:00:00Z,27.7
9475,AAPLATMIV.U,2022-11-23T00:00:00Z,27.06
9476,AAPLATMIV.U,2022-11-23T00:00:00Z,27.06
9477,AAPLATMIV.U,2022-11-25T00:00:00Z,28.92
9478,AAPLATMIV.U,2022-11-28T00:00:00Z,31.5
9479,AAPLATMIV.U,2022-11-29T00:00:00Z,31.62
9480,AAPLATMIV.U,2022-11-30T00:00:00Z,27.82
9481,AAPLATMIV.U,2022-12-01T00:00:00Z,27.84
9482,AAPLATMIV.U,2022-12-02T00:00:00Z,26.95
9483,AAPLATMIV.U,2022-12-05T00:00:00Z,29.33
9484,AAPLATMIV.U,2022-12-06T00:00:00Z,31.41
9485,AAPLATMIV.U,2022-12-07T00:00:00Z,32.64
9486,AAPLATMIV.U,2022-12-08T00:00:00Z,32.26
9487,AAPLATMIV.U,2022-12-09T00:00:00Z,32.32
9488,AAPLATMIV.U,2022-12-12T00:00:00Z,33.27
9489,AAPLATMIV.U,2022-12-13T00:00:00Z,31.5
9490,AAPLATMIV.U,2022-12-14T00:00:00Z,31.15
9491,AAPLATMIV.U,2022-12-15T00:00:00Z,33.02
9492,AAPLATMIV.U,2022-12-16T00:00:00Z,32.99
9493,AAPLATMIV.U,2022-12-19T00:00:00Z,32.95
9494,AAPLATMIV.U,2022-12-20T00:00:00Z,32.86
9495,AAPLATMIV.U,2022-12-21T00:00:00Z,30.51
9496,AAPLATMIV.U,2022-12-22T00:00:00Z,34.26
9497,AAPLATMIV.U,2022-12-23T00:00:00Z,33.41
9498,AAPLATMIV.U,2022-12-23T00:00:00Z,33.41
9499,AAPLATMIV.U,2022-12-27T00:00:00Z,36.2
9500,AAPLATMIV.U,2022-12-28T00:00:00Z,40.35
9501,AAPLATMIV.U,2022-12-29T00:00:00Z,36.75
9502,AAPLATMIV.U,2022-12-30T00:00:00Z,37.46
9503,AAPLATMIV.U,2022-12-30T00:00:00Z,37.46
9504,AAPLATMIV.U,2023-01-03T00:00:00Z,40.43
9505,AAPLATMIV.U,2023-01-04T00:00:00Z,38.82
9506,AAPLATMIV.U,2023-01-05T00:00:00Z,39.6
9507,AAPLATMIV.U,2023-01-06T00:00:00Z,35.84
9508,AAPLATMIV.U,2023-01-09T00:00:00Z,36.39
9509,AAPLATMIV.U,2023-01-10T00:00:00Z,36.28
9510,AAPLATMIV.U,2023-01-11T00:00:00Z,35.63
9511,AAPLATMIV.U,2023-01-12T00:00:00Z,32.41
9512,AAPLATMIV.U,2023-01-13T00:00:00Z,31.07
9513,AAPLATMIV.U,2023-01-13T00:00:00Z,31.07
9514,AAPLATMIV.U,2023-01-17T00:00:00Z,31.36
9515,AAPLATMIV.U,2023-01-18T00:00:00Z,31.85
9516,AAPLATMIV.U,2023-01-19T00:00:00Z,32.31
9517,AAPLATMIV.U,2023-01-20T00:00:00Z,30.07
9518,AAPLATMIV.U,2023-01-23T00:00:00Z,29.82
9519,AAPLATMIV.U,2023-01-24T00:00:00Z,29.62
9520,AAPLATMIV.U,2023-01-25T00:00:00Z,31.22
9521,AAPLATMIV.U,2023-01-26T00:00:00Z,28.75
9522,AAPLATMIV.U,2023-01-27T00:00:00Z,29.45
9523,AAPLATMIV.U,2023-01-30T00:00:00Z,31.89
9524,AAPLATMIV.U,2023-01-31T00:00:00Z,30.71
9525,AAPLATMIV.U,2023-02-01T00:00:00Z,29.07
9526,AAPLATMIV.U,2023-02-02T00:00:00Z,30.65
9527,AAPLATMIV.U,2023-02-03T00:00:00Z,25.72
9528,AAPLATMIV.U,2023-02-06T00:00:00Z,26.59
9529,AAPLATMIV.U,2023-02-07T00:00:00Z,26.13
9530,AAPLATMIV.U,2023-02-08T00:00:00Z,27.84
9531,AAPLATMIV.U,2023-02-09T00:00:00Z,28.27
9532,AAPLATMIV.U,2023-02-10T00:00:00Z,27.55
9533,AAPLATMIV.U,2023-02-13T00:00:00Z,27.41
9534,AAPLATMIV.U,2023-02-14T00:00:00Z,25.09
9535,AAPLATMIV.U,2023-02-15T00:00:00Z,23.72
9536,AAPLATMIV.U,2023-02-16T00:00:00Z,26.46
9537,AAPLATMIV.U,2023-02-17T00:00:00Z,26.08
9538,AAPLATMIV.U,2023-02-17T00:00:00Z,26.08
9539,AAPLATMIV.U,2023-02-21T00:00:00Z,28.53
9540,AAPLATMIV.U,2023-02-22T00:00:00Z,28.5
9541,AAPLATMIV.U,2023-02-23T00:00:00Z,26.43
9542,AAPLATMIV.U,2023-02-24T00:00:00Z,27.64
9543,AAPLATMIV.U,2023-02-27T00:00:00Z,27.59
9544,AAPLATMIV.U,2023-02-28T00:00:00Z,26.88
9545,AAPLATMIV.U,2023-03-01T00:00:00Z,27.51
9546,AAPLATMIV.U,2023-03-02T00:00:00Z,26.22
9547,AAPLATMIV.U,2023-03-03T00:00:00Z,24.47
9548,AAPLATMIV.U,2023-03-06T00:00:00Z,23.88
9549,AAPLATMIV.U,2023-03-07T00:00:00Z,25.36
9550,AAPLATMIV.U,2023-03-08T00:00:00Z,24.35
9551,AAPLATMIV.U,2023-03-09T00:00:00Z,27.54
9552,AAPLATMIV.U,2023-03-10T00:00:00Z,29.63
9553,AAPLATMIV.U,2023-03-13T00:00:00Z,30.12
9554,AAPLATMIV.U,2023-03-14T00:00:00Z,27.44
9555,AAPLATMIV.U,2023-03-15T00:00:00Z,29.07
9556,AAPLATMIV.U,2023-03-16T00:00:00Z,25.15
9557,AAPLATMIV.U,2023-03-17T00:00:00Z,27.34
9558,AAPLATMIV.U,2023-03-20T00:00:00Z,25.39
9559,AAPLATMIV.U,2023-03-21T00:00:00Z,24.3
9560,AAPLATMIV.U,2023-03-22T00:00:00Z,25.79
9561,AAPLATMIV.U,2023-03-23T00:00:00Z,25.12
9562,AAPLATMIV.U,2023-03-24T00:00:00Z,24.7
9563,AAPLATMIV.U,2023-03-27T00:00:00Z,25.7
9564,AAPLATMIV.U,2023-03-28T00:00:00Z,24.83
9565,AAPLATMIV.U,2023-03-29T00:00:00Z,23.66
9566,AAPLATMIV.U,2023-03-30T00:00:00Z,25.47
9567,AAPLATMIV.U,2023-03-31T00:00:00Z,23.88
9568,AAPLATMIV.U,2023-04-03T00:00:00Z,25.4
9569,AAPLATMIV.U,2023-04-04T00:00:00Z,26.16
9570,AAPLATMIV.U,2023-04-05T00:00:00Z,26.81
9571,AAPLATMIV.U,2023-04-06T00:00:00Z,26.71
9572,AAPLATMIV.U,2023-04-06T00:00:00Z,26.71
9573,AAPLATMIV.U,2023-04-10T00:00:00Z,27.6
9574,AAPLATMIV.U,2023-04-11T00:00:00Z,28.83
9575,AAPLATMIV.U,2023-04-12T00:00:00Z,28.39
9576,AAPLATMIV.U,2023-04-13T00:00:00Z,25.39
9577,AAPLATMIV.U,2023-04-14T00:00:00Z,24.64
9578,AAPLATMIV.U,2023-04-17T00:00:00Z,24.24
9579,AAPLATMIV.U,2023-04-18T00:00:00Z,23.06
9580,AAPLATMIV.U,2023-04-19T00:00:00Z,23.28
9581,AAPLATMIV.U,2023-04-20T00:00:00Z,24.76
9582,AAPLATMIV.U,2023-04-21T00:00:00Z,23.69
9583,AAPLATMIV.U,2023-04-24T00:00:00Z,23.79
9584,AAPLATMIV.U,2023-04-25T00:00:00Z,26.77
9585,AAPLATMIV.U,2023-04-26T00:00:00Z,26.46
9586,AAPLATMIV.U,2023-04-27T00:00:00Z,23.04
9587,AAPLATMIV.U,2023-04-28T00:00:00Z,22.87
9588,AAPLATMIV.U,2023-05-01T00:00:00Z,25.48
9589,AAPLATMIV.U,2023-05-02T00:00:00Z,25.38
9590,AAPLATMIV.U,2023-05-03T00:00:00Z,26.99
9591,AAPLATMIV.U,2023-05-04T00:00:00Z,28.12
9592,AAPLATMIV.U,2023-05-05T00:00:00Z,18.77
9593,AAPLATMIV.U,2023-05-08T00:00:00Z,19.12
9594,AAPLATMIV.U,2023-05-09T00:00:00Z,18.68
9595,AAPLATMIV.U,2023-05-10T00:00:00Z,18.19
9596,AAPLATMIV.U,2023-05-11T00:00:00Z,18.91
9597,AAPLATMIV.U,2023-05-12T00:00:00Z,18.43
9598,AAPLATMIV.U,2023-05-15T00:00:00Z,18.93
9599,AAPLATMIV.U,2023-05-16T00:00:00Z,19.54
9600,AAPLATMIV.U,2023-05-17T00:00:00Z,16.96
9601,AAPLATMIV.U,2023-05-18T00:00:00Z,18.87
9602,AAPLATMIV.U,2023-05-19T00:00:00Z,17.23
9603,AAPLATMIV.U,2023-05-22T00:00:00Z,18.84
9604,AAPLATMIV.U,2023-05-23T00:00:00Z,19.53
9605,AAPLATMIV.U,2023-05-24T00:00:00Z,22.77
9606,AAPLATMIV.U,2023-05-25T00:00:00Z,22.96
9607,AAPLATMIV.U,2023-05-26T00:00:00Z,21.34
9608,AAPLATMIV.U,2023-05-26T00:00:00Z,21.34
9609,AAPLATMIV.U,2023-05-30T00:00:00Z,20.52
9610,AAPLATMIV.U,2023-05-31T00:00:00Z,20.63
9611,AAPLATMIV.U,2023-06-01T00:00:00Z,19.3
9612,AAPLATMIV.U,2023-06-02T00:00:00Z,19.9
9613,AAPLATMIV.U,2023-06-05T00:00:00Z,19.7
9614,AAPLATMIV.U,2023-06-06T00:00:00Z,16.79
9615,AAPLATMIV.U,2023-06-07T00:00:00Z,17.47
9616,AAPLATMIV.U,2023-06-08T00:00:00Z,16.44
9617,AAPLATMIV.U,2023-06-09T00:00:00Z,15.79
9618,AAPLATMIV.U,2023-06-12T00:00:00Z,16.0
9619,AAPLATMIV.U,2023-06-13T00:00:00Z,16.01
9620,AAPLATMIV.U,2023-06-14T00:00:00Z,16.03
9621,AAPLATMIV.U,2023-06-14T00:00:00Z,16.03
9622,AAPLATMIV.U,2023-06-16T00:00:00Z,15.16
9623,AAPLATMIV.U,2023-06-16T00:00:00Z,15.16
9624,AAPLATMIV.U,2023-06-20T00:00:00Z,16.78
9625,AAPLATMIV.U,2023-06-21T00:00:00Z,15.36
9626,AAPLATMIV.U,2023-06-22T00:00:00Z,16.54
9627,AAPLATMIV.U,2023-06-23T00:00:00Z,16.75
9628,AAPLATMIV.U,2023-06-26T00:00:00Z,17.21
9629,AAPLATMIV.U,2023-06-27T00:00:00Z,16.36
9630,AAPLATMIV.U,2023-06-28T00:00:00Z,16.25
9631,AAPLATMIV.U,2023-06-29T00:00:00Z,18.19
9632,AAPLATMIV.U,2023-06-30T00:00:00Z,17.89
9633,AAPLATMIV.U,2023-07-03T00:00:00Z,19.3
9634,AAPLATMIV.U,2023-07-03T00:00:00Z,19.3
9635,AAPLATMIV.U,2023-07-05T00:00:00Z,21.74
9636,AAPLATMIV.U,2023-07-06T00:00:00Z,20.79
9637,AAPLATMIV.U,2023-07-07T00:00:00Z,20.69
9638,AAPLATMIV.U,2023-07-10T00:00:00Z,21.72
9639,AAPLATMIV.U,2023-07-11T00:00:00Z,22.13
9640,AAPLATMIV.U,2023-07-12T00:00:00Z,20.77
9641,AAPLATMIV.U,2023-07-13T00:00:00Z,20.68
9642,AAPLATMIV.U,2023-07-14T00:00:00Z,20.73
9643,AAPLATMIV.U,2023-07-17T00:00:00Z,20.93
9644,AAPLATMIV.U,2023-07-18T00:00:00Z,20.81
9645,AAPLATMIV.U,2023-07-19T00:00:00Z,21.59
9646,AAPLATMIV.U,2023-07-20T00:00:00Z,21.25
9647,AAPLATMIV.U,2023-07-21T00:00:00Z,20.55
9648,AAPLATMIV.U,2023-07-24T00:00:00Z,20.94
9649,AAPLATMIV.U,2023-07-25T00:00:00Z,20.46
9650,AAPLATMIV.U,2023-07-26T00:00:00Z,20.12
9651,AAPLATMIV.U,2023-07-27T00:00:00Z,20.89
9652,AAPLATMIV.U,2023-07-28T00:00:00Z,22.43
9653,AAPLATMIV.U,2023-07-31T00:00:00Z,20.9
9654,AAPLATMIV.U,2023-08-01T00:00:00Z,21.63
9655,AAPLATMIV.U,2023-08-02T00:00:00Z,22.94
9656,AAPLATMIV.U,2023-08-03T00:00:00Z,22.86
9657,AAPLATMIV.U,2023-08-04T00:00:00Z,19.39
9658,AAPLATMIV.U,2023-08-07T00:00:00Z,19.2
9659,AAPLATMIV.U,2023-08-08T00:00:00Z,18.88
9660,AAPLATMIV.U,2023-08-09T00:00:00Z,19.28
9661,AAPLATMIV.U,2023-08-10T00:00:00Z,18.36
9662,AAPLATMIV.U,2023-08-11T00:00:00Z,20.92
9663,AAPLATMIV.U,2023-08-14T00:00:00Z,17.09
9664,AAPLATMIV.U,2023-08-15T00:00:00Z,18.6
9665,AAPLATMIV.U,2023-08-16T00:00:00Z,18.87
9666,AAPLATMIV.U,2023-08-17T00:00:00Z,19.78
9667,AAPLATMIV.U,2023-08-18T00:00:00Z,19.29
9668,AAPLATMIV.U,2023-08-21T00:00:00Z,18.3
9669,AAPLATMIV.U,2023-08-22T00:00:00Z,18.84
9670,AAPLATMIV.U,2023-08-23T00:00:00Z,17.04
9671,AAPLATMIV.U,2023-08-24T00:00:00Z,19.57
9672,AAPLATMIV.U,2023-08-25T00:00:00Z,17.62
9673,AAPLATMIV.U,2023-08-28T00:00:00Z,17.59
9674,AAPLATMIV.U,2023-08-29T00:00:00Z,17.69
9675,AAPLATMIV.U,2023-08-30T00:00:00Z,16.91
9676,AAPLATMIV.U,2023-08-31T00:00:00Z,17.27
9677,AAPLATMIV.U,2023-09-01T00:00:00Z,16.31
9678,AAPLATMIV.U,2023-09-01T00:00:00Z,16.31
9679,AAPLATMIV.U,2023-09-05T00:00:00Z,17.35
9680,AAPLATMIV.U,2023-09-06T00:00:00Z,19.9
9681,AAPLATMIV.U,2023-09-07T00:00:00Z,21.5
9682,AAPLATMIV.U,2023-09-08T00:00:00Z,19.92
9683,AAPLATMIV.U,2023-09-11T00:00:00Z,20.01
9684,AAPLATMIV.U,2023-09-12T00:00:00Z,19.5
9685,AAPLATMIV.U,2023-09-13T00:00:00Z,18.71
9686,AAPLATMIV.U,2023-09-14T00:00:00Z,17.45
9687,AAPLATMIV.U,2023-09-15T00:00:00Z,18.03
9688,AAPLATMIV.U,2023-09-18T00:00:00Z,18.06
9689,AAPLATMIV.U,2023-09-19T00:00:00Z,18.33
9690,AAPLATMIV.U,2023-09-20T00:00:00Z,19.85
9691,AAPLATMIV.U,2023-09-21T00:00:00Z,20.79
9692,AAPLATMIV.U,2023-09-22T00:00:00Z,20.64
9693,AAPLATMIV.U,2023-09-25T00:00:00Z,21.15
9694,AAPLATMIV.U,2023-09-26T00:00:00Z,23.39
9695,AAPLATMIV.U,2023-09-27T00:00:00Z,23.37
9696,AAPLATMIV.U,2023-09-28T00:00:00Z,24.03
9697,AAPLATMIV.U,2023-09-29T00:00:00Z,23.43
9698,AAPLATMIV.U,2023-10-02T00:00:00Z,23.95
9699,AAPLATMIV.U,2023-10-03T00:00:00Z,26.94
9700,AAPLATMIV.U,2023-10-04T00:00:00Z,25.26
9701,AAPLATMIV.U,2023-10-05T00:00:00Z,25.68
9702,AAPLATMIV.U,2023-10-06T00:00:00Z,24.31
9703,AAPLATMIV.U,2023-10-09T00:00:00Z,24.03
9704,AAPLATMIV.U,2023-10-10T00:00:00Z,23.67
9705,AAPLATMIV.U,2023-10-11T00:00:00Z,23.81
9706,AAPLATMIV.U,2023-10-12T00:00:00Z,23.18
9707,AAPLATMIV.U,2023-10-13T00:00:00Z,24.89
9708,AAPLATMIV.U,2023-10-16T00:00:00Z,25.1
9709,AAPLATMIV.U,2023-10-17T00:00:00Z,24.78
9710,AAPLATMIV.U,2023-10-18T00:00:00Z,26.57
9711,AAPLATMIV.U,2023-10-19T00:00:00Z,26.85
9712,AAPLATMIV.U,2023-10-20T00:00:00Z,26.9
9713,AAPLATMIV.U,2023-10-23T00:00:00Z,26.54
9714,AAPLATMIV.U,2023-10-24T00:00:00Z,24.54
9715,AAPLATMIV.U,2023-10-25T00:00:00Z,27.79
9716,AAPLATMIV.U,2023-10-26T00:00:00Z,28.6
9717,AAPLATMIV.U,2023-10-27T00:00:00Z,27.92
9718,AAPLATMIV.U,2023-10-30T00:00:00Z,27.39
9719,AAPLATMIV.U,2023-10-31T00:00:00Z,27.64
9720,AAPLATMIV.U,2023-11-01T00:00:00Z,23.67
9721,AAPLATMIV.U,2023-11-02T00:00:00Z,22.85
9722,AAPLATMIV.U,2023-11-03T00:00:00Z,19.14
9723,AAPLATMIV.U,2023-11-06T00:00:00Z,17.44
9724,AAPLATMIV.U,2023-11-07T00:00:00Z,16.5
9725,AAPLATMIV.U,2023-11-07T00:00:00Z,16.5
9726,AAPLATMIV.U,2023-11-07T00:00:00Z,16.5
9727,AAPLATMIV.U,2023-11-10T00:00:00Z,16.58
9728,AAPLATMIV.U,2023-11-13T00:00:00Z,17.39
9729,AAPLATMIV.U,2023-11-13T00:00:00Z,17.39
9730,AAPLATMIV.U,2023-11-13T00:00:00Z,17.39
9731,AAPLATMIV.U,2023-11-16T00:00:00Z,15.21
9732,AAPLATMIV.U,2023-11-17T00:00:00Z,16.29
9733,AAPLATMIV.U,2023-11-20T00:00:00Z,14.63
9734,AAPLATMIV.U,2023-11-21T00:00:00Z,15.04
9735,AAPLATMIV.U,2023-11-22T00:00:00Z,14.93
9736,AAPLATMIV.U,2023-11-22T00:00:00Z,14.93
9737,AAPLATMIV.U,2023-11-24T00:00:00Z,14.32
9738,AAPLATMIV.U,2023-11-24T00:00:00Z,14.32
9739,AAPLATMIV.U,2023-11-28T00:00:00Z,14.03
9740,AAPLATMIV.U,2023-11-29T00:00:00Z,14.71
9741,AAPLATMIV.U,2023-11-30T00:00:00Z,14.34
9742,AAPLATMIV.U,2023-11-30T00:00:00Z,14.34
9743,AAPLATMIV.U,2023-11-30T00:00:00Z,14.34
9744,AAPLATMIV.U,2023-11-30T00:00:00Z,14.34
9745,AAPLATMIV.U,2023-12-06T00:00:00Z,14.55
9746,AAPLATMIV.U,2023-12-07T00:00:00Z,14.64
9747,AAPLATMIV.U,2023-12-07T00:00:00Z,14.64
9748,AAPLATMIV.U,2023-12-07T00:00:00Z,14.64
9749,AAPLATMIV.U,2023-12-07T00:00:00Z,14.64
9750,AAPLATMIV.U,2023-12-07T00:00:00Z,14.64
9751,AAPLATMIV.U,2023-12-07T00:00:00Z,14.64
9752,AAPLATMIV.U,2023-12-07T00:00:00Z,14.64
9753,AAPLATMIV.U,2023-12-07T00:00:00Z,14.64
9754,AAPLATMIV.U,2023-12-07T00:00:00Z,14.64
9755,AAPLATMIV.U,2023-12-20T00:00:00Z,15.67
9756,AAPLATMIV.U,2023-12-21T00:00:00Z,15.98
9757,AAPLATMIV.U,2023-12-22T00:00:00Z,16.23
9758,AAPLATMIV.U,2023-12-22T00:00:00Z,16.23
9759,AAPLATMIV.U,2023-12-26T00:00:00Z,15.89
9760,AAPLATMIV.U,2023-12-26T00:00:00Z,15.89
9761,AAPLATMIV.U,2023-12-26T00:00:00Z,15.89
9762,AAPLATMIV.U,2023-12-29T00:00:00Z,17.6
9763,AAPLATMIV.U,2023-12-29T00:00:00Z,17.6
9764,AAPLATMIV.U,2024-01-02T00:00:00Z,14.91
9765,AAPLATMIV.U,2024-01-02T00:00:00Z,14.91
9766,AAPLATMIV.U,2024-01-02T00:00:00Z,14.91
9767,AAPLATMIV.U,2024-01-05T00:00:00Z,22.17
9768,AAPLATMIV.U,2024-01-08T00:00:00Z,21.28
9769,AAPLATMIV.U,2024-01-09T00:00:00Z,21.8
9770,AAPLATMIV.U,2024-01-10T00:00:00Z,21.97
9771,AAPLATMIV.U,2024-01-11T00:00:00Z,20.68
9772,AAPLATMIV.U,2024-01-12T00:00:00Z,20.85
9773,AAPLATMIV.U,2024-01-12T00:00:00Z,20.85
9774,AAPLATMIV.U,2024-01-16T00:00:00Z,22.26
9775,AAPLATMIV.U,2024-01-17T00:00:00Z,23.73
9776,AAPLATMIV.U,2024-01-18T00:00:00Z,21.55
9777,AAPLATMIV.U,2024-01-19T00:00:00Z,21.13
9778,AAPLATMIV.U,2024-01-22T00:00:00Z,20.64
9779,AAPLATMIV.U,2024-01-23T00:00:00Z,19.84
9780,AAPLATMIV.U,2024-01-24T00:00:00Z,21.11
9781,AAPLATMIV.U,2024-01-25T00:00:00Z,20.34
9782,AAPLATMIV.U,2024-01-26T00:00:00Z,21.95
9783,AAPLATMIV.U,2024-01-26T00:00:00Z,21.95
9784,AAPLATMIV.U,2024-01-30T00:00:00Z,22.82
9785,AAPLATMIV.U,2024-01-31T00:00:00Z,24.12
9786,AAPLATMIV.U,2024-02-01T00:00:00Z,22.87
9787,AAPLATMIV.U,2024-02-02T00:00:00Z,18.25
9788,AAPLATMIV.U,2024-02-05T00:00:00Z,18.28
9789,AAPLATMIV.U,2024-02-06T00:00:00Z,17.21
9790,AAPLATMIV.U,2024-02-07T00:00:00Z,18.02
9791,AAPLATMIV.U,2024-02-08T00:00:00Z,17.47
9792,AAPLATMIV.U,2024-02-09T00:00:00Z,17.28
9793,AAPLATMIV.U,2024-02-12T00:00:00Z,18.27
9794,AAPLATMIV.U,2024-02-13T00:00:00Z,19.74
9795,AAPLATMIV.U,2024-02-14T00:00:00Z,19.33
9796,AAPLATMIV.U,2024-02-15T00:00:00Z,19.86
9797,AAPLATMIV.U,2024-02-16T00:00:00Z,20.04
9798,AAPLATMIV.U,2024-02-16T00:00:00Z,20.04
9799,AAPLATMIV.U,2024-02-20T00:00:00Z,19.58
9800,AAPLATMIV.U,2024-02-21T00:00:00Z,18.79
9801,AAPLATMIV.U,2024-02-22T00:00:00Z,17.29
9802,AAPLATMIV.U,2024-02-23T00:00:00Z,18.02
9803,AAPLATMIV.U,2024-02-26T00:00:00Z,17.24
9804,AAPLATMIV.U,2024-02-27T00:00:00Z,19.12
9805,AAPLATMIV.U,2024-02-28T00:00:00Z,17.61
9806,AAPLATMIV.U,2024-02-29T00:00:00Z,17.47
9807,AAPLATMIV.U,2024-03-01T00:00:00Z,18.07
9808,AAPLATMIV.U,2024-03-04T00:00:00Z,19.01
9809,AAPLATMIV.U,2024-03-05T00:00:00Z,20.19
9810,AAPLATMIV.U,2024-03-06T00:00:00Z,20.88
9811,AAPLATMIV.U,2024-03-07T00:00:00Z,20.17
9812,AAPLATMIV.U,2024-03-08T00:00:00Z,20.26
9813,AAPLATMIV.U,2024-03-11T00:00:00Z,20.05
9814,AAPLATMIV.U,2024-03-12T00:00:00Z,18.43
9815,AAPLATMIV.U,2024-03-13T00:00:00Z,19.33
9816,AAPLATMIV.U,2024-03-14T00:00:00Z,18.34
9817,AAPLATMIV.U,2024-03-15T00:00:00Z,18.84
9818,AAPLATMIV.U,2024-03-18T00:00:00Z,19.26
9819,AAPLATMIV.U,2024-03-19T00:00:00Z,17.67
9820,AAPLATMIV.U,2024-03-20T00:00:00Z,17.07
9821,AAPLATMIV.U,2024-03-21T00:00:00Z,19.94
9822,AAPLATMIV.U,2024-03-22T00:00:00Z,19.23
9823,AAPLATMIV.U,2024-03-25T00:00:00Z,19.54
9824,AAPLATMIV.U,2024-03-26T00:00:00Z,19.4
9825,AAPLATMIV.U,2024-03-27T00:00:00Z,17.66
9826,AAPLATMIV.U,2024-03-28T00:00:00Z,20.45
9827,AAPLATMIV.U,2024-03-28T00:00:00Z,20.45
9828,AAPLATMIV.U,2024-04-01T00:00:00Z,22.67
9829,AAPLATMIV.U,2024-04-02T00:00:00Z,22.99
9830,AAPLATMIV.U,2024-04-03T00:00:00Z,25.21
9831,AAPLATMIV.U,2024-04-04T00:00:00Z,24.58
9832,AAPLATMIV.U,2024-04-05T00:00:00Z,23.91
9833,AAPLATMIV.U,2024-04-08T00:00:00Z,23.91
9834,AAPLATMIV.U,2024-04-09T00:00:00Z,23.53
9835,AAPLATMIV.U,2024-04-10T00:00:00Z,23.93
9836,AAPLATMIV.U,2024-04-11T00:00:00Z,23.52
9837,AAPLATMIV.U,2024-04-12T00:00:00Z,25.72
9838,AAPLATMIV.U,2024-04-15T00:00:00Z,26.34
9839,AAPLATMIV.U,2024-04-16T00:00:00Z,27.51
9840,AAPLATMIV.U,2024-04-17T00:00:00Z,29.01
9841,AAPLATMIV.U,2024-04-18T00:00:00Z,28.69
9842,AAPLATMIV.U,2024-04-19T00:00:00Z,27.19
9843,AAPLATMIV.U,2024-04-22T00:00:00Z,26.28
9844,AAPLATMIV.U,2024-04-23T00:00:00Z,25.68
9845,AAPLATMIV.U,2024-04-24T00:00:00Z,25.96
9846,AAPLATMIV.U,2024-04-25T00:00:00Z,25.21
9847,AAPLATMIV.U,2024-04-26T00:00:00Z,24.96
9848,AAPLATMIV.U,2024-04-29T00:00:00Z,25.82
9849,AAPLATMIV.U,2024-04-30T00:00:00Z,25.84
9850,AAPLATMIV.U,2024-05-01T00:00:00Z,27.26
9851,AAPLATMIV.U,2024-05-02T00:00:00Z,25.44
9852,AAPLATMIV.U,2024-05-03T00:00:00Z,15.84
9853,AAPLATMIV.U,2024-05-06T00:00:00Z,16.75
9854,AAPLATMIV.U,2024-05-07T00:00:00Z,16.25
9855,AAPLATMIV.U,2024-05-08T00:00:00Z,17.0
9856,AAPLATMIV.U,2024-05-09T00:00:00Z,17.0
9857,AAPLATMIV.U,2024-05-10T00:00:00Z,16.61
9858,AAPLATMIV.U,2024-05-13T00:00:00Z,18.75
9859,AAPLATMIV.U,2024-05-14T00:00:00Z,17.41
9860,AAPLATMIV.U,2024-05-15T00:00:00Z,17.63
9861,AAPLATMIV.U,2024-05-16T00:00:00Z,17.41
9862,AAPLATMIV.U,2024-05-17T00:00:00Z,16.89
9863,AAPLATMIV.U,2024-05-20T00:00:00Z,16.47
9864,AAPLATMIV.U,2024-05-21T00:00:00Z,16.77
9865,AAPLATMIV.U,2024-05-22T00:00:00Z,17.07
9866,AAPLATMIV.U,2024-05-23T00:00:00Z,18.07
9867,AAPLATMIV.U,2024-05-24T00:00:00Z,17.05
9868,AAPLATMIV.U,2024-05-24T00:00:00Z,17.05
9869,AAPLATMIV.U,2024-05-28T00:00:00Z,18.75
9870,AAPLATMIV.U,2024-05-29T00:00:00Z,19.29
9871,AAPLATMIV.U,2024-05-30T00:00:00Z,20.08
9872,AAPLATMIV.U,2024-05-31T00:00:00Z,18.33
9873,AAPLATMIV.U,2024-06-03T00:00:00Z,19.79
9874,AAPLATMIV.U,2024-06-04T00:00:00Z,19.75
9875,AAPLATMIV.U,2024-06-05T00:00:00Z,19.4
9876,AAPLATMIV.U,2024-06-06T00:00:00Z,19.48
9877,AAPLATMIV.U,2024-06-07T00:00:00Z,18.6
9878,AAPLATMIV.U,2024-06-10T00:00:00Z,18.98
9879,AAPLATMIV.U,2024-06-11T00:00:00Z,19.65
9880,AAPLATMIV.U,2024-06-12T00:00:00Z,21.76
9881,AAPLATMIV.U,2024-06-13T00:00:00Z,20.66
9882,AAPLATMIV.U,2024-06-14T00:00:00Z,23.03
9883,AAPLATMIV.U,2024-06-17T00:00:00Z,20.29
9884,AAPLATMIV.U,2024-06-18T00:00:00Z,21.53
9885,AAPLATMIV.U,2024-06-18T00:00:00Z,21.53
9886,AAPLATMIV.U,2024-06-20T00:00:00Z,20.46
9887,AAPLATMIV.U,2024-06-21T00:00:00Z,18.23
9888,AAPLATMIV.U,2024-06-24T00:00:00Z,18.82
9889,AAPLATMIV.U,2024-06-25T00:00:00Z,18.06
9890,AAPLATMIV.U,2024-06-26T00:00:00Z,18.08
9891,AAPLATMIV.U,2024-06-27T00:00:00Z,21.85
9892,AAPLATMIV.U,2024-06-28T00:00:00Z,21.85
9893,AAPLATMIV.U,2024-07-01T00:00:00Z,23.03
9894,AAPLATMIV.U,2024-07-02T00:00:00Z,24.27
9895,AAPLATMIV.U,2024-07-03T00:00:00Z,24.05
9896,AAPLATMIV.U,2024-07-03T00:00:00Z,24.05
9897,AAPLATMIV.U,2024-07-05T00:00:00Z,25.23
9898,AAPLATMIV.U,2024-07-08T00:00:00Z,25.02
9899,AAPLATMIV.U,2024-07-09T00:00:00Z,24.8
9900,AAPLATMIV.U,2024-07-10T00:00:00Z,25.38
9901,AAPLATMIV.U,2024-07-11T00:00:00Z,25.11
9902,AAPLATMIV.U,2024-07-12T00:00:00Z,24.86
9903,AAPLATMIV.U,2024-07-15T00:00:00Z,25.8
9904,AAPLATMIV.U,2024-07-16T00:00:00Z,24.04
9905,AAPLATMIV.U,2024-07-17T00:00:00Z,24.72
9906,AAPLATMIV.U,2024-07-18T00:00:00Z,25.38
9907,AAPLATMIV.U,2024-07-19T00:00:00Z,25.11
9908,AAPLATMIV.U,2024-07-22T00:00:00Z,25.11
9909,AAPLATMIV.U,2024-07-23T00:00:00Z,25.15
9910,AAPLATMIV.U,2024-07-23T00:00:00Z,25.15
9911,AAPLATMIV.U,2024-07-23T00:00:00Z,25.15
9912,AAPLATMIV.U,2024-07-23T00:00:00Z,25.15
9913,AAPLATMIV.U,2024-07-23T00:00:00Z,25.15
9914,AAPLATMIV.U,2024-07-23T00:00:00Z,25.15
9915,AAPLATMIV.U,2024-07-23T00:00:00Z,25.15
9916,AAPLATMIV.U,2024-08-01T00:00:00Z,28.07
9917,AAPLATMIV.U,2024-08-02T00:00:00Z,26.55
9918,AAPLATMIV.U,2024-08-05T00:00:00Z,34.9
9919,AAPLATMIV.U,2024-08-06T00:00:00Z,28.1
9920,AAPLATMIV.U,2024-08-07T00:00:00Z,28.98
9921,AAPLATMIV.U,2024-08-08T00:00:00Z,25.36
9922,AAPLATMIV.U,2024-08-09T00:00:00Z,23.61
9923,AAPLATMIV.U,2024-08-12T00:00:00Z,23.36
9924,AAPLATMIV.U,2024-08-13T00:00:00Z,22.68
9925,AAPLATMIV.U,2024-08-14T00:00:00Z,22.61
9926,AAPLATMIV.U,2024-08-15T00:00:00Z,20.68
9927,AAPLATMIV.U,2024-08-16T00:00:00Z,20.7
9928,AAPLATMIV.U,2024-08-19T00:00:00Z,19.67
9929,AAPLATMIV.U,2024-08-20T00:00:00Z,20.37
9930,AAPLATMIV.U,2024-08-21T00:00:00Z,20.25
9931,AAPLATMIV.U,2024-08-22T00:00:00Z,21.35
9932,AAPLATMIV.U,2024-08-23T00:00:00Z,20.65
9933,AAPLATMIV.U,2024-08-26T00:00:00Z,21.56
9934,AAPLATMIV.U,2024-08-27T00:00:00Z,20.72
9935,AAPLATMIV.U,2024-08-28T00:00:00Z,22.2
9936,AAPLATMIV.U,2024-08-29T00:00:00Z,22.7
9937,AAPLATMIV.U,2024-08-30T00:00:00Z,21.02
9938,AAPLATMIV.U,2024-08-30T00:00:00Z,21.02
9939,AAPLATMIV.U,2024-09-03T00:00:00Z,24.96
9940,AAPLATMIV.U,2024-09-04T00:00:00Z,25.28
9941,AAPLATMIV.U,2024-09-05T00:00:00Z,25.11
9942,AAPLATMIV.U,2024-09-06T00:00:00Z,27.25
9943,AAPLATMIV.U,2024-09-09T00:00:00Z,25.68
9944,AAPLATMIV.U,2024-09-10T00:00:00Z,23.79
9945,AAPLATMIV.U,2024-09-11T00:00:00Z,21.93
9946,AAPLATMIV.U,2024-09-12T00:00:00Z,21.24
9947,AAPLATMIV.U,2024-09-13T00:00:00Z,21.11
9948,AAPLATMIV.U,2024-09-16T00:00:00Z,22.52
9949,AAPLATMIV.U,2024-09-17T00:00:00Z,22.27
9950,AAPLATMIV.U,2024-09-18T00:00:00Z,22.34
9951,AAPLATMIV.U,2024-09-19T00:00:00Z,21.08
9952,AAPLATMIV.U,2024-09-20T00:00:00Z,20.24
9953,AAPLATMIV.U,2024-09-23T00:00:00Z,20.13
9954,AAPLATMIV.U,2024-09-24T00:00:00Z,18.78
9955,AAPLATMIV.U,2024-09-25T00:00:00Z,20.17
9956,AAPLATMIV.U,2024-09-26T00:00:00Z,22.38
9957,AAPLATMIV.U,2024-09-27T00:00:00Z,22.43
9958,AAPLATMIV.U,2024-09-30T00:00:00Z,23.19
9959,AAPLATMIV.U,2024-10-01T00:00:00Z,25.52
9960,AAPLATMIV.U,2024-10-02T00:00:00Z,25.51
9961,AAPLATMIV.U,2024-10-03T00:00:00Z,26.8
9962,AAPLATMIV.U,2024-10-04T00:00:00Z,24.83
9963,AAPLATMIV.U,2024-10-07T00:00:00Z,28.51
9964,AAPLATMIV.U,2024-10-08T00:00:00Z,27.29
9965,AAPLATMIV.U,2024-10-09T00:00:00Z,25.34
9966,AAPLATMIV.U,2024-10-10T00:00:00Z,25.44
9967,AAPLATMIV.U,2024-10-11T00:00:00Z,24.74
9968,AAPLATMIV.U,2024-10-14T00:00:00Z,25.2
9969,AAPLATMIV.U,2024-10-15T00:00:00Z,25.3
9970,AAPLATMIV.U,2024-10-16T00:00:00Z,23.88
9971,AAPLATMIV.U,2024-10-17T00:00:00Z,23.81
9972,AAPLATMIV.U,2024-10-18T00:00:00Z,23.85
9973,AAPLATMIV.U,2024-10-21T00:00:00Z,23.63
9974,AAPLATMIV.U,2024-10-22T00:00:00Z,24.09
9975,AAPLATMIV.U,2024-10-23T00:00:00Z,25.56
9976,AAPLATMIV.U,2024-10-24T00:00:00Z,25.77
9977,AAPLATMIV.U,2024-10-25T00:00:00Z,26.22
9978,AAPLATMIV.U,2024-10-28T00:00:00Z,25.59
9979,AAPLATMIV.U,2024-10-29T00:00:00Z,24.63
9980,AAPLATMIV.U,2024-10-30T00:00:00Z,26.89
9981,AAPLATMIV.U,2024-10-31T00:00:00Z,28.85
9982,AAPLATMIV.U,2024-11-01T00:00:00Z,22.19
9983,AAPLATMIV.U,2024-11-04T00:00:00Z,22.76
9984,AAPLATMIV.U,2024-11-05T00:00:00Z,22.04
9985,AAPLATMIV.U,2024-11-06T00:00:00Z,19.77
9986,AAPLATMIV.U,2024-11-07T00:00:00Z,18.07
9987,AAPLATMIV.U,2024-11-08T00:00:00Z,18.42
9988,AAPLATMIV.U,2024-11-11T00:00:00Z,19.22
9989,AAPLATMIV.U,2024-11-12T00:00:00Z,19.32
9990,AAPLATMIV.U,2024-11-13T00:00:00Z,17.75
9991,AAPLATMIV.U,2024-11-14T00:00:00Z,18.83
9992,AAPLATMIV.U,2024-11-15T00:00:00Z,19.67
9993,AAPLATMIV.U,2024-11-18T00:00:00Z,19.61
9994,AAPLATMIV.U,2024-11-19T00:00:00Z,19.41
9995,AAPLATMIV.U,2024-11-20T00:00:00Z,19.31
9996,AAPLATMIV.U,2024-11-21T00:00:00Z,19.94
9997,AAPLATMIV.U,2024-11-22T00:00:00Z,17.88
9998,AAPLATMIV.U,2024-11-25T00:00:00Z,16.32
9999,AAPLATMIV.U,2024-11-26T00:00:00Z,16.46
10000,AAPLATMIV.U,2024-11-27T00:00:00Z,16.49
10001,AAPLATMIV.U,2024-11-27T00:00:00Z,16.49
10002,AAPLATMIV.U,2024-11-29T00:00:00Z,15.18
10003,AAPLATMIV.U,2024-12-02T00:00:00Z,16.86
10004,AAPLATMIV.U,2024-12-03T00:00:00Z,15.73
10005,AAPLATMIV.U,2024-12-04T00:00:00Z,15.3
10006,AAPLATMIV.U,2024-12-05T00:00:00Z,15.11
10007,AAPLATMIV.U,2024-12-06T00:00:00Z,15.64
10008,AAPLATMIV.U,2024-12-09T00:00:00Z,15.5
10009,AAPLATMIV.U,2024-12-10T00:00:00Z,16.9
10010,AAPLATMIV.U,2024-12-11T00:00:00Z,16.0
10011,AAPLATMIV.U,2024-12-12T00:00:00Z,16.86
10012,AAPLATMIV.U,2024-12-13T00:00:00Z,17.78
10013,AAPLATMIV.U,2024-12-16T00:00:00Z,18.09
10014,AAPLATMIV.U,2024-12-17T00:00:00Z,19.0
10015,AAPLATMIV.U,2024-12-18T00:00:00Z,32.21
10016,AAPLATMIV.U,2024-12-19T00:00:00Z,20.1
10017,AAPLATMIV.U,2024-12-20T00:00:00Z,18.02
10018,AAPLATMIV.U,2024-12-23T00:00:00Z,16.73
10019,AAPLATMIV.U,2024-12-24T00:00:00Z,15.43
10020,AAPLATMIV.U,2024-12-24T00:00:00Z,15.43
10021,AAPLATMIV.U,2024-12-26T00:00:00Z,19.51
10022,AAPLATMIV.U,2024-12-27T00:00:00Z,18.64
10023,AAPLATMIV.U,2024-12-30T00:00:00Z,21.85
10024,AAPLATMIV.U,2024-12-31T00:00:00Z,21.37
10025,AAPLATMIV.U,2024-12-31T00:00:00Z,21.37
10026,AAPLATMIV.U,2025-01-02T00:00:00Z,23.28
10027,AAPLATMIV.U,2025-01-03T00:00:00Z,22.77
10028,AAPLATMIV.U,2025-01-06T00:00:00Z,21.94
10029,AAPLATMIV.U,2025-01-07T00:00:00Z,23.61
10030,AAPLATMIV.U,2025-01-08T00:00:00Z,23.02
10031,AAPLATMIV.U,2025-01-08T00:00:00Z,23.02
10032,AAPLATMIV.U,2025-01-10T00:00:00Z,25.23
10033,AAPLATMIV.U,2025-01-13T00:00:00Z,26.08
10034,AAPLATMIV.U,2025-01-14T00:00:00Z,25.29
10035,AAPLATMIV.U,2025-01-15T00:00:00Z,23.68
10036,AAPLATMIV.U,2025-01-16T00:00:00Z,26.23
10037,AAPLATMIV.U,2025-01-17T00:00:00Z,25.74
10038,AAPLATMIV.U,2025-01-17T00:00:00Z,25.74
10039,AAPLATMIV.U,2025-01-21T00:00:00Z,27.34
10040,AAPLATMIV.U,2025-01-22T00:00:00Z,28.21
10041,AAPLATMIV.U,2025-01-23T00:00:00Z,27.29
10042,AAPLATMIV.U,2025-01-24T00:00:00Z,27.38
10043,AAPLATMIV.U,2025-01-27T00:00:00Z,28.83
10044,AAPLATMIV.U,2025-01-28T00:00:00Z,28.14
10045,AAPLATMIV.U,2025-01-29T00:00:00Z,27.44
10046,AAPLATMIV.U,2025-01-30T00:00:00Z,26.23
10047,AAPLATMIV.U,2025-01-31T00:00:00Z,22.36
10048,AAPLATMIV.U,2025-02-03T00:00:00Z,24.08
10049,AAPLATMIV.U,2025-02-04T00:00:00Z,22.92
10050,AAPLATMIV.U,2025-02-05T00:00:00Z,21.75
10051,AAPLATMIV.U,2025-02-06T00:00:00Z,20.12
10052,AAPLATMIV.U,2025-02-07T00:00:00Z,21.7
10053,AAPLATMIV.U,2025-02-10T00:00:00Z,20.4
10054,AAPLATMIV.U,2025-02-11T00:00:00Z,21.5
10055,AAPLATMIV.U,2025-02-12T00:00:00Z,21.27
10056,AAPLATMIV.U,2025-02-13T00:00:00Z,26.83
10057,AAPLATMIV.U,2025-02-14T00:00:00Z,20.9
10058,AAPLATMIV.U,2025-02-14T00:00:00Z,20.9
10059,AAPLATMIV.U,2025-02-18T00:00:00Z,21.47
10060,AAPLATMIV.U,2025-02-19T00:00:00Z,19.85
10061,AAPLATMIV.U,2025-02-20T00:00:00Z,20.36
10062,AAPLATMIV.U,2025-02-21T00:00:00Z,21.81
10063,AAPLATMIV.U,2025-02-24T00:00:00Z,22.14
10064,AAPLATMIV.U,2025-02-25T00:00:00Z,24.45
10065,AAPLATMIV.U,2025-02-26T00:00:00Z,22.65
10066,AAPLATMIV.U,2025-02-27T00:00:00Z,24.63
10067,AAPLATMIV.U,2025-02-28T00:00:00Z,22.58
10068,AAPLATMIV.U,2025-03-03T00:00:00Z,25.69
10069,AAPLATMIV.U,2025-03-04T00:00:00Z,27.18
10070,AAPLATMIV.U,2025-03-05T00:00:00Z,25.65
10071,AAPLATMIV.U,2025-03-06T00:00:00Z,27.93
10072,AAPLATMIV.U,2025-03-07T00:00:00Z,26.32
10073,AAPLATMIV.U,2025-03-10T00:00:00Z,31.65
10074,AAPLATMIV.U,2025-03-11T00:00:00Z,31.18
10075,AAPLATMIV.U,2025-03-12T00:00:00Z,29.56
10076,AAPLATMIV.U,2025-03-13T00:00:00Z,31.48
10077,AAPLATMIV.U,2025-03-14T00:00:00Z,27.27
10078,AAPLATMIV.U,2025-03-17T00:00:00Z,26.84
10079,AAPLATMIV.U,2025-03-18T00:00:00Z,27.08
10080,AAPLATMIV.U,2025-03-19T00:00:00Z,25.21
10081,AAPLATMIV.U,2025-03-20T00:00:00Z,25.62
10082,AAPLATMIV.U,2025-03-21T00:00:00Z,23.74
10083,AAPLATMIV.U,2025-03-24T00:00:00Z,22.38
10084,AAPLATMIV.U,2025-03-25T00:00:00Z,21.24
10085,AAPLATMIV.U,2025-03-26T00:00:00Z,22.8
10086,AAPLATMIV.U,2025-03-27T00:00:00Z,24.54
10087,AAPLATMIV.U,2025-03-28T00:00:00Z,26.79
10088,AAPLATMIV.U,2025-03-31T00:00:00Z,28.0
10089,AAPLATMIV.U,2025-04-01T00:00:00Z,27.45
10090,AAPLATMIV.U,2025-04-02T00:00:00Z,28.33
10091,AAPLATMIV.U,2025-04-03T00:00:00Z,39.97
10092,AAPLATMIV.U,2025-04-04T00:00:00Z,52.46
10093,AAPLATMIV.U,2025-04-07T00:00:00Z,57.3
10094,AAPLATMIV.U,2025-04-08T00:00:00Z,64.56
10095,AAPLATMIV.U,2025-04-09T00:00:00Z,42.48
10096,AAPLATMIV.U,2025-04-10T00:00:00Z,51.99
10097,AAPLATMIV.U,2025-04-11T00:00:00Z,47.73
10098,AAPLATMIV.U,2025-04-14T00:00:00Z,41.7
10099,AAPLATMIV.U,2025-04-15T00:00:00Z,37.18
10100,AAPLATMIV.U,2025-04-16T00:00:00Z,41.77
10101,AAPLATMIV.U,2025-04-17T00:00:00Z,39.07
10102,AAPLATMIV.U,2025-04-17T00:00:00Z,39.07
10103,AAPLATMIV.U,2025-04-21T00:00:00Z,43.13
10104,AAPLATMIV.U,2025-04-22T00:00:00Z,40.25
10105,AAPLATMIV.U,2025-04-23T00:00:00Z,37.18
10106,AAPLATMIV.U,2025-04-24T00:00:00Z,33.71
10107,AAPLATMIV.U,2025-04-25T00:00:00Z,31.74
10108,AAPLATMIV.U,2025-04-28T00:00:00Z,31.84
10109,AAPLATMIV.U,2025-04-29T00:00:00Z,31.12
10110,AAPLATMIV.U,2025-04-30T00:00:00Z,32.78
10111,AAPLATMIV.U,2025-05-01T00:00:00Z,31.48
10112,AAPLATMIV.U,2025-05-02T00:00:00Z,27.36
10113,AAPLATMIV.U,2025-05-05T00:00:00Z,30.71
10114,AAPLATMIV.U,2025-05-06T00:00:00Z,30.6
10115,AAPLATMIV.U,2025-05-07T00:00:00Z,31.59
10116,AAPLATMIV.U,2025-05-08T00:00:00Z,30.61
10117,AAPLATMIV.U,2025-05-09T00:00:00Z,28.97
10118,METAATMIV.U,2018-12-31T00:00:00Z,46.65
10119,METAATMIV.U,2019-01-02T00:00:00Z,45.51
10120,METAATMIV.U,2019-01-03T00:00:00Z,47.39
10121,METAATMIV.U,2019-01-04T00:00:00Z,44.58
10122,METAATMIV.U,2019-01-07T00:00:00Z,45.04
10123,METAATMIV.U,2019-01-08T00:00:00Z,43.82
10124,METAATMIV.U,2019-01-09T00:00:00Z,42.39
10125,METAATMIV.U,2019-01-10T00:00:00Z,39.94
10126,METAATMIV.U,2019-01-11T00:00:00Z,38.88
10127,METAATMIV.U,2019-01-14T00:00:00Z,38.43
10128,METAATMIV.U,2019-01-15T00:00:00Z,37.2
10129,METAATMIV.U,2019-01-16T00:00:00Z,37.86
10130,METAATMIV.U,2019-01-17T00:00:00Z,37.86
10131,METAATMIV.U,2019-01-18T00:00:00Z,36.71
10132,METAATMIV.U,2019-01-18T00:00:00Z,36.71
10133,METAATMIV.U,2019-01-22T00:00:00Z,40.53
10134,METAATMIV.U,2019-01-23T00:00:00Z,40.94
10135,METAATMIV.U,2019-01-24T00:00:00Z,39.55
10136,METAATMIV.U,2019-01-25T00:00:00Z,37.74
10137,METAATMIV.U,2019-01-28T00:00:00Z,38.09
10138,METAATMIV.U,2019-01-29T00:00:00Z,41.53
10139,METAATMIV.U,2019-01-30T00:00:00Z,40.6
10140,METAATMIV.U,2019-01-31T00:00:00Z,27.3
10141,METAATMIV.U,2019-02-01T00:00:00Z,25.57
10142,METAATMIV.U,2019-02-04T00:00:00Z,24.42
10143,METAATMIV.U,2019-02-05T00:00:00Z,23.42
10144,METAATMIV.U,2019-02-06T00:00:00Z,23.9
10145,METAATMIV.U,2019-02-07T00:00:00Z,26.05
10146,METAATMIV.U,2019-02-08T00:00:00Z,25.68
10147,METAATMIV.U,2019-02-11T00:00:00Z,25.86
10148,METAATMIV.U,2019-02-12T00:00:00Z,25.19
10149,METAATMIV.U,2019-02-13T00:00:00Z,24.27
10150,METAATMIV.U,2019-02-14T00:00:00Z,24.44
10151,METAATMIV.U,2019-02-15T00:00:00Z,24.84
10152,METAATMIV.U,2019-02-15T00:00:00Z,24.84
10153,METAATMIV.U,2019-02-19T00:00:00Z,24.33
10154,METAATMIV.U,2019-02-20T00:00:00Z,23.58
10155,METAATMIV.U,2019-02-21T00:00:00Z,24.0
10156,METAATMIV.U,2019-02-22T00:00:00Z,22.9
10157,METAATMIV.U,2019-02-25T00:00:00Z,23.52
10158,METAATMIV.U,2019-02-26T00:00:00Z,23.61
10159,METAATMIV.U,2019-02-27T00:00:00Z,23.99
10160,METAATMIV.U,2019-02-28T00:00:00Z,24.13
10161,METAATMIV.U,2019-03-01T00:00:00Z,22.71
10162,METAATMIV.U,2019-03-04T00:00:00Z,23.85
10163,METAATMIV.U,2019-03-05T00:00:00Z,23.38
10164,METAATMIV.U,2019-03-06T00:00:00Z,24.55
10165,METAATMIV.U,2019-03-07T00:00:00Z,26.2
10166,METAATMIV.U,2019-03-08T00:00:00Z,26.15
10167,METAATMIV.U,2019-03-11T00:00:00Z,24.14
10168,METAATMIV.U,2019-03-12T00:00:00Z,23.55
10169,METAATMIV.U,2019-03-13T00:00:00Z,22.07
10170,METAATMIV.U,2019-03-14T00:00:00Z,23.41
10171,METAATMIV.U,2019-03-15T00:00:00Z,24.05
10172,METAATMIV.U,2019-03-18T00:00:00Z,26.5
10173,METAATMIV.U,2019-03-19T00:00:00Z,25.68
10174,METAATMIV.U,2019-03-20T00:00:00Z,26.43
10175,METAATMIV.U,2019-03-21T00:00:00Z,29.74
10176,METAATMIV.U,2019-03-22T00:00:00Z,31.51
10177,METAATMIV.U,2019-03-25T00:00:00Z,33.28
10178,METAATMIV.U,2019-03-26T00:00:00Z,33.14
10179,METAATMIV.U,2019-03-27T00:00:00Z,34.24
10180,METAATMIV.U,2019-03-28T00:00:00Z,34.06
10181,METAATMIV.U,2019-03-29T00:00:00Z,33.08
10182,METAATMIV.U,2019-04-01T00:00:00Z,33.36
10183,METAATMIV.U,2019-04-02T00:00:00Z,34.03
10184,METAATMIV.U,2019-04-03T00:00:00Z,34.26
10185,METAATMIV.U,2019-04-04T00:00:00Z,33.92
10186,METAATMIV.U,2019-04-05T00:00:00Z,33.51
10187,METAATMIV.U,2019-04-08T00:00:00Z,34.3
10188,METAATMIV.U,2019-04-09T00:00:00Z,33.98
10189,METAATMIV.U,2019-04-10T00:00:00Z,33.79
10190,METAATMIV.U,2019-04-11T00:00:00Z,33.01
10191,METAATMIV.U,2019-04-12T00:00:00Z,32.12
10192,METAATMIV.U,2019-04-15T00:00:00Z,33.04
10193,METAATMIV.U,2019-04-16T00:00:00Z,32.02
10194,METAATMIV.U,2019-04-17T00:00:00Z,31.95
10195,METAATMIV.U,2019-04-18T00:00:00Z,30.91
10196,METAATMIV.U,2019-04-18T00:00:00Z,30.91
10197,METAATMIV.U,2019-04-22T00:00:00Z,32.23
10198,METAATMIV.U,2019-04-23T00:00:00Z,33.02
10199,METAATMIV.U,2019-04-24T00:00:00Z,33.23
10200,METAATMIV.U,2019-04-25T00:00:00Z,22.06
10201,METAATMIV.U,2019-04-26T00:00:00Z,21.95
10202,METAATMIV.U,2019-04-29T00:00:00Z,21.86
10203,METAATMIV.U,2019-04-30T00:00:00Z,22.84
10204,METAATMIV.U,2019-05-01T00:00:00Z,22.96
10205,METAATMIV.U,2019-05-02T00:00:00Z,23.67
10206,METAATMIV.U,2019-05-03T00:00:00Z,22.32
10207,METAATMIV.U,2019-05-06T00:00:00Z,24.21
10208,METAATMIV.U,2019-05-07T00:00:00Z,27.46
10209,METAATMIV.U,2019-05-08T00:00:00Z,26.57
10210,METAATMIV.U,2019-05-09T00:00:00Z,26.98
10211,METAATMIV.U,2019-05-10T00:00:00Z,24.35
10212,METAATMIV.U,2019-05-13T00:00:00Z,28.46
10213,METAATMIV.U,2019-05-14T00:00:00Z,25.7
10214,METAATMIV.U,2019-05-15T00:00:00Z,24.69
10215,METAATMIV.U,2019-05-16T00:00:00Z,23.68
10216,METAATMIV.U,2019-05-17T00:00:00Z,24.46
10217,METAATMIV.U,2019-05-20T00:00:00Z,26.17
10218,METAATMIV.U,2019-05-21T00:00:00Z,23.4
10219,METAATMIV.U,2019-05-22T00:00:00Z,23.29
10220,METAATMIV.U,2019-05-23T00:00:00Z,27.68
10221,METAATMIV.U,2019-05-24T00:00:00Z,25.17
10222,METAATMIV.U,2019-05-24T00:00:00Z,25.17
10223,METAATMIV.U,2019-05-28T00:00:00Z,25.79
10224,METAATMIV.U,2019-05-29T00:00:00Z,27.65
10225,METAATMIV.U,2019-05-30T00:00:00Z,26.54
10226,METAATMIV.U,2019-05-31T00:00:00Z,29.16
10227,METAATMIV.U,2019-06-03T00:00:00Z,34.99
10228,METAATMIV.U,2019-06-04T00:00:00Z,31.33
10229,METAATMIV.U,2019-06-05T00:00:00Z,29.58
10230,METAATMIV.U,2019-06-06T00:00:00Z,28.37
10231,METAATMIV.U,2019-06-07T00:00:00Z,27.52
10232,METAATMIV.U,2019-06-10T00:00:00Z,28.26
10233,METAATMIV.U,2019-06-11T00:00:00Z,27.98
10234,METAATMIV.U,2019-06-12T00:00:00Z,28.55
10235,METAATMIV.U,2019-06-13T00:00:00Z,27.48
10236,METAATMIV.U,2019-06-14T00:00:00Z,27.56
10237,METAATMIV.U,2019-06-17T00:00:00Z,30.08
10238,METAATMIV.U,2019-06-18T00:00:00Z,27.14
10239,METAATMIV.U,2019-06-19T00:00:00Z,26.82
10240,METAATMIV.U,2019-06-20T00:00:00Z,29.14
10241,METAATMIV.U,2019-06-21T00:00:00Z,28.7
10242,METAATMIV.U,2019-06-24T00:00:00Z,30.67
10243,METAATMIV.U,2019-06-25T00:00:00Z,32.6
10244,METAATMIV.U,2019-06-26T00:00:00Z,33.3
10245,METAATMIV.U,2019-06-27T00:00:00Z,33.93
10246,METAATMIV.U,2019-06-28T00:00:00Z,33.48
10247,METAATMIV.U,2019-07-01T00:00:00Z,32.71
10248,METAATMIV.U,2019-07-02T00:00:00Z,32.55
10249,METAATMIV.U,2019-07-03T00:00:00Z,32.36
10250,METAATMIV.U,2019-07-03T00:00:00Z,32.36
10251,METAATMIV.U,2019-07-05T00:00:00Z,32.49
10252,METAATMIV.U,2019-07-08T00:00:00Z,33.62
10253,METAATMIV.U,2019-07-09T00:00:00Z,32.61
10254,METAATMIV.U,2019-07-10T00:00:00Z,32.66
10255,METAATMIV.U,2019-07-11T00:00:00Z,32.27
10256,METAATMIV.U,2019-07-12T00:00:00Z,34.67
10257,METAATMIV.U,2019-07-15T00:00:00Z,33.06
10258,METAATMIV.U,2019-07-16T00:00:00Z,33.24
10259,METAATMIV.U,2019-07-17T00:00:00Z,34.03
10260,METAATMIV.U,2019-07-18T00:00:00Z,33.99
10261,METAATMIV.U,2019-07-19T00:00:00Z,33.89
10262,METAATMIV.U,2019-07-22T00:00:00Z,34.97
10263,METAATMIV.U,2019-07-23T00:00:00Z,35.39
10264,METAATMIV.U,2019-07-24T00:00:00Z,35.78
10265,METAATMIV.U,2019-07-25T00:00:00Z,25.71
10266,METAATMIV.U,2019-07-26T00:00:00Z,23.96
10267,METAATMIV.U,2019-07-29T00:00:00Z,25.05
10268,METAATMIV.U,2019-07-30T00:00:00Z,24.36
10269,METAATMIV.U,2019-07-31T00:00:00Z,25.49
10270,METAATMIV.U,2019-08-01T00:00:00Z,28.06
10271,METAATMIV.U,2019-08-02T00:00:00Z,29.08
10272,METAATMIV.U,2019-08-05T00:00:00Z,36.06
10273,METAATMIV.U,2019-08-06T00:00:00Z,31.17
10274,METAATMIV.U,2019-08-07T00:00:00Z,31.1
10275,METAATMIV.U,2019-08-08T00:00:00Z,27.46
10276,METAATMIV.U,2019-08-09T00:00:00Z,28.71
10277,METAATMIV.U,2019-08-12T00:00:00Z,30.27
10278,METAATMIV.U,2019-08-13T00:00:00Z,27.38
10279,METAATMIV.U,2019-08-14T00:00:00Z,32.44
10280,METAATMIV.U,2019-08-15T00:00:00Z,30.7
10281,METAATMIV.U,2019-08-16T00:00:00Z,26.93
10282,METAATMIV.U,2019-08-19T00:00:00Z,24.87
10283,METAATMIV.U,2019-08-20T00:00:00Z,25.53
10284,METAATMIV.U,2019-08-21T00:00:00Z,24.32
10285,METAATMIV.U,2019-08-22T00:00:00Z,26.0
10286,METAATMIV.U,2019-08-23T00:00:00Z,28.96
10287,METAATMIV.U,2019-08-26T00:00:00Z,27.9
10288,METAATMIV.U,2019-08-27T00:00:00Z,28.5
10289,METAATMIV.U,2019-08-28T00:00:00Z,27.81
10290,METAATMIV.U,2019-08-29T00:00:00Z,25.76
10291,METAATMIV.U,2019-08-30T00:00:00Z,25.09
10292,METAATMIV.U,2019-08-30T00:00:00Z,25.09
10293,METAATMIV.U,2019-09-03T00:00:00Z,27.96
10294,METAATMIV.U,2019-09-04T00:00:00Z,26.52
10295,METAATMIV.U,2019-09-05T00:00:00Z,24.73
10296,METAATMIV.U,2019-09-06T00:00:00Z,23.52
10297,METAATMIV.U,2019-09-09T00:00:00Z,24.31
10298,METAATMIV.U,2019-09-10T00:00:00Z,24.39
10299,METAATMIV.U,2019-09-11T00:00:00Z,23.07
10300,METAATMIV.U,2019-09-12T00:00:00Z,23.31
10301,METAATMIV.U,2019-09-13T00:00:00Z,22.12
10302,METAATMIV.U,2019-09-16T00:00:00Z,23.24
10303,METAATMIV.U,2019-09-17T00:00:00Z,22.09
10304,METAATMIV.U,2019-09-18T00:00:00Z,22.46
10305,METAATMIV.U,2019-09-19T00:00:00Z,23.02
10306,METAATMIV.U,2019-09-20T00:00:00Z,22.91
10307,METAATMIV.U,2019-09-23T00:00:00Z,24.11
10308,METAATMIV.U,2019-09-24T00:00:00Z,27.95
10309,METAATMIV.U,2019-09-25T00:00:00Z,26.71
10310,METAATMIV.U,2019-09-26T00:00:00Z,30.57
10311,METAATMIV.U,2019-09-27T00:00:00Z,31.57
10312,METAATMIV.U,2019-09-30T00:00:00Z,32.48
10313,METAATMIV.U,2019-10-01T00:00:00Z,34.44
10314,METAATMIV.U,2019-10-02T00:00:00Z,38.4
10315,METAATMIV.U,2019-10-03T00:00:00Z,36.42
10316,METAATMIV.U,2019-10-04T00:00:00Z,34.25
10317,METAATMIV.U,2019-10-07T00:00:00Z,34.32
10318,METAATMIV.U,2019-10-08T00:00:00Z,36.62
10319,METAATMIV.U,2019-10-09T00:00:00Z,34.36
10320,METAATMIV.U,2019-10-10T00:00:00Z,33.51
10321,METAATMIV.U,2019-10-11T00:00:00Z,32.84
10322,METAATMIV.U,2019-10-14T00:00:00Z,32.48
10323,METAATMIV.U,2019-10-15T00:00:00Z,30.93
10324,METAATMIV.U,2019-10-16T00:00:00Z,31.57
10325,METAATMIV.U,2019-10-17T00:00:00Z,30.06
10326,METAATMIV.U,2019-10-18T00:00:00Z,31.91
10327,METAATMIV.U,2019-10-21T00:00:00Z,31.49
10328,METAATMIV.U,2019-10-22T00:00:00Z,33.73
10329,METAATMIV.U,2019-10-23T00:00:00Z,32.83
10330,METAATMIV.U,2019-10-24T00:00:00Z,32.54
10331,METAATMIV.U,2019-10-25T00:00:00Z,31.38
10332,METAATMIV.U,2019-10-28T00:00:00Z,33.67
10333,METAATMIV.U,2019-10-29T00:00:00Z,33.5
10334,METAATMIV.U,2019-10-30T00:00:00Z,34.73
10335,METAATMIV.U,2019-10-31T00:00:00Z,22.62
10336,METAATMIV.U,2019-11-01T00:00:00Z,22.19
10337,METAATMIV.U,2019-11-04T00:00:00Z,22.16
10338,METAATMIV.U,2019-11-05T00:00:00Z,21.76
10339,METAATMIV.U,2019-11-06T00:00:00Z,21.73
10340,METAATMIV.U,2019-11-07T00:00:00Z,23.46
10341,METAATMIV.U,2019-11-08T00:00:00Z,22.05
10342,METAATMIV.U,2019-11-11T00:00:00Z,22.22
10343,METAATMIV.U,2019-11-12T00:00:00Z,22.35
10344,METAATMIV.U,2019-11-13T00:00:00Z,22.33
10345,METAATMIV.U,2019-11-14T00:00:00Z,22.59
10346,METAATMIV.U,2019-11-15T00:00:00Z,20.43
10347,METAATMIV.U,2019-11-18T00:00:00Z,22.56
10348,METAATMIV.U,2019-11-19T00:00:00Z,22.1
10349,METAATMIV.U,2019-11-20T00:00:00Z,22.83
10350,METAATMIV.U,2019-11-21T00:00:00Z,23.51
10351,METAATMIV.U,2019-11-22T00:00:00Z,22.13
10352,METAATMIV.U,2019-11-25T00:00:00Z,20.81
10353,METAATMIV.U,2019-11-26T00:00:00Z,19.89
10354,METAATMIV.U,2019-11-27T00:00:00Z,21.22
10355,METAATMIV.U,2019-11-27T00:00:00Z,21.22
10356,METAATMIV.U,2019-11-29T00:00:00Z,21.22
10357,METAATMIV.U,2019-12-02T00:00:00Z,22.17
10358,METAATMIV.U,2019-12-03T00:00:00Z,22.34
10359,METAATMIV.U,2019-12-04T00:00:00Z,22.33
10360,METAATMIV.U,2019-12-05T00:00:00Z,22.29
10361,METAATMIV.U,2019-12-06T00:00:00Z,20.53
10362,METAATMIV.U,2019-12-09T00:00:00Z,21.3
10363,METAATMIV.U,2019-12-10T00:00:00Z,21.6
10364,METAATMIV.U,2019-12-11T00:00:00Z,21.22
10365,METAATMIV.U,2019-12-12T00:00:00Z,22.55
10366,METAATMIV.U,2019-12-13T00:00:00Z,21.37
10367,METAATMIV.U,2019-12-16T00:00:00Z,19.91
10368,METAATMIV.U,2019-12-17T00:00:00Z,20.27
10369,METAATMIV.U,2019-12-18T00:00:00Z,19.46
10370,METAATMIV.U,2019-12-19T00:00:00Z,21.39
10371,METAATMIV.U,2019-12-20T00:00:00Z,20.36
10372,METAATMIV.U,2019-12-23T00:00:00Z,20.27
10373,METAATMIV.U,2019-12-24T00:00:00Z,20.15
10374,METAATMIV.U,2019-12-24T00:00:00Z,20.15
10375,METAATMIV.U,2019-12-26T00:00:00Z,25.96
10376,METAATMIV.U,2019-12-27T00:00:00Z,26.2
10377,METAATMIV.U,2019-12-30T00:00:00Z,29.48
10378,METAATMIV.U,2019-12-31T00:00:00Z,30.24
10379,METAATMIV.U,2019-12-31T00:00:00Z,30.24
10380,METAATMIV.U,2020-01-02T00:00:00Z,30.94
10381,METAATMIV.U,2020-01-03T00:00:00Z,31.57
10382,METAATMIV.U,2020-01-06T00:00:00Z,33.53
10383,METAATMIV.U,2020-01-07T00:00:00Z,32.16
10384,METAATMIV.U,2020-01-08T00:00:00Z,30.96
10385,METAATMIV.U,2020-01-09T00:00:00Z,29.99
10386,METAATMIV.U,2020-01-10T00:00:00Z,29.62
10387,METAATMIV.U,2020-01-13T00:00:00Z,30.48
10388,METAATMIV.U,2020-01-14T00:00:00Z,30.57
10389,METAATMIV.U,2020-01-15T00:00:00Z,30.03
10390,METAATMIV.U,2020-01-16T00:00:00Z,28.97
10391,METAATMIV.U,2020-01-17T00:00:00Z,28.21
10392,METAATMIV.U,2020-01-17T00:00:00Z,28.21
10393,METAATMIV.U,2020-01-21T00:00:00Z,29.9
10394,METAATMIV.U,2020-01-22T00:00:00Z,29.08
10395,METAATMIV.U,2020-01-23T00:00:00Z,29.13
10396,METAATMIV.U,2020-01-24T00:00:00Z,30.84
10397,METAATMIV.U,2020-01-27T00:00:00Z,32.73
10398,METAATMIV.U,2020-01-28T00:00:00Z,30.21
10399,METAATMIV.U,2020-01-29T00:00:00Z,29.44
10400,METAATMIV.U,2020-01-30T00:00:00Z,25.13
10401,METAATMIV.U,2020-01-31T00:00:00Z,27.85
10402,METAATMIV.U,2020-02-03T00:00:00Z,25.44
10403,METAATMIV.U,2020-02-04T00:00:00Z,26.47
10404,METAATMIV.U,2020-02-05T00:00:00Z,25.1
10405,METAATMIV.U,2020-02-06T00:00:00Z,24.14
10406,METAATMIV.U,2020-02-07T00:00:00Z,24.36
10407,METAATMIV.U,2020-02-10T00:00:00Z,24.84
10408,METAATMIV.U,2020-02-11T00:00:00Z,26.92
10409,METAATMIV.U,2020-02-12T00:00:00Z,23.84
10410,METAATMIV.U,2020-02-13T00:00:00Z,23.64
10411,METAATMIV.U,2020-02-14T00:00:00Z,22.33
10412,METAATMIV.U,2020-02-14T00:00:00Z,22.33
10413,METAATMIV.U,2020-02-18T00:00:00Z,23.56
10414,METAATMIV.U,2020-02-19T00:00:00Z,22.64
10415,METAATMIV.U,2020-02-20T00:00:00Z,23.37
10416,METAATMIV.U,2020-02-21T00:00:00Z,26.41
10417,METAATMIV.U,2020-02-24T00:00:00Z,31.63
10418,METAATMIV.U,2020-02-25T00:00:00Z,35.32
10419,METAATMIV.U,2020-02-26T00:00:00Z,34.29
10420,METAATMIV.U,2020-02-27T00:00:00Z,41.45
10421,METAATMIV.U,2020-02-28T00:00:00Z,43.19
10422,METAATMIV.U,2020-03-02T00:00:00Z,34.06
10423,METAATMIV.U,2020-03-03T00:00:00Z,42.31
10424,METAATMIV.U,2020-03-04T00:00:00Z,31.09
10425,METAATMIV.U,2020-03-05T00:00:00Z,42.86
10426,METAATMIV.U,2020-03-06T00:00:00Z,45.79
10427,METAATMIV.U,2020-03-09T00:00:00Z,55.94
10428,METAATMIV.U,2020-03-10T00:00:00Z,46.08
10429,METAATMIV.U,2020-03-11T00:00:00Z,54.0
10430,METAATMIV.U,2020-03-12T00:00:00Z,69.46
10431,METAATMIV.U,2020-03-13T00:00:00Z,51.73
10432,METAATMIV.U,2020-03-16T00:00:00Z,81.02
10433,METAATMIV.U,2020-03-17T00:00:00Z,71.08
10434,METAATMIV.U,2020-03-18T00:00:00Z,79.16
10435,METAATMIV.U,2020-03-19T00:00:00Z,72.71
10436,METAATMIV.U,2020-03-20T00:00:00Z,67.24
10437,METAATMIV.U,2020-03-23T00:00:00Z,62.59
10438,METAATMIV.U,2020-03-24T00:00:00Z,53.42
10439,METAATMIV.U,2020-03-25T00:00:00Z,64.53
10440,METAATMIV.U,2020-03-26T00:00:00Z,54.21
10441,METAATMIV.U,2020-03-27T00:00:00Z,62.05
10442,METAATMIV.U,2020-03-30T00:00:00Z,56.76
10443,METAATMIV.U,2020-03-31T00:00:00Z,53.34
10444,METAATMIV.U,2020-04-01T00:00:00Z,62.13
10445,METAATMIV.U,2020-04-02T00:00:00Z,57.62
10446,METAATMIV.U,2020-04-03T00:00:00Z,55.71
10447,METAATMIV.U,2020-04-06T00:00:00Z,43.82
10448,METAATMIV.U,2020-04-07T00:00:00Z,46.45
10449,METAATMIV.U,2020-04-08T00:00:00Z,43.29
10450,METAATMIV.U,2020-04-09T00:00:00Z,42.55
10451,METAATMIV.U,2020-04-09T00:00:00Z,42.55
10452,METAATMIV.U,2020-04-13T00:00:00Z,41.93
10453,METAATMIV.U,2020-04-14T00:00:00Z,40.6
10454,METAATMIV.U,2020-04-15T00:00:00Z,44.61
10455,METAATMIV.U,2020-04-16T00:00:00Z,45.18
10456,METAATMIV.U,2020-04-17T00:00:00Z,44.11
10457,METAATMIV.U,2020-04-20T00:00:00Z,46.69
10458,METAATMIV.U,2020-04-21T00:00:00Z,52.62
10459,METAATMIV.U,2020-04-22T00:00:00Z,47.97
10460,METAATMIV.U,2020-04-23T00:00:00Z,45.24
10461,METAATMIV.U,2020-04-24T00:00:00Z,45.35
10462,METAATMIV.U,2020-04-27T00:00:00Z,44.39
10463,METAATMIV.U,2020-04-28T00:00:00Z,43.12
10464,METAATMIV.U,2020-04-29T00:00:00Z,40.23
10465,METAATMIV.U,2020-04-30T00:00:00Z,31.37
10466,METAATMIV.U,2020-05-01T00:00:00Z,34.13
10467,METAATMIV.U,2020-05-04T00:00:00Z,34.45
10468,METAATMIV.U,2020-05-05T00:00:00Z,31.96
10469,METAATMIV.U,2020-05-06T00:00:00Z,32.99
10470,METAATMIV.U,2020-05-07T00:00:00Z,30.33
10471,METAATMIV.U,2020-05-08T00:00:00Z,28.1
10472,METAATMIV.U,2020-05-11T00:00:00Z,28.83
10473,METAATMIV.U,2020-05-12T00:00:00Z,29.99
10474,METAATMIV.U,2020-05-13T00:00:00Z,34.61
10475,METAATMIV.U,2020-05-14T00:00:00Z,32.04
10476,METAATMIV.U,2020-05-15T00:00:00Z,29.76
10477,METAATMIV.U,2020-05-18T00:00:00Z,28.83
10478,METAATMIV.U,2020-05-19T00:00:00Z,29.62
10479,METAATMIV.U,2020-05-20T00:00:00Z,34.69
10480,METAATMIV.U,2020-05-21T00:00:00Z,34.9
10481,METAATMIV.U,2020-05-22T00:00:00Z,34.09
10482,METAATMIV.U,2020-05-22T00:00:00Z,34.09
10483,METAATMIV.U,2020-05-26T00:00:00Z,32.92
10484,METAATMIV.U,2020-05-27T00:00:00Z,33.29
10485,METAATMIV.U,2020-05-28T00:00:00Z,34.12
10486,METAATMIV.U,2020-05-29T00:00:00Z,34.85
10487,METAATMIV.U,2020-06-01T00:00:00Z,33.7
10488,METAATMIV.U,2020-06-02T00:00:00Z,32.3
10489,METAATMIV.U,2020-06-03T00:00:00Z,31.48
10490,METAATMIV.U,2020-06-04T00:00:00Z,32.76
10491,METAATMIV.U,2020-06-05T00:00:00Z,29.9
10492,METAATMIV.U,2020-06-08T00:00:00Z,30.84
10493,METAATMIV.U,2020-06-09T00:00:00Z,32.5
10494,METAATMIV.U,2020-06-10T00:00:00Z,33.08
10495,METAATMIV.U,2020-06-11T00:00:00Z,41.32
10496,METAATMIV.U,2020-06-12T00:00:00Z,38.19
10497,METAATMIV.U,2020-06-15T00:00:00Z,34.82
10498,METAATMIV.U,2020-06-16T00:00:00Z,33.15
10499,METAATMIV.U,2020-06-17T00:00:00Z,33.3
10500,METAATMIV.U,2020-06-18T00:00:00Z,33.88
10501,METAATMIV.U,2020-06-19T00:00:00Z,33.52
10502,METAATMIV.U,2020-06-22T00:00:00Z,34.6
10503,METAATMIV.U,2020-06-23T00:00:00Z,35.14
10504,METAATMIV.U,2020-06-24T00:00:00Z,37.58
10505,METAATMIV.U,2020-06-25T00:00:00Z,38.98
10506,METAATMIV.U,2020-06-26T00:00:00Z,48.17
10507,METAATMIV.U,2020-06-29T00:00:00Z,47.0
10508,METAATMIV.U,2020-06-30T00:00:00Z,42.28
10509,METAATMIV.U,2020-07-01T00:00:00Z,41.83
10510,METAATMIV.U,2020-07-02T00:00:00Z,41.75
10511,METAATMIV.U,2020-07-02T00:00:00Z,41.75
10512,METAATMIV.U,2020-07-06T00:00:00Z,43.58
10513,METAATMIV.U,2020-07-07T00:00:00Z,45.34
10514,METAATMIV.U,2020-07-08T00:00:00Z,46.7
10515,METAATMIV.U,2020-07-09T00:00:00Z,46.87
10516,METAATMIV.U,2020-07-10T00:00:00Z,45.91
10517,METAATMIV.U,2020-07-13T00:00:00Z,50.44
10518,METAATMIV.U,2020-07-14T00:00:00Z,48.59
10519,METAATMIV.U,2020-07-15T00:00:00Z,48.89
10520,METAATMIV.U,2020-07-16T00:00:00Z,47.17
10521,METAATMIV.U,2020-07-17T00:00:00Z,43.78
10522,METAATMIV.U,2020-07-20T00:00:00Z,43.7
10523,METAATMIV.U,2020-07-21T00:00:00Z,42.44
10524,METAATMIV.U,2020-07-22T00:00:00Z,41.39
10525,METAATMIV.U,2020-07-23T00:00:00Z,43.46
10526,METAATMIV.U,2020-07-24T00:00:00Z,40.88
10527,METAATMIV.U,2020-07-27T00:00:00Z,40.96
10528,METAATMIV.U,2020-07-28T00:00:00Z,41.06
10529,METAATMIV.U,2020-07-29T00:00:00Z,39.74
10530,METAATMIV.U,2020-07-30T00:00:00Z,40.33
10531,METAATMIV.U,2020-07-31T00:00:00Z,31.06
10532,METAATMIV.U,2020-08-03T00:00:00Z,33.46
10533,METAATMIV.U,2020-08-04T00:00:00Z,32.45
10534,METAATMIV.U,2020-08-05T00:00:00Z,31.77
10535,METAATMIV.U,2020-08-06T00:00:00Z,34.06
10536,METAATMIV.U,2020-08-07T00:00:00Z,36.05
10537,METAATMIV.U,2020-08-10T00:00:00Z,36.19
10538,METAATMIV.U,2020-08-11T00:00:00Z,37.28
10539,METAATMIV.U,2020-08-12T00:00:00Z,33.52
10540,METAATMIV.U,2020-08-13T00:00:00Z,33.57
10541,METAATMIV.U,2020-08-14T00:00:00Z,32.81
10542,METAATMIV.U,2020-08-17T00:00:00Z,30.86
10543,METAATMIV.U,2020-08-18T00:00:00Z,32.97
10544,METAATMIV.U,2020-08-19T00:00:00Z,32.46
10545,METAATMIV.U,2020-08-20T00:00:00Z,32.21
10546,METAATMIV.U,2020-08-21T00:00:00Z,38.62
10547,METAATMIV.U,2020-08-24T00:00:00Z,36.44
10548,METAATMIV.U,2020-08-25T00:00:00Z,37.05
10549,METAATMIV.U,2020-08-26T00:00:00Z,49.7
10550,METAATMIV.U,2020-08-27T00:00:00Z,47.57
10551,METAATMIV.U,2020-08-28T00:00:00Z,46.4
10552,METAATMIV.U,2020-08-31T00:00:00Z,45.11
10553,METAATMIV.U,2020-09-01T00:00:00Z,46.13
10554,METAATMIV.U,2020-09-02T00:00:00Z,49.6
10555,METAATMIV.U,2020-09-03T00:00:00Z,53.51
10556,METAATMIV.U,2020-09-04T00:00:00Z,51.05
10557,METAATMIV.U,2020-09-04T00:00:00Z,51.05
10558,METAATMIV.U,2020-09-08T00:00:00Z,47.96
10559,METAATMIV.U,2020-09-09T00:00:00Z,43.54
10560,METAATMIV.U,2020-09-10T00:00:00Z,42.28
10561,METAATMIV.U,2020-09-11T00:00:00Z,39.19
10562,METAATMIV.U,2020-09-14T00:00:00Z,39.07
10563,METAATMIV.U,2020-09-15T00:00:00Z,38.7
10564,METAATMIV.U,2020-09-16T00:00:00Z,39.82
10565,METAATMIV.U,2020-09-17T00:00:00Z,42.24
10566,METAATMIV.U,2020-09-18T00:00:00Z,41.59
10567,METAATMIV.U,2020-09-21T00:00:00Z,41.19
10568,METAATMIV.U,2020-09-22T00:00:00Z,41.89
10569,METAATMIV.U,2020-09-23T00:00:00Z,43.04
10570,METAATMIV.U,2020-09-24T00:00:00Z,44.28
10571,METAATMIV.U,2020-09-25T00:00:00Z,41.02
10572,METAATMIV.U,2020-09-28T00:00:00Z,42.88
10573,METAATMIV.U,2020-09-29T00:00:00Z,43.36
10574,METAATMIV.U,2020-09-30T00:00:00Z,42.6
10575,METAATMIV.U,2020-10-01T00:00:00Z,45.53
10576,METAATMIV.U,2020-10-02T00:00:00Z,45.99
10577,METAATMIV.U,2020-10-05T00:00:00Z,46.78
10578,METAATMIV.U,2020-10-06T00:00:00Z,47.71
10579,METAATMIV.U,2020-10-07T00:00:00Z,48.21
10580,METAATMIV.U,2020-10-08T00:00:00Z,45.74
10581,METAATMIV.U,2020-10-09T00:00:00Z,44.88
10582,METAATMIV.U,2020-10-12T00:00:00Z,45.49
10583,METAATMIV.U,2020-10-13T00:00:00Z,46.11
10584,METAATMIV.U,2020-10-14T00:00:00Z,46.19
10585,METAATMIV.U,2020-10-15T00:00:00Z,46.51
10586,METAATMIV.U,2020-10-16T00:00:00Z,46.4
10587,METAATMIV.U,2020-10-19T00:00:00Z,48.1
10588,METAATMIV.U,2020-10-20T00:00:00Z,46.87
10589,METAATMIV.U,2020-10-21T00:00:00Z,44.99
10590,METAATMIV.U,2020-10-22T00:00:00Z,45.34
10591,METAATMIV.U,2020-10-23T00:00:00Z,46.92
10592,METAATMIV.U,2020-10-26T00:00:00Z,50.05
10593,METAATMIV.U,2020-10-27T00:00:00Z,47.15
10594,METAATMIV.U,2020-10-28T00:00:00Z,52.57
10595,METAATMIV.U,2020-10-29T00:00:00Z,49.48
10596,METAATMIV.U,2020-10-30T00:00:00Z,45.61
10597,METAATMIV.U,2020-11-02T00:00:00Z,43.74
10598,METAATMIV.U,2020-11-03T00:00:00Z,44.04
10599,METAATMIV.U,2020-11-04T00:00:00Z,37.01
10600,METAATMIV.U,2020-11-05T00:00:00Z,35.2
10601,METAATMIV.U,2020-11-06T00:00:00Z,32.92
10602,METAATMIV.U,2020-11-09T00:00:00Z,35.95
10603,METAATMIV.U,2020-11-10T00:00:00Z,37.72
10604,METAATMIV.U,2020-11-11T00:00:00Z,34.1
10605,METAATMIV.U,2020-11-12T00:00:00Z,34.97
10606,METAATMIV.U,2020-11-13T00:00:00Z,32.44
10607,METAATMIV.U,2020-11-16T00:00:00Z,30.32
10608,METAATMIV.U,2020-11-17T00:00:00Z,31.87
10609,METAATMIV.U,2020-11-18T00:00:00Z,31.44
10610,METAATMIV.U,2020-11-19T00:00:00Z,31.25
10611,METAATMIV.U,2020-11-20T00:00:00Z,31.84
10612,METAATMIV.U,2020-11-23T00:00:00Z,32.89
10613,METAATMIV.U,2020-11-24T00:00:00Z,31.05
10614,METAATMIV.U,2020-11-25T00:00:00Z,30.99
10615,METAATMIV.U,2020-11-25T00:00:00Z,30.99
10616,METAATMIV.U,2020-11-27T00:00:00Z,32.03
10617,METAATMIV.U,2020-11-30T00:00:00Z,33.09
10618,METAATMIV.U,2020-12-01T00:00:00Z,32.85
10619,METAATMIV.U,2020-12-02T00:00:00Z,34.65
10620,METAATMIV.U,2020-12-03T00:00:00Z,33.78
10621,METAATMIV.U,2020-12-04T00:00:00Z,33.82
10622,METAATMIV.U,2020-12-07T00:00:00Z,33.72
10623,METAATMIV.U,2020-12-08T00:00:00Z,33.88
10624,METAATMIV.U,2020-12-09T00:00:00Z,36.07
10625,METAATMIV.U,2020-12-10T00:00:00Z,35.53
10626,METAATMIV.U,2020-12-11T00:00:00Z,34.84
10627,METAATMIV.U,2020-12-14T00:00:00Z,38.41
10628,METAATMIV.U,2020-12-15T00:00:00Z,43.08
10629,METAATMIV.U,2020-12-16T00:00:00Z,32.61
10630,METAATMIV.U,2020-12-17T00:00:00Z,37.75
10631,METAATMIV.U,2020-12-18T00:00:00Z,33.06
10632,METAATMIV.U,2020-12-21T00:00:00Z,35.75
10633,METAATMIV.U,2020-12-22T00:00:00Z,33.56
10634,METAATMIV.U,2020-12-23T00:00:00Z,33.1
10635,METAATMIV.U,2020-12-24T00:00:00Z,35.09
10636,METAATMIV.U,2020-12-24T00:00:00Z,35.09
10637,METAATMIV.U,2020-12-28T00:00:00Z,36.95
10638,METAATMIV.U,2020-12-29T00:00:00Z,37.33
10639,METAATMIV.U,2020-12-30T00:00:00Z,38.79
10640,METAATMIV.U,2020-12-31T00:00:00Z,39.41
10641,METAATMIV.U,2020-12-31T00:00:00Z,39.41
10642,METAATMIV.U,2021-01-04T00:00:00Z,42.25
10643,METAATMIV.U,2021-01-05T00:00:00Z,39.99
10644,METAATMIV.U,2021-01-06T00:00:00Z,40.61
10645,METAATMIV.U,2021-01-07T00:00:00Z,39.79
10646,METAATMIV.U,2021-01-08T00:00:00Z,41.27
10647,METAATMIV.U,2021-01-11T00:00:00Z,46.21
10648,METAATMIV.U,2021-01-12T00:00:00Z,44.58
10649,METAATMIV.U,2021-01-13T00:00:00Z,45.13
10650,METAATMIV.U,2021-01-14T00:00:00Z,46.1
10651,METAATMIV.U,2021-01-15T00:00:00Z,45.1
10652,METAATMIV.U,2021-01-15T00:00:00Z,45.1
10653,METAATMIV.U,2021-01-19T00:00:00Z,42.12
10654,METAATMIV.U,2021-01-20T00:00:00Z,42.07
10655,METAATMIV.U,2021-01-21T00:00:00Z,42.18
10656,METAATMIV.U,2021-01-22T00:00:00Z,43.1
10657,METAATMIV.U,2021-01-25T00:00:00Z,43.91
10658,METAATMIV.U,2021-01-26T00:00:00Z,43.62
10659,METAATMIV.U,2021-01-27T00:00:00Z,49.94
10660,METAATMIV.U,2021-01-28T00:00:00Z,41.03
10661,METAATMIV.U,2021-01-29T00:00:00Z,41.56
10662,METAATMIV.U,2021-02-01T00:00:00Z,37.32
10663,METAATMIV.U,2021-02-02T00:00:00Z,34.45
10664,METAATMIV.U,2021-02-03T00:00:00Z,33.46
10665,METAATMIV.U,2021-02-04T00:00:00Z,31.46
10666,METAATMIV.U,2021-02-05T00:00:00Z,30.77
10667,METAATMIV.U,2021-02-08T00:00:00Z,31.2
10668,METAATMIV.U,2021-02-09T00:00:00Z,31.12
10669,METAATMIV.U,2021-02-10T00:00:00Z,31.73
10670,METAATMIV.U,2021-02-11T00:00:00Z,30.48
10671,METAATMIV.U,2021-02-12T00:00:00Z,29.0
10672,METAATMIV.U,2021-02-12T00:00:00Z,29.0
10673,METAATMIV.U,2021-02-16T00:00:00Z,30.93
10674,METAATMIV.U,2021-02-17T00:00:00Z,30.31
10675,METAATMIV.U,2021-02-18T00:00:00Z,29.41
10676,METAATMIV.U,2021-02-19T00:00:00Z,29.87
10677,METAATMIV.U,2021-02-22T00:00:00Z,33.73
10678,METAATMIV.U,2021-02-23T00:00:00Z,32.74
10679,METAATMIV.U,2021-02-24T00:00:00Z,32.09
10680,METAATMIV.U,2021-02-25T00:00:00Z,37.66
10681,METAATMIV.U,2021-02-26T00:00:00Z,37.36
10682,METAATMIV.U,2021-03-01T00:00:00Z,30.96
10683,METAATMIV.U,2021-03-02T00:00:00Z,31.24
10684,METAATMIV.U,2021-03-03T00:00:00Z,34.91
10685,METAATMIV.U,2021-03-04T00:00:00Z,37.12
10686,METAATMIV.U,2021-03-05T00:00:00Z,33.03
10687,METAATMIV.U,2021-03-08T00:00:00Z,37.19
10688,METAATMIV.U,2021-03-09T00:00:00Z,33.98
10689,METAATMIV.U,2021-03-10T00:00:00Z,33.41
10690,METAATMIV.U,2021-03-11T00:00:00Z,32.47
10691,METAATMIV.U,2021-03-12T00:00:00Z,32.65
10692,METAATMIV.U,2021-03-15T00:00:00Z,32.2
10693,METAATMIV.U,2021-03-16T00:00:00Z,30.52
10694,METAATMIV.U,2021-03-17T00:00:00Z,30.37
10695,METAATMIV.U,2021-03-18T00:00:00Z,33.53
10696,METAATMIV.U,2021-03-19T00:00:00Z,32.05
10697,METAATMIV.U,2021-03-22T00:00:00Z,30.94
10698,METAATMIV.U,2021-03-23T00:00:00Z,31.88
10699,METAATMIV.U,2021-03-24T00:00:00Z,31.1
10700,METAATMIV.U,2021-03-25T00:00:00Z,36.06
10701,METAATMIV.U,2021-03-26T00:00:00Z,34.29
10702,METAATMIV.U,2021-03-29T00:00:00Z,36.87
10703,METAATMIV.U,2021-03-30T00:00:00Z,38.8
10704,METAATMIV.U,2021-03-31T00:00:00Z,36.72
10705,METAATMIV.U,2021-04-01T00:00:00Z,34.98
10706,METAATMIV.U,2021-04-01T00:00:00Z,34.98
10707,METAATMIV.U,2021-04-05T00:00:00Z,37.38
10708,METAATMIV.U,2021-04-06T00:00:00Z,35.55
10709,METAATMIV.U,2021-04-07T00:00:00Z,36.16
10710,METAATMIV.U,2021-04-08T00:00:00Z,35.46
10711,METAATMIV.U,2021-04-09T00:00:00Z,33.86
10712,METAATMIV.U,2021-04-12T00:00:00Z,34.01
10713,METAATMIV.U,2021-04-13T00:00:00Z,34.4
10714,METAATMIV.U,2021-04-14T00:00:00Z,36.29
10715,METAATMIV.U,2021-04-15T00:00:00Z,34.7
10716,METAATMIV.U,2021-04-16T00:00:00Z,32.98
10717,METAATMIV.U,2021-04-19T00:00:00Z,34.36
10718,METAATMIV.U,2021-04-20T00:00:00Z,36.06
10719,METAATMIV.U,2021-04-21T00:00:00Z,35.78
10720,METAATMIV.U,2021-04-22T00:00:00Z,36.12
10721,METAATMIV.U,2021-04-23T00:00:00Z,33.93
10722,METAATMIV.U,2021-04-26T00:00:00Z,35.55
10723,METAATMIV.U,2021-04-27T00:00:00Z,34.48
10724,METAATMIV.U,2021-04-28T00:00:00Z,32.77
10725,METAATMIV.U,2021-04-29T00:00:00Z,26.04
10726,METAATMIV.U,2021-04-30T00:00:00Z,24.68
10727,METAATMIV.U,2021-05-03T00:00:00Z,24.96
10728,METAATMIV.U,2021-05-04T00:00:00Z,26.49
10729,METAATMIV.U,2021-05-05T00:00:00Z,25.86
10730,METAATMIV.U,2021-05-06T00:00:00Z,25.69
10731,METAATMIV.U,2021-05-07T00:00:00Z,23.95
10732,METAATMIV.U,2021-05-10T00:00:00Z,27.94
10733,METAATMIV.U,2021-05-11T00:00:00Z,28.27
10734,METAATMIV.U,2021-05-12T00:00:00Z,33.79
10735,METAATMIV.U,2021-05-13T00:00:00Z,28.6
10736,METAATMIV.U,2021-05-14T00:00:00Z,26.05
10737,METAATMIV.U,2021-05-17T00:00:00Z,28.47
10738,METAATMIV.U,2021-05-18T00:00:00Z,28.33
10739,METAATMIV.U,2021-05-19T00:00:00Z,35.99
10740,METAATMIV.U,2021-05-20T00:00:00Z,27.19
10741,METAATMIV.U,2021-05-21T00:00:00Z,26.99
10742,METAATMIV.U,2021-05-24T00:00:00Z,25.3
10743,METAATMIV.U,2021-05-25T00:00:00Z,25.95
10744,METAATMIV.U,2021-05-26T00:00:00Z,24.83
10745,METAATMIV.U,2021-05-27T00:00:00Z,24.88
10746,METAATMIV.U,2021-05-28T00:00:00Z,24.14
10747,METAATMIV.U,2021-05-28T00:00:00Z,24.14
10748,METAATMIV.U,2021-06-01T00:00:00Z,24.84
10749,METAATMIV.U,2021-06-02T00:00:00Z,24.19
10750,METAATMIV.U,2021-06-03T00:00:00Z,24.65
10751,METAATMIV.U,2021-06-04T00:00:00Z,23.61
10752,METAATMIV.U,2021-06-07T00:00:00Z,24.66
10753,METAATMIV.U,2021-06-08T00:00:00Z,23.55
10754,METAATMIV.U,2021-06-09T00:00:00Z,23.51
10755,METAATMIV.U,2021-06-10T00:00:00Z,22.06
10756,METAATMIV.U,2021-06-11T00:00:00Z,20.47
10757,METAATMIV.U,2021-06-14T00:00:00Z,21.98
10758,METAATMIV.U,2021-06-15T00:00:00Z,22.0
10759,METAATMIV.U,2021-06-16T00:00:00Z,22.02
10760,METAATMIV.U,2021-06-17T00:00:00Z,21.78
10761,METAATMIV.U,2021-06-18T00:00:00Z,23.81
10762,METAATMIV.U,2021-06-21T00:00:00Z,21.59
10763,METAATMIV.U,2021-06-22T00:00:00Z,22.93
10764,METAATMIV.U,2021-06-23T00:00:00Z,22.23
10765,METAATMIV.U,2021-06-24T00:00:00Z,25.79
10766,METAATMIV.U,2021-06-25T00:00:00Z,25.85
10767,METAATMIV.U,2021-06-28T00:00:00Z,32.36
10768,METAATMIV.U,2021-06-29T00:00:00Z,32.91
10769,METAATMIV.U,2021-06-30T00:00:00Z,32.8
10770,METAATMIV.U,2021-07-01T00:00:00Z,32.29
10771,METAATMIV.U,2021-07-02T00:00:00Z,30.78
10772,METAATMIV.U,2021-07-02T00:00:00Z,30.78
10773,METAATMIV.U,2021-07-06T00:00:00Z,32.55
10774,METAATMIV.U,2021-07-07T00:00:00Z,32.72
10775,METAATMIV.U,2021-07-08T00:00:00Z,33.4
10776,METAATMIV.U,2021-07-09T00:00:00Z,31.85
10777,METAATMIV.U,2021-07-12T00:00:00Z,31.33
10778,METAATMIV.U,2021-07-13T00:00:00Z,31.48
10779,METAATMIV.U,2021-07-14T00:00:00Z,32.05
10780,METAATMIV.U,2021-07-15T00:00:00Z,31.83
10781,METAATMIV.U,2021-07-16T00:00:00Z,31.22
10782,METAATMIV.U,2021-07-19T00:00:00Z,33.48
10783,METAATMIV.U,2021-07-20T00:00:00Z,31.4
10784,METAATMIV.U,2021-07-21T00:00:00Z,30.65
10785,METAATMIV.U,2021-07-22T00:00:00Z,30.06
10786,METAATMIV.U,2021-07-23T00:00:00Z,31.64
10787,METAATMIV.U,2021-07-26T00:00:00Z,33.52
10788,METAATMIV.U,2021-07-27T00:00:00Z,32.43
10789,METAATMIV.U,2021-07-28T00:00:00Z,31.45
10790,METAATMIV.U,2021-07-29T00:00:00Z,24.34
10791,METAATMIV.U,2021-07-30T00:00:00Z,23.47
10792,METAATMIV.U,2021-08-02T00:00:00Z,23.57
10793,METAATMIV.U,2021-08-03T00:00:00Z,23.11
10794,METAATMIV.U,2021-08-04T00:00:00Z,23.27
10795,METAATMIV.U,2021-08-05T00:00:00Z,22.9
10796,METAATMIV.U,2021-08-06T00:00:00Z,22.23
10797,METAATMIV.U,2021-08-09T00:00:00Z,21.93
10798,METAATMIV.U,2021-08-10T00:00:00Z,21.66
10799,METAATMIV.U,2021-08-11T00:00:00Z,20.97
10800,METAATMIV.U,2021-08-12T00:00:00Z,21.67
10801,METAATMIV.U,2021-08-13T00:00:00Z,21.1
10802,METAATMIV.U,2021-08-16T00:00:00Z,23.42
10803,METAATMIV.U,2021-08-17T00:00:00Z,23.16
10804,METAATMIV.U,2021-08-18T00:00:00Z,25.03
10805,METAATMIV.U,2021-08-19T00:00:00Z,24.26
10806,METAATMIV.U,2021-08-20T00:00:00Z,21.63
10807,METAATMIV.U,2021-08-23T00:00:00Z,21.31
10808,METAATMIV.U,2021-08-24T00:00:00Z,20.57
10809,METAATMIV.U,2021-08-25T00:00:00Z,20.48
10810,METAATMIV.U,2021-08-26T00:00:00Z,21.58
10811,METAATMIV.U,2021-08-27T00:00:00Z,20.41
10812,METAATMIV.U,2021-08-30T00:00:00Z,21.18
10813,METAATMIV.U,2021-08-31T00:00:00Z,21.07
10814,METAATMIV.U,2021-09-01T00:00:00Z,20.11
10815,METAATMIV.U,2021-09-02T00:00:00Z,21.5
10816,METAATMIV.U,2021-09-03T00:00:00Z,20.36
10817,METAATMIV.U,2021-09-03T00:00:00Z,20.36
10818,METAATMIV.U,2021-09-07T00:00:00Z,21.49
10819,METAATMIV.U,2021-09-08T00:00:00Z,22.41
10820,METAATMIV.U,2021-09-09T00:00:00Z,21.9
10821,METAATMIV.U,2021-09-10T00:00:00Z,22.98
10822,METAATMIV.U,2021-09-13T00:00:00Z,22.78
10823,METAATMIV.U,2021-09-14T00:00:00Z,22.14
10824,METAATMIV.U,2021-09-15T00:00:00Z,21.23
10825,METAATMIV.U,2021-09-16T00:00:00Z,21.58
10826,METAATMIV.U,2021-09-17T00:00:00Z,23.97
10827,METAATMIV.U,2021-09-20T00:00:00Z,28.88
10828,METAATMIV.U,2021-09-21T00:00:00Z,26.47
10829,METAATMIV.U,2021-09-22T00:00:00Z,28.15
10830,METAATMIV.U,2021-09-23T00:00:00Z,28.63
10831,METAATMIV.U,2021-09-24T00:00:00Z,26.6
10832,METAATMIV.U,2021-09-27T00:00:00Z,29.14
10833,METAATMIV.U,2021-09-28T00:00:00Z,35.07
10834,METAATMIV.U,2021-09-29T00:00:00Z,35.71
10835,METAATMIV.U,2021-09-30T00:00:00Z,35.66
10836,METAATMIV.U,2021-10-01T00:00:00Z,32.95
10837,METAATMIV.U,2021-10-04T00:00:00Z,40.46
10838,METAATMIV.U,2021-10-05T00:00:00Z,36.18
10839,METAATMIV.U,2021-10-06T00:00:00Z,35.74
10840,METAATMIV.U,2021-10-07T00:00:00Z,37.37
10841,METAATMIV.U,2021-10-08T00:00:00Z,35.01
10842,METAATMIV.U,2021-10-11T00:00:00Z,36.2
10843,METAATMIV.U,2021-10-12T00:00:00Z,35.59
10844,METAATMIV.U,2021-10-13T00:00:00Z,34.81
10845,METAATMIV.U,2021-10-14T00:00:00Z,32.49
10846,METAATMIV.U,2021-10-15T00:00:00Z,32.89
10847,METAATMIV.U,2021-10-18T00:00:00Z,32.34
10848,METAATMIV.U,2021-10-19T00:00:00Z,32.16
10849,METAATMIV.U,2021-10-20T00:00:00Z,32.28
10850,METAATMIV.U,2021-10-21T00:00:00Z,33.17
10851,METAATMIV.U,2021-10-22T00:00:00Z,36.24
10852,METAATMIV.U,2021-10-25T00:00:00Z,37.19
10853,METAATMIV.U,2021-10-26T00:00:00Z,30.06
10854,METAATMIV.U,2021-10-27T00:00:00Z,27.65
10855,METAATMIV.U,2021-10-28T00:00:00Z,29.88
10856,METAATMIV.U,2021-10-29T00:00:00Z,29.4
10857,METAATMIV.U,2021-11-01T00:00:00Z,29.86
10858,METAATMIV.U,2021-11-02T00:00:00Z,30.29
10859,METAATMIV.U,2021-11-03T00:00:00Z,29.03
10860,METAATMIV.U,2021-11-04T00:00:00Z,29.21
10861,METAATMIV.U,2021-11-05T00:00:00Z,29.67
10862,METAATMIV.U,2021-11-08T00:00:00Z,29.83
10863,METAATMIV.U,2021-11-09T00:00:00Z,29.63
10864,METAATMIV.U,2021-11-10T00:00:00Z,28.44
10865,METAATMIV.U,2021-11-11T00:00:00Z,27.38
10866,METAATMIV.U,2021-11-12T00:00:00Z,29.02
10867,METAATMIV.U,2021-11-15T00:00:00Z,31.73
10868,METAATMIV.U,2021-11-16T00:00:00Z,30.06
10869,METAATMIV.U,2021-11-17T00:00:00Z,31.1
10870,METAATMIV.U,2021-11-18T00:00:00Z,30.51
10871,METAATMIV.U,2021-11-19T00:00:00Z,30.59
10872,METAATMIV.U,2021-11-22T00:00:00Z,32.8
10873,METAATMIV.U,2021-11-23T00:00:00Z,33.31
10874,METAATMIV.U,2021-11-24T00:00:00Z,32.86
10875,METAATMIV.U,2021-11-24T00:00:00Z,32.86
10876,METAATMIV.U,2021-11-26T00:00:00Z,36.75
10877,METAATMIV.U,2021-11-29T00:00:00Z,33.2
10878,METAATMIV.U,2021-11-30T00:00:00Z,35.61
10879,METAATMIV.U,2021-12-01T00:00:00Z,38.15
10880,METAATMIV.U,2021-12-02T00:00:00Z,36.48
10881,METAATMIV.U,2021-12-03T00:00:00Z,39.02
10882,METAATMIV.U,2021-12-06T00:00:00Z,35.59
10883,METAATMIV.U,2021-12-07T00:00:00Z,30.47
10884,METAATMIV.U,2021-12-08T00:00:00Z,29.38
10885,METAATMIV.U,2021-12-09T00:00:00Z,31.27
10886,METAATMIV.U,2021-12-10T00:00:00Z,28.82
10887,METAATMIV.U,2021-12-13T00:00:00Z,31.25
10888,METAATMIV.U,2021-12-14T00:00:00Z,32.45
10889,METAATMIV.U,2021-12-15T00:00:00Z,30.66
10890,METAATMIV.U,2021-12-16T00:00:00Z,32.69
10891,METAATMIV.U,2021-12-17T00:00:00Z,33.33
10892,METAATMIV.U,2021-12-20T00:00:00Z,35.07
10893,METAATMIV.U,2021-12-21T00:00:00Z,30.26
10894,METAATMIV.U,2021-12-22T00:00:00Z,31.2
10895,METAATMIV.U,2021-12-23T00:00:00Z,29.55
10896,METAATMIV.U,2021-12-23T00:00:00Z,29.55
10897,METAATMIV.U,2021-12-27T00:00:00Z,32.91
10898,METAATMIV.U,2021-12-28T00:00:00Z,34.01
10899,METAATMIV.U,2021-12-29T00:00:00Z,33.61
10900,METAATMIV.U,2021-12-30T00:00:00Z,33.31
10901,METAATMIV.U,2021-12-31T00:00:00Z,33.68
10902,METAATMIV.U,2022-01-03T00:00:00Z,33.76
10903,METAATMIV.U,2022-01-04T00:00:00Z,35.1
10904,METAATMIV.U,2022-01-05T00:00:00Z,37.48
10905,METAATMIV.U,2022-01-06T00:00:00Z,36.67
10906,METAATMIV.U,2022-01-07T00:00:00Z,36.06
10907,METAATMIV.U,2022-01-10T00:00:00Z,37.63
10908,METAATMIV.U,2022-01-11T00:00:00Z,34.78
10909,METAATMIV.U,2022-01-12T00:00:00Z,34.47
10910,METAATMIV.U,2022-01-13T00:00:00Z,35.46
10911,METAATMIV.U,2022-01-14T00:00:00Z,35.04
10912,METAATMIV.U,2022-01-14T00:00:00Z,35.04
10913,METAATMIV.U,2022-01-18T00:00:00Z,38.87
10914,METAATMIV.U,2022-01-19T00:00:00Z,37.22
10915,METAATMIV.U,2022-01-20T00:00:00Z,37.8
10916,METAATMIV.U,2022-01-21T00:00:00Z,44.23
10917,METAATMIV.U,2022-01-24T00:00:00Z,45.21
10918,METAATMIV.U,2022-01-25T00:00:00Z,48.22
10919,METAATMIV.U,2022-01-26T00:00:00Z,47.15
10920,METAATMIV.U,2022-01-27T00:00:00Z,47.07
10921,METAATMIV.U,2022-01-28T00:00:00Z,42.0
10922,METAATMIV.U,2022-01-31T00:00:00Z,39.14
10923,METAATMIV.U,2022-02-01T00:00:00Z,38.16
10924,METAATMIV.U,2022-02-02T00:00:00Z,44.63
10925,METAATMIV.U,2022-02-03T00:00:00Z,49.15
10926,METAATMIV.U,2022-02-04T00:00:00Z,44.0
10927,METAATMIV.U,2022-02-07T00:00:00Z,45.65
10928,METAATMIV.U,2022-02-08T00:00:00Z,44.19
10929,METAATMIV.U,2022-02-09T00:00:00Z,38.65
10930,METAATMIV.U,2022-02-10T00:00:00Z,38.95
10931,METAATMIV.U,2022-02-11T00:00:00Z,42.72
10932,METAATMIV.U,2022-02-14T00:00:00Z,43.64
10933,METAATMIV.U,2022-02-15T00:00:00Z,37.67
10934,METAATMIV.U,2022-02-16T00:00:00Z,38.02
10935,METAATMIV.U,2022-02-17T00:00:00Z,43.86
10936,METAATMIV.U,2022-02-18T00:00:00Z,42.48
10937,METAATMIV.U,2022-02-18T00:00:00Z,42.48
10938,METAATMIV.U,2022-02-22T00:00:00Z,42.57
10939,METAATMIV.U,2022-02-23T00:00:00Z,45.66
10940,METAATMIV.U,2022-02-24T00:00:00Z,41.84
10941,METAATMIV.U,2022-02-25T00:00:00Z,38.62
10942,METAATMIV.U,2022-02-28T00:00:00Z,39.86
10943,METAATMIV.U,2022-03-01T00:00:00Z,45.19
10944,METAATMIV.U,2022-03-02T00:00:00Z,40.61
10945,METAATMIV.U,2022-03-03T00:00:00Z,41.14
10946,METAATMIV.U,2022-03-04T00:00:00Z,42.98
10947,METAATMIV.U,2022-03-07T00:00:00Z,50.37
10948,METAATMIV.U,2022-03-08T00:00:00Z,48.38
10949,METAATMIV.U,2022-03-09T00:00:00Z,42.6
10950,METAATMIV.U,2022-03-10T00:00:00Z,42.72
10951,METAATMIV.U,2022-03-11T00:00:00Z,45.58
10952,METAATMIV.U,2022-03-14T00:00:00Z,47.28
10953,METAATMIV.U,2022-03-15T00:00:00Z,44.87
10954,METAATMIV.U,2022-03-16T00:00:00Z,39.93
10955,METAATMIV.U,2022-03-17T00:00:00Z,36.55
10956,METAATMIV.U,2022-03-18T00:00:00Z,34.93
10957,METAATMIV.U,2022-03-21T00:00:00Z,36.45
10958,METAATMIV.U,2022-03-22T00:00:00Z,34.68
10959,METAATMIV.U,2022-03-23T00:00:00Z,36.54
10960,METAATMIV.U,2022-03-24T00:00:00Z,39.98
10961,METAATMIV.U,2022-03-25T00:00:00Z,39.8
10962,METAATMIV.U,2022-03-28T00:00:00Z,41.9
10963,METAATMIV.U,2022-03-29T00:00:00Z,40.75
10964,METAATMIV.U,2022-03-30T00:00:00Z,43.53
10965,METAATMIV.U,2022-03-31T00:00:00Z,45.06
10966,METAATMIV.U,2022-04-01T00:00:00Z,43.83
10967,METAATMIV.U,2022-04-04T00:00:00Z,44.5
10968,METAATMIV.U,2022-04-05T00:00:00Z,46.96
10969,METAATMIV.U,2022-04-06T00:00:00Z,48.67
10970,METAATMIV.U,2022-04-07T00:00:00Z,47.93
10971,METAATMIV.U,2022-04-08T00:00:00Z,47.43
10972,METAATMIV.U,2022-04-11T00:00:00Z,50.23
10973,METAATMIV.U,2022-04-12T00:00:00Z,49.91
10974,METAATMIV.U,2022-04-13T00:00:00Z,47.86
10975,METAATMIV.U,2022-04-14T00:00:00Z,46.34
10976,METAATMIV.U,2022-04-14T00:00:00Z,46.34
10977,METAATMIV.U,2022-04-18T00:00:00Z,47.9
10978,METAATMIV.U,2022-04-19T00:00:00Z,47.26
10979,METAATMIV.U,2022-04-20T00:00:00Z,58.49
10980,METAATMIV.U,2022-04-21T00:00:00Z,68.31
10981,METAATMIV.U,2022-04-22T00:00:00Z,68.14
10982,METAATMIV.U,2022-04-25T00:00:00Z,69.25
10983,METAATMIV.U,2022-04-26T00:00:00Z,73.96
10984,METAATMIV.U,2022-04-27T00:00:00Z,78.82
10985,METAATMIV.U,2022-04-28T00:00:00Z,43.95
10986,METAATMIV.U,2022-04-29T00:00:00Z,47.85
10987,METAATMIV.U,2022-05-02T00:00:00Z,48.23
10988,METAATMIV.U,2022-05-03T00:00:00Z,46.45
10989,METAATMIV.U,2022-05-04T00:00:00Z,40.43
10990,METAATMIV.U,2022-05-05T00:00:00Z,48.25
10991,METAATMIV.U,2022-05-06T00:00:00Z,47.72
10992,METAATMIV.U,2022-05-09T00:00:00Z,52.97
10993,METAATMIV.U,2022-05-10T00:00:00Z,52.12
10994,METAATMIV.U,2022-05-11T00:00:00Z,54.22
10995,METAATMIV.U,2022-05-12T00:00:00Z,54.08
10996,METAATMIV.U,2022-05-13T00:00:00Z,48.01
10997,METAATMIV.U,2022-05-16T00:00:00Z,47.67
10998,METAATMIV.U,2022-05-17T00:00:00Z,45.75
10999,METAATMIV.U,2022-05-18T00:00:00Z,48.7
11000,METAATMIV.U,2022-05-19T00:00:00Z,45.98
11001,METAATMIV.U,2022-05-20T00:00:00Z,44.3
11002,METAATMIV.U,2022-05-23T00:00:00Z,43.5
11003,METAATMIV.U,2022-05-24T00:00:00Z,50.23
11004,METAATMIV.U,2022-05-25T00:00:00Z,46.25
11005,METAATMIV.U,2022-05-26T00:00:00Z,42.72
11006,METAATMIV.U,2022-05-27T00:00:00Z,40.98
11007,METAATMIV.U,2022-05-27T00:00:00Z,40.98
11008,METAATMIV.U,2022-05-31T00:00:00Z,43.2
11009,METAATMIV.U,2022-06-01T00:00:00Z,44.07
11010,METAATMIV.U,2022-06-02T00:00:00Z,41.6
11011,METAATMIV.U,2022-06-03T00:00:00Z,43.51
11012,METAATMIV.U,2022-06-06T00:00:00Z,42.54
11013,METAATMIV.U,2022-06-07T00:00:00Z,40.79
11014,METAATMIV.U,2022-06-07T00:00:00Z,40.79
11015,METAATMIV.U,2022-06-09T00:00:00Z,45.21
11016,METAATMIV.U,2022-06-10T00:00:00Z,46.69
11017,METAATMIV.U,2022-06-13T00:00:00Z,54.54
11018,METAATMIV.U,2022-06-14T00:00:00Z,52.96
11019,METAATMIV.U,2022-06-15T00:00:00Z,48.84
11020,METAATMIV.U,2022-06-16T00:00:00Z,54.42
11021,METAATMIV.U,2022-06-17T00:00:00Z,50.58
11022,METAATMIV.U,2022-06-17T00:00:00Z,50.58
11023,METAATMIV.U,2022-06-21T00:00:00Z,54.58
11024,METAATMIV.U,2022-06-22T00:00:00Z,53.37
11025,METAATMIV.U,2022-06-23T00:00:00Z,57.78
11026,METAATMIV.U,2022-06-24T00:00:00Z,54.35
11027,METAATMIV.U,2022-06-27T00:00:00Z,60.62
11028,METAATMIV.U,2022-06-28T00:00:00Z,64.39
11029,METAATMIV.U,2022-06-29T00:00:00Z,66.62
11030,METAATMIV.U,2022-06-30T00:00:00Z,66.65
11031,METAATMIV.U,2022-07-01T00:00:00Z,65.88
11032,METAATMIV.U,2022-07-01T00:00:00Z,65.88
11033,METAATMIV.U,2022-07-05T00:00:00Z,67.41
11034,METAATMIV.U,2022-07-06T00:00:00Z,66.12
11035,METAATMIV.U,2022-07-07T00:00:00Z,63.83
11036,METAATMIV.U,2022-07-08T00:00:00Z,62.97
11037,METAATMIV.U,2022-07-11T00:00:00Z,66.27
11038,METAATMIV.U,2022-07-12T00:00:00Z,67.12
11039,METAATMIV.U,2022-07-13T00:00:00Z,66.69
11040,METAATMIV.U,2022-07-14T00:00:00Z,65.12
11041,METAATMIV.U,2022-07-15T00:00:00Z,62.51
11042,METAATMIV.U,2022-07-18T00:00:00Z,63.59
11043,METAATMIV.U,2022-07-19T00:00:00Z,63.46
11044,METAATMIV.U,2022-07-20T00:00:00Z,60.85
11045,METAATMIV.U,2022-07-21T00:00:00Z,60.52
11046,METAATMIV.U,2022-07-22T00:00:00Z,63.56
11047,METAATMIV.U,2022-07-25T00:00:00Z,63.93
11048,METAATMIV.U,2022-07-26T00:00:00Z,65.95
11049,METAATMIV.U,2022-07-27T00:00:00Z,59.44
11050,METAATMIV.U,2022-07-28T00:00:00Z,40.36
11051,METAATMIV.U,2022-07-29T00:00:00Z,39.81
11052,METAATMIV.U,2022-08-01T00:00:00Z,42.49
11053,METAATMIV.U,2022-08-02T00:00:00Z,43.61
11054,METAATMIV.U,2022-08-03T00:00:00Z,42.35
11055,METAATMIV.U,2022-08-04T00:00:00Z,41.15
11056,METAATMIV.U,2022-08-05T00:00:00Z,39.4
11057,METAATMIV.U,2022-08-08T00:00:00Z,40.64
11058,METAATMIV.U,2022-08-09T00:00:00Z,41.41
11059,METAATMIV.U,2022-08-10T00:00:00Z,40.2
11060,METAATMIV.U,2022-08-11T00:00:00Z,39.87
11061,METAATMIV.U,2022-08-12T00:00:00Z,38.61
11062,METAATMIV.U,2022-08-15T00:00:00Z,37.97
11063,METAATMIV.U,2022-08-16T00:00:00Z,37.83
11064,METAATMIV.U,2022-08-17T00:00:00Z,39.46
11065,METAATMIV.U,2022-08-18T00:00:00Z,39.0
11066,METAATMIV.U,2022-08-19T00:00:00Z,39.82
11067,METAATMIV.U,2022-08-22T00:00:00Z,42.92
11068,METAATMIV.U,2022-08-23T00:00:00Z,42.86
11069,METAATMIV.U,2022-08-24T00:00:00Z,42.59
11070,METAATMIV.U,2022-08-25T00:00:00Z,41.02
11071,METAATMIV.U,2022-08-26T00:00:00Z,43.44
11072,METAATMIV.U,2022-08-29T00:00:00Z,44.85
11073,METAATMIV.U,2022-08-30T00:00:00Z,44.1
11074,METAATMIV.U,2022-08-31T00:00:00Z,44.61
11075,METAATMIV.U,2022-09-01T00:00:00Z,45.39
11076,METAATMIV.U,2022-09-02T00:00:00Z,45.34
11077,METAATMIV.U,2022-09-02T00:00:00Z,45.34
11078,METAATMIV.U,2022-09-06T00:00:00Z,47.26
11079,METAATMIV.U,2022-09-07T00:00:00Z,44.7
11080,METAATMIV.U,2022-09-08T00:00:00Z,43.39
11081,METAATMIV.U,2022-09-09T00:00:00Z,40.73
11082,METAATMIV.U,2022-09-12T00:00:00Z,42.37
11083,METAATMIV.U,2022-09-13T00:00:00Z,46.35
11084,METAATMIV.U,2022-09-14T00:00:00Z,45.9
11085,METAATMIV.U,2022-09-15T00:00:00Z,46.2
11086,METAATMIV.U,2022-09-16T00:00:00Z,47.6
11087,METAATMIV.U,2022-09-19T00:00:00Z,50.08
11088,METAATMIV.U,2022-09-20T00:00:00Z,50.91
11089,METAATMIV.U,2022-09-21T00:00:00Z,51.71
11090,METAATMIV.U,2022-09-22T00:00:00Z,56.55
11091,METAATMIV.U,2022-09-23T00:00:00Z,57.46
11092,METAATMIV.U,2022-09-26T00:00:00Z,62.5
11093,METAATMIV.U,2022-09-27T00:00:00Z,64.43
11094,METAATMIV.U,2022-09-28T00:00:00Z,66.3
11095,METAATMIV.U,2022-09-29T00:00:00Z,65.86
11096,METAATMIV.U,2022-09-30T00:00:00Z,66.92
11097,METAATMIV.U,2022-10-03T00:00:00Z,69.16
11098,METAATMIV.U,2022-10-04T00:00:00Z,69.72
11099,METAATMIV.U,2022-10-05T00:00:00Z,70.28
11100,METAATMIV.U,2022-10-06T00:00:00Z,69.62
11101,METAATMIV.U,2022-10-07T00:00:00Z,70.74
11102,METAATMIV.U,2022-10-10T00:00:00Z,69.38
11103,METAATMIV.U,2022-10-11T00:00:00Z,72.18
11104,METAATMIV.U,2022-10-12T00:00:00Z,70.76
11105,METAATMIV.U,2022-10-13T00:00:00Z,69.25
11106,METAATMIV.U,2022-10-14T00:00:00Z,70.55
11107,METAATMIV.U,2022-10-17T00:00:00Z,68.68
11108,METAATMIV.U,2022-10-18T00:00:00Z,68.72
11109,METAATMIV.U,2022-10-19T00:00:00Z,69.89
11110,METAATMIV.U,2022-10-20T00:00:00Z,69.87
11111,METAATMIV.U,2022-10-21T00:00:00Z,69.68
11112,METAATMIV.U,2022-10-24T00:00:00Z,73.21
11113,METAATMIV.U,2022-10-25T00:00:00Z,69.31
11114,METAATMIV.U,2022-10-26T00:00:00Z,69.84
11115,METAATMIV.U,2022-10-27T00:00:00Z,54.41
11116,METAATMIV.U,2022-10-28T00:00:00Z,47.13
11117,METAATMIV.U,2022-10-31T00:00:00Z,51.49
11118,METAATMIV.U,2022-11-01T00:00:00Z,50.57
11119,METAATMIV.U,2022-11-02T00:00:00Z,49.42
11120,METAATMIV.U,2022-11-03T00:00:00Z,49.47
11121,METAATMIV.U,2022-11-04T00:00:00Z,47.21
11122,METAATMIV.U,2022-11-07T00:00:00Z,47.99
11123,METAATMIV.U,2022-11-08T00:00:00Z,48.0
11124,METAATMIV.U,2022-11-09T00:00:00Z,47.71
11125,METAATMIV.U,2022-11-10T00:00:00Z,46.61
11126,METAATMIV.U,2022-11-11T00:00:00Z,45.5
11127,METAATMIV.U,2022-11-14T00:00:00Z,46.38
11128,METAATMIV.U,2022-11-15T00:00:00Z,45.88
11129,METAATMIV.U,2022-11-16T00:00:00Z,46.83
11130,METAATMIV.U,2022-11-17T00:00:00Z,45.75
11131,METAATMIV.U,2022-11-18T00:00:00Z,44.1
11132,METAATMIV.U,2022-11-21T00:00:00Z,44.5
11133,METAATMIV.U,2022-11-22T00:00:00Z,43.56
11134,METAATMIV.U,2022-11-23T00:00:00Z,41.59
11135,METAATMIV.U,2022-11-23T00:00:00Z,41.59
11136,METAATMIV.U,2022-11-25T00:00:00Z,41.44
11137,METAATMIV.U,2022-11-28T00:00:00Z,42.33
11138,METAATMIV.U,2022-11-29T00:00:00Z,42.9
11139,METAATMIV.U,2022-11-30T00:00:00Z,40.9
11140,METAATMIV.U,2022-12-01T00:00:00Z,41.59
11141,METAATMIV.U,2022-12-02T00:00:00Z,40.96
11142,METAATMIV.U,2022-12-05T00:00:00Z,42.76
11143,METAATMIV.U,2022-12-06T00:00:00Z,45.22
11144,METAATMIV.U,2022-12-07T00:00:00Z,45.74
11145,METAATMIV.U,2022-12-08T00:00:00Z,45.71
11146,METAATMIV.U,2022-12-09T00:00:00Z,45.17
11147,METAATMIV.U,2022-12-12T00:00:00Z,47.45
11148,METAATMIV.U,2022-12-13T00:00:00Z,44.48
11149,METAATMIV.U,2022-12-14T00:00:00Z,43.52
11150,METAATMIV.U,2022-12-15T00:00:00Z,44.25
11151,METAATMIV.U,2022-12-16T00:00:00Z,45.02
11152,METAATMIV.U,2022-12-19T00:00:00Z,45.68
11153,METAATMIV.U,2022-12-20T00:00:00Z,44.56
11154,METAATMIV.U,2022-12-21T00:00:00Z,42.62
11155,METAATMIV.U,2022-12-22T00:00:00Z,46.4
11156,METAATMIV.U,2022-12-23T00:00:00Z,44.74
11157,METAATMIV.U,2022-12-23T00:00:00Z,44.74
11158,METAATMIV.U,2022-12-27T00:00:00Z,48.12
11159,METAATMIV.U,2022-12-28T00:00:00Z,49.11
11160,METAATMIV.U,2022-12-29T00:00:00Z,55.42
11161,METAATMIV.U,2022-12-30T00:00:00Z,56.93
11162,METAATMIV.U,2022-12-30T00:00:00Z,56.93
11163,METAATMIV.U,2023-01-03T00:00:00Z,64.91
11164,METAATMIV.U,2023-01-04T00:00:00Z,66.94
11165,METAATMIV.U,2023-01-05T00:00:00Z,66.42
11166,METAATMIV.U,2023-01-06T00:00:00Z,64.45
11167,METAATMIV.U,2023-01-09T00:00:00Z,64.31
11168,METAATMIV.U,2023-01-10T00:00:00Z,62.89
11169,METAATMIV.U,2023-01-11T00:00:00Z,62.37
11170,METAATMIV.U,2023-01-12T00:00:00Z,58.02
11171,METAATMIV.U,2023-01-13T00:00:00Z,56.43
11172,METAATMIV.U,2023-01-13T00:00:00Z,56.43
11173,METAATMIV.U,2023-01-17T00:00:00Z,57.02
11174,METAATMIV.U,2023-01-18T00:00:00Z,55.74
11175,METAATMIV.U,2023-01-19T00:00:00Z,56.96
11176,METAATMIV.U,2023-01-20T00:00:00Z,56.48
11177,METAATMIV.U,2023-01-23T00:00:00Z,55.84
11178,METAATMIV.U,2023-01-24T00:00:00Z,55.37
11179,METAATMIV.U,2023-01-25T00:00:00Z,55.72
11180,METAATMIV.U,2023-01-26T00:00:00Z,54.34
11181,METAATMIV.U,2023-01-27T00:00:00Z,53.3
11182,METAATMIV.U,2023-01-30T00:00:00Z,55.9
11183,METAATMIV.U,2023-01-31T00:00:00Z,59.45
11184,METAATMIV.U,2023-02-01T00:00:00Z,53.32
11185,METAATMIV.U,2023-02-02T00:00:00Z,40.49
11186,METAATMIV.U,2023-02-03T00:00:00Z,40.76
11187,METAATMIV.U,2023-02-06T00:00:00Z,40.21
11188,METAATMIV.U,2023-02-07T00:00:00Z,39.95
11189,METAATMIV.U,2023-02-08T00:00:00Z,40.53
11190,METAATMIV.U,2023-02-09T00:00:00Z,41.5
11191,METAATMIV.U,2023-02-10T00:00:00Z,42.52
11192,METAATMIV.U,2023-02-13T00:00:00Z,41.86
11193,METAATMIV.U,2023-02-14T00:00:00Z,38.02
11194,METAATMIV.U,2023-02-15T00:00:00Z,38.22
11195,METAATMIV.U,2023-02-16T00:00:00Z,38.69
11196,METAATMIV.U,2023-02-17T00:00:00Z,37.43
11197,METAATMIV.U,2023-02-17T00:00:00Z,37.43
11198,METAATMIV.U,2023-02-21T00:00:00Z,41.01
11199,METAATMIV.U,2023-02-22T00:00:00Z,40.58
11200,METAATMIV.U,2023-02-23T00:00:00Z,39.0
11201,METAATMIV.U,2023-02-24T00:00:00Z,39.09
11202,METAATMIV.U,2023-02-27T00:00:00Z,38.94
11203,METAATMIV.U,2023-02-28T00:00:00Z,39.21
11204,METAATMIV.U,2023-03-01T00:00:00Z,39.2
11205,METAATMIV.U,2023-03-02T00:00:00Z,37.58
11206,METAATMIV.U,2023-03-03T00:00:00Z,37.7
11207,METAATMIV.U,2023-03-06T00:00:00Z,37.56
11208,METAATMIV.U,2023-03-07T00:00:00Z,38.37
11209,METAATMIV.U,2023-03-08T00:00:00Z,37.61
11210,METAATMIV.U,2023-03-09T00:00:00Z,39.3
11211,METAATMIV.U,2023-03-10T00:00:00Z,40.33
11212,METAATMIV.U,2023-03-13T00:00:00Z,42.95
11213,METAATMIV.U,2023-03-14T00:00:00Z,41.05
11214,METAATMIV.U,2023-03-15T00:00:00Z,43.67
11215,METAATMIV.U,2023-03-16T00:00:00Z,40.83
11216,METAATMIV.U,2023-03-17T00:00:00Z,42.94
11217,METAATMIV.U,2023-03-20T00:00:00Z,41.2
11218,METAATMIV.U,2023-03-21T00:00:00Z,38.63
11219,METAATMIV.U,2023-03-22T00:00:00Z,39.58
11220,METAATMIV.U,2023-03-23T00:00:00Z,46.94
11221,METAATMIV.U,2023-03-24T00:00:00Z,45.84
11222,METAATMIV.U,2023-03-27T00:00:00Z,49.37
11223,METAATMIV.U,2023-03-28T00:00:00Z,50.27
11224,METAATMIV.U,2023-03-29T00:00:00Z,51.54
11225,METAATMIV.U,2023-03-30T00:00:00Z,51.71
11226,METAATMIV.U,2023-03-31T00:00:00Z,50.65
11227,METAATMIV.U,2023-04-03T00:00:00Z,52.62
11228,METAATMIV.U,2023-04-04T00:00:00Z,52.99
11229,METAATMIV.U,2023-04-05T00:00:00Z,53.66
11230,METAATMIV.U,2023-04-06T00:00:00Z,52.08
11231,METAATMIV.U,2023-04-06T00:00:00Z,52.08
11232,METAATMIV.U,2023-04-10T00:00:00Z,53.14
11233,METAATMIV.U,2023-04-11T00:00:00Z,52.08
11234,METAATMIV.U,2023-04-12T00:00:00Z,50.82
11235,METAATMIV.U,2023-04-13T00:00:00Z,48.53
11236,METAATMIV.U,2023-04-14T00:00:00Z,47.73
11237,METAATMIV.U,2023-04-17T00:00:00Z,48.38
11238,METAATMIV.U,2023-04-18T00:00:00Z,47.09
11239,METAATMIV.U,2023-04-19T00:00:00Z,47.34
11240,METAATMIV.U,2023-04-20T00:00:00Z,48.02
11241,METAATMIV.U,2023-04-21T00:00:00Z,47.74
11242,METAATMIV.U,2023-04-24T00:00:00Z,48.18
11243,METAATMIV.U,2023-04-25T00:00:00Z,50.54
11244,METAATMIV.U,2023-04-26T00:00:00Z,51.44
11245,METAATMIV.U,2023-04-27T00:00:00Z,32.56
11246,METAATMIV.U,2023-04-28T00:00:00Z,31.42
11247,METAATMIV.U,2023-05-01T00:00:00Z,31.91
11248,METAATMIV.U,2023-05-02T00:00:00Z,33.04
11249,METAATMIV.U,2023-05-03T00:00:00Z,31.24
11250,METAATMIV.U,2023-05-04T00:00:00Z,34.01
11251,METAATMIV.U,2023-05-05T00:00:00Z,31.52
11252,METAATMIV.U,2023-05-08T00:00:00Z,31.01
11253,METAATMIV.U,2023-05-09T00:00:00Z,31.16
11254,METAATMIV.U,2023-05-10T00:00:00Z,30.16
11255,METAATMIV.U,2023-05-11T00:00:00Z,30.24
11256,METAATMIV.U,2023-05-12T00:00:00Z,29.87
11257,METAATMIV.U,2023-05-15T00:00:00Z,29.09
11258,METAATMIV.U,2023-05-16T00:00:00Z,28.45
11259,METAATMIV.U,2023-05-17T00:00:00Z,26.58
11260,METAATMIV.U,2023-05-18T00:00:00Z,29.01
11261,METAATMIV.U,2023-05-19T00:00:00Z,29.5
11262,METAATMIV.U,2023-05-22T00:00:00Z,30.24
11263,METAATMIV.U,2023-05-23T00:00:00Z,30.61
11264,METAATMIV.U,2023-05-24T00:00:00Z,31.65
11265,METAATMIV.U,2023-05-25T00:00:00Z,32.17
11266,METAATMIV.U,2023-05-26T00:00:00Z,32.52
11267,METAATMIV.U,2023-05-26T00:00:00Z,32.52
11268,METAATMIV.U,2023-05-30T00:00:00Z,33.45
11269,METAATMIV.U,2023-05-31T00:00:00Z,33.14
11270,METAATMIV.U,2023-06-01T00:00:00Z,31.71
11271,METAATMIV.U,2023-06-02T00:00:00Z,30.09
11272,METAATMIV.U,2023-06-05T00:00:00Z,28.79
11273,METAATMIV.U,2023-06-06T00:00:00Z,28.21
11274,METAATMIV.U,2023-06-07T00:00:00Z,28.62
11275,METAATMIV.U,2023-06-08T00:00:00Z,29.14
11276,METAATMIV.U,2023-06-09T00:00:00Z,28.45
11277,METAATMIV.U,2023-06-12T00:00:00Z,29.25
11278,METAATMIV.U,2023-06-13T00:00:00Z,29.06
11279,METAATMIV.U,2023-06-14T00:00:00Z,29.11
11280,METAATMIV.U,2023-06-15T00:00:00Z,31.07
11281,METAATMIV.U,2023-06-16T00:00:00Z,31.13
11282,METAATMIV.U,2023-06-16T00:00:00Z,31.13
11283,METAATMIV.U,2023-06-20T00:00:00Z,32.01
11284,METAATMIV.U,2023-06-21T00:00:00Z,31.04
11285,METAATMIV.U,2023-06-22T00:00:00Z,38.21
11286,METAATMIV.U,2023-06-23T00:00:00Z,38.66
11287,METAATMIV.U,2023-06-26T00:00:00Z,44.54
11288,METAATMIV.U,2023-06-27T00:00:00Z,44.49
11289,METAATMIV.U,2023-06-28T00:00:00Z,46.19
11290,METAATMIV.U,2023-06-29T00:00:00Z,45.65
11291,METAATMIV.U,2023-06-30T00:00:00Z,44.15
11292,METAATMIV.U,2023-07-03T00:00:00Z,45.1
11293,METAATMIV.U,2023-07-03T00:00:00Z,45.1
11294,METAATMIV.U,2023-07-05T00:00:00Z,49.04
11295,METAATMIV.U,2023-07-06T00:00:00Z,50.11
11296,METAATMIV.U,2023-07-07T00:00:00Z,49.0
11297,METAATMIV.U,2023-07-10T00:00:00Z,50.12
11298,METAATMIV.U,2023-07-11T00:00:00Z,49.36
11299,METAATMIV.U,2023-07-12T00:00:00Z,48.29
11300,METAATMIV.U,2023-07-13T00:00:00Z,47.16
11301,METAATMIV.U,2023-07-14T00:00:00Z,47.26
11302,METAATMIV.U,2023-07-17T00:00:00Z,49.66
11303,METAATMIV.U,2023-07-18T00:00:00Z,49.91
11304,METAATMIV.U,2023-07-19T00:00:00Z,51.11
11305,METAATMIV.U,2023-07-20T00:00:00Z,49.3
11306,METAATMIV.U,2023-07-21T00:00:00Z,50.54
11307,METAATMIV.U,2023-07-24T00:00:00Z,50.48
11308,METAATMIV.U,2023-07-25T00:00:00Z,52.49
11309,METAATMIV.U,2023-07-26T00:00:00Z,50.7
11310,METAATMIV.U,2023-07-27T00:00:00Z,32.6
11311,METAATMIV.U,2023-07-28T00:00:00Z,31.1
11312,METAATMIV.U,2023-07-31T00:00:00Z,32.15
11313,METAATMIV.U,2023-08-01T00:00:00Z,31.9
11314,METAATMIV.U,2023-08-02T00:00:00Z,32.89
11315,METAATMIV.U,2023-08-03T00:00:00Z,33.53
11316,METAATMIV.U,2023-08-04T00:00:00Z,32.67
11317,METAATMIV.U,2023-08-07T00:00:00Z,31.76
11318,METAATMIV.U,2023-08-08T00:00:00Z,32.37
11319,METAATMIV.U,2023-08-09T00:00:00Z,33.35
11320,METAATMIV.U,2023-08-10T00:00:00Z,32.04
11321,METAATMIV.U,2023-08-11T00:00:00Z,32.01
11322,METAATMIV.U,2023-08-14T00:00:00Z,31.71
11323,METAATMIV.U,2023-08-15T00:00:00Z,32.57
11324,METAATMIV.U,2023-08-16T00:00:00Z,32.96
11325,METAATMIV.U,2023-08-17T00:00:00Z,34.32
11326,METAATMIV.U,2023-08-18T00:00:00Z,34.62
11327,METAATMIV.U,2023-08-21T00:00:00Z,33.96
11328,METAATMIV.U,2023-08-22T00:00:00Z,33.75
11329,METAATMIV.U,2023-08-23T00:00:00Z,33.61
11330,METAATMIV.U,2023-08-24T00:00:00Z,34.43
11331,METAATMIV.U,2023-08-25T00:00:00Z,33.3
11332,METAATMIV.U,2023-08-28T00:00:00Z,33.47
11333,METAATMIV.U,2023-08-29T00:00:00Z,32.78
11334,METAATMIV.U,2023-08-30T00:00:00Z,32.41
11335,METAATMIV.U,2023-08-31T00:00:00Z,32.5
11336,METAATMIV.U,2023-09-01T00:00:00Z,31.12
11337,METAATMIV.U,2023-09-01T00:00:00Z,31.12
11338,METAATMIV.U,2023-09-05T00:00:00Z,32.21
11339,METAATMIV.U,2023-09-06T00:00:00Z,32.53
11340,METAATMIV.U,2023-09-07T00:00:00Z,32.88
11341,METAATMIV.U,2023-09-08T00:00:00Z,32.1
11342,METAATMIV.U,2023-09-11T00:00:00Z,32.23
11343,METAATMIV.U,2023-09-12T00:00:00Z,32.2
11344,METAATMIV.U,2023-09-13T00:00:00Z,31.31
11345,METAATMIV.U,2023-09-14T00:00:00Z,30.9
11346,METAATMIV.U,2023-09-15T00:00:00Z,31.89
11347,METAATMIV.U,2023-09-18T00:00:00Z,31.37
11348,METAATMIV.U,2023-09-19T00:00:00Z,31.5
11349,METAATMIV.U,2023-09-20T00:00:00Z,32.1
11350,METAATMIV.U,2023-09-21T00:00:00Z,38.89
11351,METAATMIV.U,2023-09-22T00:00:00Z,39.5
11352,METAATMIV.U,2023-09-25T00:00:00Z,43.01
11353,METAATMIV.U,2023-09-26T00:00:00Z,45.44
11354,METAATMIV.U,2023-09-27T00:00:00Z,46.24
11355,METAATMIV.U,2023-09-28T00:00:00Z,45.42
11356,METAATMIV.U,2023-09-29T00:00:00Z,45.53
11357,METAATMIV.U,2023-10-02T00:00:00Z,46.49
11358,METAATMIV.U,2023-10-03T00:00:00Z,50.0
11359,METAATMIV.U,2023-10-04T00:00:00Z,48.76
11360,METAATMIV.U,2023-10-05T00:00:00Z,48.03
11361,METAATMIV.U,2023-10-06T00:00:00Z,46.3
11362,METAATMIV.U,2023-10-09T00:00:00Z,47.17
11363,METAATMIV.U,2023-10-10T00:00:00Z,46.39
11364,METAATMIV.U,2023-10-11T00:00:00Z,46.0
11365,METAATMIV.U,2023-10-12T00:00:00Z,44.87
11366,METAATMIV.U,2023-10-13T00:00:00Z,47.39
11367,METAATMIV.U,2023-10-16T00:00:00Z,46.96
11368,METAATMIV.U,2023-10-17T00:00:00Z,46.57
11369,METAATMIV.U,2023-10-18T00:00:00Z,49.99
11370,METAATMIV.U,2023-10-19T00:00:00Z,49.95
11371,METAATMIV.U,2023-10-20T00:00:00Z,50.44
11372,METAATMIV.U,2023-10-23T00:00:00Z,48.87
11373,METAATMIV.U,2023-10-24T00:00:00Z,48.4
11374,METAATMIV.U,2023-10-25T00:00:00Z,51.42
11375,METAATMIV.U,2023-10-26T00:00:00Z,36.68
11376,METAATMIV.U,2023-10-27T00:00:00Z,36.13
11377,METAATMIV.U,2023-10-30T00:00:00Z,34.49
11378,METAATMIV.U,2023-10-31T00:00:00Z,33.1
11379,METAATMIV.U,2023-11-01T00:00:00Z,31.31
11380,METAATMIV.U,2023-11-02T00:00:00Z,29.96
11381,METAATMIV.U,2023-11-03T00:00:00Z,28.03
11382,METAATMIV.U,2023-11-06T00:00:00Z,27.77
11383,METAATMIV.U,2023-11-07T00:00:00Z,26.65
11384,METAATMIV.U,2023-11-08T00:00:00Z,26.96
11385,METAATMIV.U,2023-11-09T00:00:00Z,27.48
11386,METAATMIV.U,2023-11-10T00:00:00Z,26.21
11387,METAATMIV.U,2023-11-13T00:00:00Z,27.83
11388,METAATMIV.U,2023-11-14T00:00:00Z,25.83
11389,METAATMIV.U,2023-11-15T00:00:00Z,25.15
11390,METAATMIV.U,2023-11-16T00:00:00Z,26.46
11391,METAATMIV.U,2023-11-17T00:00:00Z,25.34
11392,METAATMIV.U,2023-11-20T00:00:00Z,24.79
11393,METAATMIV.U,2023-11-21T00:00:00Z,24.97
11394,METAATMIV.U,2023-11-22T00:00:00Z,23.29
11395,METAATMIV.U,2023-11-22T00:00:00Z,23.29
11396,METAATMIV.U,2023-11-24T00:00:00Z,23.0
11397,METAATMIV.U,2023-11-27T00:00:00Z,23.75
11398,METAATMIV.U,2023-11-28T00:00:00Z,23.07
11399,METAATMIV.U,2023-11-29T00:00:00Z,23.75
11400,METAATMIV.U,2023-11-30T00:00:00Z,24.33
11401,METAATMIV.U,2023-11-30T00:00:00Z,24.33
11402,METAATMIV.U,2023-12-04T00:00:00Z,25.87
11403,METAATMIV.U,2023-12-05T00:00:00Z,26.78
11404,METAATMIV.U,2023-12-06T00:00:00Z,26.12
11405,METAATMIV.U,2023-12-07T00:00:00Z,25.88
11406,METAATMIV.U,2023-12-08T00:00:00Z,24.9
11407,METAATMIV.U,2023-12-08T00:00:00Z,24.9
11408,METAATMIV.U,2023-12-08T00:00:00Z,24.9
11409,METAATMIV.U,2023-12-08T00:00:00Z,24.9
11410,METAATMIV.U,2023-12-08T00:00:00Z,24.9
11411,METAATMIV.U,2023-12-08T00:00:00Z,24.9
11412,METAATMIV.U,2023-12-18T00:00:00Z,25.95
11413,METAATMIV.U,2023-12-19T00:00:00Z,26.15
11414,METAATMIV.U,2023-12-19T00:00:00Z,26.15
11415,METAATMIV.U,2023-12-19T00:00:00Z,26.15
11416,METAATMIV.U,2023-12-22T00:00:00Z,26.63
11417,METAATMIV.U,2023-12-22T00:00:00Z,26.63
11418,METAATMIV.U,2023-12-26T00:00:00Z,26.87
11419,METAATMIV.U,2023-12-27T00:00:00Z,26.79
11420,METAATMIV.U,2023-12-28T00:00:00Z,32.95
11421,METAATMIV.U,2023-12-29T00:00:00Z,32.56
11422,METAATMIV.U,2023-12-29T00:00:00Z,32.56
11423,METAATMIV.U,2024-01-02T00:00:00Z,39.69
11424,METAATMIV.U,2024-01-03T00:00:00Z,41.32
11425,METAATMIV.U,2024-01-04T00:00:00Z,40.41
11426,METAATMIV.U,2024-01-05T00:00:00Z,39.78
11427,METAATMIV.U,2024-01-08T00:00:00Z,38.93
11428,METAATMIV.U,2024-01-09T00:00:00Z,38.98
11429,METAATMIV.U,2024-01-10T00:00:00Z,40.03
11430,METAATMIV.U,2024-01-11T00:00:00Z,38.88
11431,METAATMIV.U,2024-01-12T00:00:00Z,38.55
11432,METAATMIV.U,2024-01-12T00:00:00Z,38.55
11433,METAATMIV.U,2024-01-16T00:00:00Z,40.14
11434,METAATMIV.U,2024-01-17T00:00:00Z,40.39
11435,METAATMIV.U,2024-01-18T00:00:00Z,38.51
11436,METAATMIV.U,2024-01-19T00:00:00Z,38.22
11437,METAATMIV.U,2024-01-22T00:00:00Z,39.54
11438,METAATMIV.U,2024-01-23T00:00:00Z,38.31
11439,METAATMIV.U,2024-01-24T00:00:00Z,38.56
11440,METAATMIV.U,2024-01-25T00:00:00Z,37.96
11441,METAATMIV.U,2024-01-26T00:00:00Z,37.6
11442,METAATMIV.U,2024-01-29T00:00:00Z,38.99
11443,METAATMIV.U,2024-01-30T00:00:00Z,39.71
11444,METAATMIV.U,2024-01-31T00:00:00Z,39.3
11445,METAATMIV.U,2024-02-01T00:00:00Z,37.08
11446,METAATMIV.U,2024-02-02T00:00:00Z,28.65
11447,METAATMIV.U,2024-02-05T00:00:00Z,27.55
11448,METAATMIV.U,2024-02-06T00:00:00Z,25.84
11449,METAATMIV.U,2024-02-07T00:00:00Z,26.06
11450,METAATMIV.U,2024-02-08T00:00:00Z,26.49
11451,METAATMIV.U,2024-02-09T00:00:00Z,25.56
11452,METAATMIV.U,2024-02-12T00:00:00Z,26.68
11453,METAATMIV.U,2024-02-13T00:00:00Z,27.0
11454,METAATMIV.U,2024-02-14T00:00:00Z,27.04
11455,METAATMIV.U,2024-02-15T00:00:00Z,27.57
11456,METAATMIV.U,2024-02-16T00:00:00Z,27.77
11457,METAATMIV.U,2024-02-16T00:00:00Z,27.77
11458,METAATMIV.U,2024-02-20T00:00:00Z,28.45
11459,METAATMIV.U,2024-02-21T00:00:00Z,28.35
11460,METAATMIV.U,2024-02-22T00:00:00Z,29.23
11461,METAATMIV.U,2024-02-23T00:00:00Z,27.8
11462,METAATMIV.U,2024-02-26T00:00:00Z,28.14
11463,METAATMIV.U,2024-02-27T00:00:00Z,27.89
11464,METAATMIV.U,2024-02-28T00:00:00Z,27.91
11465,METAATMIV.U,2024-02-29T00:00:00Z,26.77
11466,METAATMIV.U,2024-03-01T00:00:00Z,27.97
11467,METAATMIV.U,2024-03-04T00:00:00Z,28.75
11468,METAATMIV.U,2024-03-05T00:00:00Z,30.31
11469,METAATMIV.U,2024-03-06T00:00:00Z,28.43
11470,METAATMIV.U,2024-03-07T00:00:00Z,30.39
11471,METAATMIV.U,2024-03-08T00:00:00Z,31.26
11472,METAATMIV.U,2024-03-11T00:00:00Z,33.08
11473,METAATMIV.U,2024-03-12T00:00:00Z,32.14
11474,METAATMIV.U,2024-03-13T00:00:00Z,31.8
11475,METAATMIV.U,2024-03-14T00:00:00Z,30.92
11476,METAATMIV.U,2024-03-15T00:00:00Z,31.12
11477,METAATMIV.U,2024-03-18T00:00:00Z,30.36
11478,METAATMIV.U,2024-03-19T00:00:00Z,28.83
11479,METAATMIV.U,2024-03-20T00:00:00Z,28.43
11480,METAATMIV.U,2024-03-21T00:00:00Z,37.92
11481,METAATMIV.U,2024-03-22T00:00:00Z,37.42
11482,METAATMIV.U,2024-03-25T00:00:00Z,44.39
11483,METAATMIV.U,2024-03-26T00:00:00Z,46.86
11484,METAATMIV.U,2024-03-27T00:00:00Z,48.52
11485,METAATMIV.U,2024-03-28T00:00:00Z,46.98
11486,METAATMIV.U,2024-03-28T00:00:00Z,46.98
11487,METAATMIV.U,2024-04-01T00:00:00Z,48.16
11488,METAATMIV.U,2024-04-02T00:00:00Z,48.69
11489,METAATMIV.U,2024-04-03T00:00:00Z,47.77
11490,METAATMIV.U,2024-04-04T00:00:00Z,47.31
11491,METAATMIV.U,2024-04-05T00:00:00Z,46.52
11492,METAATMIV.U,2024-04-08T00:00:00Z,48.1
11493,METAATMIV.U,2024-04-09T00:00:00Z,46.72
11494,METAATMIV.U,2024-04-10T00:00:00Z,46.59
11495,METAATMIV.U,2024-04-11T00:00:00Z,45.2
11496,METAATMIV.U,2024-04-12T00:00:00Z,46.35
11497,METAATMIV.U,2024-04-15T00:00:00Z,48.02
11498,METAATMIV.U,2024-04-16T00:00:00Z,46.92
11499,METAATMIV.U,2024-04-17T00:00:00Z,48.32
11500,METAATMIV.U,2024-04-18T00:00:00Z,47.88
11501,METAATMIV.U,2024-04-19T00:00:00Z,50.54
11502,METAATMIV.U,2024-04-22T00:00:00Z,49.97
11503,METAATMIV.U,2024-04-23T00:00:00Z,49.6
11504,METAATMIV.U,2024-04-24T00:00:00Z,52.04
11505,METAATMIV.U,2024-04-25T00:00:00Z,33.78
11506,METAATMIV.U,2024-04-26T00:00:00Z,31.79
11507,METAATMIV.U,2024-04-29T00:00:00Z,31.38
11508,METAATMIV.U,2024-04-30T00:00:00Z,30.83
11509,METAATMIV.U,2024-05-01T00:00:00Z,31.79
11510,METAATMIV.U,2024-05-02T00:00:00Z,28.79
11511,METAATMIV.U,2024-05-03T00:00:00Z,28.27
11512,METAATMIV.U,2024-05-06T00:00:00Z,27.98
11513,METAATMIV.U,2024-05-07T00:00:00Z,27.36
11514,METAATMIV.U,2024-05-08T00:00:00Z,26.95
11515,METAATMIV.U,2024-05-09T00:00:00Z,26.04
11516,METAATMIV.U,2024-05-10T00:00:00Z,24.58
11517,METAATMIV.U,2024-05-13T00:00:00Z,26.95
11518,METAATMIV.U,2024-05-14T00:00:00Z,26.15
11519,METAATMIV.U,2024-05-15T00:00:00Z,24.93
11520,METAATMIV.U,2024-05-16T00:00:00Z,24.92
11521,METAATMIV.U,2024-05-17T00:00:00Z,25.79
11522,METAATMIV.U,2024-05-20T00:00:00Z,25.88
11523,METAATMIV.U,2024-05-21T00:00:00Z,24.94
11524,METAATMIV.U,2024-05-22T00:00:00Z,26.08
11525,METAATMIV.U,2024-05-23T00:00:00Z,27.12
11526,METAATMIV.U,2024-05-24T00:00:00Z,24.73
11527,METAATMIV.U,2024-05-24T00:00:00Z,24.73
11528,METAATMIV.U,2024-05-28T00:00:00Z,26.08
11529,METAATMIV.U,2024-05-29T00:00:00Z,26.66
11530,METAATMIV.U,2024-05-30T00:00:00Z,27.19
11531,METAATMIV.U,2024-05-31T00:00:00Z,26.03
11532,METAATMIV.U,2024-06-03T00:00:00Z,26.77
11533,METAATMIV.U,2024-06-04T00:00:00Z,26.41
11534,METAATMIV.U,2024-06-05T00:00:00Z,26.73
11535,METAATMIV.U,2024-06-06T00:00:00Z,26.45
11536,METAATMIV.U,2024-06-07T00:00:00Z,26.09
11537,METAATMIV.U,2024-06-10T00:00:00Z,26.46
11538,METAATMIV.U,2024-06-11T00:00:00Z,26.29
11539,METAATMIV.U,2024-06-12T00:00:00Z,25.98
11540,METAATMIV.U,2024-06-13T00:00:00Z,26.56
11541,METAATMIV.U,2024-06-14T00:00:00Z,26.27
11542,METAATMIV.U,2024-06-17T00:00:00Z,26.24
11543,METAATMIV.U,2024-06-18T00:00:00Z,26.86
11544,METAATMIV.U,2024-06-18T00:00:00Z,26.86
11545,METAATMIV.U,2024-06-20T00:00:00Z,36.07
11546,METAATMIV.U,2024-06-21T00:00:00Z,35.07
11547,METAATMIV.U,2024-06-24T00:00:00Z,39.91
11548,METAATMIV.U,2024-06-25T00:00:00Z,41.23
11549,METAATMIV.U,2024-06-26T00:00:00Z,42.7
11550,METAATMIV.U,2024-06-27T00:00:00Z,42.49
11551,METAATMIV.U,2024-06-28T00:00:00Z,43.41
11552,METAATMIV.U,2024-07-01T00:00:00Z,44.24
11553,METAATMIV.U,2024-07-02T00:00:00Z,43.02
11554,METAATMIV.U,2024-07-03T00:00:00Z,45.02
11555,METAATMIV.U,2024-07-03T00:00:00Z,45.02
11556,METAATMIV.U,2024-07-05T00:00:00Z,46.58
11557,METAATMIV.U,2024-07-08T00:00:00Z,47.4
11558,METAATMIV.U,2024-07-09T00:00:00Z,46.15
11559,METAATMIV.U,2024-07-10T00:00:00Z,45.7
11560,METAATMIV.U,2024-07-11T00:00:00Z,45.91
11561,METAATMIV.U,2024-07-12T00:00:00Z,47.79
11562,METAATMIV.U,2024-07-15T00:00:00Z,49.42
11563,METAATMIV.U,2024-07-16T00:00:00Z,48.41
11564,METAATMIV.U,2024-07-17T00:00:00Z,50.98
11565,METAATMIV.U,2024-07-18T00:00:00Z,49.2
11566,METAATMIV.U,2024-07-19T00:00:00Z,49.72
11567,METAATMIV.U,2024-07-22T00:00:00Z,48.9
11568,METAATMIV.U,2024-07-23T00:00:00Z,49.44
11569,METAATMIV.U,2024-07-23T00:00:00Z,49.44
11570,METAATMIV.U,2024-07-23T00:00:00Z,49.44
11571,METAATMIV.U,2024-07-23T00:00:00Z,49.44
11572,METAATMIV.U,2024-07-23T00:00:00Z,49.44
11573,METAATMIV.U,2024-07-23T00:00:00Z,49.44
11574,METAATMIV.U,2024-07-31T00:00:00Z,48.37
11575,METAATMIV.U,2024-08-01T00:00:00Z,34.76
11576,METAATMIV.U,2024-08-02T00:00:00Z,38.12
11577,METAATMIV.U,2024-08-05T00:00:00Z,46.05
11578,METAATMIV.U,2024-08-06T00:00:00Z,38.45
11579,METAATMIV.U,2024-08-07T00:00:00Z,38.64
11580,METAATMIV.U,2024-08-08T00:00:00Z,34.52
11581,METAATMIV.U,2024-08-09T00:00:00Z,31.28
11582,METAATMIV.U,2024-08-12T00:00:00Z,31.05
11583,METAATMIV.U,2024-08-13T00:00:00Z,28.79
11584,METAATMIV.U,2024-08-14T00:00:00Z,27.77
11585,METAATMIV.U,2024-08-15T00:00:00Z,26.92
11586,METAATMIV.U,2024-08-16T00:00:00Z,26.39
11587,METAATMIV.U,2024-08-19T00:00:00Z,26.33
11588,METAATMIV.U,2024-08-20T00:00:00Z,31.73
11589,METAATMIV.U,2024-08-21T00:00:00Z,32.74
11590,METAATMIV.U,2024-08-22T00:00:00Z,29.26
11591,METAATMIV.U,2024-08-23T00:00:00Z,27.66
11592,METAATMIV.U,2024-08-26T00:00:00Z,28.71
11593,METAATMIV.U,2024-08-27T00:00:00Z,28.14
11594,METAATMIV.U,2024-08-28T00:00:00Z,29.41
11595,METAATMIV.U,2024-08-29T00:00:00Z,27.79
11596,METAATMIV.U,2024-08-30T00:00:00Z,26.0
11597,METAATMIV.U,2024-08-30T00:00:00Z,26.0
11598,METAATMIV.U,2024-09-03T00:00:00Z,29.35
11599,METAATMIV.U,2024-09-04T00:00:00Z,29.48
11600,METAATMIV.U,2024-09-05T00:00:00Z,28.81
11601,METAATMIV.U,2024-09-06T00:00:00Z,31.49
11602,METAATMIV.U,2024-09-09T00:00:00Z,30.84
11603,METAATMIV.U,2024-09-10T00:00:00Z,29.81
11604,METAATMIV.U,2024-09-11T00:00:00Z,29.47
11605,METAATMIV.U,2024-09-12T00:00:00Z,28.48
11606,METAATMIV.U,2024-09-13T00:00:00Z,28.12
11607,METAATMIV.U,2024-09-16T00:00:00Z,28.55
11608,METAATMIV.U,2024-09-17T00:00:00Z,28.34
11609,METAATMIV.U,2024-09-18T00:00:00Z,28.38
11610,METAATMIV.U,2024-09-19T00:00:00Z,29.9
11611,METAATMIV.U,2024-09-20T00:00:00Z,31.95
11612,METAATMIV.U,2024-09-23T00:00:00Z,29.8
11613,METAATMIV.U,2024-09-24T00:00:00Z,29.93
11614,METAATMIV.U,2024-09-25T00:00:00Z,31.49
11615,METAATMIV.U,2024-09-26T00:00:00Z,35.91
11616,METAATMIV.U,2024-09-27T00:00:00Z,35.94
11617,METAATMIV.U,2024-09-30T00:00:00Z,40.03
11618,METAATMIV.U,2024-10-01T00:00:00Z,42.33
11619,METAATMIV.U,2024-10-02T00:00:00Z,44.19
11620,METAATMIV.U,2024-10-03T00:00:00Z,44.81
11621,METAATMIV.U,2024-10-04T00:00:00Z,44.35
11622,METAATMIV.U,2024-10-07T00:00:00Z,46.53
11623,METAATMIV.U,2024-10-08T00:00:00Z,45.56
11624,METAATMIV.U,2024-10-09T00:00:00Z,45.42
11625,METAATMIV.U,2024-10-10T00:00:00Z,44.41
11626,METAATMIV.U,2024-10-11T00:00:00Z,44.05
11627,METAATMIV.U,2024-10-14T00:00:00Z,44.31
11628,METAATMIV.U,2024-10-15T00:00:00Z,46.94
11629,METAATMIV.U,2024-10-16T00:00:00Z,44.57
11630,METAATMIV.U,2024-10-17T00:00:00Z,43.48
11631,METAATMIV.U,2024-10-18T00:00:00Z,42.72
11632,METAATMIV.U,2024-10-21T00:00:00Z,43.27
11633,METAATMIV.U,2024-10-22T00:00:00Z,44.27
11634,METAATMIV.U,2024-10-23T00:00:00Z,45.53
11635,METAATMIV.U,2024-10-24T00:00:00Z,43.97
11636,METAATMIV.U,2024-10-25T00:00:00Z,44.62
11637,METAATMIV.U,2024-10-28T00:00:00Z,45.6
11638,METAATMIV.U,2024-10-29T00:00:00Z,44.69
11639,METAATMIV.U,2024-10-30T00:00:00Z,48.18
11640,METAATMIV.U,2024-10-31T00:00:00Z,33.13
11641,METAATMIV.U,2024-11-01T00:00:00Z,30.79
11642,METAATMIV.U,2024-11-04T00:00:00Z,30.74
11643,METAATMIV.U,2024-11-05T00:00:00Z,29.59
11644,METAATMIV.U,2024-11-06T00:00:00Z,26.71
11645,METAATMIV.U,2024-11-07T00:00:00Z,25.37
11646,METAATMIV.U,2024-11-08T00:00:00Z,25.1
11647,METAATMIV.U,2024-11-11T00:00:00Z,26.35
11648,METAATMIV.U,2024-11-12T00:00:00Z,27.07
11649,METAATMIV.U,2024-11-13T00:00:00Z,25.96
11650,METAATMIV.U,2024-11-14T00:00:00Z,24.92
11651,METAATMIV.U,2024-11-15T00:00:00Z,28.01
11652,METAATMIV.U,2024-11-18T00:00:00Z,26.62
11653,METAATMIV.U,2024-11-19T00:00:00Z,26.9
11654,METAATMIV.U,2024-11-20T00:00:00Z,28.41
11655,METAATMIV.U,2024-11-21T00:00:00Z,27.22
11656,METAATMIV.U,2024-11-22T00:00:00Z,26.17
11657,METAATMIV.U,2024-11-25T00:00:00Z,25.33
11658,METAATMIV.U,2024-11-26T00:00:00Z,24.66
11659,METAATMIV.U,2024-11-27T00:00:00Z,24.84
11660,METAATMIV.U,2024-11-27T00:00:00Z,24.84
11661,METAATMIV.U,2024-11-29T00:00:00Z,24.14
11662,METAATMIV.U,2024-12-02T00:00:00Z,25.29
11663,METAATMIV.U,2024-12-03T00:00:00Z,26.79
11664,METAATMIV.U,2024-12-04T00:00:00Z,25.04
11665,METAATMIV.U,2024-12-05T00:00:00Z,26.18
11666,METAATMIV.U,2024-12-06T00:00:00Z,25.94
11667,METAATMIV.U,2024-12-09T00:00:00Z,26.78
11668,METAATMIV.U,2024-12-10T00:00:00Z,27.15
11669,METAATMIV.U,2024-12-11T00:00:00Z,26.99
11670,METAATMIV.U,2024-12-12T00:00:00Z,26.54
11671,METAATMIV.U,2024-12-13T00:00:00Z,26.78
11672,METAATMIV.U,2024-12-16T00:00:00Z,29.05
11673,METAATMIV.U,2024-12-17T00:00:00Z,29.88
11674,METAATMIV.U,2024-12-18T00:00:00Z,34.47
11675,METAATMIV.U,2024-12-19T00:00:00Z,34.89
11676,METAATMIV.U,2024-12-20T00:00:00Z,31.46
11677,METAATMIV.U,2024-12-23T00:00:00Z,28.67
11678,METAATMIV.U,2024-12-24T00:00:00Z,27.33
11679,METAATMIV.U,2024-12-24T00:00:00Z,27.33
11680,METAATMIV.U,2024-12-26T00:00:00Z,34.24
11681,METAATMIV.U,2024-12-27T00:00:00Z,34.4
11682,METAATMIV.U,2024-12-30T00:00:00Z,38.23
11683,METAATMIV.U,2024-12-31T00:00:00Z,38.77
11684,METAATMIV.U,2024-12-31T00:00:00Z,38.77
11685,METAATMIV.U,2025-01-02T00:00:00Z,42.14
11686,METAATMIV.U,2025-01-03T00:00:00Z,40.62
11687,METAATMIV.U,2025-01-06T00:00:00Z,42.98
11688,METAATMIV.U,2025-01-07T00:00:00Z,43.88
11689,METAATMIV.U,2025-01-08T00:00:00Z,45.46
11690,METAATMIV.U,2025-01-08T00:00:00Z,45.46
11691,METAATMIV.U,2025-01-10T00:00:00Z,45.28
11692,METAATMIV.U,2025-01-13T00:00:00Z,45.76
11693,METAATMIV.U,2025-01-14T00:00:00Z,45.69
11694,METAATMIV.U,2025-01-15T00:00:00Z,43.7
11695,METAATMIV.U,2025-01-16T00:00:00Z,41.6
11696,METAATMIV.U,2025-01-17T00:00:00Z,41.34
11697,METAATMIV.U,2025-01-17T00:00:00Z,41.34
11698,METAATMIV.U,2025-01-21T00:00:00Z,41.39
11699,METAATMIV.U,2025-01-22T00:00:00Z,41.66
11700,METAATMIV.U,2025-01-23T00:00:00Z,41.24
11701,METAATMIV.U,2025-01-24T00:00:00Z,40.51
11702,METAATMIV.U,2025-01-27T00:00:00Z,42.09
11703,METAATMIV.U,2025-01-28T00:00:00Z,41.83
11704,METAATMIV.U,2025-01-29T00:00:00Z,44.46
11705,METAATMIV.U,2025-01-30T00:00:00Z,30.14
11706,METAATMIV.U,2025-01-31T00:00:00Z,28.79
11707,METAATMIV.U,2025-02-03T00:00:00Z,29.98
11708,METAATMIV.U,2025-02-04T00:00:00Z,28.88
11709,METAATMIV.U,2025-02-05T00:00:00Z,28.25
11710,METAATMIV.U,2025-02-06T00:00:00Z,27.28
11711,METAATMIV.U,2025-02-07T00:00:00Z,27.79
11712,METAATMIV.U,2025-02-10T00:00:00Z,27.35
11713,METAATMIV.U,2025-02-11T00:00:00Z,27.24
11714,METAATMIV.U,2025-02-12T00:00:00Z,26.33
11715,METAATMIV.U,2025-02-13T00:00:00Z,25.3
11716,METAATMIV.U,2025-02-14T00:00:00Z,27.44
11717,METAATMIV.U,2025-02-14T00:00:00Z,27.44
11718,METAATMIV.U,2025-02-18T00:00:00Z,27.28
11719,METAATMIV.U,2025-02-19T00:00:00Z,26.84
11720,METAATMIV.U,2025-02-20T00:00:00Z,27.39
11721,METAATMIV.U,2025-02-21T00:00:00Z,27.31
11722,METAATMIV.U,2025-02-24T00:00:00Z,29.42
11723,METAATMIV.U,2025-02-25T00:00:00Z,31.62
11724,METAATMIV.U,2025-02-26T00:00:00Z,31.53
11725,METAATMIV.U,2025-02-27T00:00:00Z,33.46
11726,METAATMIV.U,2025-02-28T00:00:00Z,31.99
11727,METAATMIV.U,2025-03-03T00:00:00Z,34.36
11728,METAATMIV.U,2025-03-04T00:00:00Z,36.45
11729,METAATMIV.U,2025-03-05T00:00:00Z,33.68
11730,METAATMIV.U,2025-03-06T00:00:00Z,37.63
11731,METAATMIV.U,2025-03-07T00:00:00Z,36.61
11732,METAATMIV.U,2025-03-10T00:00:00Z,44.54
11733,METAATMIV.U,2025-03-11T00:00:00Z,41.51
11734,METAATMIV.U,2025-03-12T00:00:00Z,38.33
11735,METAATMIV.U,2025-03-13T00:00:00Z,40.84
11736,METAATMIV.U,2025-03-14T00:00:00Z,34.34
11737,METAATMIV.U,2025-03-17T00:00:00Z,33.27
11738,METAATMIV.U,2025-03-18T00:00:00Z,35.79
11739,METAATMIV.U,2025-03-19T00:00:00Z,34.52
11740,METAATMIV.U,2025-03-20T00:00:00Z,36.69
11741,METAATMIV.U,2025-03-21T00:00:00Z,35.03
11742,METAATMIV.U,2025-03-24T00:00:00Z,34.09
11743,METAATMIV.U,2025-03-25T00:00:00Z,34.39
11744,METAATMIV.U,2025-03-26T00:00:00Z,36.3
11745,METAATMIV.U,2025-03-27T00:00:00Z,38.25
11746,METAATMIV.U,2025-03-28T00:00:00Z,42.37
11747,METAATMIV.U,2025-03-31T00:00:00Z,44.79
11748,METAATMIV.U,2025-04-01T00:00:00Z,45.07
11749,METAATMIV.U,2025-04-02T00:00:00Z,46.05
11750,METAATMIV.U,2025-04-03T00:00:00Z,52.81
11751,METAATMIV.U,2025-04-04T00:00:00Z,64.35
11752,METAATMIV.U,2025-04-07T00:00:00Z,65.5
11753,METAATMIV.U,2025-04-08T00:00:00Z,67.81
11754,METAATMIV.U,2025-04-09T00:00:00Z,50.66
11755,METAATMIV.U,2025-04-10T00:00:00Z,58.34
11756,METAATMIV.U,2025-04-11T00:00:00Z,56.7
11757,METAATMIV.U,2025-04-14T00:00:00Z,54.08
11758,METAATMIV.U,2025-04-15T00:00:00Z,50.9
11759,METAATMIV.U,2025-04-16T00:00:00Z,53.63
11760,METAATMIV.U,2025-04-17T00:00:00Z,51.41
11761,METAATMIV.U,2025-04-17T00:00:00Z,51.41
11762,METAATMIV.U,2025-04-21T00:00:00Z,55.85
11763,METAATMIV.U,2025-04-22T00:00:00Z,53.21
11764,METAATMIV.U,2025-04-23T00:00:00Z,51.64
11765,METAATMIV.U,2025-04-24T00:00:00Z,48.85
11766,METAATMIV.U,2025-04-25T00:00:00Z,45.99
11767,METAATMIV.U,2025-04-28T00:00:00Z,47.84
11768,METAATMIV.U,2025-04-29T00:00:00Z,46.56
11769,METAATMIV.U,2025-04-30T00:00:00Z,46.26
11770,METAATMIV.U,2025-05-01T00:00:00Z,34.11
11771,METAATMIV.U,2025-05-02T00:00:00Z,32.71
11772,METAATMIV.U,2025-05-05T00:00:00Z,33.31
11773,METAATMIV.U,2025-05-06T00:00:00Z,32.59
11774,METAATMIV.U,2025-05-07T00:00:00Z,32.6
11775,METAATMIV.U,2025-05-08T00:00:00Z,32.11
11776,METAATMIV.U,2025-05-09T00:00:00Z,30.78
11777,AMZNATMIV.U,2019-01-01T00:00:00Z,48.66
11778,AMZNATMIV.U,2019-01-02T00:00:00Z,47.49
11779,AMZNATMIV.U,2019-01-03T00:00:00Z,49.61
11780,AMZNATMIV.U,2019-01-04T00:00:00Z,44.25
11781,AMZNATMIV.U,2019-01-05T00:00:00Z,44.25
11782,AMZNATMIV.U,2019-01-07T00:00:00Z,45.88
11783,AMZNATMIV.U,2019-01-08T00:00:00Z,43.92
11784,AMZNATMIV.U,2019-01-09T00:00:00Z,42.56
11785,AMZNATMIV.U,2019-01-10T00:00:00Z,42.34
11786,AMZNATMIV.U,2019-01-11T00:00:00Z,41.61
11787,AMZNATMIV.U,2019-01-12T00:00:00Z,41.61
11788,AMZNATMIV.U,2019-01-14T00:00:00Z,41.32
11789,AMZNATMIV.U,2019-01-15T00:00:00Z,39.32
11790,AMZNATMIV.U,2019-01-16T00:00:00Z,37.87
11791,AMZNATMIV.U,2019-01-17T00:00:00Z,36.52
11792,AMZNATMIV.U,2019-01-18T00:00:00Z,35.17
11793,AMZNATMIV.U,2019-01-19T00:00:00Z,35.17
11794,AMZNATMIV.U,2019-01-21T00:00:00Z,36.82
11795,AMZNATMIV.U,2019-01-22T00:00:00Z,41.26
11796,AMZNATMIV.U,2019-01-23T00:00:00Z,41.3
11797,AMZNATMIV.U,2019-01-24T00:00:00Z,38.82
11798,AMZNATMIV.U,2019-01-25T00:00:00Z,36.31
11799,AMZNATMIV.U,2019-01-26T00:00:00Z,36.31
11800,AMZNATMIV.U,2019-01-28T00:00:00Z,39.16
11801,AMZNATMIV.U,2019-01-29T00:00:00Z,40.01
11802,AMZNATMIV.U,2019-01-30T00:00:00Z,36.67
11803,AMZNATMIV.U,2019-01-31T00:00:00Z,35.42
11804,AMZNATMIV.U,2019-02-01T00:00:00Z,29.51
11805,AMZNATMIV.U,2019-02-02T00:00:00Z,29.51
11806,AMZNATMIV.U,2019-02-04T00:00:00Z,27.52
11807,AMZNATMIV.U,2019-02-05T00:00:00Z,25.34
11808,AMZNATMIV.U,2019-02-06T00:00:00Z,25.96
11809,AMZNATMIV.U,2019-02-07T00:00:00Z,27.14
11810,AMZNATMIV.U,2019-02-08T00:00:00Z,27.4
11811,AMZNATMIV.U,2019-02-09T00:00:00Z,27.4
11812,AMZNATMIV.U,2019-02-11T00:00:00Z,27.06
11813,AMZNATMIV.U,2019-02-12T00:00:00Z,25.17
11814,AMZNATMIV.U,2019-02-13T00:00:00Z,24.78
11815,AMZNATMIV.U,2019-02-14T00:00:00Z,25.41
11816,AMZNATMIV.U,2019-02-15T00:00:00Z,24.8
11817,AMZNATMIV.U,2019-02-16T00:00:00Z,24.8
11818,AMZNATMIV.U,2019-02-18T00:00:00Z,26.34
11819,AMZNATMIV.U,2019-02-19T00:00:00Z,24.02
11820,AMZNATMIV.U,2019-02-20T00:00:00Z,24.13
11821,AMZNATMIV.U,2019-02-21T00:00:00Z,24.19
11822,AMZNATMIV.U,2019-02-22T00:00:00Z,22.38
11823,AMZNATMIV.U,2019-02-23T00:00:00Z,22.38
11824,AMZNATMIV.U,2019-02-25T00:00:00Z,22.85
11825,AMZNATMIV.U,2019-02-26T00:00:00Z,22.0
11826,AMZNATMIV.U,2019-02-27T00:00:00Z,22.27
11827,AMZNATMIV.U,2019-02-28T00:00:00Z,21.92
11828,AMZNATMIV.U,2019-03-01T00:00:00Z,21.46
11829,AMZNATMIV.U,2019-03-02T00:00:00Z,21.46
11830,AMZNATMIV.U,2019-03-03T00:00:00Z,21.46
11831,AMZNATMIV.U,2019-03-04T00:00:00Z,22.97
11832,AMZNATMIV.U,2019-03-05T00:00:00Z,22.51
11833,AMZNATMIV.U,2019-03-06T00:00:00Z,23.99
11834,AMZNATMIV.U,2019-03-07T00:00:00Z,26.76
11835,AMZNATMIV.U,2019-03-08T00:00:00Z,27.2
11836,AMZNATMIV.U,2019-03-09T00:00:00Z,27.2
11837,AMZNATMIV.U,2019-03-11T00:00:00Z,23.48
11838,AMZNATMIV.U,2019-03-12T00:00:00Z,22.51
11839,AMZNATMIV.U,2019-03-13T00:00:00Z,21.65
11840,AMZNATMIV.U,2019-03-14T00:00:00Z,21.14
11841,AMZNATMIV.U,2019-03-15T00:00:00Z,21.81
11842,AMZNATMIV.U,2019-03-16T00:00:00Z,21.81
11843,AMZNATMIV.U,2019-03-18T00:00:00Z,22.35
11844,AMZNATMIV.U,2019-03-19T00:00:00Z,22.01
11845,AMZNATMIV.U,2019-03-20T00:00:00Z,23.58
11846,AMZNATMIV.U,2019-03-21T00:00:00Z,26.89
11847,AMZNATMIV.U,2019-03-22T00:00:00Z,29.27
11848,AMZNATMIV.U,2019-03-23T00:00:00Z,29.27
11849,AMZNATMIV.U,2019-03-25T00:00:00Z,31.77
11850,AMZNATMIV.U,2019-03-26T00:00:00Z,32.3
11851,AMZNATMIV.U,2019-03-27T00:00:00Z,33.72
11852,AMZNATMIV.U,2019-03-28T00:00:00Z,32.88
11853,AMZNATMIV.U,2019-03-29T00:00:00Z,31.54
11854,AMZNATMIV.U,2019-03-30T00:00:00Z,31.54
11855,AMZNATMIV.U,2019-04-01T00:00:00Z,31.5
11856,AMZNATMIV.U,2019-04-02T00:00:00Z,31.5
11857,AMZNATMIV.U,2019-04-03T00:00:00Z,31.59
11858,AMZNATMIV.U,2019-04-04T00:00:00Z,31.55
11859,AMZNATMIV.U,2019-04-05T00:00:00Z,30.43
11860,AMZNATMIV.U,2019-04-06T00:00:00Z,30.43
11861,AMZNATMIV.U,2019-04-08T00:00:00Z,30.9
11862,AMZNATMIV.U,2019-04-09T00:00:00Z,31.41
11863,AMZNATMIV.U,2019-04-10T00:00:00Z,30.9
11864,AMZNATMIV.U,2019-04-11T00:00:00Z,29.93
11865,AMZNATMIV.U,2019-04-12T00:00:00Z,28.38
11866,AMZNATMIV.U,2019-04-13T00:00:00Z,28.38
11867,AMZNATMIV.U,2019-04-15T00:00:00Z,28.04
11868,AMZNATMIV.U,2019-04-16T00:00:00Z,27.05
11869,AMZNATMIV.U,2019-04-17T00:00:00Z,25.9
11870,AMZNATMIV.U,2019-04-18T00:00:00Z,24.85
11871,AMZNATMIV.U,2019-04-19T00:00:00Z,25.26
11872,AMZNATMIV.U,2019-04-20T00:00:00Z,25.26
11873,AMZNATMIV.U,2019-04-22T00:00:00Z,26.18
11874,AMZNATMIV.U,2019-04-23T00:00:00Z,25.62
11875,AMZNATMIV.U,2019-04-24T00:00:00Z,26.14
11876,AMZNATMIV.U,2019-04-25T00:00:00Z,25.77
11877,AMZNATMIV.U,2019-04-26T00:00:00Z,20.01
11878,AMZNATMIV.U,2019-04-27T00:00:00Z,20.01
11879,AMZNATMIV.U,2019-04-29T00:00:00Z,19.59
11880,AMZNATMIV.U,2019-04-30T00:00:00Z,19.22
11881,AMZNATMIV.U,2019-05-01T00:00:00Z,19.44
11882,AMZNATMIV.U,2019-05-02T00:00:00Z,21.04
11883,AMZNATMIV.U,2019-05-03T00:00:00Z,20.06
11884,AMZNATMIV.U,2019-05-04T00:00:00Z,20.06
11885,AMZNATMIV.U,2019-05-06T00:00:00Z,22.32
11886,AMZNATMIV.U,2019-05-07T00:00:00Z,26.39
11887,AMZNATMIV.U,2019-05-08T00:00:00Z,25.6
11888,AMZNATMIV.U,2019-05-09T00:00:00Z,26.03
11889,AMZNATMIV.U,2019-05-10T00:00:00Z,24.47
11890,AMZNATMIV.U,2019-05-11T00:00:00Z,24.47
11891,AMZNATMIV.U,2019-05-13T00:00:00Z,28.01
11892,AMZNATMIV.U,2019-05-14T00:00:00Z,24.73
11893,AMZNATMIV.U,2019-05-15T00:00:00Z,22.73
11894,AMZNATMIV.U,2019-05-16T00:00:00Z,21.32
11895,AMZNATMIV.U,2019-05-17T00:00:00Z,22.85
11896,AMZNATMIV.U,2019-05-18T00:00:00Z,22.85
11897,AMZNATMIV.U,2019-05-20T00:00:00Z,24.55
11898,AMZNATMIV.U,2019-05-21T00:00:00Z,24.13
11899,AMZNATMIV.U,2019-05-22T00:00:00Z,23.97
11900,AMZNATMIV.U,2019-05-23T00:00:00Z,26.92
11901,AMZNATMIV.U,2019-05-24T00:00:00Z,24.98
11902,AMZNATMIV.U,2019-05-25T00:00:00Z,24.98
11903,AMZNATMIV.U,2019-05-27T00:00:00Z,26.34
11904,AMZNATMIV.U,2019-05-28T00:00:00Z,25.54
11905,AMZNATMIV.U,2019-05-29T00:00:00Z,26.32
11906,AMZNATMIV.U,2019-05-30T00:00:00Z,26.32
11907,AMZNATMIV.U,2019-05-31T00:00:00Z,27.14
11908,AMZNATMIV.U,2019-06-01T00:00:00Z,27.14
11909,AMZNATMIV.U,2019-06-03T00:00:00Z,30.92
11910,AMZNATMIV.U,2019-06-04T00:00:00Z,27.51
11911,AMZNATMIV.U,2019-06-05T00:00:00Z,26.08
11912,AMZNATMIV.U,2019-06-06T00:00:00Z,25.31
11913,AMZNATMIV.U,2019-06-07T00:00:00Z,24.39
11914,AMZNATMIV.U,2019-06-08T00:00:00Z,24.39
11915,AMZNATMIV.U,2019-06-10T00:00:00Z,24.79
11916,AMZNATMIV.U,2019-06-11T00:00:00Z,25.13
11917,AMZNATMIV.U,2019-06-12T00:00:00Z,24.91
11918,AMZNATMIV.U,2019-06-13T00:00:00Z,24.72
11919,AMZNATMIV.U,2019-06-14T00:00:00Z,24.72
11920,AMZNATMIV.U,2019-06-17T00:00:00Z,23.77
11921,AMZNATMIV.U,2019-06-18T00:00:00Z,22.22
11922,AMZNATMIV.U,2019-06-19T00:00:00Z,22.69
11923,AMZNATMIV.U,2019-06-20T00:00:00Z,25.29
11924,AMZNATMIV.U,2019-06-21T00:00:00Z,24.83
11925,AMZNATMIV.U,2019-06-22T00:00:00Z,24.83
11926,AMZNATMIV.U,2019-06-24T00:00:00Z,26.68
11927,AMZNATMIV.U,2019-06-25T00:00:00Z,28.93
11928,AMZNATMIV.U,2019-06-26T00:00:00Z,29.05
11929,AMZNATMIV.U,2019-06-27T00:00:00Z,29.21
11930,AMZNATMIV.U,2019-06-28T00:00:00Z,29.09
11931,AMZNATMIV.U,2019-06-29T00:00:00Z,29.09
11932,AMZNATMIV.U,2019-07-01T00:00:00Z,26.76
11933,AMZNATMIV.U,2019-07-02T00:00:00Z,26.14
11934,AMZNATMIV.U,2019-07-03T00:00:00Z,25.6
11935,AMZNATMIV.U,2019-07-04T00:00:00Z,25.7
11936,AMZNATMIV.U,2019-07-05T00:00:00Z,26.03
11937,AMZNATMIV.U,2019-07-06T00:00:00Z,26.03
11938,AMZNATMIV.U,2019-07-08T00:00:00Z,26.86
11939,AMZNATMIV.U,2019-07-09T00:00:00Z,27.02
11940,AMZNATMIV.U,2019-07-10T00:00:00Z,26.51
11941,AMZNATMIV.U,2019-07-11T00:00:00Z,26.25
11942,AMZNATMIV.U,2019-07-12T00:00:00Z,25.44
11943,AMZNATMIV.U,2019-07-13T00:00:00Z,25.44
11944,AMZNATMIV.U,2019-07-14T00:00:00Z,25.44
11945,AMZNATMIV.U,2019-07-15T00:00:00Z,25.11
11946,AMZNATMIV.U,2019-07-16T00:00:00Z,24.98
11947,AMZNATMIV.U,2019-07-17T00:00:00Z,25.19
11948,AMZNATMIV.U,2019-07-18T00:00:00Z,25.75
11949,AMZNATMIV.U,2019-07-19T00:00:00Z,25.9
11950,AMZNATMIV.U,2019-07-20T00:00:00Z,25.9
11951,AMZNATMIV.U,2019-07-22T00:00:00Z,25.78
11952,AMZNATMIV.U,2019-07-23T00:00:00Z,25.54
11953,AMZNATMIV.U,2019-07-24T00:00:00Z,24.96
11954,AMZNATMIV.U,2019-07-25T00:00:00Z,24.92
11955,AMZNATMIV.U,2019-07-26T00:00:00Z,19.53
11956,AMZNATMIV.U,2019-07-27T00:00:00Z,19.53
11957,AMZNATMIV.U,2019-07-28T00:00:00Z,19.53
11958,AMZNATMIV.U,2019-07-29T00:00:00Z,20.82
11959,AMZNATMIV.U,2019-07-30T00:00:00Z,21.32
11960,AMZNATMIV.U,2019-07-31T00:00:00Z,21.92
11961,AMZNATMIV.U,2019-08-01T00:00:00Z,24.43
11962,AMZNATMIV.U,2019-08-02T00:00:00Z,26.03
11963,AMZNATMIV.U,2019-08-03T00:00:00Z,26.03
11964,AMZNATMIV.U,2019-08-05T00:00:00Z,32.43
11965,AMZNATMIV.U,2019-08-06T00:00:00Z,28.33
11966,AMZNATMIV.U,2019-08-07T00:00:00Z,28.2
11967,AMZNATMIV.U,2019-08-08T00:00:00Z,24.35
11968,AMZNATMIV.U,2019-08-09T00:00:00Z,25.49
11969,AMZNATMIV.U,2019-08-10T00:00:00Z,25.49
11970,AMZNATMIV.U,2019-08-12T00:00:00Z,27.67
11971,AMZNATMIV.U,2019-08-13T00:00:00Z,23.76
11972,AMZNATMIV.U,2019-08-14T00:00:00Z,29.92
11973,AMZNATMIV.U,2019-08-15T00:00:00Z,28.2
11974,AMZNATMIV.U,2019-08-16T00:00:00Z,24.61
11975,AMZNATMIV.U,2019-08-17T00:00:00Z,24.61
11976,AMZNATMIV.U,2019-08-19T00:00:00Z,22.64
11977,AMZNATMIV.U,2019-08-20T00:00:00Z,23.32
11978,AMZNATMIV.U,2019-08-21T00:00:00Z,21.54
11979,AMZNATMIV.U,2019-08-22T00:00:00Z,23.68
11980,AMZNATMIV.U,2019-08-23T00:00:00Z,27.61
11981,AMZNATMIV.U,2019-08-24T00:00:00Z,27.61
11982,AMZNATMIV.U,2019-08-26T00:00:00Z,25.88
11983,AMZNATMIV.U,2019-08-27T00:00:00Z,26.49
11984,AMZNATMIV.U,2019-08-28T00:00:00Z,25.62
11985,AMZNATMIV.U,2019-08-29T00:00:00Z,23.46
11986,AMZNATMIV.U,2019-08-30T00:00:00Z,23.79
11987,AMZNATMIV.U,2019-08-31T00:00:00Z,23.79
11988,AMZNATMIV.U,2019-09-02T00:00:00Z,25.1
11989,AMZNATMIV.U,2019-09-03T00:00:00Z,26.12
11990,AMZNATMIV.U,2019-09-04T00:00:00Z,23.6
11991,AMZNATMIV.U,2019-09-05T00:00:00Z,21.45
11992,AMZNATMIV.U,2019-09-06T00:00:00Z,20.88
11993,AMZNATMIV.U,2019-09-07T00:00:00Z,20.88
11994,AMZNATMIV.U,2019-09-09T00:00:00Z,21.55
11995,AMZNATMIV.U,2019-09-10T00:00:00Z,21.46
11996,AMZNATMIV.U,2019-09-11T00:00:00Z,20.18
11997,AMZNATMIV.U,2019-09-12T00:00:00Z,19.59
11998,AMZNATMIV.U,2019-09-13T00:00:00Z,19.13
11999,AMZNATMIV.U,2019-09-14T00:00:00Z,19.13
12000,AMZNATMIV.U,2019-09-15T00:00:00Z,19.13
12001,AMZNATMIV.U,2019-09-16T00:00:00Z,21.54
12002,AMZNATMIV.U,2019-09-17T00:00:00Z,20.35
12003,AMZNATMIV.U,2019-09-18T00:00:00Z,20.03
12004,AMZNATMIV.U,2019-09-19T00:00:00Z,22.64
12005,AMZNATMIV.U,2019-09-20T00:00:00Z,23.63
12006,AMZNATMIV.U,2019-09-21T00:00:00Z,23.63
12007,AMZNATMIV.U,2019-09-22T00:00:00Z,23.63
12008,AMZNATMIV.U,2019-09-23T00:00:00Z,25.54
12009,AMZNATMIV.U,2019-09-24T00:00:00Z,29.66
12010,AMZNATMIV.U,2019-09-25T00:00:00Z,27.59
12011,AMZNATMIV.U,2019-09-26T00:00:00Z,28.34
12012,AMZNATMIV.U,2019-09-27T00:00:00Z,29.11
12013,AMZNATMIV.U,2019-09-28T00:00:00Z,29.11
12014,AMZNATMIV.U,2019-09-29T00:00:00Z,29.11
12015,AMZNATMIV.U,2019-09-30T00:00:00Z,28.77
12016,AMZNATMIV.U,2019-10-01T00:00:00Z,29.85
12017,AMZNATMIV.U,2019-10-02T00:00:00Z,31.87
12018,AMZNATMIV.U,2019-10-03T00:00:00Z,29.93
12019,AMZNATMIV.U,2019-10-04T00:00:00Z,27.46
12020,AMZNATMIV.U,2019-10-05T00:00:00Z,27.46
12021,AMZNATMIV.U,2019-10-07T00:00:00Z,28.32
12022,AMZNATMIV.U,2019-10-08T00:00:00Z,31.08
12023,AMZNATMIV.U,2019-10-09T00:00:00Z,29.21
12024,AMZNATMIV.U,2019-10-10T00:00:00Z,27.95
12025,AMZNATMIV.U,2019-10-11T00:00:00Z,27.02
12026,AMZNATMIV.U,2019-10-12T00:00:00Z,27.02
12027,AMZNATMIV.U,2019-10-14T00:00:00Z,26.78
12028,AMZNATMIV.U,2019-10-15T00:00:00Z,25.7
12029,AMZNATMIV.U,2019-10-16T00:00:00Z,25.57
12030,AMZNATMIV.U,2019-10-17T00:00:00Z,24.83
12031,AMZNATMIV.U,2019-10-18T00:00:00Z,26.31
12032,AMZNATMIV.U,2019-10-19T00:00:00Z,26.31
12033,AMZNATMIV.U,2019-10-20T00:00:00Z,26.31
12034,AMZNATMIV.U,2019-10-21T00:00:00Z,25.28
12035,AMZNATMIV.U,2019-10-22T00:00:00Z,26.29
12036,AMZNATMIV.U,2019-10-23T00:00:00Z,26.7
12037,AMZNATMIV.U,2019-10-24T00:00:00Z,26.33
12038,AMZNATMIV.U,2019-10-25T00:00:00Z,19.28
12039,AMZNATMIV.U,2019-10-26T00:00:00Z,19.28
12040,AMZNATMIV.U,2019-10-27T00:00:00Z,19.28
12041,AMZNATMIV.U,2019-10-28T00:00:00Z,17.74
12042,AMZNATMIV.U,2019-10-29T00:00:00Z,17.72
12043,AMZNATMIV.U,2019-10-30T00:00:00Z,17.69
12044,AMZNATMIV.U,2019-10-31T00:00:00Z,17.88
12045,AMZNATMIV.U,2019-11-01T00:00:00Z,16.89
12046,AMZNATMIV.U,2019-11-02T00:00:00Z,16.89
12047,AMZNATMIV.U,2019-11-04T00:00:00Z,17.24
12048,AMZNATMIV.U,2019-11-05T00:00:00Z,17.44
12049,AMZNATMIV.U,2019-11-06T00:00:00Z,16.8
12050,AMZNATMIV.U,2019-11-07T00:00:00Z,17.27
12051,AMZNATMIV.U,2019-11-08T00:00:00Z,16.91
12052,AMZNATMIV.U,2019-11-09T00:00:00Z,16.91
12053,AMZNATMIV.U,2019-11-10T00:00:00Z,16.91
12054,AMZNATMIV.U,2019-11-11T00:00:00Z,17.57
12055,AMZNATMIV.U,2019-11-12T00:00:00Z,17.24
12056,AMZNATMIV.U,2019-11-13T00:00:00Z,18.32
12057,AMZNATMIV.U,2019-11-14T00:00:00Z,17.88
12058,AMZNATMIV.U,2019-11-15T00:00:00Z,17.28
12059,AMZNATMIV.U,2019-11-16T00:00:00Z,17.28
12060,AMZNATMIV.U,2019-11-18T00:00:00Z,17.72
12061,AMZNATMIV.U,2019-11-19T00:00:00Z,16.94
12062,AMZNATMIV.U,2019-11-20T00:00:00Z,17.87
12063,AMZNATMIV.U,2019-11-21T00:00:00Z,18.74
12064,AMZNATMIV.U,2019-11-22T00:00:00Z,17.57
12065,AMZNATMIV.U,2019-11-23T00:00:00Z,17.57
12066,AMZNATMIV.U,2019-11-25T00:00:00Z,16.59
12067,AMZNATMIV.U,2019-11-26T00:00:00Z,16.82
12068,AMZNATMIV.U,2019-11-27T00:00:00Z,17.14
12069,AMZNATMIV.U,2019-11-28T00:00:00Z,17.62
12070,AMZNATMIV.U,2019-11-29T00:00:00Z,17.99
12071,AMZNATMIV.U,2019-11-30T00:00:00Z,17.99
12072,AMZNATMIV.U,2019-12-02T00:00:00Z,19.3
12073,AMZNATMIV.U,2019-12-03T00:00:00Z,20.54
12074,AMZNATMIV.U,2019-12-04T00:00:00Z,19.84
12075,AMZNATMIV.U,2019-12-05T00:00:00Z,20.3
12076,AMZNATMIV.U,2019-12-06T00:00:00Z,18.74
12077,AMZNATMIV.U,2019-12-07T00:00:00Z,18.74
12078,AMZNATMIV.U,2019-12-09T00:00:00Z,19.37
12079,AMZNATMIV.U,2019-12-10T00:00:00Z,19.39
12080,AMZNATMIV.U,2019-12-11T00:00:00Z,17.91
12081,AMZNATMIV.U,2019-12-12T00:00:00Z,17.33
12082,AMZNATMIV.U,2019-12-13T00:00:00Z,15.83
12083,AMZNATMIV.U,2019-12-14T00:00:00Z,15.83
12084,AMZNATMIV.U,2019-12-16T00:00:00Z,15.5
12085,AMZNATMIV.U,2019-12-17T00:00:00Z,16.73
12086,AMZNATMIV.U,2019-12-18T00:00:00Z,15.01
12087,AMZNATMIV.U,2019-12-19T00:00:00Z,16.34
12088,AMZNATMIV.U,2019-12-20T00:00:00Z,16.27
12089,AMZNATMIV.U,2019-12-21T00:00:00Z,16.27
12090,AMZNATMIV.U,2019-12-23T00:00:00Z,16.06
12091,AMZNATMIV.U,2019-12-24T00:00:00Z,16.08
12092,AMZNATMIV.U,2019-12-25T00:00:00Z,16.53
12093,AMZNATMIV.U,2019-12-26T00:00:00Z,23.88
12094,AMZNATMIV.U,2019-12-27T00:00:00Z,24.31
12095,AMZNATMIV.U,2019-12-28T00:00:00Z,24.31
12096,AMZNATMIV.U,2019-12-30T00:00:00Z,25.66
12097,AMZNATMIV.U,2019-12-31T00:00:00Z,25.94
12098,AMZNATMIV.U,2020-01-01T00:00:00Z,27.22
12099,AMZNATMIV.U,2020-01-02T00:00:00Z,27.69
12100,AMZNATMIV.U,2020-01-03T00:00:00Z,27.68
12101,AMZNATMIV.U,2020-01-04T00:00:00Z,27.68
12102,AMZNATMIV.U,2020-01-06T00:00:00Z,28.14
12103,AMZNATMIV.U,2020-01-07T00:00:00Z,27.84
12104,AMZNATMIV.U,2020-01-08T00:00:00Z,27.71
12105,AMZNATMIV.U,2020-01-09T00:00:00Z,26.84
12106,AMZNATMIV.U,2020-01-10T00:00:00Z,26.76
12107,AMZNATMIV.U,2020-01-11T00:00:00Z,26.76
12108,AMZNATMIV.U,2020-01-13T00:00:00Z,26.38
12109,AMZNATMIV.U,2020-01-14T00:00:00Z,26.53
12110,AMZNATMIV.U,2020-01-15T00:00:00Z,26.49
12111,AMZNATMIV.U,2020-01-16T00:00:00Z,25.57
12112,AMZNATMIV.U,2020-01-17T00:00:00Z,25.29
12113,AMZNATMIV.U,2020-01-18T00:00:00Z,25.29
12114,AMZNATMIV.U,2020-01-20T00:00:00Z,26.38
12115,AMZNATMIV.U,2020-01-21T00:00:00Z,27.54
12116,AMZNATMIV.U,2020-01-22T00:00:00Z,27.46
12117,AMZNATMIV.U,2020-01-23T00:00:00Z,26.0
12118,AMZNATMIV.U,2020-01-23T00:00:00Z,26.0
12119,AMZNATMIV.U,2020-01-25T00:00:00Z,26.0
12120,AMZNATMIV.U,2020-01-25T00:00:00Z,26.0
12121,AMZNATMIV.U,2020-01-28T00:00:00Z,26.06
12122,AMZNATMIV.U,2020-01-29T00:00:00Z,26.47
12123,AMZNATMIV.U,2020-01-29T00:00:00Z,26.47
12124,AMZNATMIV.U,2020-01-29T00:00:00Z,26.47
12125,AMZNATMIV.U,2020-02-01T00:00:00Z,26.47
12126,AMZNATMIV.U,2020-02-03T00:00:00Z,22.97
12127,AMZNATMIV.U,2020-02-04T00:00:00Z,21.17
12128,AMZNATMIV.U,2020-02-04T00:00:00Z,21.17
12129,AMZNATMIV.U,2020-02-06T00:00:00Z,21.26
12130,AMZNATMIV.U,2020-02-06T00:00:00Z,21.26
12131,AMZNATMIV.U,2020-02-08T00:00:00Z,21.26
12132,AMZNATMIV.U,2020-02-08T00:00:00Z,21.26
12133,AMZNATMIV.U,2020-02-11T00:00:00Z,26.18
12134,AMZNATMIV.U,2020-02-12T00:00:00Z,24.04
12135,AMZNATMIV.U,2020-02-12T00:00:00Z,24.04
12136,AMZNATMIV.U,2020-02-12T00:00:00Z,24.04
12137,AMZNATMIV.U,2020-02-15T00:00:00Z,24.04
12138,AMZNATMIV.U,2020-02-16T00:00:00Z,21.52
12139,AMZNATMIV.U,2020-02-17T00:00:00Z,22.71
12140,AMZNATMIV.U,2020-02-18T00:00:00Z,22.59
12141,AMZNATMIV.U,2020-02-18T00:00:00Z,22.59
12142,AMZNATMIV.U,2020-02-18T00:00:00Z,22.59
12143,AMZNATMIV.U,2020-02-21T00:00:00Z,24.26
12144,AMZNATMIV.U,2020-02-22T00:00:00Z,24.26
12145,AMZNATMIV.U,2020-02-22T00:00:00Z,24.26
12146,AMZNATMIV.U,2020-02-22T00:00:00Z,24.26
12147,AMZNATMIV.U,2020-02-22T00:00:00Z,24.26
12148,AMZNATMIV.U,2020-02-22T00:00:00Z,24.26
12149,AMZNATMIV.U,2020-02-22T00:00:00Z,24.26
12150,AMZNATMIV.U,2020-02-29T00:00:00Z,24.26
12151,AMZNATMIV.U,2020-02-29T00:00:00Z,24.26
12152,AMZNATMIV.U,2020-03-03T00:00:00Z,38.16
12153,AMZNATMIV.U,2020-03-03T00:00:00Z,38.16
12154,AMZNATMIV.U,2020-03-03T00:00:00Z,38.16
12155,AMZNATMIV.U,2020-03-06T00:00:00Z,39.57
12156,AMZNATMIV.U,2020-03-07T00:00:00Z,39.57
12157,AMZNATMIV.U,2020-03-08T00:00:00Z,39.54
12158,AMZNATMIV.U,2020-03-09T00:00:00Z,49.21
12159,AMZNATMIV.U,2020-03-10T00:00:00Z,42.23
12160,AMZNATMIV.U,2020-03-11T00:00:00Z,46.17
12161,AMZNATMIV.U,2020-03-12T00:00:00Z,60.85
12162,AMZNATMIV.U,2020-03-12T00:00:00Z,60.85
12163,AMZNATMIV.U,2020-03-14T00:00:00Z,60.85
12164,AMZNATMIV.U,2020-03-16T00:00:00Z,67.21
12165,AMZNATMIV.U,2020-03-16T00:00:00Z,67.21
12166,AMZNATMIV.U,2020-03-16T00:00:00Z,67.21
12167,AMZNATMIV.U,2020-03-16T00:00:00Z,67.21
12168,AMZNATMIV.U,2020-03-16T00:00:00Z,67.21
12169,AMZNATMIV.U,2020-03-21T00:00:00Z,67.21
12170,AMZNATMIV.U,2020-03-21T00:00:00Z,67.21
12171,AMZNATMIV.U,2020-03-21T00:00:00Z,67.21
12172,AMZNATMIV.U,2020-03-21T00:00:00Z,67.21
12173,AMZNATMIV.U,2020-03-21T00:00:00Z,67.21
12174,AMZNATMIV.U,2020-03-21T00:00:00Z,67.21
12175,AMZNATMIV.U,2020-03-28T00:00:00Z,54.32
12176,AMZNATMIV.U,2020-03-30T00:00:00Z,43.96
12177,AMZNATMIV.U,2020-03-31T00:00:00Z,42.37
12178,AMZNATMIV.U,2020-04-01T00:00:00Z,45.76
12179,AMZNATMIV.U,2020-04-01T00:00:00Z,45.76
12180,AMZNATMIV.U,2020-04-03T00:00:00Z,40.35
12181,AMZNATMIV.U,2020-04-04T00:00:00Z,40.35
12182,AMZNATMIV.U,2020-04-04T00:00:00Z,40.35
12183,AMZNATMIV.U,2020-04-04T00:00:00Z,40.35
12184,AMZNATMIV.U,2020-04-08T00:00:00Z,35.74
12185,AMZNATMIV.U,2020-04-09T00:00:00Z,34.08
12186,AMZNATMIV.U,2020-04-10T00:00:00Z,34.63
12187,AMZNATMIV.U,2020-04-11T00:00:00Z,34.63
12188,AMZNATMIV.U,2020-04-13T00:00:00Z,41.02
12189,AMZNATMIV.U,2020-04-14T00:00:00Z,44.14
12190,AMZNATMIV.U,2020-04-14T00:00:00Z,44.14
12191,AMZNATMIV.U,2020-04-14T00:00:00Z,44.14
12192,AMZNATMIV.U,2020-04-14T00:00:00Z,44.14
12193,AMZNATMIV.U,2020-04-18T00:00:00Z,44.14
12194,AMZNATMIV.U,2020-04-20T00:00:00Z,50.7
12195,AMZNATMIV.U,2020-04-20T00:00:00Z,50.7
12196,AMZNATMIV.U,2020-04-22T00:00:00Z,46.99
12197,AMZNATMIV.U,2020-04-22T00:00:00Z,46.99
12198,AMZNATMIV.U,2020-04-22T00:00:00Z,46.99
12199,AMZNATMIV.U,2020-04-25T00:00:00Z,46.99
12200,AMZNATMIV.U,2020-04-27T00:00:00Z,42.57
12201,AMZNATMIV.U,2020-04-28T00:00:00Z,42.52
12202,AMZNATMIV.U,2020-04-29T00:00:00Z,42.51
12203,AMZNATMIV.U,2020-04-29T00:00:00Z,42.51
12204,AMZNATMIV.U,2020-04-29T00:00:00Z,42.51
12205,AMZNATMIV.U,2020-05-02T00:00:00Z,42.51
12206,AMZNATMIV.U,2020-05-04T00:00:00Z,33.76
12207,AMZNATMIV.U,2020-05-04T00:00:00Z,33.76
12208,AMZNATMIV.U,2020-05-06T00:00:00Z,31.17
12209,AMZNATMIV.U,2020-05-07T00:00:00Z,29.48
12210,AMZNATMIV.U,2020-05-08T00:00:00Z,26.25
12211,AMZNATMIV.U,2020-05-09T00:00:00Z,26.25
12212,AMZNATMIV.U,2020-05-11T00:00:00Z,27.18
12213,AMZNATMIV.U,2020-05-12T00:00:00Z,28.77
12214,AMZNATMIV.U,2020-05-13T00:00:00Z,29.97
12215,AMZNATMIV.U,2020-05-13T00:00:00Z,29.97
12216,AMZNATMIV.U,2020-05-13T00:00:00Z,29.97
12217,AMZNATMIV.U,2020-05-16T00:00:00Z,29.97
12218,AMZNATMIV.U,2020-05-18T00:00:00Z,25.95
12219,AMZNATMIV.U,2020-05-18T00:00:00Z,25.95
12220,AMZNATMIV.U,2020-05-20T00:00:00Z,28.1
12221,AMZNATMIV.U,2020-05-20T00:00:00Z,28.1
12222,AMZNATMIV.U,2020-05-22T00:00:00Z,26.84
12223,AMZNATMIV.U,2020-05-23T00:00:00Z,26.84
12224,AMZNATMIV.U,2020-05-25T00:00:00Z,28.1
12225,AMZNATMIV.U,2020-05-26T00:00:00Z,26.58
12226,AMZNATMIV.U,2020-05-27T00:00:00Z,26.26
12227,AMZNATMIV.U,2020-05-28T00:00:00Z,27.13
12228,AMZNATMIV.U,2020-05-29T00:00:00Z,25.47
12229,AMZNATMIV.U,2020-05-30T00:00:00Z,25.47
12230,AMZNATMIV.U,2020-06-01T00:00:00Z,26.05
12231,AMZNATMIV.U,2020-06-02T00:00:00Z,25.26
12232,AMZNATMIV.U,2020-06-03T00:00:00Z,24.11
12233,AMZNATMIV.U,2020-06-03T00:00:00Z,24.11
12234,AMZNATMIV.U,2020-06-05T00:00:00Z,23.14
12235,AMZNATMIV.U,2020-06-06T00:00:00Z,23.14
12236,AMZNATMIV.U,2020-06-08T00:00:00Z,26.15
12237,AMZNATMIV.U,2020-06-09T00:00:00Z,29.96
12238,AMZNATMIV.U,2020-06-10T00:00:00Z,29.76
12239,AMZNATMIV.U,2020-06-10T00:00:00Z,29.76
12240,AMZNATMIV.U,2020-06-10T00:00:00Z,29.76
12241,AMZNATMIV.U,2020-06-13T00:00:00Z,29.76
12242,AMZNATMIV.U,2020-06-15T00:00:00Z,31.9
12243,AMZNATMIV.U,2020-06-16T00:00:00Z,29.51
12244,AMZNATMIV.U,2020-06-17T00:00:00Z,29.77
12245,AMZNATMIV.U,2020-06-18T00:00:00Z,32.04
12246,AMZNATMIV.U,2020-06-19T00:00:00Z,31.37
12247,AMZNATMIV.U,2020-06-20T00:00:00Z,31.37
12248,AMZNATMIV.U,2020-06-22T00:00:00Z,33.41
12249,AMZNATMIV.U,2020-06-23T00:00:00Z,33.56
12250,AMZNATMIV.U,2020-06-24T00:00:00Z,36.65
12251,AMZNATMIV.U,2020-06-25T00:00:00Z,36.48
12252,AMZNATMIV.U,2020-06-25T00:00:00Z,36.48
12253,AMZNATMIV.U,2020-06-27T00:00:00Z,36.48
12254,AMZNATMIV.U,2020-06-29T00:00:00Z,38.71
12255,AMZNATMIV.U,2020-06-30T00:00:00Z,37.87
12256,AMZNATMIV.U,2020-06-30T00:00:00Z,37.87
12257,AMZNATMIV.U,2020-07-02T00:00:00Z,38.89
12258,AMZNATMIV.U,2020-07-03T00:00:00Z,39.52
12259,AMZNATMIV.U,2020-07-04T00:00:00Z,39.52
12260,AMZNATMIV.U,2020-07-06T00:00:00Z,43.61
12261,AMZNATMIV.U,2020-07-07T00:00:00Z,45.05
12262,AMZNATMIV.U,2020-07-08T00:00:00Z,46.63
12263,AMZNATMIV.U,2020-07-08T00:00:00Z,46.63
12264,AMZNATMIV.U,2020-07-10T00:00:00Z,51.95
12265,AMZNATMIV.U,2020-07-11T00:00:00Z,51.95
12266,AMZNATMIV.U,2020-07-11T00:00:00Z,51.95
12267,AMZNATMIV.U,2020-07-14T00:00:00Z,62.86
12268,AMZNATMIV.U,2020-07-15T00:00:00Z,56.97
12269,AMZNATMIV.U,2020-07-16T00:00:00Z,56.11
12270,AMZNATMIV.U,2020-07-17T00:00:00Z,52.15
12271,AMZNATMIV.U,2020-07-18T00:00:00Z,52.15
12272,AMZNATMIV.U,2020-07-20T00:00:00Z,55.52
12273,AMZNATMIV.U,2020-07-21T00:00:00Z,52.6
12274,AMZNATMIV.U,2020-07-22T00:00:00Z,50.83
12275,AMZNATMIV.U,2020-07-23T00:00:00Z,49.06
12276,AMZNATMIV.U,2020-07-24T00:00:00Z,48.44
12277,AMZNATMIV.U,2020-07-25T00:00:00Z,48.44
12278,AMZNATMIV.U,2020-07-27T00:00:00Z,46.35
12279,AMZNATMIV.U,2020-07-28T00:00:00Z,45.98
12280,AMZNATMIV.U,2020-07-29T00:00:00Z,43.81
12281,AMZNATMIV.U,2020-07-30T00:00:00Z,43.01
12282,AMZNATMIV.U,2020-07-31T00:00:00Z,35.07
12283,AMZNATMIV.U,2020-08-01T00:00:00Z,35.07
12284,AMZNATMIV.U,2020-08-03T00:00:00Z,34.57
12285,AMZNATMIV.U,2020-08-04T00:00:00Z,34.96
12286,AMZNATMIV.U,2020-08-05T00:00:00Z,34.76
12287,AMZNATMIV.U,2020-08-06T00:00:00Z,33.67
12288,AMZNATMIV.U,2020-08-07T00:00:00Z,34.72
12289,AMZNATMIV.U,2020-08-08T00:00:00Z,34.72
12290,AMZNATMIV.U,2020-08-10T00:00:00Z,35.23
12291,AMZNATMIV.U,2020-08-11T00:00:00Z,35.03
12292,AMZNATMIV.U,2020-08-12T00:00:00Z,32.05
12293,AMZNATMIV.U,2020-08-13T00:00:00Z,34.38
12294,AMZNATMIV.U,2020-08-14T00:00:00Z,32.38
12295,AMZNATMIV.U,2020-08-15T00:00:00Z,32.38
12296,AMZNATMIV.U,2020-08-17T00:00:00Z,31.98
12297,AMZNATMIV.U,2020-08-18T00:00:00Z,36.61
12298,AMZNATMIV.U,2020-08-19T00:00:00Z,36.4
12299,AMZNATMIV.U,2020-08-20T00:00:00Z,34.8
12300,AMZNATMIV.U,2020-08-21T00:00:00Z,35.77
12301,AMZNATMIV.U,2020-08-22T00:00:00Z,35.77
12302,AMZNATMIV.U,2020-08-24T00:00:00Z,37.66
12303,AMZNATMIV.U,2020-08-25T00:00:00Z,38.9
12304,AMZNATMIV.U,2020-08-26T00:00:00Z,41.2
12305,AMZNATMIV.U,2020-08-27T00:00:00Z,41.53
12306,AMZNATMIV.U,2020-08-28T00:00:00Z,40.37
12307,AMZNATMIV.U,2020-08-29T00:00:00Z,40.37
12308,AMZNATMIV.U,2020-08-31T00:00:00Z,40.59
12309,AMZNATMIV.U,2020-09-01T00:00:00Z,39.85
12310,AMZNATMIV.U,2020-09-02T00:00:00Z,42.78
12311,AMZNATMIV.U,2020-09-02T00:00:00Z,42.78
12312,AMZNATMIV.U,2020-09-02T00:00:00Z,42.78
12313,AMZNATMIV.U,2020-09-05T00:00:00Z,42.78
12314,AMZNATMIV.U,2020-09-07T00:00:00Z,50.81
12315,AMZNATMIV.U,2020-09-08T00:00:00Z,47.95
12316,AMZNATMIV.U,2020-09-09T00:00:00Z,42.84
12317,AMZNATMIV.U,2020-09-09T00:00:00Z,42.84
12318,AMZNATMIV.U,2020-09-11T00:00:00Z,40.89
12319,AMZNATMIV.U,2020-09-12T00:00:00Z,40.89
12320,AMZNATMIV.U,2020-09-14T00:00:00Z,40.49
12321,AMZNATMIV.U,2020-09-15T00:00:00Z,40.33
12322,AMZNATMIV.U,2020-09-16T00:00:00Z,42.13
12323,AMZNATMIV.U,2020-09-17T00:00:00Z,43.79
12324,AMZNATMIV.U,2020-09-17T00:00:00Z,43.79
12325,AMZNATMIV.U,2020-09-19T00:00:00Z,43.79
12326,AMZNATMIV.U,2020-09-21T00:00:00Z,44.67
12327,AMZNATMIV.U,2020-09-22T00:00:00Z,45.5
12328,AMZNATMIV.U,2020-09-23T00:00:00Z,46.91
12329,AMZNATMIV.U,2020-09-24T00:00:00Z,49.0
12330,AMZNATMIV.U,2020-09-25T00:00:00Z,47.07
12331,AMZNATMIV.U,2020-09-26T00:00:00Z,47.07
12332,AMZNATMIV.U,2020-09-28T00:00:00Z,47.27
12333,AMZNATMIV.U,2020-09-29T00:00:00Z,47.22
12334,AMZNATMIV.U,2020-09-30T00:00:00Z,46.92
12335,AMZNATMIV.U,2020-10-01T00:00:00Z,49.96
12336,AMZNATMIV.U,2020-10-02T00:00:00Z,51.84
12337,AMZNATMIV.U,2020-10-03T00:00:00Z,51.84
12338,AMZNATMIV.U,2020-10-05T00:00:00Z,51.77
12339,AMZNATMIV.U,2020-10-05T00:00:00Z,51.77
12340,AMZNATMIV.U,2020-10-07T00:00:00Z,51.21
12341,AMZNATMIV.U,2020-10-08T00:00:00Z,49.72
12342,AMZNATMIV.U,2020-10-09T00:00:00Z,47.08
12343,AMZNATMIV.U,2020-10-10T00:00:00Z,47.08
12344,AMZNATMIV.U,2020-10-11T00:00:00Z,47.08
12345,AMZNATMIV.U,2020-10-12T00:00:00Z,49.71
12346,AMZNATMIV.U,2020-10-13T00:00:00Z,49.37
12347,AMZNATMIV.U,2020-10-14T00:00:00Z,51.97
12348,AMZNATMIV.U,2020-10-15T00:00:00Z,52.17
12349,AMZNATMIV.U,2020-10-16T00:00:00Z,45.76
12350,AMZNATMIV.U,2020-10-17T00:00:00Z,45.76
12351,AMZNATMIV.U,2020-10-18T00:00:00Z,45.76
12352,AMZNATMIV.U,2020-10-19T00:00:00Z,53.75
12353,AMZNATMIV.U,2020-10-19T00:00:00Z,53.75
12354,AMZNATMIV.U,2020-10-21T00:00:00Z,51.46
12355,AMZNATMIV.U,2020-10-22T00:00:00Z,48.91
12356,AMZNATMIV.U,2020-10-23T00:00:00Z,48.84
12357,AMZNATMIV.U,2020-10-24T00:00:00Z,48.84
12358,AMZNATMIV.U,2020-10-26T00:00:00Z,52.54
12359,AMZNATMIV.U,2020-10-27T00:00:00Z,49.32
12360,AMZNATMIV.U,2020-10-28T00:00:00Z,52.99
12361,AMZNATMIV.U,2020-10-29T00:00:00Z,48.25
12362,AMZNATMIV.U,2020-10-30T00:00:00Z,46.03
12363,AMZNATMIV.U,2020-10-31T00:00:00Z,46.03
12364,AMZNATMIV.U,2020-11-02T00:00:00Z,44.32
12365,AMZNATMIV.U,2020-11-03T00:00:00Z,43.14
12366,AMZNATMIV.U,2020-11-04T00:00:00Z,38.74
12367,AMZNATMIV.U,2020-11-05T00:00:00Z,37.17
12368,AMZNATMIV.U,2020-11-06T00:00:00Z,35.28
12369,AMZNATMIV.U,2020-11-07T00:00:00Z,35.28
12370,AMZNATMIV.U,2020-11-07T00:00:00Z,35.28
12371,AMZNATMIV.U,2020-11-10T00:00:00Z,38.45
12372,AMZNATMIV.U,2020-11-11T00:00:00Z,35.09
12373,AMZNATMIV.U,2020-11-12T00:00:00Z,35.66
12374,AMZNATMIV.U,2020-11-13T00:00:00Z,34.19
12375,AMZNATMIV.U,2020-11-14T00:00:00Z,34.19
12376,AMZNATMIV.U,2020-11-16T00:00:00Z,31.8
12377,AMZNATMIV.U,2020-11-17T00:00:00Z,31.76
12378,AMZNATMIV.U,2020-11-17T00:00:00Z,31.76
12379,AMZNATMIV.U,2020-11-19T00:00:00Z,31.39
12380,AMZNATMIV.U,2020-11-20T00:00:00Z,31.01
12381,AMZNATMIV.U,2020-11-21T00:00:00Z,31.01
12382,AMZNATMIV.U,2020-11-23T00:00:00Z,30.11
12383,AMZNATMIV.U,2020-11-24T00:00:00Z,29.36
12384,AMZNATMIV.U,2020-11-25T00:00:00Z,29.93
12385,AMZNATMIV.U,2020-11-26T00:00:00Z,30.4
12386,AMZNATMIV.U,2020-11-27T00:00:00Z,29.85
12387,AMZNATMIV.U,2020-11-28T00:00:00Z,29.85
12388,AMZNATMIV.U,2020-11-30T00:00:00Z,31.07
12389,AMZNATMIV.U,2020-12-01T00:00:00Z,30.76
12390,AMZNATMIV.U,2020-12-02T00:00:00Z,31.72
12391,AMZNATMIV.U,2020-12-02T00:00:00Z,31.72
12392,AMZNATMIV.U,2020-12-04T00:00:00Z,30.23
12393,AMZNATMIV.U,2020-12-05T00:00:00Z,30.23
12394,AMZNATMIV.U,2020-12-07T00:00:00Z,31.21
12395,AMZNATMIV.U,2020-12-08T00:00:00Z,31.79
12396,AMZNATMIV.U,2020-12-09T00:00:00Z,33.08
12397,AMZNATMIV.U,2020-12-10T00:00:00Z,32.08
12398,AMZNATMIV.U,2020-12-11T00:00:00Z,32.08
12399,AMZNATMIV.U,2020-12-12T00:00:00Z,32.08
12400,AMZNATMIV.U,2020-12-14T00:00:00Z,32.29
12401,AMZNATMIV.U,2020-12-15T00:00:00Z,32.14
12402,AMZNATMIV.U,2020-12-16T00:00:00Z,31.93
12403,AMZNATMIV.U,2020-12-17T00:00:00Z,31.1
12404,AMZNATMIV.U,2020-12-18T00:00:00Z,31.47
12405,AMZNATMIV.U,2020-12-19T00:00:00Z,31.47
12406,AMZNATMIV.U,2020-12-21T00:00:00Z,30.92
12407,AMZNATMIV.U,2020-12-22T00:00:00Z,30.37
12408,AMZNATMIV.U,2020-12-23T00:00:00Z,28.81
12409,AMZNATMIV.U,2020-12-24T00:00:00Z,32.24
12410,AMZNATMIV.U,2020-12-25T00:00:00Z,32.75
12411,AMZNATMIV.U,2020-12-26T00:00:00Z,32.75
12412,AMZNATMIV.U,2020-12-28T00:00:00Z,35.0
12413,AMZNATMIV.U,2020-12-29T00:00:00Z,34.77
12414,AMZNATMIV.U,2020-12-30T00:00:00Z,34.34
12415,AMZNATMIV.U,2020-12-31T00:00:00Z,35.63
12416,AMZNATMIV.U,2021-01-01T00:00:00Z,36.2
12417,AMZNATMIV.U,2021-01-02T00:00:00Z,36.2
12418,AMZNATMIV.U,2021-01-04T00:00:00Z,39.5
12419,AMZNATMIV.U,2021-01-05T00:00:00Z,37.96
12420,AMZNATMIV.U,2021-01-06T00:00:00Z,39.23
12421,AMZNATMIV.U,2021-01-06T00:00:00Z,39.23
12422,AMZNATMIV.U,2021-01-08T00:00:00Z,37.24
12423,AMZNATMIV.U,2021-01-09T00:00:00Z,37.24
12424,AMZNATMIV.U,2021-01-09T00:00:00Z,37.24
12425,AMZNATMIV.U,2021-01-12T00:00:00Z,39.34
12426,AMZNATMIV.U,2021-01-13T00:00:00Z,37.7
12427,AMZNATMIV.U,2021-01-13T00:00:00Z,37.7
12428,AMZNATMIV.U,2021-01-13T00:00:00Z,37.7
12429,AMZNATMIV.U,2021-01-16T00:00:00Z,37.7
12430,AMZNATMIV.U,2021-01-18T00:00:00Z,38.07
12431,AMZNATMIV.U,2021-01-19T00:00:00Z,36.11
12432,AMZNATMIV.U,2021-01-20T00:00:00Z,37.37
12433,AMZNATMIV.U,2021-01-20T00:00:00Z,37.37
12434,AMZNATMIV.U,2021-01-22T00:00:00Z,37.91
12435,AMZNATMIV.U,2021-01-23T00:00:00Z,37.91
12436,AMZNATMIV.U,2021-01-24T00:00:00Z,37.91
12437,AMZNATMIV.U,2021-01-25T00:00:00Z,39.55
12438,AMZNATMIV.U,2021-01-25T00:00:00Z,39.55
12439,AMZNATMIV.U,2021-01-25T00:00:00Z,39.55
12440,AMZNATMIV.U,2021-01-28T00:00:00Z,41.63
12441,AMZNATMIV.U,2021-01-28T00:00:00Z,41.63
12442,AMZNATMIV.U,2021-01-30T00:00:00Z,41.63
12443,AMZNATMIV.U,2021-02-01T00:00:00Z,40.06
12444,AMZNATMIV.U,2021-02-02T00:00:00Z,36.63
12445,AMZNATMIV.U,2021-02-03T00:00:00Z,31.06
12446,AMZNATMIV.U,2021-02-04T00:00:00Z,29.61
12447,AMZNATMIV.U,2021-02-04T00:00:00Z,29.61
12448,AMZNATMIV.U,2021-02-06T00:00:00Z,29.61
12449,AMZNATMIV.U,2021-02-08T00:00:00Z,28.0
12450,AMZNATMIV.U,2021-02-09T00:00:00Z,27.78
12451,AMZNATMIV.U,2021-02-10T00:00:00Z,27.59
12452,AMZNATMIV.U,2021-02-11T00:00:00Z,27.25
12453,AMZNATMIV.U,2021-02-12T00:00:00Z,26.11
12454,AMZNATMIV.U,2021-02-13T00:00:00Z,26.11
12455,AMZNATMIV.U,2021-02-15T00:00:00Z,27.75
12456,AMZNATMIV.U,2021-02-16T00:00:00Z,27.39
12457,AMZNATMIV.U,2021-02-17T00:00:00Z,28.14
12458,AMZNATMIV.U,2021-02-18T00:00:00Z,27.97
12459,AMZNATMIV.U,2021-02-19T00:00:00Z,27.54
12460,AMZNATMIV.U,2021-02-20T00:00:00Z,27.54
12461,AMZNATMIV.U,2021-02-22T00:00:00Z,29.46
12462,AMZNATMIV.U,2021-02-23T00:00:00Z,28.68
12463,AMZNATMIV.U,2021-02-24T00:00:00Z,28.62
12464,AMZNATMIV.U,2021-02-25T00:00:00Z,34.58
12465,AMZNATMIV.U,2021-02-26T00:00:00Z,31.14
12466,AMZNATMIV.U,2021-02-27T00:00:00Z,31.14
12467,AMZNATMIV.U,2021-03-01T00:00:00Z,27.38
12468,AMZNATMIV.U,2021-03-02T00:00:00Z,28.09
12469,AMZNATMIV.U,2021-03-03T00:00:00Z,31.26
12470,AMZNATMIV.U,2021-03-04T00:00:00Z,32.53
12471,AMZNATMIV.U,2021-03-05T00:00:00Z,30.61
12472,AMZNATMIV.U,2021-03-06T00:00:00Z,30.61
12473,AMZNATMIV.U,2021-03-08T00:00:00Z,33.47
12474,AMZNATMIV.U,2021-03-08T00:00:00Z,33.47
12475,AMZNATMIV.U,2021-03-10T00:00:00Z,29.42
12476,AMZNATMIV.U,2021-03-10T00:00:00Z,29.42
12477,AMZNATMIV.U,2021-03-12T00:00:00Z,27.44
12478,AMZNATMIV.U,2021-03-13T00:00:00Z,27.44
12479,AMZNATMIV.U,2021-03-15T00:00:00Z,27.5
12480,AMZNATMIV.U,2021-03-15T00:00:00Z,27.5
12481,AMZNATMIV.U,2021-03-15T00:00:00Z,27.5
12482,AMZNATMIV.U,2021-03-15T00:00:00Z,27.5
12483,AMZNATMIV.U,2021-03-15T00:00:00Z,27.5
12484,AMZNATMIV.U,2021-03-20T00:00:00Z,27.5
12485,AMZNATMIV.U,2021-03-22T00:00:00Z,25.24
12486,AMZNATMIV.U,2021-03-22T00:00:00Z,25.24
12487,AMZNATMIV.U,2021-03-22T00:00:00Z,25.24
12488,AMZNATMIV.U,2021-03-22T00:00:00Z,25.24
12489,AMZNATMIV.U,2021-03-22T00:00:00Z,25.24
12490,AMZNATMIV.U,2021-03-27T00:00:00Z,25.24
12491,AMZNATMIV.U,2021-03-29T00:00:00Z,29.52
12492,AMZNATMIV.U,2021-03-29T00:00:00Z,29.52
12493,AMZNATMIV.U,2021-03-29T00:00:00Z,29.52
12494,AMZNATMIV.U,2021-04-01T00:00:00Z,28.1
12495,AMZNATMIV.U,2021-04-02T00:00:00Z,28.56
12496,AMZNATMIV.U,2021-04-03T00:00:00Z,28.56
12497,AMZNATMIV.U,2021-04-03T00:00:00Z,28.56
12498,AMZNATMIV.U,2021-04-06T00:00:00Z,29.01
12499,AMZNATMIV.U,2021-04-07T00:00:00Z,29.54
12500,AMZNATMIV.U,2021-04-08T00:00:00Z,28.73
12501,AMZNATMIV.U,2021-04-09T00:00:00Z,28.69
12502,AMZNATMIV.U,2021-04-10T00:00:00Z,28.69
12503,AMZNATMIV.U,2021-04-11T00:00:00Z,28.69
12504,AMZNATMIV.U,2021-04-12T00:00:00Z,29.58
12505,AMZNATMIV.U,2021-04-12T00:00:00Z,29.58
12506,AMZNATMIV.U,2021-04-12T00:00:00Z,29.58
12507,AMZNATMIV.U,2021-04-15T00:00:00Z,28.14
12508,AMZNATMIV.U,2021-04-16T00:00:00Z,28.5
12509,AMZNATMIV.U,2021-04-17T00:00:00Z,28.5
12510,AMZNATMIV.U,2021-04-19T00:00:00Z,31.06
12511,AMZNATMIV.U,2021-04-20T00:00:00Z,31.04
12512,AMZNATMIV.U,2021-04-21T00:00:00Z,30.39
12513,AMZNATMIV.U,2021-04-21T00:00:00Z,30.39
12514,AMZNATMIV.U,2021-04-23T00:00:00Z,28.43
12515,AMZNATMIV.U,2021-04-24T00:00:00Z,28.43
12516,AMZNATMIV.U,2021-04-24T00:00:00Z,28.43
12517,AMZNATMIV.U,2021-04-24T00:00:00Z,28.43
12518,AMZNATMIV.U,2021-04-24T00:00:00Z,28.43
12519,AMZNATMIV.U,2021-04-29T00:00:00Z,28.98
12520,AMZNATMIV.U,2021-04-30T00:00:00Z,23.82
12521,AMZNATMIV.U,2021-05-01T00:00:00Z,23.82
12522,AMZNATMIV.U,2021-05-01T00:00:00Z,23.82
12523,AMZNATMIV.U,2021-05-01T00:00:00Z,23.82
12524,AMZNATMIV.U,2021-05-01T00:00:00Z,23.82
12525,AMZNATMIV.U,2021-05-01T00:00:00Z,23.82
12526,AMZNATMIV.U,2021-05-01T00:00:00Z,23.82
12527,AMZNATMIV.U,2021-05-08T00:00:00Z,23.82
12528,AMZNATMIV.U,2021-05-08T00:00:00Z,23.82
12529,AMZNATMIV.U,2021-05-08T00:00:00Z,23.82
12530,AMZNATMIV.U,2021-05-08T00:00:00Z,23.82
12531,AMZNATMIV.U,2021-05-08T00:00:00Z,23.82
12532,AMZNATMIV.U,2021-05-08T00:00:00Z,23.82
12533,AMZNATMIV.U,2021-05-15T00:00:00Z,22.95
12534,AMZNATMIV.U,2021-05-17T00:00:00Z,25.04
12535,AMZNATMIV.U,2021-05-17T00:00:00Z,25.04
12536,AMZNATMIV.U,2021-05-17T00:00:00Z,25.04
12537,AMZNATMIV.U,2021-05-17T00:00:00Z,25.04
12538,AMZNATMIV.U,2021-05-17T00:00:00Z,25.04
12539,AMZNATMIV.U,2021-05-22T00:00:00Z,25.04
12540,AMZNATMIV.U,2021-05-24T00:00:00Z,21.56
12541,AMZNATMIV.U,2021-05-24T00:00:00Z,21.56
12542,AMZNATMIV.U,2021-05-24T00:00:00Z,21.56
12543,AMZNATMIV.U,2021-05-24T00:00:00Z,21.56
12544,AMZNATMIV.U,2021-05-24T00:00:00Z,21.56
12545,AMZNATMIV.U,2021-05-29T00:00:00Z,21.56
12546,AMZNATMIV.U,2021-05-31T00:00:00Z,22.07
12547,AMZNATMIV.U,2021-05-31T00:00:00Z,22.07
12548,AMZNATMIV.U,2021-05-31T00:00:00Z,22.07
12549,AMZNATMIV.U,2021-06-03T00:00:00Z,21.55
12550,AMZNATMIV.U,2021-06-04T00:00:00Z,19.79
12551,AMZNATMIV.U,2021-06-05T00:00:00Z,19.79
12552,AMZNATMIV.U,2021-06-07T00:00:00Z,19.69
12553,AMZNATMIV.U,2021-06-08T00:00:00Z,20.78
12554,AMZNATMIV.U,2021-06-09T00:00:00Z,21.09
12555,AMZNATMIV.U,2021-06-10T00:00:00Z,20.39
12556,AMZNATMIV.U,2021-06-11T00:00:00Z,19.45
12557,AMZNATMIV.U,2021-06-12T00:00:00Z,19.45
12558,AMZNATMIV.U,2021-06-14T00:00:00Z,19.99
12559,AMZNATMIV.U,2021-06-15T00:00:00Z,19.63
12560,AMZNATMIV.U,2021-06-16T00:00:00Z,20.43
12561,AMZNATMIV.U,2021-06-17T00:00:00Z,20.73
12562,AMZNATMIV.U,2021-06-17T00:00:00Z,20.73
12563,AMZNATMIV.U,2021-06-19T00:00:00Z,20.73
12564,AMZNATMIV.U,2021-06-21T00:00:00Z,21.01
12565,AMZNATMIV.U,2021-06-22T00:00:00Z,20.72
12566,AMZNATMIV.U,2021-06-23T00:00:00Z,20.23
12567,AMZNATMIV.U,2021-06-23T00:00:00Z,20.23
12568,AMZNATMIV.U,2021-06-25T00:00:00Z,23.2
12569,AMZNATMIV.U,2021-06-26T00:00:00Z,23.2
12570,AMZNATMIV.U,2021-06-28T00:00:00Z,25.25
12571,AMZNATMIV.U,2021-06-29T00:00:00Z,26.27
12572,AMZNATMIV.U,2021-06-29T00:00:00Z,26.27
12573,AMZNATMIV.U,2021-06-29T00:00:00Z,26.27
12574,AMZNATMIV.U,2021-07-02T00:00:00Z,27.06
12575,AMZNATMIV.U,2021-07-03T00:00:00Z,27.06
12576,AMZNATMIV.U,2021-07-05T00:00:00Z,28.44
12577,AMZNATMIV.U,2021-07-06T00:00:00Z,31.65
12578,AMZNATMIV.U,2021-07-07T00:00:00Z,31.85
12579,AMZNATMIV.U,2021-07-08T00:00:00Z,31.67
12580,AMZNATMIV.U,2021-07-08T00:00:00Z,31.67
12581,AMZNATMIV.U,2021-07-10T00:00:00Z,31.67
12582,AMZNATMIV.U,2021-07-12T00:00:00Z,30.73
12583,AMZNATMIV.U,2021-07-13T00:00:00Z,30.71
12584,AMZNATMIV.U,2021-07-14T00:00:00Z,30.08
12585,AMZNATMIV.U,2021-07-15T00:00:00Z,29.1
12586,AMZNATMIV.U,2021-07-15T00:00:00Z,29.1
12587,AMZNATMIV.U,2021-07-17T00:00:00Z,29.1
12588,AMZNATMIV.U,2021-07-17T00:00:00Z,29.1
12589,AMZNATMIV.U,2021-07-20T00:00:00Z,29.21
12590,AMZNATMIV.U,2021-07-20T00:00:00Z,29.21
12591,AMZNATMIV.U,2021-07-22T00:00:00Z,28.1
12592,AMZNATMIV.U,2021-07-23T00:00:00Z,27.76
12593,AMZNATMIV.U,2021-07-24T00:00:00Z,27.76
12594,AMZNATMIV.U,2021-07-24T00:00:00Z,27.76
12595,AMZNATMIV.U,2021-07-24T00:00:00Z,27.76
12596,AMZNATMIV.U,2021-07-28T00:00:00Z,27.29
12597,AMZNATMIV.U,2021-07-29T00:00:00Z,26.11
12598,AMZNATMIV.U,2021-07-30T00:00:00Z,22.18
12599,AMZNATMIV.U,2021-07-31T00:00:00Z,22.18
12600,AMZNATMIV.U,2021-07-31T00:00:00Z,22.18
12601,AMZNATMIV.U,2021-08-03T00:00:00Z,21.72
12602,AMZNATMIV.U,2021-08-04T00:00:00Z,21.5
12603,AMZNATMIV.U,2021-08-04T00:00:00Z,21.5
12604,AMZNATMIV.U,2021-08-06T00:00:00Z,19.87
12605,AMZNATMIV.U,2021-08-07T00:00:00Z,19.87
12606,AMZNATMIV.U,2021-08-07T00:00:00Z,19.87
12607,AMZNATMIV.U,2021-08-10T00:00:00Z,19.14
12608,AMZNATMIV.U,2021-08-10T00:00:00Z,19.14
12609,AMZNATMIV.U,2021-08-12T00:00:00Z,19.47
12610,AMZNATMIV.U,2021-08-12T00:00:00Z,19.47
12611,AMZNATMIV.U,2021-08-14T00:00:00Z,19.47
12612,AMZNATMIV.U,2021-08-16T00:00:00Z,18.84
12613,AMZNATMIV.U,2021-08-16T00:00:00Z,18.84
12614,AMZNATMIV.U,2021-08-16T00:00:00Z,18.84
12615,AMZNATMIV.U,2021-08-19T00:00:00Z,22.97
12616,AMZNATMIV.U,2021-08-19T00:00:00Z,22.97
12617,AMZNATMIV.U,2021-08-21T00:00:00Z,22.97
12618,AMZNATMIV.U,2021-08-23T00:00:00Z,19.52
12619,AMZNATMIV.U,2021-08-23T00:00:00Z,19.52
12620,AMZNATMIV.U,2021-08-25T00:00:00Z,18.57
12621,AMZNATMIV.U,2021-08-25T00:00:00Z,18.57
12622,AMZNATMIV.U,2021-08-25T00:00:00Z,18.57
12623,AMZNATMIV.U,2021-08-28T00:00:00Z,18.57
12624,AMZNATMIV.U,2021-08-30T00:00:00Z,17.33
12625,AMZNATMIV.U,2021-08-30T00:00:00Z,17.33
12626,AMZNATMIV.U,2021-08-30T00:00:00Z,17.33
12627,AMZNATMIV.U,2021-09-02T00:00:00Z,18.96
12628,AMZNATMIV.U,2021-09-03T00:00:00Z,18.45
12629,AMZNATMIV.U,2021-09-04T00:00:00Z,18.45
12630,AMZNATMIV.U,2021-09-05T00:00:00Z,18.45
12631,AMZNATMIV.U,2021-09-06T00:00:00Z,19.51
12632,AMZNATMIV.U,2021-09-06T00:00:00Z,19.51
12633,AMZNATMIV.U,2021-09-06T00:00:00Z,19.51
12634,AMZNATMIV.U,2021-09-09T00:00:00Z,20.28
12635,AMZNATMIV.U,2021-09-09T00:00:00Z,20.28
12636,AMZNATMIV.U,2021-09-11T00:00:00Z,20.28
12637,AMZNATMIV.U,2021-09-11T00:00:00Z,20.28
12638,AMZNATMIV.U,2021-09-11T00:00:00Z,20.28
12639,AMZNATMIV.U,2021-09-11T00:00:00Z,20.28
12640,AMZNATMIV.U,2021-09-11T00:00:00Z,20.28
12641,AMZNATMIV.U,2021-09-11T00:00:00Z,20.28
12642,AMZNATMIV.U,2021-09-18T00:00:00Z,20.34
12643,AMZNATMIV.U,2021-09-18T00:00:00Z,20.34
12644,AMZNATMIV.U,2021-09-18T00:00:00Z,20.34
12645,AMZNATMIV.U,2021-09-18T00:00:00Z,20.34
12646,AMZNATMIV.U,2021-09-18T00:00:00Z,20.34
12647,AMZNATMIV.U,2021-09-24T00:00:00Z,22.47
12648,AMZNATMIV.U,2021-09-25T00:00:00Z,22.47
12649,AMZNATMIV.U,2021-09-27T00:00:00Z,21.86
12650,AMZNATMIV.U,2021-09-27T00:00:00Z,21.86
12651,AMZNATMIV.U,2021-09-29T00:00:00Z,30.15
12652,AMZNATMIV.U,2021-09-30T00:00:00Z,30.23
12653,AMZNATMIV.U,2021-09-30T00:00:00Z,30.23
12654,AMZNATMIV.U,2021-10-02T00:00:00Z,30.23
12655,AMZNATMIV.U,2021-10-02T00:00:00Z,30.23
12656,AMZNATMIV.U,2021-10-05T00:00:00Z,31.21
12657,AMZNATMIV.U,2021-10-05T00:00:00Z,31.21
12658,AMZNATMIV.U,2021-10-07T00:00:00Z,28.53
12659,AMZNATMIV.U,2021-10-08T00:00:00Z,28.56
12660,AMZNATMIV.U,2021-10-09T00:00:00Z,28.56
12661,AMZNATMIV.U,2021-10-10T00:00:00Z,28.56
12662,AMZNATMIV.U,2021-10-11T00:00:00Z,29.49
12663,AMZNATMIV.U,2021-10-12T00:00:00Z,28.72
12664,AMZNATMIV.U,2021-10-13T00:00:00Z,26.59
12665,AMZNATMIV.U,2021-10-14T00:00:00Z,24.86
12666,AMZNATMIV.U,2021-10-14T00:00:00Z,24.86
12667,AMZNATMIV.U,2021-10-16T00:00:00Z,24.86
12668,AMZNATMIV.U,2021-10-18T00:00:00Z,24.99
12669,AMZNATMIV.U,2021-10-18T00:00:00Z,24.99
12670,AMZNATMIV.U,2021-10-18T00:00:00Z,24.99
12671,AMZNATMIV.U,2021-10-18T00:00:00Z,24.99
12672,AMZNATMIV.U,2021-10-22T00:00:00Z,24.07
12673,AMZNATMIV.U,2021-10-23T00:00:00Z,24.07
12674,AMZNATMIV.U,2021-10-25T00:00:00Z,26.23
12675,AMZNATMIV.U,2021-10-26T00:00:00Z,25.64
12676,AMZNATMIV.U,2021-10-26T00:00:00Z,25.64
12677,AMZNATMIV.U,2021-10-26T00:00:00Z,25.64
12678,AMZNATMIV.U,2021-10-29T00:00:00Z,27.76
12679,AMZNATMIV.U,2021-10-30T00:00:00Z,27.76
12680,AMZNATMIV.U,2021-10-30T00:00:00Z,27.76
12681,AMZNATMIV.U,2021-10-30T00:00:00Z,27.76
12682,AMZNATMIV.U,2021-10-30T00:00:00Z,27.76
12683,AMZNATMIV.U,2021-10-30T00:00:00Z,27.76
12684,AMZNATMIV.U,2021-10-30T00:00:00Z,27.76
12685,AMZNATMIV.U,2021-10-30T00:00:00Z,27.76
12686,AMZNATMIV.U,2021-11-09T00:00:00Z,25.43
12687,AMZNATMIV.U,2021-11-09T00:00:00Z,25.43
12688,AMZNATMIV.U,2021-11-11T00:00:00Z,24.55
12689,AMZNATMIV.U,2021-11-12T00:00:00Z,25.0
12690,AMZNATMIV.U,2021-11-12T00:00:00Z,25.0
12691,AMZNATMIV.U,2021-11-12T00:00:00Z,25.0
12692,AMZNATMIV.U,2021-11-12T00:00:00Z,25.0
12693,AMZNATMIV.U,2021-11-18T00:00:00Z,27.09
12694,AMZNATMIV.U,2021-11-19T00:00:00Z,26.54
12695,AMZNATMIV.U,2021-11-19T00:00:00Z,26.54
12696,AMZNATMIV.U,2021-11-23T00:00:00Z,28.56
12697,AMZNATMIV.U,2021-11-23T00:00:00Z,28.56
12698,AMZNATMIV.U,2021-11-23T00:00:00Z,28.56
12699,AMZNATMIV.U,2021-11-26T00:00:00Z,30.94
12700,AMZNATMIV.U,2021-11-29T00:00:00Z,26.93
12701,AMZNATMIV.U,2021-11-30T00:00:00Z,29.33
12702,AMZNATMIV.U,2021-11-30T00:00:00Z,29.33
12703,AMZNATMIV.U,2021-12-02T00:00:00Z,29.74
12704,AMZNATMIV.U,2021-12-02T00:00:00Z,29.74
12705,AMZNATMIV.U,2021-12-06T00:00:00Z,30.78
12706,AMZNATMIV.U,2021-12-07T00:00:00Z,26.46
12707,AMZNATMIV.U,2021-12-07T00:00:00Z,26.46
12708,AMZNATMIV.U,2021-12-07T00:00:00Z,26.46
12709,AMZNATMIV.U,2021-12-10T00:00:00Z,25.13
12710,AMZNATMIV.U,2021-12-10T00:00:00Z,25.13
12711,AMZNATMIV.U,2021-12-14T00:00:00Z,27.49
12712,AMZNATMIV.U,2021-12-15T00:00:00Z,27.11
12713,AMZNATMIV.U,2021-12-15T00:00:00Z,27.11
12714,AMZNATMIV.U,2021-12-15T00:00:00Z,27.11
12715,AMZNATMIV.U,2021-12-20T00:00:00Z,30.3
12716,AMZNATMIV.U,2021-12-21T00:00:00Z,26.45
12717,AMZNATMIV.U,2021-12-21T00:00:00Z,26.45
12718,AMZNATMIV.U,2021-12-23T00:00:00Z,25.27
12719,AMZNATMIV.U,2021-12-23T00:00:00Z,25.27
12720,AMZNATMIV.U,2021-12-23T00:00:00Z,25.27
12721,AMZNATMIV.U,2021-12-28T00:00:00Z,26.32
12722,AMZNATMIV.U,2021-12-29T00:00:00Z,25.91
12723,AMZNATMIV.U,2021-12-29T00:00:00Z,25.91
12724,AMZNATMIV.U,2021-12-31T00:00:00Z,27.49
12725,AMZNATMIV.U,2022-01-03T00:00:00Z,28.1
12726,AMZNATMIV.U,2022-01-03T00:00:00Z,28.1
12727,AMZNATMIV.U,2022-01-05T00:00:00Z,31.3
12728,AMZNATMIV.U,2022-01-05T00:00:00Z,31.3
12729,AMZNATMIV.U,2022-01-05T00:00:00Z,31.3
12730,AMZNATMIV.U,2022-01-05T00:00:00Z,31.3
12731,AMZNATMIV.U,2022-01-05T00:00:00Z,31.3
12732,AMZNATMIV.U,2022-01-05T00:00:00Z,31.3
12733,AMZNATMIV.U,2022-01-05T00:00:00Z,31.3
12734,AMZNATMIV.U,2022-01-05T00:00:00Z,31.3
12735,AMZNATMIV.U,2022-01-05T00:00:00Z,31.3
12736,AMZNATMIV.U,2022-01-05T00:00:00Z,31.3
12737,AMZNATMIV.U,2022-01-05T00:00:00Z,31.3
12738,AMZNATMIV.U,2022-01-05T00:00:00Z,31.3
12739,AMZNATMIV.U,2022-01-05T00:00:00Z,31.3
12740,AMZNATMIV.U,2022-01-24T00:00:00Z,43.62
12741,AMZNATMIV.U,2022-01-24T00:00:00Z,43.62
12742,AMZNATMIV.U,2022-01-26T00:00:00Z,43.09
12743,AMZNATMIV.U,2022-01-27T00:00:00Z,41.83
12744,AMZNATMIV.U,2022-01-27T00:00:00Z,41.83
12745,AMZNATMIV.U,2022-01-31T00:00:00Z,34.71
12746,AMZNATMIV.U,2022-01-31T00:00:00Z,34.71
12747,AMZNATMIV.U,2022-01-31T00:00:00Z,34.71
12748,AMZNATMIV.U,2022-02-03T00:00:00Z,52.16
12749,AMZNATMIV.U,2022-02-03T00:00:00Z,52.16
12750,AMZNATMIV.U,2022-02-03T00:00:00Z,52.16
12751,AMZNATMIV.U,2022-02-08T00:00:00Z,28.89
12752,AMZNATMIV.U,2022-02-08T00:00:00Z,28.89
12753,AMZNATMIV.U,2022-02-10T00:00:00Z,29.63
12754,AMZNATMIV.U,2022-02-11T00:00:00Z,33.04
12755,AMZNATMIV.U,2022-02-14T00:00:00Z,32.94
12756,AMZNATMIV.U,2022-02-14T00:00:00Z,32.94
12757,AMZNATMIV.U,2022-02-14T00:00:00Z,32.94
12758,AMZNATMIV.U,2022-02-14T00:00:00Z,32.94
12759,AMZNATMIV.U,2022-02-14T00:00:00Z,32.94
12760,AMZNATMIV.U,2022-02-14T00:00:00Z,32.94
12761,AMZNATMIV.U,2022-02-22T00:00:00Z,35.04
12762,AMZNATMIV.U,2022-02-22T00:00:00Z,35.04
12763,AMZNATMIV.U,2022-02-24T00:00:00Z,33.75
12764,AMZNATMIV.U,2022-02-25T00:00:00Z,31.32
12765,AMZNATMIV.U,2022-02-28T00:00:00Z,32.67
12766,AMZNATMIV.U,2022-03-01T00:00:00Z,36.4
12767,AMZNATMIV.U,2022-03-01T00:00:00Z,36.4
12768,AMZNATMIV.U,2022-03-01T00:00:00Z,36.4
12769,AMZNATMIV.U,2022-03-01T00:00:00Z,36.4
12770,AMZNATMIV.U,2022-03-07T00:00:00Z,42.83
12771,AMZNATMIV.U,2022-03-08T00:00:00Z,41.52
12772,AMZNATMIV.U,2022-03-08T00:00:00Z,41.52
12773,AMZNATMIV.U,2022-03-10T00:00:00Z,36.05
12774,AMZNATMIV.U,2022-03-10T00:00:00Z,36.05
12775,AMZNATMIV.U,2022-03-10T00:00:00Z,36.05
12776,AMZNATMIV.U,2022-03-10T00:00:00Z,36.05
12777,AMZNATMIV.U,2022-03-16T00:00:00Z,32.24
12778,AMZNATMIV.U,2022-03-17T00:00:00Z,30.77
12779,AMZNATMIV.U,2022-03-18T00:00:00Z,28.19
12780,AMZNATMIV.U,2022-03-21T00:00:00Z,29.39
12781,AMZNATMIV.U,2022-03-22T00:00:00Z,28.52
12782,AMZNATMIV.U,2022-03-23T00:00:00Z,30.07
12783,AMZNATMIV.U,2022-03-24T00:00:00Z,31.04
12784,AMZNATMIV.U,2022-03-25T00:00:00Z,30.6
12785,AMZNATMIV.U,2022-03-28T00:00:00Z,32.54
12786,AMZNATMIV.U,2022-03-29T00:00:00Z,30.85
12787,AMZNATMIV.U,2022-03-30T00:00:00Z,32.45
12788,AMZNATMIV.U,2022-03-31T00:00:00Z,34.19
12789,AMZNATMIV.U,2022-04-01T00:00:00Z,34.22
12790,AMZNATMIV.U,2022-04-04T00:00:00Z,33.59
12791,AMZNATMIV.U,2022-04-05T00:00:00Z,35.21
12792,AMZNATMIV.U,2022-04-06T00:00:00Z,37.51
12793,AMZNATMIV.U,2022-04-07T00:00:00Z,37.84
12794,AMZNATMIV.U,2022-04-08T00:00:00Z,38.57
12795,AMZNATMIV.U,2022-04-11T00:00:00Z,40.76
12796,AMZNATMIV.U,2022-04-12T00:00:00Z,40.67
12797,AMZNATMIV.U,2022-04-13T00:00:00Z,37.2
12798,AMZNATMIV.U,2022-04-14T00:00:00Z,37.21
12799,AMZNATMIV.U,2022-04-14T00:00:00Z,37.21
12800,AMZNATMIV.U,2022-04-18T00:00:00Z,37.98
12801,AMZNATMIV.U,2022-04-19T00:00:00Z,37.74
12802,AMZNATMIV.U,2022-04-20T00:00:00Z,39.49
12803,AMZNATMIV.U,2022-04-21T00:00:00Z,41.99
12804,AMZNATMIV.U,2022-04-22T00:00:00Z,44.55
12805,AMZNATMIV.U,2022-04-25T00:00:00Z,44.72
12806,AMZNATMIV.U,2022-04-26T00:00:00Z,49.78
12807,AMZNATMIV.U,2022-04-27T00:00:00Z,48.62
12808,AMZNATMIV.U,2022-04-28T00:00:00Z,45.04
12809,AMZNATMIV.U,2022-04-29T00:00:00Z,43.45
12810,AMZNATMIV.U,2022-05-02T00:00:00Z,42.61
12811,AMZNATMIV.U,2022-05-03T00:00:00Z,41.05
12812,AMZNATMIV.U,2022-05-04T00:00:00Z,38.26
12813,AMZNATMIV.U,2022-05-05T00:00:00Z,46.29
12814,AMZNATMIV.U,2022-05-06T00:00:00Z,45.94
12815,AMZNATMIV.U,2022-05-09T00:00:00Z,53.38
12816,AMZNATMIV.U,2022-05-10T00:00:00Z,51.51
12817,AMZNATMIV.U,2022-05-11T00:00:00Z,52.92
12818,AMZNATMIV.U,2022-05-12T00:00:00Z,53.26
12819,AMZNATMIV.U,2022-05-13T00:00:00Z,47.85
12820,AMZNATMIV.U,2022-05-16T00:00:00Z,48.68
12821,AMZNATMIV.U,2022-05-17T00:00:00Z,44.59
12822,AMZNATMIV.U,2022-05-18T00:00:00Z,52.14
12823,AMZNATMIV.U,2022-05-19T00:00:00Z,48.74
12824,AMZNATMIV.U,2022-05-20T00:00:00Z,48.61
12825,AMZNATMIV.U,2022-05-23T00:00:00Z,49.81
12826,AMZNATMIV.U,2022-05-24T00:00:00Z,51.93
12827,AMZNATMIV.U,2022-05-25T00:00:00Z,48.81
12828,AMZNATMIV.U,2022-05-26T00:00:00Z,45.56
12829,AMZNATMIV.U,2022-05-27T00:00:00Z,42.01
12830,AMZNATMIV.U,2022-05-27T00:00:00Z,42.01
12831,AMZNATMIV.U,2022-05-31T00:00:00Z,45.31
12832,AMZNATMIV.U,2022-06-01T00:00:00Z,46.41
12833,AMZNATMIV.U,2022-06-02T00:00:00Z,43.45
12834,AMZNATMIV.U,2022-06-03T00:00:00Z,43.94
12835,AMZNATMIV.U,2022-06-06T00:00:00Z,42.49
12836,AMZNATMIV.U,2022-06-07T00:00:00Z,39.32
12837,AMZNATMIV.U,2022-06-08T00:00:00Z,38.39
12838,AMZNATMIV.U,2022-06-09T00:00:00Z,39.19
12839,AMZNATMIV.U,2022-06-10T00:00:00Z,42.0
12840,AMZNATMIV.U,2022-06-13T00:00:00Z,51.67
12841,AMZNATMIV.U,2022-06-14T00:00:00Z,48.87
12842,AMZNATMIV.U,2022-06-15T00:00:00Z,44.71
12843,AMZNATMIV.U,2022-06-16T00:00:00Z,49.43
12844,AMZNATMIV.U,2022-06-17T00:00:00Z,45.72
12845,AMZNATMIV.U,2022-06-17T00:00:00Z,45.72
12846,AMZNATMIV.U,2022-06-21T00:00:00Z,44.32
12847,AMZNATMIV.U,2022-06-22T00:00:00Z,45.11
12848,AMZNATMIV.U,2022-06-23T00:00:00Z,47.57
12849,AMZNATMIV.U,2022-06-24T00:00:00Z,44.66
12850,AMZNATMIV.U,2022-06-27T00:00:00Z,47.51
12851,AMZNATMIV.U,2022-06-28T00:00:00Z,52.11
12852,AMZNATMIV.U,2022-06-29T00:00:00Z,52.74
12853,AMZNATMIV.U,2022-06-30T00:00:00Z,53.92
12854,AMZNATMIV.U,2022-07-01T00:00:00Z,51.27
12855,AMZNATMIV.U,2022-07-01T00:00:00Z,51.27
12856,AMZNATMIV.U,2022-07-05T00:00:00Z,52.84
12857,AMZNATMIV.U,2022-07-06T00:00:00Z,51.99
12858,AMZNATMIV.U,2022-07-07T00:00:00Z,48.93
12859,AMZNATMIV.U,2022-07-08T00:00:00Z,47.51
12860,AMZNATMIV.U,2022-07-11T00:00:00Z,50.84
12861,AMZNATMIV.U,2022-07-12T00:00:00Z,51.59
12862,AMZNATMIV.U,2022-07-13T00:00:00Z,51.53
12863,AMZNATMIV.U,2022-07-14T00:00:00Z,49.62
12864,AMZNATMIV.U,2022-07-15T00:00:00Z,46.23
12865,AMZNATMIV.U,2022-07-18T00:00:00Z,48.85
12866,AMZNATMIV.U,2022-07-19T00:00:00Z,46.56
12867,AMZNATMIV.U,2022-07-20T00:00:00Z,44.5
12868,AMZNATMIV.U,2022-07-21T00:00:00Z,42.95
12869,AMZNATMIV.U,2022-07-22T00:00:00Z,44.19
12870,AMZNATMIV.U,2022-07-25T00:00:00Z,45.81
12871,AMZNATMIV.U,2022-07-26T00:00:00Z,50.1
12872,AMZNATMIV.U,2022-07-27T00:00:00Z,44.5
12873,AMZNATMIV.U,2022-07-28T00:00:00Z,44.61
12874,AMZNATMIV.U,2022-07-29T00:00:00Z,34.01
12875,AMZNATMIV.U,2022-08-01T00:00:00Z,35.1
12876,AMZNATMIV.U,2022-08-02T00:00:00Z,36.73
12877,AMZNATMIV.U,2022-08-03T00:00:00Z,34.69
12878,AMZNATMIV.U,2022-08-04T00:00:00Z,34.46
12879,AMZNATMIV.U,2022-08-05T00:00:00Z,33.21
12880,AMZNATMIV.U,2022-08-08T00:00:00Z,34.22
12881,AMZNATMIV.U,2022-08-09T00:00:00Z,35.21
12882,AMZNATMIV.U,2022-08-10T00:00:00Z,32.31
12883,AMZNATMIV.U,2022-08-11T00:00:00Z,32.72
12884,AMZNATMIV.U,2022-08-12T00:00:00Z,31.21
12885,AMZNATMIV.U,2022-08-15T00:00:00Z,31.59
12886,AMZNATMIV.U,2022-08-16T00:00:00Z,31.7
12887,AMZNATMIV.U,2022-08-17T00:00:00Z,32.52
12888,AMZNATMIV.U,2022-08-18T00:00:00Z,31.77
12889,AMZNATMIV.U,2022-08-19T00:00:00Z,33.13
12890,AMZNATMIV.U,2022-08-22T00:00:00Z,37.25
12891,AMZNATMIV.U,2022-08-23T00:00:00Z,37.53
12892,AMZNATMIV.U,2022-08-24T00:00:00Z,36.82
12893,AMZNATMIV.U,2022-08-25T00:00:00Z,34.66
12894,AMZNATMIV.U,2022-08-26T00:00:00Z,38.86
12895,AMZNATMIV.U,2022-08-29T00:00:00Z,39.56
12896,AMZNATMIV.U,2022-08-30T00:00:00Z,39.7
12897,AMZNATMIV.U,2022-08-31T00:00:00Z,40.08
12898,AMZNATMIV.U,2022-09-01T00:00:00Z,39.47
12899,AMZNATMIV.U,2022-09-02T00:00:00Z,39.58
12900,AMZNATMIV.U,2022-09-02T00:00:00Z,39.58
12901,AMZNATMIV.U,2022-09-06T00:00:00Z,41.42
12902,AMZNATMIV.U,2022-09-07T00:00:00Z,38.46
12903,AMZNATMIV.U,2022-09-08T00:00:00Z,37.79
12904,AMZNATMIV.U,2022-09-09T00:00:00Z,34.61
12905,AMZNATMIV.U,2022-09-12T00:00:00Z,35.71
12906,AMZNATMIV.U,2022-09-13T00:00:00Z,41.17
12907,AMZNATMIV.U,2022-09-14T00:00:00Z,39.89
12908,AMZNATMIV.U,2022-09-15T00:00:00Z,39.42
12909,AMZNATMIV.U,2022-09-16T00:00:00Z,41.53
12910,AMZNATMIV.U,2022-09-19T00:00:00Z,40.12
12911,AMZNATMIV.U,2022-09-20T00:00:00Z,41.92
12912,AMZNATMIV.U,2022-09-21T00:00:00Z,42.85
12913,AMZNATMIV.U,2022-09-22T00:00:00Z,44.79
12914,AMZNATMIV.U,2022-09-23T00:00:00Z,46.43
12915,AMZNATMIV.U,2022-09-26T00:00:00Z,50.61
12916,AMZNATMIV.U,2022-09-27T00:00:00Z,52.29
12917,AMZNATMIV.U,2022-09-28T00:00:00Z,50.61
12918,AMZNATMIV.U,2022-09-29T00:00:00Z,52.7
12919,AMZNATMIV.U,2022-09-30T00:00:00Z,52.66
12920,AMZNATMIV.U,2022-10-03T00:00:00Z,50.75
12921,AMZNATMIV.U,2022-10-04T00:00:00Z,48.28
12922,AMZNATMIV.U,2022-10-05T00:00:00Z,49.26
12923,AMZNATMIV.U,2022-10-06T00:00:00Z,50.19
12924,AMZNATMIV.U,2022-10-07T00:00:00Z,52.62
12925,AMZNATMIV.U,2022-10-10T00:00:00Z,54.52
12926,AMZNATMIV.U,2022-10-11T00:00:00Z,55.58
12927,AMZNATMIV.U,2022-10-12T00:00:00Z,54.95
12928,AMZNATMIV.U,2022-10-13T00:00:00Z,54.06
12929,AMZNATMIV.U,2022-10-14T00:00:00Z,56.31
12930,AMZNATMIV.U,2022-10-17T00:00:00Z,53.05
12931,AMZNATMIV.U,2022-10-18T00:00:00Z,52.04
12932,AMZNATMIV.U,2022-10-19T00:00:00Z,53.01
12933,AMZNATMIV.U,2022-10-20T00:00:00Z,51.16
12934,AMZNATMIV.U,2022-10-21T00:00:00Z,49.67
12935,AMZNATMIV.U,2022-10-24T00:00:00Z,50.74
12936,AMZNATMIV.U,2022-10-25T00:00:00Z,49.48
12937,AMZNATMIV.U,2022-10-26T00:00:00Z,51.01
12938,AMZNATMIV.U,2022-10-27T00:00:00Z,59.3
12939,AMZNATMIV.U,2022-10-28T00:00:00Z,40.69
12940,AMZNATMIV.U,2022-10-31T00:00:00Z,40.76
12941,AMZNATMIV.U,2022-11-01T00:00:00Z,42.67
12942,AMZNATMIV.U,2022-11-02T00:00:00Z,43.09
12943,AMZNATMIV.U,2022-11-03T00:00:00Z,44.06
12944,AMZNATMIV.U,2022-11-04T00:00:00Z,42.17
12945,AMZNATMIV.U,2022-11-07T00:00:00Z,42.83
12946,AMZNATMIV.U,2022-11-08T00:00:00Z,43.79
12947,AMZNATMIV.U,2022-11-09T00:00:00Z,45.84
12948,AMZNATMIV.U,2022-11-10T00:00:00Z,42.51
12949,AMZNATMIV.U,2022-11-11T00:00:00Z,40.64
12950,AMZNATMIV.U,2022-11-14T00:00:00Z,43.75
12951,AMZNATMIV.U,2022-11-15T00:00:00Z,44.04
12952,AMZNATMIV.U,2022-11-16T00:00:00Z,44.75
12953,AMZNATMIV.U,2022-11-17T00:00:00Z,44.0
12954,AMZNATMIV.U,2022-11-18T00:00:00Z,42.77
12955,AMZNATMIV.U,2022-11-21T00:00:00Z,42.64
12956,AMZNATMIV.U,2022-11-22T00:00:00Z,41.2
12957,AMZNATMIV.U,2022-11-23T00:00:00Z,39.4
12958,AMZNATMIV.U,2022-11-23T00:00:00Z,39.4
12959,AMZNATMIV.U,2022-11-25T00:00:00Z,40.42
12960,AMZNATMIV.U,2022-11-28T00:00:00Z,42.16
12961,AMZNATMIV.U,2022-11-29T00:00:00Z,41.97
12962,AMZNATMIV.U,2022-11-30T00:00:00Z,38.22
12963,AMZNATMIV.U,2022-12-01T00:00:00Z,38.54
12964,AMZNATMIV.U,2022-12-02T00:00:00Z,37.14
12965,AMZNATMIV.U,2022-12-05T00:00:00Z,39.55
12966,AMZNATMIV.U,2022-12-06T00:00:00Z,41.59
12967,AMZNATMIV.U,2022-12-07T00:00:00Z,42.48
12968,AMZNATMIV.U,2022-12-08T00:00:00Z,41.09
12969,AMZNATMIV.U,2022-12-09T00:00:00Z,41.87
12970,AMZNATMIV.U,2022-12-12T00:00:00Z,43.68
12971,AMZNATMIV.U,2022-12-13T00:00:00Z,40.56
12972,AMZNATMIV.U,2022-12-14T00:00:00Z,39.18
12973,AMZNATMIV.U,2022-12-15T00:00:00Z,40.36
12974,AMZNATMIV.U,2022-12-16T00:00:00Z,39.71
12975,AMZNATMIV.U,2022-12-19T00:00:00Z,41.56
12976,AMZNATMIV.U,2022-12-20T00:00:00Z,40.63
12977,AMZNATMIV.U,2022-12-21T00:00:00Z,38.54
12978,AMZNATMIV.U,2022-12-22T00:00:00Z,41.52
12979,AMZNATMIV.U,2022-12-23T00:00:00Z,40.41
12980,AMZNATMIV.U,2022-12-23T00:00:00Z,40.41
12981,AMZNATMIV.U,2022-12-27T00:00:00Z,43.59
12982,AMZNATMIV.U,2022-12-28T00:00:00Z,44.42
12983,AMZNATMIV.U,2022-12-29T00:00:00Z,46.84
12984,AMZNATMIV.U,2022-12-30T00:00:00Z,47.03
12985,AMZNATMIV.U,2022-12-30T00:00:00Z,47.03
12986,AMZNATMIV.U,2023-01-03T00:00:00Z,52.34
12987,AMZNATMIV.U,2023-01-04T00:00:00Z,52.99
12988,AMZNATMIV.U,2023-01-05T00:00:00Z,53.34
12989,AMZNATMIV.U,2023-01-06T00:00:00Z,51.63
12990,AMZNATMIV.U,2023-01-09T00:00:00Z,52.71
12991,AMZNATMIV.U,2023-01-10T00:00:00Z,51.98
12992,AMZNATMIV.U,2023-01-11T00:00:00Z,53.15
12993,AMZNATMIV.U,2023-01-12T00:00:00Z,49.87
12994,AMZNATMIV.U,2023-01-13T00:00:00Z,48.56
12995,AMZNATMIV.U,2023-01-13T00:00:00Z,48.56
12996,AMZNATMIV.U,2023-01-17T00:00:00Z,49.43
12997,AMZNATMIV.U,2023-01-18T00:00:00Z,48.92
12998,AMZNATMIV.U,2023-01-19T00:00:00Z,48.39
12999,AMZNATMIV.U,2023-01-20T00:00:00Z,45.92
13000,AMZNATMIV.U,2023-01-23T00:00:00Z,47.73
13001,AMZNATMIV.U,2023-01-24T00:00:00Z,48.2
13002,AMZNATMIV.U,2023-01-25T00:00:00Z,48.5
13003,AMZNATMIV.U,2023-01-26T00:00:00Z,45.39
13004,AMZNATMIV.U,2023-01-27T00:00:00Z,46.45
13005,AMZNATMIV.U,2023-01-30T00:00:00Z,49.07
13006,AMZNATMIV.U,2023-01-31T00:00:00Z,48.1
13007,AMZNATMIV.U,2023-02-01T00:00:00Z,46.07
13008,AMZNATMIV.U,2023-02-02T00:00:00Z,50.96
13009,AMZNATMIV.U,2023-02-03T00:00:00Z,35.34
13010,AMZNATMIV.U,2023-02-06T00:00:00Z,36.36
13011,AMZNATMIV.U,2023-02-07T00:00:00Z,36.34
13012,AMZNATMIV.U,2023-02-08T00:00:00Z,38.23
13013,AMZNATMIV.U,2023-02-09T00:00:00Z,39.99
13014,AMZNATMIV.U,2023-02-10T00:00:00Z,38.28
13015,AMZNATMIV.U,2023-02-13T00:00:00Z,38.23
13016,AMZNATMIV.U,2023-02-14T00:00:00Z,35.74
13017,AMZNATMIV.U,2023-02-15T00:00:00Z,34.15
13018,AMZNATMIV.U,2023-02-16T00:00:00Z,37.02
13019,AMZNATMIV.U,2023-02-17T00:00:00Z,36.76
13020,AMZNATMIV.U,2023-02-17T00:00:00Z,36.76
13021,AMZNATMIV.U,2023-02-21T00:00:00Z,39.32
13022,AMZNATMIV.U,2023-02-22T00:00:00Z,38.36
13023,AMZNATMIV.U,2023-02-23T00:00:00Z,36.93
13024,AMZNATMIV.U,2023-02-24T00:00:00Z,38.0
13025,AMZNATMIV.U,2023-02-27T00:00:00Z,37.81
13026,AMZNATMIV.U,2023-02-28T00:00:00Z,36.24
13027,AMZNATMIV.U,2023-03-01T00:00:00Z,37.69
13028,AMZNATMIV.U,2023-03-02T00:00:00Z,36.14
13029,AMZNATMIV.U,2023-03-03T00:00:00Z,33.85
13030,AMZNATMIV.U,2023-03-06T00:00:00Z,34.68
13031,AMZNATMIV.U,2023-03-07T00:00:00Z,34.37
13032,AMZNATMIV.U,2023-03-08T00:00:00Z,33.59
13033,AMZNATMIV.U,2023-03-09T00:00:00Z,37.12
13034,AMZNATMIV.U,2023-03-10T00:00:00Z,38.35
13035,AMZNATMIV.U,2023-03-13T00:00:00Z,40.52
13036,AMZNATMIV.U,2023-03-14T00:00:00Z,36.44
13037,AMZNATMIV.U,2023-03-15T00:00:00Z,40.61
13038,AMZNATMIV.U,2023-03-16T00:00:00Z,34.49
13039,AMZNATMIV.U,2023-03-17T00:00:00Z,36.89
13040,AMZNATMIV.U,2023-03-20T00:00:00Z,36.97
13041,AMZNATMIV.U,2023-03-21T00:00:00Z,34.16
13042,AMZNATMIV.U,2023-03-22T00:00:00Z,35.53
13043,AMZNATMIV.U,2023-03-23T00:00:00Z,41.39
13044,AMZNATMIV.U,2023-03-24T00:00:00Z,39.97
13045,AMZNATMIV.U,2023-03-27T00:00:00Z,42.32
13046,AMZNATMIV.U,2023-03-28T00:00:00Z,42.47
13047,AMZNATMIV.U,2023-03-29T00:00:00Z,43.0
13048,AMZNATMIV.U,2023-03-30T00:00:00Z,43.03
13049,AMZNATMIV.U,2023-03-31T00:00:00Z,41.82
13050,AMZNATMIV.U,2023-04-03T00:00:00Z,42.78
13051,AMZNATMIV.U,2023-04-04T00:00:00Z,43.63
13052,AMZNATMIV.U,2023-04-05T00:00:00Z,44.69
13053,AMZNATMIV.U,2023-04-06T00:00:00Z,42.72
13054,AMZNATMIV.U,2023-04-06T00:00:00Z,42.72
13055,AMZNATMIV.U,2023-04-10T00:00:00Z,44.41
13056,AMZNATMIV.U,2023-04-11T00:00:00Z,44.66
13057,AMZNATMIV.U,2023-04-12T00:00:00Z,43.27
13058,AMZNATMIV.U,2023-04-13T00:00:00Z,40.97
13059,AMZNATMIV.U,2023-04-13T00:00:00Z,40.97
13060,AMZNATMIV.U,2023-04-17T00:00:00Z,40.55
13061,AMZNATMIV.U,2023-04-18T00:00:00Z,39.56
13062,AMZNATMIV.U,2023-04-19T00:00:00Z,39.42
13063,AMZNATMIV.U,2023-04-20T00:00:00Z,39.81
13064,AMZNATMIV.U,2023-04-21T00:00:00Z,39.17
13065,AMZNATMIV.U,2023-04-24T00:00:00Z,38.42
13066,AMZNATMIV.U,2023-04-25T00:00:00Z,43.58
13067,AMZNATMIV.U,2023-04-26T00:00:00Z,43.38
13068,AMZNATMIV.U,2023-04-27T00:00:00Z,45.16
13069,AMZNATMIV.U,2023-04-28T00:00:00Z,29.4
13070,AMZNATMIV.U,2023-05-01T00:00:00Z,29.88
13071,AMZNATMIV.U,2023-05-02T00:00:00Z,30.63
13072,AMZNATMIV.U,2023-05-03T00:00:00Z,32.19
13073,AMZNATMIV.U,2023-05-04T00:00:00Z,32.6
13074,AMZNATMIV.U,2023-05-05T00:00:00Z,28.63
13075,AMZNATMIV.U,2023-05-05T00:00:00Z,28.63
13076,AMZNATMIV.U,2023-05-09T00:00:00Z,29.01
13077,AMZNATMIV.U,2023-05-10T00:00:00Z,28.39
13078,AMZNATMIV.U,2023-05-10T00:00:00Z,28.39
13079,AMZNATMIV.U,2023-05-12T00:00:00Z,27.62
13080,AMZNATMIV.U,2023-05-15T00:00:00Z,28.24
13081,AMZNATMIV.U,2023-05-16T00:00:00Z,28.06
13082,AMZNATMIV.U,2023-05-17T00:00:00Z,27.07
13083,AMZNATMIV.U,2023-05-18T00:00:00Z,27.49
13084,AMZNATMIV.U,2023-05-19T00:00:00Z,27.3
13085,AMZNATMIV.U,2023-05-22T00:00:00Z,27.81
13086,AMZNATMIV.U,2023-05-23T00:00:00Z,29.38
13087,AMZNATMIV.U,2023-05-23T00:00:00Z,29.38
13088,AMZNATMIV.U,2023-05-23T00:00:00Z,29.38
13089,AMZNATMIV.U,2023-05-23T00:00:00Z,29.38
13090,AMZNATMIV.U,2023-05-23T00:00:00Z,29.38
13091,AMZNATMIV.U,2023-05-23T00:00:00Z,29.38
13092,AMZNATMIV.U,2023-05-31T00:00:00Z,30.52
13093,AMZNATMIV.U,2023-06-01T00:00:00Z,28.65
13094,AMZNATMIV.U,2023-06-01T00:00:00Z,28.65
13095,AMZNATMIV.U,2023-06-05T00:00:00Z,27.14
13096,AMZNATMIV.U,2023-06-06T00:00:00Z,26.45
13097,AMZNATMIV.U,2023-06-07T00:00:00Z,28.67
13098,AMZNATMIV.U,2023-06-08T00:00:00Z,27.36
13099,AMZNATMIV.U,2023-06-09T00:00:00Z,27.77
13100,AMZNATMIV.U,2023-06-12T00:00:00Z,28.88
13101,AMZNATMIV.U,2023-06-13T00:00:00Z,28.15
13102,AMZNATMIV.U,2023-06-14T00:00:00Z,27.95
13103,AMZNATMIV.U,2023-06-14T00:00:00Z,27.95
13104,AMZNATMIV.U,2023-06-16T00:00:00Z,26.62
13105,AMZNATMIV.U,2023-06-16T00:00:00Z,26.62
13106,AMZNATMIV.U,2023-06-20T00:00:00Z,27.04
13107,AMZNATMIV.U,2023-06-21T00:00:00Z,27.25
13108,AMZNATMIV.U,2023-06-22T00:00:00Z,33.47
13109,AMZNATMIV.U,2023-06-23T00:00:00Z,33.27
13110,AMZNATMIV.U,2023-06-26T00:00:00Z,36.95
13111,AMZNATMIV.U,2023-06-27T00:00:00Z,37.2
13112,AMZNATMIV.U,2023-06-28T00:00:00Z,38.31
13113,AMZNATMIV.U,2023-06-29T00:00:00Z,37.66
13114,AMZNATMIV.U,2023-06-30T00:00:00Z,35.96
13115,AMZNATMIV.U,2023-07-03T00:00:00Z,37.08
13116,AMZNATMIV.U,2023-07-03T00:00:00Z,37.08
13117,AMZNATMIV.U,2023-07-05T00:00:00Z,37.56
13118,AMZNATMIV.U,2023-07-06T00:00:00Z,37.49
13119,AMZNATMIV.U,2023-07-07T00:00:00Z,36.89
13120,AMZNATMIV.U,2023-07-10T00:00:00Z,39.17
13121,AMZNATMIV.U,2023-07-11T00:00:00Z,38.68
13122,AMZNATMIV.U,2023-07-12T00:00:00Z,38.07
13123,AMZNATMIV.U,2023-07-13T00:00:00Z,37.73
13124,AMZNATMIV.U,2023-07-14T00:00:00Z,38.67
13125,AMZNATMIV.U,2023-07-17T00:00:00Z,39.51
13126,AMZNATMIV.U,2023-07-18T00:00:00Z,40.44
13127,AMZNATMIV.U,2023-07-19T00:00:00Z,40.76
13128,AMZNATMIV.U,2023-07-20T00:00:00Z,41.26
13129,AMZNATMIV.U,2023-07-21T00:00:00Z,39.96
13130,AMZNATMIV.U,2023-07-24T00:00:00Z,40.29
13131,AMZNATMIV.U,2023-07-25T00:00:00Z,40.81
13132,AMZNATMIV.U,2023-07-26T00:00:00Z,40.03
13133,AMZNATMIV.U,2023-07-27T00:00:00Z,39.16
13134,AMZNATMIV.U,2023-07-28T00:00:00Z,37.85
13135,AMZNATMIV.U,2023-07-31T00:00:00Z,39.25
13136,AMZNATMIV.U,2023-08-01T00:00:00Z,40.28
13137,AMZNATMIV.U,2023-08-02T00:00:00Z,42.6
13138,AMZNATMIV.U,2023-08-03T00:00:00Z,40.11
13139,AMZNATMIV.U,2023-08-04T00:00:00Z,29.44
13140,AMZNATMIV.U,2023-08-07T00:00:00Z,28.14
13141,AMZNATMIV.U,2023-08-08T00:00:00Z,29.36
13142,AMZNATMIV.U,2023-08-09T00:00:00Z,29.41
13143,AMZNATMIV.U,2023-08-10T00:00:00Z,27.69
13144,AMZNATMIV.U,2023-08-11T00:00:00Z,26.44
13145,AMZNATMIV.U,2023-08-14T00:00:00Z,25.89
13146,AMZNATMIV.U,2023-08-15T00:00:00Z,27.67
13147,AMZNATMIV.U,2023-08-16T00:00:00Z,28.34
13148,AMZNATMIV.U,2023-08-17T00:00:00Z,29.3
13149,AMZNATMIV.U,2023-08-18T00:00:00Z,28.84
13150,AMZNATMIV.U,2023-08-21T00:00:00Z,27.96
13151,AMZNATMIV.U,2023-08-22T00:00:00Z,28.38
13152,AMZNATMIV.U,2023-08-23T00:00:00Z,27.25
13153,AMZNATMIV.U,2023-08-24T00:00:00Z,29.16
13154,AMZNATMIV.U,2023-08-25T00:00:00Z,26.77
13155,AMZNATMIV.U,2023-08-28T00:00:00Z,27.43
13156,AMZNATMIV.U,2023-08-29T00:00:00Z,25.54
13157,AMZNATMIV.U,2023-08-30T00:00:00Z,25.09
13158,AMZNATMIV.U,2023-08-31T00:00:00Z,24.45
13159,AMZNATMIV.U,2023-09-01T00:00:00Z,23.76
13160,AMZNATMIV.U,2023-09-01T00:00:00Z,23.76
13161,AMZNATMIV.U,2023-09-05T00:00:00Z,25.02
13162,AMZNATMIV.U,2023-09-06T00:00:00Z,25.6
13163,AMZNATMIV.U,2023-09-07T00:00:00Z,25.52
13164,AMZNATMIV.U,2023-09-08T00:00:00Z,24.39
13165,AMZNATMIV.U,2023-09-11T00:00:00Z,24.31
13166,AMZNATMIV.U,2023-09-12T00:00:00Z,24.99
13167,AMZNATMIV.U,2023-09-13T00:00:00Z,25.19
13168,AMZNATMIV.U,2023-09-14T00:00:00Z,23.22
13169,AMZNATMIV.U,2023-09-15T00:00:00Z,23.92
13170,AMZNATMIV.U,2023-09-18T00:00:00Z,24.57
13171,AMZNATMIV.U,2023-09-19T00:00:00Z,25.65
13172,AMZNATMIV.U,2023-09-20T00:00:00Z,26.39
13173,AMZNATMIV.U,2023-09-21T00:00:00Z,31.7
13174,AMZNATMIV.U,2023-09-22T00:00:00Z,31.19
13175,AMZNATMIV.U,2023-09-25T00:00:00Z,33.1
13176,AMZNATMIV.U,2023-09-26T00:00:00Z,37.6
13177,AMZNATMIV.U,2023-09-27T00:00:00Z,37.86
13178,AMZNATMIV.U,2023-09-28T00:00:00Z,37.99
13179,AMZNATMIV.U,2023-09-29T00:00:00Z,37.59
13180,AMZNATMIV.U,2023-10-02T00:00:00Z,38.93
13181,AMZNATMIV.U,2023-10-03T00:00:00Z,43.17
13182,AMZNATMIV.U,2023-10-04T00:00:00Z,41.42
13183,AMZNATMIV.U,2023-10-05T00:00:00Z,41.49
13184,AMZNATMIV.U,2023-10-06T00:00:00Z,39.47
13185,AMZNATMIV.U,2023-10-09T00:00:00Z,39.89
13186,AMZNATMIV.U,2023-10-10T00:00:00Z,38.8
13187,AMZNATMIV.U,2023-10-11T00:00:00Z,38.15
13188,AMZNATMIV.U,2023-10-12T00:00:00Z,37.39
13189,AMZNATMIV.U,2023-10-13T00:00:00Z,40.33
13190,AMZNATMIV.U,2023-10-16T00:00:00Z,37.42
13191,AMZNATMIV.U,2023-10-17T00:00:00Z,38.43
13192,AMZNATMIV.U,2023-10-18T00:00:00Z,40.66
13193,AMZNATMIV.U,2023-10-19T00:00:00Z,40.9
13194,AMZNATMIV.U,2023-10-20T00:00:00Z,42.68
13195,AMZNATMIV.U,2023-10-23T00:00:00Z,42.29
13196,AMZNATMIV.U,2023-10-24T00:00:00Z,41.29
13197,AMZNATMIV.U,2023-10-25T00:00:00Z,48.09
13198,AMZNATMIV.U,2023-10-26T00:00:00Z,46.98
13199,AMZNATMIV.U,2023-10-27T00:00:00Z,32.36
13200,AMZNATMIV.U,2023-10-30T00:00:00Z,31.02
13201,AMZNATMIV.U,2023-10-31T00:00:00Z,29.82
13202,AMZNATMIV.U,2023-11-01T00:00:00Z,28.2
13203,AMZNATMIV.U,2023-11-02T00:00:00Z,26.09
13204,AMZNATMIV.U,2023-11-03T00:00:00Z,24.52
13205,AMZNATMIV.U,2023-11-06T00:00:00Z,24.56
13206,AMZNATMIV.U,2023-11-07T00:00:00Z,24.83
13207,AMZNATMIV.U,2023-11-07T00:00:00Z,24.83
13208,AMZNATMIV.U,2023-11-07T00:00:00Z,24.83
13209,AMZNATMIV.U,2023-11-10T00:00:00Z,23.65
13210,AMZNATMIV.U,2023-11-13T00:00:00Z,24.82
13211,AMZNATMIV.U,2023-11-13T00:00:00Z,24.82
13212,AMZNATMIV.U,2023-11-13T00:00:00Z,24.82
13213,AMZNATMIV.U,2023-11-16T00:00:00Z,24.7
13214,AMZNATMIV.U,2023-11-17T00:00:00Z,24.56
13215,AMZNATMIV.U,2023-11-20T00:00:00Z,23.78
13216,AMZNATMIV.U,2023-11-21T00:00:00Z,24.71
13217,AMZNATMIV.U,2023-11-22T00:00:00Z,23.62
13218,AMZNATMIV.U,2023-11-22T00:00:00Z,23.62
13219,AMZNATMIV.U,2023-11-24T00:00:00Z,23.49
13220,AMZNATMIV.U,2023-11-24T00:00:00Z,23.49
13221,AMZNATMIV.U,2023-11-28T00:00:00Z,23.16
13222,AMZNATMIV.U,2023-11-29T00:00:00Z,23.04
13223,AMZNATMIV.U,2023-11-30T00:00:00Z,23.16
13224,AMZNATMIV.U,2023-11-30T00:00:00Z,23.16
13225,AMZNATMIV.U,2023-11-30T00:00:00Z,23.16
13226,AMZNATMIV.U,2023-11-30T00:00:00Z,23.16
13227,AMZNATMIV.U,2023-12-06T00:00:00Z,24.25
13228,AMZNATMIV.U,2023-12-07T00:00:00Z,24.22
13229,AMZNATMIV.U,2023-12-07T00:00:00Z,24.22
13230,AMZNATMIV.U,2023-12-07T00:00:00Z,24.22
13231,AMZNATMIV.U,2023-12-07T00:00:00Z,24.22
13232,AMZNATMIV.U,2023-12-07T00:00:00Z,24.22
13233,AMZNATMIV.U,2023-12-07T00:00:00Z,24.22
13234,AMZNATMIV.U,2023-12-07T00:00:00Z,24.22
13235,AMZNATMIV.U,2023-12-07T00:00:00Z,24.22
13236,AMZNATMIV.U,2023-12-07T00:00:00Z,24.22
13237,AMZNATMIV.U,2023-12-20T00:00:00Z,24.62
13238,AMZNATMIV.U,2023-12-21T00:00:00Z,24.57
13239,AMZNATMIV.U,2023-12-22T00:00:00Z,23.8
13240,AMZNATMIV.U,2023-12-22T00:00:00Z,23.8
13241,AMZNATMIV.U,2023-12-26T00:00:00Z,24.76
13242,AMZNATMIV.U,2023-12-26T00:00:00Z,24.76
13243,AMZNATMIV.U,2023-12-26T00:00:00Z,24.76
13244,AMZNATMIV.U,2023-12-29T00:00:00Z,28.15
13245,AMZNATMIV.U,2023-12-29T00:00:00Z,28.15
13246,AMZNATMIV.U,2024-01-02T00:00:00Z,14.23
13247,AMZNATMIV.U,2024-01-02T00:00:00Z,14.23
13248,AMZNATMIV.U,2024-01-02T00:00:00Z,14.23
13249,AMZNATMIV.U,2024-01-05T00:00:00Z,34.0
13250,AMZNATMIV.U,2024-01-08T00:00:00Z,34.1
13251,AMZNATMIV.U,2024-01-09T00:00:00Z,34.16
13252,AMZNATMIV.U,2024-01-10T00:00:00Z,33.95
13253,AMZNATMIV.U,2024-01-11T00:00:00Z,33.25
13254,AMZNATMIV.U,2024-01-12T00:00:00Z,33.04
13255,AMZNATMIV.U,2024-01-12T00:00:00Z,33.04
13256,AMZNATMIV.U,2024-01-16T00:00:00Z,34.21
13257,AMZNATMIV.U,2024-01-17T00:00:00Z,34.79
13258,AMZNATMIV.U,2024-01-18T00:00:00Z,33.48
13259,AMZNATMIV.U,2024-01-19T00:00:00Z,32.78
13260,AMZNATMIV.U,2024-01-22T00:00:00Z,34.59
13261,AMZNATMIV.U,2024-01-23T00:00:00Z,34.02
13262,AMZNATMIV.U,2024-01-24T00:00:00Z,34.29
13263,AMZNATMIV.U,2024-01-25T00:00:00Z,33.82
13264,AMZNATMIV.U,2024-01-26T00:00:00Z,34.43
13265,AMZNATMIV.U,2024-01-26T00:00:00Z,34.43
13266,AMZNATMIV.U,2024-01-30T00:00:00Z,37.59
13267,AMZNATMIV.U,2024-01-31T00:00:00Z,36.78
13268,AMZNATMIV.U,2024-02-01T00:00:00Z,34.84
13269,AMZNATMIV.U,2024-02-02T00:00:00Z,22.63
13270,AMZNATMIV.U,2024-02-05T00:00:00Z,23.48
13271,AMZNATMIV.U,2024-02-06T00:00:00Z,21.7
13272,AMZNATMIV.U,2024-02-07T00:00:00Z,22.13
13273,AMZNATMIV.U,2024-02-08T00:00:00Z,23.06
13274,AMZNATMIV.U,2024-02-09T00:00:00Z,22.78
13275,AMZNATMIV.U,2024-02-12T00:00:00Z,23.1
13276,AMZNATMIV.U,2024-02-13T00:00:00Z,24.86
13277,AMZNATMIV.U,2024-02-14T00:00:00Z,23.51
13278,AMZNATMIV.U,2024-02-15T00:00:00Z,24.69
13279,AMZNATMIV.U,2024-02-16T00:00:00Z,24.68
13280,AMZNATMIV.U,2024-02-16T00:00:00Z,24.68
13281,AMZNATMIV.U,2024-02-20T00:00:00Z,25.93
13282,AMZNATMIV.U,2024-02-21T00:00:00Z,25.44
13283,AMZNATMIV.U,2024-02-22T00:00:00Z,25.16
13284,AMZNATMIV.U,2024-02-23T00:00:00Z,24.61
13285,AMZNATMIV.U,2024-02-26T00:00:00Z,25.13
13286,AMZNATMIV.U,2024-02-27T00:00:00Z,23.99
13287,AMZNATMIV.U,2024-02-28T00:00:00Z,23.92
13288,AMZNATMIV.U,2024-02-29T00:00:00Z,22.61
13289,AMZNATMIV.U,2024-03-01T00:00:00Z,22.09
13290,AMZNATMIV.U,2024-03-04T00:00:00Z,23.0
13291,AMZNATMIV.U,2024-03-05T00:00:00Z,23.43
13292,AMZNATMIV.U,2024-03-06T00:00:00Z,24.6
13293,AMZNATMIV.U,2024-03-07T00:00:00Z,24.51
13294,AMZNATMIV.U,2024-03-08T00:00:00Z,23.64
13295,AMZNATMIV.U,2024-03-11T00:00:00Z,24.48
13296,AMZNATMIV.U,2024-03-12T00:00:00Z,23.77
13297,AMZNATMIV.U,2024-03-13T00:00:00Z,22.95
13298,AMZNATMIV.U,2024-03-14T00:00:00Z,23.69
13299,AMZNATMIV.U,2024-03-15T00:00:00Z,23.66
13300,AMZNATMIV.U,2024-03-18T00:00:00Z,23.57
13301,AMZNATMIV.U,2024-03-19T00:00:00Z,23.45
13302,AMZNATMIV.U,2024-03-20T00:00:00Z,21.22
13303,AMZNATMIV.U,2024-03-21T00:00:00Z,27.5
13304,AMZNATMIV.U,2024-03-22T00:00:00Z,27.01
13305,AMZNATMIV.U,2024-03-25T00:00:00Z,30.9
13306,AMZNATMIV.U,2024-03-26T00:00:00Z,32.55
13307,AMZNATMIV.U,2024-03-27T00:00:00Z,33.23
13308,AMZNATMIV.U,2024-03-28T00:00:00Z,33.74
13309,AMZNATMIV.U,2024-03-28T00:00:00Z,33.74
13310,AMZNATMIV.U,2024-04-01T00:00:00Z,34.77
13311,AMZNATMIV.U,2024-04-02T00:00:00Z,35.68
13312,AMZNATMIV.U,2024-04-03T00:00:00Z,36.09
13313,AMZNATMIV.U,2024-04-04T00:00:00Z,36.05
13314,AMZNATMIV.U,2024-04-05T00:00:00Z,36.38
13315,AMZNATMIV.U,2024-04-08T00:00:00Z,37.14
13316,AMZNATMIV.U,2024-04-09T00:00:00Z,36.51
13317,AMZNATMIV.U,2024-04-10T00:00:00Z,37.2
13318,AMZNATMIV.U,2024-04-11T00:00:00Z,36.16
13319,AMZNATMIV.U,2024-04-12T00:00:00Z,38.31
13320,AMZNATMIV.U,2024-04-15T00:00:00Z,38.29
13321,AMZNATMIV.U,2024-04-16T00:00:00Z,38.15
13322,AMZNATMIV.U,2024-04-17T00:00:00Z,38.62
13323,AMZNATMIV.U,2024-04-18T00:00:00Z,38.31
13324,AMZNATMIV.U,2024-04-19T00:00:00Z,39.58
13325,AMZNATMIV.U,2024-04-22T00:00:00Z,39.12
13326,AMZNATMIV.U,2024-04-23T00:00:00Z,38.28
13327,AMZNATMIV.U,2024-04-24T00:00:00Z,39.87
13328,AMZNATMIV.U,2024-04-25T00:00:00Z,40.47
13329,AMZNATMIV.U,2024-04-26T00:00:00Z,38.88
13330,AMZNATMIV.U,2024-04-29T00:00:00Z,41.48
13331,AMZNATMIV.U,2024-04-30T00:00:00Z,46.72
13332,AMZNATMIV.U,2024-05-01T00:00:00Z,26.23
13333,AMZNATMIV.U,2024-05-02T00:00:00Z,24.16
13334,AMZNATMIV.U,2024-05-03T00:00:00Z,22.24
13335,AMZNATMIV.U,2024-05-06T00:00:00Z,22.54
13336,AMZNATMIV.U,2024-05-07T00:00:00Z,21.4
13337,AMZNATMIV.U,2024-05-08T00:00:00Z,21.76
13338,AMZNATMIV.U,2024-05-09T00:00:00Z,21.61
13339,AMZNATMIV.U,2024-05-10T00:00:00Z,20.82
13340,AMZNATMIV.U,2024-05-13T00:00:00Z,22.31
13341,AMZNATMIV.U,2024-05-14T00:00:00Z,22.3
13342,AMZNATMIV.U,2024-05-15T00:00:00Z,22.5
13343,AMZNATMIV.U,2024-05-16T00:00:00Z,21.5
13344,AMZNATMIV.U,2024-05-17T00:00:00Z,21.38
13345,AMZNATMIV.U,2024-05-20T00:00:00Z,21.49
13346,AMZNATMIV.U,2024-05-21T00:00:00Z,20.98
13347,AMZNATMIV.U,2024-05-22T00:00:00Z,22.03
13348,AMZNATMIV.U,2024-05-23T00:00:00Z,22.02
13349,AMZNATMIV.U,2024-05-24T00:00:00Z,20.64
13350,AMZNATMIV.U,2024-05-24T00:00:00Z,20.64
13351,AMZNATMIV.U,2024-05-28T00:00:00Z,22.23
13352,AMZNATMIV.U,2024-05-29T00:00:00Z,22.82
13353,AMZNATMIV.U,2024-05-30T00:00:00Z,23.42
13354,AMZNATMIV.U,2024-05-31T00:00:00Z,22.88
13355,AMZNATMIV.U,2024-06-03T00:00:00Z,23.49
13356,AMZNATMIV.U,2024-06-04T00:00:00Z,23.29
13357,AMZNATMIV.U,2024-06-05T00:00:00Z,21.93
13358,AMZNATMIV.U,2024-06-06T00:00:00Z,21.77
13359,AMZNATMIV.U,2024-06-07T00:00:00Z,20.96
13360,AMZNATMIV.U,2024-06-10T00:00:00Z,21.61
13361,AMZNATMIV.U,2024-06-11T00:00:00Z,20.22
13362,AMZNATMIV.U,2024-06-12T00:00:00Z,21.44
13363,AMZNATMIV.U,2024-06-13T00:00:00Z,22.0
13364,AMZNATMIV.U,2024-06-14T00:00:00Z,22.75
13365,AMZNATMIV.U,2024-06-17T00:00:00Z,22.71
13366,AMZNATMIV.U,2024-06-18T00:00:00Z,23.15
13367,AMZNATMIV.U,2024-06-18T00:00:00Z,23.15
13368,AMZNATMIV.U,2024-06-20T00:00:00Z,25.6
13369,AMZNATMIV.U,2024-06-21T00:00:00Z,24.51
13370,AMZNATMIV.U,2024-06-24T00:00:00Z,27.91
13371,AMZNATMIV.U,2024-06-25T00:00:00Z,28.26
13372,AMZNATMIV.U,2024-06-26T00:00:00Z,28.97
13373,AMZNATMIV.U,2024-06-27T00:00:00Z,33.3
13374,AMZNATMIV.U,2024-06-28T00:00:00Z,35.22
13375,AMZNATMIV.U,2024-07-01T00:00:00Z,36.9
13376,AMZNATMIV.U,2024-07-02T00:00:00Z,37.87
13377,AMZNATMIV.U,2024-07-03T00:00:00Z,38.17
13378,AMZNATMIV.U,2024-07-03T00:00:00Z,38.17
13379,AMZNATMIV.U,2024-07-05T00:00:00Z,36.72
13380,AMZNATMIV.U,2024-07-08T00:00:00Z,37.92
13381,AMZNATMIV.U,2024-07-09T00:00:00Z,37.46
13382,AMZNATMIV.U,2024-07-10T00:00:00Z,37.85
13383,AMZNATMIV.U,2024-07-11T00:00:00Z,37.28
13384,AMZNATMIV.U,2024-07-12T00:00:00Z,37.15
13385,AMZNATMIV.U,2024-07-15T00:00:00Z,38.44
13386,AMZNATMIV.U,2024-07-16T00:00:00Z,38.52
13387,AMZNATMIV.U,2024-07-17T00:00:00Z,41.25
13388,AMZNATMIV.U,2024-07-18T00:00:00Z,41.38
13389,AMZNATMIV.U,2024-07-19T00:00:00Z,40.56
13390,AMZNATMIV.U,2024-07-22T00:00:00Z,39.61
13391,AMZNATMIV.U,2024-07-23T00:00:00Z,39.14
13392,AMZNATMIV.U,2024-07-23T00:00:00Z,39.14
13393,AMZNATMIV.U,2024-07-23T00:00:00Z,39.14
13394,AMZNATMIV.U,2024-07-23T00:00:00Z,39.14
13395,AMZNATMIV.U,2024-07-23T00:00:00Z,39.14
13396,AMZNATMIV.U,2024-07-23T00:00:00Z,39.14
13397,AMZNATMIV.U,2024-07-23T00:00:00Z,39.14
13398,AMZNATMIV.U,2024-08-01T00:00:00Z,41.33
13399,AMZNATMIV.U,2024-08-02T00:00:00Z,34.51
13400,AMZNATMIV.U,2024-08-05T00:00:00Z,41.44
13401,AMZNATMIV.U,2024-08-06T00:00:00Z,32.59
13402,AMZNATMIV.U,2024-08-07T00:00:00Z,32.53
13403,AMZNATMIV.U,2024-08-08T00:00:00Z,29.27
13404,AMZNATMIV.U,2024-08-09T00:00:00Z,26.84
13405,AMZNATMIV.U,2024-08-12T00:00:00Z,28.09
13406,AMZNATMIV.U,2024-08-13T00:00:00Z,25.95
13407,AMZNATMIV.U,2024-08-14T00:00:00Z,25.2
13408,AMZNATMIV.U,2024-08-15T00:00:00Z,24.57
13409,AMZNATMIV.U,2024-08-16T00:00:00Z,22.9
13410,AMZNATMIV.U,2024-08-19T00:00:00Z,23.17
13411,AMZNATMIV.U,2024-08-20T00:00:00Z,23.03
13412,AMZNATMIV.U,2024-08-21T00:00:00Z,24.06
13413,AMZNATMIV.U,2024-08-22T00:00:00Z,25.74
13414,AMZNATMIV.U,2024-08-23T00:00:00Z,23.79
13415,AMZNATMIV.U,2024-08-26T00:00:00Z,25.48
13416,AMZNATMIV.U,2024-08-27T00:00:00Z,24.99
13417,AMZNATMIV.U,2024-08-28T00:00:00Z,25.98
13418,AMZNATMIV.U,2024-08-29T00:00:00Z,24.6
13419,AMZNATMIV.U,2024-08-30T00:00:00Z,22.77
13420,AMZNATMIV.U,2024-08-30T00:00:00Z,22.77
13421,AMZNATMIV.U,2024-09-03T00:00:00Z,27.17
13422,AMZNATMIV.U,2024-09-04T00:00:00Z,27.46
13423,AMZNATMIV.U,2024-09-05T00:00:00Z,27.36
13424,AMZNATMIV.U,2024-09-06T00:00:00Z,30.29
13425,AMZNATMIV.U,2024-09-09T00:00:00Z,27.8
13426,AMZNATMIV.U,2024-09-10T00:00:00Z,27.82
13427,AMZNATMIV.U,2024-09-11T00:00:00Z,26.34
13428,AMZNATMIV.U,2024-09-12T00:00:00Z,24.65
13429,AMZNATMIV.U,2024-09-13T00:00:00Z,24.44
13430,AMZNATMIV.U,2024-09-16T00:00:00Z,26.08
13431,AMZNATMIV.U,2024-09-17T00:00:00Z,25.07
13432,AMZNATMIV.U,2024-09-18T00:00:00Z,24.78
13433,AMZNATMIV.U,2024-09-19T00:00:00Z,24.41
13434,AMZNATMIV.U,2024-09-20T00:00:00Z,23.72
13435,AMZNATMIV.U,2024-09-23T00:00:00Z,24.29
13436,AMZNATMIV.U,2024-09-24T00:00:00Z,24.17
13437,AMZNATMIV.U,2024-09-25T00:00:00Z,25.46
13438,AMZNATMIV.U,2024-09-26T00:00:00Z,30.24
13439,AMZNATMIV.U,2024-09-27T00:00:00Z,30.64
13440,AMZNATMIV.U,2024-09-30T00:00:00Z,33.8
13441,AMZNATMIV.U,2024-10-01T00:00:00Z,35.87
13442,AMZNATMIV.U,2024-10-02T00:00:00Z,36.82
13443,AMZNATMIV.U,2024-10-03T00:00:00Z,37.79
13444,AMZNATMIV.U,2024-10-04T00:00:00Z,36.91
13445,AMZNATMIV.U,2024-10-07T00:00:00Z,39.84
13446,AMZNATMIV.U,2024-10-08T00:00:00Z,37.87
13447,AMZNATMIV.U,2024-10-09T00:00:00Z,37.41
13448,AMZNATMIV.U,2024-10-10T00:00:00Z,36.08
13449,AMZNATMIV.U,2024-10-11T00:00:00Z,35.26
13450,AMZNATMIV.U,2024-10-14T00:00:00Z,35.99
13451,AMZNATMIV.U,2024-10-15T00:00:00Z,36.26
13452,AMZNATMIV.U,2024-10-16T00:00:00Z,35.94
13453,AMZNATMIV.U,2024-10-17T00:00:00Z,34.78
13454,AMZNATMIV.U,2024-10-18T00:00:00Z,34.15
13455,AMZNATMIV.U,2024-10-21T00:00:00Z,35.97
13456,AMZNATMIV.U,2024-10-22T00:00:00Z,36.93
13457,AMZNATMIV.U,2024-10-23T00:00:00Z,38.66
13458,AMZNATMIV.U,2024-10-24T00:00:00Z,37.32
13459,AMZNATMIV.U,2024-10-25T00:00:00Z,37.98
13460,AMZNATMIV.U,2024-10-28T00:00:00Z,38.25
13461,AMZNATMIV.U,2024-10-29T00:00:00Z,37.74
13462,AMZNATMIV.U,2024-10-30T00:00:00Z,38.52
13463,AMZNATMIV.U,2024-10-31T00:00:00Z,40.81
13464,AMZNATMIV.U,2024-11-01T00:00:00Z,26.4
13465,AMZNATMIV.U,2024-11-04T00:00:00Z,26.04
13466,AMZNATMIV.U,2024-11-05T00:00:00Z,25.4
13467,AMZNATMIV.U,2024-11-06T00:00:00Z,24.25
13468,AMZNATMIV.U,2024-11-07T00:00:00Z,22.99
13469,AMZNATMIV.U,2024-11-08T00:00:00Z,21.44
13470,AMZNATMIV.U,2024-11-11T00:00:00Z,23.51
13471,AMZNATMIV.U,2024-11-12T00:00:00Z,23.53
13472,AMZNATMIV.U,2024-11-13T00:00:00Z,23.7
13473,AMZNATMIV.U,2024-11-14T00:00:00Z,23.42
13474,AMZNATMIV.U,2024-11-15T00:00:00Z,25.66
13475,AMZNATMIV.U,2024-11-18T00:00:00Z,26.24
13476,AMZNATMIV.U,2024-11-19T00:00:00Z,25.35
13477,AMZNATMIV.U,2024-11-20T00:00:00Z,26.77
13478,AMZNATMIV.U,2024-11-21T00:00:00Z,27.15
13479,AMZNATMIV.U,2024-11-22T00:00:00Z,26.27
13480,AMZNATMIV.U,2024-11-25T00:00:00Z,24.95
13481,AMZNATMIV.U,2024-11-26T00:00:00Z,24.02
13482,AMZNATMIV.U,2024-11-27T00:00:00Z,23.3
13483,AMZNATMIV.U,2024-11-27T00:00:00Z,23.3
13484,AMZNATMIV.U,2024-11-29T00:00:00Z,23.29
13485,AMZNATMIV.U,2024-12-02T00:00:00Z,23.44
13486,AMZNATMIV.U,2024-12-03T00:00:00Z,22.84
13487,AMZNATMIV.U,2024-12-04T00:00:00Z,22.74
13488,AMZNATMIV.U,2024-12-05T00:00:00Z,23.15
13489,AMZNATMIV.U,2024-12-06T00:00:00Z,23.13
13490,AMZNATMIV.U,2024-12-09T00:00:00Z,24.49
13491,AMZNATMIV.U,2024-12-10T00:00:00Z,24.53
13492,AMZNATMIV.U,2024-12-11T00:00:00Z,23.96
13493,AMZNATMIV.U,2024-12-12T00:00:00Z,24.22
13494,AMZNATMIV.U,2024-12-13T00:00:00Z,24.43
13495,AMZNATMIV.U,2024-12-16T00:00:00Z,25.6
13496,AMZNATMIV.U,2024-12-17T00:00:00Z,26.05
13497,AMZNATMIV.U,2024-12-18T00:00:00Z,28.9
13498,AMZNATMIV.U,2024-12-19T00:00:00Z,29.17
13499,AMZNATMIV.U,2024-12-20T00:00:00Z,25.18
13500,AMZNATMIV.U,2024-12-23T00:00:00Z,23.65
13501,AMZNATMIV.U,2024-12-24T00:00:00Z,21.66
13502,AMZNATMIV.U,2024-12-24T00:00:00Z,21.66
13503,AMZNATMIV.U,2024-12-26T00:00:00Z,25.78
13504,AMZNATMIV.U,2024-12-27T00:00:00Z,26.02
13505,AMZNATMIV.U,2024-12-30T00:00:00Z,28.37
13506,AMZNATMIV.U,2024-12-31T00:00:00Z,30.53
13507,AMZNATMIV.U,2024-12-31T00:00:00Z,30.53
13508,AMZNATMIV.U,2025-01-02T00:00:00Z,32.91
13509,AMZNATMIV.U,2025-01-03T00:00:00Z,31.23
13510,AMZNATMIV.U,2025-01-06T00:00:00Z,33.72
13511,AMZNATMIV.U,2025-01-07T00:00:00Z,35.79
13512,AMZNATMIV.U,2025-01-08T00:00:00Z,35.86
13513,AMZNATMIV.U,2025-01-08T00:00:00Z,35.86
13514,AMZNATMIV.U,2025-01-10T00:00:00Z,36.84
13515,AMZNATMIV.U,2025-01-13T00:00:00Z,37.02
13516,AMZNATMIV.U,2025-01-14T00:00:00Z,37.12
13517,AMZNATMIV.U,2025-01-15T00:00:00Z,34.78
13518,AMZNATMIV.U,2025-01-16T00:00:00Z,34.19
13519,AMZNATMIV.U,2025-01-17T00:00:00Z,33.38
13520,AMZNATMIV.U,2025-01-17T00:00:00Z,33.38
13521,AMZNATMIV.U,2025-01-21T00:00:00Z,34.67
13522,AMZNATMIV.U,2025-01-22T00:00:00Z,34.81
13523,AMZNATMIV.U,2025-01-23T00:00:00Z,34.2
13524,AMZNATMIV.U,2025-01-24T00:00:00Z,34.51
13525,AMZNATMIV.U,2025-01-27T00:00:00Z,36.67
13526,AMZNATMIV.U,2025-01-28T00:00:00Z,36.67
13527,AMZNATMIV.U,2025-01-29T00:00:00Z,37.56
13528,AMZNATMIV.U,2025-01-30T00:00:00Z,36.65
13529,AMZNATMIV.U,2025-01-31T00:00:00Z,36.47
13530,AMZNATMIV.U,2025-02-03T00:00:00Z,37.71
13531,AMZNATMIV.U,2025-02-04T00:00:00Z,36.85
13532,AMZNATMIV.U,2025-02-05T00:00:00Z,38.06
13533,AMZNATMIV.U,2025-02-06T00:00:00Z,35.51
13534,AMZNATMIV.U,2025-02-07T00:00:00Z,25.47
13535,AMZNATMIV.U,2025-02-10T00:00:00Z,23.78
13536,AMZNATMIV.U,2025-02-11T00:00:00Z,23.64
13537,AMZNATMIV.U,2025-02-12T00:00:00Z,24.34
13538,AMZNATMIV.U,2025-02-13T00:00:00Z,23.6
13539,AMZNATMIV.U,2025-02-14T00:00:00Z,23.48
13540,AMZNATMIV.U,2025-02-14T00:00:00Z,23.48
13541,AMZNATMIV.U,2025-02-18T00:00:00Z,24.51
13542,AMZNATMIV.U,2025-02-19T00:00:00Z,24.65
13543,AMZNATMIV.U,2025-02-20T00:00:00Z,24.16
13544,AMZNATMIV.U,2025-02-21T00:00:00Z,26.32
13545,AMZNATMIV.U,2025-02-24T00:00:00Z,28.56
13546,AMZNATMIV.U,2025-02-25T00:00:00Z,29.72
13547,AMZNATMIV.U,2025-02-26T00:00:00Z,28.66
13548,AMZNATMIV.U,2025-02-27T00:00:00Z,30.96
13549,AMZNATMIV.U,2025-02-28T00:00:00Z,28.73
13550,AMZNATMIV.U,2025-03-03T00:00:00Z,31.84
13551,AMZNATMIV.U,2025-03-04T00:00:00Z,33.13
13552,AMZNATMIV.U,2025-03-05T00:00:00Z,30.11
13553,AMZNATMIV.U,2025-03-06T00:00:00Z,34.13
13554,AMZNATMIV.U,2025-03-07T00:00:00Z,33.23
13555,AMZNATMIV.U,2025-03-10T00:00:00Z,38.99
13556,AMZNATMIV.U,2025-03-11T00:00:00Z,37.53
13557,AMZNATMIV.U,2025-03-12T00:00:00Z,34.28
13558,AMZNATMIV.U,2025-03-13T00:00:00Z,34.87
13559,AMZNATMIV.U,2025-03-14T00:00:00Z,30.47
13560,AMZNATMIV.U,2025-03-17T00:00:00Z,30.6
13561,AMZNATMIV.U,2025-03-18T00:00:00Z,30.78
13562,AMZNATMIV.U,2025-03-19T00:00:00Z,28.98
13563,AMZNATMIV.U,2025-03-20T00:00:00Z,29.72
13564,AMZNATMIV.U,2025-03-21T00:00:00Z,28.72
13565,AMZNATMIV.U,2025-03-24T00:00:00Z,27.35
13566,AMZNATMIV.U,2025-03-25T00:00:00Z,26.83
13567,AMZNATMIV.U,2025-03-26T00:00:00Z,27.8
13568,AMZNATMIV.U,2025-03-27T00:00:00Z,31.54
13569,AMZNATMIV.U,2025-03-28T00:00:00Z,34.87
13570,AMZNATMIV.U,2025-03-31T00:00:00Z,37.35
13571,AMZNATMIV.U,2025-04-01T00:00:00Z,38.57
13572,AMZNATMIV.U,2025-04-02T00:00:00Z,38.95
13573,AMZNATMIV.U,2025-04-03T00:00:00Z,47.29
13574,AMZNATMIV.U,2025-04-04T00:00:00Z,59.31
13575,AMZNATMIV.U,2025-04-07T00:00:00Z,59.5
13576,AMZNATMIV.U,2025-04-08T00:00:00Z,63.0
13577,AMZNATMIV.U,2025-04-09T00:00:00Z,44.22
13578,AMZNATMIV.U,2025-04-10T00:00:00Z,53.49
13579,AMZNATMIV.U,2025-04-11T00:00:00Z,49.62
13580,AMZNATMIV.U,2025-04-14T00:00:00Z,46.27
13581,AMZNATMIV.U,2025-04-15T00:00:00Z,43.97
13582,AMZNATMIV.U,2025-04-16T00:00:00Z,47.02
13583,AMZNATMIV.U,2025-04-17T00:00:00Z,44.12
13584,AMZNATMIV.U,2025-04-17T00:00:00Z,44.12
13585,AMZNATMIV.U,2025-04-21T00:00:00Z,48.31
13586,AMZNATMIV.U,2025-04-22T00:00:00Z,45.25
13587,AMZNATMIV.U,2025-04-23T00:00:00Z,43.86
13588,AMZNATMIV.U,2025-04-24T00:00:00Z,40.79
13589,AMZNATMIV.U,2025-04-25T00:00:00Z,38.87
13590,AMZNATMIV.U,2025-04-28T00:00:00Z,39.62
13591,AMZNATMIV.U,2025-04-29T00:00:00Z,39.17
13592,AMZNATMIV.U,2025-04-30T00:00:00Z,40.55
13593,AMZNATMIV.U,2025-05-01T00:00:00Z,40.09
13594,AMZNATMIV.U,2025-05-02T00:00:00Z,29.29
13595,AMZNATMIV.U,2025-05-05T00:00:00Z,30.34
13596,AMZNATMIV.U,2025-05-06T00:00:00Z,31.32
13597,AMZNATMIV.U,2025-05-07T00:00:00Z,31.11
13598,AMZNATMIV.U,2025-05-08T00:00:00Z,30.21
13599,AMZNATMIV.U,2025-05-09T00:00:00Z,29.23
13600,MSFTATMIV.U,2018-12-31T00:00:00Z,38.31
13601,MSFTATMIV.U,2019-01-02T00:00:00Z,36.52
13602,MSFTATMIV.U,2019-01-03T00:00:00Z,39.9
13603,MSFTATMIV.U,2019-01-04T00:00:00Z,36.33
13604,MSFTATMIV.U,2019-01-07T00:00:00Z,35.75
13605,MSFTATMIV.U,2019-01-08T00:00:00Z,34.38
13606,MSFTATMIV.U,2019-01-09T00:00:00Z,33.12
13607,MSFTATMIV.U,2019-01-10T00:00:00Z,31.57
13608,MSFTATMIV.U,2019-01-11T00:00:00Z,31.5
13609,MSFTATMIV.U,2019-01-14T00:00:00Z,31.37
13610,MSFTATMIV.U,2019-01-15T00:00:00Z,28.53
13611,MSFTATMIV.U,2019-01-16T00:00:00Z,27.65
13612,MSFTATMIV.U,2019-01-17T00:00:00Z,28.26
13613,MSFTATMIV.U,2019-01-18T00:00:00Z,25.92
13614,MSFTATMIV.U,2019-01-18T00:00:00Z,25.92
13615,MSFTATMIV.U,2019-01-22T00:00:00Z,30.18
13616,MSFTATMIV.U,2019-01-23T00:00:00Z,28.96
13617,MSFTATMIV.U,2019-01-24T00:00:00Z,28.32
13618,MSFTATMIV.U,2019-01-25T00:00:00Z,26.47
13619,MSFTATMIV.U,2019-01-28T00:00:00Z,28.94
13620,MSFTATMIV.U,2019-01-29T00:00:00Z,30.54
13621,MSFTATMIV.U,2019-01-30T00:00:00Z,29.01
13622,MSFTATMIV.U,2019-01-31T00:00:00Z,22.52
13623,MSFTATMIV.U,2019-02-01T00:00:00Z,22.36
13624,MSFTATMIV.U,2019-02-04T00:00:00Z,20.23
13625,MSFTATMIV.U,2019-02-05T00:00:00Z,19.44
13626,MSFTATMIV.U,2019-02-06T00:00:00Z,19.96
13627,MSFTATMIV.U,2019-02-07T00:00:00Z,21.1
13628,MSFTATMIV.U,2019-02-08T00:00:00Z,20.82
13629,MSFTATMIV.U,2019-02-11T00:00:00Z,21.17
13630,MSFTATMIV.U,2019-02-12T00:00:00Z,19.28
13631,MSFTATMIV.U,2019-02-13T00:00:00Z,19.16
13632,MSFTATMIV.U,2019-02-14T00:00:00Z,19.36
13633,MSFTATMIV.U,2019-02-15T00:00:00Z,18.7
13634,MSFTATMIV.U,2019-02-15T00:00:00Z,18.7
13635,MSFTATMIV.U,2019-02-19T00:00:00Z,18.47
13636,MSFTATMIV.U,2019-02-20T00:00:00Z,18.66
13637,MSFTATMIV.U,2019-02-21T00:00:00Z,18.77
13638,MSFTATMIV.U,2019-02-22T00:00:00Z,17.91
13639,MSFTATMIV.U,2019-02-25T00:00:00Z,18.01
13640,MSFTATMIV.U,2019-02-26T00:00:00Z,18.21
13641,MSFTATMIV.U,2019-02-27T00:00:00Z,18.46
13642,MSFTATMIV.U,2019-02-28T00:00:00Z,19.33
13643,MSFTATMIV.U,2019-03-01T00:00:00Z,17.96
13644,MSFTATMIV.U,2019-03-04T00:00:00Z,19.23
13645,MSFTATMIV.U,2019-03-05T00:00:00Z,18.08
13646,MSFTATMIV.U,2019-03-06T00:00:00Z,18.53
13647,MSFTATMIV.U,2019-03-07T00:00:00Z,19.7
13648,MSFTATMIV.U,2019-03-08T00:00:00Z,19.46
13649,MSFTATMIV.U,2019-03-11T00:00:00Z,17.36
13650,MSFTATMIV.U,2019-03-12T00:00:00Z,17.14
13651,MSFTATMIV.U,2019-03-13T00:00:00Z,16.28
13652,MSFTATMIV.U,2019-03-14T00:00:00Z,16.03
13653,MSFTATMIV.U,2019-03-15T00:00:00Z,14.9
13654,MSFTATMIV.U,2019-03-18T00:00:00Z,16.19
13655,MSFTATMIV.U,2019-03-19T00:00:00Z,15.87
13656,MSFTATMIV.U,2019-03-20T00:00:00Z,17.3
13657,MSFTATMIV.U,2019-03-21T00:00:00Z,17.4
13658,MSFTATMIV.U,2019-03-22T00:00:00Z,21.46
13659,MSFTATMIV.U,2019-03-25T00:00:00Z,22.95
13660,MSFTATMIV.U,2019-03-26T00:00:00Z,22.55
13661,MSFTATMIV.U,2019-03-27T00:00:00Z,21.99
13662,MSFTATMIV.U,2019-03-28T00:00:00Z,22.53
13663,MSFTATMIV.U,2019-03-29T00:00:00Z,22.05
13664,MSFTATMIV.U,2019-04-01T00:00:00Z,22.64
13665,MSFTATMIV.U,2019-04-02T00:00:00Z,23.02
13666,MSFTATMIV.U,2019-04-03T00:00:00Z,23.06
13667,MSFTATMIV.U,2019-04-04T00:00:00Z,23.26
13668,MSFTATMIV.U,2019-04-05T00:00:00Z,22.83
13669,MSFTATMIV.U,2019-04-08T00:00:00Z,23.21
13670,MSFTATMIV.U,2019-04-09T00:00:00Z,23.21
13671,MSFTATMIV.U,2019-04-10T00:00:00Z,22.55
13672,MSFTATMIV.U,2019-04-11T00:00:00Z,21.94
13673,MSFTATMIV.U,2019-04-12T00:00:00Z,21.19
13674,MSFTATMIV.U,2019-04-15T00:00:00Z,21.67
13675,MSFTATMIV.U,2019-04-16T00:00:00Z,20.69
13676,MSFTATMIV.U,2019-04-17T00:00:00Z,20.48
13677,MSFTATMIV.U,2019-04-18T00:00:00Z,20.69
13678,MSFTATMIV.U,2019-04-18T00:00:00Z,20.69
13679,MSFTATMIV.U,2019-04-22T00:00:00Z,21.78
13680,MSFTATMIV.U,2019-04-23T00:00:00Z,21.78
13681,MSFTATMIV.U,2019-04-24T00:00:00Z,22.54
13682,MSFTATMIV.U,2019-04-25T00:00:00Z,17.18
13683,MSFTATMIV.U,2019-04-26T00:00:00Z,16.11
13684,MSFTATMIV.U,2019-04-29T00:00:00Z,16.3
13685,MSFTATMIV.U,2019-04-30T00:00:00Z,15.55
13686,MSFTATMIV.U,2019-05-01T00:00:00Z,17.22
13687,MSFTATMIV.U,2019-05-02T00:00:00Z,17.91
13688,MSFTATMIV.U,2019-05-03T00:00:00Z,16.39
13689,MSFTATMIV.U,2019-05-06T00:00:00Z,18.16
13690,MSFTATMIV.U,2019-05-07T00:00:00Z,23.59
13691,MSFTATMIV.U,2019-05-08T00:00:00Z,22.65
13692,MSFTATMIV.U,2019-05-09T00:00:00Z,22.54
13693,MSFTATMIV.U,2019-05-10T00:00:00Z,20.08
13694,MSFTATMIV.U,2019-05-13T00:00:00Z,24.54
13695,MSFTATMIV.U,2019-05-14T00:00:00Z,21.68
13696,MSFTATMIV.U,2019-05-15T00:00:00Z,20.33
13697,MSFTATMIV.U,2019-05-16T00:00:00Z,18.57
13698,MSFTATMIV.U,2019-05-17T00:00:00Z,19.9
13699,MSFTATMIV.U,2019-05-20T00:00:00Z,21.12
13700,MSFTATMIV.U,2019-05-21T00:00:00Z,19.84
13701,MSFTATMIV.U,2019-05-22T00:00:00Z,19.73
13702,MSFTATMIV.U,2019-05-23T00:00:00Z,22.78
13703,MSFTATMIV.U,2019-05-24T00:00:00Z,21.19
13704,MSFTATMIV.U,2019-05-24T00:00:00Z,21.19
13705,MSFTATMIV.U,2019-05-28T00:00:00Z,21.44
13706,MSFTATMIV.U,2019-05-29T00:00:00Z,22.99
13707,MSFTATMIV.U,2019-05-30T00:00:00Z,22.59
13708,MSFTATMIV.U,2019-05-31T00:00:00Z,24.33
13709,MSFTATMIV.U,2019-06-03T00:00:00Z,27.16
13710,MSFTATMIV.U,2019-06-04T00:00:00Z,23.47
13711,MSFTATMIV.U,2019-06-05T00:00:00Z,22.83
13712,MSFTATMIV.U,2019-06-06T00:00:00Z,21.55
13713,MSFTATMIV.U,2019-06-07T00:00:00Z,20.68
13714,MSFTATMIV.U,2019-06-10T00:00:00Z,21.27
13715,MSFTATMIV.U,2019-06-11T00:00:00Z,21.15
13716,MSFTATMIV.U,2019-06-12T00:00:00Z,21.03
13717,MSFTATMIV.U,2019-06-13T00:00:00Z,21.29
13718,MSFTATMIV.U,2019-06-14T00:00:00Z,20.99
13719,MSFTATMIV.U,2019-06-17T00:00:00Z,21.78
13720,MSFTATMIV.U,2019-06-18T00:00:00Z,21.25
13721,MSFTATMIV.U,2019-06-19T00:00:00Z,20.26
13722,MSFTATMIV.U,2019-06-20T00:00:00Z,21.08
13723,MSFTATMIV.U,2019-06-21T00:00:00Z,20.9
13724,MSFTATMIV.U,2019-06-24T00:00:00Z,22.28
13725,MSFTATMIV.U,2019-06-25T00:00:00Z,24.89
13726,MSFTATMIV.U,2019-06-26T00:00:00Z,24.61
13727,MSFTATMIV.U,2019-06-27T00:00:00Z,24.0
13728,MSFTATMIV.U,2019-06-28T00:00:00Z,24.21
13729,MSFTATMIV.U,2019-07-01T00:00:00Z,22.05
13730,MSFTATMIV.U,2019-07-02T00:00:00Z,21.13
13731,MSFTATMIV.U,2019-07-03T00:00:00Z,21.22
13732,MSFTATMIV.U,2019-07-03T00:00:00Z,21.22
13733,MSFTATMIV.U,2019-07-05T00:00:00Z,21.55
13734,MSFTATMIV.U,2019-07-08T00:00:00Z,21.72
13735,MSFTATMIV.U,2019-07-09T00:00:00Z,22.12
13736,MSFTATMIV.U,2019-07-10T00:00:00Z,21.4
13737,MSFTATMIV.U,2019-07-11T00:00:00Z,20.99
13738,MSFTATMIV.U,2019-07-12T00:00:00Z,20.5
13739,MSFTATMIV.U,2019-07-15T00:00:00Z,20.92
13740,MSFTATMIV.U,2019-07-16T00:00:00Z,21.9
13741,MSFTATMIV.U,2019-07-17T00:00:00Z,22.7
13742,MSFTATMIV.U,2019-07-18T00:00:00Z,22.82
13743,MSFTATMIV.U,2019-07-19T00:00:00Z,17.45
13744,MSFTATMIV.U,2019-07-22T00:00:00Z,16.66
13745,MSFTATMIV.U,2019-07-23T00:00:00Z,16.62
13746,MSFTATMIV.U,2019-07-24T00:00:00Z,16.17
13747,MSFTATMIV.U,2019-07-25T00:00:00Z,16.43
13748,MSFTATMIV.U,2019-07-26T00:00:00Z,15.17
13749,MSFTATMIV.U,2019-07-29T00:00:00Z,16.32
13750,MSFTATMIV.U,2019-07-30T00:00:00Z,17.09
13751,MSFTATMIV.U,2019-07-31T00:00:00Z,19.53
13752,MSFTATMIV.U,2019-08-01T00:00:00Z,21.13
13753,MSFTATMIV.U,2019-08-02T00:00:00Z,21.35
13754,MSFTATMIV.U,2019-08-05T00:00:00Z,28.18
13755,MSFTATMIV.U,2019-08-06T00:00:00Z,25.37
13756,MSFTATMIV.U,2019-08-07T00:00:00Z,25.58
13757,MSFTATMIV.U,2019-08-08T00:00:00Z,22.15
13758,MSFTATMIV.U,2019-08-09T00:00:00Z,23.14
13759,MSFTATMIV.U,2019-08-12T00:00:00Z,25.54
13760,MSFTATMIV.U,2019-08-13T00:00:00Z,22.04
13761,MSFTATMIV.U,2019-08-14T00:00:00Z,27.7
13762,MSFTATMIV.U,2019-08-15T00:00:00Z,26.71
13763,MSFTATMIV.U,2019-08-16T00:00:00Z,22.64
13764,MSFTATMIV.U,2019-08-19T00:00:00Z,21.78
13765,MSFTATMIV.U,2019-08-20T00:00:00Z,21.78
13766,MSFTATMIV.U,2019-08-21T00:00:00Z,20.34
13767,MSFTATMIV.U,2019-08-22T00:00:00Z,21.77
13768,MSFTATMIV.U,2019-08-23T00:00:00Z,26.79
13769,MSFTATMIV.U,2019-08-26T00:00:00Z,25.19
13770,MSFTATMIV.U,2019-08-27T00:00:00Z,24.84
13771,MSFTATMIV.U,2019-08-28T00:00:00Z,24.22
13772,MSFTATMIV.U,2019-08-29T00:00:00Z,21.56
13773,MSFTATMIV.U,2019-08-30T00:00:00Z,22.09
13774,MSFTATMIV.U,2019-08-30T00:00:00Z,22.09
13775,MSFTATMIV.U,2019-09-03T00:00:00Z,24.43
13776,MSFTATMIV.U,2019-09-04T00:00:00Z,22.36
13777,MSFTATMIV.U,2019-09-05T00:00:00Z,20.39
13778,MSFTATMIV.U,2019-09-06T00:00:00Z,19.96
13779,MSFTATMIV.U,2019-09-09T00:00:00Z,21.51
13780,MSFTATMIV.U,2019-09-10T00:00:00Z,22.31
13781,MSFTATMIV.U,2019-09-11T00:00:00Z,21.53
13782,MSFTATMIV.U,2019-09-12T00:00:00Z,21.34
13783,MSFTATMIV.U,2019-09-13T00:00:00Z,19.8
13784,MSFTATMIV.U,2019-09-16T00:00:00Z,20.79
13785,MSFTATMIV.U,2019-09-17T00:00:00Z,19.84
13786,MSFTATMIV.U,2019-09-18T00:00:00Z,18.89
13787,MSFTATMIV.U,2019-09-19T00:00:00Z,20.79
13788,MSFTATMIV.U,2019-09-20T00:00:00Z,21.53
13789,MSFTATMIV.U,2019-09-23T00:00:00Z,22.94
13790,MSFTATMIV.U,2019-09-24T00:00:00Z,26.44
13791,MSFTATMIV.U,2019-09-25T00:00:00Z,25.27
13792,MSFTATMIV.U,2019-09-26T00:00:00Z,25.54
13793,MSFTATMIV.U,2019-09-27T00:00:00Z,27.36
13794,MSFTATMIV.U,2019-09-30T00:00:00Z,26.06
13795,MSFTATMIV.U,2019-10-01T00:00:00Z,27.59
13796,MSFTATMIV.U,2019-10-02T00:00:00Z,31.7
13797,MSFTATMIV.U,2019-10-03T00:00:00Z,28.61
13798,MSFTATMIV.U,2019-10-04T00:00:00Z,26.33
13799,MSFTATMIV.U,2019-10-07T00:00:00Z,26.9
13800,MSFTATMIV.U,2019-10-08T00:00:00Z,29.54
13801,MSFTATMIV.U,2019-10-09T00:00:00Z,27.15
13802,MSFTATMIV.U,2019-10-10T00:00:00Z,25.76
13803,MSFTATMIV.U,2019-10-11T00:00:00Z,24.57
13804,MSFTATMIV.U,2019-10-14T00:00:00Z,23.53
13805,MSFTATMIV.U,2019-10-15T00:00:00Z,21.2
13806,MSFTATMIV.U,2019-10-16T00:00:00Z,22.18
13807,MSFTATMIV.U,2019-10-17T00:00:00Z,22.0
13808,MSFTATMIV.U,2019-10-18T00:00:00Z,23.69
13809,MSFTATMIV.U,2019-10-21T00:00:00Z,24.08
13810,MSFTATMIV.U,2019-10-22T00:00:00Z,25.21
13811,MSFTATMIV.U,2019-10-23T00:00:00Z,24.71
13812,MSFTATMIV.U,2019-10-24T00:00:00Z,16.95
13813,MSFTATMIV.U,2019-10-25T00:00:00Z,16.11
13814,MSFTATMIV.U,2019-10-28T00:00:00Z,16.11
13815,MSFTATMIV.U,2019-10-29T00:00:00Z,16.46
13816,MSFTATMIV.U,2019-10-30T00:00:00Z,15.18
13817,MSFTATMIV.U,2019-10-31T00:00:00Z,16.27
13818,MSFTATMIV.U,2019-11-01T00:00:00Z,15.99
13819,MSFTATMIV.U,2019-11-04T00:00:00Z,15.53
13820,MSFTATMIV.U,2019-11-05T00:00:00Z,15.77
13821,MSFTATMIV.U,2019-11-06T00:00:00Z,15.09
13822,MSFTATMIV.U,2019-11-07T00:00:00Z,15.16
13823,MSFTATMIV.U,2019-11-08T00:00:00Z,16.04
13824,MSFTATMIV.U,2019-11-11T00:00:00Z,15.2
13825,MSFTATMIV.U,2019-11-12T00:00:00Z,14.59
13826,MSFTATMIV.U,2019-11-13T00:00:00Z,14.8
13827,MSFTATMIV.U,2019-11-14T00:00:00Z,14.43
13828,MSFTATMIV.U,2019-11-15T00:00:00Z,13.69
13829,MSFTATMIV.U,2019-11-18T00:00:00Z,15.18
13830,MSFTATMIV.U,2019-11-19T00:00:00Z,14.78
13831,MSFTATMIV.U,2019-11-20T00:00:00Z,16.13
13832,MSFTATMIV.U,2019-11-21T00:00:00Z,16.43
13833,MSFTATMIV.U,2019-11-22T00:00:00Z,15.47
13834,MSFTATMIV.U,2019-11-25T00:00:00Z,14.55
13835,MSFTATMIV.U,2019-11-26T00:00:00Z,13.55
13836,MSFTATMIV.U,2019-11-27T00:00:00Z,14.83
13837,MSFTATMIV.U,2019-11-27T00:00:00Z,14.83
13838,MSFTATMIV.U,2019-11-29T00:00:00Z,15.55
13839,MSFTATMIV.U,2019-12-02T00:00:00Z,17.46
13840,MSFTATMIV.U,2019-12-03T00:00:00Z,17.19
13841,MSFTATMIV.U,2019-12-04T00:00:00Z,16.0
13842,MSFTATMIV.U,2019-12-05T00:00:00Z,16.63
13843,MSFTATMIV.U,2019-12-06T00:00:00Z,15.05
13844,MSFTATMIV.U,2019-12-09T00:00:00Z,16.52
13845,MSFTATMIV.U,2019-12-10T00:00:00Z,16.61
13846,MSFTATMIV.U,2019-12-11T00:00:00Z,16.1
13847,MSFTATMIV.U,2019-12-12T00:00:00Z,15.95
13848,MSFTATMIV.U,2019-12-13T00:00:00Z,13.54
13849,MSFTATMIV.U,2019-12-16T00:00:00Z,14.97
13850,MSFTATMIV.U,2019-12-17T00:00:00Z,14.71
13851,MSFTATMIV.U,2019-12-18T00:00:00Z,14.71
13852,MSFTATMIV.U,2019-12-19T00:00:00Z,14.79
13853,MSFTATMIV.U,2019-12-20T00:00:00Z,14.4
13854,MSFTATMIV.U,2019-12-23T00:00:00Z,14.74
13855,MSFTATMIV.U,2019-12-24T00:00:00Z,14.86
13856,MSFTATMIV.U,2019-12-24T00:00:00Z,14.86
13857,MSFTATMIV.U,2019-12-26T00:00:00Z,17.26
13858,MSFTATMIV.U,2019-12-27T00:00:00Z,17.92
13859,MSFTATMIV.U,2019-12-30T00:00:00Z,19.9
13860,MSFTATMIV.U,2019-12-31T00:00:00Z,20.39
13861,MSFTATMIV.U,2019-12-31T00:00:00Z,20.39
13862,MSFTATMIV.U,2020-01-02T00:00:00Z,20.04
13863,MSFTATMIV.U,2020-01-03T00:00:00Z,21.25
13864,MSFTATMIV.U,2020-01-06T00:00:00Z,21.74
13865,MSFTATMIV.U,2020-01-07T00:00:00Z,22.01
13866,MSFTATMIV.U,2020-01-08T00:00:00Z,21.15
13867,MSFTATMIV.U,2020-01-09T00:00:00Z,20.32
13868,MSFTATMIV.U,2020-01-10T00:00:00Z,21.53
13869,MSFTATMIV.U,2020-01-13T00:00:00Z,21.12
13870,MSFTATMIV.U,2020-01-14T00:00:00Z,21.51
13871,MSFTATMIV.U,2020-01-15T00:00:00Z,21.29
13872,MSFTATMIV.U,2020-01-16T00:00:00Z,20.45
13873,MSFTATMIV.U,2020-01-17T00:00:00Z,20.45
13874,MSFTATMIV.U,2020-01-17T00:00:00Z,20.45
13875,MSFTATMIV.U,2020-01-21T00:00:00Z,22.03
13876,MSFTATMIV.U,2020-01-22T00:00:00Z,21.79
13877,MSFTATMIV.U,2020-01-23T00:00:00Z,22.02
13878,MSFTATMIV.U,2020-01-24T00:00:00Z,22.53
13879,MSFTATMIV.U,2020-01-27T00:00:00Z,25.02
13880,MSFTATMIV.U,2020-01-28T00:00:00Z,23.22
13881,MSFTATMIV.U,2020-01-29T00:00:00Z,22.27
13882,MSFTATMIV.U,2020-01-30T00:00:00Z,19.3
13883,MSFTATMIV.U,2020-01-31T00:00:00Z,21.93
13884,MSFTATMIV.U,2020-02-03T00:00:00Z,20.42
13885,MSFTATMIV.U,2020-02-04T00:00:00Z,21.12
13886,MSFTATMIV.U,2020-02-05T00:00:00Z,23.52
13887,MSFTATMIV.U,2020-02-06T00:00:00Z,23.7
13888,MSFTATMIV.U,2020-02-07T00:00:00Z,24.34
13889,MSFTATMIV.U,2020-02-10T00:00:00Z,25.97
13890,MSFTATMIV.U,2020-02-11T00:00:00Z,29.06
13891,MSFTATMIV.U,2020-02-12T00:00:00Z,25.96
13892,MSFTATMIV.U,2020-02-13T00:00:00Z,24.83
13893,MSFTATMIV.U,2020-02-14T00:00:00Z,23.74
13894,MSFTATMIV.U,2020-02-14T00:00:00Z,23.74
13895,MSFTATMIV.U,2020-02-18T00:00:00Z,22.75
13896,MSFTATMIV.U,2020-02-19T00:00:00Z,22.18
13897,MSFTATMIV.U,2020-02-20T00:00:00Z,23.67
13898,MSFTATMIV.U,2020-02-21T00:00:00Z,28.03
13899,MSFTATMIV.U,2020-02-24T00:00:00Z,34.19
13900,MSFTATMIV.U,2020-02-25T00:00:00Z,36.24
13901,MSFTATMIV.U,2020-02-26T00:00:00Z,34.37
13902,MSFTATMIV.U,2020-02-27T00:00:00Z,43.59
13903,MSFTATMIV.U,2020-02-28T00:00:00Z,50.01
13904,MSFTATMIV.U,2020-03-02T00:00:00Z,36.33
13905,MSFTATMIV.U,2020-03-03T00:00:00Z,46.97
13906,MSFTATMIV.U,2020-03-04T00:00:00Z,34.81
13907,MSFTATMIV.U,2020-03-05T00:00:00Z,47.26
13908,MSFTATMIV.U,2020-03-06T00:00:00Z,51.9
13909,MSFTATMIV.U,2020-03-09T00:00:00Z,60.04
13910,MSFTATMIV.U,2020-03-10T00:00:00Z,49.7
13911,MSFTATMIV.U,2020-03-11T00:00:00Z,56.74
13912,MSFTATMIV.U,2020-03-12T00:00:00Z,73.67
13913,MSFTATMIV.U,2020-03-13T00:00:00Z,44.86
13914,MSFTATMIV.U,2020-03-16T00:00:00Z,88.72
13915,MSFTATMIV.U,2020-03-17T00:00:00Z,72.75
13916,MSFTATMIV.U,2020-03-18T00:00:00Z,82.63
13917,MSFTATMIV.U,2020-03-19T00:00:00Z,72.15
13918,MSFTATMIV.U,2020-03-20T00:00:00Z,65.97
13919,MSFTATMIV.U,2020-03-23T00:00:00Z,60.8
13920,MSFTATMIV.U,2020-03-24T00:00:00Z,52.66
13921,MSFTATMIV.U,2020-03-25T00:00:00Z,61.35
13922,MSFTATMIV.U,2020-03-26T00:00:00Z,53.22
13923,MSFTATMIV.U,2020-03-27T00:00:00Z,58.14
13924,MSFTATMIV.U,2020-03-30T00:00:00Z,52.3
13925,MSFTATMIV.U,2020-03-31T00:00:00Z,52.64
13926,MSFTATMIV.U,2020-04-01T00:00:00Z,55.97
13927,MSFTATMIV.U,2020-04-02T00:00:00Z,51.47
13928,MSFTATMIV.U,2020-04-03T00:00:00Z,50.67
13929,MSFTATMIV.U,2020-04-06T00:00:00Z,40.88
13930,MSFTATMIV.U,2020-04-07T00:00:00Z,43.75
13931,MSFTATMIV.U,2020-04-08T00:00:00Z,42.01
13932,MSFTATMIV.U,2020-04-09T00:00:00Z,40.09
13933,MSFTATMIV.U,2020-04-09T00:00:00Z,40.09
13934,MSFTATMIV.U,2020-04-13T00:00:00Z,40.42
13935,MSFTATMIV.U,2020-04-14T00:00:00Z,36.88
13936,MSFTATMIV.U,2020-04-15T00:00:00Z,39.98
13937,MSFTATMIV.U,2020-04-16T00:00:00Z,40.83
13938,MSFTATMIV.U,2020-04-17T00:00:00Z,38.62
13939,MSFTATMIV.U,2020-04-20T00:00:00Z,42.16
13940,MSFTATMIV.U,2020-04-21T00:00:00Z,47.13
13941,MSFTATMIV.U,2020-04-22T00:00:00Z,42.79
13942,MSFTATMIV.U,2020-04-23T00:00:00Z,42.03
13943,MSFTATMIV.U,2020-04-24T00:00:00Z,39.53
13944,MSFTATMIV.U,2020-04-27T00:00:00Z,38.61
13945,MSFTATMIV.U,2020-04-28T00:00:00Z,38.36
13946,MSFTATMIV.U,2020-04-29T00:00:00Z,37.27
13947,MSFTATMIV.U,2020-04-30T00:00:00Z,31.1
13948,MSFTATMIV.U,2020-05-01T00:00:00Z,34.47
13949,MSFTATMIV.U,2020-05-04T00:00:00Z,33.67
13950,MSFTATMIV.U,2020-05-05T00:00:00Z,31.03
13951,MSFTATMIV.U,2020-05-06T00:00:00Z,30.49
13952,MSFTATMIV.U,2020-05-07T00:00:00Z,29.77
13953,MSFTATMIV.U,2020-05-08T00:00:00Z,26.9
13954,MSFTATMIV.U,2020-05-11T00:00:00Z,26.84
13955,MSFTATMIV.U,2020-05-12T00:00:00Z,28.44
13956,MSFTATMIV.U,2020-05-13T00:00:00Z,33.51
13957,MSFTATMIV.U,2020-05-14T00:00:00Z,31.91
13958,MSFTATMIV.U,2020-05-15T00:00:00Z,29.38
13959,MSFTATMIV.U,2020-05-18T00:00:00Z,25.61
13960,MSFTATMIV.U,2020-05-19T00:00:00Z,27.25
13961,MSFTATMIV.U,2020-05-20T00:00:00Z,27.13
13962,MSFTATMIV.U,2020-05-21T00:00:00Z,28.4
13963,MSFTATMIV.U,2020-05-22T00:00:00Z,27.89
13964,MSFTATMIV.U,2020-05-22T00:00:00Z,27.89
13965,MSFTATMIV.U,2020-05-26T00:00:00Z,28.18
13966,MSFTATMIV.U,2020-05-27T00:00:00Z,27.88
13967,MSFTATMIV.U,2020-05-28T00:00:00Z,28.25
13968,MSFTATMIV.U,2020-05-29T00:00:00Z,25.88
13969,MSFTATMIV.U,2020-06-01T00:00:00Z,26.56
13970,MSFTATMIV.U,2020-06-02T00:00:00Z,25.28
13971,MSFTATMIV.U,2020-06-03T00:00:00Z,24.38
13972,MSFTATMIV.U,2020-06-04T00:00:00Z,25.61
13973,MSFTATMIV.U,2020-06-05T00:00:00Z,22.65
13974,MSFTATMIV.U,2020-06-08T00:00:00Z,25.28
13975,MSFTATMIV.U,2020-06-09T00:00:00Z,26.68
13976,MSFTATMIV.U,2020-06-10T00:00:00Z,27.7
13977,MSFTATMIV.U,2020-06-11T00:00:00Z,35.86
13978,MSFTATMIV.U,2020-06-12T00:00:00Z,35.21
13979,MSFTATMIV.U,2020-06-15T00:00:00Z,33.3
13980,MSFTATMIV.U,2020-06-16T00:00:00Z,32.45
13981,MSFTATMIV.U,2020-06-17T00:00:00Z,32.59
13982,MSFTATMIV.U,2020-06-18T00:00:00Z,31.57
13983,MSFTATMIV.U,2020-06-19T00:00:00Z,32.08
13984,MSFTATMIV.U,2020-06-22T00:00:00Z,32.11
13985,MSFTATMIV.U,2020-06-23T00:00:00Z,31.7
13986,MSFTATMIV.U,2020-06-24T00:00:00Z,36.11
13987,MSFTATMIV.U,2020-06-25T00:00:00Z,34.41
13988,MSFTATMIV.U,2020-06-26T00:00:00Z,36.91
13989,MSFTATMIV.U,2020-06-29T00:00:00Z,36.02
13990,MSFTATMIV.U,2020-06-30T00:00:00Z,31.36
13991,MSFTATMIV.U,2020-07-01T00:00:00Z,30.6
13992,MSFTATMIV.U,2020-07-02T00:00:00Z,30.49
13993,MSFTATMIV.U,2020-07-02T00:00:00Z,30.49
13994,MSFTATMIV.U,2020-07-06T00:00:00Z,32.2
13995,MSFTATMIV.U,2020-07-07T00:00:00Z,34.65
13996,MSFTATMIV.U,2020-07-08T00:00:00Z,33.87
13997,MSFTATMIV.U,2020-07-09T00:00:00Z,36.07
13998,MSFTATMIV.U,2020-07-10T00:00:00Z,35.19
13999,MSFTATMIV.U,2020-07-13T00:00:00Z,39.65
14000,MSFTATMIV.U,2020-07-14T00:00:00Z,40.22
14001,MSFTATMIV.U,2020-07-15T00:00:00Z,40.11
14002,MSFTATMIV.U,2020-07-16T00:00:00Z,39.82
14003,MSFTATMIV.U,2020-07-17T00:00:00Z,36.66
14004,MSFTATMIV.U,2020-07-20T00:00:00Z,35.27
14005,MSFTATMIV.U,2020-07-21T00:00:00Z,37.24
14006,MSFTATMIV.U,2020-07-22T00:00:00Z,33.04
14007,MSFTATMIV.U,2020-07-23T00:00:00Z,33.49
14008,MSFTATMIV.U,2020-07-24T00:00:00Z,31.75
14009,MSFTATMIV.U,2020-07-27T00:00:00Z,29.71
14010,MSFTATMIV.U,2020-07-28T00:00:00Z,29.37
14011,MSFTATMIV.U,2020-07-29T00:00:00Z,28.4
14012,MSFTATMIV.U,2020-07-30T00:00:00Z,28.74
14013,MSFTATMIV.U,2020-07-31T00:00:00Z,29.36
14014,MSFTATMIV.U,2020-08-03T00:00:00Z,33.76
14015,MSFTATMIV.U,2020-08-04T00:00:00Z,32.33
14016,MSFTATMIV.U,2020-08-05T00:00:00Z,32.24
14017,MSFTATMIV.U,2020-08-06T00:00:00Z,31.36
14018,MSFTATMIV.U,2020-08-07T00:00:00Z,32.73
14019,MSFTATMIV.U,2020-08-10T00:00:00Z,33.65
14020,MSFTATMIV.U,2020-08-11T00:00:00Z,33.65
14021,MSFTATMIV.U,2020-08-12T00:00:00Z,30.67
14022,MSFTATMIV.U,2020-08-13T00:00:00Z,30.66
14023,MSFTATMIV.U,2020-08-14T00:00:00Z,29.85
14024,MSFTATMIV.U,2020-08-17T00:00:00Z,27.65
14025,MSFTATMIV.U,2020-08-18T00:00:00Z,26.6
14026,MSFTATMIV.U,2020-08-19T00:00:00Z,26.57
14027,MSFTATMIV.U,2020-08-20T00:00:00Z,26.82
14028,MSFTATMIV.U,2020-08-21T00:00:00Z,28.26
14029,MSFTATMIV.U,2020-08-24T00:00:00Z,29.08
14030,MSFTATMIV.U,2020-08-25T00:00:00Z,29.82
14031,MSFTATMIV.U,2020-08-26T00:00:00Z,34.34
14032,MSFTATMIV.U,2020-08-27T00:00:00Z,39.0
14033,MSFTATMIV.U,2020-08-28T00:00:00Z,39.5
14034,MSFTATMIV.U,2020-08-31T00:00:00Z,38.2
14035,MSFTATMIV.U,2020-09-01T00:00:00Z,39.29
14036,MSFTATMIV.U,2020-09-02T00:00:00Z,38.32
14037,MSFTATMIV.U,2020-09-03T00:00:00Z,47.06
14038,MSFTATMIV.U,2020-09-04T00:00:00Z,47.11
14039,MSFTATMIV.U,2020-09-04T00:00:00Z,47.11
14040,MSFTATMIV.U,2020-09-08T00:00:00Z,46.02
14041,MSFTATMIV.U,2020-09-09T00:00:00Z,40.29
14042,MSFTATMIV.U,2020-09-10T00:00:00Z,37.78
14043,MSFTATMIV.U,2020-09-11T00:00:00Z,35.87
14044,MSFTATMIV.U,2020-09-14T00:00:00Z,32.89
14045,MSFTATMIV.U,2020-09-15T00:00:00Z,31.69
14046,MSFTATMIV.U,2020-09-16T00:00:00Z,33.76
14047,MSFTATMIV.U,2020-09-17T00:00:00Z,35.95
14048,MSFTATMIV.U,2020-09-18T00:00:00Z,34.59
14049,MSFTATMIV.U,2020-09-21T00:00:00Z,37.03
14050,MSFTATMIV.U,2020-09-22T00:00:00Z,35.67
14051,MSFTATMIV.U,2020-09-23T00:00:00Z,38.34
14052,MSFTATMIV.U,2020-09-24T00:00:00Z,36.86
14053,MSFTATMIV.U,2020-09-25T00:00:00Z,33.05
14054,MSFTATMIV.U,2020-09-28T00:00:00Z,31.92
14055,MSFTATMIV.U,2020-09-29T00:00:00Z,33.84
14056,MSFTATMIV.U,2020-09-30T00:00:00Z,31.41
14057,MSFTATMIV.U,2020-10-01T00:00:00Z,34.51
14058,MSFTATMIV.U,2020-10-02T00:00:00Z,37.77
14059,MSFTATMIV.U,2020-10-05T00:00:00Z,36.36
14060,MSFTATMIV.U,2020-10-06T00:00:00Z,38.07
14061,MSFTATMIV.U,2020-10-07T00:00:00Z,36.71
14062,MSFTATMIV.U,2020-10-08T00:00:00Z,36.01
14063,MSFTATMIV.U,2020-10-09T00:00:00Z,33.27
14064,MSFTATMIV.U,2020-10-12T00:00:00Z,33.99
14065,MSFTATMIV.U,2020-10-13T00:00:00Z,33.61
14066,MSFTATMIV.U,2020-10-14T00:00:00Z,35.29
14067,MSFTATMIV.U,2020-10-15T00:00:00Z,34.25
14068,MSFTATMIV.U,2020-10-16T00:00:00Z,33.88
14069,MSFTATMIV.U,2020-10-19T00:00:00Z,37.75
14070,MSFTATMIV.U,2020-10-20T00:00:00Z,35.8
14071,MSFTATMIV.U,2020-10-21T00:00:00Z,35.77
14072,MSFTATMIV.U,2020-10-22T00:00:00Z,36.1
14073,MSFTATMIV.U,2020-10-23T00:00:00Z,34.6
14074,MSFTATMIV.U,2020-10-26T00:00:00Z,39.85
14075,MSFTATMIV.U,2020-10-27T00:00:00Z,37.85
14076,MSFTATMIV.U,2020-10-28T00:00:00Z,40.16
14077,MSFTATMIV.U,2020-10-29T00:00:00Z,36.22
14078,MSFTATMIV.U,2020-10-30T00:00:00Z,38.21
14079,MSFTATMIV.U,2020-11-02T00:00:00Z,36.95
14080,MSFTATMIV.U,2020-11-03T00:00:00Z,34.18
14081,MSFTATMIV.U,2020-11-04T00:00:00Z,29.95
14082,MSFTATMIV.U,2020-11-05T00:00:00Z,29.06
14083,MSFTATMIV.U,2020-11-06T00:00:00Z,26.96
14084,MSFTATMIV.U,2020-11-09T00:00:00Z,27.4
14085,MSFTATMIV.U,2020-11-10T00:00:00Z,29.25
14086,MSFTATMIV.U,2020-11-11T00:00:00Z,27.55
14087,MSFTATMIV.U,2020-11-12T00:00:00Z,27.96
14088,MSFTATMIV.U,2020-11-13T00:00:00Z,26.25
14089,MSFTATMIV.U,2020-11-16T00:00:00Z,25.06
14090,MSFTATMIV.U,2020-11-17T00:00:00Z,25.53
14091,MSFTATMIV.U,2020-11-18T00:00:00Z,25.3
14092,MSFTATMIV.U,2020-11-19T00:00:00Z,24.37
14093,MSFTATMIV.U,2020-11-20T00:00:00Z,25.73
14094,MSFTATMIV.U,2020-11-23T00:00:00Z,24.99
14095,MSFTATMIV.U,2020-11-24T00:00:00Z,24.13
14096,MSFTATMIV.U,2020-11-25T00:00:00Z,24.23
14097,MSFTATMIV.U,2020-11-25T00:00:00Z,24.23
14098,MSFTATMIV.U,2020-11-27T00:00:00Z,24.57
14099,MSFTATMIV.U,2020-11-30T00:00:00Z,25.31
14100,MSFTATMIV.U,2020-12-01T00:00:00Z,25.57
14101,MSFTATMIV.U,2020-12-02T00:00:00Z,26.24
14102,MSFTATMIV.U,2020-12-03T00:00:00Z,25.83
14103,MSFTATMIV.U,2020-12-04T00:00:00Z,24.48
14104,MSFTATMIV.U,2020-12-07T00:00:00Z,25.93
14105,MSFTATMIV.U,2020-12-08T00:00:00Z,25.54
14106,MSFTATMIV.U,2020-12-09T00:00:00Z,26.98
14107,MSFTATMIV.U,2020-12-10T00:00:00Z,28.32
14108,MSFTATMIV.U,2020-12-11T00:00:00Z,27.92
14109,MSFTATMIV.U,2020-12-14T00:00:00Z,27.44
14110,MSFTATMIV.U,2020-12-15T00:00:00Z,28.05
14111,MSFTATMIV.U,2020-12-16T00:00:00Z,27.96
14112,MSFTATMIV.U,2020-12-17T00:00:00Z,27.0
14113,MSFTATMIV.U,2020-12-18T00:00:00Z,27.36
14114,MSFTATMIV.U,2020-12-21T00:00:00Z,26.55
14115,MSFTATMIV.U,2020-12-22T00:00:00Z,23.37
14116,MSFTATMIV.U,2020-12-23T00:00:00Z,25.42
14117,MSFTATMIV.U,2020-12-24T00:00:00Z,27.26
14118,MSFTATMIV.U,2020-12-24T00:00:00Z,27.26
14119,MSFTATMIV.U,2020-12-28T00:00:00Z,27.57
14120,MSFTATMIV.U,2020-12-29T00:00:00Z,28.34
14121,MSFTATMIV.U,2020-12-30T00:00:00Z,28.55
14122,MSFTATMIV.U,2020-12-31T00:00:00Z,28.36
14123,MSFTATMIV.U,2020-12-31T00:00:00Z,28.36
14124,MSFTATMIV.U,2021-01-04T00:00:00Z,31.75
14125,MSFTATMIV.U,2021-01-05T00:00:00Z,30.45
14126,MSFTATMIV.U,2021-01-06T00:00:00Z,31.61
14127,MSFTATMIV.U,2021-01-07T00:00:00Z,29.44
14128,MSFTATMIV.U,2021-01-08T00:00:00Z,28.93
14129,MSFTATMIV.U,2021-01-11T00:00:00Z,31.05
14130,MSFTATMIV.U,2021-01-12T00:00:00Z,29.88
14131,MSFTATMIV.U,2021-01-13T00:00:00Z,28.8
14132,MSFTATMIV.U,2021-01-14T00:00:00Z,28.99
14133,MSFTATMIV.U,2021-01-15T00:00:00Z,28.29
14134,MSFTATMIV.U,2021-01-15T00:00:00Z,28.29
14135,MSFTATMIV.U,2021-01-19T00:00:00Z,26.68
14136,MSFTATMIV.U,2021-01-20T00:00:00Z,27.91
14137,MSFTATMIV.U,2021-01-21T00:00:00Z,28.91
14138,MSFTATMIV.U,2021-01-22T00:00:00Z,29.36
14139,MSFTATMIV.U,2021-01-25T00:00:00Z,31.03
14140,MSFTATMIV.U,2021-01-26T00:00:00Z,33.34
14141,MSFTATMIV.U,2021-01-27T00:00:00Z,32.87
14142,MSFTATMIV.U,2021-01-28T00:00:00Z,29.26
14143,MSFTATMIV.U,2021-01-29T00:00:00Z,32.53
14144,MSFTATMIV.U,2021-02-01T00:00:00Z,28.71
14145,MSFTATMIV.U,2021-02-02T00:00:00Z,26.02
14146,MSFTATMIV.U,2021-02-03T00:00:00Z,25.71
14147,MSFTATMIV.U,2021-02-04T00:00:00Z,25.23
14148,MSFTATMIV.U,2021-02-05T00:00:00Z,23.5
14149,MSFTATMIV.U,2021-02-08T00:00:00Z,23.43
14150,MSFTATMIV.U,2021-02-09T00:00:00Z,23.57
14151,MSFTATMIV.U,2021-02-10T00:00:00Z,23.56
14152,MSFTATMIV.U,2021-02-11T00:00:00Z,22.62
14153,MSFTATMIV.U,2021-02-12T00:00:00Z,21.36
14154,MSFTATMIV.U,2021-02-12T00:00:00Z,21.36
14155,MSFTATMIV.U,2021-02-16T00:00:00Z,24.05
14156,MSFTATMIV.U,2021-02-17T00:00:00Z,22.22
14157,MSFTATMIV.U,2021-02-18T00:00:00Z,23.4
14158,MSFTATMIV.U,2021-02-19T00:00:00Z,22.94
14159,MSFTATMIV.U,2021-02-22T00:00:00Z,26.04
14160,MSFTATMIV.U,2021-02-23T00:00:00Z,26.12
14161,MSFTATMIV.U,2021-02-24T00:00:00Z,27.65
14162,MSFTATMIV.U,2021-02-25T00:00:00Z,34.2
14163,MSFTATMIV.U,2021-02-26T00:00:00Z,28.39
14164,MSFTATMIV.U,2021-03-01T00:00:00Z,24.43
14165,MSFTATMIV.U,2021-03-02T00:00:00Z,26.29
14166,MSFTATMIV.U,2021-03-03T00:00:00Z,29.21
14167,MSFTATMIV.U,2021-03-04T00:00:00Z,30.18
14168,MSFTATMIV.U,2021-03-05T00:00:00Z,27.27
14169,MSFTATMIV.U,2021-03-08T00:00:00Z,29.56
14170,MSFTATMIV.U,2021-03-09T00:00:00Z,26.13
14171,MSFTATMIV.U,2021-03-10T00:00:00Z,26.17
14172,MSFTATMIV.U,2021-03-11T00:00:00Z,23.77
14173,MSFTATMIV.U,2021-03-12T00:00:00Z,24.34
14174,MSFTATMIV.U,2021-03-15T00:00:00Z,23.13
14175,MSFTATMIV.U,2021-03-16T00:00:00Z,21.56
14176,MSFTATMIV.U,2021-03-17T00:00:00Z,21.89
14177,MSFTATMIV.U,2021-03-18T00:00:00Z,26.88
14178,MSFTATMIV.U,2021-03-19T00:00:00Z,23.41
14179,MSFTATMIV.U,2021-03-22T00:00:00Z,21.2
14180,MSFTATMIV.U,2021-03-23T00:00:00Z,21.96
14181,MSFTATMIV.U,2021-03-24T00:00:00Z,23.18
14182,MSFTATMIV.U,2021-03-25T00:00:00Z,25.72
14183,MSFTATMIV.U,2021-03-26T00:00:00Z,22.91
14184,MSFTATMIV.U,2021-03-29T00:00:00Z,25.13
14185,MSFTATMIV.U,2021-03-30T00:00:00Z,25.94
14186,MSFTATMIV.U,2021-03-31T00:00:00Z,25.59
14187,MSFTATMIV.U,2021-04-01T00:00:00Z,23.57
14188,MSFTATMIV.U,2021-04-01T00:00:00Z,23.57
14189,MSFTATMIV.U,2021-04-05T00:00:00Z,25.99
14190,MSFTATMIV.U,2021-04-06T00:00:00Z,24.59
14191,MSFTATMIV.U,2021-04-07T00:00:00Z,24.5
14192,MSFTATMIV.U,2021-04-08T00:00:00Z,23.47
14193,MSFTATMIV.U,2021-04-09T00:00:00Z,23.59
14194,MSFTATMIV.U,2021-04-12T00:00:00Z,23.93
14195,MSFTATMIV.U,2021-04-13T00:00:00Z,23.75
14196,MSFTATMIV.U,2021-04-14T00:00:00Z,24.29
14197,MSFTATMIV.U,2021-04-15T00:00:00Z,22.91
14198,MSFTATMIV.U,2021-04-16T00:00:00Z,22.49
14199,MSFTATMIV.U,2021-04-19T00:00:00Z,23.74
14200,MSFTATMIV.U,2021-04-20T00:00:00Z,24.65
14201,MSFTATMIV.U,2021-04-21T00:00:00Z,23.63
14202,MSFTATMIV.U,2021-04-22T00:00:00Z,24.06
14203,MSFTATMIV.U,2021-04-23T00:00:00Z,22.1
14204,MSFTATMIV.U,2021-04-26T00:00:00Z,22.63
14205,MSFTATMIV.U,2021-04-27T00:00:00Z,23.71
14206,MSFTATMIV.U,2021-04-28T00:00:00Z,20.89
14207,MSFTATMIV.U,2021-04-29T00:00:00Z,19.55
14208,MSFTATMIV.U,2021-04-30T00:00:00Z,19.11
14209,MSFTATMIV.U,2021-05-03T00:00:00Z,19.17
14210,MSFTATMIV.U,2021-05-04T00:00:00Z,20.6
14211,MSFTATMIV.U,2021-05-05T00:00:00Z,19.69
14212,MSFTATMIV.U,2021-05-06T00:00:00Z,19.62
14213,MSFTATMIV.U,2021-05-07T00:00:00Z,18.33
14214,MSFTATMIV.U,2021-05-10T00:00:00Z,21.29
14215,MSFTATMIV.U,2021-05-11T00:00:00Z,22.35
14216,MSFTATMIV.U,2021-05-12T00:00:00Z,27.73
14217,MSFTATMIV.U,2021-05-13T00:00:00Z,23.98
14218,MSFTATMIV.U,2021-05-14T00:00:00Z,20.1
14219,MSFTATMIV.U,2021-05-17T00:00:00Z,22.63
14220,MSFTATMIV.U,2021-05-18T00:00:00Z,21.67
14221,MSFTATMIV.U,2021-05-19T00:00:00Z,22.97
14222,MSFTATMIV.U,2021-05-20T00:00:00Z,22.25
14223,MSFTATMIV.U,2021-05-21T00:00:00Z,20.46
14224,MSFTATMIV.U,2021-05-24T00:00:00Z,18.92
14225,MSFTATMIV.U,2021-05-25T00:00:00Z,19.24
14226,MSFTATMIV.U,2021-05-26T00:00:00Z,18.45
14227,MSFTATMIV.U,2021-05-27T00:00:00Z,18.99
14228,MSFTATMIV.U,2021-05-28T00:00:00Z,17.83
14229,MSFTATMIV.U,2021-05-28T00:00:00Z,17.83
14230,MSFTATMIV.U,2021-06-01T00:00:00Z,18.77
14231,MSFTATMIV.U,2021-06-02T00:00:00Z,18.26
14232,MSFTATMIV.U,2021-06-03T00:00:00Z,19.01
14233,MSFTATMIV.U,2021-06-04T00:00:00Z,18.0
14234,MSFTATMIV.U,2021-06-07T00:00:00Z,17.62
14235,MSFTATMIV.U,2021-06-08T00:00:00Z,17.52
14236,MSFTATMIV.U,2021-06-09T00:00:00Z,17.45
14237,MSFTATMIV.U,2021-06-10T00:00:00Z,16.58
14238,MSFTATMIV.U,2021-06-11T00:00:00Z,15.45
14239,MSFTATMIV.U,2021-06-14T00:00:00Z,16.12
14240,MSFTATMIV.U,2021-06-15T00:00:00Z,17.18
14241,MSFTATMIV.U,2021-06-16T00:00:00Z,18.37
14242,MSFTATMIV.U,2021-06-17T00:00:00Z,19.13
14243,MSFTATMIV.U,2021-06-18T00:00:00Z,20.23
14244,MSFTATMIV.U,2021-06-21T00:00:00Z,20.28
14245,MSFTATMIV.U,2021-06-22T00:00:00Z,20.48
14246,MSFTATMIV.U,2021-06-23T00:00:00Z,20.61
14247,MSFTATMIV.U,2021-06-24T00:00:00Z,19.91
14248,MSFTATMIV.U,2021-06-25T00:00:00Z,20.63
14249,MSFTATMIV.U,2021-06-28T00:00:00Z,20.75
14250,MSFTATMIV.U,2021-06-29T00:00:00Z,20.48
14251,MSFTATMIV.U,2021-06-30T00:00:00Z,20.62
14252,MSFTATMIV.U,2021-07-01T00:00:00Z,19.91
14253,MSFTATMIV.U,2021-07-02T00:00:00Z,20.19
14254,MSFTATMIV.U,2021-07-02T00:00:00Z,20.19
14255,MSFTATMIV.U,2021-07-06T00:00:00Z,21.03
14256,MSFTATMIV.U,2021-07-07T00:00:00Z,21.62
14257,MSFTATMIV.U,2021-07-08T00:00:00Z,22.8
14258,MSFTATMIV.U,2021-07-09T00:00:00Z,20.72
14259,MSFTATMIV.U,2021-07-12T00:00:00Z,20.42
14260,MSFTATMIV.U,2021-07-13T00:00:00Z,21.19
14261,MSFTATMIV.U,2021-07-14T00:00:00Z,20.62
14262,MSFTATMIV.U,2021-07-15T00:00:00Z,20.01
14263,MSFTATMIV.U,2021-07-16T00:00:00Z,20.48
14264,MSFTATMIV.U,2021-07-19T00:00:00Z,22.32
14265,MSFTATMIV.U,2021-07-20T00:00:00Z,20.06
14266,MSFTATMIV.U,2021-07-21T00:00:00Z,18.99
14267,MSFTATMIV.U,2021-07-22T00:00:00Z,19.75
14268,MSFTATMIV.U,2021-07-23T00:00:00Z,19.34
14269,MSFTATMIV.U,2021-07-26T00:00:00Z,19.96
14270,MSFTATMIV.U,2021-07-27T00:00:00Z,21.64
14271,MSFTATMIV.U,2021-07-28T00:00:00Z,17.01
14272,MSFTATMIV.U,2021-07-29T00:00:00Z,16.31
14273,MSFTATMIV.U,2021-07-30T00:00:00Z,15.83
14274,MSFTATMIV.U,2021-08-02T00:00:00Z,16.32
14275,MSFTATMIV.U,2021-08-03T00:00:00Z,15.62
14276,MSFTATMIV.U,2021-08-04T00:00:00Z,16.17
14277,MSFTATMIV.U,2021-08-05T00:00:00Z,15.39
14278,MSFTATMIV.U,2021-08-06T00:00:00Z,15.58
14279,MSFTATMIV.U,2021-08-09T00:00:00Z,15.99
14280,MSFTATMIV.U,2021-08-10T00:00:00Z,16.05
14281,MSFTATMIV.U,2021-08-11T00:00:00Z,15.26
14282,MSFTATMIV.U,2021-08-12T00:00:00Z,15.52
14283,MSFTATMIV.U,2021-08-13T00:00:00Z,15.48
14284,MSFTATMIV.U,2021-08-16T00:00:00Z,16.09
14285,MSFTATMIV.U,2021-08-17T00:00:00Z,16.87
14286,MSFTATMIV.U,2021-08-18T00:00:00Z,17.57
14287,MSFTATMIV.U,2021-08-19T00:00:00Z,19.14
14288,MSFTATMIV.U,2021-08-20T00:00:00Z,18.65
14289,MSFTATMIV.U,2021-08-23T00:00:00Z,17.07
14290,MSFTATMIV.U,2021-08-24T00:00:00Z,16.69
14291,MSFTATMIV.U,2021-08-25T00:00:00Z,16.24
14292,MSFTATMIV.U,2021-08-26T00:00:00Z,17.35
14293,MSFTATMIV.U,2021-08-27T00:00:00Z,15.04
14294,MSFTATMIV.U,2021-08-30T00:00:00Z,15.64
14295,MSFTATMIV.U,2021-08-31T00:00:00Z,16.16
14296,MSFTATMIV.U,2021-09-01T00:00:00Z,15.64
14297,MSFTATMIV.U,2021-09-02T00:00:00Z,16.17
14298,MSFTATMIV.U,2021-09-03T00:00:00Z,15.82
14299,MSFTATMIV.U,2021-09-03T00:00:00Z,15.82
14300,MSFTATMIV.U,2021-09-07T00:00:00Z,17.69
14301,MSFTATMIV.U,2021-09-08T00:00:00Z,17.61
14302,MSFTATMIV.U,2021-09-09T00:00:00Z,17.86
14303,MSFTATMIV.U,2021-09-10T00:00:00Z,19.16
14304,MSFTATMIV.U,2021-09-13T00:00:00Z,17.52
14305,MSFTATMIV.U,2021-09-14T00:00:00Z,17.88
14306,MSFTATMIV.U,2021-09-15T00:00:00Z,16.33
14307,MSFTATMIV.U,2021-09-16T00:00:00Z,16.9
14308,MSFTATMIV.U,2021-09-17T00:00:00Z,19.19
14309,MSFTATMIV.U,2021-09-20T00:00:00Z,23.82
14310,MSFTATMIV.U,2021-09-21T00:00:00Z,23.45
14311,MSFTATMIV.U,2021-09-22T00:00:00Z,20.59
14312,MSFTATMIV.U,2021-09-23T00:00:00Z,21.02
14313,MSFTATMIV.U,2021-09-24T00:00:00Z,19.68
14314,MSFTATMIV.U,2021-09-27T00:00:00Z,21.95
14315,MSFTATMIV.U,2021-09-28T00:00:00Z,27.83
14316,MSFTATMIV.U,2021-09-29T00:00:00Z,28.66
14317,MSFTATMIV.U,2021-09-30T00:00:00Z,28.57
14318,MSFTATMIV.U,2021-10-01T00:00:00Z,25.32
14319,MSFTATMIV.U,2021-10-04T00:00:00Z,28.96
14320,MSFTATMIV.U,2021-10-05T00:00:00Z,25.39
14321,MSFTATMIV.U,2021-10-06T00:00:00Z,24.85
14322,MSFTATMIV.U,2021-10-07T00:00:00Z,23.14
14323,MSFTATMIV.U,2021-10-08T00:00:00Z,22.37
14324,MSFTATMIV.U,2021-10-11T00:00:00Z,22.84
14325,MSFTATMIV.U,2021-10-12T00:00:00Z,23.01
14326,MSFTATMIV.U,2021-10-13T00:00:00Z,21.61
14327,MSFTATMIV.U,2021-10-14T00:00:00Z,19.49
14328,MSFTATMIV.U,2021-10-15T00:00:00Z,18.28
14329,MSFTATMIV.U,2021-10-18T00:00:00Z,18.99
14330,MSFTATMIV.U,2021-10-19T00:00:00Z,18.64
14331,MSFTATMIV.U,2021-10-20T00:00:00Z,19.02
14332,MSFTATMIV.U,2021-10-21T00:00:00Z,18.42
14333,MSFTATMIV.U,2021-10-22T00:00:00Z,19.26
14334,MSFTATMIV.U,2021-10-25T00:00:00Z,20.14
14335,MSFTATMIV.U,2021-10-26T00:00:00Z,18.99
14336,MSFTATMIV.U,2021-10-27T00:00:00Z,17.18
14337,MSFTATMIV.U,2021-10-28T00:00:00Z,16.94
14338,MSFTATMIV.U,2021-10-29T00:00:00Z,18.26
14339,MSFTATMIV.U,2021-11-01T00:00:00Z,17.46
14340,MSFTATMIV.U,2021-11-02T00:00:00Z,16.82
14341,MSFTATMIV.U,2021-11-03T00:00:00Z,16.65
14342,MSFTATMIV.U,2021-11-04T00:00:00Z,17.85
14343,MSFTATMIV.U,2021-11-05T00:00:00Z,17.99
14344,MSFTATMIV.U,2021-11-08T00:00:00Z,17.58
14345,MSFTATMIV.U,2021-11-09T00:00:00Z,18.27
14346,MSFTATMIV.U,2021-11-10T00:00:00Z,19.46
14347,MSFTATMIV.U,2021-11-11T00:00:00Z,17.85
14348,MSFTATMIV.U,2021-11-12T00:00:00Z,17.3
14349,MSFTATMIV.U,2021-11-15T00:00:00Z,18.12
14350,MSFTATMIV.U,2021-11-16T00:00:00Z,18.37
14351,MSFTATMIV.U,2021-11-17T00:00:00Z,17.98
14352,MSFTATMIV.U,2021-11-18T00:00:00Z,18.75
14353,MSFTATMIV.U,2021-11-19T00:00:00Z,17.63
14354,MSFTATMIV.U,2021-11-22T00:00:00Z,19.84
14355,MSFTATMIV.U,2021-11-23T00:00:00Z,20.48
14356,MSFTATMIV.U,2021-11-24T00:00:00Z,20.0
14357,MSFTATMIV.U,2021-11-24T00:00:00Z,20.0
14358,MSFTATMIV.U,2021-11-26T00:00:00Z,26.88
14359,MSFTATMIV.U,2021-11-29T00:00:00Z,21.26
14360,MSFTATMIV.U,2021-11-30T00:00:00Z,25.5
14361,MSFTATMIV.U,2021-12-01T00:00:00Z,27.36
14362,MSFTATMIV.U,2021-12-02T00:00:00Z,25.95
14363,MSFTATMIV.U,2021-12-03T00:00:00Z,30.81
14364,MSFTATMIV.U,2021-12-06T00:00:00Z,26.53
14365,MSFTATMIV.U,2021-12-07T00:00:00Z,22.04
14366,MSFTATMIV.U,2021-12-08T00:00:00Z,20.68
14367,MSFTATMIV.U,2021-12-09T00:00:00Z,22.88
14368,MSFTATMIV.U,2021-12-10T00:00:00Z,21.07
14369,MSFTATMIV.U,2021-12-13T00:00:00Z,23.15
14370,MSFTATMIV.U,2021-12-14T00:00:00Z,26.01
14371,MSFTATMIV.U,2021-12-15T00:00:00Z,24.3
14372,MSFTATMIV.U,2021-12-16T00:00:00Z,26.59
14373,MSFTATMIV.U,2021-12-17T00:00:00Z,26.12
14374,MSFTATMIV.U,2021-12-20T00:00:00Z,27.87
14375,MSFTATMIV.U,2021-12-21T00:00:00Z,23.98
14376,MSFTATMIV.U,2021-12-22T00:00:00Z,23.78
14377,MSFTATMIV.U,2021-12-23T00:00:00Z,22.24
14378,MSFTATMIV.U,2021-12-23T00:00:00Z,22.24
14379,MSFTATMIV.U,2021-12-27T00:00:00Z,22.67
14380,MSFTATMIV.U,2021-12-28T00:00:00Z,23.29
14381,MSFTATMIV.U,2021-12-29T00:00:00Z,22.45
14382,MSFTATMIV.U,2021-12-30T00:00:00Z,23.96
14383,MSFTATMIV.U,2021-12-31T00:00:00Z,24.28
14384,MSFTATMIV.U,2022-01-03T00:00:00Z,24.23
14385,MSFTATMIV.U,2022-01-04T00:00:00Z,25.97
14386,MSFTATMIV.U,2022-01-05T00:00:00Z,30.75
14387,MSFTATMIV.U,2022-01-06T00:00:00Z,29.67
14388,MSFTATMIV.U,2022-01-07T00:00:00Z,29.65
14389,MSFTATMIV.U,2022-01-10T00:00:00Z,30.07
14390,MSFTATMIV.U,2022-01-11T00:00:00Z,28.49
14391,MSFTATMIV.U,2022-01-12T00:00:00Z,26.78
14392,MSFTATMIV.U,2022-01-13T00:00:00Z,32.88
14393,MSFTATMIV.U,2022-01-14T00:00:00Z,29.44
14394,MSFTATMIV.U,2022-01-14T00:00:00Z,29.44
14395,MSFTATMIV.U,2022-01-18T00:00:00Z,32.33
14396,MSFTATMIV.U,2022-01-19T00:00:00Z,32.32
14397,MSFTATMIV.U,2022-01-20T00:00:00Z,33.02
14398,MSFTATMIV.U,2022-01-21T00:00:00Z,38.64
14399,MSFTATMIV.U,2022-01-24T00:00:00Z,39.89
14400,MSFTATMIV.U,2022-01-25T00:00:00Z,47.38
14401,MSFTATMIV.U,2022-01-26T00:00:00Z,36.18
14402,MSFTATMIV.U,2022-01-27T00:00:00Z,34.88
14403,MSFTATMIV.U,2022-01-28T00:00:00Z,29.62
14404,MSFTATMIV.U,2022-01-31T00:00:00Z,27.45
14405,MSFTATMIV.U,2022-02-01T00:00:00Z,25.68
14406,MSFTATMIV.U,2022-02-02T00:00:00Z,23.47
14407,MSFTATMIV.U,2022-02-03T00:00:00Z,31.51
14408,MSFTATMIV.U,2022-02-04T00:00:00Z,27.59
14409,MSFTATMIV.U,2022-02-07T00:00:00Z,28.2
14410,MSFTATMIV.U,2022-02-08T00:00:00Z,25.32
14411,MSFTATMIV.U,2022-02-09T00:00:00Z,23.53
14412,MSFTATMIV.U,2022-02-10T00:00:00Z,27.56
14413,MSFTATMIV.U,2022-02-11T00:00:00Z,32.05
14414,MSFTATMIV.U,2022-02-14T00:00:00Z,30.92
14415,MSFTATMIV.U,2022-02-15T00:00:00Z,27.2
14416,MSFTATMIV.U,2022-02-16T00:00:00Z,26.22
14417,MSFTATMIV.U,2022-02-17T00:00:00Z,30.95
14418,MSFTATMIV.U,2022-02-18T00:00:00Z,30.44
14419,MSFTATMIV.U,2022-02-18T00:00:00Z,30.44
14420,MSFTATMIV.U,2022-02-22T00:00:00Z,32.83
14421,MSFTATMIV.U,2022-02-23T00:00:00Z,35.06
14422,MSFTATMIV.U,2022-02-24T00:00:00Z,31.65
14423,MSFTATMIV.U,2022-02-25T00:00:00Z,29.52
14424,MSFTATMIV.U,2022-02-28T00:00:00Z,30.77
14425,MSFTATMIV.U,2022-03-01T00:00:00Z,34.27
14426,MSFTATMIV.U,2022-03-02T00:00:00Z,31.16
14427,MSFTATMIV.U,2022-03-03T00:00:00Z,31.95
14428,MSFTATMIV.U,2022-03-04T00:00:00Z,33.66
14429,MSFTATMIV.U,2022-03-07T00:00:00Z,39.57
14430,MSFTATMIV.U,2022-03-08T00:00:00Z,39.77
14431,MSFTATMIV.U,2022-03-09T00:00:00Z,33.68
14432,MSFTATMIV.U,2022-03-10T00:00:00Z,33.11
14433,MSFTATMIV.U,2022-03-11T00:00:00Z,34.76
14434,MSFTATMIV.U,2022-03-14T00:00:00Z,35.94
14435,MSFTATMIV.U,2022-03-15T00:00:00Z,33.2
14436,MSFTATMIV.U,2022-03-16T00:00:00Z,27.58
14437,MSFTATMIV.U,2022-03-17T00:00:00Z,26.41
14438,MSFTATMIV.U,2022-03-18T00:00:00Z,23.92
14439,MSFTATMIV.U,2022-03-21T00:00:00Z,25.36
14440,MSFTATMIV.U,2022-03-22T00:00:00Z,24.55
14441,MSFTATMIV.U,2022-03-23T00:00:00Z,25.7
14442,MSFTATMIV.U,2022-03-24T00:00:00Z,25.64
14443,MSFTATMIV.U,2022-03-25T00:00:00Z,25.49
14444,MSFTATMIV.U,2022-03-28T00:00:00Z,25.62
14445,MSFTATMIV.U,2022-03-29T00:00:00Z,24.39
14446,MSFTATMIV.U,2022-03-30T00:00:00Z,25.94
14447,MSFTATMIV.U,2022-03-31T00:00:00Z,28.47
14448,MSFTATMIV.U,2022-04-01T00:00:00Z,27.11
14449,MSFTATMIV.U,2022-04-04T00:00:00Z,24.82
14450,MSFTATMIV.U,2022-04-05T00:00:00Z,27.36
14451,MSFTATMIV.U,2022-04-06T00:00:00Z,31.23
14452,MSFTATMIV.U,2022-04-07T00:00:00Z,30.06
14453,MSFTATMIV.U,2022-04-08T00:00:00Z,30.53
14454,MSFTATMIV.U,2022-04-11T00:00:00Z,35.01
14455,MSFTATMIV.U,2022-04-12T00:00:00Z,34.79
14456,MSFTATMIV.U,2022-04-13T00:00:00Z,32.27
14457,MSFTATMIV.U,2022-04-14T00:00:00Z,33.24
14458,MSFTATMIV.U,2022-04-14T00:00:00Z,33.24
14459,MSFTATMIV.U,2022-04-18T00:00:00Z,33.33
14460,MSFTATMIV.U,2022-04-19T00:00:00Z,31.53
14461,MSFTATMIV.U,2022-04-20T00:00:00Z,32.5
14462,MSFTATMIV.U,2022-04-21T00:00:00Z,36.0
14463,MSFTATMIV.U,2022-04-22T00:00:00Z,40.94
14464,MSFTATMIV.U,2022-04-25T00:00:00Z,39.36
14465,MSFTATMIV.U,2022-04-26T00:00:00Z,45.09
14466,MSFTATMIV.U,2022-04-27T00:00:00Z,34.02
14467,MSFTATMIV.U,2022-04-28T00:00:00Z,31.56
14468,MSFTATMIV.U,2022-04-29T00:00:00Z,36.11
14469,MSFTATMIV.U,2022-05-02T00:00:00Z,33.98
14470,MSFTATMIV.U,2022-05-03T00:00:00Z,33.38
14471,MSFTATMIV.U,2022-05-04T00:00:00Z,28.09
14472,MSFTATMIV.U,2022-05-05T00:00:00Z,35.71
14473,MSFTATMIV.U,2022-05-06T00:00:00Z,34.19
14474,MSFTATMIV.U,2022-05-09T00:00:00Z,41.14
14475,MSFTATMIV.U,2022-05-10T00:00:00Z,38.04
14476,MSFTATMIV.U,2022-05-11T00:00:00Z,40.86
14477,MSFTATMIV.U,2022-05-12T00:00:00Z,40.33
14478,MSFTATMIV.U,2022-05-13T00:00:00Z,35.44
14479,MSFTATMIV.U,2022-05-16T00:00:00Z,34.24
14480,MSFTATMIV.U,2022-05-17T00:00:00Z,29.55
14481,MSFTATMIV.U,2022-05-18T00:00:00Z,36.06
14482,MSFTATMIV.U,2022-05-19T00:00:00Z,34.1
14483,MSFTATMIV.U,2022-05-20T00:00:00Z,33.4
14484,MSFTATMIV.U,2022-05-23T00:00:00Z,32.37
14485,MSFTATMIV.U,2022-05-24T00:00:00Z,34.61
14486,MSFTATMIV.U,2022-05-25T00:00:00Z,32.99
14487,MSFTATMIV.U,2022-05-26T00:00:00Z,30.7
14488,MSFTATMIV.U,2022-05-27T00:00:00Z,27.85
14489,MSFTATMIV.U,2022-05-27T00:00:00Z,27.85
14490,MSFTATMIV.U,2022-05-31T00:00:00Z,30.31
14491,MSFTATMIV.U,2022-06-01T00:00:00Z,29.88
14492,MSFTATMIV.U,2022-06-02T00:00:00Z,28.26
14493,MSFTATMIV.U,2022-06-03T00:00:00Z,29.01
14494,MSFTATMIV.U,2022-06-06T00:00:00Z,29.72
14495,MSFTATMIV.U,2022-06-07T00:00:00Z,27.91
14496,MSFTATMIV.U,2022-06-08T00:00:00Z,27.67
14497,MSFTATMIV.U,2022-06-09T00:00:00Z,30.14
14498,MSFTATMIV.U,2022-06-10T00:00:00Z,32.44
14499,MSFTATMIV.U,2022-06-13T00:00:00Z,37.92
14500,MSFTATMIV.U,2022-06-14T00:00:00Z,35.3
14501,MSFTATMIV.U,2022-06-15T00:00:00Z,32.37
14502,MSFTATMIV.U,2022-06-16T00:00:00Z,36.34
14503,MSFTATMIV.U,2022-06-17T00:00:00Z,33.57
14504,MSFTATMIV.U,2022-06-17T00:00:00Z,33.57
14505,MSFTATMIV.U,2022-06-21T00:00:00Z,32.64
14506,MSFTATMIV.U,2022-06-22T00:00:00Z,32.68
14507,MSFTATMIV.U,2022-06-23T00:00:00Z,32.84
14508,MSFTATMIV.U,2022-06-24T00:00:00Z,30.58
14509,MSFTATMIV.U,2022-06-27T00:00:00Z,31.66
14510,MSFTATMIV.U,2022-06-28T00:00:00Z,34.85
14511,MSFTATMIV.U,2022-06-29T00:00:00Z,34.51
14512,MSFTATMIV.U,2022-06-30T00:00:00Z,36.51
14513,MSFTATMIV.U,2022-07-01T00:00:00Z,33.79
14514,MSFTATMIV.U,2022-07-01T00:00:00Z,33.79
14515,MSFTATMIV.U,2022-07-05T00:00:00Z,34.57
14516,MSFTATMIV.U,2022-07-06T00:00:00Z,33.53
14517,MSFTATMIV.U,2022-07-07T00:00:00Z,32.04
14518,MSFTATMIV.U,2022-07-08T00:00:00Z,31.35
14519,MSFTATMIV.U,2022-07-11T00:00:00Z,33.71
14520,MSFTATMIV.U,2022-07-12T00:00:00Z,36.45
14521,MSFTATMIV.U,2022-07-13T00:00:00Z,35.71
14522,MSFTATMIV.U,2022-07-14T00:00:00Z,34.5
14523,MSFTATMIV.U,2022-07-15T00:00:00Z,32.65
14524,MSFTATMIV.U,2022-07-18T00:00:00Z,34.26
14525,MSFTATMIV.U,2022-07-19T00:00:00Z,32.78
14526,MSFTATMIV.U,2022-07-20T00:00:00Z,32.24
14527,MSFTATMIV.U,2022-07-21T00:00:00Z,31.11
14528,MSFTATMIV.U,2022-07-22T00:00:00Z,31.94
14529,MSFTATMIV.U,2022-07-25T00:00:00Z,33.28
14530,MSFTATMIV.U,2022-07-26T00:00:00Z,36.11
14531,MSFTATMIV.U,2022-07-27T00:00:00Z,26.14
14532,MSFTATMIV.U,2022-07-28T00:00:00Z,25.16
14533,MSFTATMIV.U,2022-07-29T00:00:00Z,23.11
14534,MSFTATMIV.U,2022-08-01T00:00:00Z,24.56
14535,MSFTATMIV.U,2022-08-02T00:00:00Z,26.11
14536,MSFTATMIV.U,2022-08-03T00:00:00Z,24.19
14537,MSFTATMIV.U,2022-08-04T00:00:00Z,23.66
14538,MSFTATMIV.U,2022-08-05T00:00:00Z,22.69
14539,MSFTATMIV.U,2022-08-08T00:00:00Z,24.02
14540,MSFTATMIV.U,2022-08-09T00:00:00Z,25.05
14541,MSFTATMIV.U,2022-08-10T00:00:00Z,21.94
14542,MSFTATMIV.U,2022-08-11T00:00:00Z,22.44
14543,MSFTATMIV.U,2022-08-12T00:00:00Z,21.3
14544,MSFTATMIV.U,2022-08-15T00:00:00Z,21.09
14545,MSFTATMIV.U,2022-08-16T00:00:00Z,20.92
14546,MSFTATMIV.U,2022-08-17T00:00:00Z,21.88
14547,MSFTATMIV.U,2022-08-18T00:00:00Z,21.38
14548,MSFTATMIV.U,2022-08-19T00:00:00Z,22.57
14549,MSFTATMIV.U,2022-08-22T00:00:00Z,26.41
14550,MSFTATMIV.U,2022-08-23T00:00:00Z,26.52
14551,MSFTATMIV.U,2022-08-24T00:00:00Z,25.74
14552,MSFTATMIV.U,2022-08-25T00:00:00Z,24.58
14553,MSFTATMIV.U,2022-08-26T00:00:00Z,28.59
14554,MSFTATMIV.U,2022-08-29T00:00:00Z,29.19
14555,MSFTATMIV.U,2022-08-30T00:00:00Z,29.2
14556,MSFTATMIV.U,2022-08-31T00:00:00Z,29.37
14557,MSFTATMIV.U,2022-09-01T00:00:00Z,29.4
14558,MSFTATMIV.U,2022-09-02T00:00:00Z,29.57
14559,MSFTATMIV.U,2022-09-02T00:00:00Z,29.57
14560,MSFTATMIV.U,2022-09-06T00:00:00Z,31.13
14561,MSFTATMIV.U,2022-09-07T00:00:00Z,28.0
14562,MSFTATMIV.U,2022-09-08T00:00:00Z,28.06
14563,MSFTATMIV.U,2022-09-09T00:00:00Z,25.76
14564,MSFTATMIV.U,2022-09-12T00:00:00Z,26.29
14565,MSFTATMIV.U,2022-09-13T00:00:00Z,31.32
14566,MSFTATMIV.U,2022-09-14T00:00:00Z,30.26
14567,MSFTATMIV.U,2022-09-15T00:00:00Z,30.46
14568,MSFTATMIV.U,2022-09-16T00:00:00Z,31.81
14569,MSFTATMIV.U,2022-09-19T00:00:00Z,33.23
14570,MSFTATMIV.U,2022-09-20T00:00:00Z,34.09
14571,MSFTATMIV.U,2022-09-21T00:00:00Z,35.25
14572,MSFTATMIV.U,2022-09-22T00:00:00Z,36.65
14573,MSFTATMIV.U,2022-09-23T00:00:00Z,36.63
14574,MSFTATMIV.U,2022-09-26T00:00:00Z,38.65
14575,MSFTATMIV.U,2022-09-27T00:00:00Z,39.28
14576,MSFTATMIV.U,2022-09-28T00:00:00Z,41.47
14577,MSFTATMIV.U,2022-09-29T00:00:00Z,40.14
14578,MSFTATMIV.U,2022-09-30T00:00:00Z,39.41
14579,MSFTATMIV.U,2022-10-03T00:00:00Z,43.26
14580,MSFTATMIV.U,2022-10-04T00:00:00Z,40.16
14581,MSFTATMIV.U,2022-10-05T00:00:00Z,40.27
14582,MSFTATMIV.U,2022-10-06T00:00:00Z,42.04
14583,MSFTATMIV.U,2022-10-07T00:00:00Z,42.75
14584,MSFTATMIV.U,2022-10-10T00:00:00Z,41.32
14585,MSFTATMIV.U,2022-10-11T00:00:00Z,42.43
14586,MSFTATMIV.U,2022-10-12T00:00:00Z,41.27
14587,MSFTATMIV.U,2022-10-13T00:00:00Z,39.66
14588,MSFTATMIV.U,2022-10-14T00:00:00Z,39.82
14589,MSFTATMIV.U,2022-10-17T00:00:00Z,38.94
14590,MSFTATMIV.U,2022-10-18T00:00:00Z,38.55
14591,MSFTATMIV.U,2022-10-19T00:00:00Z,38.59
14592,MSFTATMIV.U,2022-10-20T00:00:00Z,37.86
14593,MSFTATMIV.U,2022-10-21T00:00:00Z,37.07
14594,MSFTATMIV.U,2022-10-24T00:00:00Z,38.27
14595,MSFTATMIV.U,2022-10-25T00:00:00Z,36.74
14596,MSFTATMIV.U,2022-10-26T00:00:00Z,30.11
14597,MSFTATMIV.U,2022-10-27T00:00:00Z,33.47
14598,MSFTATMIV.U,2022-10-28T00:00:00Z,30.34
14599,MSFTATMIV.U,2022-10-31T00:00:00Z,31.31
14600,MSFTATMIV.U,2022-11-01T00:00:00Z,31.58
14601,MSFTATMIV.U,2022-11-02T00:00:00Z,32.69
14602,MSFTATMIV.U,2022-11-03T00:00:00Z,32.6
14603,MSFTATMIV.U,2022-11-04T00:00:00Z,30.81
14604,MSFTATMIV.U,2022-11-07T00:00:00Z,31.32
14605,MSFTATMIV.U,2022-11-08T00:00:00Z,31.92
14606,MSFTATMIV.U,2022-11-09T00:00:00Z,33.32
14607,MSFTATMIV.U,2022-11-10T00:00:00Z,29.09
14608,MSFTATMIV.U,2022-11-11T00:00:00Z,28.37
14609,MSFTATMIV.U,2022-11-14T00:00:00Z,30.33
14610,MSFTATMIV.U,2022-11-15T00:00:00Z,29.43
14611,MSFTATMIV.U,2022-11-16T00:00:00Z,29.28
14612,MSFTATMIV.U,2022-11-17T00:00:00Z,28.96
14613,MSFTATMIV.U,2022-11-18T00:00:00Z,28.27
14614,MSFTATMIV.U,2022-11-21T00:00:00Z,27.81
14615,MSFTATMIV.U,2022-11-22T00:00:00Z,26.71
14616,MSFTATMIV.U,2022-11-23T00:00:00Z,26.8
14617,MSFTATMIV.U,2022-11-23T00:00:00Z,26.8
14618,MSFTATMIV.U,2022-11-25T00:00:00Z,25.95
14619,MSFTATMIV.U,2022-11-28T00:00:00Z,28.61
14620,MSFTATMIV.U,2022-11-29T00:00:00Z,28.79
14621,MSFTATMIV.U,2022-11-30T00:00:00Z,25.67
14622,MSFTATMIV.U,2022-12-01T00:00:00Z,26.34
14623,MSFTATMIV.U,2022-12-02T00:00:00Z,24.98
14624,MSFTATMIV.U,2022-12-05T00:00:00Z,27.75
14625,MSFTATMIV.U,2022-12-06T00:00:00Z,28.97
14626,MSFTATMIV.U,2022-12-07T00:00:00Z,29.59
14627,MSFTATMIV.U,2022-12-08T00:00:00Z,29.43
14628,MSFTATMIV.U,2022-12-09T00:00:00Z,29.45
14629,MSFTATMIV.U,2022-12-12T00:00:00Z,31.0
14630,MSFTATMIV.U,2022-12-13T00:00:00Z,28.48
14631,MSFTATMIV.U,2022-12-14T00:00:00Z,26.99
14632,MSFTATMIV.U,2022-12-15T00:00:00Z,29.0
14633,MSFTATMIV.U,2022-12-16T00:00:00Z,28.68
14634,MSFTATMIV.U,2022-12-19T00:00:00Z,28.89
14635,MSFTATMIV.U,2022-12-20T00:00:00Z,28.41
14636,MSFTATMIV.U,2022-12-21T00:00:00Z,26.77
14637,MSFTATMIV.U,2022-12-22T00:00:00Z,31.06
14638,MSFTATMIV.U,2022-12-23T00:00:00Z,30.5
14639,MSFTATMIV.U,2022-12-23T00:00:00Z,30.5
14640,MSFTATMIV.U,2022-12-27T00:00:00Z,33.68
14641,MSFTATMIV.U,2022-12-28T00:00:00Z,35.01
14642,MSFTATMIV.U,2022-12-29T00:00:00Z,33.93
14643,MSFTATMIV.U,2022-12-30T00:00:00Z,34.18
14644,MSFTATMIV.U,2022-12-30T00:00:00Z,34.18
14645,MSFTATMIV.U,2023-01-03T00:00:00Z,35.74
14646,MSFTATMIV.U,2023-01-04T00:00:00Z,37.35
14647,MSFTATMIV.U,2023-01-05T00:00:00Z,37.49
14648,MSFTATMIV.U,2023-01-06T00:00:00Z,35.0
14649,MSFTATMIV.U,2023-01-09T00:00:00Z,35.1
14650,MSFTATMIV.U,2023-01-10T00:00:00Z,34.31
14651,MSFTATMIV.U,2023-01-11T00:00:00Z,34.14
14652,MSFTATMIV.U,2023-01-12T00:00:00Z,31.54
14653,MSFTATMIV.U,2023-01-13T00:00:00Z,30.64
14654,MSFTATMIV.U,2023-01-13T00:00:00Z,30.64
14655,MSFTATMIV.U,2023-01-17T00:00:00Z,30.79
14656,MSFTATMIV.U,2023-01-18T00:00:00Z,31.66
14657,MSFTATMIV.U,2023-01-19T00:00:00Z,31.72
14658,MSFTATMIV.U,2023-01-20T00:00:00Z,29.36
14659,MSFTATMIV.U,2023-01-23T00:00:00Z,30.75
14660,MSFTATMIV.U,2023-01-24T00:00:00Z,31.0
14661,MSFTATMIV.U,2023-01-25T00:00:00Z,24.99
14662,MSFTATMIV.U,2023-01-26T00:00:00Z,24.46
14663,MSFTATMIV.U,2023-01-27T00:00:00Z,23.96
14664,MSFTATMIV.U,2023-01-30T00:00:00Z,25.66
14665,MSFTATMIV.U,2023-01-31T00:00:00Z,24.77
14666,MSFTATMIV.U,2023-02-01T00:00:00Z,24.35
14667,MSFTATMIV.U,2023-02-02T00:00:00Z,24.54
14668,MSFTATMIV.U,2023-02-03T00:00:00Z,25.53
14669,MSFTATMIV.U,2023-02-06T00:00:00Z,25.79
14670,MSFTATMIV.U,2023-02-07T00:00:00Z,25.25
14671,MSFTATMIV.U,2023-02-08T00:00:00Z,27.9
14672,MSFTATMIV.U,2023-02-09T00:00:00Z,29.47
14673,MSFTATMIV.U,2023-02-10T00:00:00Z,28.38
14674,MSFTATMIV.U,2023-02-13T00:00:00Z,28.98
14675,MSFTATMIV.U,2023-02-14T00:00:00Z,26.44
14676,MSFTATMIV.U,2023-02-15T00:00:00Z,25.73
14677,MSFTATMIV.U,2023-02-16T00:00:00Z,27.72
14678,MSFTATMIV.U,2023-02-17T00:00:00Z,26.49
14679,MSFTATMIV.U,2023-02-17T00:00:00Z,26.49
14680,MSFTATMIV.U,2023-02-21T00:00:00Z,29.77
14681,MSFTATMIV.U,2023-02-22T00:00:00Z,28.84
14682,MSFTATMIV.U,2023-02-23T00:00:00Z,27.4
14683,MSFTATMIV.U,2023-02-24T00:00:00Z,29.52
14684,MSFTATMIV.U,2023-02-27T00:00:00Z,28.49
14685,MSFTATMIV.U,2023-02-28T00:00:00Z,27.9
14686,MSFTATMIV.U,2023-03-01T00:00:00Z,28.26
14687,MSFTATMIV.U,2023-03-02T00:00:00Z,26.69
14688,MSFTATMIV.U,2023-03-03T00:00:00Z,25.09
14689,MSFTATMIV.U,2023-03-06T00:00:00Z,26.11
14690,MSFTATMIV.U,2023-03-07T00:00:00Z,26.04
14691,MSFTATMIV.U,2023-03-08T00:00:00Z,26.33
14692,MSFTATMIV.U,2023-03-09T00:00:00Z,28.58
14693,MSFTATMIV.U,2023-03-10T00:00:00Z,30.37
14694,MSFTATMIV.U,2023-03-13T00:00:00Z,31.41
14695,MSFTATMIV.U,2023-03-14T00:00:00Z,28.36
14696,MSFTATMIV.U,2023-03-15T00:00:00Z,30.99
14697,MSFTATMIV.U,2023-03-16T00:00:00Z,26.77
14698,MSFTATMIV.U,2023-03-17T00:00:00Z,28.16
14699,MSFTATMIV.U,2023-03-20T00:00:00Z,28.46
14700,MSFTATMIV.U,2023-03-21T00:00:00Z,26.61
14701,MSFTATMIV.U,2023-03-22T00:00:00Z,28.44
14702,MSFTATMIV.U,2023-03-23T00:00:00Z,29.07
14703,MSFTATMIV.U,2023-03-24T00:00:00Z,29.11
14704,MSFTATMIV.U,2023-03-27T00:00:00Z,29.74
14705,MSFTATMIV.U,2023-03-28T00:00:00Z,29.1
14706,MSFTATMIV.U,2023-03-29T00:00:00Z,28.97
14707,MSFTATMIV.U,2023-03-30T00:00:00Z,28.86
14708,MSFTATMIV.U,2023-03-31T00:00:00Z,27.95
14709,MSFTATMIV.U,2023-04-03T00:00:00Z,28.55
14710,MSFTATMIV.U,2023-04-04T00:00:00Z,28.79
14711,MSFTATMIV.U,2023-04-05T00:00:00Z,29.37
14712,MSFTATMIV.U,2023-04-06T00:00:00Z,28.64
14713,MSFTATMIV.U,2023-04-06T00:00:00Z,28.64
14714,MSFTATMIV.U,2023-04-10T00:00:00Z,29.84
14715,MSFTATMIV.U,2023-04-11T00:00:00Z,30.25
14716,MSFTATMIV.U,2023-04-12T00:00:00Z,29.69
14717,MSFTATMIV.U,2023-04-13T00:00:00Z,27.32
14718,MSFTATMIV.U,2023-04-14T00:00:00Z,27.1
14719,MSFTATMIV.U,2023-04-17T00:00:00Z,26.77
14720,MSFTATMIV.U,2023-04-18T00:00:00Z,26.75
14721,MSFTATMIV.U,2023-04-19T00:00:00Z,26.65
14722,MSFTATMIV.U,2023-04-20T00:00:00Z,27.31
14723,MSFTATMIV.U,2023-04-21T00:00:00Z,26.13
14724,MSFTATMIV.U,2023-04-24T00:00:00Z,27.71
14725,MSFTATMIV.U,2023-04-25T00:00:00Z,30.29
14726,MSFTATMIV.U,2023-04-26T00:00:00Z,22.61
14727,MSFTATMIV.U,2023-04-27T00:00:00Z,21.4
14728,MSFTATMIV.U,2023-04-28T00:00:00Z,20.31
14729,MSFTATMIV.U,2023-05-01T00:00:00Z,20.76
14730,MSFTATMIV.U,2023-05-02T00:00:00Z,21.13
14731,MSFTATMIV.U,2023-05-03T00:00:00Z,21.95
14732,MSFTATMIV.U,2023-05-04T00:00:00Z,23.19
14733,MSFTATMIV.U,2023-05-05T00:00:00Z,19.76
14734,MSFTATMIV.U,2023-05-08T00:00:00Z,20.38
14735,MSFTATMIV.U,2023-05-09T00:00:00Z,20.74
14736,MSFTATMIV.U,2023-05-10T00:00:00Z,20.11
14737,MSFTATMIV.U,2023-05-11T00:00:00Z,20.06
14738,MSFTATMIV.U,2023-05-12T00:00:00Z,19.91
14739,MSFTATMIV.U,2023-05-15T00:00:00Z,19.99
14740,MSFTATMIV.U,2023-05-16T00:00:00Z,19.42
14741,MSFTATMIV.U,2023-05-17T00:00:00Z,18.44
14742,MSFTATMIV.U,2023-05-18T00:00:00Z,18.0
14743,MSFTATMIV.U,2023-05-19T00:00:00Z,19.35
14744,MSFTATMIV.U,2023-05-22T00:00:00Z,18.49
14745,MSFTATMIV.U,2023-05-23T00:00:00Z,21.11
14746,MSFTATMIV.U,2023-05-24T00:00:00Z,21.8
14747,MSFTATMIV.U,2023-05-25T00:00:00Z,22.36
14748,MSFTATMIV.U,2023-05-26T00:00:00Z,22.8
14749,MSFTATMIV.U,2023-05-26T00:00:00Z,22.8
14750,MSFTATMIV.U,2023-05-30T00:00:00Z,21.69
14751,MSFTATMIV.U,2023-05-31T00:00:00Z,22.91
14752,MSFTATMIV.U,2023-06-01T00:00:00Z,20.71
14753,MSFTATMIV.U,2023-06-02T00:00:00Z,20.31
14754,MSFTATMIV.U,2023-06-05T00:00:00Z,18.23
14755,MSFTATMIV.U,2023-06-06T00:00:00Z,17.38
14756,MSFTATMIV.U,2023-06-07T00:00:00Z,19.88
14757,MSFTATMIV.U,2023-06-08T00:00:00Z,18.31
14758,MSFTATMIV.U,2023-06-09T00:00:00Z,18.51
14759,MSFTATMIV.U,2023-06-12T00:00:00Z,19.0
14760,MSFTATMIV.U,2023-06-13T00:00:00Z,19.29
14761,MSFTATMIV.U,2023-06-14T00:00:00Z,20.14
14762,MSFTATMIV.U,2023-06-15T00:00:00Z,21.86
14763,MSFTATMIV.U,2023-06-16T00:00:00Z,21.32
14764,MSFTATMIV.U,2023-06-16T00:00:00Z,21.32
14765,MSFTATMIV.U,2023-06-20T00:00:00Z,21.85
14766,MSFTATMIV.U,2023-06-21T00:00:00Z,21.42
14767,MSFTATMIV.U,2023-06-22T00:00:00Z,23.46
14768,MSFTATMIV.U,2023-06-23T00:00:00Z,24.16
14769,MSFTATMIV.U,2023-06-26T00:00:00Z,25.74
14770,MSFTATMIV.U,2023-06-27T00:00:00Z,26.23
14771,MSFTATMIV.U,2023-06-28T00:00:00Z,26.95
14772,MSFTATMIV.U,2023-06-29T00:00:00Z,26.45
14773,MSFTATMIV.U,2023-06-30T00:00:00Z,25.56
14774,MSFTATMIV.U,2023-07-03T00:00:00Z,26.29
14775,MSFTATMIV.U,2023-07-03T00:00:00Z,26.29
14776,MSFTATMIV.U,2023-07-05T00:00:00Z,26.77
14777,MSFTATMIV.U,2023-07-06T00:00:00Z,27.45
14778,MSFTATMIV.U,2023-07-07T00:00:00Z,27.35
14779,MSFTATMIV.U,2023-07-10T00:00:00Z,29.72
14780,MSFTATMIV.U,2023-07-11T00:00:00Z,29.48
14781,MSFTATMIV.U,2023-07-12T00:00:00Z,28.76
14782,MSFTATMIV.U,2023-07-13T00:00:00Z,28.47
14783,MSFTATMIV.U,2023-07-14T00:00:00Z,28.41
14784,MSFTATMIV.U,2023-07-17T00:00:00Z,29.7
14785,MSFTATMIV.U,2023-07-18T00:00:00Z,31.21
14786,MSFTATMIV.U,2023-07-19T00:00:00Z,31.25
14787,MSFTATMIV.U,2023-07-20T00:00:00Z,31.06
14788,MSFTATMIV.U,2023-07-21T00:00:00Z,31.79
14789,MSFTATMIV.U,2023-07-24T00:00:00Z,31.81
14790,MSFTATMIV.U,2023-07-25T00:00:00Z,31.95
14791,MSFTATMIV.U,2023-07-26T00:00:00Z,23.35
14792,MSFTATMIV.U,2023-07-27T00:00:00Z,24.43
14793,MSFTATMIV.U,2023-07-28T00:00:00Z,22.33
14794,MSFTATMIV.U,2023-07-31T00:00:00Z,22.99
14795,MSFTATMIV.U,2023-08-01T00:00:00Z,23.02
14796,MSFTATMIV.U,2023-08-02T00:00:00Z,25.62
14797,MSFTATMIV.U,2023-08-03T00:00:00Z,24.94
14798,MSFTATMIV.U,2023-08-04T00:00:00Z,24.33
14799,MSFTATMIV.U,2023-08-07T00:00:00Z,23.51
14800,MSFTATMIV.U,2023-08-08T00:00:00Z,24.67
14801,MSFTATMIV.U,2023-08-09T00:00:00Z,24.58
14802,MSFTATMIV.U,2023-08-10T00:00:00Z,24.13
14803,MSFTATMIV.U,2023-08-11T00:00:00Z,24.56
14804,MSFTATMIV.U,2023-08-14T00:00:00Z,24.01
14805,MSFTATMIV.U,2023-08-15T00:00:00Z,24.68
14806,MSFTATMIV.U,2023-08-16T00:00:00Z,24.78
14807,MSFTATMIV.U,2023-08-17T00:00:00Z,24.3
14808,MSFTATMIV.U,2023-08-18T00:00:00Z,24.56
14809,MSFTATMIV.U,2023-08-21T00:00:00Z,24.35
14810,MSFTATMIV.U,2023-08-22T00:00:00Z,25.01
14811,MSFTATMIV.U,2023-08-23T00:00:00Z,24.39
14812,MSFTATMIV.U,2023-08-24T00:00:00Z,25.31
14813,MSFTATMIV.U,2023-08-25T00:00:00Z,22.54
14814,MSFTATMIV.U,2023-08-28T00:00:00Z,22.13
14815,MSFTATMIV.U,2023-08-29T00:00:00Z,21.49
14816,MSFTATMIV.U,2023-08-30T00:00:00Z,21.37
14817,MSFTATMIV.U,2023-08-31T00:00:00Z,20.5
14818,MSFTATMIV.U,2023-09-01T00:00:00Z,19.65
14819,MSFTATMIV.U,2023-09-01T00:00:00Z,19.65
14820,MSFTATMIV.U,2023-09-05T00:00:00Z,20.41
14821,MSFTATMIV.U,2023-09-06T00:00:00Z,20.67
14822,MSFTATMIV.U,2023-09-07T00:00:00Z,21.24
14823,MSFTATMIV.U,2023-09-08T00:00:00Z,20.4
14824,MSFTATMIV.U,2023-09-11T00:00:00Z,19.9
14825,MSFTATMIV.U,2023-09-12T00:00:00Z,20.35
14826,MSFTATMIV.U,2023-09-13T00:00:00Z,19.4
14827,MSFTATMIV.U,2023-09-14T00:00:00Z,18.76
14828,MSFTATMIV.U,2023-09-15T00:00:00Z,19.68
14829,MSFTATMIV.U,2023-09-18T00:00:00Z,20.97
14830,MSFTATMIV.U,2023-09-19T00:00:00Z,20.73
14831,MSFTATMIV.U,2023-09-20T00:00:00Z,22.46
14832,MSFTATMIV.U,2023-09-21T00:00:00Z,26.17
14833,MSFTATMIV.U,2023-09-22T00:00:00Z,26.08
14834,MSFTATMIV.U,2023-09-25T00:00:00Z,27.22
14835,MSFTATMIV.U,2023-09-26T00:00:00Z,29.0
14836,MSFTATMIV.U,2023-09-27T00:00:00Z,28.86
14837,MSFTATMIV.U,2023-09-28T00:00:00Z,28.53
14838,MSFTATMIV.U,2023-09-29T00:00:00Z,28.19
14839,MSFTATMIV.U,2023-10-02T00:00:00Z,28.22
14840,MSFTATMIV.U,2023-10-03T00:00:00Z,31.41
14841,MSFTATMIV.U,2023-10-04T00:00:00Z,30.69
14842,MSFTATMIV.U,2023-10-05T00:00:00Z,29.11
14843,MSFTATMIV.U,2023-10-06T00:00:00Z,27.53
14844,MSFTATMIV.U,2023-10-09T00:00:00Z,28.34
14845,MSFTATMIV.U,2023-10-10T00:00:00Z,28.37
14846,MSFTATMIV.U,2023-10-11T00:00:00Z,26.7
14847,MSFTATMIV.U,2023-10-12T00:00:00Z,27.03
14848,MSFTATMIV.U,2023-10-13T00:00:00Z,28.58
14849,MSFTATMIV.U,2023-10-16T00:00:00Z,27.32
14850,MSFTATMIV.U,2023-10-17T00:00:00Z,27.16
14851,MSFTATMIV.U,2023-10-18T00:00:00Z,29.76
14852,MSFTATMIV.U,2023-10-19T00:00:00Z,30.05
14853,MSFTATMIV.U,2023-10-20T00:00:00Z,30.57
14854,MSFTATMIV.U,2023-10-23T00:00:00Z,30.25
14855,MSFTATMIV.U,2023-10-24T00:00:00Z,29.14
14856,MSFTATMIV.U,2023-10-25T00:00:00Z,24.79
14857,MSFTATMIV.U,2023-10-26T00:00:00Z,26.36
14858,MSFTATMIV.U,2023-10-27T00:00:00Z,25.49
14859,MSFTATMIV.U,2023-10-30T00:00:00Z,24.74
14860,MSFTATMIV.U,2023-10-31T00:00:00Z,22.92
14861,MSFTATMIV.U,2023-11-01T00:00:00Z,21.69
14862,MSFTATMIV.U,2023-11-02T00:00:00Z,20.61
14863,MSFTATMIV.U,2023-11-03T00:00:00Z,19.14
14864,MSFTATMIV.U,2023-11-06T00:00:00Z,18.39
14865,MSFTATMIV.U,2023-11-07T00:00:00Z,18.63
14866,MSFTATMIV.U,2023-11-08T00:00:00Z,18.8
14867,MSFTATMIV.U,2023-11-09T00:00:00Z,19.39
14868,MSFTATMIV.U,2023-11-10T00:00:00Z,19.03
14869,MSFTATMIV.U,2023-11-13T00:00:00Z,18.99
14870,MSFTATMIV.U,2023-11-14T00:00:00Z,18.79
14871,MSFTATMIV.U,2023-11-15T00:00:00Z,18.71
14872,MSFTATMIV.U,2023-11-16T00:00:00Z,19.1
14873,MSFTATMIV.U,2023-11-17T00:00:00Z,19.69
14874,MSFTATMIV.U,2023-11-20T00:00:00Z,20.03
14875,MSFTATMIV.U,2023-11-21T00:00:00Z,19.28
14876,MSFTATMIV.U,2023-11-22T00:00:00Z,18.04
14877,MSFTATMIV.U,2023-11-22T00:00:00Z,18.04
14878,MSFTATMIV.U,2023-11-24T00:00:00Z,17.59
14879,MSFTATMIV.U,2023-11-27T00:00:00Z,17.19
14880,MSFTATMIV.U,2023-11-28T00:00:00Z,17.3
14881,MSFTATMIV.U,2023-11-29T00:00:00Z,17.6
14882,MSFTATMIV.U,2023-11-30T00:00:00Z,17.11
14883,MSFTATMIV.U,2023-11-30T00:00:00Z,17.11
14884,MSFTATMIV.U,2023-12-04T00:00:00Z,31.87
14885,MSFTATMIV.U,2023-12-05T00:00:00Z,19.14
14886,MSFTATMIV.U,2023-12-06T00:00:00Z,18.66
14887,MSFTATMIV.U,2023-12-07T00:00:00Z,18.55
14888,MSFTATMIV.U,2023-12-08T00:00:00Z,17.5
14889,MSFTATMIV.U,2023-12-08T00:00:00Z,17.5
14890,MSFTATMIV.U,2023-12-08T00:00:00Z,17.5
14891,MSFTATMIV.U,2023-12-08T00:00:00Z,17.5
14892,MSFTATMIV.U,2023-12-08T00:00:00Z,17.5
14893,MSFTATMIV.U,2023-12-08T00:00:00Z,17.5
14894,MSFTATMIV.U,2023-12-18T00:00:00Z,19.17
14895,MSFTATMIV.U,2023-12-19T00:00:00Z,19.78
14896,MSFTATMIV.U,2023-12-19T00:00:00Z,19.78
14897,MSFTATMIV.U,2023-12-19T00:00:00Z,19.78
14898,MSFTATMIV.U,2023-12-22T00:00:00Z,21.78
14899,MSFTATMIV.U,2023-12-22T00:00:00Z,21.78
14900,MSFTATMIV.U,2023-12-26T00:00:00Z,23.94
14901,MSFTATMIV.U,2023-12-27T00:00:00Z,23.67
14902,MSFTATMIV.U,2023-12-28T00:00:00Z,24.95
14903,MSFTATMIV.U,2023-12-29T00:00:00Z,24.69
14904,MSFTATMIV.U,2023-12-29T00:00:00Z,24.69
14905,MSFTATMIV.U,2024-01-02T00:00:00Z,26.51
14906,MSFTATMIV.U,2024-01-03T00:00:00Z,26.48
14907,MSFTATMIV.U,2024-01-04T00:00:00Z,26.73
14908,MSFTATMIV.U,2024-01-05T00:00:00Z,26.07
14909,MSFTATMIV.U,2024-01-08T00:00:00Z,25.75
14910,MSFTATMIV.U,2024-01-09T00:00:00Z,25.98
14911,MSFTATMIV.U,2024-01-10T00:00:00Z,24.8
14912,MSFTATMIV.U,2024-01-11T00:00:00Z,25.65
14913,MSFTATMIV.U,2024-01-12T00:00:00Z,25.54
14914,MSFTATMIV.U,2024-01-12T00:00:00Z,25.54
14915,MSFTATMIV.U,2024-01-16T00:00:00Z,26.15
14916,MSFTATMIV.U,2024-01-17T00:00:00Z,25.99
14917,MSFTATMIV.U,2024-01-18T00:00:00Z,24.34
14918,MSFTATMIV.U,2024-01-19T00:00:00Z,24.4
14919,MSFTATMIV.U,2024-01-22T00:00:00Z,25.21
14920,MSFTATMIV.U,2024-01-23T00:00:00Z,25.68
14921,MSFTATMIV.U,2024-01-24T00:00:00Z,26.65
14922,MSFTATMIV.U,2024-01-25T00:00:00Z,25.59
14923,MSFTATMIV.U,2024-01-26T00:00:00Z,25.37
14924,MSFTATMIV.U,2024-01-29T00:00:00Z,26.31
14925,MSFTATMIV.U,2024-01-30T00:00:00Z,27.37
14926,MSFTATMIV.U,2024-01-31T00:00:00Z,20.5
14927,MSFTATMIV.U,2024-02-01T00:00:00Z,18.46
14928,MSFTATMIV.U,2024-02-02T00:00:00Z,17.76
14929,MSFTATMIV.U,2024-02-05T00:00:00Z,19.38
14930,MSFTATMIV.U,2024-02-06T00:00:00Z,18.23
14931,MSFTATMIV.U,2024-02-07T00:00:00Z,17.76
14932,MSFTATMIV.U,2024-02-08T00:00:00Z,17.94
14933,MSFTATMIV.U,2024-02-09T00:00:00Z,17.63
14934,MSFTATMIV.U,2024-02-12T00:00:00Z,19.27
14935,MSFTATMIV.U,2024-02-13T00:00:00Z,19.57
14936,MSFTATMIV.U,2024-02-14T00:00:00Z,18.52
14937,MSFTATMIV.U,2024-02-15T00:00:00Z,19.16
14938,MSFTATMIV.U,2024-02-16T00:00:00Z,19.33
14939,MSFTATMIV.U,2024-02-16T00:00:00Z,19.33
14940,MSFTATMIV.U,2024-02-20T00:00:00Z,19.79
14941,MSFTATMIV.U,2024-02-21T00:00:00Z,19.95
14942,MSFTATMIV.U,2024-02-22T00:00:00Z,18.77
14943,MSFTATMIV.U,2024-02-23T00:00:00Z,18.28
14944,MSFTATMIV.U,2024-02-26T00:00:00Z,18.49
14945,MSFTATMIV.U,2024-02-27T00:00:00Z,17.88
14946,MSFTATMIV.U,2024-02-28T00:00:00Z,18.08
14947,MSFTATMIV.U,2024-02-29T00:00:00Z,18.05
14948,MSFTATMIV.U,2024-03-01T00:00:00Z,17.98
14949,MSFTATMIV.U,2024-03-04T00:00:00Z,18.89
14950,MSFTATMIV.U,2024-03-05T00:00:00Z,20.77
14951,MSFTATMIV.U,2024-03-06T00:00:00Z,20.67
14952,MSFTATMIV.U,2024-03-07T00:00:00Z,20.67
14953,MSFTATMIV.U,2024-03-08T00:00:00Z,20.7
14954,MSFTATMIV.U,2024-03-11T00:00:00Z,21.27
14955,MSFTATMIV.U,2024-03-12T00:00:00Z,20.28
14956,MSFTATMIV.U,2024-03-13T00:00:00Z,19.72
14957,MSFTATMIV.U,2024-03-14T00:00:00Z,20.82
14958,MSFTATMIV.U,2024-03-15T00:00:00Z,20.29
14959,MSFTATMIV.U,2024-03-18T00:00:00Z,20.21
14960,MSFTATMIV.U,2024-03-19T00:00:00Z,19.3
14961,MSFTATMIV.U,2024-03-20T00:00:00Z,18.86
14962,MSFTATMIV.U,2024-03-21T00:00:00Z,20.99
14963,MSFTATMIV.U,2024-03-22T00:00:00Z,20.16
14964,MSFTATMIV.U,2024-03-25T00:00:00Z,21.64
14965,MSFTATMIV.U,2024-03-26T00:00:00Z,21.97
14966,MSFTATMIV.U,2024-03-27T00:00:00Z,22.37
14967,MSFTATMIV.U,2024-03-28T00:00:00Z,22.59
14968,MSFTATMIV.U,2024-03-28T00:00:00Z,22.59
14969,MSFTATMIV.U,2024-04-01T00:00:00Z,24.63
14970,MSFTATMIV.U,2024-04-02T00:00:00Z,25.19
14971,MSFTATMIV.U,2024-04-03T00:00:00Z,25.92
14972,MSFTATMIV.U,2024-04-04T00:00:00Z,26.8
14973,MSFTATMIV.U,2024-04-05T00:00:00Z,25.82
14974,MSFTATMIV.U,2024-04-08T00:00:00Z,26.57
14975,MSFTATMIV.U,2024-04-09T00:00:00Z,26.15
14976,MSFTATMIV.U,2024-04-10T00:00:00Z,27.05
14977,MSFTATMIV.U,2024-04-11T00:00:00Z,26.57
14978,MSFTATMIV.U,2024-04-12T00:00:00Z,27.93
14979,MSFTATMIV.U,2024-04-15T00:00:00Z,29.25
14980,MSFTATMIV.U,2024-04-16T00:00:00Z,29.52
14981,MSFTATMIV.U,2024-04-17T00:00:00Z,29.39
14982,MSFTATMIV.U,2024-04-18T00:00:00Z,29.54
14983,MSFTATMIV.U,2024-04-19T00:00:00Z,29.56
14984,MSFTATMIV.U,2024-04-22T00:00:00Z,29.33
14985,MSFTATMIV.U,2024-04-23T00:00:00Z,28.39
14986,MSFTATMIV.U,2024-04-24T00:00:00Z,30.0
14987,MSFTATMIV.U,2024-04-25T00:00:00Z,32.89
14988,MSFTATMIV.U,2024-04-26T00:00:00Z,21.01
14989,MSFTATMIV.U,2024-04-29T00:00:00Z,22.28
14990,MSFTATMIV.U,2024-04-30T00:00:00Z,23.75
14991,MSFTATMIV.U,2024-05-01T00:00:00Z,22.69
14992,MSFTATMIV.U,2024-05-02T00:00:00Z,20.96
14993,MSFTATMIV.U,2024-05-03T00:00:00Z,19.1
14994,MSFTATMIV.U,2024-05-06T00:00:00Z,19.19
14995,MSFTATMIV.U,2024-05-07T00:00:00Z,19.49
14996,MSFTATMIV.U,2024-05-08T00:00:00Z,18.94
14997,MSFTATMIV.U,2024-05-09T00:00:00Z,18.51
14998,MSFTATMIV.U,2024-05-10T00:00:00Z,17.46
14999,MSFTATMIV.U,2024-05-13T00:00:00Z,19.02
15000,MSFTATMIV.U,2024-05-14T00:00:00Z,18.13
15001,MSFTATMIV.U,2024-05-15T00:00:00Z,17.09
15002,MSFTATMIV.U,2024-05-16T00:00:00Z,16.88
15003,MSFTATMIV.U,2024-05-17T00:00:00Z,17.1
15004,MSFTATMIV.U,2024-05-20T00:00:00Z,16.91
15005,MSFTATMIV.U,2024-05-21T00:00:00Z,15.98
15006,MSFTATMIV.U,2024-05-22T00:00:00Z,15.74
15007,MSFTATMIV.U,2024-05-23T00:00:00Z,16.45
15008,MSFTATMIV.U,2024-05-24T00:00:00Z,15.73
15009,MSFTATMIV.U,2024-05-24T00:00:00Z,15.73
15010,MSFTATMIV.U,2024-05-28T00:00:00Z,16.38
15011,MSFTATMIV.U,2024-05-29T00:00:00Z,17.69
15012,MSFTATMIV.U,2024-05-30T00:00:00Z,19.68
15013,MSFTATMIV.U,2024-05-31T00:00:00Z,18.99
15014,MSFTATMIV.U,2024-06-03T00:00:00Z,19.37
15015,MSFTATMIV.U,2024-06-04T00:00:00Z,18.11
15016,MSFTATMIV.U,2024-06-05T00:00:00Z,17.39
15017,MSFTATMIV.U,2024-06-06T00:00:00Z,17.4
15018,MSFTATMIV.U,2024-06-07T00:00:00Z,16.93
15019,MSFTATMIV.U,2024-06-10T00:00:00Z,16.62
15020,MSFTATMIV.U,2024-06-11T00:00:00Z,17.24
15021,MSFTATMIV.U,2024-06-12T00:00:00Z,17.63
15022,MSFTATMIV.U,2024-06-13T00:00:00Z,16.44
15023,MSFTATMIV.U,2024-06-14T00:00:00Z,16.57
15024,MSFTATMIV.U,2024-06-17T00:00:00Z,17.42
15025,MSFTATMIV.U,2024-06-18T00:00:00Z,17.13
15026,MSFTATMIV.U,2024-06-18T00:00:00Z,17.13
15027,MSFTATMIV.U,2024-06-20T00:00:00Z,19.89
15028,MSFTATMIV.U,2024-06-21T00:00:00Z,19.48
15029,MSFTATMIV.U,2024-06-24T00:00:00Z,21.1
15030,MSFTATMIV.U,2024-06-25T00:00:00Z,21.0
15031,MSFTATMIV.U,2024-06-26T00:00:00Z,21.61
15032,MSFTATMIV.U,2024-06-27T00:00:00Z,22.7
15033,MSFTATMIV.U,2024-06-28T00:00:00Z,22.54
15034,MSFTATMIV.U,2024-07-01T00:00:00Z,24.12
15035,MSFTATMIV.U,2024-07-02T00:00:00Z,23.61
15036,MSFTATMIV.U,2024-07-03T00:00:00Z,23.9
15037,MSFTATMIV.U,2024-07-03T00:00:00Z,23.9
15038,MSFTATMIV.U,2024-07-05T00:00:00Z,24.7
15039,MSFTATMIV.U,2024-07-08T00:00:00Z,25.31
15040,MSFTATMIV.U,2024-07-09T00:00:00Z,25.35
15041,MSFTATMIV.U,2024-07-10T00:00:00Z,25.32
15042,MSFTATMIV.U,2024-07-11T00:00:00Z,25.8
15043,MSFTATMIV.U,2024-07-12T00:00:00Z,25.99
15044,MSFTATMIV.U,2024-07-15T00:00:00Z,26.61
15045,MSFTATMIV.U,2024-07-16T00:00:00Z,25.35
15046,MSFTATMIV.U,2024-07-17T00:00:00Z,25.62
15047,MSFTATMIV.U,2024-07-18T00:00:00Z,26.75
15048,MSFTATMIV.U,2024-07-19T00:00:00Z,27.7
15049,MSFTATMIV.U,2024-07-22T00:00:00Z,27.0
15050,MSFTATMIV.U,2024-07-23T00:00:00Z,26.81
15051,MSFTATMIV.U,2024-07-23T00:00:00Z,26.81
15052,MSFTATMIV.U,2024-07-23T00:00:00Z,26.81
15053,MSFTATMIV.U,2024-07-23T00:00:00Z,26.81
15054,MSFTATMIV.U,2024-07-23T00:00:00Z,26.81
15055,MSFTATMIV.U,2024-07-23T00:00:00Z,26.81
15056,MSFTATMIV.U,2024-07-31T00:00:00Z,23.34
15057,MSFTATMIV.U,2024-08-01T00:00:00Z,23.26
15058,MSFTATMIV.U,2024-08-02T00:00:00Z,26.35
15059,MSFTATMIV.U,2024-08-05T00:00:00Z,33.74
15060,MSFTATMIV.U,2024-08-06T00:00:00Z,26.41
15061,MSFTATMIV.U,2024-08-07T00:00:00Z,27.94
15062,MSFTATMIV.U,2024-08-08T00:00:00Z,24.4
15063,MSFTATMIV.U,2024-08-09T00:00:00Z,22.56
15064,MSFTATMIV.U,2024-08-12T00:00:00Z,22.79
15065,MSFTATMIV.U,2024-08-13T00:00:00Z,20.27
15066,MSFTATMIV.U,2024-08-14T00:00:00Z,19.79
15067,MSFTATMIV.U,2024-08-15T00:00:00Z,18.92
15068,MSFTATMIV.U,2024-08-16T00:00:00Z,19.76
15069,MSFTATMIV.U,2024-08-19T00:00:00Z,18.64
15070,MSFTATMIV.U,2024-08-20T00:00:00Z,20.13
15071,MSFTATMIV.U,2024-08-21T00:00:00Z,19.25
15072,MSFTATMIV.U,2024-08-22T00:00:00Z,21.45
15073,MSFTATMIV.U,2024-08-23T00:00:00Z,19.75
15074,MSFTATMIV.U,2024-08-26T00:00:00Z,20.69
15075,MSFTATMIV.U,2024-08-27T00:00:00Z,20.46
15076,MSFTATMIV.U,2024-08-28T00:00:00Z,21.65
15077,MSFTATMIV.U,2024-08-29T00:00:00Z,20.39
15078,MSFTATMIV.U,2024-08-30T00:00:00Z,18.97
15079,MSFTATMIV.U,2024-08-30T00:00:00Z,18.97
15080,MSFTATMIV.U,2024-09-03T00:00:00Z,22.41
15081,MSFTATMIV.U,2024-09-04T00:00:00Z,23.02
15082,MSFTATMIV.U,2024-09-05T00:00:00Z,22.53
15083,MSFTATMIV.U,2024-09-06T00:00:00Z,24.01
15084,MSFTATMIV.U,2024-09-09T00:00:00Z,22.85
15085,MSFTATMIV.U,2024-09-10T00:00:00Z,22.64
15086,MSFTATMIV.U,2024-09-11T00:00:00Z,22.64
15087,MSFTATMIV.U,2024-09-12T00:00:00Z,21.12
15088,MSFTATMIV.U,2024-09-13T00:00:00Z,20.19
15089,MSFTATMIV.U,2024-09-16T00:00:00Z,20.2
15090,MSFTATMIV.U,2024-09-17T00:00:00Z,20.77
15091,MSFTATMIV.U,2024-09-18T00:00:00Z,20.84
15092,MSFTATMIV.U,2024-09-19T00:00:00Z,19.58
15093,MSFTATMIV.U,2024-09-20T00:00:00Z,18.71
15094,MSFTATMIV.U,2024-09-23T00:00:00Z,19.45
15095,MSFTATMIV.U,2024-09-24T00:00:00Z,20.84
15096,MSFTATMIV.U,2024-09-25T00:00:00Z,21.0
15097,MSFTATMIV.U,2024-09-26T00:00:00Z,22.68
15098,MSFTATMIV.U,2024-09-27T00:00:00Z,23.66
15099,MSFTATMIV.U,2024-09-30T00:00:00Z,25.18
15100,MSFTATMIV.U,2024-10-01T00:00:00Z,26.52
15101,MSFTATMIV.U,2024-10-02T00:00:00Z,26.91
15102,MSFTATMIV.U,2024-10-03T00:00:00Z,27.4
15103,MSFTATMIV.U,2024-10-04T00:00:00Z,27.06
15104,MSFTATMIV.U,2024-10-07T00:00:00Z,29.38
15105,MSFTATMIV.U,2024-10-08T00:00:00Z,28.75
15106,MSFTATMIV.U,2024-10-09T00:00:00Z,28.86
15107,MSFTATMIV.U,2024-10-10T00:00:00Z,28.02
15108,MSFTATMIV.U,2024-10-11T00:00:00Z,27.85
15109,MSFTATMIV.U,2024-10-14T00:00:00Z,28.07
15110,MSFTATMIV.U,2024-10-15T00:00:00Z,28.09
15111,MSFTATMIV.U,2024-10-16T00:00:00Z,28.01
15112,MSFTATMIV.U,2024-10-17T00:00:00Z,27.42
15113,MSFTATMIV.U,2024-10-18T00:00:00Z,26.32
15114,MSFTATMIV.U,2024-10-21T00:00:00Z,27.42
15115,MSFTATMIV.U,2024-10-22T00:00:00Z,27.73
15116,MSFTATMIV.U,2024-10-23T00:00:00Z,28.99
15117,MSFTATMIV.U,2024-10-24T00:00:00Z,29.35
15118,MSFTATMIV.U,2024-10-25T00:00:00Z,28.39
15119,MSFTATMIV.U,2024-10-28T00:00:00Z,28.84
15120,MSFTATMIV.U,2024-10-29T00:00:00Z,28.34
15121,MSFTATMIV.U,2024-10-30T00:00:00Z,30.63
15122,MSFTATMIV.U,2024-10-31T00:00:00Z,25.22
15123,MSFTATMIV.U,2024-11-01T00:00:00Z,22.47
15124,MSFTATMIV.U,2024-11-04T00:00:00Z,22.38
15125,MSFTATMIV.U,2024-11-05T00:00:00Z,20.95
15126,MSFTATMIV.U,2024-11-06T00:00:00Z,17.91
15127,MSFTATMIV.U,2024-11-07T00:00:00Z,17.47
15128,MSFTATMIV.U,2024-11-08T00:00:00Z,16.96
15129,MSFTATMIV.U,2024-11-11T00:00:00Z,18.15
15130,MSFTATMIV.U,2024-11-12T00:00:00Z,18.41
15131,MSFTATMIV.U,2024-11-13T00:00:00Z,18.5
15132,MSFTATMIV.U,2024-11-14T00:00:00Z,18.33
15133,MSFTATMIV.U,2024-11-15T00:00:00Z,19.97
15134,MSFTATMIV.U,2024-11-18T00:00:00Z,19.38
15135,MSFTATMIV.U,2024-11-19T00:00:00Z,18.85
15136,MSFTATMIV.U,2024-11-20T00:00:00Z,19.81
15137,MSFTATMIV.U,2024-11-21T00:00:00Z,18.95
15138,MSFTATMIV.U,2024-11-22T00:00:00Z,17.97
15139,MSFTATMIV.U,2024-11-25T00:00:00Z,16.57
15140,MSFTATMIV.U,2024-11-26T00:00:00Z,15.92
15141,MSFTATMIV.U,2024-11-27T00:00:00Z,16.52
15142,MSFTATMIV.U,2024-11-27T00:00:00Z,16.52
15143,MSFTATMIV.U,2024-11-29T00:00:00Z,15.95
15144,MSFTATMIV.U,2024-12-02T00:00:00Z,16.07
15145,MSFTATMIV.U,2024-12-03T00:00:00Z,16.16
15146,MSFTATMIV.U,2024-12-04T00:00:00Z,16.47
15147,MSFTATMIV.U,2024-12-05T00:00:00Z,16.74
15148,MSFTATMIV.U,2024-12-06T00:00:00Z,16.39
15149,MSFTATMIV.U,2024-12-09T00:00:00Z,18.11
15150,MSFTATMIV.U,2024-12-10T00:00:00Z,17.73
15151,MSFTATMIV.U,2024-12-11T00:00:00Z,17.55
15152,MSFTATMIV.U,2024-12-12T00:00:00Z,17.86
15153,MSFTATMIV.U,2024-12-13T00:00:00Z,16.73
15154,MSFTATMIV.U,2024-12-16T00:00:00Z,17.62
15155,MSFTATMIV.U,2024-12-17T00:00:00Z,18.15
15156,MSFTATMIV.U,2024-12-18T00:00:00Z,22.87
15157,MSFTATMIV.U,2024-12-19T00:00:00Z,22.87
15158,MSFTATMIV.U,2024-12-20T00:00:00Z,19.55
15159,MSFTATMIV.U,2024-12-23T00:00:00Z,18.98
15160,MSFTATMIV.U,2024-12-24T00:00:00Z,17.63
15161,MSFTATMIV.U,2024-12-24T00:00:00Z,17.63
15162,MSFTATMIV.U,2024-12-26T00:00:00Z,21.6
15163,MSFTATMIV.U,2024-12-27T00:00:00Z,21.97
15164,MSFTATMIV.U,2024-12-30T00:00:00Z,23.95
15165,MSFTATMIV.U,2024-12-31T00:00:00Z,24.89
15166,MSFTATMIV.U,2024-12-31T00:00:00Z,24.89
15167,MSFTATMIV.U,2025-01-02T00:00:00Z,25.56
15168,MSFTATMIV.U,2025-01-03T00:00:00Z,24.28
15169,MSFTATMIV.U,2025-01-06T00:00:00Z,24.97
15170,MSFTATMIV.U,2025-01-07T00:00:00Z,25.65
15171,MSFTATMIV.U,2025-01-08T00:00:00Z,24.82
15172,MSFTATMIV.U,2025-01-08T00:00:00Z,24.82
15173,MSFTATMIV.U,2025-01-10T00:00:00Z,25.87
15174,MSFTATMIV.U,2025-01-13T00:00:00Z,25.35
15175,MSFTATMIV.U,2025-01-14T00:00:00Z,25.72
15176,MSFTATMIV.U,2025-01-15T00:00:00Z,24.28
15177,MSFTATMIV.U,2025-01-16T00:00:00Z,23.59
15178,MSFTATMIV.U,2025-01-17T00:00:00Z,22.84
15179,MSFTATMIV.U,2025-01-17T00:00:00Z,22.84
15180,MSFTATMIV.U,2025-01-21T00:00:00Z,23.45
15181,MSFTATMIV.U,2025-01-22T00:00:00Z,24.21
15182,MSFTATMIV.U,2025-01-23T00:00:00Z,22.9
15183,MSFTATMIV.U,2025-01-24T00:00:00Z,22.81
15184,MSFTATMIV.U,2025-01-27T00:00:00Z,24.98
15185,MSFTATMIV.U,2025-01-28T00:00:00Z,26.22
15186,MSFTATMIV.U,2025-01-29T00:00:00Z,26.82
15187,MSFTATMIV.U,2025-01-30T00:00:00Z,21.65
15188,MSFTATMIV.U,2025-01-31T00:00:00Z,21.65
15189,MSFTATMIV.U,2025-02-03T00:00:00Z,22.55
15190,MSFTATMIV.U,2025-02-04T00:00:00Z,20.4
15191,MSFTATMIV.U,2025-02-05T00:00:00Z,19.9
15192,MSFTATMIV.U,2025-02-06T00:00:00Z,18.75
15193,MSFTATMIV.U,2025-02-07T00:00:00Z,20.04
15194,MSFTATMIV.U,2025-02-10T00:00:00Z,19.23
15195,MSFTATMIV.U,2025-02-11T00:00:00Z,19.06
15196,MSFTATMIV.U,2025-02-12T00:00:00Z,19.22
15197,MSFTATMIV.U,2025-02-13T00:00:00Z,18.38
15198,MSFTATMIV.U,2025-02-14T00:00:00Z,18.82
15199,MSFTATMIV.U,2025-02-14T00:00:00Z,18.82
15200,MSFTATMIV.U,2025-02-18T00:00:00Z,19.16
15201,MSFTATMIV.U,2025-02-19T00:00:00Z,19.74
15202,MSFTATMIV.U,2025-02-20T00:00:00Z,19.5
15203,MSFTATMIV.U,2025-02-21T00:00:00Z,21.21
15204,MSFTATMIV.U,2025-02-24T00:00:00Z,21.48
15205,MSFTATMIV.U,2025-02-25T00:00:00Z,23.29
15206,MSFTATMIV.U,2025-02-26T00:00:00Z,23.22
15207,MSFTATMIV.U,2025-02-27T00:00:00Z,25.47
15208,MSFTATMIV.U,2025-02-28T00:00:00Z,22.73
15209,MSFTATMIV.U,2025-03-03T00:00:00Z,25.57
15210,MSFTATMIV.U,2025-03-04T00:00:00Z,25.95
15211,MSFTATMIV.U,2025-03-05T00:00:00Z,24.27
15212,MSFTATMIV.U,2025-03-06T00:00:00Z,26.75
15213,MSFTATMIV.U,2025-03-07T00:00:00Z,25.33
15214,MSFTATMIV.U,2025-03-10T00:00:00Z,31.07
15215,MSFTATMIV.U,2025-03-11T00:00:00Z,29.56
15216,MSFTATMIV.U,2025-03-12T00:00:00Z,26.83
15217,MSFTATMIV.U,2025-03-13T00:00:00Z,27.15
15218,MSFTATMIV.U,2025-03-14T00:00:00Z,23.27
15219,MSFTATMIV.U,2025-03-17T00:00:00Z,22.27
15220,MSFTATMIV.U,2025-03-18T00:00:00Z,23.88
15221,MSFTATMIV.U,2025-03-19T00:00:00Z,21.77
15222,MSFTATMIV.U,2025-03-20T00:00:00Z,22.93
15223,MSFTATMIV.U,2025-03-21T00:00:00Z,21.19
15224,MSFTATMIV.U,2025-03-24T00:00:00Z,20.73
15225,MSFTATMIV.U,2025-03-25T00:00:00Z,20.64
15226,MSFTATMIV.U,2025-03-26T00:00:00Z,22.04
15227,MSFTATMIV.U,2025-03-27T00:00:00Z,24.6
15228,MSFTATMIV.U,2025-03-28T00:00:00Z,27.35
15229,MSFTATMIV.U,2025-03-31T00:00:00Z,29.54
15230,MSFTATMIV.U,2025-04-01T00:00:00Z,29.4
15231,MSFTATMIV.U,2025-04-02T00:00:00Z,30.14
15232,MSFTATMIV.U,2025-04-03T00:00:00Z,34.19
15233,MSFTATMIV.U,2025-04-04T00:00:00Z,40.94
15234,MSFTATMIV.U,2025-04-07T00:00:00Z,44.51
15235,MSFTATMIV.U,2025-04-08T00:00:00Z,49.07
15236,MSFTATMIV.U,2025-04-09T00:00:00Z,33.28
15237,MSFTATMIV.U,2025-04-10T00:00:00Z,40.25
15238,MSFTATMIV.U,2025-04-11T00:00:00Z,36.49
15239,MSFTATMIV.U,2025-04-14T00:00:00Z,33.26
15240,MSFTATMIV.U,2025-04-15T00:00:00Z,31.54
15241,MSFTATMIV.U,2025-04-16T00:00:00Z,36.24
15242,MSFTATMIV.U,2025-04-17T00:00:00Z,33.92
15243,MSFTATMIV.U,2025-04-17T00:00:00Z,33.92
15244,MSFTATMIV.U,2025-04-21T00:00:00Z,37.0
15245,MSFTATMIV.U,2025-04-22T00:00:00Z,34.11
15246,MSFTATMIV.U,2025-04-23T00:00:00Z,33.49
15247,MSFTATMIV.U,2025-04-24T00:00:00Z,30.91
15248,MSFTATMIV.U,2025-04-25T00:00:00Z,28.98
15249,MSFTATMIV.U,2025-04-28T00:00:00Z,30.36
15250,MSFTATMIV.U,2025-04-29T00:00:00Z,30.14
15251,MSFTATMIV.U,2025-04-30T00:00:00Z,29.89
15252,MSFTATMIV.U,2025-05-01T00:00:00Z,22.89
15253,MSFTATMIV.U,2025-05-02T00:00:00Z,21.68
15254,MSFTATMIV.U,2025-05-05T00:00:00Z,21.36
15255,MSFTATMIV.U,2025-05-06T00:00:00Z,22.58
15256,MSFTATMIV.U,2025-05-07T00:00:00Z,22.55
15257,MSFTATMIV.U,2025-05-08T00:00:00Z,21.06
15258,MSFTATMIV.U,2025-05-09T00:00:00Z,19.82
