Date,Instrument,Close Price
2005-01-03,.5SP25,277.4602
2005-01-04,.5SP25,274.0071
2005-01-05,.5SP25,272.85
2005-01-06,.5SP25,271.707
2005-01-07,.5SP25,271.242
2005-01-10,.5SP25,272.3911
2005-01-11,.5SP25,270.6525
2005-01-12,.5SP25,272.3226
2005-01-13,.5SP25,270.143
2005-01-14,.5SP25,272.6199
2005-01-14,.5SP25,272.6199
2005-01-18,.5SP25,274.8363
2005-01-19,.5SP25,272.295
2005-01-20,.5SP25,267.4334
2005-01-21,.5SP25,266.1685
2005-01-24,.5SP25,263.9263
2005-01-25,.5SP25,264.6128
2005-01-26,.5SP25,265.9254
2005-01-27,.5SP25,265.3047
2005-01-28,.5SP25,264.304
2005-01-31,.5SP25,267.2353
2005-02-01,.5SP25,266.8776
2005-02-02,.5SP25,268.0993
2005-02-03,.5SP25,267.5669
2005-02-04,.5SP25,269.9474
2005-02-07,.5SP25,270.3167
2005-02-08,.5SP25,269.6371
2005-02-09,.5SP25,266.8853
2005-02-10,.5SP25,267.7557
2005-02-11,.5SP25,269.583
2005-02-14,.5SP25,269.0175
2005-02-15,.5SP25,271.173
2005-02-16,.5SP25,270.7062
2005-02-17,.5SP25,269.2073
2005-02-18,.5SP25,268.4834
2005-02-18,.5SP25,268.4834
2005-02-22,.5SP25,263.4092
2005-02-23,.5SP25,264.875
2005-02-24,.5SP25,265.4311
2005-02-25,.5SP25,266.6653
2005-02-28,.5SP25,265.8659
2005-03-01,.5SP25,268.4228
2005-03-02,.5SP25,268.376
2005-03-03,.5SP25,268.1785
2005-03-04,.5SP25,270.0847
2005-03-07,.5SP25,271.0225
2005-03-08,.5SP25,269.0452
2005-03-09,.5SP25,266.1195
2005-03-10,.5SP25,266.7823
2005-03-11,.5SP25,265.7565
2005-03-14,.5SP25,266.9331
2005-03-15,.5SP25,267.119
2005-03-16,.5SP25,265.1397
2005-03-17,.5SP25,265.1954
2005-03-18,.5SP25,264.287
2005-03-21,.5SP25,262.9942
2005-03-22,.5SP25,260.8088
2005-03-23,.5SP25,259.717
2005-03-24,.5SP25,259.7632
2005-03-24,.5SP25,259.7632
2005-03-28,.5SP25,261.3761
2005-03-29,.5SP25,258.9602
2005-03-30,.5SP25,262.3821
2005-03-31,.5SP25,262.4552
2005-04-01,.5SP25,259.9837
2005-04-04,.5SP25,260.7863
2005-04-05,.5SP25,262.5188
2005-04-06,.5SP25,261.3547
2005-04-07,.5SP25,262.5249
2005-04-08,.5SP25,260.2027
2005-04-11,.5SP25,259.1409
2005-04-12,.5SP25,261.1213
2005-04-13,.5SP25,257.3652
2005-04-14,.5SP25,253.8351
2005-04-15,.5SP25,248.4223
2005-04-18,.5SP25,249.1574
2005-04-19,.5SP25,249.3585
2005-04-20,.5SP25,245.6084
2005-04-21,.5SP25,251.3775
2005-04-22,.5SP25,247.6783
2005-04-25,.5SP25,249.839
2005-04-26,.5SP25,247.9041
2005-04-27,.5SP25,248.3989
2005-04-28,.5SP25,244.9574
2005-04-29,.5SP25,245.4175
2005-05-02,.5SP25,246.6873
2005-05-03,.5SP25,247.5313
2005-05-04,.5SP25,252.6569
2005-05-05,.5SP25,251.4359
2005-05-06,.5SP25,251.0365
2005-05-09,.5SP25,252.7487
2005-05-10,.5SP25,249.8458
2005-05-11,.5SP25,249.9331
2005-05-12,.5SP25,248.4715
2005-05-13,.5SP25,248.2388
2005-05-16,.5SP25,251.1233
2005-05-17,.5SP25,253.2778
2005-05-18,.5SP25,258.1337
2005-05-19,.5SP25,260.382
2005-05-20,.5SP25,259.6011
2005-05-23,.5SP25,260.9474
2005-05-24,.5SP25,260.7526
2005-05-25,.5SP25,259.6813
2005-05-26,.5SP25,261.1665
2005-05-27,.5SP25,261.4028
2005-05-27,.5SP25,261.4028
2005-05-31,.5SP25,259.658
2005-06-01,.5SP25,261.4359
2005-06-02,.5SP25,262.9353
2005-06-03,.5SP25,260.6013
2005-06-06,.5SP25,261.037
2005-06-07,.5SP25,261.4703
2005-06-08,.5SP25,260.3279
2005-06-09,.5SP25,261.4555
2005-06-10,.5SP25,261.3006
2005-06-13,.5SP25,262.1054
2005-06-14,.5SP25,264.74
2005-06-15,.5SP25,264.866
2005-06-16,.5SP25,265.6471
2005-06-17,.5SP25,266.3324
2005-06-20,.5SP25,266.3973
2005-06-21,.5SP25,266.3492
2005-06-22,.5SP25,266.3968
2005-06-23,.5SP25,262.0391
2005-06-24,.5SP25,259.8881
2005-06-27,.5SP25,258.663
2005-06-28,.5SP25,262.0987
2005-06-29,.5SP25,260.5077
2005-06-30,.5SP25,259.294
2005-07-01,.5SP25,259.5858
2005-07-01,.5SP25,259.5858
2005-07-05,.5SP25,262.2031
2005-07-06,.5SP25,260.0381
2005-07-07,.5SP25,260.5449
2005-07-08,.5SP25,264.2298
2005-07-11,.5SP25,266.2257
2005-07-12,.5SP25,267.6049
2005-07-13,.5SP25,267.1475
2005-07-14,.5SP25,268.1886
2005-07-15,.5SP25,269.7705
2005-07-18,.5SP25,269.6715
2005-07-19,.5SP25,271.2694
2005-07-20,.5SP25,272.5222
2005-07-21,.5SP25,271.7332
2005-07-22,.5SP25,273.388
2005-07-25,.5SP25,271.337
2005-07-26,.5SP25,272.9987
2005-07-27,.5SP25,273.8454
2005-07-28,.5SP25,276.4402
2005-07-29,.5SP25,273.7606
2005-08-01,.5SP25,273.8915
2005-08-02,.5SP25,275.0279
2005-08-03,.5SP25,274.1313
2005-08-04,.5SP25,271.5062
2005-08-05,.5SP25,269.3701
2005-08-08,.5SP25,268.7898
2005-08-09,.5SP25,271.6355
2005-08-10,.5SP25,271.2839
2005-08-11,.5SP25,272.7211
2005-08-12,.5SP25,272.0682
2005-08-15,.5SP25,273.6011
2005-08-16,.5SP25,268.7013
2005-08-17,.5SP25,269.7745
2005-08-18,.5SP25,269.0015
2005-08-19,.5SP25,267.6187
2005-08-22,.5SP25,267.1981
2005-08-23,.5SP25,266.4797
2005-08-24,.5SP25,264.3028
2005-08-25,.5SP25,265.3545
2005-08-26,.5SP25,263.7551
2005-08-29,.5SP25,264.6274
2005-08-30,.5SP25,262.1512
2005-08-31,.5SP25,264.1491
2005-09-01,.5SP25,261.5481
2005-09-02,.5SP25,260.5658
2005-09-02,.5SP25,260.5658
2005-09-06,.5SP25,264.9858
2005-09-07,.5SP25,267.2542
2005-09-08,.5SP25,264.8016
2005-09-09,.5SP25,266.6084
2005-09-12,.5SP25,267.4519
2005-09-13,.5SP25,263.7954
2005-09-14,.5SP25,261.1456
2005-09-15,.5SP25,261.6169
2005-09-16,.5SP25,261.8693
2005-09-19,.5SP25,258.4756
2005-09-20,.5SP25,253.9681
2005-09-21,.5SP25,250.1426
2005-09-22,.5SP25,254.1738
2005-09-23,.5SP25,254.7758
2005-09-26,.5SP25,254.8759
2005-09-27,.5SP25,254.2434
2005-09-28,.5SP25,252.6056
2005-09-29,.5SP25,254.7712
2005-09-30,.5SP25,256.4098
2005-10-03,.5SP25,255.8843
2005-10-04,.5SP25,253.9664
2005-10-05,.5SP25,249.9556
2005-10-06,.5SP25,250.0172
2005-10-07,.5SP25,250.3371
2005-10-10,.5SP25,248.283
2005-10-11,.5SP25,247.3558
2005-10-12,.5SP25,244.549
2005-10-13,.5SP25,245.4755
2005-10-14,.5SP25,247.8798
2005-10-17,.5SP25,248.6493
2005-10-18,.5SP25,245.571
2005-10-19,.5SP25,250.3479
2005-10-20,.5SP25,247.3273
2005-10-21,.5SP25,246.855
2005-10-24,.5SP25,251.4275
2005-10-25,.5SP25,249.4577
2005-10-26,.5SP25,248.1141
2005-10-27,.5SP25,242.8875
2005-10-28,.5SP25,247.4761
2005-10-31,.5SP25,251.2437
2005-11-01,.5SP25,251.3846
2005-11-02,.5SP25,255.8253
2005-11-03,.5SP25,256.0675
2005-11-04,.5SP25,256.8757
2005-11-07,.5SP25,258.7179
2005-11-08,.5SP25,255.5896
2005-11-09,.5SP25,255.7898
2005-11-10,.5SP25,259.7959
2005-11-11,.5SP25,260.5285
2005-11-14,.5SP25,260.5571
2005-11-15,.5SP25,256.9079
2005-11-16,.5SP25,256.342
2005-11-17,.5SP25,260.0997
2005-11-18,.5SP25,261.5295
2005-11-21,.5SP25,262.7273
2005-11-22,.5SP25,263.9125
2005-11-23,.5SP25,265.4175
2005-11-23,.5SP25,265.4175
2005-11-25,.5SP25,265.4714
2005-11-28,.5SP25,262.8467
2005-11-29,.5SP25,262.3494
2005-11-30,.5SP25,260.7795
2005-12-01,.5SP25,263.8191
2005-12-02,.5SP25,264.7321
2005-12-05,.5SP25,263.1929
2005-12-06,.5SP25,264.1852
2005-12-07,.5SP25,263.8442
2005-12-08,.5SP25,262.152
2005-12-09,.5SP25,262.6202
2005-12-12,.5SP25,263.397
2005-12-13,.5SP25,264.5429
2005-12-14,.5SP25,265.748
2005-12-15,.5SP25,264.9386
2005-12-16,.5SP25,264.1087
2005-12-19,.5SP25,261.3924
2005-12-20,.5SP25,260.8322
2005-12-21,.5SP25,260.9637
2005-12-22,.5SP25,261.309
2005-12-23,.5SP25,261.8108
2005-12-23,.5SP25,261.8108
2005-12-27,.5SP25,259.7392
2005-12-28,.5SP25,259.934
2005-12-29,.5SP25,259.9772
2005-12-30,.5SP25,258.389
2005-12-30,.5SP25,258.389
2006-01-03,.5SP25,260.9373
2006-01-04,.5SP25,260.9745
2006-01-05,.5SP25,261.3715
2006-01-06,.5SP25,263.7328
2006-01-09,.5SP25,265.9446
2006-01-10,.5SP25,266.4048
2006-01-11,.5SP25,267.5191
2006-01-12,.5SP25,265.3118
2006-01-13,.5SP25,265.5147
2006-01-13,.5SP25,265.5147
2006-01-17,.5SP25,263.6963
2006-01-18,.5SP25,263.1707
2006-01-19,.5SP25,265.1702
2006-01-20,.5SP25,260.3347
2006-01-23,.5SP25,260.3297
2006-01-24,.5SP25,262.9494
2006-01-25,.5SP25,261.9027
2006-01-26,.5SP25,263.0729
2006-01-27,.5SP25,264.2153
2006-01-30,.5SP25,263.6175
2006-01-31,.5SP25,262.8309
2006-02-01,.5SP25,263.7564
2006-02-02,.5SP25,262.9907
2006-02-03,.5SP25,262.0411
2006-02-06,.5SP25,261.8159
2006-02-07,.5SP25,260.1315
2006-02-08,.5SP25,262.3319
2006-02-09,.5SP25,262.1438
2006-02-10,.5SP25,262.7942
2006-02-13,.5SP25,262.1875
2006-02-14,.5SP25,265.1421
2006-02-15,.5SP25,266.4611
2006-02-16,.5SP25,267.2385
2006-02-17,.5SP25,265.7881
2006-02-17,.5SP25,265.7881
2006-02-21,.5SP25,264.1718
2006-02-22,.5SP25,266.0197
2006-02-23,.5SP25,264.9113
2006-02-24,.5SP25,264.2029
2006-02-27,.5SP25,266.6819
2006-02-28,.5SP25,264.4261
2006-03-01,.5SP25,266.2949
2006-03-02,.5SP25,264.6629
2006-03-03,.5SP25,264.1567
2006-03-06,.5SP25,262.7711
2006-03-07,.5SP25,261.6651
2006-03-08,.5SP25,262.0759
2006-03-09,.5SP25,260.8674
2006-03-10,.5SP25,263.1609
2006-03-13,.5SP25,263.0033
2006-03-14,.5SP25,265.9795
2006-03-15,.5SP25,267.1459
2006-03-16,.5SP25,268.0261
2006-03-17,.5SP25,268.467
2006-03-20,.5SP25,267.722
2006-03-21,.5SP25,266.3559
2006-03-22,.5SP25,267.1028
2006-03-23,.5SP25,266.8951
2006-03-24,.5SP25,266.8342
2006-03-27,.5SP25,266.5978
2006-03-28,.5SP25,265.399
2006-03-29,.5SP25,267.3036
2006-03-30,.5SP25,266.4246
2006-03-31,.5SP25,265.3356
2006-04-03,.5SP25,264.7102
2006-04-04,.5SP25,265.9846
2006-04-05,.5SP25,267.7794
2006-04-06,.5SP25,268.5534
2006-04-07,.5SP25,267.2545
2006-04-10,.5SP25,266.942
2006-04-11,.5SP25,265.0131
2006-04-12,.5SP25,264.5623
2006-04-13,.5SP25,265.3655
2006-04-13,.5SP25,265.3655
2006-04-17,.5SP25,263.5635
2006-04-18,.5SP25,267.3693
2006-04-19,.5SP25,266.6377
2006-04-20,.5SP25,267.6027
2006-04-21,.5SP25,265.8751
2006-04-24,.5SP25,265.2472
2006-04-25,.5SP25,265.1199
2006-04-26,.5SP25,266.8245
2006-04-27,.5SP25,268.9036
2006-04-28,.5SP25,268.7149
2006-05-01,.5SP25,267.7709
2006-05-02,.5SP25,267.861
2006-05-03,.5SP25,268.1723
2006-05-04,.5SP25,269.7113
2006-05-05,.5SP25,273.0401
2006-05-08,.5SP25,273.225
2006-05-09,.5SP25,274.0854
2006-05-10,.5SP25,274.2854
2006-05-11,.5SP25,271.617
2006-05-12,.5SP25,269.1678
2006-05-15,.5SP25,269.638
2006-05-16,.5SP25,267.4987
2006-05-17,.5SP25,263.9557
2006-05-18,.5SP25,263.7133
2006-05-19,.5SP25,265.7163
2006-05-22,.5SP25,263.5979
2006-05-23,.5SP25,261.9565
2006-05-24,.5SP25,262.0183
2006-05-25,.5SP25,264.4465
2006-05-26,.5SP25,265.6133
2006-05-26,.5SP25,265.6133
2006-05-30,.5SP25,261.6746
2006-05-31,.5SP25,264.3695
2006-06-01,.5SP25,268.5981
2006-06-02,.5SP25,267.4867
2006-06-05,.5SP25,263.354
2006-06-06,.5SP25,261.9892
2006-06-07,.5SP25,262.0817
2006-06-08,.5SP25,261.8828
2006-06-09,.5SP25,260.9238
2006-06-12,.5SP25,257.5391
2006-06-13,.5SP25,255.46
2006-06-14,.5SP25,256.9055
2006-06-15,.5SP25,262.3299
2006-06-16,.5SP25,261.3538
2006-06-19,.5SP25,260.1493
2006-06-20,.5SP25,259.2853
2006-06-21,.5SP25,261.7291
2006-06-22,.5SP25,259.8877
2006-06-23,.5SP25,259.2497
2006-06-26,.5SP25,260.7389
2006-06-27,.5SP25,257.3306
2006-06-28,.5SP25,257.699
2006-06-29,.5SP25,263.1441
2006-06-30,.5SP25,263.4077
2006-07-03,.5SP25,263.5955
2006-07-03,.5SP25,263.5955
2006-07-05,.5SP25,261.3618
2006-07-06,.5SP25,261.5168
2006-07-07,.5SP25,259.5992
2006-07-10,.5SP25,259.7672
2006-07-11,.5SP25,259.6678
2006-07-12,.5SP25,255.4023
2006-07-13,.5SP25,251.1253
2006-07-14,.5SP25,247.8197
2006-07-17,.5SP25,249.3504
2006-07-18,.5SP25,247.7091
2006-07-19,.5SP25,252.6679
2006-07-20,.5SP25,249.4429
2006-07-21,.5SP25,247.4396
2006-07-24,.5SP25,252.5826
2006-07-25,.5SP25,254.9691
2006-07-26,.5SP25,252.0623
2006-07-27,.5SP25,251.421
2006-07-28,.5SP25,254.5993
2006-07-31,.5SP25,254.4825
2006-08-01,.5SP25,252.0619
2006-08-02,.5SP25,254.3031
2006-08-03,.5SP25,256.0508
2006-08-04,.5SP25,256.2518
2006-08-07,.5SP25,255.2303
2006-08-08,.5SP25,252.6661
2006-08-09,.5SP25,249.3959
2006-08-10,.5SP25,252.8096
2006-08-11,.5SP25,252.5387
2006-08-14,.5SP25,253.2608
2006-08-15,.5SP25,256.988
2006-08-16,.5SP25,259.6488
2006-08-17,.5SP25,261.0013
2006-08-18,.5SP25,260.6005
2006-08-21,.5SP25,258.1197
2006-08-22,.5SP25,257.6713
2006-08-23,.5SP25,255.5253
2006-08-24,.5SP25,254.3105
2006-08-25,.5SP25,253.8736
2006-08-28,.5SP25,256.6143
2006-08-29,.5SP25,258.2228
2006-08-30,.5SP25,258.4719
2006-08-31,.5SP25,259.2472
2006-09-01,.5SP25,261.9195
2006-09-01,.5SP25,261.9195
2006-09-05,.5SP25,261.9686
2006-09-06,.5SP25,259.3778
2006-09-07,.5SP25,259.4227
2006-09-08,.5SP25,262.1419
2006-09-11,.5SP25,264.1964
2006-09-12,.5SP25,270.5508
2006-09-13,.5SP25,271.3905
2006-09-14,.5SP25,271.0909
2006-09-15,.5SP25,271.9098
2006-09-18,.5SP25,270.4661
2006-09-19,.5SP25,270.9128
2006-09-20,.5SP25,273.3223
2006-09-21,.5SP25,271.3693
2006-09-22,.5SP25,271.074
2006-09-25,.5SP25,275.773
2006-09-26,.5SP25,277.7869
2006-09-27,.5SP25,277.2739
2006-09-28,.5SP25,277.2945
2006-09-29,.5SP25,275.8396
2006-10-02,.5SP25,276.0391
2006-10-03,.5SP25,278.927
2006-10-04,.5SP25,282.9719
2006-10-05,.5SP25,283.9809
2006-10-06,.5SP25,283.1568
2006-10-09,.5SP25,285.3684
2006-10-10,.5SP25,286.5975
2006-10-11,.5SP25,286.0201
2006-10-12,.5SP25,289.8415
2006-10-13,.5SP25,288.8424
2006-10-16,.5SP25,289.112
2006-10-17,.5SP25,287.6233
2006-10-18,.5SP25,288.3548
2006-10-19,.5SP25,287.6723
2006-10-20,.5SP25,287.5624
2006-10-23,.5SP25,290.9525
2006-10-24,.5SP25,292.159
2006-10-25,.5SP25,291.354
2006-10-26,.5SP25,295.2946
2006-10-27,.5SP25,292.6074
2006-10-30,.5SP25,294.3273
2006-10-31,.5SP25,293.5751
2006-11-01,.5SP25,291.1734
2006-11-02,.5SP25,290.7562
2006-11-03,.5SP25,288.7257
2006-11-06,.5SP25,292.6638
2006-11-07,.5SP25,293.0696
2006-11-08,.5SP25,294.4273
2006-11-09,.5SP25,293.2317
2006-11-10,.5SP25,294.3449
2006-11-13,.5SP25,294.5506
2006-11-14,.5SP25,297.781
2006-11-15,.5SP25,298.6201
2006-11-16,.5SP25,300.7528
2006-11-17,.5SP25,300.0175
2006-11-20,.5SP25,299.4509
2006-11-21,.5SP25,299.8372
2006-11-22,.5SP25,300.5038
2006-11-22,.5SP25,300.5038
2006-11-24,.5SP25,298.8503
2006-11-27,.5SP25,294.612
2006-11-28,.5SP25,294.0639
2006-11-29,.5SP25,296.4197
2006-11-30,.5SP25,296.5003
2006-12-01,.5SP25,296.0945
2006-12-04,.5SP25,299.5185
2006-12-05,.5SP25,301.9864
2006-12-06,.5SP25,301.7047
2006-12-07,.5SP25,300.1457
2006-12-08,.5SP25,300.87
2006-12-11,.5SP25,302.0564
2006-12-12,.5SP25,300.4944
2006-12-13,.5SP25,301.4666
2006-12-14,.5SP25,304.7553
2006-12-15,.5SP25,303.5224
2006-12-18,.5SP25,303.2187
2006-12-19,.5SP25,303.507
2006-12-20,.5SP25,303.2454
2006-12-21,.5SP25,302.2298
2006-12-22,.5SP25,301.7449
2006-12-22,.5SP25,301.7449
2006-12-26,.5SP25,302.4549
2006-12-27,.5SP25,304.7386
2006-12-28,.5SP25,304.0857
2006-12-29,.5SP25,302.9157
2006-12-29,.5SP25,302.9157
2006-12-29,.5SP25,302.9157
2007-01-03,.5SP25,303.8407
2007-01-04,.5SP25,304.0877
2007-01-05,.5SP25,301.7055
2007-01-08,.5SP25,302.312
2007-01-09,.5SP25,303.8721
2007-01-10,.5SP25,305.5189
2007-01-11,.5SP25,308.9815
2007-01-12,.5SP25,309.8883
2007-01-12,.5SP25,309.8883
2007-01-16,.5SP25,310.9322
2007-01-17,.5SP25,310.9671
2007-01-18,.5SP25,312.8002
2007-01-19,.5SP25,312.8057
2007-01-22,.5SP25,311.0257
2007-01-23,.5SP25,311.6478
2007-01-24,.5SP25,312.8167
2007-01-25,.5SP25,307.8516
2007-01-26,.5SP25,306.5345
2007-01-29,.5SP25,307.1175
2007-01-30,.5SP25,307.9603
2007-01-31,.5SP25,311.2896
2007-02-01,.5SP25,312.5132
2007-02-02,.5SP25,313.2475
2007-02-05,.5SP25,312.3425
2007-02-06,.5SP25,313.3923
2007-02-07,.5SP25,314.7961
2007-02-08,.5SP25,314.1202
2007-02-09,.5SP25,311.2183
2007-02-12,.5SP25,309.7143
2007-02-13,.5SP25,312.5309
2007-02-14,.5SP25,314.2245
2007-02-15,.5SP25,315.0167
2007-02-16,.5SP25,314.7321
2007-02-16,.5SP25,314.7321
2007-02-20,.5SP25,317.057
2007-02-21,.5SP25,316.2499
2007-02-22,.5SP25,315.2415
2007-02-23,.5SP25,314.1733
2007-02-26,.5SP25,311.4641
2007-02-27,.5SP25,300.1187
2007-02-28,.5SP25,301.8318
2007-03-01,.5SP25,300.3633
2007-03-02,.5SP25,297.9308
2007-03-05,.5SP25,294.2712
2007-03-06,.5SP25,298.6064
2007-03-07,.5SP25,298.3434
2007-03-08,.5SP25,301.0149
2007-03-09,.5SP25,301.1644
2007-03-12,.5SP25,301.363
2007-03-13,.5SP25,295.0231
2007-03-14,.5SP25,295.159
2007-03-15,.5SP25,296.0942
2007-03-16,.5SP25,295.1534
2007-03-19,.5SP25,298.4295
2007-03-20,.5SP25,301.1033
2007-03-21,.5SP25,305.7867
2007-03-22,.5SP25,304.7991
2007-03-23,.5SP25,304.9205
2007-03-26,.5SP25,304.4897
2007-03-27,.5SP25,301.9805
2007-03-28,.5SP25,298.8892
2007-03-29,.5SP25,299.543
2007-03-30,.5SP25,299.9269
2007-04-02,.5SP25,301.0442
2007-04-03,.5SP25,304.7475
2007-04-04,.5SP25,304.5711
2007-04-05,.5SP25,306.1854
2007-04-05,.5SP25,306.1854
2007-04-09,.5SP25,306.7211
2007-04-10,.5SP25,306.8375
2007-04-11,.5SP25,305.052
2007-04-12,.5SP25,306.7351
2007-04-13,.5SP25,306.9063
2007-04-16,.5SP25,309.8425
2007-04-17,.5SP25,311.183
2007-04-18,.5SP25,310.5652
2007-04-19,.5SP25,309.0947
2007-04-20,.5SP25,311.993
2007-04-23,.5SP25,311.1471
2007-04-24,.5SP25,310.5391
2007-04-25,.5SP25,313.613
2007-04-26,.5SP25,313.5224
2007-04-27,.5SP25,311.5039
2007-04-30,.5SP25,307.4123
2007-05-01,.5SP25,308.2443
2007-05-02,.5SP25,311.117
2007-05-03,.5SP25,310.6978
2007-05-04,.5SP25,311.1023
2007-05-07,.5SP25,311.424
2007-05-08,.5SP25,310.856
2007-05-09,.5SP25,312.0982
2007-05-10,.5SP25,308.2089
2007-05-11,.5SP25,309.8976
2007-05-14,.5SP25,309.7548
2007-05-15,.5SP25,308.3819
2007-05-16,.5SP25,310.4189
2007-05-17,.5SP25,310.4046
2007-05-18,.5SP25,313.7647
2007-05-21,.5SP25,314.5329
2007-05-22,.5SP25,314.5724
2007-05-23,.5SP25,314.6233
2007-05-24,.5SP25,312.0235
2007-05-25,.5SP25,313.0169
2007-05-25,.5SP25,313.0169
2007-05-29,.5SP25,312.7592
2007-05-30,.5SP25,315.2679
2007-05-31,.5SP25,315.8921
2007-06-01,.5SP25,317.5725
2007-06-04,.5SP25,318.5443
2007-06-05,.5SP25,316.2808
2007-06-06,.5SP25,313.1621
2007-06-07,.5SP25,307.3193
2007-06-08,.5SP25,310.5418
2007-06-11,.5SP25,309.8274
2007-06-12,.5SP25,306.4587
2007-06-13,.5SP25,310.37
2007-06-14,.5SP25,312.4362
2007-06-15,.5SP25,313.9059
2007-06-18,.5SP25,313.4163
2007-06-19,.5SP25,313.9374
2007-06-20,.5SP25,313.084
2007-06-21,.5SP25,312.9626
2007-06-22,.5SP25,310.1725
2007-06-25,.5SP25,309.4632
2007-06-26,.5SP25,308.1541
2007-06-27,.5SP25,310.9887
2007-06-28,.5SP25,310.8408
2007-06-29,.5SP25,310.2139
2007-07-02,.5SP25,312.5646
2007-07-03,.5SP25,312.5342
2007-07-03,.5SP25,312.5342
2007-07-05,.5SP25,314.5779
2007-07-06,.5SP25,317.0704
2007-07-09,.5SP25,315.9076
2007-07-10,.5SP25,309.938
2007-07-11,.5SP25,311.2028
2007-07-12,.5SP25,315.4322
2007-07-13,.5SP25,316.445
2007-07-16,.5SP25,315.0764
2007-07-17,.5SP25,314.8708
2007-07-18,.5SP25,314.5461
2007-07-19,.5SP25,315.8121
2007-07-20,.5SP25,311.5683
2007-07-23,.5SP25,311.8503
2007-07-24,.5SP25,306.1402
2007-07-25,.5SP25,306.1527
2007-07-26,.5SP25,297.3246
2007-07-27,.5SP25,292.9661
2007-07-30,.5SP25,296.6855
2007-07-31,.5SP25,292.1279
2007-08-01,.5SP25,292.4486
2007-08-02,.5SP25,294.9985
2007-08-03,.5SP25,287.1156
2007-08-06,.5SP25,291.7661
2007-08-07,.5SP25,292.944
2007-08-08,.5SP25,296.1045
2007-08-09,.5SP25,287.8724
2007-08-10,.5SP25,288.3035
2007-08-13,.5SP25,288.7932
2007-08-14,.5SP25,280.973
2007-08-15,.5SP25,276.8329
2007-08-16,.5SP25,277.1695
2007-08-17,.5SP25,281.8628
2007-08-20,.5SP25,282.3998
2007-08-21,.5SP25,284.3694
2007-08-22,.5SP25,288.4325
2007-08-23,.5SP25,287.1672
2007-08-24,.5SP25,290.9543
2007-08-27,.5SP25,288.6895
2007-08-28,.5SP25,281.5393
2007-08-29,.5SP25,289.3191
2007-08-30,.5SP25,288.0604
2007-08-31,.5SP25,292.8249
2007-08-31,.5SP25,292.8249
2007-09-04,.5SP25,293.1108
2007-09-05,.5SP25,289.3116
2007-09-06,.5SP25,290.0719
2007-09-07,.5SP25,283.4524
2007-09-10,.5SP25,281.6337
2007-09-11,.5SP25,285.3112
2007-09-12,.5SP25,284.4733
2007-09-13,.5SP25,288.5111
2007-09-14,.5SP25,289.6161
2007-09-17,.5SP25,287.4613
2007-09-18,.5SP25,297.1245
2007-09-19,.5SP25,297.9597
2007-09-20,.5SP25,293.4444
2007-09-21,.5SP25,293.3124
2007-09-24,.5SP25,290.8632
2007-09-25,.5SP25,287.3498
2007-09-26,.5SP25,290.1301
2007-09-27,.5SP25,289.7185
2007-09-28,.5SP25,289.9452
2007-10-01,.5SP25,293.8527
2007-10-02,.5SP25,294.8227
2007-10-03,.5SP25,295.5489
2007-10-04,.5SP25,294.588
2007-10-05,.5SP25,299.9888
2007-10-08,.5SP25,298.7121
2007-10-09,.5SP25,299.4314
2007-10-10,.5SP25,299.0405
2007-10-11,.5SP25,297.132
2007-10-12,.5SP25,298.4363
2007-10-15,.5SP25,294.408
2007-10-16,.5SP25,292.8535
2007-10-17,.5SP25,292.4177
2007-10-18,.5SP25,290.9695
2007-10-19,.5SP25,284.0348
2007-10-22,.5SP25,286.8547
2007-10-23,.5SP25,288.0241
2007-10-24,.5SP25,287.6858
2007-10-25,.5SP25,284.9832
2007-10-26,.5SP25,287.8803
2007-10-29,.5SP25,288.8083
2007-10-30,.5SP25,288.1456
2007-10-31,.5SP25,289.9718
2007-11-01,.5SP25,282.1795
2007-11-02,.5SP25,281.5968
2007-11-05,.5SP25,278.452
2007-11-06,.5SP25,280.5422
2007-11-07,.5SP25,274.2107
2007-11-08,.5SP25,274.3823
2007-11-09,.5SP25,268.304
2007-11-12,.5SP25,267.5005
2007-11-13,.5SP25,275.2224
2007-11-14,.5SP25,269.6475
2007-11-15,.5SP25,267.9094
2007-11-16,.5SP25,268.2255
2007-11-19,.5SP25,261.8086
2007-11-20,.5SP25,261.8499
2007-11-21,.5SP25,259.3005
2007-11-21,.5SP25,259.3005
2007-11-23,.5SP25,263.9878
2007-11-26,.5SP25,257.9197
2007-11-27,.5SP25,261.7718
2007-11-28,.5SP25,270.1374
2007-11-29,.5SP25,269.6545
2007-11-30,.5SP25,273.0328
2007-12-03,.5SP25,271.9806
2007-12-04,.5SP25,270.8975
2007-12-05,.5SP25,270.1647
2007-12-06,.5SP25,273.1262
2007-12-07,.5SP25,273.8115
2007-12-10,.5SP25,274.491
2007-12-11,.5SP25,266.605
2007-12-12,.5SP25,266.4444
2007-12-13,.5SP25,265.562
2007-12-14,.5SP25,261.7346
2007-12-17,.5SP25,259.2306
2007-12-18,.5SP25,261.4845
2007-12-19,.5SP25,259.0818
2007-12-20,.5SP25,259.4699
2007-12-21,.5SP25,263.1439
2007-12-24,.5SP25,265.4099
2007-12-24,.5SP25,265.4099
2007-12-26,.5SP25,264.0771
2007-12-27,.5SP25,260.7134
2007-12-28,.5SP25,260.2194
2007-12-31,.5SP25,259.5309
2007-12-31,.5SP25,259.5309
2008-01-02,.5SP25,254.1522
2008-01-03,.5SP25,251.1497
2008-01-04,.5SP25,243.5782
2008-01-07,.5SP25,244.755
2008-01-08,.5SP25,240.0225
2008-01-09,.5SP25,241.9823
2008-01-10,.5SP25,245.0117
2008-01-11,.5SP25,238.8593
2008-01-14,.5SP25,241.1609
2008-01-15,.5SP25,235.6246
2008-01-16,.5SP25,238.6203
2008-01-17,.5SP25,234.3303
2008-01-18,.5SP25,234.3394
2008-01-18,.5SP25,234.3394
2008-01-22,.5SP25,238.2263
2008-01-23,.5SP25,246.9201
2008-01-24,.5SP25,248.4352
2008-01-25,.5SP25,243.5551
2008-01-28,.5SP25,248.1372
2008-01-29,.5SP25,249.3232
2008-01-30,.5SP25,247.7324
2008-01-31,.5SP25,256.1268
2008-02-01,.5SP25,259.8689
2008-02-04,.5SP25,254.3909
2008-02-05,.5SP25,247.4062
2008-02-06,.5SP25,245.8705
2008-02-07,.5SP25,250.0427
2008-02-08,.5SP25,248.3267
2008-02-11,.5SP25,251.721
2008-02-12,.5SP25,252.9951
2008-02-13,.5SP25,255.7317
2008-02-14,.5SP25,252.2011
2008-02-15,.5SP25,253.3173
2008-02-15,.5SP25,253.3173
2008-02-19,.5SP25,251.7004
2008-02-20,.5SP25,254.0317
2008-02-21,.5SP25,249.4154
2008-02-22,.5SP25,252.7286
2008-02-25,.5SP25,256.9072
2008-02-26,.5SP25,259.9979
2008-02-27,.5SP25,259.3255
2008-02-28,.5SP25,253.1906
2008-02-29,.5SP25,245.677
2008-03-03,.5SP25,246.2919
2008-03-04,.5SP25,246.471
2008-03-05,.5SP25,246.5077
2008-03-06,.5SP25,239.998
2008-03-07,.5SP25,237.8222
2008-03-10,.5SP25,234.179
2008-03-11,.5SP25,241.41
2008-03-12,.5SP25,239.7654
2008-03-13,.5SP25,240.701
2008-03-14,.5SP25,236.1913
2008-03-17,.5SP25,232.669
2008-03-18,.5SP25,242.7734
2008-03-19,.5SP25,239.596
2008-03-20,.5SP25,247.2591
2008-03-20,.5SP25,247.2591
2008-03-24,.5SP25,254.9817
2008-03-25,.5SP25,254.3295
2008-03-26,.5SP25,248.6681
2008-03-27,.5SP25,245.3224
2008-03-28,.5SP25,239.8691
2008-03-31,.5SP25,243.3185
2008-04-01,.5SP25,253.8836
2008-04-02,.5SP25,254.3783
2008-04-03,.5SP25,253.5979
2008-04-04,.5SP25,252.5001
2008-04-07,.5SP25,252.2813
2008-04-08,.5SP25,250.7843
2008-04-09,.5SP25,245.9841
2008-04-10,.5SP25,248.1609
2008-04-11,.5SP25,243.308
2008-04-14,.5SP25,241.9376
2008-04-15,.5SP25,242.45
2008-04-16,.5SP25,246.3173
2008-04-17,.5SP25,247.8713
2008-04-18,.5SP25,252.8343
2008-04-21,.5SP25,252.6054
2008-04-22,.5SP25,248.4253
2008-04-23,.5SP25,249.2485
2008-04-24,.5SP25,252.5324
2008-04-25,.5SP25,255.0919
2008-04-28,.5SP25,255.2276
2008-04-29,.5SP25,256.4938
2008-04-30,.5SP25,253.5988
2008-05-01,.5SP25,261.9457
2008-05-02,.5SP25,261.4411
2008-05-05,.5SP25,258.1641
2008-05-06,.5SP25,259.5193
2008-05-07,.5SP25,255.8645
2008-05-08,.5SP25,255.1827
2008-05-09,.5SP25,253.9664
2008-05-12,.5SP25,259.2463
2008-05-13,.5SP25,259.8781
2008-05-14,.5SP25,262.428
2008-05-15,.5SP25,265.7339
2008-05-16,.5SP25,263.355
2008-05-19,.5SP25,262.5943
2008-05-20,.5SP25,258.3579
2008-05-21,.5SP25,253.2968
2008-05-22,.5SP25,253.804
2008-05-23,.5SP25,249.4409
2008-05-23,.5SP25,249.4409
2008-05-27,.5SP25,252.2102
2008-05-28,.5SP25,253.2452
2008-05-29,.5SP25,255.7309
2008-05-30,.5SP25,254.7795
2008-06-02,.5SP25,251.8287
2008-06-03,.5SP25,251.7735
2008-06-04,.5SP25,253.1291
2008-06-05,.5SP25,256.276
2008-06-06,.5SP25,246.0818
2008-06-09,.5SP25,245.7484
2008-06-10,.5SP25,246.8202
2008-06-11,.5SP25,241.3653
2008-06-12,.5SP25,242.9717
2008-06-13,.5SP25,249.1639
2008-06-16,.5SP25,248.8615
2008-06-17,.5SP25,245.566
2008-06-18,.5SP25,240.9161
2008-06-19,.5SP25,243.854
2008-06-20,.5SP25,236.4965
2008-06-23,.5SP25,232.6103
2008-06-24,.5SP25,232.0979
2008-06-25,.5SP25,235.491
2008-06-26,.5SP25,227.2489
2008-06-27,.5SP25,225.635
2008-06-30,.5SP25,223.5727
2008-07-01,.5SP25,223.5384
2008-07-02,.5SP25,219.6384
2008-07-03,.5SP25,220.2204
2008-07-03,.5SP25,220.2204
2008-07-07,.5SP25,218.7254
2008-07-08,.5SP25,223.6455
2008-07-09,.5SP25,217.7066
2008-07-10,.5SP25,213.9713
2008-07-11,.5SP25,211.2868
2008-07-14,.5SP25,210.1777
2008-07-15,.5SP25,210.7762
2008-07-16,.5SP25,220.0237
2008-07-17,.5SP25,225.4401
2008-07-18,.5SP25,225.0839
2008-07-21,.5SP25,222.217
2008-07-22,.5SP25,226.8589
2008-07-23,.5SP25,231.4928
2008-07-24,.5SP25,224.9783
2008-07-25,.5SP25,224.1271
2008-07-28,.5SP25,218.5838
2008-07-29,.5SP25,225.7718
2008-07-30,.5SP25,226.6775
2008-07-31,.5SP25,224.5165
2008-08-01,.5SP25,223.3225
2008-08-04,.5SP25,224.3926
2008-08-05,.5SP25,234.4939
2008-08-06,.5SP25,233.4288
2008-08-07,.5SP25,228.7139
2008-08-08,.5SP25,240.5732
2008-08-11,.5SP25,246.6615
2008-08-12,.5SP25,243.0145
2008-08-13,.5SP25,239.0814
2008-08-14,.5SP25,243.7973
2008-08-15,.5SP25,246.2509
2008-08-18,.5SP25,241.9325
2008-08-19,.5SP25,236.5119
2008-08-20,.5SP25,235.2161
2008-08-21,.5SP25,236.3449
2008-08-22,.5SP25,241.5474
2008-08-25,.5SP25,235.6989
2008-08-26,.5SP25,236.3117
2008-08-27,.5SP25,237.3207
2008-08-28,.5SP25,242.8039
2008-08-29,.5SP25,240.2835
2008-08-29,.5SP25,240.2835
2008-09-02,.5SP25,244.705
2008-09-03,.5SP25,246.112
2008-09-04,.5SP25,237.8929
2008-09-05,.5SP25,238.4533
2008-09-08,.5SP25,248.2083
2008-09-09,.5SP25,241.9415
2008-09-10,.5SP25,242.1353
2008-09-11,.5SP25,245.4212
2008-09-12,.5SP25,244.2394
2008-09-15,.5SP25,237.3961
2008-09-16,.5SP25,238.7327
2008-09-17,.5SP25,227.1768
2008-09-18,.5SP25,236.7178
2008-09-19,.5SP25,240.8578
2008-09-22,.5SP25,228.9221
2008-09-23,.5SP25,225.218
2008-09-24,.5SP25,223.7033
2008-09-25,.5SP25,228.0432
2008-09-26,.5SP25,230.3236
2008-09-29,.5SP25,213.0735
2008-09-30,.5SP25,221.2532
2008-10-01,.5SP25,219.5491
2008-10-02,.5SP25,210.288
2008-10-03,.5SP25,204.5086
2008-10-06,.5SP25,197.1303
2008-10-07,.5SP25,185.8424
2008-10-08,.5SP25,183.2143
2008-10-09,.5SP25,169.954
2008-10-10,.5SP25,167.1183
2008-10-13,.5SP25,184.1081
2008-10-14,.5SP25,179.1586
2008-10-15,.5SP25,161.9467
2008-10-16,.5SP25,169.3423
2008-10-17,.5SP25,170.0801
2008-10-20,.5SP25,176.3788
2008-10-21,.5SP25,170.9837
2008-10-22,.5SP25,160.2401
2008-10-23,.5SP25,159.3862
2008-10-24,.5SP25,152.766
2008-10-27,.5SP25,148.9708
2008-10-28,.5SP25,168.4946
2008-10-29,.5SP25,168.3783
2008-10-30,.5SP25,173.8915
2008-10-31,.5SP25,178.6244
2008-11-03,.5SP25,175.8665
2008-11-04,.5SP25,182.4932
2008-11-05,.5SP25,172.0882
2008-11-06,.5SP25,162.849
2008-11-07,.5SP25,166.0245
2008-11-10,.5SP25,161.7629
2008-11-11,.5SP25,157.139
2008-11-12,.5SP25,147.361
2008-11-13,.5SP25,157.9674
2008-11-14,.5SP25,150.6905
2008-11-17,.5SP25,146.1746
2008-11-18,.5SP25,146.2451
2008-11-19,.5SP25,136.1852
2008-11-20,.5SP25,128.8292
2008-11-21,.5SP25,137.6563
2008-11-24,.5SP25,148.3236
2008-11-25,.5SP25,151.1236
2008-11-26,.5SP25,159.5224
2008-11-26,.5SP25,159.5224
2008-11-28,.5SP25,161.1484
2008-12-01,.5SP25,146.8669
2008-12-02,.5SP25,153.1471
2008-12-03,.5SP25,159.7073
2008-12-04,.5SP25,160.144
2008-12-05,.5SP25,166.007
2008-12-08,.5SP25,171.9407
2008-12-09,.5SP25,166.9545
2008-12-10,.5SP25,170.9395
2008-12-11,.5SP25,164.1166
2008-12-12,.5SP25,164.792
2008-12-15,.5SP25,162.4115
2008-12-16,.5SP25,171.5395
2008-12-17,.5SP25,172.2442
2008-12-18,.5SP25,169.031
2008-12-19,.5SP25,168.5305
2008-12-22,.5SP25,163.4165
2008-12-23,.5SP25,161.2322
2008-12-24,.5SP25,162.5529
2008-12-24,.5SP25,162.5529
2008-12-26,.5SP25,163.5582
2008-12-29,.5SP25,161.6827
2008-12-30,.5SP25,166.7958
2008-12-31,.5SP25,169.4084
2008-12-31,.5SP25,169.4084
2009-01-02,.5SP25,177.3327
2009-01-05,.5SP25,177.372
2009-01-06,.5SP25,180.5621
2009-01-07,.5SP25,174.206
2009-01-08,.5SP25,174.7828
2009-01-09,.5SP25,169.8408
2009-01-12,.5SP25,165.58
2009-01-13,.5SP25,163.4312
2009-01-14,.5SP25,157.3207
2009-01-15,.5SP25,160.5385
2009-01-16,.5SP25,162.7977
2009-01-16,.5SP25,162.7977
2009-01-20,.5SP25,152.537
2009-01-21,.5SP25,157.6695
2009-01-22,.5SP25,155.6459
2009-01-23,.5SP25,154.7904
2009-01-26,.5SP25,156.0689
2009-01-27,.5SP25,155.9573
2009-01-28,.5SP25,162.4563
2009-01-29,.5SP25,155.9618
2009-01-30,.5SP25,151.3762
2009-02-02,.5SP25,150.6861
2009-02-03,.5SP25,154.9989
2009-02-04,.5SP25,151.0884
2009-02-05,.5SP25,154.1373
2009-02-06,.5SP25,158.8438
2009-02-09,.5SP25,158.1604
2009-02-10,.5SP25,150.6969
2009-02-11,.5SP25,151.4704
2009-02-12,.5SP25,151.9312
2009-02-13,.5SP25,149.6381
2009-02-13,.5SP25,149.6381
2009-02-17,.5SP25,143.6449
2009-02-18,.5SP25,142.5304
2009-02-19,.5SP25,141.5695
2009-02-20,.5SP25,140.375
2009-02-23,.5SP25,136.7165
2009-02-24,.5SP25,143.2818
2009-02-25,.5SP25,141.6141
2009-02-26,.5SP25,138.477
2009-02-27,.5SP25,138.2183
2009-03-02,.5SP25,132.3299
2009-03-03,.5SP25,130.8235
2009-03-04,.5SP25,134.4958
2009-03-05,.5SP25,128.2473
2009-03-06,.5SP25,127.2974
2009-03-09,.5SP25,125.7232
2009-03-10,.5SP25,134.8675
2009-03-11,.5SP25,135.9625
2009-03-12,.5SP25,141.5266
2009-03-13,.5SP25,142.6797
2009-03-16,.5SP25,140.0794
2009-03-17,.5SP25,146.3486
2009-03-18,.5SP25,151.0496
2009-03-19,.5SP25,149.2381
2009-03-20,.5SP25,146.0438
2009-03-23,.5SP25,156.6802
2009-03-24,.5SP25,154.3223
2009-03-25,.5SP25,155.9508
2009-03-26,.5SP25,162.1662
2009-03-27,.5SP25,158.8348
2009-03-30,.5SP25,153.5272
2009-03-31,.5SP25,154.8165
2009-04-01,.5SP25,157.9859
2009-04-02,.5SP25,166.2554
2009-04-03,.5SP25,168.8671
2009-04-06,.5SP25,166.8106
2009-04-07,.5SP25,161.6409
2009-04-08,.5SP25,166.2048
2009-04-09,.5SP25,173.2441
2009-04-09,.5SP25,173.2441
2009-04-13,.5SP25,172.481
2009-04-14,.5SP25,168.6399
2009-04-15,.5SP25,169.5809
2009-04-16,.5SP25,175.3955
2009-04-17,.5SP25,177.5983
2009-04-20,.5SP25,169.7795
2009-04-21,.5SP25,173.7072
2009-04-22,.5SP25,175.2146
2009-04-23,.5SP25,175.3525
2009-04-24,.5SP25,180.0325
2009-04-27,.5SP25,176.7813
2009-04-28,.5SP25,177.1933
2009-04-29,.5SP25,181.1819
2009-04-30,.5SP25,183.5143
2009-05-01,.5SP25,182.2981
2009-05-04,.5SP25,188.4694
2009-05-05,.5SP25,188.5542
2009-05-06,.5SP25,190.2127
2009-05-07,.5SP25,186.7948
2009-05-08,.5SP25,188.6597
2009-05-11,.5SP25,184.7603
2009-05-12,.5SP25,180.6222
2009-05-13,.5SP25,174.8516
2009-05-14,.5SP25,176.2023
2009-05-15,.5SP25,174.9933
2009-05-18,.5SP25,182.4584
2009-05-19,.5SP25,182.2198
2009-05-20,.5SP25,180.4891
2009-05-21,.5SP25,176.2879
2009-05-22,.5SP25,176.8844
2009-05-22,.5SP25,176.8844
2009-05-26,.5SP25,183.573
2009-05-27,.5SP25,179.4047
2009-05-28,.5SP25,179.0727
2009-05-29,.5SP25,181.5661
2009-06-01,.5SP25,189.9491
2009-06-02,.5SP25,191.6787
2009-06-03,.5SP25,189.7757
2009-06-04,.5SP25,189.2667
2009-06-05,.5SP25,188.7969
2009-06-08,.5SP25,189.5688
2009-06-09,.5SP25,191.0489
2009-06-10,.5SP25,189.0567
2009-06-11,.5SP25,187.2367
2009-06-12,.5SP25,187.5517
2009-06-15,.5SP25,183.4805
2009-06-16,.5SP25,179.1707
2009-06-17,.5SP25,180.9036
2009-06-18,.5SP25,180.4094
2009-06-19,.5SP25,182.0156
2009-06-22,.5SP25,177.1132
2009-06-23,.5SP25,175.7827
2009-06-24,.5SP25,176.7401
2009-06-25,.5SP25,181.9025
2009-06-26,.5SP25,181.1143
2009-06-29,.5SP25,182.9312
2009-06-30,.5SP25,182.1458
2009-07-01,.5SP25,182.8273
2009-07-02,.5SP25,176.0792
2009-07-02,.5SP25,176.0792
2009-07-06,.5SP25,176.3528
2009-07-07,.5SP25,171.915
2009-07-08,.5SP25,173.1517
2009-07-09,.5SP25,174.2949
2009-07-10,.5SP25,173.7529
2009-07-13,.5SP25,177.058
2009-07-14,.5SP25,179.7531
2009-07-15,.5SP25,184.7092
2009-07-16,.5SP25,186.9168
2009-07-17,.5SP25,187.1151
2009-07-20,.5SP25,191.4654
2009-07-21,.5SP25,190.7266
2009-07-22,.5SP25,192.5536
2009-07-23,.5SP25,197.1153
2009-07-24,.5SP25,196.7781
2009-07-27,.5SP25,197.2266
2009-07-28,.5SP25,197.2809
2009-07-29,.5SP25,195.6445
2009-07-30,.5SP25,198.9289
2009-07-31,.5SP25,199.2198
2009-08-03,.5SP25,203.1045
2009-08-04,.5SP25,203.6238
2009-08-05,.5SP25,202.4202
2009-08-06,.5SP25,202.1869
2009-08-07,.5SP25,208.8877
2009-08-10,.5SP25,206.4442
2009-08-11,.5SP25,204.3063
2009-08-12,.5SP25,206.285
2009-08-13,.5SP25,206.6833
2009-08-14,.5SP25,203.4831
2009-08-17,.5SP25,197.039
2009-08-18,.5SP25,199.7277
2009-08-19,.5SP25,201.6301
2009-08-20,.5SP25,203.2095
2009-08-21,.5SP25,207.342
2009-08-24,.5SP25,205.3881
2009-08-25,.5SP25,207.8782
2009-08-26,.5SP25,208.8143
2009-08-27,.5SP25,209.4956
2009-08-28,.5SP25,209.2816
2009-08-31,.5SP25,205.8569
2009-09-01,.5SP25,201.7604
2009-09-02,.5SP25,200.6909
2009-09-03,.5SP25,203.3179
2009-09-04,.5SP25,206.2875
2009-09-04,.5SP25,206.2875
2009-09-08,.5SP25,208.3773
2009-09-09,.5SP25,210.6916
2009-09-10,.5SP25,213.6811
2009-09-11,.5SP25,212.707
2009-09-14,.5SP25,213.6534
2009-09-15,.5SP25,214.5301
2009-09-16,.5SP25,218.6369
2009-09-17,.5SP25,217.8081
2009-09-18,.5SP25,219.4697
2009-09-21,.5SP25,218.2672
2009-09-22,.5SP25,218.8799
2009-09-23,.5SP25,215.9633
2009-09-24,.5SP25,213.989
2009-09-25,.5SP25,212.1331
2009-09-28,.5SP25,216.3755
2009-09-29,.5SP25,217.4201
2009-09-30,.5SP25,216.4767
2009-10-01,.5SP25,211.5007
2009-10-02,.5SP25,208.7707
2009-10-05,.5SP25,212.4153
2009-10-06,.5SP25,215.5945
2009-10-07,.5SP25,215.7652
2009-10-08,.5SP25,219.0799
2009-10-09,.5SP25,219.1115
2009-10-12,.5SP25,219.2734
2009-10-13,.5SP25,220.2295
2009-10-14,.5SP25,223.6168
2009-10-15,.5SP25,223.8882
2009-10-16,.5SP25,222.6433
2009-10-19,.5SP25,225.7115
2009-10-20,.5SP25,223.263
2009-10-21,.5SP25,220.0291
2009-10-22,.5SP25,223.6969
2009-10-23,.5SP25,222.068
2009-10-26,.5SP25,220.8868
2009-10-27,.5SP25,217.2146
2009-10-28,.5SP25,211.2079
2009-10-29,.5SP25,216.9627
2009-10-30,.5SP25,211.1043
2009-11-02,.5SP25,213.006
2009-11-03,.5SP25,213.5752
2009-11-04,.5SP25,213.299
2009-11-05,.5SP25,218.7947
2009-11-06,.5SP25,221.0234
2009-11-09,.5SP25,225.8839
2009-11-10,.5SP25,226.0175
2009-11-11,.5SP25,227.1037
2009-11-12,.5SP25,224.8022
2009-11-13,.5SP25,228.2853
2009-11-16,.5SP25,232.064
2009-11-17,.5SP25,230.421
2009-11-18,.5SP25,229.6331
2009-11-19,.5SP25,226.9389
2009-11-20,.5SP25,225.6766
2009-11-23,.5SP25,227.6783
2009-11-24,.5SP25,227.2732
2009-11-25,.5SP25,229.517
2009-11-25,.5SP25,229.517
2009-11-27,.5SP25,226.1104
2009-11-30,.5SP25,225.3074
2009-12-01,.5SP25,228.3101
2009-12-02,.5SP25,228.9619
2009-12-03,.5SP25,227.2899
2009-12-04,.5SP25,228.9716
2009-12-07,.5SP25,229.9937
2009-12-08,.5SP25,228.2156
2009-12-09,.5SP25,227.8045
2009-12-10,.5SP25,230.9687
2009-12-11,.5SP25,233.3313
2009-12-14,.5SP25,235.3987
2009-12-15,.5SP25,234.6252
2009-12-16,.5SP25,235.017
2009-12-17,.5SP25,232.2003
2009-12-18,.5SP25,233.4216
2009-12-21,.5SP25,236.3539
2009-12-22,.5SP25,236.7126
2009-12-23,.5SP25,237.6825
2009-12-24,.5SP25,237.9503
2009-12-24,.5SP25,237.9503
2009-12-28,.5SP25,237.894
2009-12-29,.5SP25,238.3914
2009-12-30,.5SP25,237.4016
2009-12-31,.5SP25,235.0728
2009-12-31,.5SP25,235.0728
2010-01-04,.5SP25,236.4644
2010-01-05,.5SP25,237.6243
2010-01-06,.5SP25,237.5877
2010-01-07,.5SP25,239.6324
2010-01-08,.5SP25,239.5999
2010-01-11,.5SP25,239.356
2010-01-12,.5SP25,236.3668
2010-01-13,.5SP25,238.5461
2010-01-14,.5SP25,238.6529
2010-01-15,.5SP25,236.5079
2010-01-15,.5SP25,236.5079
2010-01-19,.5SP25,239.2855
2010-01-20,.5SP25,236.4812
2010-01-21,.5SP25,233.4249
2010-01-22,.5SP25,229.098
2010-01-25,.5SP25,229.8792
2010-01-26,.5SP25,230.0877
2010-01-27,.5SP25,230.8976
2010-01-28,.5SP25,229.4163
2010-01-29,.5SP25,228.1301
2010-02-01,.5SP25,230.6479
2010-02-02,.5SP25,234.0075
2010-02-03,.5SP25,234.3714
2010-02-04,.5SP25,227.676
2010-02-05,.5SP25,226.6112
2010-02-08,.5SP25,225.6923
2010-02-09,.5SP25,228.8668
2010-02-10,.5SP25,227.8308
2010-02-11,.5SP25,230.3247
2010-02-12,.5SP25,230.2919
2010-02-12,.5SP25,230.2919
2010-02-16,.5SP25,234.0702
2010-02-17,.5SP25,235.9758
2010-02-18,.5SP25,237.4411
2010-02-19,.5SP25,238.2636
2010-02-22,.5SP25,237.9578
2010-02-23,.5SP25,236.6317
2010-02-24,.5SP25,239.7748
2010-02-25,.5SP25,239.6494
2010-02-26,.5SP25,240.2187
2010-03-01,.5SP25,244.1005
2010-03-02,.5SP25,243.3745
2010-03-03,.5SP25,243.4347
2010-03-04,.5SP25,245.8031
2010-03-05,.5SP25,249.6763
2010-03-08,.5SP25,250.5647
2010-03-09,.5SP25,250.3537
2010-03-10,.5SP25,251.1654
2010-03-11,.5SP25,252.5727
2010-03-12,.5SP25,253.164
2010-03-15,.5SP25,253.479
2010-03-16,.5SP25,254.9028
2010-03-17,.5SP25,256.1391
2010-03-18,.5SP25,256.2421
2010-03-19,.5SP25,254.6793
2010-03-22,.5SP25,258.0221
2010-03-23,.5SP25,259.1407
2010-03-24,.5SP25,257.9278
2010-03-25,.5SP25,259.3114
2010-03-26,.5SP25,260.6966
2010-03-29,.5SP25,260.6483
2010-03-30,.5SP25,260.7199
2010-03-31,.5SP25,258.6931
2010-04-01,.5SP25,260.5955
2010-04-01,.5SP25,260.5955
2010-04-05,.5SP25,263.6742
2010-04-06,.5SP25,264.0664
2010-04-07,.5SP25,262.6887
2010-04-08,.5SP25,265.3801
2010-04-09,.5SP25,267.7171
2010-04-12,.5SP25,267.7051
2010-04-13,.5SP25,269.2574
2010-04-14,.5SP25,273.1775
2010-04-15,.5SP25,274.2379
2010-04-16,.5SP25,270.4938
2010-04-19,.5SP25,271.2002
2010-04-20,.5SP25,274.2509
2010-04-21,.5SP25,275.792
2010-04-22,.5SP25,280.3829
2010-04-23,.5SP25,281.6413
2010-04-26,.5SP25,283.2366
2010-04-27,.5SP25,275.0774
2010-04-28,.5SP25,274.2817
2010-04-29,.5SP25,279.9323
2010-04-30,.5SP25,274.2667
2010-05-03,.5SP25,279.9179
2010-05-04,.5SP25,271.711
2010-05-05,.5SP25,267.7984
2010-05-06,.5SP25,258.3542
2010-05-07,.5SP25,253.4412
2010-05-10,.5SP25,266.789
2010-05-11,.5SP25,266.7981
2010-05-12,.5SP25,270.3888
2010-05-13,.5SP25,264.6933
2010-05-14,.5SP25,260.2011
2010-05-17,.5SP25,261.8331
2010-05-18,.5SP25,257.057
2010-05-19,.5SP25,255.0715
2010-05-20,.5SP25,245.3577
2010-05-21,.5SP25,249.9162
2010-05-24,.5SP25,247.9654
2010-05-25,.5SP25,250.0555
2010-05-26,.5SP25,249.3947
2010-05-27,.5SP25,258.1798
2010-05-28,.5SP25,254.6774
2010-05-28,.5SP25,254.6774
2010-06-01,.5SP25,250.6552
2010-06-02,.5SP25,256.7107
2010-06-03,.5SP25,257.6495
2010-06-04,.5SP25,247.9002
2010-06-07,.5SP25,243.3442
2010-06-08,.5SP25,245.2433
2010-06-09,.5SP25,245.2357
2010-06-10,.5SP25,253.1971
2010-06-11,.5SP25,253.609
2010-06-14,.5SP25,253.984
2010-06-15,.5SP25,260.0643
2010-06-16,.5SP25,258.4464
2010-06-17,.5SP25,256.7891
2010-06-18,.5SP25,256.1409
2010-06-21,.5SP25,253.8552
2010-06-22,.5SP25,248.2139
2010-06-23,.5SP25,248.3049
2010-06-24,.5SP25,242.1685
2010-06-25,.5SP25,242.4826
2010-06-28,.5SP25,241.1789
2010-06-29,.5SP25,232.4447
2010-06-30,.5SP25,229.7118
2010-07-01,.5SP25,231.5517
2010-07-02,.5SP25,228.8874
2010-07-02,.5SP25,228.8874
2010-07-06,.5SP25,228.8417
2010-07-07,.5SP25,235.3337
2010-07-08,.5SP25,237.1017
2010-07-09,.5SP25,239.3616
2010-07-12,.5SP25,239.7599
2010-07-13,.5SP25,245.7304
2010-07-14,.5SP25,244.407
2010-07-15,.5SP25,245.2307
2010-07-16,.5SP25,236.5615
2010-07-19,.5SP25,238.7888
2010-07-20,.5SP25,242.3188
2010-07-21,.5SP25,237.9942
2010-07-22,.5SP25,245.2712
2010-07-23,.5SP25,248.4455
2010-07-26,.5SP25,252.1718
2010-07-27,.5SP25,249.1299
2010-07-28,.5SP25,247.3282
2010-07-29,.5SP25,245.8813
2010-07-30,.5SP25,247.4768
2010-08-02,.5SP25,252.6762
2010-08-03,.5SP25,249.2885
2010-08-04,.5SP25,253.0547
2010-08-05,.5SP25,253.6666
2010-08-06,.5SP25,252.4949
2010-08-09,.5SP25,254.6891
2010-08-10,.5SP25,252.6226
2010-08-11,.5SP25,245.7471
2010-08-12,.5SP25,244.8374
2010-08-13,.5SP25,242.2663
2010-08-16,.5SP25,242.2887
2010-08-17,.5SP25,245.886
2010-08-18,.5SP25,248.1648
2010-08-19,.5SP25,243.7206
2010-08-20,.5SP25,243.2862
2010-08-23,.5SP25,241.2954
2010-08-24,.5SP25,237.1824
2010-08-25,.5SP25,239.4897
2010-08-26,.5SP25,237.7684
2010-08-27,.5SP25,241.4634
2010-08-30,.5SP25,237.156
2010-08-31,.5SP25,237.4224
2010-09-01,.5SP25,245.4309
2010-09-02,.5SP25,249.8434
2010-09-03,.5SP25,253.6192
2010-09-03,.5SP25,253.6192
2010-09-07,.5SP25,249.5346
2010-09-08,.5SP25,251.2124
2010-09-09,.5SP25,251.3707
2010-09-10,.5SP25,253.669
2010-09-13,.5SP25,256.5575
2010-09-14,.5SP25,256.9049
2010-09-15,.5SP25,257.5042
2010-09-16,.5SP25,257.3258
2010-09-17,.5SP25,258.129
2010-09-20,.5SP25,263.0667
2010-09-21,.5SP25,261.9655
2010-09-22,.5SP25,260.2345
2010-09-23,.5SP25,258.9101
2010-09-24,.5SP25,265.6442
2010-09-27,.5SP25,263.956
2010-09-28,.5SP25,265.9356
2010-09-29,.5SP25,264.2026
2010-09-30,.5SP25,263.5279
2010-10-01,.5SP25,263.763
2010-10-04,.5SP25,263.1232
2010-10-05,.5SP25,268.5547
2010-10-06,.5SP25,267.1133
2010-10-07,.5SP25,267.7733
2010-10-08,.5SP25,270.6711
2010-10-11,.5SP25,270.9514
2010-10-12,.5SP25,271.43
2010-10-13,.5SP25,271.9712
2010-10-14,.5SP25,271.5683
2010-10-15,.5SP25,273.3942
2010-10-18,.5SP25,272.9682
2010-10-19,.5SP25,268.9492
2010-10-20,.5SP25,272.1455
2010-10-21,.5SP25,274.0815
2010-10-22,.5SP25,275.462
2010-10-25,.5SP25,277.0085
2010-10-26,.5SP25,278.0933
2010-10-27,.5SP25,276.7415
2010-10-28,.5SP25,277.8394
2010-10-29,.5SP25,277.4999
2010-11-01,.5SP25,277.4319
2010-11-02,.5SP25,280.3542
2010-11-03,.5SP25,281.662
2010-11-04,.5SP25,286.0274
2010-11-05,.5SP25,287.5348
2010-11-08,.5SP25,287.17
2010-11-09,.5SP25,284.6174
2010-11-10,.5SP25,286.9879
2010-11-11,.5SP25,286.5764
2010-11-12,.5SP25,283.8276
2010-11-15,.5SP25,283.097
2010-11-16,.5SP25,279.3655
2010-11-17,.5SP25,281.4239
2010-11-18,.5SP25,283.8475
2010-11-19,.5SP25,285.4218
2010-11-22,.5SP25,286.3553
2010-11-23,.5SP25,282.2659
2010-11-24,.5SP25,287.9725
2010-11-24,.5SP25,287.9725
2010-11-26,.5SP25,286.6472
2010-11-29,.5SP25,284.8859
2010-11-30,.5SP25,284.1824
2010-12-01,.5SP25,290.0012
2010-12-02,.5SP25,293.8583
2010-12-03,.5SP25,294.4585
2010-12-06,.5SP25,294.4393
2010-12-07,.5SP25,294.3133
2010-12-08,.5SP25,294.1625
2010-12-09,.5SP25,294.1031
2010-12-10,.5SP25,295.0675
2010-12-13,.5SP25,293.4691
2010-12-14,.5SP25,293.4399
2010-12-15,.5SP25,292.295
2010-12-16,.5SP25,294.5439
2010-12-17,.5SP25,294.8646
2010-12-20,.5SP25,296.6473
2010-12-21,.5SP25,298.2067
2010-12-22,.5SP25,298.461
2010-12-23,.5SP25,297.2853
2010-12-23,.5SP25,297.2853
2010-12-27,.5SP25,296.4193
2010-12-28,.5SP25,295.7495
2010-12-29,.5SP25,296.4734
2010-12-30,.5SP25,296.2443
2010-12-31,.5SP25,295.5369
2011-01-03,.5SP25,299.1772
2011-01-04,.5SP25,297.4143
2011-01-05,.5SP25,299.7656
2011-01-06,.5SP25,297.7225
2011-01-07,.5SP25,297.6142
2011-01-10,.5SP25,297.6135
2011-01-11,.5SP25,297.4611
2011-01-12,.5SP25,298.1913
2011-01-13,.5SP25,297.6722
2011-01-14,.5SP25,299.5502
2011-01-14,.5SP25,299.5502
2011-01-18,.5SP25,300.326
2011-01-19,.5SP25,297.3611
2011-01-20,.5SP25,298.0148
2011-01-21,.5SP25,298.3322
2011-01-24,.5SP25,299.9768
2011-01-25,.5SP25,299.9898
2011-01-26,.5SP25,300.3618
2011-01-27,.5SP25,302.6719
2011-01-28,.5SP25,293.1291
2011-01-31,.5SP25,293.4183
2011-02-01,.5SP25,297.0246
2011-02-02,.5SP25,296.3282
2011-02-03,.5SP25,299.7672
2011-02-04,.5SP25,301.7507
2011-02-07,.5SP25,303.3673
2011-02-08,.5SP25,306.963
2011-02-09,.5SP25,308.7715
2011-02-10,.5SP25,309.4104
2011-02-11,.5SP25,312.3369
2011-02-14,.5SP25,311.0797
2011-02-15,.5SP25,311.4967
2011-02-16,.5SP25,313.9961
2011-02-17,.5SP25,314.3982
2011-02-18,.5SP25,315.7902
2011-02-18,.5SP25,315.7902
2011-02-22,.5SP25,308.2749
2011-02-23,.5SP25,303.7053
2011-02-24,.5SP25,305.1844
2011-02-25,.5SP25,308.4055
2011-02-28,.5SP25,310.3665
2011-03-01,.5SP25,304.9449
2011-03-02,.5SP25,306.1278
2011-03-03,.5SP25,311.2266
2011-03-04,.5SP25,309.0743
2011-03-07,.5SP25,306.0557
2011-03-08,.5SP25,308.0972
2011-03-09,.5SP25,308.7295
2011-03-10,.5SP25,305.5282
2011-03-11,.5SP25,307.118
2011-03-14,.5SP25,303.6845
2011-03-15,.5SP25,301.1387
2011-03-16,.5SP25,296.0838
2011-03-17,.5SP25,297.4409
2011-03-18,.5SP25,297.2546
2011-03-21,.5SP25,301.5522
2011-03-22,.5SP25,299.2011
2011-03-23,.5SP25,301.7248
2011-03-24,.5SP25,306.0896
2011-03-25,.5SP25,306.7796
2011-03-28,.5SP25,303.5046
2011-03-29,.5SP25,306.3246
2011-03-30,.5SP25,309.599
2011-03-31,.5SP25,308.3963
2011-04-01,.5SP25,310.6349
2011-04-04,.5SP25,311.0595
2011-04-05,.5SP25,312.2599
2011-04-06,.5SP25,311.5842
2011-04-07,.5SP25,310.5431
2011-04-08,.5SP25,308.8109
2011-04-11,.5SP25,308.5792
2011-04-12,.5SP25,308.0921
2011-04-13,.5SP25,309.1231
2011-04-14,.5SP25,308.3462
2011-04-15,.5SP25,310.1908
2011-04-18,.5SP25,307.2903
2011-04-19,.5SP25,308.073
2011-04-20,.5SP25,313.4099
2011-04-21,.5SP25,315.4092
2011-04-21,.5SP25,315.4092
2011-04-25,.5SP25,314.7529
2011-04-26,.5SP25,315.5837
2011-04-27,.5SP25,319.1377
2011-04-28,.5SP25,320.5103
2011-04-29,.5SP25,320.3836
2011-05-02,.5SP25,321.3803
2011-05-03,.5SP25,319.7513
2011-05-04,.5SP25,318.5442
2011-05-05,.5SP25,317.9567
2011-05-06,.5SP25,318.0098
2011-05-09,.5SP25,318.4934
2011-05-10,.5SP25,322.4776
2011-05-11,.5SP25,319.8371
2011-05-12,.5SP25,322.5849
2011-05-13,.5SP25,320.3942
2011-05-16,.5SP25,315.8346
2011-05-17,.5SP25,316.2772
2011-05-18,.5SP25,319.9205
2011-05-19,.5SP25,320.9795
2011-05-20,.5SP25,317.9318
2011-05-23,.5SP25,314.9544
2011-05-24,.5SP25,313.2876
2011-05-25,.5SP25,313.3284
2011-05-26,.5SP25,315.8557
2011-05-27,.5SP25,316.8479
2011-05-27,.5SP25,316.8479
2011-05-31,.5SP25,318.9123
2011-06-01,.5SP25,311.6333
2011-06-02,.5SP25,310.9213
2011-06-03,.5SP25,306.6227
2011-06-06,.5SP25,303.6172
2011-06-07,.5SP25,303.9941
2011-06-08,.5SP25,301.5215
2011-06-09,.5SP25,303.8413
2011-06-10,.5SP25,298.2449
2011-06-13,.5SP25,297.7679
2011-06-14,.5SP25,302.941
2011-06-15,.5SP25,298.4607
2011-06-16,.5SP25,297.8324
2011-06-17,.5SP25,299.8845
2011-06-20,.5SP25,302.4843
2011-06-21,.5SP25,308.5568
2011-06-22,.5SP25,306.0881
2011-06-23,.5SP25,307.2927
2011-06-24,.5SP25,304.2044
2011-06-27,.5SP25,307.9399
2011-06-28,.5SP25,313.6905
2011-06-29,.5SP25,314.9959
2011-06-30,.5SP25,317.89
2011-07-01,.5SP25,324.1569
2011-07-01,.5SP25,324.1569
2011-07-05,.5SP25,325.4383
2011-07-06,.5SP25,324.4866
2011-07-07,.5SP25,328.8142
2011-07-08,.5SP25,326.7867
2011-07-11,.5SP25,320.3661
2011-07-12,.5SP25,319.0295
2011-07-13,.5SP25,320.6689
2011-07-14,.5SP25,318.2338
2011-07-15,.5SP25,318.4794
2011-07-18,.5SP25,315.0948
2011-07-19,.5SP25,321.3286
2011-07-20,.5SP25,319.4749
2011-07-21,.5SP25,323.1952
2011-07-22,.5SP25,324.4908
2011-07-25,.5SP25,322.4953
2011-07-26,.5SP25,321.8873
2011-07-27,.5SP25,316.2033
2011-07-28,.5SP25,314.5824
2011-07-29,.5SP25,313.2105
2011-08-01,.5SP25,311.4243
2011-08-02,.5SP25,300.01
2011-08-03,.5SP25,302.0025
2011-08-04,.5SP25,287.369
2011-08-05,.5SP25,287.7629
2011-08-08,.5SP25,268.5714
2011-08-09,.5SP25,281.536
2011-08-10,.5SP25,269.2197
2011-08-11,.5SP25,281.379
2011-08-12,.5SP25,284.7153
2011-08-15,.5SP25,288.8101
2011-08-16,.5SP25,287.553
2011-08-17,.5SP25,286.7034
2011-08-18,.5SP25,272.5062
2011-08-19,.5SP25,268.7593
2011-08-22,.5SP25,269.6449
2011-08-23,.5SP25,279.9681
2011-08-24,.5SP25,284.5784
2011-08-25,.5SP25,279.0354
2011-08-26,.5SP25,284.9543
2011-08-29,.5SP25,293.1985
2011-08-30,.5SP25,294.364
2011-08-31,.5SP25,296.1399
2011-09-01,.5SP25,292.3059
2011-09-02,.5SP25,284.2514
2011-09-02,.5SP25,284.2514
2011-09-06,.5SP25,283.1032
2011-09-07,.5SP25,290.4992
2011-09-08,.5SP25,286.5984
2011-09-09,.5SP25,278.8636
2011-09-12,.5SP25,282.1356
2011-09-13,.5SP25,285.4353
2011-09-14,.5SP25,290.1381
2011-09-15,.5SP25,295.2099
2011-09-16,.5SP25,298.1549
2011-09-19,.5SP25,298.0362
2011-09-20,.5SP25,296.2657
2011-09-21,.5SP25,287.3268
2011-09-22,.5SP25,277.8938
2011-09-23,.5SP25,282.378
2011-09-26,.5SP25,288.5205
2011-09-27,.5SP25,290.8171
2011-09-28,.5SP25,286.0209
2011-09-29,.5SP25,283.5775
2011-09-30,.5SP25,275.5344
2011-10-03,.5SP25,267.5813
2011-10-04,.5SP25,275.8948
2011-10-05,.5SP25,280.9617
2011-10-06,.5SP25,287.2402
2011-10-07,.5SP25,286.7378
2011-10-10,.5SP25,296.8362
2011-10-11,.5SP25,297.7073
2011-10-12,.5SP25,300.8589
2011-10-13,.5SP25,300.3368
2011-10-14,.5SP25,305.5225
2011-10-17,.5SP25,299.6422
2011-10-18,.5SP25,305.1291
2011-10-19,.5SP25,300.7191
2011-10-20,.5SP25,302.0549
2011-10-21,.5SP25,310.5193
2011-10-24,.5SP25,314.8741
2011-10-25,.5SP25,307.8351
2011-10-26,.5SP25,306.7424
2011-10-27,.5SP25,314.8675
2011-10-28,.5SP25,312.8149
2011-10-31,.5SP25,308.0648
2011-11-01,.5SP25,301.1636
2011-11-02,.5SP25,304.5997
2011-11-03,.5SP25,308.5395
2011-11-04,.5SP25,307.4976
2011-11-07,.5SP25,308.8943
2011-11-08,.5SP25,312.2589
2011-11-09,.5SP25,300.94
2011-11-10,.5SP25,303.7292
2011-11-11,.5SP25,311.3654
2011-11-14,.5SP25,309.2082
2011-11-15,.5SP25,310.3119
2011-11-16,.5SP25,304.3157
2011-11-17,.5SP25,299.24
2011-11-18,.5SP25,298.8513
2011-11-21,.5SP25,294.2425
2011-11-22,.5SP25,294.0606
2011-11-23,.5SP25,287.8438
2011-11-23,.5SP25,287.8438
2011-11-25,.5SP25,286.7172
2011-11-28,.5SP25,295.4207
2011-11-29,.5SP25,295.9334
2011-11-30,.5SP25,305.3886
2011-12-01,.5SP25,305.4571
2011-12-02,.5SP25,307.8044
2011-12-05,.5SP25,310.4489
2011-12-06,.5SP25,309.8029
2011-12-07,.5SP25,311.2822
2011-12-08,.5SP25,304.9402
2011-12-09,.5SP25,309.8044
2011-12-12,.5SP25,308.8701
2011-12-13,.5SP25,302.7755
2011-12-14,.5SP25,299.1882
2011-12-15,.5SP25,299.7153
2011-12-16,.5SP25,300.1097
2011-12-19,.5SP25,296.4435
2011-12-20,.5SP25,304.75
2011-12-21,.5SP25,305.787
2011-12-22,.5SP25,306.7024
2011-12-23,.5SP25,310.0981
2011-12-23,.5SP25,310.0981
2011-12-27,.5SP25,310.7114
2011-12-28,.5SP25,307.008
2011-12-29,.5SP25,310.2728
2011-12-30,.5SP25,308.5797
2011-12-30,.5SP25,308.5797
2012-01-03,.5SP25,311.4747
2012-01-04,.5SP25,313.7104
2012-01-05,.5SP25,315.9856
2012-01-06,.5SP25,316.5299
2012-01-09,.5SP25,316.5071
2012-01-10,.5SP25,318.4539
2012-01-11,.5SP25,318.8256
2012-01-12,.5SP25,319.8173
2012-01-13,.5SP25,318.8677
2012-01-13,.5SP25,318.8677
2012-01-17,.5SP25,320.3528
2012-01-18,.5SP25,325.3474
2012-01-19,.5SP25,328.3939
2012-01-20,.5SP25,325.8762
2012-01-23,.5SP25,325.2019
2012-01-24,.5SP25,326.3476
2012-01-25,.5SP25,328.4687
2012-01-26,.5SP25,328.2003
2012-01-27,.5SP25,327.4688
2012-01-30,.5SP25,326.9118
2012-01-31,.5SP25,326.6537
2012-02-01,.5SP25,327.6586
2012-02-02,.5SP25,327.3557
2012-02-03,.5SP25,333.8867
2012-02-06,.5SP25,333.4191
2012-02-07,.5SP25,334.7774
2012-02-08,.5SP25,335.5759
2012-02-09,.5SP25,336.205
2012-02-10,.5SP25,334.6132
2012-02-13,.5SP25,337.0464
2012-02-14,.5SP25,336.7489
2012-02-15,.5SP25,335.0812
2012-02-16,.5SP25,336.8567
2012-02-17,.5SP25,339.6834
2012-02-17,.5SP25,339.6834
2012-02-21,.5SP25,338.624
2012-02-22,.5SP25,337.3346
2012-02-23,.5SP25,339.0369
2012-02-24,.5SP25,338.8205
2012-02-27,.5SP25,339.755
2012-02-28,.5SP25,342.1151
2012-02-29,.5SP25,341.3759
2012-03-01,.5SP25,343.8636
2012-03-02,.5SP25,343.4713
2012-03-05,.5SP25,343.2072
2012-03-06,.5SP25,338.0663
2012-03-07,.5SP25,341.3438
2012-03-08,.5SP25,344.8813
2012-03-09,.5SP25,346.7508
2012-03-12,.5SP25,345.8562
2012-03-13,.5SP25,351.1433
2012-03-14,.5SP25,350.8958
2012-03-15,.5SP25,352.1655
2012-03-16,.5SP25,350.8964
2012-03-19,.5SP25,352.5393
2012-03-20,.5SP25,353.1373
2012-03-21,.5SP25,353.5632
2012-03-22,.5SP25,352.7799
2012-03-23,.5SP25,353.1933
2012-03-26,.5SP25,358.908
2012-03-27,.5SP25,358.1668
2012-03-28,.5SP25,355.1151
2012-03-29,.5SP25,355.0995
2012-03-30,.5SP25,356.546
2012-04-02,.5SP25,357.5476
2012-04-03,.5SP25,357.2736
2012-04-04,.5SP25,353.5657
2012-04-05,.5SP25,356.0292
2012-04-05,.5SP25,356.0292
2012-04-09,.5SP25,352.5405
2012-04-10,.5SP25,343.9533
2012-04-11,.5SP25,348.548
2012-04-12,.5SP25,353.2666
2012-04-13,.5SP25,352.288
2012-04-16,.5SP25,350.9894
2012-04-17,.5SP25,354.8208
2012-04-18,.5SP25,355.353
2012-04-19,.5SP25,352.3062
2012-04-20,.5SP25,352.9737
2012-04-23,.5SP25,349.1357
2012-04-24,.5SP25,347.9426
2012-04-25,.5SP25,353.8416
2012-04-26,.5SP25,358.0091
2012-04-27,.5SP25,362.7272
2012-04-30,.5SP25,360.9568
2012-05-01,.5SP25,362.8755
2012-05-02,.5SP25,364.8426
2012-05-03,.5SP25,362.23
2012-05-04,.5SP25,355.0624
2012-05-07,.5SP25,354.9713
2012-05-08,.5SP25,350.5507
2012-05-09,.5SP25,348.9206
2012-05-10,.5SP25,350.3377
2012-05-11,.5SP25,349.8509
2012-05-14,.5SP25,344.8054
2012-05-15,.5SP25,344.034
2012-05-16,.5SP25,343.7426
2012-05-17,.5SP25,334.3073
2012-05-18,.5SP25,332.3088
2012-05-21,.5SP25,337.6406
2012-05-22,.5SP25,338.7078
2012-05-23,.5SP25,340.698
2012-05-24,.5SP25,342.3688
2012-05-25,.5SP25,341.9684
2012-05-25,.5SP25,341.9684
2012-05-29,.5SP25,346.4297
2012-05-30,.5SP25,340.8866
2012-05-31,.5SP25,339.7783
2012-06-01,.5SP25,329.2176
2012-06-04,.5SP25,330.817
2012-06-05,.5SP25,332.0453
2012-06-06,.5SP25,339.6024
2012-06-07,.5SP25,339.1588
2012-06-08,.5SP25,342.1999
2012-06-11,.5SP25,336.8701
2012-06-12,.5SP25,340.8247
2012-06-13,.5SP25,335.5966
2012-06-14,.5SP25,340.25
2012-06-15,.5SP25,343.5273
2012-06-18,.5SP25,345.8736
2012-06-19,.5SP25,349.0891
2012-06-20,.5SP25,348.8008
2012-06-21,.5SP25,341.0184
2012-06-22,.5SP25,342.6782
2012-06-25,.5SP25,337.3986
2012-06-26,.5SP25,341.3605
2012-06-27,.5SP25,341.158
2012-06-28,.5SP25,339.5168
2012-06-29,.5SP25,345.8088
2012-07-02,.5SP25,347.1979
2012-07-03,.5SP25,346.7735
2012-07-03,.5SP25,346.7735
2012-07-05,.5SP25,347.5374
2012-07-06,.5SP25,346.1687
2012-07-09,.5SP25,344.3198
2012-07-10,.5SP25,342.3866
2012-07-11,.5SP25,340.5249
2012-07-12,.5SP25,339.3096
2012-07-13,.5SP25,344.7638
2012-07-16,.5SP25,342.7719
2012-07-17,.5SP25,346.1483
2012-07-18,.5SP25,347.8375
2012-07-19,.5SP25,350.3594
2012-07-20,.5SP25,345.8725
2012-07-23,.5SP25,341.2369
2012-07-24,.5SP25,338.7485
2012-07-25,.5SP25,337.5327
2012-07-26,.5SP25,343.3606
2012-07-27,.5SP25,350.0015
2012-07-30,.5SP25,348.7786
2012-07-31,.5SP25,344.6408
2012-08-01,.5SP25,342.8057
2012-08-02,.5SP25,343.5405
2012-08-03,.5SP25,350.3455
2012-08-06,.5SP25,351.5779
2012-08-07,.5SP25,354.8049
2012-08-08,.5SP25,353.2258
2012-08-09,.5SP25,352.849
2012-08-10,.5SP25,352.9315
2012-08-13,.5SP25,352.8234
2012-08-14,.5SP25,353.4105
2012-08-15,.5SP25,354.7216
2012-08-16,.5SP25,357.636
2012-08-17,.5SP25,359.283
2012-08-20,.5SP25,357.5603
2012-08-21,.5SP25,356.9401
2012-08-22,.5SP25,357.8765
2012-08-23,.5SP25,355.5916
2012-08-24,.5SP25,358.3811
2012-08-27,.5SP25,357.8518
2012-08-28,.5SP25,358.3711
2012-08-29,.5SP25,360.0963
2012-08-30,.5SP25,358.0504
2012-08-31,.5SP25,359.1246
2012-08-31,.5SP25,359.1246
2012-09-04,.5SP25,358.4776
2012-09-05,.5SP25,359.0105
2012-09-06,.5SP25,367.1257
2012-09-07,.5SP25,369.1653
2012-09-10,.5SP25,368.2867
2012-09-11,.5SP25,368.3285
2012-09-12,.5SP25,369.5908
2012-09-13,.5SP25,374.8611
2012-09-14,.5SP25,376.475
2012-09-17,.5SP25,374.8061
2012-09-18,.5SP25,373.0571
2012-09-19,.5SP25,376.7957
2012-09-20,.5SP25,376.4765
2012-09-21,.5SP25,376.2648
2012-09-24,.5SP25,374.93
2012-09-25,.5SP25,370.624
2012-09-26,.5SP25,368.1343
2012-09-27,.5SP25,371.8929
2012-09-28,.5SP25,370.2602
2012-10-01,.5SP25,370.2361
2012-10-02,.5SP25,369.3315
2012-10-03,.5SP25,372.3266
2012-10-04,.5SP25,375.5523
2012-10-05,.5SP25,376.7893
2012-10-08,.5SP25,375.7388
2012-10-09,.5SP25,369.9725
2012-10-10,.5SP25,367.4703
2012-10-11,.5SP25,365.7521
2012-10-12,.5SP25,365.7787
2012-10-15,.5SP25,369.6377
2012-10-16,.5SP25,372.7551
2012-10-17,.5SP25,375.0012
2012-10-18,.5SP25,375.0618
2012-10-19,.5SP25,368.7317
2012-10-22,.5SP25,367.2088
2012-10-23,.5SP25,364.2242
2012-10-24,.5SP25,362.706
2012-10-25,.5SP25,361.9801
2012-10-26,.5SP25,363.0526
2012-10-26,.5SP25,363.0526
2012-10-26,.5SP25,363.0526
2012-10-31,.5SP25,364.2276
2012-11-01,.5SP25,368.8244
2012-11-02,.5SP25,368.1349
2012-11-05,.5SP25,369.2352
2012-11-06,.5SP25,371.3704
2012-11-07,.5SP25,366.7974
2012-11-08,.5SP25,360.916
2012-11-09,.5SP25,359.5001
2012-11-12,.5SP25,359.5527
2012-11-13,.5SP25,360.4058
2012-11-14,.5SP25,354.968
2012-11-15,.5SP25,354.6954
2012-11-16,.5SP25,357.1598
2012-11-19,.5SP25,364.8009
2012-11-20,.5SP25,366.6746
2012-11-21,.5SP25,367.9262
2012-11-21,.5SP25,367.9262
2012-11-23,.5SP25,372.7332
2012-11-26,.5SP25,371.0348
2012-11-27,.5SP25,369.4069
2012-11-28,.5SP25,374.1159
2012-11-29,.5SP25,375.018
2012-11-30,.5SP25,375.1517
2012-12-03,.5SP25,373.1636
2012-12-04,.5SP25,371.7555
2012-12-05,.5SP25,370.5202
2012-12-06,.5SP25,372.6637
2012-12-07,.5SP25,373.733
2012-12-10,.5SP25,371.6704
2012-12-11,.5SP25,372.6759
2012-12-12,.5SP25,373.0295
2012-12-13,.5SP25,370.6901
2012-12-14,.5SP25,369.1305
2012-12-17,.5SP25,375.938
2012-12-18,.5SP25,380.1283
2012-12-19,.5SP25,377.2886
2012-12-20,.5SP25,378.3606
2012-12-21,.5SP25,374.5438
2012-12-24,.5SP25,375.2565
2012-12-24,.5SP25,375.2565
2012-12-26,.5SP25,371.5667
2012-12-27,.5SP25,371.9651
2012-12-28,.5SP25,368.6696
2012-12-31,.5SP25,376.0574
2012-12-31,.5SP25,376.0574
2013-01-02,.5SP25,384.2302
2013-01-03,.5SP25,385.0183
2013-01-04,.5SP25,386.3403
2013-01-07,.5SP25,385.2832
2013-01-08,.5SP25,384.2928
2013-01-09,.5SP25,384.9591
2013-01-10,.5SP25,387.069
2013-01-11,.5SP25,387.6327
2013-01-14,.5SP25,388.485
2013-01-15,.5SP25,391.15
2013-01-16,.5SP25,390.327
2013-01-17,.5SP25,394.5235
2013-01-18,.5SP25,395.2189
2013-01-18,.5SP25,395.2189
2013-01-22,.5SP25,396.0843
2013-01-23,.5SP25,396.4094
2013-01-24,.5SP25,399.2679
2013-01-25,.5SP25,403.3654
2013-01-28,.5SP25,401.5255
2013-01-29,.5SP25,400.0524
2013-01-30,.5SP25,399.3476
2013-01-31,.5SP25,397.2684
2013-02-01,.5SP25,399.6192
2013-02-04,.5SP25,394.8017
2013-02-05,.5SP25,399.0944
2013-02-06,.5SP25,399.8424
2013-02-07,.5SP25,398.7379
2013-02-08,.5SP25,401.8697
2013-02-11,.5SP25,400.6607
2013-02-12,.5SP25,402.1628
2013-02-13,.5SP25,403.0191
2013-02-14,.5SP25,403.0493
2013-02-15,.5SP25,403.529
2013-02-15,.5SP25,403.529
2013-02-19,.5SP25,405.3149
2013-02-20,.5SP25,398.9714
2013-02-21,.5SP25,395.5475
2013-02-22,.5SP25,397.8374
2013-02-25,.5SP25,391.3287
2013-02-26,.5SP25,395.1631
2013-02-27,.5SP25,401.1182
2013-02-28,.5SP25,401.1648
2013-03-01,.5SP25,403.5459
2013-03-04,.5SP25,407.3828
2013-03-05,.5SP25,411.4938
2013-03-06,.5SP25,411.1644
2013-03-07,.5SP25,411.7818
2013-03-08,.5SP25,416.3134
2013-03-11,.5SP25,417.3751
2013-03-12,.5SP25,415.9368
2013-03-13,.5SP25,418.0474
2013-03-14,.5SP25,418.6791
2013-03-15,.5SP25,416.9268
2013-03-18,.5SP25,413.9056
2013-03-19,.5SP25,410.8666
2013-03-20,.5SP25,415.5993
2013-03-21,.5SP25,412.1857
2013-03-22,.5SP25,417.0045
2013-03-25,.5SP25,416.2591
2013-03-26,.5SP25,418.5084
2013-03-27,.5SP25,418.7319
2013-03-28,.5SP25,420.2655
2013-03-28,.5SP25,420.2655
2013-04-01,.5SP25,417.03
2013-04-02,.5SP25,420.5867
2013-04-03,.5SP25,416.3147
2013-04-04,.5SP25,418.7099
2013-04-05,.5SP25,417.0149
2013-04-08,.5SP25,421.4964
2013-04-09,.5SP25,420.4715
2013-04-10,.5SP25,425.2803
2013-04-11,.5SP25,428.9482
2013-04-12,.5SP25,431.0312
2013-04-15,.5SP25,419.9678
2013-04-16,.5SP25,425.8269
2013-04-17,.5SP25,421.7349
2013-04-18,.5SP25,416.7554
2013-04-19,.5SP25,421.9527
2013-04-22,.5SP25,423.7758
2013-04-23,.5SP25,428.0827
2013-04-24,.5SP25,428.1873
2013-04-25,.5SP25,431.9182
2013-04-26,.5SP25,430.1303
2013-04-29,.5SP25,431.6691
2013-04-30,.5SP25,432.5998
2013-05-01,.5SP25,430.4454
2013-05-02,.5SP25,434.562
2013-05-03,.5SP25,440.1032
2013-05-06,.5SP25,441.3054
2013-05-07,.5SP25,444.7259
2013-05-08,.5SP25,445.5501
2013-05-09,.5SP25,446.1044
2013-05-10,.5SP25,449.7356
2013-05-13,.5SP25,449.6989
2013-05-14,.5SP25,454.2185
2013-05-15,.5SP25,456.7771
2013-05-16,.5SP25,451.5282
2013-05-17,.5SP25,456.066
2013-05-20,.5SP25,454.2955
2013-05-21,.5SP25,456.3614
2013-05-22,.5SP25,452.1485
2013-05-23,.5SP25,450.7118
2013-05-24,.5SP25,449.8578
2013-05-24,.5SP25,449.8578
2013-05-28,.5SP25,453.9604
2013-05-29,.5SP25,449.4664
2013-05-30,.5SP25,448.8465
2013-05-31,.5SP25,443.9561
2013-06-03,.5SP25,446.3474
2013-06-04,.5SP25,444.1742
2013-06-05,.5SP25,436.9194
2013-06-06,.5SP25,441.3258
2013-06-07,.5SP25,449.3037
2013-06-10,.5SP25,447.9049
2013-06-11,.5SP25,443.6344
2013-06-12,.5SP25,438.7786
2013-06-13,.5SP25,446.5478
2013-06-14,.5SP25,445.3968
2013-06-17,.5SP25,447.7076
2013-06-18,.5SP25,452.2962
2013-06-19,.5SP25,447.3069
2013-06-20,.5SP25,435.3938
2013-06-21,.5SP25,436.5465
2013-06-24,.5SP25,432.2941
2013-06-25,.5SP25,436.1768
2013-06-26,.5SP25,441.7442
2013-06-27,.5SP25,445.7386
2013-06-28,.5SP25,447.288
2013-07-01,.5SP25,450.2262
2013-07-02,.5SP25,451.1057
2013-07-03,.5SP25,453.3442
2013-07-03,.5SP25,453.3442
2013-07-05,.5SP25,458.015
2013-07-08,.5SP25,462.094
2013-07-09,.5SP25,464.0905
2013-07-10,.5SP25,464.4183
2013-07-11,.5SP25,471.1007
2013-07-12,.5SP25,473.7113
2013-07-15,.5SP25,472.1358
2013-07-16,.5SP25,469.5669
2013-07-17,.5SP25,470.0991
2013-07-18,.5SP25,472.559
2013-07-19,.5SP25,472.2264
2013-07-22,.5SP25,471.9575
2013-07-23,.5SP25,471.1383
2013-07-24,.5SP25,469.7674
2013-07-25,.5SP25,470.1205
2013-07-26,.5SP25,471.8453
2013-07-29,.5SP25,469.2699
2013-07-30,.5SP25,468.034
2013-07-31,.5SP25,470.2715
2013-08-01,.5SP25,477.9453
2013-08-02,.5SP25,481.296
2013-08-05,.5SP25,480.2667
2013-08-06,.5SP25,477.9388
2013-08-07,.5SP25,473.9538
2013-08-08,.5SP25,477.267
2013-08-09,.5SP25,475.9477
2013-08-12,.5SP25,475.5396
2013-08-13,.5SP25,475.3513
2013-08-14,.5SP25,470.2759
2013-08-15,.5SP25,461.9785
2013-08-16,.5SP25,460.288
2013-08-19,.5SP25,458.4646
2013-08-20,.5SP25,462.6111
2013-08-21,.5SP25,458.7147
2013-08-22,.5SP25,463.5841
2013-08-23,.5SP25,463.6656
2013-08-26,.5SP25,462.6446
2013-08-27,.5SP25,455.199
2013-08-28,.5SP25,457.1549
2013-08-29,.5SP25,459.1495
2013-08-30,.5SP25,456.1787
2013-08-30,.5SP25,456.1787
2013-09-03,.5SP25,459.5816
2013-09-04,.5SP25,464.2224
2013-09-05,.5SP25,464.652
2013-09-06,.5SP25,463.6573
2013-09-09,.5SP25,467.9328
2013-09-10,.5SP25,472.4465
2013-09-11,.5SP25,475.7025
2013-09-12,.5SP25,474.6383
2013-09-13,.5SP25,476.1385
2013-09-16,.5SP25,478.0015
2013-09-17,.5SP25,480.7724
2013-09-18,.5SP25,486.4692
2013-09-19,.5SP25,486.5063
2013-09-20,.5SP25,483.2947
2013-09-23,.5SP25,479.757
2013-09-24,.5SP25,480.4295
2013-09-25,.5SP25,477.9426
2013-09-26,.5SP25,482.2495
2013-09-27,.5SP25,482.4879
2013-09-30,.5SP25,480.3037
2013-10-01,.5SP25,484.5357
2013-10-02,.5SP25,484.216
2013-10-03,.5SP25,479.3042
2013-10-04,.5SP25,483.5106
2013-10-07,.5SP25,476.7588
2013-10-08,.5SP25,468.8879
2013-10-09,.5SP25,467.1633
2013-10-10,.5SP25,477.7755
2013-10-11,.5SP25,481.5296
2013-10-14,.5SP25,483.3364
2013-10-15,.5SP25,479.4236
2013-10-16,.5SP25,485.209
2013-10-17,.5SP25,488.8064
2013-10-18,.5SP25,491.8136
2013-10-21,.5SP25,492.8311
2013-10-22,.5SP25,496.337
2013-10-23,.5SP25,493.3861
2013-10-24,.5SP25,498.1043
2013-10-25,.5SP25,501.5486
2013-10-28,.5SP25,500.3876
2013-10-29,.5SP25,503.6088
2013-10-30,.5SP25,501.2601
2013-10-31,.5SP25,502.3925
2013-11-01,.5SP25,503.6254
2013-11-04,.5SP25,505.4166
2013-11-05,.5SP25,505.4622
2013-11-06,.5SP25,504.2396
2013-11-07,.5SP25,493.8128
2013-11-08,.5SP25,501.5957
2013-11-11,.5SP25,502.4089
2013-11-12,.5SP25,501.3017
2013-11-13,.5SP25,509.2724
2013-11-14,.5SP25,512.7856
2013-11-15,.5SP25,514.3223
2013-11-18,.5SP25,510.6222
2013-11-19,.5SP25,508.5244
2013-11-20,.5SP25,505.8653
2013-11-21,.5SP25,510.4697
2013-11-22,.5SP25,513.5923
2013-11-25,.5SP25,513.947
2013-11-26,.5SP25,516.7013
2013-11-27,.5SP25,518.3788
2013-11-27,.5SP25,518.3788
2013-11-29,.5SP25,519.1399
2013-12-02,.5SP25,516.5391
2013-12-03,.5SP25,512.0848
2013-12-04,.5SP25,510.8546
2013-12-05,.5SP25,510.7945
2013-12-06,.5SP25,515.2667
2013-12-09,.5SP25,514.6226
2013-12-10,.5SP25,515.1339
2013-12-11,.5SP25,510.0066
2013-12-12,.5SP25,507.9823
2013-12-13,.5SP25,509.3573
2013-12-16,.5SP25,512.9802
2013-12-17,.5SP25,511.2971
2013-12-18,.5SP25,519.3038
2013-12-19,.5SP25,518.4545
2013-12-20,.5SP25,520.4488
2013-12-23,.5SP25,523.049
2013-12-24,.5SP25,524.457
2013-12-24,.5SP25,524.457
2013-12-26,.5SP25,527.8407
2013-12-27,.5SP25,526.0
2013-12-30,.5SP25,527.973
2013-12-31,.5SP25,530.0987
2013-12-31,.5SP25,530.0987
2014-01-02,.5SP25,527.4432
2014-01-03,.5SP25,526.1301
2014-01-06,.5SP25,523.0031
2014-01-07,.5SP25,525.9331
2014-01-08,.5SP25,525.0337
2014-01-09,.5SP25,524.4006
2014-01-10,.5SP25,526.3756
2014-01-13,.5SP25,516.1426
2014-01-14,.5SP25,520.0859
2014-01-15,.5SP25,521.3191
2014-01-16,.5SP25,518.9192
2014-01-17,.5SP25,516.4275
2014-01-17,.5SP25,516.4275
2014-01-21,.5SP25,515.486
2014-01-22,.5SP25,516.8643
2014-01-23,.5SP25,513.2926
2014-01-24,.5SP25,503.4346
2014-01-27,.5SP25,501.4475
2014-01-28,.5SP25,505.2009
2014-01-29,.5SP25,496.6678
2014-01-30,.5SP25,504.8999
2014-01-31,.5SP25,498.4756
2014-02-03,.5SP25,485.186
2014-02-04,.5SP25,490.8499
2014-02-05,.5SP25,491.623
2014-02-06,.5SP25,501.7936
2014-02-07,.5SP25,508.1124
2014-02-10,.5SP25,507.903
2014-02-11,.5SP25,511.5623
2014-02-12,.5SP25,511.8178
2014-02-13,.5SP25,514.0258
2014-02-14,.5SP25,516.9296
2014-02-14,.5SP25,516.9296
2014-02-18,.5SP25,517.3619
2014-02-19,.5SP25,512.6737
2014-02-20,.5SP25,515.6197
2014-02-21,.5SP25,516.5001
2014-02-24,.5SP25,519.3419
2014-02-25,.5SP25,522.0416
2014-02-26,.5SP25,525.1093
2014-02-27,.5SP25,527.0614
2014-02-28,.5SP25,528.8311
2014-03-03,.5SP25,524.1686
2014-03-04,.5SP25,530.828
2014-03-05,.5SP25,532.4567
2014-03-06,.5SP25,534.158
2014-03-07,.5SP25,533.5581
2014-03-10,.5SP25,531.6173
2014-03-11,.5SP25,528.6248
2014-03-12,.5SP25,528.1062
2014-03-13,.5SP25,520.5096
2014-03-14,.5SP25,520.6631
2014-03-17,.5SP25,524.3415
2014-03-18,.5SP25,526.6637
2014-03-19,.5SP25,523.2852
2014-03-20,.5SP25,524.5334
2014-03-21,.5SP25,521.1596
2014-03-24,.5SP25,515.7913
2014-03-25,.5SP25,512.4853
2014-03-26,.5SP25,508.4401
2014-03-27,.5SP25,506.0974
2014-03-28,.5SP25,510.2146
2014-03-31,.5SP25,513.3583
2014-04-01,.5SP25,520.5262
2014-04-02,.5SP25,524.0183
2014-04-03,.5SP25,521.3481
2014-04-04,.5SP25,512.4588
2014-04-07,.5SP25,502.6807
2014-04-08,.5SP25,507.5917
2014-04-09,.5SP25,513.0559
2014-04-10,.5SP25,500.4325
2014-04-11,.5SP25,493.5468
2014-04-14,.5SP25,497.5309
2014-04-15,.5SP25,498.1365
2014-04-16,.5SP25,504.9539
2014-04-17,.5SP25,505.6776
2014-04-17,.5SP25,505.6776
2014-04-21,.5SP25,507.0229
2014-04-22,.5SP25,511.3032
2014-04-23,.5SP25,509.0126
2014-04-24,.5SP25,511.6314
2014-04-25,.5SP25,503.0798
2014-04-28,.5SP25,501.8478
2014-04-29,.5SP25,503.8843
2014-04-30,.5SP25,506.1065
2014-05-01,.5SP25,507.9137
2014-05-02,.5SP25,509.4179
2014-05-05,.5SP25,509.7248
2014-05-06,.5SP25,502.7452
2014-05-07,.5SP25,501.8247
2014-05-08,.5SP25,503.0473
2014-05-09,.5SP25,506.0057
2014-05-12,.5SP25,512.359
2014-05-13,.5SP25,510.5949
2014-05-14,.5SP25,505.1622
2014-05-15,.5SP25,501.6346
2014-05-16,.5SP25,505.1078
2014-05-19,.5SP25,507.2896
2014-05-20,.5SP25,502.9326
2014-05-21,.5SP25,508.7921
2014-05-22,.5SP25,511.2278
2014-05-23,.5SP25,515.5274
2014-05-23,.5SP25,515.5274
2014-05-27,.5SP25,518.0947
2014-05-28,.5SP25,517.4747
2014-05-29,.5SP25,519.468
2014-05-30,.5SP25,519.9365
2014-06-02,.5SP25,521.5766
2014-06-03,.5SP25,520.5955
2014-06-04,.5SP25,522.8869
2014-06-05,.5SP25,526.429
2014-06-06,.5SP25,529.2714
2014-06-09,.5SP25,529.7069
2014-06-10,.5SP25,528.3924
2014-06-11,.5SP25,526.6436
2014-06-12,.5SP25,519.9518
2014-06-13,.5SP25,520.0168
2014-06-16,.5SP25,521.8058
2014-06-17,.5SP25,523.3615
2014-06-18,.5SP25,527.2543
2014-06-19,.5SP25,526.2955
2014-06-20,.5SP25,524.3275
2014-06-23,.5SP25,524.8614
2014-06-24,.5SP25,523.6208
2014-06-25,.5SP25,527.9257
2014-06-26,.5SP25,528.3679
2014-06-27,.5SP25,529.7463
2014-06-30,.5SP25,529.4313
2014-07-01,.5SP25,535.0138
2014-07-02,.5SP25,535.8418
2014-07-03,.5SP25,539.9715
2014-07-03,.5SP25,539.9715
2014-07-07,.5SP25,536.6236
2014-07-08,.5SP25,531.2757
2014-07-09,.5SP25,537.7653
2014-07-10,.5SP25,532.7783
2014-07-11,.5SP25,534.5425
2014-07-14,.5SP25,535.972
2014-07-15,.5SP25,534.0775
2014-07-16,.5SP25,535.4111
2014-07-17,.5SP25,530.541
2014-07-18,.5SP25,535.2658
2014-07-21,.5SP25,532.6131
2014-07-22,.5SP25,535.0627
2014-07-23,.5SP25,534.5174
2014-07-24,.5SP25,536.0425
2014-07-25,.5SP25,529.7523
2014-07-28,.5SP25,530.7092
2014-07-29,.5SP25,529.2495
2014-07-30,.5SP25,532.1836
2014-07-31,.5SP25,522.183
2014-08-01,.5SP25,520.3335
2014-08-04,.5SP25,525.589
2014-08-05,.5SP25,521.9096
2014-08-06,.5SP25,520.5639
2014-08-07,.5SP25,518.0074
2014-08-08,.5SP25,526.1093
2014-08-11,.5SP25,528.4489
2014-08-12,.5SP25,526.8743
2014-08-13,.5SP25,528.7286
2014-08-14,.5SP25,532.7812
2014-08-15,.5SP25,532.021
2014-08-18,.5SP25,536.5964
2014-08-19,.5SP25,540.6878
2014-08-20,.5SP25,543.4302
2014-08-21,.5SP25,542.9403
2014-08-22,.5SP25,543.6013
2014-08-25,.5SP25,545.0937
2014-08-26,.5SP25,545.3916
2014-08-27,.5SP25,545.9221
2014-08-28,.5SP25,544.7812
2014-08-29,.5SP25,544.8085
2014-08-29,.5SP25,544.8085
2014-09-02,.5SP25,545.7717
2014-09-03,.5SP25,544.0253
2014-09-04,.5SP25,546.161
2014-09-05,.5SP25,548.2429
2014-09-08,.5SP25,545.4457
2014-09-09,.5SP25,540.0685
2014-09-10,.5SP25,541.8797
2014-09-11,.5SP25,542.1728
2014-09-12,.5SP25,540.4654
2014-09-15,.5SP25,538.2965
2014-09-16,.5SP25,540.7276
2014-09-17,.5SP25,540.9009
2014-09-18,.5SP25,543.09
2014-09-19,.5SP25,543.5726
2014-09-22,.5SP25,535.677
2014-09-23,.5SP25,531.4165
2014-09-24,.5SP25,536.9401
2014-09-25,.5SP25,529.2309
2014-09-26,.5SP25,534.9189
2014-09-29,.5SP25,531.7673
2014-09-30,.5SP25,528.9012
2014-10-01,.5SP25,522.2115
2014-10-02,.5SP25,524.2082
2014-10-03,.5SP25,531.0756
2014-10-06,.5SP25,528.1108
2014-10-07,.5SP25,520.3963
2014-10-08,.5SP25,528.5343
2014-10-09,.5SP25,516.5457
2014-10-10,.5SP25,512.0464
2014-10-13,.5SP25,501.5146
2014-10-14,.5SP25,504.8513
2014-10-15,.5SP25,500.8581
2014-10-16,.5SP25,501.6412
2014-10-17,.5SP25,507.0419
2014-10-20,.5SP25,514.1144
2014-10-21,.5SP25,523.8012
2014-10-22,.5SP25,519.3741
2014-10-23,.5SP25,526.7346
2014-10-24,.5SP25,526.1852
2014-10-27,.5SP25,527.1456
2014-10-28,.5SP25,532.9324
2014-10-29,.5SP25,531.1874
2014-10-30,.5SP25,534.6989
2014-10-31,.5SP25,539.953
2014-11-03,.5SP25,540.0463
2014-11-04,.5SP25,533.2785
2014-11-05,.5SP25,535.5018
2014-11-06,.5SP25,540.1947
2014-11-07,.5SP25,539.1471
2014-11-10,.5SP25,538.7631
2014-11-11,.5SP25,540.8505
2014-11-12,.5SP25,543.6241
2014-11-13,.5SP25,546.9255
2014-11-14,.5SP25,548.9893
2014-11-17,.5SP25,548.4017
2014-11-18,.5SP25,549.1712
2014-11-19,.5SP25,551.6234
2014-11-20,.5SP25,553.9449
2014-11-21,.5SP25,555.2099
2014-11-24,.5SP25,560.4371
2014-11-25,.5SP25,561.7496
2014-11-26,.5SP25,561.9116
2014-11-26,.5SP25,561.9116
2014-11-28,.5SP25,568.4592
2014-12-01,.5SP25,562.2881
2014-12-02,.5SP25,564.3004
2014-12-03,.5SP25,565.3718
2014-12-04,.5SP25,564.7227
2014-12-05,.5SP25,566.1596
2014-12-08,.5SP25,561.3758
2014-12-09,.5SP25,560.5602
2014-12-10,.5SP25,552.6011
2014-12-11,.5SP25,556.4838
2014-12-12,.5SP25,553.0253
2014-12-15,.5SP25,549.8058
2014-12-16,.5SP25,541.1179
2014-12-17,.5SP25,551.5307
2014-12-18,.5SP25,560.29
2014-12-19,.5SP25,562.3149
2014-12-22,.5SP25,567.6204
2014-12-23,.5SP25,570.9576
2014-12-24,.5SP25,569.9097
2014-12-24,.5SP25,569.9097
2014-12-26,.5SP25,573.1123
2014-12-29,.5SP25,576.9726
2014-12-30,.5SP25,574.7868
2014-12-31,.5SP25,572.7497
2014-12-31,.5SP25,572.7497
2015-01-02,.5SP25,568.6052
2015-01-05,.5SP25,557.3096
2015-01-06,.5SP25,552.049
2015-01-07,.5SP25,560.4981
2015-01-08,.5SP25,568.8319
2015-01-09,.5SP25,562.3406
2015-01-12,.5SP25,559.6765
2015-01-13,.5SP25,559.0192
2015-01-14,.5SP25,552.5828
2015-01-15,.5SP25,545.6797
2015-01-16,.5SP25,552.8434
2015-01-16,.5SP25,552.8434
2015-01-20,.5SP25,549.2862
2015-01-21,.5SP25,552.6949
2015-01-22,.5SP25,563.1863
2015-01-23,.5SP25,562.2948
2015-01-26,.5SP25,565.5215
2015-01-27,.5SP25,561.0676
2015-01-28,.5SP25,553.5395
2015-01-29,.5SP25,560.8358
2015-01-30,.5SP25,554.7885
2015-02-02,.5SP25,559.7259
2015-02-03,.5SP25,571.7692
2015-02-04,.5SP25,575.5873
2015-02-05,.5SP25,579.0476
2015-02-06,.5SP25,578.2533
2015-02-09,.5SP25,576.2148
2015-02-10,.5SP25,583.2988
2015-02-11,.5SP25,583.4533
2015-02-12,.5SP25,590.128
2015-02-13,.5SP25,593.495
2015-02-13,.5SP25,593.495
2015-02-17,.5SP25,592.4555
2015-02-18,.5SP25,591.7757
2015-02-19,.5SP25,593.5733
2015-02-20,.5SP25,598.0562
2015-02-23,.5SP25,597.6973
2015-02-24,.5SP25,600.0417
2015-02-25,.5SP25,604.7764
2015-02-26,.5SP25,602.4567
2015-02-27,.5SP25,601.7031
2015-03-02,.5SP25,608.9083
2015-03-03,.5SP25,607.4322
2015-03-04,.5SP25,603.7005
2015-03-05,.5SP25,604.4641
2015-03-06,.5SP25,596.9748
2015-03-09,.5SP25,600.1512
2015-03-10,.5SP25,590.218
2015-03-11,.5SP25,587.4089
2015-03-12,.5SP25,599.2453
2015-03-13,.5SP25,594.9227
2015-03-16,.5SP25,601.4153
2015-03-17,.5SP25,598.2976
2015-03-18,.5SP25,603.558
2015-03-19,.5SP25,602.5045
2015-03-20,.5SP25,608.9501
2015-03-23,.5SP25,608.2167
2015-03-24,.5SP25,605.1522
2015-03-25,.5SP25,595.3895
2015-03-26,.5SP25,591.6115
2015-03-27,.5SP25,594.6566
2015-03-30,.5SP25,600.5921
2015-03-31,.5SP25,597.8616
2015-04-01,.5SP25,595.1677
2015-04-02,.5SP25,600.5176
2015-04-02,.5SP25,600.5176
2015-04-06,.5SP25,603.3466
2015-04-07,.5SP25,600.1975
2015-04-08,.5SP25,605.7284
2015-04-09,.5SP25,606.2778
2015-04-10,.5SP25,608.2173
2015-04-13,.5SP25,605.0097
2015-04-14,.5SP25,604.5557
2015-04-15,.5SP25,604.5806
2015-04-16,.5SP25,605.8561
2015-04-17,.5SP25,596.956
2015-04-20,.5SP25,603.3182
2015-04-21,.5SP25,603.7619
2015-04-22,.5SP25,604.6277
2015-04-23,.5SP25,607.4371
2015-04-24,.5SP25,615.5841
2015-04-27,.5SP25,610.3651
2015-04-28,.5SP25,608.2691
2015-04-29,.5SP25,604.2362
2015-04-30,.5SP25,597.3031
2015-05-01,.5SP25,605.6644
2015-05-04,.5SP25,606.7984
2015-05-05,.5SP25,600.5576
2015-05-06,.5SP25,598.0456
2015-05-07,.5SP25,600.8955
2015-05-08,.5SP25,607.473
2015-05-11,.5SP25,604.8983
2015-05-12,.5SP25,603.6877
2015-05-13,.5SP25,599.9944
2015-05-14,.5SP25,602.5652
2015-05-15,.5SP25,607.0695
2015-05-18,.5SP25,609.5942
2015-05-19,.5SP25,609.4485
2015-05-20,.5SP25,608.5462
2015-05-21,.5SP25,610.7404
2015-05-22,.5SP25,609.7357
2015-05-22,.5SP25,609.7357
2015-05-26,.5SP25,605.9166
2015-05-27,.5SP25,610.0017
2015-05-28,.5SP25,608.5939
2015-05-29,.5SP25,604.4126
2015-06-01,.5SP25,606.3001
2015-06-02,.5SP25,607.2648
2015-06-03,.5SP25,611.6167
2015-06-04,.5SP25,607.454
2015-06-05,.5SP25,605.7601
2015-06-08,.5SP25,601.4802
2015-06-09,.5SP25,600.9013
2015-06-10,.5SP25,607.0262
2015-06-11,.5SP25,608.5756
2015-06-12,.5SP25,606.022
2015-06-15,.5SP25,603.2172
2015-06-16,.5SP25,606.5403
2015-06-17,.5SP25,609.371
2015-06-18,.5SP25,617.005
2015-06-19,.5SP25,615.5225
2015-06-22,.5SP25,618.4968
2015-06-23,.5SP25,620.8225
2015-06-24,.5SP25,616.2273
2015-06-25,.5SP25,615.9336
2015-06-26,.5SP25,618.3917
2015-06-29,.5SP25,604.1973
2015-06-30,.5SP25,607.2076
2015-07-01,.5SP25,613.5009
2015-07-02,.5SP25,612.7187
2015-07-02,.5SP25,612.7187
2015-07-06,.5SP25,611.2367
2015-07-07,.5SP25,616.175
2015-07-08,.5SP25,604.6945
2015-07-09,.5SP25,607.207
2015-07-10,.5SP25,615.9762
2015-07-13,.5SP25,625.0219
2015-07-14,.5SP25,625.8492
2015-07-15,.5SP25,625.0721
2015-07-16,.5SP25,629.1313
2015-07-17,.5SP25,627.9308
2015-07-20,.5SP25,628.1203
2015-07-21,.5SP25,626.2518
2015-07-22,.5SP25,628.9105
2015-07-23,.5SP25,625.1938
2015-07-24,.5SP25,625.0543
2015-07-27,.5SP25,620.5654
2015-07-28,.5SP25,625.7291
2015-07-29,.5SP25,631.9405
2015-07-30,.5SP25,634.0386
2015-07-31,.5SP25,635.8098
2015-08-03,.5SP25,634.2166
2015-08-04,.5SP25,636.2389
2015-08-05,.5SP25,629.3577
2015-08-06,.5SP25,620.9537
2015-08-07,.5SP25,620.484
2015-08-10,.5SP25,625.7882
2015-08-11,.5SP25,619.4824
2015-08-12,.5SP25,616.8953
2015-08-13,.5SP25,620.4544
2015-08-14,.5SP25,621.1779
2015-08-17,.5SP25,627.185
2015-08-18,.5SP25,627.7985
2015-08-19,.5SP25,626.3321
2015-08-20,.5SP25,608.8037
2015-08-21,.5SP25,588.7728
2015-08-24,.5SP25,565.1279
2015-08-25,.5SP25,562.8909
2015-08-26,.5SP25,584.5724
2015-08-27,.5SP25,598.3216
2015-08-28,.5SP25,598.4561
2015-08-31,.5SP25,594.0695
2015-09-01,.5SP25,578.5501
2015-09-02,.5SP25,590.6927
2015-09-03,.5SP25,591.0402
2015-09-04,.5SP25,584.4314
2015-09-04,.5SP25,584.4314
2015-09-08,.5SP25,598.002
2015-09-09,.5SP25,591.3334
2015-09-10,.5SP25,592.9426
2015-09-11,.5SP25,597.3258
2015-09-14,.5SP25,593.9522
2015-09-15,.5SP25,600.3658
2015-09-16,.5SP25,607.2288
2015-09-17,.5SP25,608.7478
2015-09-18,.5SP25,599.4729
2015-09-21,.5SP25,603.9494
2015-09-22,.5SP25,596.3271
2015-09-23,.5SP25,594.719
2015-09-24,.5SP25,592.8646
2015-09-25,.5SP25,592.9169
2015-09-28,.5SP25,575.7589
2015-09-29,.5SP25,574.0755
2015-09-30,.5SP25,589.3723
2015-10-01,.5SP25,593.6582
2015-10-02,.5SP25,602.1234
2015-10-05,.5SP25,610.8246
2015-10-06,.5SP25,606.537
2015-10-07,.5SP25,608.6175
2015-10-08,.5SP25,615.7525
2015-10-09,.5SP25,616.7897
2015-10-12,.5SP25,619.7051
2015-10-13,.5SP25,616.3102
2015-10-14,.5SP25,610.0275
2015-10-15,.5SP25,617.7165
2015-10-16,.5SP25,621.4
2015-10-19,.5SP25,624.2075
2015-10-20,.5SP25,622.7875
2015-10-21,.5SP25,620.4033
2015-10-22,.5SP25,629.0432
2015-10-23,.5SP25,631.6632
2015-10-26,.5SP25,636.5173
2015-10-27,.5SP25,633.1543
2015-10-28,.5SP25,639.1356
2015-10-29,.5SP25,640.8781
2015-10-30,.5SP25,642.3396
2015-11-02,.5SP25,645.1629
2015-11-03,.5SP25,647.7756
2015-11-04,.5SP25,643.5841
2015-11-05,.5SP25,645.9851
2015-11-06,.5SP25,645.8355
2015-11-09,.5SP25,637.1877
2015-11-10,.5SP25,642.4169
2015-11-11,.5SP25,639.2353
2015-11-12,.5SP25,632.99
2015-11-13,.5SP25,616.2009
2015-11-16,.5SP25,623.773
2015-11-17,.5SP25,625.1028
2015-11-18,.5SP25,635.7498
2015-11-19,.5SP25,636.1848
2015-11-20,.5SP25,644.0295
2015-11-23,.5SP25,646.2593
2015-11-24,.5SP25,644.9134
2015-11-25,.5SP25,648.0883
2015-11-25,.5SP25,648.0883
2015-11-27,.5SP25,645.4592
2015-11-30,.5SP25,640.0183
2015-12-01,.5SP25,646.4962
2015-12-02,.5SP25,640.682
2015-12-03,.5SP25,630.9613
2015-12-04,.5SP25,643.4359
2015-12-07,.5SP25,640.4846
2015-12-08,.5SP25,638.4176
2015-12-09,.5SP25,630.6159
2015-12-10,.5SP25,632.1635
2015-12-11,.5SP25,617.4662
2015-12-14,.5SP25,620.3042
2015-12-15,.5SP25,623.8913
2015-12-16,.5SP25,634.4441
2015-12-17,.5SP25,624.1158
2015-12-18,.5SP25,615.0737
2015-12-21,.5SP25,617.3471
2015-12-22,.5SP25,621.4975
2015-12-23,.5SP25,625.0298
2015-12-24,.5SP25,623.3911
2015-12-24,.5SP25,623.3911
2015-12-28,.5SP25,625.03
2015-12-29,.5SP25,632.0748
2015-12-30,.5SP25,627.1241
2015-12-31,.5SP25,621.0201
2015-12-31,.5SP25,621.0201
2016-01-04,.5SP25,609.8854
2016-01-05,.5SP25,608.8404
2016-01-06,.5SP25,602.7886
2016-01-07,.5SP25,590.656
2016-01-08,.5SP25,584.2697
2016-01-11,.5SP25,589.405
2016-01-12,.5SP25,595.4668
2016-01-13,.5SP25,575.3664
2016-01-14,.5SP25,579.6225
2016-01-15,.5SP25,567.5022
2016-01-15,.5SP25,567.5022
2016-01-19,.5SP25,569.6923
2016-01-20,.5SP25,564.3036
2016-01-21,.5SP25,572.0422
2016-01-22,.5SP25,581.7882
2016-01-25,.5SP25,574.9384
2016-01-26,.5SP25,583.4036
2016-01-27,.5SP25,574.5874
2016-01-28,.5SP25,581.621
2016-01-29,.5SP25,588.7802
2016-02-01,.5SP25,591.681
2016-02-02,.5SP25,580.3877
2016-02-03,.5SP25,578.4276
2016-02-04,.5SP25,575.1513
2016-02-05,.5SP25,556.8218
2016-02-08,.5SP25,545.8484
2016-02-09,.5SP25,544.411
2016-02-10,.5SP25,543.9927
2016-02-11,.5SP25,543.5358
2016-02-12,.5SP25,553.267
2016-02-12,.5SP25,553.267
2016-02-16,.5SP25,566.9364
2016-02-17,.5SP25,578.9055
2016-02-18,.5SP25,575.0336
2016-02-19,.5SP25,576.9189
2016-02-22,.5SP25,587.9414
2016-02-23,.5SP25,584.686
2016-02-24,.5SP25,588.13
2016-02-25,.5SP25,593.9597
2016-02-26,.5SP25,593.2458
2016-02-29,.5SP25,590.1923
2016-03-01,.5SP25,605.682
2016-03-02,.5SP25,604.9918
2016-03-03,.5SP25,608.3489
2016-03-04,.5SP25,608.1737
2016-03-07,.5SP25,605.3285
2016-03-08,.5SP25,600.2835
2016-03-09,.5SP25,601.155
2016-03-10,.5SP25,602.1665
2016-03-11,.5SP25,611.6383
2016-03-14,.5SP25,614.0459
2016-03-15,.5SP25,613.9664
2016-03-16,.5SP25,618.4508
2016-03-17,.5SP25,620.1433
2016-03-18,.5SP25,620.7546
2016-03-21,.5SP25,620.9887
2016-03-22,.5SP25,619.5017
2016-03-23,.5SP25,615.6128
2016-03-24,.5SP25,616.146
2016-03-24,.5SP25,616.146
2016-03-28,.5SP25,619.2835
2016-03-29,.5SP25,625.1326
2016-03-30,.5SP25,629.0296
2016-03-31,.5SP25,628.4413
2016-04-01,.5SP25,631.6065
2016-04-04,.5SP25,626.1946
2016-04-05,.5SP25,620.9168
2016-04-06,.5SP25,626.7812
2016-04-07,.5SP25,619.5484
2016-04-08,.5SP25,618.5919
2016-04-11,.5SP25,616.095
2016-04-12,.5SP25,621.0232
2016-04-13,.5SP25,629.3891
2016-04-14,.5SP25,629.4747
2016-04-15,.5SP25,631.2797
2016-04-18,.5SP25,637.0411
2016-04-19,.5SP25,634.0044
2016-04-20,.5SP25,634.2377
2016-04-21,.5SP25,632.674
2016-04-22,.5SP25,630.8666
2016-04-25,.5SP25,631.844
2016-04-26,.5SP25,633.2675
2016-04-27,.5SP25,632.6221
2016-04-28,.5SP25,625.5773
2016-04-29,.5SP25,628.7649
2016-05-02,.5SP25,637.5279
2016-05-03,.5SP25,631.9365
2016-05-04,.5SP25,628.9486
2016-05-05,.5SP25,625.0031
2016-05-06,.5SP25,629.1285
2016-05-09,.5SP25,631.1318
2016-05-10,.5SP25,639.0438
2016-05-11,.5SP25,626.3953
2016-05-12,.5SP25,627.2184
2016-05-13,.5SP25,620.3269
2016-05-16,.5SP25,623.9288
2016-05-17,.5SP25,616.7378
2016-05-18,.5SP25,613.1404
2016-05-19,.5SP25,612.5801
2016-05-20,.5SP25,616.5876
2016-05-23,.5SP25,614.1597
2016-05-24,.5SP25,622.0945
2016-05-25,.5SP25,625.1196
2016-05-26,.5SP25,626.3978
2016-05-27,.5SP25,629.4374
2016-05-27,.5SP25,629.4374
2016-05-31,.5SP25,628.7757
2016-06-01,.5SP25,627.9362
2016-06-02,.5SP25,631.0576
2016-06-03,.5SP25,627.5794
2016-06-06,.5SP25,628.3377
2016-06-07,.5SP25,629.1536
2016-06-08,.5SP25,629.6857
2016-06-09,.5SP25,628.4576
2016-06-10,.5SP25,621.9739
2016-06-13,.5SP25,618.0778
2016-06-14,.5SP25,616.4707
2016-06-15,.5SP25,618.1042
2016-06-16,.5SP25,620.4176
2016-06-17,.5SP25,619.5118
2016-06-20,.5SP25,624.9244
2016-06-21,.5SP25,623.6449
2016-06-22,.5SP25,622.5748
2016-06-23,.5SP25,628.4587
2016-06-24,.5SP25,605.6918
2016-06-27,.5SP25,594.4938
2016-06-28,.5SP25,605.8397
2016-06-29,.5SP25,615.7686
2016-06-30,.5SP25,620.4125
2016-07-01,.5SP25,625.9486
2016-07-01,.5SP25,625.9486
2016-07-05,.5SP25,621.3752
2016-07-06,.5SP25,626.6251
2016-07-07,.5SP25,629.1058
2016-07-08,.5SP25,640.1542
2016-07-11,.5SP25,643.7301
2016-07-12,.5SP25,646.68
2016-07-13,.5SP25,643.6014
2016-07-14,.5SP25,646.2153
2016-07-15,.5SP25,643.3049
2016-07-18,.5SP25,645.3623
2016-07-19,.5SP25,644.1807
2016-07-20,.5SP25,646.7213
2016-07-21,.5SP25,645.0763
2016-07-22,.5SP25,648.1339
2016-07-25,.5SP25,648.9989
2016-07-26,.5SP25,647.9328
2016-07-27,.5SP25,645.7201
2016-07-28,.5SP25,647.2285
2016-07-29,.5SP25,647.8101
2016-08-01,.5SP25,648.6295
2016-08-02,.5SP25,639.1514
2016-08-03,.5SP25,640.7657
2016-08-04,.5SP25,640.4452
2016-08-05,.5SP25,647.3136
2016-08-08,.5SP25,645.1926
2016-08-09,.5SP25,643.0455
2016-08-10,.5SP25,644.4544
2016-08-11,.5SP25,651.0591
2016-08-12,.5SP25,650.8685
2016-08-15,.5SP25,651.7025
2016-08-16,.5SP25,648.1467
2016-08-17,.5SP25,646.8337
2016-08-18,.5SP25,646.4898
2016-08-19,.5SP25,646.3061
2016-08-22,.5SP25,645.7498
2016-08-23,.5SP25,648.8672
2016-08-24,.5SP25,645.9844
2016-08-25,.5SP25,643.6027
2016-08-26,.5SP25,641.8618
2016-08-29,.5SP25,643.8271
2016-08-30,.5SP25,640.2243
2016-08-31,.5SP25,638.631
2016-09-01,.5SP25,639.7863
2016-09-02,.5SP25,640.7079
2016-09-02,.5SP25,640.7079
2016-09-06,.5SP25,641.7265
2016-09-07,.5SP25,641.74
2016-09-08,.5SP25,636.7525
2016-09-09,.5SP25,621.1141
2016-09-12,.5SP25,630.0808
2016-09-13,.5SP25,620.5869
2016-09-14,.5SP25,620.7821
2016-09-15,.5SP25,625.0718
2016-09-16,.5SP25,624.0702
2016-09-19,.5SP25,623.4106
2016-09-20,.5SP25,624.0143
2016-09-21,.5SP25,629.6669
2016-09-22,.5SP25,634.5341
2016-09-23,.5SP25,633.0946
2016-09-26,.5SP25,626.0271
2016-09-27,.5SP25,632.2452
2016-09-28,.5SP25,634.1703
2016-09-29,.5SP25,630.7875
2016-09-30,.5SP25,635.9608
2016-10-03,.5SP25,635.6743
2016-10-04,.5SP25,633.6198
2016-10-05,.5SP25,636.0696
2016-10-06,.5SP25,636.4026
2016-10-07,.5SP25,633.5958
2016-10-10,.5SP25,634.1808
2016-10-11,.5SP25,626.9608
2016-10-12,.5SP25,629.4063
2016-10-13,.5SP25,627.3877
2016-10-14,.5SP25,626.3883
2016-10-17,.5SP25,621.5431
2016-10-18,.5SP25,625.1818
2016-10-19,.5SP25,628.2841
2016-10-20,.5SP25,627.3574
2016-10-21,.5SP25,632.1795
2016-10-24,.5SP25,636.7171
2016-10-25,.5SP25,629.1563
2016-10-26,.5SP25,626.4715
2016-10-27,.5SP25,621.0498
2016-10-28,.5SP25,619.6504
2016-10-31,.5SP25,620.5196
2016-11-01,.5SP25,615.3105
2016-11-02,.5SP25,611.7684
2016-11-03,.5SP25,610.2611
2016-11-04,.5SP25,608.932
2016-11-07,.5SP25,622.9733
2016-11-08,.5SP25,625.9469
2016-11-09,.5SP25,627.1013
2016-11-10,.5SP25,629.1788
2016-11-11,.5SP25,633.2136
2016-11-14,.5SP25,632.806
2016-11-15,.5SP25,634.9586
2016-11-16,.5SP25,638.4241
2016-11-17,.5SP25,646.1871
2016-11-18,.5SP25,644.0388
2016-11-21,.5SP25,648.1028
2016-11-22,.5SP25,656.0914
2016-11-23,.5SP25,656.7493
2016-11-23,.5SP25,656.7493
2016-11-25,.5SP25,658.5461
2016-11-28,.5SP25,653.0569
2016-11-29,.5SP25,654.2476
2016-11-30,.5SP25,648.5462
2016-12-01,.5SP25,649.114
2016-12-02,.5SP25,645.4746
2016-12-05,.5SP25,651.7674
2016-12-06,.5SP25,653.8186
2016-12-07,.5SP25,665.9377
2016-12-08,.5SP25,666.3541
2016-12-09,.5SP25,667.7157
2016-12-12,.5SP25,662.3822
2016-12-13,.5SP25,667.862
2016-12-14,.5SP25,663.5052
2016-12-15,.5SP25,661.8275
2016-12-16,.5SP25,658.8221
2016-12-19,.5SP25,660.1928
2016-12-20,.5SP25,665.3678
2016-12-21,.5SP25,665.036
2016-12-22,.5SP25,658.3318
2016-12-23,.5SP25,656.7265
2016-12-23,.5SP25,656.7265
2016-12-27,.5SP25,659.0286
2016-12-28,.5SP25,654.8916
2016-12-29,.5SP25,653.9136
2016-12-30,.5SP25,647.8203
2016-12-30,.5SP25,647.8203
2017-01-03,.5SP25,651.8106
2017-01-04,.5SP25,660.4823
2017-01-05,.5SP25,660.0467
2017-01-06,.5SP25,662.9131
2017-01-09,.5SP25,662.4698
2017-01-10,.5SP25,665.1079
2017-01-11,.5SP25,666.5788
2017-01-12,.5SP25,666.3742
2017-01-13,.5SP25,668.4147
2017-01-13,.5SP25,668.4147
2017-01-17,.5SP25,669.892
2017-01-18,.5SP25,668.6037
2017-01-19,.5SP25,666.3517
2017-01-20,.5SP25,667.9621
2017-01-23,.5SP25,668.4021
2017-01-24,.5SP25,673.8477
2017-01-25,.5SP25,677.7863
2017-01-26,.5SP25,679.3551
2017-01-27,.5SP25,677.3403
2017-01-30,.5SP25,676.7931
2017-01-31,.5SP25,674.9148
2017-02-01,.5SP25,673.7435
2017-02-02,.5SP25,673.2322
2017-02-03,.5SP25,672.4971
2017-02-06,.5SP25,670.4672
2017-02-07,.5SP25,669.5474
2017-02-08,.5SP25,673.6747
2017-02-09,.5SP25,678.2767
2017-02-10,.5SP25,681.9741
2017-02-13,.5SP25,682.6732
2017-02-14,.5SP25,686.6816
2017-02-15,.5SP25,690.1414
2017-02-16,.5SP25,687.0824
2017-02-17,.5SP25,689.0822
2017-02-17,.5SP25,689.0822
2017-02-21,.5SP25,693.2123
2017-02-22,.5SP25,693.374
2017-02-23,.5SP25,688.4959
2017-02-24,.5SP25,691.4287
2017-02-27,.5SP25,691.6804
2017-02-28,.5SP25,687.2078
2017-03-01,.5SP25,694.135
2017-03-02,.5SP25,693.0963
2017-03-03,.5SP25,691.6253
2017-03-06,.5SP25,689.2338
2017-03-07,.5SP25,686.9628
2017-03-08,.5SP25,689.1066
2017-03-09,.5SP25,688.8944
2017-03-10,.5SP25,689.8243
2017-03-13,.5SP25,691.2034
2017-03-14,.5SP25,691.3444
2017-03-15,.5SP25,694.8495
2017-03-16,.5SP25,695.1875
2017-03-17,.5SP25,695.8159
2017-03-20,.5SP25,694.0964
2017-03-21,.5SP25,685.4993
2017-03-22,.5SP25,686.3332
2017-03-23,.5SP25,687.6405
2017-03-24,.5SP25,688.8203
2017-03-27,.5SP25,688.9608
2017-03-28,.5SP25,694.2511
2017-03-29,.5SP25,698.1697
2017-03-30,.5SP25,700.0569
2017-03-31,.5SP25,700.239
2017-04-03,.5SP25,697.0521
2017-04-04,.5SP25,696.0611
2017-04-05,.5SP25,694.4994
2017-04-06,.5SP25,696.9688
2017-04-07,.5SP25,694.5152
2017-04-10,.5SP25,696.9944
2017-04-11,.5SP25,696.6431
2017-04-12,.5SP25,693.8478
2017-04-13,.5SP25,689.2954
2017-04-13,.5SP25,689.2954
2017-04-17,.5SP25,695.8557
2017-04-18,.5SP25,696.1546
2017-04-19,.5SP25,696.8243
2017-04-20,.5SP25,703.7689
2017-04-21,.5SP25,702.3357
2017-04-24,.5SP25,706.6027
2017-04-25,.5SP25,712.3255
2017-04-26,.5SP25,715.8867
2017-04-27,.5SP25,719.8105
2017-04-28,.5SP25,716.7304
2017-05-01,.5SP25,717.2348
2017-05-02,.5SP25,718.5464
2017-05-03,.5SP25,714.3135
2017-05-04,.5SP25,713.5308
2017-05-05,.5SP25,717.4967
2017-05-08,.5SP25,719.2929
2017-05-09,.5SP25,722.7601
2017-05-10,.5SP25,720.7579
2017-05-11,.5SP25,716.4589
2017-05-12,.5SP25,715.1556
2017-05-15,.5SP25,715.0596
2017-05-16,.5SP25,712.7254
2017-05-17,.5SP25,701.2734
2017-05-18,.5SP25,705.4475
2017-05-19,.5SP25,709.5657
2017-05-22,.5SP25,713.4445
2017-05-23,.5SP25,710.5591
2017-05-24,.5SP25,713.0704
2017-05-25,.5SP25,719.6978
2017-05-26,.5SP25,721.9126
2017-05-26,.5SP25,721.9126
2017-05-30,.5SP25,721.9805
2017-05-31,.5SP25,723.7558
2017-06-01,.5SP25,730.0002
2017-06-02,.5SP25,732.9617
2017-06-05,.5SP25,730.5235
2017-06-06,.5SP25,724.4439
2017-06-07,.5SP25,725.9269
2017-06-08,.5SP25,721.2175
2017-06-09,.5SP25,718.106
2017-06-12,.5SP25,717.3362
2017-06-13,.5SP25,721.6582
2017-06-14,.5SP25,721.192
2017-06-15,.5SP25,717.9569
2017-06-16,.5SP25,717.7643
2017-06-19,.5SP25,723.5801
2017-06-20,.5SP25,714.5154
2017-06-21,.5SP25,715.2782
2017-06-22,.5SP25,713.99
2017-06-23,.5SP25,713.3165
2017-06-26,.5SP25,715.3423
2017-06-27,.5SP25,710.0245
2017-06-28,.5SP25,717.0313
2017-06-29,.5SP25,710.0866
2017-06-30,.5SP25,714.0551
2017-07-03,.5SP25,712.7392
2017-07-03,.5SP25,712.7392
2017-07-05,.5SP25,711.0107
2017-07-06,.5SP25,703.6783
2017-07-07,.5SP25,709.4928
2017-07-10,.5SP25,711.0564
2017-07-11,.5SP25,709.6557
2017-07-12,.5SP25,714.9719
2017-07-13,.5SP25,715.5304
2017-07-14,.5SP25,717.5261
2017-07-17,.5SP25,719.3638
2017-07-18,.5SP25,722.3631
2017-07-19,.5SP25,726.0438
2017-07-20,.5SP25,724.1388
2017-07-21,.5SP25,724.9587
2017-07-24,.5SP25,722.2352
2017-07-25,.5SP25,727.5916
2017-07-26,.5SP25,727.4601
2017-07-27,.5SP25,732.5279
2017-07-28,.5SP25,727.1148
2017-07-31,.5SP25,726.6456
2017-08-01,.5SP25,728.2342
2017-08-02,.5SP25,726.308
2017-08-03,.5SP25,724.1527
2017-08-04,.5SP25,724.3264
2017-08-07,.5SP25,725.6826
2017-08-08,.5SP25,725.3693
2017-08-09,.5SP25,721.9639
2017-08-10,.5SP25,710.9933
2017-08-11,.5SP25,714.6573
2017-08-14,.5SP25,719.5696
2017-08-15,.5SP25,713.1045
2017-08-16,.5SP25,716.3108
2017-08-17,.5SP25,705.0977
2017-08-18,.5SP25,701.6769
2017-08-21,.5SP25,702.9822
2017-08-22,.5SP25,710.3261
2017-08-23,.5SP25,704.367
2017-08-24,.5SP25,702.5775
2017-08-25,.5SP25,704.3788
2017-08-28,.5SP25,705.0529
2017-08-29,.5SP25,703.7094
2017-08-30,.5SP25,708.6144
2017-08-31,.5SP25,712.1257
2017-09-01,.5SP25,715.3936
2017-09-01,.5SP25,715.3936
2017-09-05,.5SP25,712.458
2017-09-06,.5SP25,716.3936
2017-09-07,.5SP25,710.2888
2017-09-08,.5SP25,707.7716
2017-09-11,.5SP25,711.5592
2017-09-12,.5SP25,714.6556
2017-09-13,.5SP25,719.7938
2017-09-14,.5SP25,715.8749
2017-09-15,.5SP25,714.2186
2017-09-18,.5SP25,711.1875
2017-09-19,.5SP25,710.8446
2017-09-20,.5SP25,713.3443
2017-09-21,.5SP25,711.6178
2017-09-22,.5SP25,713.1904
2017-09-25,.5SP25,711.7459
2017-09-26,.5SP25,711.3306
2017-09-27,.5SP25,715.1535
2017-09-28,.5SP25,714.8275
2017-09-29,.5SP25,717.4718
2017-10-02,.5SP25,718.7618
2017-10-03,.5SP25,721.3674
2017-10-04,.5SP25,725.1653
2017-10-05,.5SP25,729.2438
2017-10-06,.5SP25,730.3656
2017-10-09,.5SP25,727.7999
2017-10-10,.5SP25,727.0122
2017-10-11,.5SP25,727.5296
2017-10-12,.5SP25,722.7015
2017-10-13,.5SP25,725.8496
2017-10-16,.5SP25,727.1836
2017-10-17,.5SP25,727.4531
2017-10-18,.5SP25,725.6015
2017-10-19,.5SP25,725.5277
2017-10-20,.5SP25,727.0294
2017-10-23,.5SP25,722.0087
2017-10-24,.5SP25,724.0116
2017-10-25,.5SP25,721.2383
2017-10-26,.5SP25,723.6031
2017-10-27,.5SP25,735.1701
2017-10-30,.5SP25,732.3005
2017-10-31,.5SP25,731.9747
2017-11-01,.5SP25,732.4838
2017-11-02,.5SP25,726.8618
2017-11-03,.5SP25,729.5107
2017-11-06,.5SP25,734.8762
2017-11-07,.5SP25,730.8188
2017-11-08,.5SP25,731.237
2017-11-09,.5SP25,732.4533
2017-11-10,.5SP25,734.9577
2017-11-13,.5SP25,737.3101
2017-11-14,.5SP25,738.0427
2017-11-15,.5SP25,734.7614
2017-11-16,.5SP25,740.6772
2017-11-17,.5SP25,744.2496
2017-11-20,.5SP25,745.4741
2017-11-21,.5SP25,749.9612
2017-11-22,.5SP25,750.7291
2017-11-22,.5SP25,750.7291
2017-11-24,.5SP25,752.3058
2017-11-27,.5SP25,752.8973
2017-11-28,.5SP25,761.0787
2017-11-29,.5SP25,764.4032
2017-11-30,.5SP25,767.8214
2017-12-01,.5SP25,767.9188
2017-12-04,.5SP25,776.7516
2017-12-05,.5SP25,772.0981
2017-12-06,.5SP25,766.7857
2017-12-07,.5SP25,768.5827
2017-12-08,.5SP25,771.9223
2017-12-11,.5SP25,773.8534
2017-12-12,.5SP25,774.0383
2017-12-13,.5SP25,774.4835
2017-12-14,.5SP25,776.5961
2017-12-15,.5SP25,780.7579
2017-12-18,.5SP25,786.9666
2017-12-19,.5SP25,786.2987
2017-12-20,.5SP25,784.7562
2017-12-21,.5SP25,789.6818
2017-12-22,.5SP25,788.3181
2017-12-22,.5SP25,788.3181
2017-12-26,.5SP25,790.1145
2017-12-27,.5SP25,788.5875
2017-12-28,.5SP25,790.5638
2017-12-29,.5SP25,785.3294
2017-12-29,.5SP25,785.3294
2018-01-02,.5SP25,797.2052
2018-01-03,.5SP25,801.4602
2018-01-04,.5SP25,804.0188
2018-01-05,.5SP25,810.8978
2018-01-08,.5SP25,811.5916
2018-01-09,.5SP25,812.5461
2018-01-10,.5SP25,812.416
2018-01-11,.5SP25,825.6093
2018-01-12,.5SP25,836.202
2018-01-12,.5SP25,836.202
2018-01-16,.5SP25,830.4168
2018-01-17,.5SP25,834.0024
2018-01-18,.5SP25,833.5868
2018-01-19,.5SP25,840.832
2018-01-22,.5SP25,850.0042
2018-01-23,.5SP25,857.2857
2018-01-24,.5SP25,860.7592
2018-01-25,.5SP25,859.5719
2018-01-26,.5SP25,867.9961
2018-01-29,.5SP25,865.5588
2018-01-30,.5SP25,860.859
2018-01-31,.5SP25,857.8785
2018-02-01,.5SP25,848.6389
2018-02-02,.5SP25,841.0663
2018-02-05,.5SP25,812.3123
2018-02-06,.5SP25,832.5221
2018-02-07,.5SP25,830.2307
2018-02-08,.5SP25,796.8939
2018-02-09,.5SP25,802.4946
2018-02-12,.5SP25,813.292
2018-02-13,.5SP25,817.4567
2018-02-14,.5SP25,830.1801
2018-02-15,.5SP25,837.6453
2018-02-16,.5SP25,833.9615
2018-02-16,.5SP25,833.9615
2018-02-20,.5SP25,831.275
2018-02-21,.5SP25,830.1971
2018-02-22,.5SP25,831.0536
2018-02-23,.5SP25,842.1334
2018-02-26,.5SP25,849.4117
2018-02-27,.5SP25,831.3991
2018-02-28,.5SP25,827.3513
2018-03-01,.5SP25,818.885
2018-03-02,.5SP25,819.6066
2018-03-05,.5SP25,828.8801
2018-03-06,.5SP25,834.8233
2018-03-07,.5SP25,828.6767
2018-03-08,.5SP25,831.155
2018-03-09,.5SP25,844.1997
2018-03-12,.5SP25,846.667
2018-03-13,.5SP25,840.7905
2018-03-14,.5SP25,839.1358
2018-03-15,.5SP25,838.5888
2018-03-16,.5SP25,838.1733
2018-03-19,.5SP25,827.2485
2018-03-20,.5SP25,832.3379
2018-03-21,.5SP25,831.5991
2018-03-22,.5SP25,813.9522
2018-03-23,.5SP25,798.0488
2018-03-26,.5SP25,821.2816
2018-03-27,.5SP25,805.5547
2018-03-28,.5SP25,795.5923
2018-03-29,.5SP25,806.9718
2018-03-29,.5SP25,806.9718
2018-04-02,.5SP25,784.1133
2018-04-03,.5SP25,793.7167
2018-04-04,.5SP25,808.1083
2018-04-05,.5SP25,819.1583
2018-04-06,.5SP25,801.6182
2018-04-09,.5SP25,799.6276
2018-04-10,.5SP25,809.3124
2018-04-11,.5SP25,806.7064
2018-04-12,.5SP25,810.3244
2018-04-13,.5SP25,805.731
2018-04-16,.5SP25,811.7555
2018-04-17,.5SP25,826.9391
2018-04-18,.5SP25,831.0247
2018-04-19,.5SP25,827.9939
2018-04-20,.5SP25,819.5165
2018-04-23,.5SP25,821.3026
2018-04-24,.5SP25,808.3237
2018-04-25,.5SP25,811.3869
2018-04-26,.5SP25,824.2719
2018-04-27,.5SP25,828.4086
2018-04-30,.5SP25,825.3098
2018-05-01,.5SP25,826.6423
2018-05-02,.5SP25,820.783
2018-05-03,.5SP25,817.1602
2018-05-04,.5SP25,827.8447
2018-05-07,.5SP25,830.8176
2018-05-08,.5SP25,827.122
2018-05-09,.5SP25,830.0103
2018-05-10,.5SP25,832.9298
2018-05-11,.5SP25,834.8108
2018-05-14,.5SP25,836.1132
2018-05-15,.5SP25,831.0244
2018-05-16,.5SP25,837.9358
2018-05-17,.5SP25,835.2443
2018-05-18,.5SP25,834.252
2018-05-21,.5SP25,838.85
2018-05-22,.5SP25,834.8319
2018-05-23,.5SP25,841.1861
2018-05-24,.5SP25,842.9164
2018-05-25,.5SP25,844.4909
2018-05-25,.5SP25,844.4909
2018-05-29,.5SP25,837.7731
2018-05-30,.5SP25,844.7461
2018-05-31,.5SP25,840.7598
2018-06-01,.5SP25,846.5786
2018-06-04,.5SP25,856.1841
2018-06-05,.5SP25,861.0901
2018-06-06,.5SP25,869.7694
2018-06-07,.5SP25,871.2962
2018-06-08,.5SP25,873.5126
2018-06-11,.5SP25,876.4838
2018-06-12,.5SP25,880.8995
2018-06-13,.5SP25,882.0835
2018-06-14,.5SP25,891.0076
2018-06-15,.5SP25,893.1089
2018-06-18,.5SP25,891.3893
2018-06-19,.5SP25,890.0855
2018-06-20,.5SP25,894.3231
2018-06-21,.5SP25,888.0152
2018-06-22,.5SP25,886.8074
2018-06-25,.5SP25,867.5188
2018-06-26,.5SP25,873.4599
2018-06-27,.5SP25,862.2226
2018-06-28,.5SP25,868.7716
2018-06-29,.5SP25,870.23
2018-07-02,.5SP25,871.6457
2018-07-03,.5SP25,866.4457
2018-07-03,.5SP25,866.4457
2018-07-05,.5SP25,871.2923
2018-07-06,.5SP25,878.0119
2018-07-09,.5SP25,888.2688
2018-07-10,.5SP25,890.2608
2018-07-11,.5SP25,888.2278
2018-07-12,.5SP25,894.2124
2018-07-13,.5SP25,896.452
2018-07-16,.5SP25,898.168
2018-07-17,.5SP25,899.061
2018-07-18,.5SP25,898.3473
2018-07-19,.5SP25,896.4459
2018-07-20,.5SP25,892.426
2018-07-23,.5SP25,891.5109
2018-07-24,.5SP25,889.0221
2018-07-25,.5SP25,895.1841
2018-07-26,.5SP25,890.6781
2018-07-27,.5SP25,888.2512
2018-07-30,.5SP25,881.2838
2018-07-31,.5SP25,885.1493
2018-08-01,.5SP25,881.2319
2018-08-02,.5SP25,886.7762
2018-08-03,.5SP25,889.7292
2018-08-06,.5SP25,895.7239
2018-08-07,.5SP25,899.6982
2018-08-08,.5SP25,900.7858
2018-08-09,.5SP25,904.2381
2018-08-10,.5SP25,896.7816
2018-08-13,.5SP25,892.172
2018-08-14,.5SP25,900.6834
2018-08-15,.5SP25,889.7071
2018-08-16,.5SP25,893.7239
2018-08-17,.5SP25,894.7785
2018-08-20,.5SP25,900.2933
2018-08-21,.5SP25,908.295
2018-08-22,.5SP25,909.3587
2018-08-23,.5SP25,907.6687
2018-08-24,.5SP25,913.0639
2018-08-27,.5SP25,919.4607
2018-08-28,.5SP25,921.1098
2018-08-29,.5SP25,931.4306
2018-08-30,.5SP25,925.786
2018-08-31,.5SP25,929.2281
2018-08-31,.5SP25,929.2281
2018-09-04,.5SP25,931.5062
2018-09-05,.5SP25,921.2615
2018-09-06,.5SP25,918.1855
2018-09-07,.5SP25,917.8933
2018-09-10,.5SP25,921.1218
2018-09-11,.5SP25,928.686
2018-09-12,.5SP25,930.7236
2018-09-13,.5SP25,931.3862
2018-09-14,.5SP25,928.725
2018-09-17,.5SP25,916.9206
2018-09-18,.5SP25,928.5768
2018-09-19,.5SP25,928.8687
2018-09-20,.5SP25,935.0063
2018-09-21,.5SP25,932.3929
2018-09-24,.5SP25,927.0764
2018-09-25,.5SP25,932.5428
2018-09-26,.5SP25,934.3609
2018-09-27,.5SP25,939.4098
2018-09-28,.5SP25,938.228
2018-10-01,.5SP25,936.3893
2018-10-02,.5SP25,922.9703
2018-10-03,.5SP25,918.9711
2018-10-04,.5SP25,904.2612
2018-10-05,.5SP25,897.1912
2018-10-08,.5SP25,897.5486
2018-10-09,.5SP25,895.514
2018-10-10,.5SP25,862.0005
2018-10-11,.5SP25,847.3845
2018-10-12,.5SP25,865.5774
2018-10-15,.5SP25,861.5209
2018-10-16,.5SP25,880.6452
2018-10-17,.5SP25,874.5822
2018-10-18,.5SP25,856.1716
2018-10-19,.5SP25,848.5105
2018-10-22,.5SP25,852.5505
2018-10-23,.5SP25,851.5674
2018-10-24,.5SP25,823.3866
2018-10-25,.5SP25,851.4456
2018-10-26,.5SP25,821.209
2018-10-29,.5SP25,808.6785
2018-10-30,.5SP25,818.6285
2018-10-31,.5SP25,831.9729
2018-11-01,.5SP25,850.5345
2018-11-02,.5SP25,854.0376
2018-11-05,.5SP25,852.5188
2018-11-06,.5SP25,857.1282
2018-11-07,.5SP25,883.9087
2018-11-08,.5SP25,884.2309
2018-11-09,.5SP25,871.0108
2018-11-12,.5SP25,850.8928
2018-11-13,.5SP25,850.6121
2018-11-14,.5SP25,842.5768
2018-11-15,.5SP25,842.6622
2018-11-16,.5SP25,838.1083
2018-11-19,.5SP25,815.3582
2018-11-20,.5SP25,797.624
2018-11-21,.5SP25,805.6216
2018-11-21,.5SP25,805.6216
2018-11-23,.5SP25,802.0412
2018-11-26,.5SP25,822.8142
2018-11-27,.5SP25,824.7654
2018-11-28,.5SP25,851.3717
2018-11-29,.5SP25,847.7088
2018-11-30,.5SP25,853.5909
2018-12-03,.5SP25,872.4418
2018-12-04,.5SP25,838.3484
2018-12-04,.5SP25,838.3484
2018-12-06,.5SP25,843.4687
2018-12-07,.5SP25,817.5334
2018-12-10,.5SP25,818.6154
2018-12-11,.5SP25,818.979
2018-12-12,.5SP25,827.6094
2018-12-13,.5SP25,823.9815
2018-12-14,.5SP25,807.7186
2018-12-17,.5SP25,784.9085
2018-12-18,.5SP25,793.0307
2018-12-19,.5SP25,775.3451
2018-12-20,.5SP25,757.9011
2018-12-21,.5SP25,738.3631
2018-12-24,.5SP25,723.4689
2018-12-24,.5SP25,723.4689
2018-12-26,.5SP25,768.8944
2018-12-27,.5SP25,770.7513
2018-12-28,.5SP25,773.0585
2018-12-31,.5SP25,781.5049
2018-12-31,.5SP25,781.5049
2019-01-02,.5SP25,788.7495
2019-01-03,.5SP25,771.5414
2019-01-04,.5SP25,798.5231
2019-01-07,.5SP25,817.354
2019-01-08,.5SP25,826.6893
2019-01-09,.5SP25,830.5329
2019-01-10,.5SP25,828.59
2019-01-11,.5SP25,828.3446
2019-01-14,.5SP25,822.699
2019-01-15,.5SP25,832.0301
2019-01-16,.5SP25,830.722
2019-01-17,.5SP25,836.3481
2019-01-18,.5SP25,847.2122
2019-01-18,.5SP25,847.2122
2019-01-22,.5SP25,832.0053
2019-01-23,.5SP25,833.875
2019-01-24,.5SP25,838.3039
2019-01-25,.5SP25,847.088
2019-01-28,.5SP25,841.0267
2019-01-29,.5SP25,834.1369
2019-01-30,.5SP25,852.1611
2019-01-31,.5SP25,861.4473
2019-02-01,.5SP25,846.1648
2019-02-04,.5SP25,851.5496
2019-02-05,.5SP25,859.7015
2019-02-06,.5SP25,855.28
2019-02-07,.5SP25,847.8059
2019-02-08,.5SP25,843.5143
2019-02-11,.5SP25,845.0375
2019-02-12,.5SP25,859.0642
2019-02-13,.5SP25,864.3728
2019-02-14,.5SP25,860.5702
2019-02-15,.5SP25,865.0731
2019-02-15,.5SP25,865.0731
2019-02-19,.5SP25,869.1685
2019-02-20,.5SP25,870.3556
2019-02-21,.5SP25,868.607
2019-02-22,.5SP25,873.6672
2019-02-25,.5SP25,870.9775
2019-02-26,.5SP25,872.2806
2019-02-27,.5SP25,871.934
2019-02-28,.5SP25,867.03
2019-03-01,.5SP25,874.9702
2019-03-04,.5SP25,873.5606
2019-03-05,.5SP25,875.3281
2019-03-06,.5SP25,870.4203
2019-03-07,.5SP25,858.4591
2019-03-08,.5SP25,852.8169
2019-03-11,.5SP25,865.855
2019-03-12,.5SP25,867.8593
2019-03-13,.5SP25,871.2105
2019-03-14,.5SP25,868.5033
2019-03-15,.5SP25,874.6672
2019-03-18,.5SP25,883.851
2019-03-19,.5SP25,888.2612
2019-03-20,.5SP25,891.5723
2019-03-21,.5SP25,903.3781
2019-03-22,.5SP25,884.8417
2019-03-25,.5SP25,889.7939
2019-03-26,.5SP25,893.7146
2019-03-27,.5SP25,891.4163
2019-03-28,.5SP25,896.5837
2019-03-29,.5SP25,901.2028
2019-04-01,.5SP25,911.7748
2019-04-02,.5SP25,911.5426
2019-04-03,.5SP25,917.9919
2019-04-04,.5SP25,924.4875
2019-04-05,.5SP25,930.2889
2019-04-08,.5SP25,933.9143
2019-04-09,.5SP25,925.4658
2019-04-10,.5SP25,929.9765
2019-04-11,.5SP25,931.126
2019-04-12,.5SP25,936.2396
2019-04-15,.5SP25,938.1584
2019-04-16,.5SP25,942.6445
2019-04-17,.5SP25,944.4743
2019-04-18,.5SP25,943.9739
2019-04-18,.5SP25,943.9739
2019-04-22,.5SP25,941.9344
2019-04-23,.5SP25,953.4045
2019-04-24,.5SP25,953.133
2019-04-25,.5SP25,948.5968
2019-04-26,.5SP25,957.3908
2019-04-29,.5SP25,954.0602
2019-04-30,.5SP25,952.1447
2019-05-01,.5SP25,941.3723
2019-05-02,.5SP25,941.1263
2019-05-03,.5SP25,954.284
2019-05-06,.5SP25,948.2102
2019-05-07,.5SP25,934.3905
2019-05-08,.5SP25,933.7714
2019-05-09,.5SP25,929.7848
2019-05-10,.5SP25,930.2021
2019-05-13,.5SP25,902.7904
2019-05-14,.5SP25,910.6714
2019-05-15,.5SP25,917.7783
2019-05-16,.5SP25,926.9937
2019-05-17,.5SP25,919.5553
2019-05-20,.5SP25,913.1686
2019-05-21,.5SP25,918.3741
2019-05-22,.5SP25,910.0982
2019-05-23,.5SP25,897.9248
2019-05-24,.5SP25,899.1685
2019-05-24,.5SP25,899.1685
2019-05-28,.5SP25,894.7742
2019-05-29,.5SP25,886.8569
2019-05-30,.5SP25,891.3416
2019-05-31,.5SP25,878.5389
2019-06-03,.5SP25,868.2071
2019-06-04,.5SP25,891.0811
2019-06-05,.5SP25,894.9682
2019-06-06,.5SP25,899.4029
2019-06-07,.5SP25,913.5974
2019-06-10,.5SP25,923.2283
2019-06-11,.5SP25,926.3152
2019-06-12,.5SP25,925.3227
2019-06-13,.5SP25,933.625
2019-06-14,.5SP25,935.8882
2019-06-17,.5SP25,936.8332
2019-06-18,.5SP25,943.8369
2019-06-19,.5SP25,946.0938
2019-06-20,.5SP25,952.2905
2019-06-21,.5SP25,948.8367
2019-06-24,.5SP25,943.9797
2019-06-25,.5SP25,933.8529
2019-06-26,.5SP25,937.7034
2019-06-27,.5SP25,943.2422
2019-06-28,.5SP25,945.5783
2019-07-01,.5SP25,953.8373
2019-07-02,.5SP25,956.8829
2019-07-03,.5SP25,964.0167
2019-07-03,.5SP25,964.0167
2019-07-05,.5SP25,965.1333
2019-07-08,.5SP25,966.9199
2019-07-09,.5SP25,970.0942
2019-07-10,.5SP25,973.8611
2019-07-11,.5SP25,975.4554
2019-07-12,.5SP25,985.8343
2019-07-15,.5SP25,989.1726
2019-07-16,.5SP25,987.4047
2019-07-17,.5SP25,978.5143
2019-07-18,.5SP25,976.3793
2019-07-19,.5SP25,969.5173
2019-07-22,.5SP25,971.0837
2019-07-23,.5SP25,976.6838
2019-07-24,.5SP25,981.9084
2019-07-25,.5SP25,975.6913
2019-07-26,.5SP25,977.8499
2019-07-29,.5SP25,972.1676
2019-07-30,.5SP25,965.4779
2019-07-31,.5SP25,954.0943
2019-08-01,.5SP25,941.6981
2019-08-02,.5SP25,933.1246
2019-08-05,.5SP25,907.6737
2019-08-06,.5SP25,920.9623
2019-08-07,.5SP25,923.8608
2019-08-08,.5SP25,942.1818
2019-08-09,.5SP25,933.0344
2019-08-12,.5SP25,919.7146
2019-08-13,.5SP25,935.463
2019-08-14,.5SP25,906.1034
2019-08-15,.5SP25,905.4241
2019-08-16,.5SP25,915.3163
2019-08-19,.5SP25,926.7206
2019-08-20,.5SP25,926.0046
2019-08-21,.5SP25,942.9214
2019-08-22,.5SP25,942.3426
2019-08-23,.5SP25,916.377
2019-08-26,.5SP25,925.716
2019-08-27,.5SP25,921.9392
2019-08-28,.5SP25,932.0224
2019-08-29,.5SP25,945.7676
2019-08-30,.5SP25,940.4687
2019-08-30,.5SP25,940.4687
2019-09-03,.5SP25,936.9807
2019-09-04,.5SP25,945.054
2019-09-05,.5SP25,963.0099
2019-09-06,.5SP25,965.0558
2019-09-09,.5SP25,967.9901
2019-09-10,.5SP25,964.2858
2019-09-11,.5SP25,965.8273
2019-09-12,.5SP25,970.8753
2019-09-13,.5SP25,969.05
2019-09-16,.5SP25,956.4037
2019-09-17,.5SP25,962.1636
2019-09-18,.5SP25,961.4977
2019-09-19,.5SP25,959.3556
2019-09-20,.5SP25,948.1559
2019-09-23,.5SP25,950.3533
2019-09-24,.5SP25,939.0351
2019-09-25,.5SP25,948.1506
2019-09-26,.5SP25,942.8584
2019-09-27,.5SP25,939.3572
2019-09-30,.5SP25,947.2741
2019-10-01,.5SP25,939.9573
2019-10-02,.5SP25,923.3001
2019-10-03,.5SP25,928.2513
2019-10-04,.5SP25,937.2246
2019-10-07,.5SP25,933.1165
2019-10-08,.5SP25,922.5186
2019-10-09,.5SP25,930.7696
2019-10-10,.5SP25,935.7366
2019-10-11,.5SP25,946.4761
2019-10-14,.5SP25,945.8776
2019-10-15,.5SP25,954.9561
2019-10-16,.5SP25,958.8541
2019-10-17,.5SP25,961.8963
2019-10-18,.5SP25,958.7912
2019-10-21,.5SP25,963.2946
2019-10-22,.5SP25,956.367
2019-10-23,.5SP25,952.2631
2019-10-24,.5SP25,952.7767
2019-10-25,.5SP25,950.7588
2019-10-28,.5SP25,954.3319
2019-10-29,.5SP25,948.692
2019-10-30,.5SP25,954.413
2019-10-31,.5SP25,950.0055
2019-11-01,.5SP25,956.1702
2019-11-04,.5SP25,957.259
2019-11-05,.5SP25,958.6356
2019-11-06,.5SP25,959.1908
2019-11-07,.5SP25,953.7805
2019-11-08,.5SP25,954.0438
2019-11-11,.5SP25,951.4551
2019-11-12,.5SP25,950.7009
2019-11-13,.5SP25,947.0478
2019-11-14,.5SP25,950.3626
2019-11-15,.5SP25,951.7376
2019-11-18,.5SP25,954.9304
2019-11-19,.5SP25,945.6721
2019-11-20,.5SP25,943.0028
2019-11-21,.5SP25,938.0801
2019-11-22,.5SP25,944.1545
2019-11-25,.5SP25,952.538
2019-11-26,.5SP25,960.2447
2019-11-27,.5SP25,968.2137
2019-11-27,.5SP25,968.2137
2019-11-29,.5SP25,960.7934
2019-12-02,.5SP25,953.4808
2019-12-03,.5SP25,943.8462
2019-12-04,.5SP25,947.6669
2019-12-05,.5SP25,945.5638
2019-12-06,.5SP25,953.2015
2019-12-09,.5SP25,953.89
2019-12-10,.5SP25,951.8631
2019-12-11,.5SP25,954.6657
2019-12-12,.5SP25,963.0237
2019-12-13,.5SP25,963.4019
2019-12-16,.5SP25,967.5103
2019-12-17,.5SP25,972.839
2019-12-18,.5SP25,972.8072
2019-12-19,.5SP25,976.2779
2019-12-20,.5SP25,977.4302
2019-12-23,.5SP25,976.1577
2019-12-24,.5SP25,977.4344
2019-12-24,.5SP25,977.4344
2019-12-26,.5SP25,991.4198
2019-12-27,.5SP25,991.9381
2019-12-30,.5SP25,984.8154
2019-12-31,.5SP25,986.2906
2019-12-31,.5SP25,986.2906
2020-01-02,.5SP25,999.0079
2020-01-03,.5SP25,990.5025
2020-01-06,.5SP25,994.125
2020-01-07,.5SP25,992.8704
2020-01-08,.5SP25,994.3733
2020-01-09,.5SP25,999.9172
2020-01-10,.5SP25,994.4807
2020-01-13,.5SP25,997.6731
2020-01-14,.5SP25,996.513
2020-01-15,.5SP25,993.9514
2020-01-16,.5SP25,1002.8529
2020-01-17,.5SP25,1005.6846
2020-01-17,.5SP25,1005.6846
2020-01-21,.5SP25,1003.9669
2020-01-22,.5SP25,1002.922
2020-01-23,.5SP25,1004.1173
2020-01-24,.5SP25,990.7472
2020-01-27,.5SP25,975.6396
2020-01-28,.5SP25,985.2212
2020-01-29,.5SP25,984.6463
2020-01-30,.5SP25,983.9199
2020-01-31,.5SP25,992.0135
2020-02-03,.5SP25,997.9552
2020-02-04,.5SP25,1015.5445
2020-02-05,.5SP25,1020.566
2020-02-06,.5SP25,1018.9722
2020-02-07,.5SP25,1015.9975
2020-02-10,.5SP25,1028.7631
2020-02-11,.5SP25,1036.6427
2020-02-12,.5SP25,1046.8595
2020-02-13,.5SP25,1044.3276
2020-02-14,.5SP25,1042.5422
2020-02-14,.5SP25,1042.5422
2020-02-18,.5SP25,1043.3864
2020-02-19,.5SP25,1048.282
2020-02-20,.5SP25,1048.1566
2020-02-21,.5SP25,1031.0165
2020-02-24,.5SP25,994.6399
2020-02-25,.5SP25,968.7294
2020-02-26,.5SP25,962.0123
2020-02-27,.5SP25,922.8824
2020-02-28,.5SP25,915.7672
2020-03-02,.5SP25,947.781
2020-03-03,.5SP25,925.7774
2020-03-04,.5SP25,957.3772
2020-03-05,.5SP25,921.3337
2020-03-06,.5SP25,908.2966
2020-03-09,.5SP25,852.1313
2020-03-10,.5SP25,897.9761
2020-03-11,.5SP25,849.8417
2020-03-12,.5SP25,766.6017
2020-03-13,.5SP25,813.2361
2020-03-16,.5SP25,714.9846
2020-03-17,.5SP25,743.7777
2020-03-18,.5SP25,707.1269
2020-03-19,.5SP25,731.1885
2020-03-20,.5SP25,711.3417
2020-03-23,.5SP25,713.8369
2020-03-24,.5SP25,775.5117
2020-03-25,.5SP25,784.0139
2020-03-26,.5SP25,817.7419
2020-03-27,.5SP25,790.1757
2020-03-30,.5SP25,807.5221
2020-03-31,.5SP25,793.1123
2020-04-01,.5SP25,761.6567
2020-04-02,.5SP25,764.3235
2020-04-03,.5SP25,753.0883
2020-04-06,.5SP25,811.3059
2020-04-07,.5SP25,821.3168
2020-04-08,.5SP25,844.6803
2020-04-09,.5SP25,856.7766
2020-04-09,.5SP25,856.7766
2020-04-13,.5SP25,866.2223
2020-04-14,.5SP25,902.4781
2020-04-15,.5SP25,888.3187
2020-04-16,.5SP25,905.5516
2020-04-17,.5SP25,924.0853
2020-04-20,.5SP25,912.3675
2020-04-21,.5SP25,888.0928
2020-04-22,.5SP25,906.1428
2020-04-23,.5SP25,909.0365
2020-04-24,.5SP25,922.0284
2020-04-27,.5SP25,933.0479
2020-04-28,.5SP25,930.595
2020-04-29,.5SP25,952.0735
2020-04-30,.5SP25,955.8077
2020-05-01,.5SP25,911.7221
2020-05-04,.5SP25,918.0117
2020-05-05,.5SP25,921.205
2020-05-06,.5SP25,924.0997
2020-05-07,.5SP25,936.5143
2020-05-08,.5SP25,952.0919
2020-05-11,.5SP25,952.998
2020-05-12,.5SP25,931.5691
2020-05-13,.5SP25,920.3192
2020-05-14,.5SP25,932.3815
2020-05-15,.5SP25,942.303
2020-05-18,.5SP25,972.4933
2020-05-19,.5SP25,971.5694
2020-05-20,.5SP25,985.3038
2020-05-21,.5SP25,983.7445
2020-05-22,.5SP25,982.3867
2020-05-22,.5SP25,982.3867
2020-05-26,.5SP25,993.3034
2020-05-27,.5SP25,1006.0692
2020-05-28,.5SP25,995.55
2020-05-29,.5SP25,1002.2888
2020-06-01,.5SP25,1011.4408
2020-06-02,.5SP25,1017.8538
2020-06-03,.5SP25,1033.7188
2020-06-04,.5SP25,1028.0492
2020-06-05,.5SP25,1049.9151
2020-06-08,.5SP25,1065.8608
2020-06-09,.5SP25,1065.4304
2020-06-10,.5SP25,1061.2096
2020-06-11,.5SP25,1009.0917
2020-06-12,.5SP25,1016.5
2020-06-15,.5SP25,1025.3949
2020-06-16,.5SP25,1045.876
2020-06-17,.5SP25,1046.6635
2020-06-18,.5SP25,1044.4968
2020-06-19,.5SP25,1039.8274
2020-06-22,.5SP25,1051.2924
2020-06-23,.5SP25,1062.2274
2020-06-24,.5SP25,1041.2128
2020-06-25,.5SP25,1044.4011
2020-06-26,.5SP25,1020.0255
2020-06-29,.5SP25,1033.5609
2020-06-30,.5SP25,1051.4171
2020-07-01,.5SP25,1069.8775
2020-07-02,.5SP25,1074.0744
2020-07-02,.5SP25,1074.0744
2020-07-06,.5SP25,1108.5984
2020-07-07,.5SP25,1089.4909
2020-07-08,.5SP25,1106.1924
2020-07-09,.5SP25,1114.7313
2020-07-10,.5SP25,1125.9162
2020-07-13,.5SP25,1106.4643
2020-07-14,.5SP25,1113.0715
2020-07-15,.5SP25,1118.2368
2020-07-16,.5SP25,1115.1982
2020-07-17,.5SP25,1107.7071
2020-07-20,.5SP25,1142.4728
2020-07-21,.5SP25,1138.339
2020-07-22,.5SP25,1142.0668
2020-07-23,.5SP25,1118.8699
2020-07-24,.5SP25,1122.5527
2020-07-27,.5SP25,1132.306
2020-07-28,.5SP25,1118.412
2020-07-29,.5SP25,1130.213
2020-07-30,.5SP25,1131.3666
2020-07-31,.5SP25,1145.8107
2020-08-03,.5SP25,1139.5333
2020-08-04,.5SP25,1148.9128
2020-08-05,.5SP25,1165.0433
2020-08-06,.5SP25,1170.8498
2020-08-07,.5SP25,1167.406
2020-08-10,.5SP25,1175.3994
2020-08-11,.5SP25,1167.9301
2020-08-12,.5SP25,1187.4434
2020-08-13,.5SP25,1186.7635
2020-08-14,.5SP25,1185.6168
2020-08-17,.5SP25,1199.92
2020-08-18,.5SP25,1217.4394
2020-08-19,.5SP25,1208.7059
2020-08-20,.5SP25,1210.445
2020-08-21,.5SP25,1214.2684
2020-08-24,.5SP25,1230.0372
2020-08-25,.5SP25,1236.5552
2020-08-26,.5SP25,1254.6705
2020-08-27,.5SP25,1245.6664
2020-08-28,.5SP25,1251.8234
2020-08-31,.5SP25,1253.9127
2020-09-01,.5SP25,1267.6201
2020-09-02,.5SP25,1283.2823
2020-09-03,.5SP25,1237.5737
2020-09-04,.5SP25,1220.1444
2020-09-04,.5SP25,1220.1444
2020-09-08,.5SP25,1194.6897
2020-09-09,.5SP25,1222.322
2020-09-10,.5SP25,1200.6788
2020-09-11,.5SP25,1196.8876
2020-09-14,.5SP25,1205.2409
2020-09-15,.5SP25,1217.6368
2020-09-16,.5SP25,1205.2569
2020-09-17,.5SP25,1186.1262
2020-09-18,.5SP25,1168.997
2020-09-21,.5SP25,1156.1296
2020-09-22,.5SP25,1190.3177
2020-09-23,.5SP25,1163.6605
2020-09-24,.5SP25,1165.1342
2020-09-25,.5SP25,1183.4048
2020-09-28,.5SP25,1209.2052
2020-09-29,.5SP25,1199.7048
2020-09-30,.5SP25,1207.693
2020-10-01,.5SP25,1226.0052
2020-10-02,.5SP25,1213.0953
2020-10-05,.5SP25,1232.4764
2020-10-06,.5SP25,1206.2371
2020-10-07,.5SP25,1235.9895
2020-10-08,.5SP25,1241.4687
2020-10-09,.5SP25,1260.0814
2020-10-12,.5SP25,1287.1443
2020-10-13,.5SP25,1287.5651
2020-10-14,.5SP25,1269.1881
2020-10-15,.5SP25,1270.2988
2020-10-16,.5SP25,1257.8032
2020-10-19,.5SP25,1238.0045
2020-10-20,.5SP25,1246.1861
2020-10-21,.5SP25,1238.3392
2020-10-22,.5SP25,1238.9416
2020-10-23,.5SP25,1249.9526
2020-10-26,.5SP25,1231.9978
2020-10-27,.5SP25,1239.0595
2020-10-28,.5SP25,1197.4221
2020-10-29,.5SP25,1208.2964
2020-10-30,.5SP25,1172.0303
2020-11-02,.5SP25,1175.5563
2020-11-03,.5SP25,1199.3805
2020-11-04,.5SP25,1237.0248
2020-11-05,.5SP25,1262.0514
2020-11-06,.5SP25,1258.6298
2020-11-09,.5SP25,1238.5607
2020-11-10,.5SP25,1224.7819
2020-11-11,.5SP25,1243.1832
2020-11-12,.5SP25,1228.5069
2020-11-13,.5SP25,1244.7776
2020-11-16,.5SP25,1257.5299
2020-11-17,.5SP25,1253.7026
2020-11-18,.5SP25,1243.9787
2020-11-19,.5SP25,1249.6756
2020-11-20,.5SP25,1243.3103
2020-11-23,.5SP25,1253.3601
2020-11-24,.5SP25,1269.9253
2020-11-25,.5SP25,1277.2707
2020-11-25,.5SP25,1277.2707
2020-11-27,.5SP25,1280.154
2020-11-30,.5SP25,1271.4247
2020-12-01,.5SP25,1283.9735
2020-12-02,.5SP25,1275.018
2020-12-03,.5SP25,1276.4705
2020-12-04,.5SP25,1274.7811
2020-12-07,.5SP25,1272.1773
2020-12-08,.5SP25,1271.6038
2020-12-09,.5SP25,1265.0665
2020-12-10,.5SP25,1263.447
2020-12-11,.5SP25,1259.8074
2020-12-14,.5SP25,1265.5397
2020-12-15,.5SP25,1278.8348
2020-12-16,.5SP25,1292.5252
2020-12-17,.5SP25,1298.6263
2020-12-18,.5SP25,1289.0399
2020-12-21,.5SP25,1279.1023
2020-12-22,.5SP25,1274.467
2020-12-23,.5SP25,1275.4036
2020-12-24,.5SP25,1277.2832
2020-12-24,.5SP25,1277.2832
2020-12-28,.5SP25,1296.0451
2020-12-29,.5SP25,1298.8555
2020-12-30,.5SP25,1302.7572
2020-12-31,.5SP25,1302.5611
2020-12-31,.5SP25,1302.5611
2021-01-04,.5SP25,1287.8479
2021-01-05,.5SP25,1298.6477
2021-01-06,.5SP25,1305.2138
2021-01-07,.5SP25,1328.6685
2021-01-08,.5SP25,1352.5296
2021-01-11,.5SP25,1326.9972
2021-01-12,.5SP25,1344.3813
2021-01-13,.5SP25,1347.1399
2021-01-14,.5SP25,1337.2294
2021-01-15,.5SP25,1327.1395
2021-01-15,.5SP25,1327.1395
2021-01-19,.5SP25,1334.8124
2021-01-20,.5SP25,1364.9949
2021-01-21,.5SP25,1372.5253
2021-01-22,.5SP25,1368.1283
2021-01-25,.5SP25,1372.3532
2021-01-26,.5SP25,1373.1209
2021-01-27,.5SP25,1330.2029
2021-01-28,.5SP25,1335.3731
2021-01-29,.5SP25,1307.6394
2021-02-01,.5SP25,1343.8453
2021-02-02,.5SP25,1370.7552
2021-02-03,.5SP25,1360.2763
2021-02-04,.5SP25,1373.378
2021-02-05,.5SP25,1385.9607
2021-02-08,.5SP25,1391.3585
2021-02-09,.5SP25,1383.3664
2021-02-10,.5SP25,1370.3325
2021-02-11,.5SP25,1366.1688
2021-02-12,.5SP25,1368.5293
2021-02-12,.5SP25,1368.5293
2021-02-16,.5SP25,1362.485
2021-02-17,.5SP25,1371.356
2021-02-18,.5SP25,1373.2476
2021-02-19,.5SP25,1361.1375
2021-02-22,.5SP25,1331.8795
2021-02-23,.5SP25,1325.4092
2021-02-24,.5SP25,1335.2684
2021-02-25,.5SP25,1287.057
2021-02-26,.5SP25,1294.4679
2021-03-01,.5SP25,1322.6121
2021-03-02,.5SP25,1305.7691
2021-03-03,.5SP25,1274.6772
2021-03-04,.5SP25,1248.922
2021-03-05,.5SP25,1257.9103
2021-03-08,.5SP25,1255.5516
2021-03-09,.5SP25,1303.3193
2021-03-10,.5SP25,1308.3421
2021-03-11,.5SP25,1328.7485
2021-03-12,.5SP25,1330.1307
2021-03-15,.5SP25,1345.7579
2021-03-16,.5SP25,1334.0699
2021-03-17,.5SP25,1352.8193
2021-03-18,.5SP25,1317.6619
2021-03-19,.5SP25,1328.1592
2021-03-22,.5SP25,1336.8095
2021-03-23,.5SP25,1327.2331
2021-03-24,.5SP25,1307.0996
2021-03-25,.5SP25,1314.7848
2021-03-26,.5SP25,1325.3363
2021-03-29,.5SP25,1320.0054
2021-03-30,.5SP25,1329.929
2021-03-31,.5SP25,1340.9147
2021-04-01,.5SP25,1354.1313
2021-04-01,.5SP25,1354.1313
2021-04-05,.5SP25,1384.9963
2021-04-06,.5SP25,1389.5641
2021-04-07,.5SP25,1388.6409
2021-04-08,.5SP25,1395.2658
2021-04-09,.5SP25,1411.4477
2021-04-12,.5SP25,1419.3023
2021-04-13,.5SP25,1434.0022
2021-04-14,.5SP25,1417.1663
2021-04-15,.5SP25,1428.9998
2021-04-16,.5SP25,1440.1871
2021-04-19,.5SP25,1423.7742
2021-04-20,.5SP25,1406.3673
2021-04-21,.5SP25,1424.5643
2021-04-22,.5SP25,1408.016
2021-04-23,.5SP25,1422.4962
2021-04-26,.5SP25,1431.3504
2021-04-27,.5SP25,1429.9202
2021-04-28,.5SP25,1429.919
2021-04-29,.5SP25,1431.564
2021-04-30,.5SP25,1435.8899
2021-05-03,.5SP25,1426.3957
2021-05-04,.5SP25,1408.7351
2021-05-05,.5SP25,1403.426
2021-05-06,.5SP25,1407.9077
2021-05-07,.5SP25,1419.1073
2021-05-10,.5SP25,1391.392
2021-05-11,.5SP25,1378.5706
2021-05-12,.5SP25,1333.3408
2021-05-13,.5SP25,1342.5502
2021-05-14,.5SP25,1366.6951
2021-05-17,.5SP25,1366.2701
2021-05-18,.5SP25,1355.2817
2021-05-19,.5SP25,1345.154
2021-05-20,.5SP25,1357.9741
2021-05-21,.5SP25,1349.9928
2021-05-24,.5SP25,1363.7053
2021-05-25,.5SP25,1368.1684
2021-05-26,.5SP25,1380.4453
2021-05-27,.5SP25,1383.2223
2021-05-28,.5SP25,1380.079
2021-05-28,.5SP25,1380.079
2021-06-01,.5SP25,1377.6004
2021-06-02,.5SP25,1372.0895
2021-06-03,.5SP25,1355.3354
2021-06-04,.5SP25,1366.3864
2021-06-07,.5SP25,1365.6913
2021-06-08,.5SP25,1378.8317
2021-06-09,.5SP25,1372.4606
2021-06-10,.5SP25,1381.8855
2021-06-11,.5SP25,1388.5856
2021-06-14,.5SP25,1390.1837
2021-06-15,.5SP25,1383.5883
2021-06-16,.5SP25,1385.8141
2021-06-17,.5SP25,1394.1725
2021-06-18,.5SP25,1387.6642
2021-06-21,.5SP25,1395.0452
2021-06-22,.5SP25,1409.6095
2021-06-23,.5SP25,1418.423
2021-06-24,.5SP25,1419.6674
2021-06-25,.5SP25,1424.0411
2021-06-28,.5SP25,1427.9253
2021-06-29,.5SP25,1431.1811
2021-06-30,.5SP25,1431.815
2021-07-01,.5SP25,1438.0052
2021-07-02,.5SP25,1453.5101
2021-07-02,.5SP25,1453.5101
2021-07-06,.5SP25,1464.3453
2021-07-07,.5SP25,1464.2225
2021-07-08,.5SP25,1462.8981
2021-07-09,.5SP25,1474.5198
2021-07-12,.5SP25,1483.202
2021-07-13,.5SP25,1465.766
2021-07-14,.5SP25,1463.2654
2021-07-15,.5SP25,1453.8891
2021-07-16,.5SP25,1435.667
2021-07-19,.5SP25,1419.468
2021-07-20,.5SP25,1443.8991
2021-07-21,.5SP25,1455.6288
2021-07-22,.5SP25,1464.1004
2021-07-23,.5SP25,1476.6152
2021-07-26,.5SP25,1487.9568
2021-07-27,.5SP25,1470.7175
2021-07-28,.5SP25,1467.3726
2021-07-29,.5SP25,1479.771
2021-07-30,.5SP25,1438.7063
2021-08-02,.5SP25,1442.7334
2021-08-03,.5SP25,1453.8551
2021-08-04,.5SP25,1441.6031
2021-08-05,.5SP25,1454.7744
2021-08-06,.5SP25,1444.085
2021-08-09,.5SP25,1442.1487
2021-08-10,.5SP25,1445.7606
2021-08-11,.5SP25,1447.5276
2021-08-12,.5SP25,1448.942
2021-08-13,.5SP25,1444.7014
2021-08-16,.5SP25,1439.2444
2021-08-17,.5SP25,1406.0346
2021-08-18,.5SP25,1408.0789
2021-08-19,.5SP25,1399.3086
2021-08-20,.5SP25,1412.3378
2021-08-23,.5SP25,1431.4792
2021-08-24,.5SP25,1442.3933
2021-08-25,.5SP25,1446.9135
2021-08-26,.5SP25,1436.3351
2021-08-27,.5SP25,1449.2802
2021-08-30,.5SP25,1462.6074
2021-08-31,.5SP25,1468.0894
2021-09-01,.5SP25,1467.6655
2021-09-02,.5SP25,1466.6037
2021-09-03,.5SP25,1466.7092
2021-09-03,.5SP25,1466.7092
2021-09-07,.5SP25,1472.0405
2021-09-08,.5SP25,1474.3411
2021-09-09,.5SP25,1470.2681
2021-09-10,.5SP25,1461.865
2021-09-13,.5SP25,1463.9254
2021-09-14,.5SP25,1459.1269
2021-09-15,.5SP25,1468.7398
2021-09-16,.5SP25,1475.266
2021-09-17,.5SP25,1469.6888
2021-09-20,.5SP25,1434.897
2021-09-21,.5SP25,1436.0943
2021-09-22,.5SP25,1454.9717
2021-09-23,.5SP25,1469.7661
2021-09-24,.5SP25,1474.2851
2021-09-27,.5SP25,1479.9615
2021-09-28,.5SP25,1450.275
2021-09-29,.5SP25,1450.9302
2021-09-30,.5SP25,1429.6858
2021-10-01,.5SP25,1438.5124
2021-10-04,.5SP25,1423.1708
2021-10-05,.5SP25,1430.4885
2021-10-06,.5SP25,1436.4689
2021-10-07,.5SP25,1458.0302
2021-10-08,.5SP25,1451.3677
2021-10-11,.5SP25,1444.3768
2021-10-12,.5SP25,1454.2432
2021-10-13,.5SP25,1462.4766
2021-10-14,.5SP25,1476.8913
2021-10-15,.5SP25,1502.8734
2021-10-18,.5SP25,1520.8983
2021-10-19,.5SP25,1516.5313
2021-10-20,.5SP25,1514.2296
2021-10-21,.5SP25,1535.1978
2021-10-22,.5SP25,1525.0294
2021-10-25,.5SP25,1557.2798
2021-10-26,.5SP25,1560.9644
2021-10-27,.5SP25,1564.7282
2021-10-28,.5SP25,1586.1128
2021-10-29,.5SP25,1585.7185
2021-11-01,.5SP25,1608.7985
2021-11-02,.5SP25,1598.8068
2021-11-03,.5SP25,1628.2229
2021-11-04,.5SP25,1652.4525
2021-11-05,.5SP25,1664.8863
2021-11-08,.5SP25,1641.8834
2021-11-09,.5SP25,1619.7123
2021-11-10,.5SP25,1608.6944
2021-11-11,.5SP25,1604.6182
2021-11-12,.5SP25,1611.8226
2021-11-15,.5SP25,1611.3876
2021-11-16,.5SP25,1633.5542
2021-11-17,.5SP25,1643.1378
2021-11-18,.5SP25,1667.617
2021-11-19,.5SP25,1673.2661
2021-11-22,.5SP25,1664.4218
2021-11-23,.5SP25,1653.9616
2021-11-24,.5SP25,1656.6151
2021-11-24,.5SP25,1656.6151
2021-11-26,.5SP25,1612.8729
2021-11-29,.5SP25,1639.0902
2021-11-30,.5SP25,1615.832
2021-12-01,.5SP25,1585.7253
2021-12-02,.5SP25,1604.2361
2021-12-03,.5SP25,1574.7366
2021-12-06,.5SP25,1592.3427
2021-12-07,.5SP25,1629.9128
2021-12-08,.5SP25,1634.4503
2021-12-09,.5SP25,1606.7215
2021-12-10,.5SP25,1614.4437
2021-12-13,.5SP25,1574.9976
2021-12-14,.5SP25,1565.8003
2021-12-15,.5SP25,1588.0471
2021-12-16,.5SP25,1552.6356
2021-12-17,.5SP25,1545.0624
2021-12-20,.5SP25,1519.5332
2021-12-21,.5SP25,1557.4465
2021-12-22,.5SP25,1584.4003
2021-12-23,.5SP25,1604.0962
2021-12-23,.5SP25,1604.0962
2021-12-27,.5SP25,1617.4466
2021-12-28,.5SP25,1619.3356
2021-12-29,.5SP25,1621.5602
2021-12-30,.5SP25,1615.4202
2021-12-31,.5SP25,1610.756
2022-01-03,.5SP25,1655.1665
2022-01-04,.5SP25,1644.0717
2022-01-05,.5SP25,1600.6072
2022-01-06,.5SP25,1595.3582
2022-01-07,.5SP25,1569.017
2022-01-10,.5SP25,1559.6812
2022-01-11,.5SP25,1575.8168
2022-01-12,.5SP25,1585.8064
2022-01-13,.5SP25,1552.8596
2022-01-14,.5SP25,1545.8978
2022-01-14,.5SP25,1545.8978
2022-01-18,.5SP25,1516.2249
2022-01-19,.5SP25,1488.8435
2022-01-20,.5SP25,1459.9158
2022-01-21,.5SP25,1414.665
2022-01-24,.5SP25,1431.8293
2022-01-25,.5SP25,1405.8987
2022-01-26,.5SP25,1401.3458
2022-01-27,.5SP25,1369.5202
2022-01-28,.5SP25,1401.0737
2022-01-31,.5SP25,1454.4541
2022-02-01,.5SP25,1463.5636
2022-02-02,.5SP25,1455.8732
2022-02-03,.5SP25,1403.8937
2022-02-04,.5SP25,1456.3321
2022-02-07,.5SP25,1453.1748
2022-02-08,.5SP25,1474.9781
2022-02-09,.5SP25,1491.3841
2022-02-10,.5SP25,1464.9032
2022-02-11,.5SP25,1423.5213
2022-02-14,.5SP25,1431.8146
2022-02-15,.5SP25,1461.5615
2022-02-16,.5SP25,1465.4524
2022-02-17,.5SP25,1427.7958
2022-02-18,.5SP25,1417.7415
2022-02-18,.5SP25,1417.7415
2022-02-22,.5SP25,1374.6221
2022-02-23,.5SP25,1327.6319
2022-02-24,.5SP25,1361.3933
2022-02-25,.5SP25,1387.0772
2022-02-28,.5SP25,1395.4633
2022-03-01,.5SP25,1376.7499
2022-03-02,.5SP25,1403.5085
2022-03-03,.5SP25,1371.3321
2022-03-04,.5SP25,1350.603
2022-03-07,.5SP25,1285.7936
2022-03-08,.5SP25,1286.5107
2022-03-09,.5SP25,1324.2317
2022-03-10,.5SP25,1339.5884
2022-03-11,.5SP25,1315.581
2022-03-14,.5SP25,1292.5547
2022-03-15,.5SP25,1336.3366
2022-03-16,.5SP25,1381.1209
2022-03-17,.5SP25,1406.8649
2022-03-18,.5SP25,1437.5222
2022-03-21,.5SP25,1426.6166
2022-03-22,.5SP25,1461.5099
2022-03-23,.5SP25,1443.5187
2022-03-24,.5SP25,1454.1016
2022-03-25,.5SP25,1452.8484
2022-03-28,.5SP25,1491.6682
2022-03-29,.5SP25,1514.6659
2022-03-30,.5SP25,1491.7351
2022-03-31,.5SP25,1462.6901
2022-04-01,.5SP25,1465.8086
2022-04-04,.5SP25,1499.9315
2022-04-05,.5SP25,1464.6569
2022-04-06,.5SP25,1426.1073
2022-04-07,.5SP25,1431.6669
2022-04-08,.5SP25,1417.7912
2022-04-11,.5SP25,1390.9343
2022-04-12,.5SP25,1393.7253
2022-04-13,.5SP25,1428.7291
2022-04-14,.5SP25,1406.2806
2022-04-14,.5SP25,1406.2806
2022-04-18,.5SP25,1411.0118
2022-04-19,.5SP25,1452.086
2022-04-20,.5SP25,1432.4034
2022-04-21,.5SP25,1414.7494
2022-04-22,.5SP25,1381.1577
2022-04-25,.5SP25,1391.8758
2022-04-26,.5SP25,1322.4685
2022-04-27,.5SP25,1321.5269
2022-04-28,.5SP25,1352.1815
2022-04-29,.5SP25,1272.1466
2022-05-02,.5SP25,1289.4595
2022-05-03,.5SP25,1285.708
2022-05-04,.5SP25,1322.3866
2022-05-05,.5SP25,1245.4943
2022-05-06,.5SP25,1229.2238
2022-05-09,.5SP25,1176.8993
2022-05-10,.5SP25,1173.3996
2022-05-11,.5SP25,1131.554
2022-05-12,.5SP25,1140.5451
2022-05-13,.5SP25,1187.298
2022-05-16,.5SP25,1162.1749
2022-05-17,.5SP25,1193.2962
2022-05-18,.5SP25,1114.5729
2022-05-19,.5SP25,1116.0131
2022-05-20,.5SP25,1098.9129
2022-05-23,.5SP25,1105.9132
2022-05-24,.5SP25,1077.3945
2022-05-25,.5SP25,1107.371
2022-05-26,.5SP25,1160.2705
2022-05-27,.5SP25,1200.5025
2022-05-27,.5SP25,1200.5025
2022-05-31,.5SP25,1209.6847
2022-06-01,.5SP25,1199.4858
2022-06-02,.5SP25,1235.7947
2022-06-03,.5SP25,1200.5633
2022-06-06,.5SP25,1212.9017
2022-06-07,.5SP25,1208.3952
2022-06-08,.5SP25,1200.1802
2022-06-09,.5SP25,1176.7022
2022-06-10,.5SP25,1127.7186
2022-06-13,.5SP25,1075.1989
2022-06-14,.5SP25,1072.5499
2022-06-15,.5SP25,1104.9697
2022-06-16,.5SP25,1052.3818
2022-06-17,.5SP25,1065.2119
2022-06-17,.5SP25,1065.2119
2022-06-21,.5SP25,1095.2723
2022-06-22,.5SP25,1093.7628
2022-06-23,.5SP25,1111.475
2022-06-24,.5SP25,1153.04
2022-06-27,.5SP25,1140.5276
2022-06-28,.5SP25,1094.5769
2022-06-29,.5SP25,1094.6486
2022-06-30,.5SP25,1077.7793
2022-07-01,.5SP25,1098.9563
2022-07-01,.5SP25,1098.9563
2022-07-05,.5SP25,1124.003
2022-07-06,.5SP25,1121.2972
2022-07-07,.5SP25,1149.1606
2022-07-08,.5SP25,1148.9694
2022-07-11,.5SP25,1117.2324
2022-07-12,.5SP25,1109.0786
2022-07-13,.5SP25,1118.6174
2022-07-14,.5SP25,1117.8991
2022-07-15,.5SP25,1136.9714
2022-07-18,.5SP25,1139.4467
2022-07-19,.5SP25,1174.6218
2022-07-20,.5SP25,1195.355
2022-07-21,.5SP25,1222.2119
2022-07-22,.5SP25,1214.1774
2022-07-25,.5SP25,1203.8825
2022-07-26,.5SP25,1164.0859
2022-07-27,.5SP25,1208.9058
2022-07-28,.5SP25,1229.0651
2022-07-29,.5SP25,1281.5086
2022-08-01,.5SP25,1288.0748
2022-08-02,.5SP25,1279.0147
2022-08-03,.5SP25,1311.1866
2022-08-04,.5SP25,1318.3015
2022-08-05,.5SP25,1296.4532
2022-08-08,.5SP25,1300.2893
2022-08-09,.5SP25,1280.3189
2022-08-10,.5SP25,1317.1125
2022-08-11,.5SP25,1308.4078
2022-08-12,.5SP25,1338.4482
2022-08-15,.5SP25,1346.5985
2022-08-16,.5SP25,1361.2774
2022-08-17,.5SP25,1346.0181
2022-08-18,.5SP25,1345.5043
2022-08-19,.5SP25,1317.2546
2022-08-22,.5SP25,1279.8013
2022-08-23,.5SP25,1283.9105
2022-08-24,.5SP25,1288.6911
2022-08-25,.5SP25,1305.3434
2022-08-26,.5SP25,1254.7138
2022-08-29,.5SP25,1247.9063
2022-08-30,.5SP25,1234.0584
2022-08-31,.5SP25,1221.0621
2022-09-01,.5SP25,1231.6252
2022-09-02,.5SP25,1221.2968
2022-09-02,.5SP25,1221.2968
2022-09-06,.5SP25,1217.2558
2022-09-07,.5SP25,1254.6985
2022-09-08,.5SP25,1265.8527
2022-09-09,.5SP25,1289.975
2022-09-12,.5SP25,1307.3271
2022-09-13,.5SP25,1239.1443
2022-09-14,.5SP25,1255.1955
2022-09-15,.5SP25,1246.8356
2022-09-16,.5SP25,1236.3988
2022-09-19,.5SP25,1253.0058
2022-09-20,.5SP25,1231.8609
2022-09-21,.5SP25,1202.6375
2022-09-22,.5SP25,1176.6302
2022-09-23,.5SP25,1149.6402
2022-09-26,.5SP25,1147.573
2022-09-27,.5SP25,1150.9201
2022-09-28,.5SP25,1183.2087
2022-09-29,.5SP25,1143.2499
2022-09-30,.5SP25,1122.3128
2022-10-03,.5SP25,1125.0438
2022-10-04,.5SP25,1165.0393
2022-10-05,.5SP25,1158.7107
2022-10-06,.5SP25,1150.4727
2022-10-07,.5SP25,1109.7329
2022-10-10,.5SP25,1102.9479
2022-10-11,.5SP25,1093.9915
2022-10-12,.5SP25,1096.542
2022-10-13,.5SP25,1107.2688
2022-10-14,.5SP25,1064.3545
2022-10-17,.5SP25,1109.3701
2022-10-18,.5SP25,1125.103
2022-10-19,.5SP25,1111.8658
2022-10-20,.5SP25,1092.493
2022-10-21,.5SP25,1124.4195
2022-10-24,.5SP25,1129.7957
2022-10-25,.5SP25,1156.2601
2022-10-26,.5SP25,1144.0257
2022-10-27,.5SP25,1135.7815
2022-10-28,.5SP25,1132.3712
2022-10-31,.5SP25,1124.5232
2022-11-01,.5SP25,1109.3383
2022-11-02,.5SP25,1067.2634
2022-11-03,.5SP25,1057.8392
2022-11-04,.5SP25,1066.9578
2022-11-07,.5SP25,1060.3859
2022-11-08,.5SP25,1057.1778
2022-11-09,.5SP25,1024.2371
2022-11-10,.5SP25,1103.0742
2022-11-11,.5SP25,1130.2337
2022-11-14,.5SP25,1110.9306
2022-11-15,.5SP25,1124.6926
2022-11-16,.5SP25,1108.2721
2022-11-17,.5SP25,1094.2155
2022-11-18,.5SP25,1094.6539
2022-11-21,.5SP25,1079.211
2022-11-22,.5SP25,1091.8884
2022-11-23,.5SP25,1106.3651
2022-11-23,.5SP25,1106.3651
2022-11-25,.5SP25,1107.0399
2022-11-28,.5SP25,1100.3847
2022-11-29,.5SP25,1095.4919
2022-11-30,.5SP25,1133.6465
2022-12-01,.5SP25,1132.4156
2022-12-02,.5SP25,1130.2858
2022-12-05,.5SP25,1096.9246
2022-12-06,.5SP25,1079.1163
2022-12-07,.5SP25,1073.9812
2022-12-08,.5SP25,1085.236
2022-12-09,.5SP25,1079.6196
2022-12-12,.5SP25,1083.7914
2022-12-13,.5SP25,1085.9256
2022-12-14,.5SP25,1078.0428
2022-12-15,.5SP25,1058.81
2022-12-16,.5SP25,1040.3955
2022-12-19,.5SP25,1023.1362
2022-12-20,.5SP25,1011.5671
2022-12-21,.5SP25,1027.5819
2022-12-22,.5SP25,1000.9675
2022-12-23,.5SP25,1008.0966
2022-12-23,.5SP25,1008.0966
2022-12-27,.5SP25,991.5471
2022-12-28,.5SP25,983.0622
2022-12-29,.5SP25,1008.3202
2022-12-30,.5SP25,1005.4831
2022-12-30,.5SP25,1005.4831
2023-01-03,.5SP25,999.5387
2023-01-04,.5SP25,1013.6719
2023-01-05,.5SP25,1004.0304
2023-01-06,.5SP25,1028.1028
2023-01-09,.5SP25,1033.9257
2023-01-10,.5SP25,1046.9703
2023-01-11,.5SP25,1075.0228
2023-01-12,.5SP25,1076.865
2023-01-13,.5SP25,1087.3525
2023-01-13,.5SP25,1087.3525
2023-01-17,.5SP25,1088.1061
2023-01-18,.5SP25,1073.9896
2023-01-19,.5SP25,1055.8118
2023-01-20,.5SP25,1081.8134
2023-01-23,.5SP25,1098.787
2023-01-24,.5SP25,1096.8965
2023-01-25,.5SP25,1102.8318
2023-01-26,.5SP25,1125.2398
2023-01-27,.5SP25,1150.8102
2023-01-30,.5SP25,1131.0947
2023-01-31,.5SP25,1156.2159
2023-02-01,.5SP25,1178.1023
2023-02-02,.5SP25,1214.4158
2023-02-03,.5SP25,1176.6689
2023-02-06,.5SP25,1175.1169
2023-02-07,.5SP25,1177.7037
2023-02-08,.5SP25,1167.1692
2023-02-09,.5SP25,1164.7487
2023-02-10,.5SP25,1150.5479
2023-02-13,.5SP25,1167.3706
2023-02-14,.5SP25,1181.1053
2023-02-15,.5SP25,1194.8529
2023-02-16,.5SP25,1168.9945
2023-02-17,.5SP25,1169.446
2023-02-17,.5SP25,1169.446
2023-02-21,.5SP25,1130.3775
2023-02-22,.5SP25,1136.2128
2023-02-23,.5SP25,1135.2144
2023-02-24,.5SP25,1117.4727
2023-02-27,.5SP25,1130.6304
2023-02-28,.5SP25,1130.0088
2023-03-01,.5SP25,1115.4913
2023-03-02,.5SP25,1111.9503
2023-03-03,.5SP25,1135.4953
2023-03-06,.5SP25,1127.4501
2023-03-07,.5SP25,1112.0541
2023-03-08,.5SP25,1109.1937
2023-03-09,.5SP25,1083.0284
2023-03-10,.5SP25,1072.4281
2023-03-13,.5SP25,1074.9035
2023-03-14,.5SP25,1093.2351
2023-03-15,.5SP25,1090.94
2023-03-16,.5SP25,1111.482
2023-03-17,.5SP25,1097.665
2023-03-20,.5SP25,1101.9493
2023-03-21,.5SP25,1131.8374
2023-03-22,.5SP25,1106.9415
2023-03-23,.5SP25,1106.3851
2023-03-24,.5SP25,1102.4697
2023-03-27,.5SP25,1104.4383
2023-03-28,.5SP25,1103.1973
2023-03-29,.5SP25,1124.2237
2023-03-30,.5SP25,1134.3016
2023-03-31,.5SP25,1163.981
2023-04-03,.5SP25,1153.351
2023-04-04,.5SP25,1152.5241
2023-04-05,.5SP25,1129.0348
2023-04-06,.5SP25,1129.5882
2023-04-06,.5SP25,1129.5882
2023-04-10,.5SP25,1134.3935
2023-04-11,.5SP25,1134.5704
2023-04-12,.5SP25,1117.0924
2023-04-13,.5SP25,1142.9343
2023-04-14,.5SP25,1144.4029
2023-04-17,.5SP25,1152.1521
2023-04-18,.5SP25,1153.5877
2023-04-19,.5SP25,1153.8542
2023-04-20,.5SP25,1136.781
2023-04-21,.5SP25,1150.4698
2023-04-24,.5SP25,1149.6351
2023-04-25,.5SP25,1126.0983
2023-04-26,.5SP25,1121.8093
2023-04-27,.5SP25,1152.85
2023-04-28,.5SP25,1152.4157
2023-05-01,.5SP25,1140.1515
2023-05-02,.5SP25,1141.9414
2023-05-03,.5SP25,1133.7906
2023-05-04,.5SP25,1125.8985
2023-05-05,.5SP25,1148.3997
2023-05-08,.5SP25,1151.9012
2023-05-09,.5SP25,1152.0973
2023-05-10,.5SP25,1159.3409
2023-05-11,.5SP25,1165.7336
2023-05-12,.5SP25,1155.3618
2023-05-15,.5SP25,1156.9792
2023-05-16,.5SP25,1154.0475
2023-05-17,.5SP25,1177.5881
2023-05-18,.5SP25,1195.7471
2023-05-19,.5SP25,1185.7309
2023-05-22,.5SP25,1181.3723
2023-05-23,.5SP25,1171.0881
2023-05-24,.5SP25,1168.3754
2023-05-25,.5SP25,1162.342
2023-05-26,.5SP25,1190.0108
2023-05-26,.5SP25,1190.0108
2023-05-30,.5SP25,1199.0249
2023-05-31,.5SP25,1188.0449
2023-06-01,.5SP25,1202.5033
2023-06-02,.5SP25,1228.9222
2023-06-05,.5SP25,1233.1864
2023-06-06,.5SP25,1245.4352
2023-06-07,.5SP25,1234.1426
2023-06-08,.5SP25,1253.4471
2023-06-09,.5SP25,1258.9405
2023-06-12,.5SP25,1280.7852
2023-06-13,.5SP25,1293.6525
2023-06-14,.5SP25,1292.2336
2023-06-15,.5SP25,1301.0388
2023-06-16,.5SP25,1298.6524
2023-06-16,.5SP25,1298.6524
2023-06-20,.5SP25,1308.3925
2023-06-21,.5SP25,1293.0731
2023-06-22,.5SP25,1312.9056
2023-06-23,.5SP25,1298.3963
2023-06-26,.5SP25,1282.197
2023-06-27,.5SP25,1308.5818
2023-06-28,.5SP25,1311.8364
2023-06-29,.5SP25,1312.578
2023-06-30,.5SP25,1330.5404
2023-07-03,.5SP25,1344.836
2023-07-03,.5SP25,1344.836
2023-07-05,.5SP25,1345.9663
2023-07-06,.5SP25,1323.8186
2023-07-07,.5SP25,1326.1659
2023-07-10,.5SP25,1327.596
2023-07-11,.5SP25,1338.9869
2023-07-12,.5SP25,1351.8077
2023-07-13,.5SP25,1366.4146
2023-07-14,.5SP25,1370.1031
2023-07-17,.5SP25,1374.4599
2023-07-18,.5SP25,1378.2511
2023-07-19,.5SP25,1385.453
2023-07-20,.5SP25,1338.3401
2023-07-21,.5SP25,1338.8272
2023-07-24,.5SP25,1345.8437
2023-07-25,.5SP25,1342.7963
2023-07-26,.5SP25,1341.9566
2023-07-27,.5SP25,1330.3371
2023-07-28,.5SP25,1354.9912
2023-07-31,.5SP25,1362.524
2023-08-01,.5SP25,1346.8827
2023-08-02,.5SP25,1322.0516
2023-08-03,.5SP25,1326.5913
2023-08-04,.5SP25,1351.9018
2023-08-07,.5SP25,1366.7573
2023-08-08,.5SP25,1354.8961
2023-08-09,.5SP25,1338.6352
2023-08-10,.5SP25,1342.3215
2023-08-11,.5SP25,1338.5277
2023-08-14,.5SP25,1343.8045
2023-08-15,.5SP25,1325.4052
2023-08-16,.5SP25,1308.5496
2023-08-17,.5SP25,1287.8326
2023-08-18,.5SP25,1283.6723
2023-08-21,.5SP25,1298.4033
2023-08-22,.5SP25,1299.5794
2023-08-23,.5SP25,1310.3693
2023-08-24,.5SP25,1284.0724
2023-08-25,.5SP25,1298.2116
2023-08-28,.5SP25,1302.9791
2023-08-29,.5SP25,1333.6401
2023-08-30,.5SP25,1338.0391
2023-08-31,.5SP25,1344.813
2023-09-01,.5SP25,1337.5236
2023-09-01,.5SP25,1337.5236
2023-09-05,.5SP25,1336.3622
2023-09-06,.5SP25,1323.3825
2023-09-07,.5SP25,1330.0231
2023-09-08,.5SP25,1330.4626
2023-09-11,.5SP25,1367.3088
2023-09-12,.5SP25,1355.0718
2023-09-13,.5SP25,1367.2225
2023-09-14,.5SP25,1379.2138
2023-09-15,.5SP25,1353.3108
2023-09-18,.5SP25,1339.6827
2023-09-19,.5SP25,1331.0123
2023-09-20,.5SP25,1316.4683
2023-09-21,.5SP25,1278.5654
2023-09-22,.5SP25,1267.4002
2023-09-25,.5SP25,1275.8421
2023-09-26,.5SP25,1249.9765
2023-09-27,.5SP25,1245.2416
2023-09-28,.5SP25,1257.2989
2023-09-29,.5SP25,1263.996
2023-10-02,.5SP25,1267.5988
2023-10-03,.5SP25,1234.7238
2023-10-04,.5SP25,1259.1003
2023-10-05,.5SP25,1251.9535
2023-10-06,.5SP25,1260.715
2023-10-09,.5SP25,1262.9764
2023-10-10,.5SP25,1276.751
2023-10-11,.5SP25,1282.9025
2023-10-12,.5SP25,1270.6631
2023-10-13,.5SP25,1252.1562
2023-10-16,.5SP25,1272.8147
2023-10-17,.5SP25,1273.5857
2023-10-18,.5SP25,1243.9333
2023-10-19,.5SP25,1216.5503
2023-10-20,.5SP25,1196.3931
2023-10-23,.5SP25,1198.9527
2023-10-24,.5SP25,1211.3928
2023-10-25,.5SP25,1182.2927
2023-10-26,.5SP25,1163.8114
2023-10-27,.5SP25,1183.5692
2023-10-30,.5SP25,1198.5286
2023-10-31,.5SP25,1207.0279
2023-11-01,.5SP25,1224.3474
2023-11-02,.5SP25,1253.6998
2023-11-03,.5SP25,1268.8565
2023-11-06,.5SP25,1271.1969
2023-11-07,.5SP25,1286.3012
2023-11-08,.5SP25,1283.0357
2023-11-09,.5SP25,1259.7188
2023-11-10,.5SP25,1280.5912
2023-11-13,.5SP25,1284.3092
2023-11-14,.5SP25,1326.9115
2023-11-15,.5SP25,1326.3888
2023-11-16,.5SP25,1314.3166
2023-11-17,.5SP25,1323.9309
2023-11-20,.5SP25,1330.7833
2023-11-21,.5SP25,1325.7769
2023-11-22,.5SP25,1332.3578
2023-11-22,.5SP25,1332.3578
2023-11-24,.5SP25,1334.1388
2023-11-27,.5SP25,1336.7061
2023-11-28,.5SP25,1343.8996
2023-11-29,.5SP25,1339.1374
2023-11-30,.5SP25,1336.9066
2023-12-01,.5SP25,1353.9353
2023-12-04,.5SP25,1347.6529
2023-12-05,.5SP25,1351.9183
2023-12-06,.5SP25,1351.4352
2023-12-07,.5SP25,1363.5414
2023-12-08,.5SP25,1369.4288
2023-12-11,.5SP25,1371.1341
2023-12-12,.5SP25,1376.6006
2023-12-13,.5SP25,1395.2204
2023-12-14,.5SP25,1410.2175
2023-12-15,.5SP25,1416.9622
2023-12-18,.5SP25,1428.1807
2023-12-19,.5SP25,1438.1998
2023-12-20,.5SP25,1413.1058
2023-12-21,.5SP25,1433.496
2023-12-22,.5SP25,1424.2082
2023-12-22,.5SP25,1424.2082
2023-12-26,.5SP25,1429.1883
2023-12-27,.5SP25,1432.9943
2023-12-28,.5SP25,1427.1357
2023-12-29,.5SP25,1418.0851
2023-12-29,.5SP25,1418.0851
2024-01-02,.5SP25,1405.0093
2024-01-03,.5SP25,1378.5649
2024-01-04,.5SP25,1365.2441
2024-01-05,.5SP25,1369.1604
2024-01-08,.5SP25,1393.36
2024-01-09,.5SP25,1391.4746
2024-01-10,.5SP25,1405.1634
2024-01-11,.5SP25,1404.7459
2024-01-12,.5SP25,1390.054
2024-01-12,.5SP25,1390.054
2024-01-16,.5SP25,1387.2255
2024-01-17,.5SP25,1374.5941
2024-01-18,.5SP25,1383.0865
2024-01-19,.5SP25,1397.2296
2024-01-22,.5SP25,1389.9854
2024-01-23,.5SP25,1388.0074
2024-01-24,.5SP25,1384.6538
2024-01-25,.5SP25,1370.1315
2024-01-26,.5SP25,1377.6694
2024-01-29,.5SP25,1396.5438
2024-01-30,.5SP25,1393.5072
2024-01-31,.5SP25,1367.6986
2024-02-01,.5SP25,1394.7271
2024-02-02,.5SP25,1429.5515
2024-02-05,.5SP25,1410.7453
2024-02-06,.5SP25,1415.9883
2024-02-07,.5SP25,1431.9155
2024-02-08,.5SP25,1436.1091
2024-02-09,.5SP25,1450.3078
2024-02-12,.5SP25,1446.306
2024-02-13,.5SP25,1417.9571
2024-02-14,.5SP25,1432.4409
2024-02-15,.5SP25,1445.1133
2024-02-16,.5SP25,1439.1076
2024-02-16,.5SP25,1439.1076
2024-02-20,.5SP25,1424.6454
2024-02-21,.5SP25,1434.9464
2024-02-22,.5SP25,1466.3244
2024-02-23,.5SP25,1461.2724
2024-02-26,.5SP25,1464.5852
2024-02-27,.5SP25,1467.3546
2024-02-28,.5SP25,1472.0439
2024-02-29,.5SP25,1485.305
2024-03-01,.5SP25,1491.0235
2024-03-04,.5SP25,1472.0293
2024-03-05,.5SP25,1452.7457
2024-03-06,.5SP25,1447.0835
2024-03-07,.5SP25,1459.6556
2024-03-08,.5SP25,1452.3936
2024-03-11,.5SP25,1445.2411
2024-03-12,.5SP25,1459.5891
2024-03-13,.5SP25,1458.025
2024-03-14,.5SP25,1451.6852
2024-03-15,.5SP25,1435.1008
2024-03-18,.5SP25,1443.979
2024-03-19,.5SP25,1456.4154
2024-03-20,.5SP25,1477.5855
2024-03-21,.5SP25,1484.4311
2024-03-22,.5SP25,1475.1323
2024-03-25,.5SP25,1471.9726
2024-03-26,.5SP25,1471.2936
2024-03-27,.5SP25,1487.5318
2024-03-28,.5SP25,1485.4875
2024-03-28,.5SP25,1485.4875
2024-04-01,.5SP25,1476.4718
2024-04-02,.5SP25,1457.6347
2024-04-03,.5SP25,1460.7993
2024-04-04,.5SP25,1443.885
2024-04-05,.5SP25,1457.5195
2024-04-08,.5SP25,1468.414
2024-04-09,.5SP25,1475.2089
2024-04-10,.5SP25,1457.6126
2024-04-11,.5SP25,1471.2524
2024-04-12,.5SP25,1447.5809
2024-04-15,.5SP25,1424.1507
2024-04-16,.5SP25,1416.7805
2024-04-17,.5SP25,1408.7647
2024-04-18,.5SP25,1398.8108
2024-04-19,.5SP25,1382.1369
2024-04-22,.5SP25,1391.2793
2024-04-23,.5SP25,1407.7394
2024-04-24,.5SP25,1414.7222
2024-04-25,.5SP25,1411.8967
2024-04-26,.5SP25,1430.4858
2024-04-29,.5SP25,1459.5735
2024-04-30,.5SP25,1420.8074
2024-05-01,.5SP25,1420.5648
2024-05-02,.5SP25,1443.0507
2024-05-03,.5SP25,1453.3334
2024-05-06,.5SP25,1468.7148
2024-05-07,.5SP25,1460.5215
2024-05-08,.5SP25,1454.5852
2024-05-09,.5SP25,1464.5837
2024-05-10,.5SP25,1455.722
2024-05-13,.5SP25,1452.5575
2024-05-14,.5SP25,1458.9269
2024-05-15,.5SP25,1458.8712
2024-05-16,.5SP25,1447.8688
2024-05-17,.5SP25,1454.9198
2024-05-20,.5SP25,1444.4474
2024-05-21,.5SP25,1451.4852
2024-05-22,.5SP25,1439.1898
2024-05-23,.5SP25,1417.3437
2024-05-24,.5SP25,1427.9758
2024-05-24,.5SP25,1427.9758
2024-05-28,.5SP25,1426.6715
2024-05-29,.5SP25,1418.7025
2024-05-30,.5SP25,1421.3092
2024-05-31,.5SP25,1423.5114
2024-06-03,.5SP25,1425.5299
2024-06-04,.5SP25,1427.9925
2024-06-05,.5SP25,1437.5138
2024-06-06,.5SP25,1451.4739
2024-06-07,.5SP25,1445.2937
2024-06-10,.5SP25,1452.6799
2024-06-11,.5SP25,1449.542
2024-06-12,.5SP25,1461.7809
2024-06-13,.5SP25,1458.789
2024-06-14,.5SP25,1449.1251
2024-06-17,.5SP25,1469.9192
2024-06-18,.5SP25,1463.7053
2024-06-18,.5SP25,1463.7053
2024-06-20,.5SP25,1470.3565
2024-06-21,.5SP25,1485.2878
2024-06-24,.5SP25,1474.3094
2024-06-25,.5SP25,1470.1588
2024-06-26,.5SP25,1499.3145
2024-06-27,.5SP25,1512.7682
2024-06-28,.5SP25,1492.1388
2024-07-01,.5SP25,1503.0719
2024-07-02,.5SP25,1530.2405
2024-07-03,.5SP25,1535.1146
2024-07-03,.5SP25,1535.1146
2024-07-05,.5SP25,1548.1192
2024-07-08,.5SP25,1548.0381
2024-07-09,.5SP25,1552.0272
2024-07-10,.5SP25,1562.1754
2024-07-11,.5SP25,1539.1538
2024-07-12,.5SP25,1553.9835
2024-07-15,.5SP25,1549.2139
2024-07-16,.5SP25,1572.5483
2024-07-17,.5SP25,1544.3159
2024-07-18,.5SP25,1524.5537
2024-07-19,.5SP25,1512.321
2024-07-22,.5SP25,1525.5032
2024-07-23,.5SP25,1525.743
2024-07-24,.5SP25,1466.3292
2024-07-25,.5SP25,1460.1034
2024-07-26,.5SP25,1477.2155
2024-07-29,.5SP25,1498.1625
2024-07-30,.5SP25,1489.9386
2024-07-31,.5SP25,1516.5808
2024-08-01,.5SP25,1482.3874
2024-08-02,.5SP25,1414.0065
2024-08-05,.5SP25,1370.5594
2024-08-06,.5SP25,1384.8683
2024-08-07,.5SP25,1364.9066
2024-08-08,.5SP25,1394.0165
2024-08-09,.5SP25,1399.6796
2024-08-12,.5SP25,1394.6327
2024-08-13,.5SP25,1428.4215
2024-08-14,.5SP25,1422.6029
2024-08-15,.5SP25,1470.6339
2024-08-16,.5SP25,1472.6624
2024-08-19,.5SP25,1489.3895
2024-08-20,.5SP25,1489.1158
2024-08-21,.5SP25,1506.6302
2024-08-22,.5SP25,1478.4372
2024-08-23,.5SP25,1503.5733
2024-08-26,.5SP25,1491.4348
2024-08-27,.5SP25,1484.4123
2024-08-28,.5SP25,1468.8873
2024-08-29,.5SP25,1471.8396
2024-08-30,.5SP25,1500.1576
2024-08-30,.5SP25,1500.1576
2024-09-03,.5SP25,1479.2984
2024-09-04,.5SP25,1478.4908
2024-09-05,.5SP25,1499.3279
2024-09-06,.5SP25,1457.2487
2024-09-09,.5SP25,1480.9979
2024-09-10,.5SP25,1501.6265
2024-09-11,.5SP25,1521.4842
2024-09-12,.5SP25,1538.9465
2024-09-13,.5SP25,1546.7812
2024-09-16,.5SP25,1541.8405
2024-09-17,.5SP25,1551.3528
2024-09-18,.5SP25,1548.428
2024-09-19,.5SP25,1582.4474
2024-09-20,.5SP25,1582.2183
2024-09-23,.5SP25,1602.8088
2024-09-24,.5SP25,1615.0301
2024-09-25,.5SP25,1608.9707
2024-09-26,.5SP25,1611.1538
2024-09-27,.5SP25,1609.9188
2024-09-30,.5SP25,1605.4118
2024-10-01,.5SP25,1597.2498
2024-10-02,.5SP25,1584.8424
2024-10-03,.5SP25,1564.6302
2024-10-04,.5SP25,1589.9677
2024-10-07,.5SP25,1559.4456
2024-10-08,.5SP25,1575.6313
2024-10-09,.5SP25,1587.0784
2024-10-10,.5SP25,1583.0034
2024-10-11,.5SP25,1576.5241
2024-10-14,.5SP25,1580.3142
2024-10-15,.5SP25,1583.5094
2024-10-16,.5SP25,1588.5794
2024-10-17,.5SP25,1588.6
2024-10-18,.5SP25,1595.7807
2024-10-21,.5SP25,1585.5379
2024-10-22,.5SP25,1581.2099
2024-10-23,.5SP25,1552.437
2024-10-24,.5SP25,1602.7378
2024-10-25,.5SP25,1610.513
2024-10-28,.5SP25,1612.481
2024-10-29,.5SP25,1609.2604
2024-10-30,.5SP25,1609.4441
2024-10-31,.5SP25,1580.2412
2024-11-01,.5SP25,1618.2163
2024-11-04,.5SP25,1608.371
2024-11-05,.5SP25,1637.7503
2024-11-06,.5SP25,1697.056
2024-11-07,.5SP25,1720.3896
2024-11-08,.5SP25,1741.5121
2024-11-11,.5SP25,1772.0745
2024-11-12,.5SP25,1752.6398
2024-11-13,.5SP25,1772.7022
2024-11-14,.5SP25,1745.4779
2024-11-15,.5SP25,1721.7011
2024-11-18,.5SP25,1736.2977
2024-11-19,.5SP25,1743.6668
2024-11-20,.5SP25,1733.6839
2024-11-21,.5SP25,1728.4575
2024-11-22,.5SP25,1748.8974
2024-11-25,.5SP25,1766.2535
2024-11-26,.5SP25,1782.1689
2024-11-27,.5SP25,1769.7941
2024-11-27,.5SP25,1769.7941
2024-11-29,.5SP25,1789.4365
2024-12-02,.5SP25,1808.4078
2024-12-03,.5SP25,1810.817
2024-12-04,.5SP25,1832.4703
2024-12-05,.5SP25,1849.8891
2024-12-06,.5SP25,1894.1893
2024-12-09,.5SP25,1887.8813
2024-12-10,.5SP25,1890.5519
2024-12-11,.5SP25,1928.8154
2024-12-12,.5SP25,1912.672
2024-12-13,.5SP25,1920.6982
2024-12-16,.5SP25,1954.201
2024-12-17,.5SP25,1959.7208
2024-12-18,.5SP25,1866.842
2024-12-19,.5SP25,1868.2802
2024-12-20,.5SP25,1870.8751
2024-12-23,.5SP25,1878.6467
2024-12-24,.5SP25,1927.8729
2024-12-24,.5SP25,1927.8729
2024-12-26,.5SP25,1915.5291
2024-12-27,.5SP25,1879.21
2024-12-30,.5SP25,1849.3137
2024-12-31,.5SP25,1831.1637
2024-12-31,.5SP25,1831.1637
2025-01-02,.5SP25,1807.9828
2025-01-03,.5SP25,1851.8058
2025-01-06,.5SP25,1863.1235
2025-01-07,.5SP25,1821.9325
2025-01-08,.5SP25,1826.3491
2025-01-08,.5SP25,1826.3491
2025-01-10,.5SP25,1808.5705
2025-01-13,.5SP25,1817.1709
2025-01-14,.5SP25,1811.3067
2025-01-15,.5SP25,1865.9224
2025-01-16,.5SP25,1849.1459
2025-01-17,.5SP25,1880.8036
2025-01-17,.5SP25,1880.8036
2025-01-21,.5SP25,1899.734
2025-01-22,.5SP25,1898.4434
2025-01-23,.5SP25,1906.1058
2025-01-24,.5SP25,1895.7667
2025-01-27,.5SP25,1901.3702
2025-01-28,.5SP25,1907.7449
2025-01-29,.5SP25,1898.2569
2025-01-30,.5SP25,1909.7583
2025-01-31,.5SP25,1911.5688
2025-02-03,.5SP25,1885.8034
2025-02-04,.5SP25,1912.8517
2025-02-05,.5SP25,1882.4344
2025-02-06,.5SP25,1890.8707
2025-02-07,.5SP25,1843.1834
2025-02-10,.5SP25,1852.3101
2025-02-11,.5SP25,1829.5661
2025-02-12,.5SP25,1824.1105
2025-02-13,.5SP25,1853.2959
2025-02-14,.5SP25,1848.319
2025-02-14,.5SP25,1848.319
2025-02-18,.5SP25,1838.782
2025-02-19,.5SP25,1839.3908
2025-02-20,.5SP25,1819.1539
2025-02-21,.5SP25,1768.7487
2025-02-24,.5SP25,1753.2881
2025-02-25,.5SP25,1738.6225
2025-02-26,.5SP25,1731.8648
2025-02-27,.5SP25,1700.9491
2025-02-28,.5SP25,1731.515
2025-03-03,.5SP25,1691.5667
2025-03-04,.5SP25,1663.3573
2025-03-05,.5SP25,1692.417
2025-03-06,.5SP25,1642.8352
2025-03-07,.5SP25,1637.7985
2025-03-10,.5SP25,1573.9115
2025-03-11,.5SP25,1569.8197
2025-03-12,.5SP25,1585.7903
2025-03-13,.5SP25,1544.9039
2025-03-14,.5SP25,1578.0116
2025-03-17,.5SP25,1571.1075
2025-03-18,.5SP25,1541.3333
2025-03-19,.5SP25,1570.5998
2025-03-20,.5SP25,1567.5912
2025-03-21,.5SP25,1577.4638
2025-03-24,.5SP25,1641.6235
2025-03-25,.5SP25,1657.6644
2025-03-26,.5SP25,1630.0622
2025-03-27,.5SP25,1631.561
2025-03-28,.5SP25,1578.241
2025-03-31,.5SP25,1575.3952
2025-04-01,.5SP25,1593.2793
2025-04-02,.5SP25,1625.5197
2025-04-03,.5SP25,1520.7015
2025-04-04,.5SP25,1452.2452
2025-04-07,.5SP25,1444.47
2025-04-08,.5SP25,1407.8289
2025-04-09,.5SP25,1567.7655
2025-04-10,.5SP25,1503.2183
2025-04-11,.5SP25,1519.6503
2025-04-14,.5SP25,1518.1187
2025-04-15,.5SP25,1506.0025
2025-04-16,.5SP25,1465.4315
2025-04-17,.5SP25,1470.4964
2025-04-17,.5SP25,1470.4964
2025-04-21,.5SP25,1428.3898
2025-04-22,.5SP25,1474.5756
2025-04-23,.5SP25,1515.337
2025-04-24,.5SP25,1549.5449
2025-04-25,.5SP25,1579.8426
2025-04-28,.5SP25,1578.3545
2025-04-29,.5SP25,1587.6267
2025-04-30,.5SP25,1570.0798
2025-05-01,.5SP25,1585.6928
2025-05-02,.5SP25,1604.6456
2025-05-05,.5SP25,1583.5022
2025-05-06,.5SP25,1570.0374
2025-05-07,.5SP25,1585.9763
2025-05-08,.5SP25,1607.4467
2025-05-09,.5SP25,1617.6282
