date,GVZ,SPX,SKEWX,RVOL,VIX,VVIX,MOVE,CESIUSD,OVX,GPR,Year_Week,GEP,Returns,Squared Returns
2008-06-04,22.69,1377.2,114.37,13.42,20.8,81.04,131.9,-1.5,40.77,87.54842376708984,2008-06-01,88.59038345630319,-0.03266965562571208,0.001067306398702621
2008-06-05,22.78,1404.05,114.76,14.64,18.63,79.35,133.8,-0.9,41.37,87.54842376708984,2008-06-01,88.59038345630319,1.9308465022889003,3.7281682154012805
2008-06-06,23.6,1360.68,113.55,17.02,23.56,88.78,139.6,-5.3,52.03,87.54842376708984,2008-06-01,88.59038345630319,-3.1376342715508834,9.844748822010642
2008-06-09,24.47,1361.76,114.98,16.98,23.12,92.23,151.0,-2.6,45.57,87.54842376708984,2008-06-01,88.59038345630319,0.07934059569021865,0.006294930124478741
2008-06-10,25.39,1358.44,114.3,16.86,23.18,91.98,149.6,-3.8,48.13,87.54842376708984,2008-06-01,88.59038345630319,-0.24409981975666356,0.05958472200523564
2008-06-11,25.36,1335.49,113.2,17.4,24.12,93.87,144.6,-2.1,48.4,87.54842376708984,2008-06-01,88.59038345630319,-1.7038716841375152,2.9031787160056126
2008-06-12,25.04,1339.87,113.97,17.45,23.33,92.41,148.9,8.1,50.17,87.54842376708984,2008-06-01,88.59038345630319,0.32743286236224395,0.1072122793547322
2008-06-13,24.94,1360.03,113.77,18.09,21.22,86.91,153.7,6.7,49.19,87.54842376708984,2008-06-01,88.59038345630319,1.4934163997003336,2.2302925428939067
2008-06-16,24.98,1360.14,114.71,17.74,20.95,84.17,143.5,16.7,50.45,87.54842376708984,2008-06-01,88.59038345630319,0.008087729815420748,6.541137356724573e-05
2008-06-17,24.45,1350.93,115.71,17.88,21.13,80.89,142.2,13.9,48.51,87.54842376708984,2008-06-01,88.59038345630319,-0.6794391462156973,0.46163755341031576
2008-06-18,23.93,1337.81,112.74,18.15,22.24,81.56,140.4,14.5,46.15,87.54842376708984,2008-06-01,88.59038345630319,-0.9759295531074037,0.9524384926284167
2008-06-19,24.33,1342.83,113.44,17.93,21.58,77.91,136.8,11.3,46.62,87.54842376708984,2008-06-01,88.59038345630319,0.3745378617285721,0.140278609868211
2008-06-20,26.22,1317.93,113.13,18.0,22.87,78.35,137.8,12.3,47.16,87.54842376708984,2008-06-01,88.59038345630319,-1.8717003354418071,3.5032621456929736
2008-06-23,27.18,1318.0,113.59,17.98,22.64,78.37,136.7,16.4,44.29,87.54842376708984,2008-06-01,88.59038345630319,0.0053112184326833305,2.8209041239675175e-05
2008-06-24,26.79,1314.29,112.2,17.44,22.42,77.41,134.8,8.0,44.49,87.54842376708984,2008-06-01,88.59038345630319,-0.28188402163855825,0.07945860165512718
2008-06-25,26.78,1321.97,110.7,17.41,21.14,76.01,129.8,8.0,43.97,87.54842376708984,2008-06-01,88.59038345630319,0.5826452418515959,0.33947547785230475
2008-06-26,27.33,1283.15,109.67,20.37,23.93,79.87,133.7,8.0,44.68,87.54842376708984,2008-06-01,88.59038345630319,-2.9805055998773238,8.883413630900085
2008-06-27,26.47,1278.38,110.52,20.32,23.44,79.54,132.5,7.5,43.83,87.54842376708984,2008-06-01,88.59038345630319,-0.3724340931871223,0.13870715376811407
2008-06-30,26.92,1280.0,112.0,20.32,23.95,79.66,126.0,9.3,45.11,87.54842376708984,2008-06-01,88.59038345630319,0.12664265797244986,0.016038362818326917
2008-07-01,27.64,1284.91,112.69,20.1,23.65,79.44,128.5,15.0,46.45,89.73957061767578,2008-07-01,94.51749178927092,0.3828599052312572,0.14658170703368723
2008-07-02,27.54,1261.52,110.96,20.99,25.92,79.19,133.1,16.2,46.05,89.73957061767578,2008-07-01,94.51749178927092,-1.837133386864391,3.3750590811318286
2008-07-03,26.85,1262.9,111.72,21.01,24.8,76.44,125.1,9.0,44.39,89.73957061767578,2008-07-01,94.51749178927092,0.10933205547930325,0.011953498355329443
2008-07-07,26.59,1252.31,111.75,20.27,25.78,75.43,123.0,13.3,46.38,89.73957061767578,2008-07-01,94.51749178927092,-0.8420817806985111,0.7091017253843754
2008-07-08,26.12,1273.7,112.21,18.06,23.15,76.03,118.9,16.3,48.41,89.73957061767578,2008-07-01,94.51749178927092,1.6936204750574473,2.8683503135338135
2008-07-09,26.09,1244.69,110.25,19.75,25.23,81.69,116.1,16.8,47.01,89.73957061767578,2008-07-01,94.51749178927092,-2.303954768548839,5.308207575518933
2008-07-10,26.79,1253.39,110.91,19.89,25.59,79.94,118.7,16.3,46.91,89.73957061767578,2008-07-01,94.51749178927092,0.6965377549496208,0.48516484407025795
2008-07-11,33.32,1239.49,110.87,19.39,27.49,77.18,129.2,27.3,47.67,89.73957061767578,2008-07-01,94.51749178927092,-1.1151875786283014,1.243643335526854
2008-07-14,31.09,1228.3,111.11,19.64,28.48,78.83,126.0,24.9,47.24,89.73957061767578,2008-07-01,94.51749178927092,-0.9068905128390176,0.8224504022774163
2008-07-15,30.4,1214.91,110.81,19.35,28.54,73.07,126.0,22.5,50.89,89.73957061767578,2008-07-01,94.51749178927092,-1.0961099588093584,1.2014570418010533
2008-07-16,28.41,1245.36,111.93,21.06,25.1,73.22,123.4,30.0,52.02,89.73957061767578,2008-07-01,94.51749178927092,2.4754644770638756,6.127924377205127
2008-07-17,27.28,1260.32,113.93,21.31,25.01,72.46,129.4,31.3,53.88,89.73957061767578,2008-07-01,94.51749178927092,1.19410122274204,1.425877730154035
2008-07-18,27.05,1260.68,113.85,21.08,24.05,70.29,131.0,30.9,53.73,89.73957061767578,2008-07-01,94.51749178927092,0.028560095394465992,0.0008156790489409976
2008-07-21,26.61,1260.0,114.1,21.06,23.05,71.6,131.1,29.9,51.46,89.73957061767578,2008-07-01,94.51749178927092,-0.053953696343506594,0.0029110013491273168
2008-07-22,25.81,1277.0,113.2,20.64,21.18,68.39,124.9,29.8,50.94,89.73957061767578,2008-07-01,94.51749178927092,1.3401856087015562,1.7960974657707607
2008-07-23,25.64,1282.19,115.06,20.68,21.31,67.25,123.7,29.1,51.54,89.73957061767578,2008-07-01,94.51749178927092,0.40559763948996824,0.16450944515983423
2008-07-24,26.15,1252.54,113.19,22.07,23.44,74.9,123.8,28.2,50.7,89.73957061767578,2008-07-01,94.51749178927092,-2.339606385062188,5.47375803702376
2008-07-25,26.06,1257.76,113.9,21.98,22.91,73.7,123.4,35.1,48.84,89.73957061767578,2008-07-01,94.51749178927092,0.4158871468629178,0.17296211892577815
2008-07-28,26.45,1234.37,111.49,20.21,24.23,74.9,122.7,30.6,49.28,89.73957061767578,2008-07-01,94.51749178927092,-1.8771642597075022,3.523745657923215
2008-07-29,25.46,1263.2,112.18,21.53,22.03,71.03,121.3,31.6,48.38,89.73957061767578,2008-07-01,94.51749178927092,2.3087465493061026,5.3303106289328355
2008-07-30,24.92,1284.26,112.11,22.34,21.21,67.21,133.8,29.4,47.17,89.73957061767578,2008-07-01,94.51749178927092,1.6534493021531391,2.7338945947907027
2008-07-31,22.94,1267.38,110.66,22.67,22.94,72.95,131.7,23.4,47.02,89.73957061767578,2008-07-01,94.51749178927092,-1.3230899535757072,1.7505670252529673
2008-08-01,24.73,1260.31,111.38,21.88,22.57,72.73,118.3,26.8,46.83,88.55410766601562,2008-08-01,90.2158517891909,-0.5594054996497974,0.31293451303843944
2008-08-04,25.42,1249.01,111.2,22.07,23.49,73.17,117.2,23.8,48.0,88.55410766601562,2008-08-01,90.2158517891909,-0.9006484932058016,0.811167708313881
2008-08-05,26.54,1284.88,109.69,23.78,21.14,70.28,110.3,24.4,48.47,88.55410766601562,2008-08-01,90.2158517891909,2.831409125599129,8.016877636526026
2008-08-06,25.67,1289.19,113.22,23.09,20.23,71.6,112.3,22.6,48.41,88.55410766601562,2008-08-01,90.2158517891909,0.33487854081860546,0.1121436371007984
2008-08-07,24.84,1266.07,111.97,22.48,21.15,73.11,118.8,22.5,46.99,88.55410766601562,2008-08-01,90.2158517891909,-1.8096499728183422,3.2748330241214267
2008-08-08,26.56,1296.32,113.33,23.59,20.66,73.05,109.1,22.2,45.7,88.55410766601562,2008-08-01,90.2158517891909,2.3611866579681027,5.575202433766578
2008-08-11,31.79,1305.32,111.55,23.41,20.12,75.59,107.4,22.0,45.57,88.55410766601562,2008-08-01,90.2158517891909,0.6918740411200743,0.4786896887758223
2008-08-12,32.18,1289.59,111.26,23.46,21.17,72.4,110.9,41.9,45.93,88.55410766601562,2008-08-01,90.2158517891909,-1.212388304565934,1.46988540104826
2008-08-13,28.78,1285.83,111.76,23.21,21.55,79.41,112.3,40.0,46.86,88.55410766601562,2008-08-01,90.2158517891909,-0.2919914166580861,0.08525898740199603
2008-08-14,29.01,1292.93,113.07,21.73,20.34,74.37,111.8,44.2,46.68,88.55410766601562,2008-08-01,90.2158517891909,0.5506536428728829,0.3032194344091764
2008-08-15,32.58,1298.2,113.21,21.43,19.58,74.1,112.1,46.5,48.35,88.55410766601562,2008-08-01,90.2158517891909,0.40677289573533826,0.16546418870491236
2008-08-18,32.06,1278.6,112.29,21.97,20.98,72.85,112.8,46.1,46.62,88.55410766601562,2008-08-01,90.2158517891909,-1.5212960266741826,2.3143416007746556
2008-08-19,30.89,1266.69,111.4,22.25,21.28,77.5,110.1,46.1,44.77,88.55410766601562,2008-08-01,90.2158517891909,-0.9358530403292878,0.8758209130935717
2008-08-20,29.61,1274.54,111.95,21.89,20.42,73.42,110.7,46.0,44.03,88.55410766601562,2008-08-01,90.2158517891909,0.6178130251148909,0.3816929340016128
2008-08-21,29.47,1277.72,111.9,21.86,19.82,73.75,109.4,45.9,45.14,88.55410766601562,2008-08-01,90.2158517891909,0.2491910420998307,0.062096175462799594
2008-08-22,28.12,1292.2,111.8,20.84,18.81,73.56,109.8,45.8,43.63,88.55410766601562,2008-08-01,90.2158517891909,1.126895252258454,1.269892909562645
2008-08-25,28.71,1266.84,110.34,21.8,20.97,77.03,109.6,45.5,44.48,88.55410766601562,2008-08-01,90.2158517891909,-1.9820581334461456,3.9285544443600187
2008-08-26,28.55,1271.51,110.8,20.9,20.49,73.14,108.2,50.5,46.96,88.55410766601562,2008-08-01,90.2158517891909,0.3679559768344541,0.1353916008881973
2008-08-27,27.91,1281.66,110.51,19.7,19.76,72.0,104.1,51.9,48.21,88.55410766601562,2008-08-01,90.2158517891909,0.795094213969009,0.6321748090869963
2008-08-28,27.5,1300.68,111.21,19.38,19.43,68.05,103.0,62.5,49.1,88.55410766601562,2008-08-01,90.2158517891909,1.4731091918020445,2.1700506909716726
2008-08-29,27.37,1282.83,110.58,19.39,20.65,68.07,103.0,72.5,50.22,88.55410766601562,2008-08-01,90.2158517891909,-1.3818629727739336,1.909545275523613
2008-09-02,29.52,1277.58,110.38,19.32,21.99,69.65,102.4,71.2,46.69,88.54255676269531,2008-09-01,167.725194014987,-0.4100911461557449,0.1681747481553325
2008-09-03,29.59,1274.98,110.5,19.09,21.43,69.93,105.9,71.6,45.08,88.54255676269531,2008-09-01,167.725194014987,-0.20371712313763252,0.04150066625947333
2008-09-04,29.79,1236.83,110.48,19.76,24.03,72.38,115.2,73.6,44.79,88.54255676269531,2008-09-01,167.725194014987,-3.037883751111392,9.228737685266623
2008-09-05,29.87,1242.31,109.46,19.78,23.06,70.39,111.8,66.2,44.85,88.54255676269531,2008-09-01,167.725194014987,0.4420895088807897,0.19544313386245782
2008-09-08,30.9,1267.79,109.1,20.11,22.64,67.94,116.3,64.7,45.2,88.54255676269531,2008-09-01,167.725194014987,2.0302677366833564,4.121987082617358
2008-09-09,33.08,1224.51,108.57,22.1,25.47,70.68,123.8,63.2,45.65,88.54255676269531,2008-09-01,167.725194014987,-3.4734463182025777,12.064829325435042
2008-09-10,33.96,1232.04,109.49,22.04,24.52,70.63,123.7,63.2,45.35,88.54255676269531,2008-09-01,167.725194014987,0.613056814138603,0.37583865736177363
2008-09-11,35.95,1249.05,110.5,22.32,24.39,71.03,126.1,46.8,46.98,88.54255676269531,2008-09-01,167.725194014987,1.3711930251064273,1.8801703121005153
2008-09-12,35.08,1251.7,110.15,22.3,25.66,70.26,125.4,46.0,45.75,88.54255676269531,2008-09-01,167.725194014987,0.21193649840399686,0.04491707935574737
2008-09-15,38.46,1192.7,110.74,27.95,31.7,79.37,160.3,35.6,45.75,88.54255676269531,2008-09-01,167.725194014987,-4.828298274935443,23.31246423174457
2008-09-16,40.18,1213.59,112.29,28.59,31.54,74.38,168.4,26.6,51.56,88.54255676269531,2008-09-01,167.725194014987,1.7363264468486115,3.0148295300259242
2008-09-17,50.36,1156.39,112.97,32.75,36.22,93.04,162.0,25.5,52.44,88.54255676269531,2008-09-01,167.725194014987,-4.827982547511587,23.30941547907647
2008-09-18,54.65,1206.51,117.42,34.88,33.1,89.33,163.5,33.4,54.57,88.54255676269531,2008-09-01,167.725194014987,4.242881089037334,18.00203993571063
2008-09-19,47.26,1255.08,114.48,37.75,32.07,79.37,162.3,33.6,52.73,88.54255676269531,2008-09-01,167.725194014987,3.94674210858101,15.576773271646477
2008-09-22,52.36,1207.09,114.32,39.79,33.85,83.92,158.1,34.5,57.47,88.54255676269531,2008-09-01,167.725194014987,-3.898681119919732,15.199714474818578
2008-09-23,49.03,1188.22,111.63,39.93,35.72,84.77,159.5,34.0,54.76,88.54255676269531,2008-09-01,167.725194014987,-1.5756115391864083,2.4825517224173628
2008-09-24,43.31,1185.87,111.58,39.42,35.19,86.66,163.8,33.6,53.99,88.54255676269531,2008-09-01,167.725194014987,-0.1979706554947396,0.03919238043701687
2008-09-25,43.94,1209.18,112.53,40.32,32.82,82.96,176.3,26.4,52.39,88.54255676269531,2008-09-01,167.725194014987,1.9465761499284553,3.789158707470288
2008-09-26,45.28,1213.01,110.56,40.24,34.74,87.81,183.6,16.1,52.7,88.54255676269531,2008-09-01,167.725194014987,0.31624300256987603,0.10000963667441062
2008-09-29,50.57,1106.39,111.33,52.08,46.72,99.86,201.0,14.7,64.21,88.54255676269531,2008-09-01,167.725194014987,-9.200241094593624,84.64443619864927
2008-09-30,48.92,1166.36,111.43,55.58,39.39,92.23,208.5,27.0,59.56,88.54255676269531,2008-09-01,167.725194014987,5.278532512632894,27.86290548692253
2008-10-01,47.2,1161.06,112.14,55.61,39.81,89.76,200.5,8.5,57.99,64.15979766845703,2008-10-01,205.89682437771495,-0.45544071644332396,0.20742624619440822
2008-10-02,52.54,1114.28,112.24,57.34,45.26,95.29,206.7,7.9,57.85,64.15979766845703,2008-10-01,205.89682437771495,-4.112492454501865,16.912594188334776
2008-10-03,50.05,1099.23,114.17,56.47,45.14,94.68,204.8,1.2,56.41,64.15979766845703,2008-10-01,205.89682437771495,-1.359852173202372,1.849197932963214
2008-10-06,54.58,1056.89,112.09,58.45,52.05,104.82,217.3,-1.7,65.02,64.15979766845703,2008-10-01,205.89682437771495,-3.927930133460617,15.428635133347942
2008-10-07,51.51,996.23,110.2,61.2,53.68,106.47,221.1,-3.1,64.12,64.15979766845703,2008-10-01,205.89682437771495,-5.9107757716857305,34.937270223147046
2008-10-08,50.93,984.94,111.04,60.21,57.53,104.99,239.8,-5.4,62.6,64.15979766845703,2008-10-01,205.89682437771495,-1.1397429009414908,1.2990138802465248
2008-10-09,52.46,909.92,109.58,66.26,63.92,108.05,250.1,-5.9,61.58,64.15979766845703,2008-10-01,205.89682437771495,-7.922404205270062,62.76448839168076
2008-10-10,64.53,899.22,107.23,66.08,69.95,116.0,264.6,-6.9,70.52,64.15979766845703,2008-10-01,205.89682437771495,-1.1828962673529704,1.39924357931759
2008-10-14,55.11,998.01,113.55,74.21,55.13,105.64,230.4,-10.5,70.52,64.15979766845703,2008-10-01,205.89682437771495,10.423557541638415,108.65055182384707
2008-10-15,55.8,907.84,118.94,81.7,69.25,114.93,220.5,-18.5,70.52,64.15979766845703,2008-10-01,205.89682437771495,-9.469514468085727,89.6717042612849
2008-10-16,54.91,946.43,113.18,81.45,67.61,119.48,218.9,-29.6,75.09,64.15979766845703,2008-10-01,205.89682437771495,4.162885961144602,17.32961952549482
2008-10-17,55.32,940.55,118.81,80.5,70.33,117.45,207.3,-38.8,70.04,64.15979766845703,2008-10-01,205.89682437771495,-0.6232200692903124,0.38840325476622173
2008-10-20,49.36,985.4,124.83,80.71,52.97,115.98,191.6,-40.5,69.38,64.15979766845703,2008-10-01,205.89682437771495,4.658283957083309,21.699609424819727
2008-10-21,47.95,955.05,120.38,80.45,53.11,114.28,192.9,-41.4,71.76,64.15979766845703,2008-10-01,205.89682437771495,-3.1283954978718658,9.786858391104959
2008-10-22,57.82,896.78,119.34,82.75,69.65,123.31,203.8,-42.9,83.79,64.15979766845703,2008-10-01,205.89682437771495,-6.2953125138379455,39.630959646884634
2008-10-23,54.21,908.11,120.69,82.83,67.8,121.61,229.7,-43.2,81.88,64.15979766845703,2008-10-01,205.89682437771495,1.2554946645469935,1.5762668527059678
2008-10-24,57.9,876.77,116.67,83.44,79.13,128.09,239.4,-43.5,84.59,64.15979766845703,2008-10-01,205.89682437771495,-3.5120816358308193,12.334717416740084
2008-10-27,59.43,848.92,116.94,84.24,80.06,134.87,237.0,-43.7,82.51,64.15979766845703,2008-10-01,205.89682437771495,-3.227974691248589,10.419820607341425
2008-10-28,60.2,940.51,125.95,85.33,66.96,127.46,229.9,-64.2,92.9,64.15979766845703,2008-10-01,205.89682437771495,10.245732795933025,104.97504052565756
2008-10-29,59.65,930.09,120.15,83.26,69.96,124.73,217.2,-62.5,79.85,64.15979766845703,2008-10-01,205.89682437771495,-1.1140925668240704,1.2412022474526458
2008-10-30,58.25,954.09,124.02,83.96,62.9,121.52,209.4,-59.2,80.35,64.15979766845703,2008-10-01,205.89682437771495,2.547665096269594,6.490597442750359
2008-10-31,55.61,968.75,122.19,83.02,59.89,116.94,207.2,-71.4,80.56,64.15979766845703,2008-10-01,205.89682437771495,1.5248574046331105,2.3251901044644256
2008-11-03,52.8,966.3,117.13,82.93,53.68,116.19,204.6,-79.4,84.07,79.08097076416016,2008-11-01,143.3748943919856,-0.2532235662293958,0.06412217449393319
2008-11-04,50.56,1005.75,117.78,82.63,47.73,116.29,203.0,-79.9,83.2,79.08097076416016,2008-11-01,143.3748943919856,4.001446582463477,16.01157475230864
2008-11-05,47.62,952.77,129.35,82.6,54.56,117.03,217.5,-86.2,83.63,79.08097076416016,2008-11-01,143.3748943919856,-5.411527943060211,29.284634678521478
2008-11-06,46.71,904.88,122.15,84.22,63.68,125.0,189.0,-87.2,90.25,79.08097076416016,2008-11-01,143.3748943919856,-5.157119317616989,26.595879656138322
2008-11-07,44.37,930.99,122.85,80.12,56.1,116.37,178.1,-96.2,85.63,79.08097076416016,2008-11-01,143.3748943919856,2.844619785769441,8.091861725590979
2008-11-10,44.79,919.21,126.27,80.2,59.98,116.53,173.2,-101.1,87.35,79.08097076416016,2008-11-01,143.3748943919856,-1.27339305802108,1.6215298802162774
2008-11-11,44.5,898.95,120.67,71.3,61.44,114.11,173.2,-101.7,87.41,79.08097076416016,2008-11-01,143.3748943919856,-2.228718992830513,4.9671883490034565
2008-11-12,45.65,852.3,121.11,73.47,66.46,123.26,173.2,-104.8,79.79,79.08097076416016,2008-11-01,143.3748943919856,-5.328883804405206,28.3970026008521
2008-11-13,48.36,911.29,124.98,68.88,59.83,117.12,181.4,-102.7,82.27,79.08097076416016,2008-11-01,143.3748943919856,6.692260057882526,44.78634468232983
2008-11-14,50.31,873.29,118.59,69.03,66.31,118.34,189.5,-120.0,79.78,79.08097076416016,2008-11-01,143.3748943919856,-4.259348957168463,18.14205353893207
2008-11-17,48.52,850.75,113.4,69.52,69.15,115.1,188.4,-110.3,80.66,79.08097076416016,2008-11-01,143.3748943919856,-2.6149375154377363,6.837898209643682
2008-11-18,46.22,859.12,116.05,67.78,67.64,106.9,191.6,-102.6,75.77,79.08097076416016,2008-11-01,143.3748943919856,0.9790296168946021,0.9584989907567913
2008-11-19,44.95,806.58,115.86,70.08,74.26,102.48,192.0,-111.0,71.6,79.08097076416016,2008-11-01,143.3748943919856,-6.3105522855744685,39.82307014896915
2008-11-20,46.02,752.44,114.93,71.34,80.86,106.71,211.6,-113.6,79.09,79.08097076416016,2008-11-01,143.3748943919856,-6.9481827469396436,48.27724348486973
2008-11-21,53.09,800.03,118.88,74.08,72.67,99.48,212.9,-114.0,79.7,79.08097076416016,2008-11-01,143.3748943919856,6.132796773999996,37.61119627118475
2008-11-24,54.34,851.81,116.16,75.58,64.7,92.31,189.0,-116.9,78.32,79.08097076416016,2008-11-01,143.3748943919856,6.271427030041584,39.33079699313621
2008-11-25,52.14,857.39,114.1,74.8,60.9,90.28,206.2,-108.4,81.68,79.08097076416016,2008-11-01,143.3748943919856,0.652939366290944,0.4263298160524195
2008-11-26,49.74,887.68,113.3,66.64,54.92,89.32,213.9,-119.9,66.47,79.08097076416016,2008-11-01,143.3748943919856,3.471842675826701,12.053691565691507
2008-11-28,48.81,896.24,113.12,66.37,55.84,88.41,214.0,-117.6,80.26,79.08097076416016,2008-11-01,143.3748943919856,0.9596916564055789,0.9210080753744836
2008-12-01,49.86,816.21,112.75,72.85,68.51,90.49,213.3,-115.9,85.31,92.3664321899414,2008-12-01,145.80016599659427,-9.35365594547721,87.49087954636114
2008-12-02,48.06,848.81,112.2,73.85,62.98,87.08,216.6,-114.3,86.36,92.3664321899414,2008-12-01,145.80016599659427,3.916369377303816,15.337949099483081
2008-12-03,47.22,870.74,112.55,74.34,60.72,84.72,214.7,-121.9,88.45,92.3664321899414,2008-12-01,145.80016599659427,2.5508056258861354,6.506609341052359
2008-12-04,46.49,845.22,111.77,73.85,63.64,83.94,216.9,-120.3,89.34,92.3664321899414,2008-12-01,145.80016599659427,-2.9746476327324762,8.848528538920926
2008-12-05,46.24,876.07,116.45,72.41,59.93,82.9,216.4,-140.6,93.08,92.3664321899414,2008-12-01,145.80016599659427,3.5849047919391848,12.851542367268529
2008-12-08,45.46,909.7,120.77,71.37,58.49,82.1,213.4,-133.6,92.64,92.3664321899414,2008-12-01,145.80016599659427,3.7668878408353765,14.189444005433405
2008-12-09,44.4,888.67,118.58,71.08,58.91,80.75,214.7,-129.7,98.93,92.3664321899414,2008-12-01,145.80016599659427,-2.338891182677227,5.470411964405278
2008-12-10,45.46,899.24,119.51,71.08,55.73,86.46,218.9,-128.1,95.9,92.3664321899414,2008-12-01,145.80016599659427,1.182399913456479,1.3980695553418894
2008-12-11,46.49,873.59,121.83,71.27,55.78,88.68,223.4,-140.6,100.42,92.3664321899414,2008-12-01,145.80016599659427,-2.8938804097131,8.37454382572126
2008-12-12,46.02,879.73,116.24,68.99,54.28,86.27,222.7,-130.0,93.05,92.3664321899414,2008-12-01,145.80016599659427,0.7003884173428123,0.49054393514796946
2008-12-15,48.54,868.57,115.86,64.97,56.76,82.03,214.5,-129.3,93.05,92.3664321899414,2008-12-01,145.80016599659427,-1.276686104540099,1.6299274095257725
2008-12-16,46.77,913.18,119.25,65.19,51.29,79.99,194.9,-136.1,93.05,92.3664321899414,2008-12-01,145.80016599659427,5.008483224165873,25.084904206750984
2008-12-17,46.92,904.42,115.07,64.75,49.84,75.17,182.1,-134.8,95.12,92.3664321899414,2008-12-01,145.80016599659427,-0.9639159140260648,0.9291338893127039
2008-12-18,44.61,885.28,116.55,65.05,47.34,81.26,194.6,-129.2,90.93,92.3664321899414,2008-12-01,145.80016599659427,-2.1389875118303316,4.575267575766113
2008-12-19,42.33,887.88,118.73,61.62,44.93,87.69,195.8,-127.8,86.67,92.3664321899414,2008-12-01,145.80016599659427,0.2932619575660306,0.08600257575546032
2008-12-22,41.71,871.63,115.16,57.07,44.56,87.04,194.6,-122.1,87.63,92.3664321899414,2008-12-01,145.80016599659427,-1.8471576788863877,3.4119914906689472
2008-12-23,39.71,863.16,112.01,53.44,45.02,86.39,193.8,-118.4,91.81,92.3664321899414,2008-12-01,145.80016599659427,-0.9764948269330855,0.9535421470270766
2008-12-24,39.62,868.15,112.31,49.62,44.21,85.1,193.8,-118.4,90.36,92.3664321899414,2008-12-01,145.80016599659427,0.5764437122881726,0.3322873534365695
2008-12-26,41.93,872.8,112.56,49.48,43.38,83.74,193.5,-118.4,89.33,92.3664321899414,2008-12-01,145.80016599659427,0.5341923728714281,0.28536149123400684
2008-12-29,44.33,869.42,113.77,47.99,43.9,83.96,192.1,-104.5,95.91,92.3664321899414,2008-12-01,145.80016599659427,-0.3880111857935365,0.1505526803009063
2008-12-30,43.61,890.64,116.08,48.59,41.63,80.89,192.6,-112.6,95.88,92.3664321899414,2008-12-01,145.80016599659427,2.4113982759526236,5.814841645267285
2008-12-31,42.89,903.25,116.5,36.89,40.0,85.6,190.0,-112.6,88.93,92.3664321899414,2008-12-01,145.80016599659427,1.4059064607297869,1.9765729763217557
2009-01-02,41.86,931.8,124.21,35.69,39.19,84.41,183.1,-117.3,87.67,85.36947631835938,2009-01-01,146.2077932386957,3.111882935494669,9.683815404222917
2009-01-05,40.31,927.45,116.12,34.62,39.08,90.89,171.0,-113.3,82.11,85.36947631835938,2009-01-01,146.2077932386957,-0.4679314710008824,0.21895986155304964
2009-01-06,39.87,934.7,115.49,33.11,38.56,90.33,160.4,-103.1,79.58,85.36947631835938,2009-01-01,146.2077932386957,0.7786737515850298,0.6063328114075047
2009-01-07,39.72,906.65,118.21,32.29,43.39,93.99,151.7,-101.4,85.46,85.36947631835938,2009-01-01,146.2077932386957,-3.046913408850316,9.283681321031851
2009-01-08,39.68,909.73,118.24,29.98,42.56,93.14,149.9,-99.6,85.46,85.36947631835938,2009-01-01,146.2077932386957,0.3391364089026249,0.1150135038433684
2009-01-09,37.82,890.35,118.82,30.06,42.82,91.52,138.0,-100.5,80.66,85.36947631835938,2009-01-01,146.2077932386957,-2.153320834173741,4.636790614886696
2009-01-12,36.93,870.26,118.36,30.82,45.84,93.26,134.8,-91.1,80.66,85.36947631835938,2009-01-01,146.2077932386957,-2.2822626270919497,5.208722699020648
2009-01-13,35.24,871.79,118.22,29.23,43.27,92.5,119.5,-49.7,81.54,85.36947631835938,2009-01-01,146.2077932386957,0.17565516413395224,0.0308547366869257
2009-01-14,35.03,842.62,119.99,31.23,49.14,99.88,119.4,-77.7,76.68,85.36947631835938,2009-01-01,146.2077932386957,-3.403248389945547,11.582099603666958
2009-01-15,35.25,843.74,124.7,30.99,51.0,96.44,129.5,-70.0,76.22,85.36947631835938,2009-01-01,146.2077932386957,0.13283049463657998,0.017643940305398502
2009-01-16,34.45,850.12,126.05,26.04,46.11,98.79,126.9,-85.7,74.4,85.36947631835938,2009-01-01,146.2077932386957,0.7533125725836394,0.5674798320125809
2009-01-20,37.81,805.22,119.17,31.63,56.65,104.02,136.5,-80.7,81.83,85.36947631835938,2009-01-01,146.2077932386957,-5.426198398389679,29.443629058686717
2009-01-21,35.95,840.24,120.58,34.01,46.42,100.81,151.0,-79.1,79.85,85.36947631835938,2009-01-01,146.2077932386957,4.257203330792642,18.123780199711963
2009-01-22,35.18,827.5,117.76,34.37,47.29,98.87,153.1,-78.5,81.81,85.36947631835938,2009-01-01,146.2077932386957,-1.5278458063301996,2.334312807920778
2009-01-23,39.56,831.95,121.31,33.84,47.27,95.7,155.3,-76.3,81.31,85.36947631835938,2009-01-01,146.2077932386957,0.5363235610298395,0.28764296211572793
2009-01-26,40.27,836.57,120.65,33.71,45.69,96.17,145.3,-68.5,80.91,85.36947631835938,2009-01-01,146.2077932386957,0.5537856072586707,0.3066784988068546
2009-01-27,37.28,845.71,119.68,33.91,42.25,95.48,141.2,-68.9,83.76,85.36947631835938,2009-01-01,146.2077932386957,1.086631230822739,1.1807674317993408
2009-01-28,37.77,874.09,122.39,35.45,39.66,98.22,136.7,-65.9,81.57,85.36947631835938,2009-01-01,146.2077932386957,3.300683394003662,10.894510867451533
2009-01-29,38.7,845.14,119.92,37.09,42.63,98.98,147.8,-69.2,79.41,85.36947631835938,2009-01-01,146.2077932386957,-3.3681051075314308,11.34413201537931
2009-01-30,39.9,825.88,115.88,37.03,44.84,98.72,162.9,-39.2,77.1,85.36947631835938,2009-01-01,146.2077932386957,-2.305280959037413,5.314320300100454
2009-02-02,40.17,825.44,123.95,36.67,45.52,96.48,163.4,-37.1,77.89,67.45267486572266,2009-02-01,147.7463645369612,-0.05329070203387711,0.0028398989232634743
2009-02-03,39.2,838.51,125.25,35.75,43.06,92.25,161.2,-34.6,72.98,67.45267486572266,2009-02-01,147.7463645369612,1.5709929754246528,2.4680189288336036
2009-02-04,38.81,832.23,127.68,35.83,43.85,91.57,172.5,-22.5,70.92,67.45267486572266,2009-02-01,147.7463645369612,-0.7517662324819685,0.5651524683001331
2009-02-05,38.56,845.85,122.63,36.13,43.73,92.26,173.7,-26.5,69.23,67.45267486572266,2009-02-01,147.7463645369612,1.6233193995534287,2.6351658729665046
2009-02-06,37.9,868.6,122.27,35.74,43.37,94.01,182.1,-40.0,70.09,67.45267486572266,2009-02-01,147.7463645369612,2.6540681179420624,7.044077574676521
2009-02-09,37.24,869.89,122.62,35.73,43.64,94.38,170.2,-36.0,68.81,67.45267486572266,2009-02-01,147.7463645369612,0.14840467724950226,0.022023948229528936
2009-02-10,37.04,827.16,118.94,38.81,46.67,95.98,172.3,-33.8,69.82,67.45267486572266,2009-02-01,147.7463645369612,-5.036862018765584,25.369978996083315
2009-02-11,39.18,833.74,122.57,38.08,44.53,94.67,157.0,-44.5,69.46,67.45267486572266,2009-02-01,147.7463645369612,0.7923456469345734,0.6278116242161677
2009-02-12,39.5,835.19,114.51,38.08,41.25,91.04,151.0,-23.3,68.49,67.45267486572266,2009-02-01,147.7463645369612,0.1737640721712224,0.030193952777525783
2009-02-13,37.51,826.84,120.58,36.6,42.93,91.93,158.7,-26.0,66.06,67.45267486572266,2009-02-01,147.7463645369612,-1.00480379455834,1.0096306655588385
2009-02-17,42.83,789.17,118.1,39.73,48.66,95.07,163.2,-24.2,76.12,67.45267486572266,2009-02-01,147.7463645369612,-4.662944568299583,21.743052047034585
2009-02-18,43.09,788.42,127.01,39.68,48.46,89.11,159.2,-26.8,76.8,67.45267486572266,2009-02-01,147.7463645369612,-0.0950817457645347,0.00904053837763161
2009-02-19,39.21,778.94,119.41,35.41,47.08,88.27,161.9,-34.1,76.71,67.45267486572266,2009-02-01,147.7463645369612,-1.2096921708828459,1.4633551482952523
2009-02-20,40.73,770.05,119.93,32.65,49.3,90.66,165.5,-29.3,74.89,67.45267486572266,2009-02-01,147.7463645369612,-1.1478573277091093,1.3175764447754976
2009-02-23,42.23,743.33,116.63,34.47,52.62,93.02,157.4,-26.3,76.36,67.45267486572266,2009-02-01,147.7463645369612,-3.531535633340695,12.471743929555062
2009-02-24,40.87,773.14,114.2,36.88,45.49,89.13,154.4,-37.7,72.48,67.45267486572266,2009-02-01,147.7463645369612,3.932005326596915,15.460665888386513
2009-02-25,41.15,764.9,114.97,36.98,44.67,88.93,164.3,-36.6,69.11,67.45267486572266,2009-02-01,147.7463645369612,-1.0715038409216295,1.1481204811098047
2009-02-26,39.95,752.83,113.96,37.16,44.66,89.37,163.0,-44.3,67.7,67.45267486572266,2009-02-01,147.7463645369612,-1.5905667628585067,2.529902627110189
2009-02-27,39.06,735.09,114.25,36.51,46.35,91.08,166.6,-54.0,68.54,67.45267486572266,2009-02-01,147.7463645369612,-2.3846498003070997,5.686554670104691
2009-03-02,41.41,700.82,115.42,38.43,52.65,93.86,164.0,-41.4,76.61,72.64462280273438,2009-03-01,132.2351517949948,-4.774186266842116,22.792854510503858
2009-03-03,38.27,696.33,113.77,37.71,50.93,90.75,164.9,-39.8,73.1,72.64462280273438,2009-03-01,132.2351517949948,-0.6427392130160411,0.41311369594847985
2009-03-04,37.05,712.87,118.16,38.57,47.56,85.6,166.3,-35.5,72.08,72.64462280273438,2009-03-01,132.2351517949948,2.3475389702164886,5.510939216685092
2009-03-05,37.8,682.55,113.73,40.85,50.17,89.88,162.2,-33.7,72.6,72.64462280273438,2009-03-01,132.2351517949948,-4.34632911507607,18.890576776557936
2009-03-06,38.9,683.38,115.45,40.77,49.33,88.26,159.2,-47.9,72.36,72.64462280273438,2009-03-01,132.2351517949948,0.12152893664452721,0.01476928244194951
2009-03-09,37.71,676.53,113.11,40.62,49.68,90.09,160.5,-44.2,71.35,72.64462280273438,2009-03-01,132.2351517949948,-1.007428128983503,1.0149114350672015
2009-03-10,35.95,719.6,115.59,44.58,44.37,85.36,153.4,-41.6,78.02,72.64462280273438,2009-03-01,132.2351517949948,6.171870955078117,38.09199108613687
2009-03-11,35.58,721.36,112.71,44.61,43.61,85.35,147.0,-42.2,69.24,72.64462280273438,2009-03-01,132.2351517949948,0.24428171152732076,0.05967355458671715
2009-03-12,33.85,750.74,112.96,43.36,41.18,81.81,146.3,-28.9,69.64,72.64462280273438,2009-03-01,132.2351517949948,3.9921067569756143,15.936916359090358
2009-03-13,33.65,756.55,113.94,43.38,42.36,78.13,143.8,-20.7,65.0,72.64462280273438,2009-03-01,132.2351517949948,0.7709238136172175,0.5943235264021143
2009-03-16,35.27,753.89,114.28,43.39,43.74,80.07,140.9,-33.3,69.68,72.64462280273438,2009-03-01,132.2351517949948,-0.352215612656422,0.12405583779893868
2009-03-17,22.58,778.12,118.32,44.48,40.8,75.21,142.7,-30.7,67.71,72.64462280273438,2009-03-01,132.2351517949948,3.1634285158600726,10.007279974956662
2009-03-18,25.69,794.35,117.3,42.34,40.06,74.8,142.9,-26.3,65.36,72.64462280273438,2009-03-01,132.2351517949948,2.0643416236416385,4.261506339099396
2009-03-19,41.52,784.04,116.53,42.61,43.68,73.56,125.6,-23.5,79.59,72.64462280273438,2009-03-01,132.2351517949948,-1.3064130708958284,1.7067151118074686
2009-03-20,38.9,768.54,117.06,43.02,45.89,73.11,124.0,-23.3,62.99,72.64462280273438,2009-03-01,132.2351517949948,-1.9967428385974675,3.986981963490272
2009-03-23,29.76,822.92,117.95,49.02,43.23,71.39,119.0,-22.9,66.42,72.64462280273438,2009-03-01,132.2351517949948,6.836637953493023,46.739618507141266
2009-03-24,36.28,806.12,112.12,47.95,42.93,70.16,119.3,-22.6,60.82,72.64462280273438,2009-03-01,132.2351517949948,-2.0626375806741395,4.254473789209268
2009-03-25,36.28,813.88,114.22,46.19,42.25,71.76,118.3,-12.5,60.96,72.64462280273438,2009-03-01,132.2351517949948,0.9580320188413651,0.9178253491252618
2009-03-26,35.19,832.86,113.75,46.78,40.36,70.97,120.5,-7.7,59.08,72.64462280273438,2009-03-01,132.2351517949948,2.305262582737077,5.314235575367619
2009-03-27,33.25,815.94,111.09,47.0,41.04,71.68,117.9,-7.0,59.28,72.64462280273438,2009-03-01,132.2351517949948,-2.052473796615029,4.2126486857913115
2009-03-30,33.62,787.53,113.71,47.85,45.54,74.68,116.9,-6.6,64.31,72.64462280273438,2009-03-01,132.2351517949948,-3.5439357636644506,12.559480696979932
2009-03-31,31.39,797.87,112.87,45.1,44.14,72.71,117.3,-11.2,78.01,72.64462280273438,2009-03-01,132.2351517949948,1.3044211698529868,1.7015145883606348
2009-04-01,32.33,811.08,114.49,45.45,42.28,70.39,112.6,-9.1,65.06,85.6884994506836,2009-04-01,103.5282129109252,1.6421015989455108,2.696497661259403
2009-04-02,34.39,834.38,111.9,45.79,42.04,69.61,111.7,-11.3,62.97,85.6884994506836,2009-04-01,103.5282129109252,2.8322241179759544,8.021493454444673
2009-04-03,36.42,842.5,112.04,43.55,39.7,67.86,119.7,-14.6,61.86,85.6884994506836,2009-04-01,103.5282129109252,0.968472814649412,0.9379395927149544
2009-04-06,32.95,835.48,114.39,43.64,40.93,68.26,122.9,-16.1,58.62,85.6884994506836,2009-04-01,103.5282129109252,-0.8367252239400408,0.7001091003775114
2009-04-07,32.07,815.55,111.16,44.24,40.39,66.39,118.5,-16.1,58.58,85.6884994506836,2009-04-01,103.5282129109252,-2.4143677727077004,5.829171741889542
2009-04-08,30.42,825.16,111.49,39.48,38.85,68.72,119.7,-13.9,56.84,85.6884994506836,2009-04-01,103.5282129109252,1.1714574664767992,1.372312595764241
2009-04-09,28.0,856.56,108.18,41.57,36.53,65.22,119.7,17.7,54.97,85.6884994506836,2009-04-01,103.5282129109252,3.7347060925207334,13.948029597511484
2009-04-13,29.09,858.73,110.39,39.39,37.81,67.51,116.4,17.7,57.85,85.6884994506836,2009-04-01,103.5282129109252,0.2530185750125157,0.06401839930136402
2009-04-14,28.88,841.5,109.23,39.82,37.67,65.79,107.7,4.7,67.77,85.6884994506836,2009-04-01,103.5282129109252,-2.026853996927886,4.108137124862547
2009-04-15,27.47,852.06,108.62,40.03,36.17,64.95,105.6,14.6,55.57,85.6884994506836,2009-04-01,103.5282129109252,1.2470933254115892,1.555241762286136
2009-04-16,27.42,865.3,114.45,38.92,35.79,69.72,109.0,22.5,69.95,85.6884994506836,2009-04-01,103.5282129109252,1.5419320727716443,2.3775545170418595
2009-04-17,27.41,869.6,111.75,38.29,33.94,68.92,115.8,24.8,50.12,85.6884994506836,2009-04-01,103.5282129109252,0.4957068194306566,0.24572525083005758
2009-04-20,28.45,832.39,113.99,40.87,39.18,75.48,115.1,22.8,60.84,85.6884994506836,2009-04-01,103.5282129109252,-4.3732254814752185,19.125101111824158
2009-04-21,29.0,850.08,114.63,40.81,37.14,75.48,115.8,23.4,54.75,85.6884994506836,2009-04-01,103.5282129109252,2.1029381710385584,4.4223489512109975
2009-04-22,28.67,843.55,112.72,33.2,38.1,75.52,120.2,23.0,53.6,85.6884994506836,2009-04-01,103.5282129109252,-0.7711285650649295,0.5946392638590973
2009-04-23,29.92,851.92,113.4,32.71,37.15,72.81,120.2,22.5,53.88,85.6884994506836,2009-04-01,103.5282129109252,0.9873448655144579,0.9748498834577629
2009-04-24,30.08,866.23,114.6,32.98,36.82,72.04,125.8,23.8,52.81,85.6884994506836,2009-04-01,103.5282129109252,1.6657836507364097,2.7748351710607206
2009-04-27,30.24,857.51,114.12,32.11,38.32,74.16,125.8,21.3,56.75,85.6884994506836,2009-04-01,103.5282129109252,-1.0117621434815707,1.0236626349824225
2009-04-28,28.53,855.16,114.13,31.33,37.95,74.22,122.6,31.4,55.41,85.6884994506836,2009-04-01,103.5282129109252,-0.27442548474696327,0.07530934667860577
2009-04-29,27.98,873.64,114.6,29.89,36.08,72.12,120.7,5.9,53.71,85.6884994506836,2009-04-01,103.5282129109252,2.1379805556003295,4.570960856125094
2009-04-30,26.7,872.81,114.86,29.75,36.5,71.42,124.2,11.5,52.75,85.6884994506836,2009-04-01,103.5282129109252,-0.09504996564328969,0.00903449596879055
2009-05-01,26.44,877.52,115.21,29.13,35.3,69.82,129.2,18.3,50.2,89.68086242675781,2009-05-01,103.56914751146776,0.5381855271301066,0.2896436616123107
2009-05-04,28.26,907.24,115.4,29.86,34.53,70.36,127.8,18.3,49.01,89.68086242675781,2009-05-01,103.56914751146776,3.3307276609156498,11.093746751188636
2009-05-05,27.49,903.8,113.65,29.72,33.36,70.77,125.4,23.3,47.4,89.68086242675781,2009-05-01,103.56914751146776,-0.37989267350558864,0.14431844338322378
2009-05-06,26.77,919.53,113.34,30.22,32.45,71.15,125.2,25.7,46.88,89.68086242675781,2009-05-01,103.56914751146776,1.725457296237231,2.9772028811382953
2009-05-07,26.75,907.39,112.7,29.49,33.44,72.79,129.1,29.4,47.4,89.68086242675781,2009-05-01,103.56914751146776,-1.3290323268540793,1.7663269258231684
2009-05-08,25.93,929.23,114.96,30.39,32.05,74.66,130.5,37.0,44.89,89.68086242675781,2009-05-01,103.56914751146776,2.3783939541346095,5.656757801064063
2009-05-11,23.6,909.24,113.99,28.3,32.87,76.86,124.7,38.4,45.23,89.68086242675781,2009-05-01,103.56914751146776,-2.17472004810747,4.729407287640558
2009-05-12,23.8,908.35,115.66,28.3,31.8,77.53,126.3,40.2,44.98,89.68086242675781,2009-05-01,103.56914751146776,-0.09793188465282718,0.009590654031654648
2009-05-13,25.41,883.92,116.32,29.1,33.65,81.87,126.2,29.3,46.85,89.68086242675781,2009-05-01,103.56914751146776,-2.726320607983457,7.432824057515288
2009-05-14,23.08,893.07,116.5,28.95,31.37,79.38,123.5,27.1,45.66,89.68086242675781,2009-05-01,103.56914751146776,1.0298404457450128,1.0605713436922866
2009-05-15,22.6,882.88,119.06,28.71,33.12,80.29,122.3,42.7,46.01,89.68086242675781,2009-05-01,103.56914751146776,-1.1475674233448352,1.3169109911223043
2009-05-18,22.46,909.71,119.21,30.25,30.24,76.41,122.1,46.1,42.21,89.68086242675781,2009-05-01,103.56914751146776,2.993657637361108,8.961986049730491
2009-05-19,22.41,908.13,117.92,26.23,28.8,74.4,122.7,46.1,41.25,89.68086242675781,2009-05-01,103.56914751146776,-0.1738327243176405,0.0302178160436928
2009-05-20,24.74,903.47,113.96,25.44,29.03,77.45,122.6,46.2,40.74,89.68086242675781,2009-05-01,103.56914751146776,-0.5144634884210452,0.2646726809183509
2009-05-21,27.94,888.33,117.1,25.93,31.35,84.69,129.8,44.4,41.56,89.68086242675781,2009-05-01,103.56914751146776,-1.689960969556584,2.8559680786246298
2009-05-22,28.34,887.0,118.81,25.72,32.63,87.28,147.2,45.5,40.95,89.68086242675781,2009-05-01,103.56914751146776,-0.1498313269999902,0.022449426550577987
2009-05-26,26.33,910.33,120.89,26.58,30.62,91.23,146.1,67.2,41.97,89.68086242675781,2009-05-01,103.56914751146776,2.596218882691731,6.740352486845101
2009-05-27,25.82,893.06,120.04,27.08,32.36,90.86,163.8,68.4,41.94,89.68086242675781,2009-05-01,103.56914751146776,-1.9153403267374252,3.6685285672266263
2009-05-28,26.7,906.83,122.33,27.52,31.67,88.19,167.5,69.9,40.81,89.68086242675781,2009-05-01,103.56914751146776,1.5301233587101506,2.3412774928704323
2009-05-29,28.44,919.14,122.99,27.07,28.92,83.91,165.4,59.9,41.32,89.68086242675781,2009-05-01,103.56914751146776,1.3483448796435802,1.8180339144610607
2009-06-01,29.5,942.87,122.09,28.26,30.04,84.23,190.3,60.1,42.46,81.10958862304688,2009-06-01,109.78916704138948,2.548996497720596,6.497383145391865
2009-06-02,28.69,944.74,120.94,28.19,29.63,83.82,183.9,60.5,42.15,81.10958862304688,2009-06-01,109.78916704138948,0.19813421329166414,0.039257166476706656
2009-06-03,27.64,931.76,121.19,25.95,31.02,84.89,162.9,59.8,45.29,81.10958862304688,2009-06-01,109.78916704138948,-1.3834486568385957,1.9139301861085147
2009-06-04,28.16,942.46,119.37,26.09,30.18,81.26,169.0,58.8,46.14,81.10958862304688,2009-06-01,109.78916704138948,1.1418207308851205,1.3037545814790308
2009-06-05,26.82,940.09,118.83,25.35,29.62,82.11,183.4,64.8,45.75,81.10958862304688,2009-06-01,109.78916704138948,-0.25178627415764554,0.06339632785418904
2009-06-08,27.09,939.14,119.44,24.89,29.77,82.69,183.0,60.4,46.6,81.10958862304688,2009-06-01,109.78916704138948,-0.1011052485248075,0.010222271279263088
2009-06-09,25.03,942.43,119.24,23.45,28.27,81.64,175.3,57.5,45.89,81.10958862304688,2009-06-01,109.78916704138948,0.34970831305189676,0.12229590421760342
2009-06-10,24.78,939.15,121.61,22.36,28.46,86.92,178.4,55.8,46.97,81.10958862304688,2009-06-01,109.78916704138948,-0.34864351475131233,0.12155230037814854
2009-06-11,24.44,944.89,117.88,22.43,28.11,85.22,171.7,62.0,47.25,81.10958862304688,2009-06-01,109.78916704138948,0.6093307742659376,0.371283992467527
2009-06-12,24.79,946.21,120.98,20.38,28.15,85.43,171.8,61.9,46.39,81.10958862304688,2009-06-01,109.78916704138948,0.13960131292622696,0.019488526570726344
2009-06-15,25.31,923.72,118.2,21.81,30.81,85.05,166.5,51.6,46.84,81.10958862304688,2009-06-01,109.78916704138948,-2.4055536315656614,5.786688274338742
2009-06-16,23.12,911.97,125.05,22.07,32.68,88.49,167.2,51.0,47.4,81.10958862304688,2009-06-01,109.78916704138948,-1.280190061924845,1.6388865946511384
2009-06-17,22.8,910.71,123.17,19.78,31.54,86.49,170.1,50.2,47.32,81.10958862304688,2009-06-01,109.78916704138948,-0.13825797185576352,0.0191152667816691
2009-06-18,22.43,918.37,123.72,19.91,30.03,83.87,187.3,55.5,46.64,81.10958862304688,2009-06-01,109.78916704138948,0.8375844448658285,0.7015477022811981
2009-06-19,21.64,921.23,123.78,19.84,27.99,84.15,182.3,54.5,45.16,81.10958862304688,2009-06-01,109.78916704138948,0.31093741076927695,0.09668207341590206
2009-06-22,22.1,893.04,116.79,21.44,31.17,86.1,173.2,49.5,46.95,81.10958862304688,2009-06-01,109.78916704138948,-3.1078360927762203,9.658645179562564
2009-06-23,21.93,895.1,116.01,21.43,30.58,85.64,173.1,48.4,45.55,81.10958862304688,2009-06-01,109.78916704138948,0.2304071170416657,0.053087439583451836
2009-06-24,22.74,900.94,116.97,19.82,29.05,83.96,164.9,50.9,44.46,81.10958862304688,2009-06-01,109.78916704138948,0.6503218839248371,0.4229185527115494
2009-06-25,22.72,920.26,115.51,20.26,26.36,82.57,161.0,51.0,41.0,81.10958862304688,2009-06-01,109.78916704138948,2.1217576096281383,4.5018553540149115
2009-06-26,21.97,918.9,115.72,19.64,25.93,77.6,159.0,51.9,40.33,81.10958862304688,2009-06-01,109.78916704138948,-0.1478936305583694,0.021872525959735458
2009-06-29,21.72,927.23,117.16,19.11,25.35,79.69,158.4,51.2,41.26,81.10958862304688,2009-06-01,109.78916704138948,0.9024344474136606,0.814387931878799
2009-06-30,20.9,919.32,117.03,17.51,26.35,79.6,162.5,44.7,42.78,81.10958862304688,2009-06-01,109.78916704138948,-0.8567380664245962,0.7340001144609557
2009-07-01,20.29,923.33,116.68,17.57,26.22,79.68,161.6,43.7,43.01,83.43962097167969,2009-07-01,101.19830197640472,0.4352434081724914,0.18943682435760595
2009-07-02,19.93,896.42,115.08,19.7,27.95,81.32,149.1,37.2,45.67,83.43962097167969,2009-07-01,101.19830197640472,-2.95776472524855,8.74837216992463
2009-07-06,20.6,898.72,118.41,19.44,29.0,83.2,148.1,31.0,49.37,83.43962097167969,2009-07-01,101.19830197640472,0.2562475638153287,0.06566281396129096
2009-07-07,20.71,881.03,116.35,20.72,30.85,85.63,138.6,25.9,50.25,83.43962097167969,2009-07-01,101.19830197640472,-1.9879851214312678,3.9520848430320927
2009-07-08,23.58,879.56,114.25,20.7,31.3,86.17,136.5,25.8,52.66,83.43962097167969,2009-07-01,101.19830197640472,-0.16698951392400763,0.027885497760576337
2009-07-09,21.02,882.68,115.2,20.69,29.78,82.88,136.5,29.5,51.51,83.43962097167969,2009-07-01,101.19830197640472,0.3540951584310035,0.12538338122427745
2009-07-10,20.79,879.13,113.2,20.68,29.02,81.42,135.9,37.9,50.88,83.43962097167969,2009-07-01,101.19830197640472,-0.4029951929531129,0.1624051255433167
2009-07-13,19.27,901.05,113.3,22.14,26.31,80.58,137.8,36.7,49.58,83.43962097167969,2009-07-01,101.19830197640472,2.4627967878931316,6.065368018456727
2009-07-14,18.8,905.84,115.44,22.24,25.02,81.52,145.0,31.9,48.0,83.43962097167969,2009-07-01,101.19830197640472,0.5301940041504133,0.28110568203704844
2009-07-15,19.36,932.68,115.75,22.94,25.89,85.64,151.8,38.1,46.79,83.43962097167969,2009-07-01,101.19830197640472,2.9199472375008,8.526091869788553
2009-07-16,18.26,940.74,116.89,22.7,25.42,83.64,148.9,34.6,45.63,83.43962097167969,2009-07-01,101.19830197640472,0.8604637219621988,0.7403978168130402
2009-07-17,18.1,940.38,116.43,22.7,24.34,82.49,156.3,35.4,44.79,83.43962097167969,2009-07-01,101.19830197640472,-0.03827507063823333,0.001464981032361751
2009-07-20,18.55,951.13,116.31,22.88,24.4,80.98,149.7,34.0,44.65,83.43962097167969,2009-07-01,101.19830197640472,1.1366702521417231,1.2920192621039284
2009-07-21,18.05,954.58,116.79,22.88,23.87,80.45,143.9,33.4,44.24,83.43962097167969,2009-07-01,101.19830197640472,0.3620701753126186,0.13109481185091035
2009-07-22,17.46,954.07,112.41,20.68,23.47,75.3,144.4,32.7,44.36,83.43962097167969,2009-07-01,101.19830197640472,-0.053440915006703,0.0028559313967536537
2009-07-23,18.44,976.29,112.07,22.03,23.43,72.8,147.3,32.5,42.34,83.43962097167969,2009-07-01,101.19830197640472,2.3022629407408077,5.300414648308512
2009-07-24,18.04,979.26,114.04,21.95,23.09,73.01,143.6,32.6,40.72,83.43962097167969,2009-07-01,101.19830197640472,0.3037510964743119,0.09226472860934674
2009-07-27,18.72,982.18,114.05,20.7,24.28,74.35,143.1,34.1,42.46,83.43962097167969,2009-07-01,101.19830197640472,0.2977406555528025,0.08864949796901257
2009-07-28,19.26,979.62,116.18,20.71,25.01,76.68,140.2,29.2,42.97,83.43962097167969,2009-07-01,101.19830197640472,-0.2609849580059383,0.06811314830536137
2009-07-29,19.39,975.15,116.74,20.51,25.61,77.1,139.6,24.9,46.14,83.43962097167969,2009-07-01,101.19830197640472,-0.4573436047540637,0.20916317280944124
2009-07-30,18.85,986.75,115.41,20.69,25.4,73.88,139.1,23.4,45.57,83.43962097167969,2009-07-01,101.19830197640472,1.182540922436902,1.398403033237919
2009-07-31,20.51,987.48,108.94,20.64,25.92,73.47,138.5,30.9,45.72,83.43962097167969,2009-07-01,101.19830197640472,0.07395288626654475,0.005469029387152504
2009-08-03,21.11,1002.63,114.03,18.86,25.56,72.79,141.1,34.7,47.92,73.37187957763672,2009-08-01,98.202760312519,1.5225583178395026,2.318183831222256
2009-08-04,23.58,1005.65,114.94,18.88,24.89,71.05,141.0,33.3,47.18,73.37187957763672,2009-08-01,98.202760312519,0.3007551015213105,0.09045363109109379
2009-08-05,22.12,1002.72,117.11,17.51,24.9,70.13,145.4,28.5,46.7,73.37187957763672,2009-08-01,98.202760312519,-0.29177911228645814,0.08513505036667354
2009-08-06,21.13,997.08,115.22,17.59,25.67,73.17,147.7,31.3,46.02,73.37187957763672,2009-08-01,98.202760312519,-0.5640579011475083,0.31816131584693225
2009-08-07,20.95,1010.48,113.77,18.1,24.76,71.53,153.4,55.5,45.38,73.37187957763672,2009-08-01,98.202760312519,1.3349737000829562,1.7821547799131787
2009-08-10,20.33,1007.1,117.02,18.09,24.99,72.59,149.1,55.7,45.7,73.37187957763672,2009-08-01,98.202760312519,-0.33505518116208366,0.1122619744235567
2009-08-11,19.61,994.35,117.61,16.82,25.99,75.6,149.9,54.6,46.23,73.37187957763672,2009-08-01,98.202760312519,-1.274093529858868,1.6233143228282303
2009-08-12,19.83,1005.81,119.64,17.09,25.45,81.28,147.5,57.1,45.44,73.37187957763672,2009-08-01,98.202760312519,1.1459208667389598,1.3131346328277689
2009-08-13,19.97,1012.73,121.85,14.13,24.71,79.96,145.8,44.4,44.79,73.37187957763672,2009-08-01,98.202760312519,0.6856467654583368,0.47011148698347954
2009-08-14,19.56,1004.09,118.75,14.1,24.27,80.45,144.7,40.9,45.88,73.37187957763672,2009-08-01,98.202760312519,-0.8567996009098858,0.7341055561193396
2009-08-17,19.83,979.73,116.58,16.6,27.89,84.22,144.2,52.7,46.92,73.37187957763672,2009-08-01,98.202760312519,-2.4559914167756864,6.031893839275844
2009-08-18,18.93,989.67,118.11,16.5,26.18,81.11,136.7,52.1,44.5,73.37187957763672,2009-08-01,98.202760312519,1.0094530726770492,1.018995505937136
2009-08-19,19.38,996.46,121.73,16.7,26.26,76.32,136.0,51.4,45.14,73.37187957763672,2009-08-01,98.202760312519,0.6837444128079486,0.46750642204608645
2009-08-20,18.12,1007.37,121.53,17.05,25.09,76.7,131.9,50.8,45.72,73.37187957763672,2009-08-01,98.202760312519,1.0889254881918216,1.1857587188337968
2009-08-21,19.11,1026.13,122.9,16.56,25.01,76.55,132.3,49.8,45.68,73.37187957763672,2009-08-01,98.202760312519,1.8451470119857618,3.404567495839985
2009-08-24,19.65,1025.57,121.16,16.49,25.14,78.47,131.1,46.3,45.39,73.37187957763672,2009-08-01,98.202760312519,-0.05458887887182097,0.0029799456964823418
2009-08-25,19.56,1028.0,119.05,16.48,24.92,77.76,130.1,53.6,45.51,73.37187957763672,2009-08-01,98.202760312519,0.2366611446575528,0.056008497390623135
2009-08-26,19.6,1028.12,118.71,16.46,24.95,77.97,125.5,59.1,45.97,73.37187957763672,2009-08-01,98.202760312519,0.01167247049162505,0.00013624656737785756
2009-08-27,19.52,1030.98,117.71,16.44,24.68,75.59,125.4,66.0,43.98,73.37187957763672,2009-08-01,98.202760312519,0.2777914466682222,0.07716808784202374
2009-08-28,19.32,1028.93,117.67,16.0,24.76,74.41,129.1,66.6,43.21,73.37187957763672,2009-08-01,98.202760312519,-0.19903788774991862,0.039616080759949206
2009-08-31,20.43,1020.62,120.14,16.23,26.01,77.12,130.7,66.6,47.09,73.37187957763672,2009-08-01,98.202760312519,-0.8109141555451227,0.6575817676634594
2009-09-01,21.4,998.04,118.26,17.32,29.15,81.0,135.0,71.1,46.53,92.8399887084961,2009-09-01,99.3631090383095,-2.237220908516203,5.005157393502064
2009-09-02,25.58,994.75,118.41,17.32,28.9,77.07,137.6,69.7,45.81,92.8399887084961,2009-09-01,99.3631090383095,-0.33019063615583627,0.10902585620499584
2009-09-03,28.86,1003.24,119.38,17.51,27.1,75.48,134.1,71.4,44.6,92.8399887084961,2009-09-01,99.3631090383095,0.8498592185028414,0.7222606912742603
2009-09-04,27.23,1016.4,119.73,18.09,25.26,77.51,127.6,58.1,44.24,92.8399887084961,2009-09-01,99.3631090383095,1.3032209953942668,1.6983849628364236
2009-09-08,26.97,1025.39,120.55,17.78,25.62,75.69,123.2,55.6,45.91,92.8399887084961,2009-09-01,99.3631090383095,0.8806055564248824,0.7754661460063766
2009-09-09,24.71,1033.37,120.83,17.96,24.32,76.17,114.6,55.6,46.37,92.8399887084961,2009-09-01,99.3631090383095,0.7752278036300136,0.600978147521015
2009-09-10,24.22,1044.14,121.26,17.71,23.55,71.39,117.4,42.7,44.83,92.8399887084961,2009-09-01,99.3631090383095,1.036827402233454,1.0750110620221727
2009-09-11,25.67,1042.73,120.23,17.3,24.15,72.36,114.7,44.7,45.07,92.8399887084961,2009-09-01,99.3631090383095,-0.13513062285225982,0.018260285232439687
2009-09-14,24.78,1049.34,121.0,17.18,23.86,71.14,116.5,43.7,45.38,92.8399887084961,2009-09-01,99.3631090383095,0.6319121248784946,0.3993129335684541
2009-09-15,24.43,1052.63,118.46,16.96,23.42,72.25,119.6,54.6,43.93,92.8399887084961,2009-09-01,99.3631090383095,0.3130399279407913,0.09799399648517579
2009-09-16,25.09,1068.76,113.62,15.39,23.69,71.7,123.7,49.5,42.4,92.8399887084961,2009-09-01,99.3631090383095,1.520730356377962,2.312620816809443
2009-09-17,23.53,1065.49,118.95,15.05,23.65,69.36,121.8,53.1,42.36,92.8399887084961,2009-09-01,99.3631090383095,-0.3064310702846008,0.09390000083576597
2009-09-18,22.62,1068.3,117.02,14.78,23.92,70.39,121.4,52.7,41.67,92.8399887084961,2009-09-01,99.3631090383095,0.26338127223454677,0.06936969456388843
2009-09-21,23.22,1064.66,119.14,14.4,24.06,71.0,118.4,51.1,41.4,92.8399887084961,2009-09-01,99.3631090383095,-0.3413100605362237,0.11649255742324069
2009-09-22,24.53,1071.66,118.16,13.08,23.08,68.26,118.0,50.8,40.38,92.8399887084961,2009-09-01,99.3631090383095,0.6553348797967812,0.4294638046782616
2009-09-23,23.98,1060.87,117.44,13.47,23.49,68.18,111.9,50.6,41.23,92.8399887084961,2009-09-01,99.3631090383095,-1.011952195632226,1.0240472462448829
2009-09-24,22.0,1050.78,116.65,13.89,24.95,70.78,109.8,52.6,44.28,92.8399887084961,2009-09-01,99.3631090383095,-0.9556580675496985,0.9132823420728241
2009-09-25,21.79,1044.38,118.01,14.02,25.61,71.74,110.7,50.4,44.27,92.8399887084961,2009-09-01,99.3631090383095,-0.6109337622066211,0.37324006180393626
2009-09-28,20.4,1062.98,119.1,15.16,24.88,70.54,109.9,51.2,43.91,92.8399887084961,2009-09-01,99.3631090383095,1.7652876598941023,3.1162405221743956
2009-09-29,20.45,1060.61,119.84,15.18,25.19,68.99,115.2,46.8,43.74,92.8399887084961,2009-09-01,99.3631090383095,-0.22320702056161432,0.049821374027992915
2009-09-30,21.54,1057.08,120.86,15.01,25.61,71.32,113.8,48.5,45.23,92.8399887084961,2009-09-01,99.3631090383095,-0.3333824374182154,0.1111438495789103
2009-10-01,21.46,1029.85,117.81,15.3,28.27,76.25,112.6,42.0,45.59,90.57640075683594,2009-10-01,86.31598114971602,-2.6097229359217997,6.810653802276298
2009-10-02,21.38,1025.21,118.55,15.33,28.68,76.13,107.8,30.0,45.22,90.57640075683594,2009-10-01,86.31598114971602,-0.4515690913838788,0.20391464429326187
2009-10-05,22.78,1040.46,118.5,15.93,26.84,73.56,105.7,28.6,45.14,90.57640075683594,2009-10-01,86.31598114971602,1.4765453401865216,2.180186141626531
2009-10-06,25.36,1054.72,117.82,15.93,25.7,71.5,107.2,26.9,45.47,90.57640075683594,2009-10-01,86.31598114971602,1.361240580248467,1.8529759173151832
2009-10-07,24.01,1057.58,117.65,15.7,24.68,71.01,105.1,25.3,45.25,90.57640075683594,2009-10-01,86.31598114971602,0.27079503363128704,0.07332995023936988
2009-10-08,24.88,1065.48,119.92,15.67,24.18,68.1,101.8,26.8,43.36,90.57640075683594,2009-10-01,86.31598114971602,0.7442122654925316,0.5538518961095263
2009-10-09,23.19,1071.49,120.87,15.4,23.12,65.54,114.7,33.2,43.6,90.57640075683594,2009-10-01,86.31598114971602,0.562480132669331,0.31638389964770813
2009-10-13,22.34,1073.19,120.77,15.36,22.99,64.97,111.1,31.2,41.54,90.57640075683594,2009-10-01,86.31598114971602,0.15853184214350496,0.025132344973413177
2009-10-14,20.57,1092.02,121.31,16.43,22.86,68.84,115.4,35.3,42.09,90.57640075683594,2009-10-01,86.31598114971602,1.7393670575083282,3.02539776074518
2009-10-15,20.35,1096.56,120.03,15.65,21.72,67.07,117.8,44.4,40.09,90.57640075683594,2009-10-01,86.31598114971602,0.41488147676781745,0.17212663976504505
2009-10-16,20.76,1087.68,119.05,15.82,21.43,69.85,117.4,43.7,36.91,90.57640075683594,2009-10-01,86.31598114971602,-0.8131019415374443,0.6611347673319615
2009-10-19,20.9,1097.91,117.25,16.11,21.49,67.76,114.7,41.9,38.41,90.57640075683594,2009-10-01,86.31598114971602,0.9361384989114528,0.8763552891441881
2009-10-20,20.09,1091.06,116.9,16.22,20.9,68.63,108.9,40.8,39.06,90.57640075683594,2009-10-01,86.31598114971602,-0.6258671758938771,0.39170972186137726
2009-10-21,21.53,1081.4,118.6,16.36,22.22,78.16,111.9,40.0,39.96,90.57640075683594,2009-10-01,86.31598114971602,-0.889320279002224,0.7908905586445936
2009-10-22,19.75,1092.91,118.09,16.39,20.69,77.6,111.2,37.7,40.47,90.57640075683594,2009-10-01,86.31598114971602,1.0587365660837817,1.120923116362878
2009-10-23,19.98,1079.6,117.51,16.49,22.27,79.88,113.4,37.0,39.5,90.57640075683594,2009-10-01,86.31598114971602,-1.2253261464892762,1.5014241652702591
2009-10-26,20.87,1066.95,118.33,16.89,24.31,82.28,118.5,34.8,40.57,90.57640075683594,2009-10-01,86.31598114971602,-1.178649129621555,1.3892137707576495
2009-10-27,20.52,1063.41,118.9,15.88,24.83,80.41,114.1,26.6,39.82,90.57640075683594,2009-10-01,86.31598114971602,-0.33233850224763684,0.11044888007620252
2009-10-28,21.19,1042.63,118.37,17.21,27.91,85.43,113.3,22.6,41.24,90.57640075683594,2009-10-01,86.31598114971602,-1.9734358686821434,3.894449127801246
2009-10-29,20.72,1066.11,120.82,18.58,24.76,78.1,116.6,25.5,39.41,90.57640075683594,2009-10-01,86.31598114971602,2.227014275721744,4.959592584268445
2009-10-30,21.2,1036.19,122.75,19.34,30.69,89.9,113.5,29.2,41.13,90.57640075683594,2009-10-01,86.31598114971602,-2.8465985208026727,8.103123138635965
2009-11-02,22.3,1042.88,121.9,19.42,29.78,91.98,113.7,32.2,41.78,82.10176086425781,2009-11-01,99.39851265088105,0.6435591961670014,0.414168438971117
2009-11-03,25.25,1045.41,118.53,18.77,28.81,90.16,114.0,29.3,41.58,82.10176086425781,2009-11-01,99.39851265088105,0.24230363003456684,0.058711049127928246
2009-11-04,25.13,1046.5,119.75,18.15,27.72,85.97,116.2,23.5,40.6,82.10176086425781,2009-11-01,99.39851265088105,0.10421099365118228,0.010859931197766752
2009-11-05,22.76,1066.63,119.83,19.2,25.43,79.1,112.7,24.3,38.98,82.10176086425781,2009-11-01,99.39851265088105,1.9052882642820033,3.630123370010729
2009-11-06,21.45,1069.3,120.14,19.05,24.19,73.72,105.0,0.7,38.7,82.10176086425781,2009-11-01,99.39851265088105,0.2500083233736318,0.06250416175609447
2009-11-09,21.92,1093.08,114.4,20.5,23.15,68.83,99.9,0.5,39.06,82.10176086425781,2009-11-01,99.39851265088105,2.1995170782107922,4.83787537734094
2009-11-10,22.04,1093.01,119.65,20.44,22.84,68.49,95.7,2.0,38.12,82.10176086425781,2009-11-01,99.39851265088105,-0.00640412792005996,4.101285441649152e-05
2009-11-12,23.06,1087.24,118.38,19.9,24.24,80.77,102.2,1.4,38.78,82.10176086425781,2009-11-01,99.39851265088105,-0.5292983346738245,0.2801567270884839
2009-11-13,21.9,1093.48,120.72,19.96,23.36,80.28,97.2,-17.0,38.67,82.10176086425781,2009-11-01,99.39851265088105,0.5722896135947424,0.32751540182841954
2009-11-16,24.34,1109.3,114.53,20.43,22.89,83.31,92.5,-24.9,37.56,82.10176086425781,2009-11-01,99.39851265088105,1.4363914689886566,2.0632204521833906
2009-11-17,23.03,1110.32,119.32,20.2,22.41,83.97,91.2,-25.5,37.01,82.10176086425781,2009-11-01,99.39851265088105,0.09190763029704435,0.008447012506818185
2009-11-18,24.1,1109.8,114.75,20.09,21.63,79.15,89.1,-23.5,35.69,82.10176086425781,2009-11-01,99.39851265088105,-0.046844315578344745,0.0021943899020035523
2009-11-19,23.96,1094.9,119.35,20.34,22.63,79.27,86.9,-22.2,36.99,82.10176086425781,2009-11-01,99.39851265088105,-1.3516784012421477,1.8270345003845283
2009-11-20,24.65,1091.38,120.59,20.08,22.19,75.56,87.3,-23.1,36.8,82.10176086425781,2009-11-01,99.39851265088105,-0.32200843821982766,0.10368943428477256
2009-11-23,25.64,1106.24,122.85,20.18,21.16,75.84,87.7,-27.4,35.67,82.10176086425781,2009-11-01,99.39851265088105,1.3523927236078708,1.8289660788675148
2009-11-24,23.56,1105.65,122.47,19.74,20.47,75.05,83.7,-28.1,37.06,82.10176086425781,2009-11-01,99.39851265088105,-0.05334804298521139,0.0028460136903519623
2009-11-25,25.39,1110.63,121.98,19.76,20.48,73.91,82.8,-24.8,36.57,82.10176086425781,2009-11-01,99.39851265088105,0.44940245649862526,0.20196256790699876
2009-11-27,27.14,1091.49,120.82,19.63,24.85,83.24,88.9,-24.7,43.36,82.10176086425781,2009-11-01,99.39851265088105,-1.7383686624440835,3.021925606567632
2009-11-30,26.27,1095.63,122.91,18.35,24.51,81.58,86.1,-21.4,41.17,82.10176086425781,2009-11-01,99.39851265088105,0.37858050263810983,0.1433231969777239
2009-12-01,26.69,1108.86,122.96,15.86,21.92,80.74,87.5,-24.1,40.23,92.94691467285156,2009-12-01,98.36828242503142,1.2002920255385912,1.440700946571534
2009-12-02,26.74,1109.24,119.0,15.68,21.12,78.26,88.1,-21.9,40.29,92.94691467285156,2009-12-01,98.36828242503142,0.03426355923697408,0.0011739914915856317
2009-12-03,26.81,1099.92,117.04,15.9,22.46,78.52,93.1,-25.3,40.56,92.94691467285156,2009-12-01,98.36828242503142,-0.8437646249111204,0.7119387422514036
2009-12-04,29.82,1105.98,118.01,16.01,21.25,77.18,95.3,3.7,41.18,92.94691467285156,2009-12-01,98.36828242503142,0.5494369867158851,0.30188100237143173
2009-12-07,29.12,1103.25,117.17,14.74,22.1,77.75,89.8,5.4,42.49,92.94691467285156,2009-12-01,98.36828242503142,-0.24714505864806444,0.06108068001415521
2009-12-08,29.2,1091.94,117.89,15.12,23.69,79.57,86.1,6.9,42.19,92.94691467285156,2009-12-01,98.36828242503142,-1.030443840928602,1.0618145093076903
2009-12-09,28.99,1095.95,118.75,13.0,22.66,84.93,90.0,6.3,43.08,92.94691467285156,2009-12-01,98.36828242503142,0.3665636288990314,0.1343688940316268
2009-12-10,27.86,1102.35,121.35,13.15,22.32,84.56,90.9,15.1,42.9,92.94691467285156,2009-12-01,98.36828242503142,0.5822697613629019,0.3390380749976107
2009-12-11,27.82,1106.41,121.59,13.14,21.59,82.87,94.0,30.0,43.05,92.94691467285156,2009-12-01,98.36828242503142,0.36762749892007446,0.13514997796222936
2009-12-14,25.48,1114.11,125.3,12.9,21.15,81.64,93.3,27.8,42.16,92.94691467285156,2009-12-01,98.36828242503142,0.6935340247747815,0.4809894435203073
2009-12-15,26.05,1107.93,123.84,12.89,21.49,80.99,96.8,20.5,41.54,92.94691467285156,2009-12-01,98.36828242503142,-0.5562470463760016,0.3094107766020257
2009-12-16,24.9,1109.18,117.13,11.9,20.54,82.05,94.4,16.5,39.89,92.94691467285156,2009-12-01,98.36828242503142,0.11275941495411884,0.01271468566079516
2009-12-17,27.16,1096.08,121.83,12.63,22.51,83.56,92.6,17.1,39.08,92.94691467285156,2009-12-01,98.36828242503142,-1.1880825020866261,1.411540031764418
2009-12-18,26.59,1102.47,122.29,12.8,21.68,81.75,93.8,17.2,40.58,92.94691467285156,2009-12-01,98.36828242503142,0.581293852157132,0.33790254255567764
2009-12-21,25.88,1114.05,124.33,12.55,20.49,79.62,102.6,17.6,39.25,92.94691467285156,2009-12-01,98.36828242503142,1.044890671699057,1.0917965158037064
2009-12-22,25.22,1118.02,127.89,12.56,19.54,71.45,107.7,8.3,37.81,92.94691467285156,2009-12-01,98.36828242503142,0.35572398592781296,0.12653955416437088
2009-12-23,23.36,1120.59,127.15,11.81,19.71,69.81,102.4,4.5,36.0,92.94691467285156,2009-12-01,98.36828242503142,0.2296068657847357,0.052719312815489625
2009-12-24,23.1,1126.48,128.16,11.96,19.47,68.81,105.0,6.3,35.18,92.94691467285156,2009-12-01,98.36828242503142,0.5242394308515762,0.27482698085958457
2009-12-28,26.02,1127.78,125.79,11.88,19.93,69.89,108.2,6.3,36.48,92.94691467285156,2009-12-01,98.36828242503142,0.1153371966066168,0.013302668921073377
2009-12-29,24.85,1126.2,125.71,10.09,20.01,69.1,108.9,10.4,35.78,92.94691467285156,2009-12-01,98.36828242503142,-0.1401964754604196,0.019655051731524036
2009-12-30,24.53,1126.42,125.65,9.94,19.96,70.36,104.4,16.1,34.95,92.94691467285156,2009-12-01,98.36828242503142,0.019532810744783545,0.0003815306955915315
2009-12-31,23.71,1115.1,123.23,9.66,21.68,74.99,107.5,18.4,36.26,92.94691467285156,2009-12-01,98.36828242503142,-1.0100374956649936,1.020175742649212
2010-01-04,24.59,1132.99,123.84,11.08,20.04,73.3,106.4,19.9,35.44,91.58102416992188,2010-01-01,112.99382029930008,1.5916068892408728,2.533212489879008
2010-01-05,23.34,1136.52,122.99,10.76,19.35,70.36,102.5,18.7,34.27,91.58102416992188,2010-01-01,112.99382029930008,0.31108061622855104,0.09677114979313506
2010-01-06,23.9,1137.14,121.63,10.57,19.16,67.65,106.9,16.5,34.4,91.58102416992188,2010-01-01,112.99382029930008,0.054537619113457746,0.0029743518985645917
2010-01-07,23.32,1141.69,120.17,10.62,19.06,67.15,104.4,16.6,33.61,91.58102416992188,2010-01-01,112.99382029930008,0.39932825584234055,0.1594630559140858
2010-01-08,22.04,1144.98,120.15,10.09,18.13,65.71,96.3,5.2,31.34,91.58102416992188,2010-01-01,112.99382029930008,0.28775488113092446,0.08280287161467247
2010-01-11,20.97,1146.98,119.1,10.04,17.55,64.87,93.0,2.3,30.0,91.58102416992188,2010-01-01,112.99382029930008,0.1745231598840199,0.03045833333590317
2010-01-12,21.97,1136.22,120.66,10.32,18.25,70.42,92.7,-4.3,31.61,91.58102416992188,2010-01-01,112.99382029930008,-0.9425437682848987,0.8883887551326969
2010-01-13,20.63,1145.68,125.89,10.6,17.85,75.53,95.5,-4.1,32.75,91.58102416992188,2010-01-01,112.99382029930008,0.8291383667578441,0.6874704312298653
2010-01-14,21.34,1148.46,125.06,10.41,17.63,74.52,91.1,-12.4,30.86,91.58102416992188,2010-01-01,112.99382029930008,0.24235673156261114,0.05873678533371156
2010-01-15,21.48,1136.03,124.32,10.99,17.91,74.27,89.8,-11.8,29.8,91.58102416992188,2010-01-01,112.99382029930008,-1.088218610296955,1.1842197437966362
2010-01-19,21.31,1150.23,124.28,11.78,17.58,73.5,87.9,2.8,28.52,91.58102416992188,2010-01-01,112.99382029930008,1.242219397685807,1.543109031986889
2010-01-20,22.85,1138.04,124.1,11.59,18.68,80.36,88.3,2.7,31.15,91.58102416992188,2010-01-01,112.99382029930008,-1.0654437906525256,1.1351704710400228
2010-01-21,24.82,1116.48,121.99,13.27,22.27,88.82,87.5,-2.4,32.51,91.58102416992188,2010-01-01,112.99382029930008,-1.9126605455027454,3.6582703623228596
2010-01-22,26.01,1091.76,122.88,14.97,27.31,100.06,88.3,-2.0,34.85,91.58102416992188,2010-01-01,112.99382029930008,-2.2389806068551033,5.013034157873246
2010-01-25,24.73,1096.78,122.54,15.04,25.41,90.58,88.1,-0.7,33.33,91.58102416992188,2010-01-01,112.99382029930008,0.4587541286927027,0.21045535059260084
2010-01-26,24.35,1092.17,118.41,15.1,24.55,90.04,88.8,1.2,33.78,91.58102416992188,2010-01-01,112.99382029930008,-0.4212071372766148,0.17741545249276103
2010-01-27,24.08,1097.5,118.98,15.08,23.14,85.86,86.3,-0.3,34.23,91.58102416992188,2010-01-01,112.99382029930008,0.4868323105307144,0.23700569857667395
2010-01-28,23.35,1084.53,117.98,15.62,23.73,87.91,87.9,-4.3,33.28,91.58102416992188,2010-01-01,112.99382029930008,-1.1888152547708633,1.4132817099759125
2010-01-29,23.87,1073.87,117.5,16.01,24.62,89.0,86.3,14.8,34.05,91.58102416992188,2010-01-01,112.99382029930008,-0.9877767489622453,0.9757029057904226
2010-02-01,23.84,1089.19,119.22,16.73,22.59,83.73,85.3,26.2,32.45,80.72535705566406,2010-02-01,111.2881961607424,1.4165354795150988,2.006572764725071
2010-02-02,22.75,1103.32,120.46,17.04,21.48,80.98,83.7,28.3,32.44,80.72535705566406,2010-02-01,111.2881961607424,1.288951533068827,1.6613960546004796
2010-02-03,22.09,1097.28,119.95,16.26,21.6,80.55,90.0,30.9,34.65,80.72535705566406,2010-02-01,111.2881961607424,-0.5489425763279087,0.30133795210552183
2010-02-04,27.19,1063.11,116.02,19.64,26.08,91.42,90.9,28.6,38.51,80.72535705566406,2010-02-01,111.2881961607424,-3.1635815571409807,10.008248268682552
2010-02-05,27.59,1066.19,118.75,19.67,26.11,88.22,89.1,45.3,39.99,80.72535705566406,2010-02-01,111.2881961607424,0.28929715381732984,0.08369284320680781
2010-02-08,26.88,1056.74,117.68,19.86,26.51,90.01,88.0,49.7,39.53,80.72535705566406,2010-02-01,111.2881961607424,-0.8902848815299853,0.7926071702808599
2010-02-09,25.45,1070.52,120.43,20.36,26.0,88.8,88.1,51.1,38.74,80.72535705566406,2010-02-01,111.2881961607424,1.2955814287673313,1.6785312385667994
2010-02-10,26.02,1068.13,118.51,20.36,25.4,92.18,90.2,40.9,37.91,80.72535705566406,2010-02-01,111.2881961607424,-0.22350557547347752,0.049954742267730355
2010-02-11,25.48,1078.47,120.13,20.39,23.96,89.59,89.2,41.9,36.04,80.72535705566406,2010-02-01,111.2881961607424,0.9633914071687014,0.9281230034064907
2010-02-12,24.29,1075.51,113.71,20.19,22.73,88.16,87.0,42.1,36.04,80.72535705566406,2010-02-01,111.2881961607424,-0.27484023651562134,0.07553715560796267
2010-02-16,25.38,1094.87,120.89,20.94,22.25,81.77,85.5,45.6,36.15,80.72535705566406,2010-02-01,111.2881961607424,1.784066707597497,3.1828940171577726
2010-02-17,24.88,1099.51,119.63,20.62,21.72,80.29,85.9,46.8,35.38,80.72535705566406,2010-02-01,111.2881961607424,0.4228991255194203,0.17884367036509044
2010-02-18,24.0,1106.75,122.56,20.32,20.63,79.2,87.2,44.5,33.36,80.72535705566406,2010-02-01,111.2881961607424,0.6563166615592702,0.4307515602403056
2010-02-19,24.05,1109.17,118.53,19.99,20.02,77.97,84.9,37.6,34.63,80.72535705566406,2010-02-01,111.2881961607424,0.21841952435944148,0.04770708862140465
2010-02-22,23.53,1108.01,121.33,18.79,19.94,75.44,81.4,34.8,33.68,80.72535705566406,2010-02-01,111.2881961607424,-0.10463743185851612,0.010948992145945604
2010-02-23,23.89,1094.6,120.82,17.61,21.37,77.82,83.9,23.7,34.88,80.72535705566406,2010-02-01,111.2881961607424,-1.2176613827442042,1.4826992430265273
2010-02-24,22.68,1105.24,120.61,17.81,20.27,75.93,83.2,20.1,33.46,80.72535705566406,2010-02-01,111.2881961607424,0.967350622884524,0.9357672275950766
2010-02-25,21.85,1102.94,121.28,17.75,20.1,75.3,82.2,19.4,33.56,80.72535705566406,2010-02-01,111.2881961607424,-0.20831642635576905,0.04339573348963855
2010-02-26,21.31,1104.49,120.13,17.67,19.5,73.13,81.2,23.7,32.82,80.72535705566406,2010-02-01,111.2881961607424,0.14043482735503401,0.01972194073423821
2010-03-01,21.13,1115.71,120.8,17.55,19.26,73.24,79.4,16.1,34.29,74.116943359375,2010-03-01,107.51686756846392,1.0107283593191703,1.0215718163320218
2010-03-02,21.76,1118.31,120.28,17.2,19.06,73.43,78.4,13.7,34.88,74.116943359375,2010-03-01,107.51686756846392,0.23276435966405676,0.05417924712981837
2010-03-03,21.37,1118.79,119.03,16.5,18.83,72.61,78.9,12.9,34.53,74.116943359375,2010-03-01,107.51686756846392,0.042912700135530314,0.0018414998329219434
2010-03-04,20.06,1122.97,120.75,15.87,18.72,70.51,76.1,12.4,33.54,74.116943359375,2010-03-01,107.51686756846392,0.3729217083266287,0.13907060054125112
2010-03-05,19.29,1138.7,118.03,16.52,17.42,71.06,78.9,23.4,32.67,74.116943359375,2010-03-01,107.51686756846392,1.39102995934497,1.934964347795269
2010-03-08,19.89,1138.5,117.56,12.27,17.79,70.9,77.6,19.7,33.22,74.116943359375,2010-03-01,107.51686756846392,-0.017565431276499767,0.00030854437592943624
2010-03-09,19.88,1140.45,116.64,12.24,17.92,71.49,76.3,17.0,33.19,74.116943359375,2010-03-01,107.51686756846392,0.17113148387610982,0.029285984773639237
2010-03-10,20.93,1145.61,117.98,11.96,18.57,76.2,75.9,14.8,33.28,74.116943359375,2010-03-01,107.51686756846392,0.45143248760070065,0.20379129086135675
2010-03-11,20.19,1150.24,117.48,11.12,18.06,76.16,75.6,26.0,32.7,74.116943359375,2010-03-01,107.51686756846392,0.4033370016998894,0.1626807369402566
2010-03-12,20.16,1149.99,118.96,11.1,17.58,73.74,76.4,36.1,32.11,74.116943359375,2010-03-01,107.51686756846392,-0.021736956824699425,0.0004724952919988469
2010-03-15,20.9,1150.51,120.63,10.59,18.0,75.22,77.3,36.3,33.38,74.116943359375,2010-03-01,107.51686756846392,0.045207564343076406,0.002043723873833393
2010-03-16,20.32,1159.46,123.51,10.91,17.69,76.41,76.9,36.6,33.22,74.116943359375,2010-03-01,107.51686756846392,0.7749057161496351,0.6004788689213788
2010-03-17,19.8,1166.21,119.66,9.58,16.91,73.16,74.1,37.0,32.47,74.116943359375,2010-03-01,107.51686756846392,0.5804795137565081,0.33695646589099204
2010-03-18,19.23,1165.83,120.27,9.47,16.62,76.46,75.9,37.7,31.73,74.116943359375,2010-03-01,107.51686756846392,-0.03258949274998341,0.0010620750377012215
2010-03-19,19.71,1159.9,121.97,9.36,16.97,76.68,79.4,38.4,31.85,74.116943359375,2010-03-01,107.51686756846392,-0.5099485194476214,0.26004749248682113
2010-03-22,19.06,1165.81,123.63,9.54,16.87,77.75,78.5,41.8,29.57,74.116943359375,2010-03-01,107.51686756846392,0.5082329887481449,0.25830077085187203
2010-03-23,18.52,1174.17,121.18,9.89,16.35,78.31,78.6,41.5,29.23,74.116943359375,2010-03-01,107.51686756846392,0.7145390618215695,0.5105660708688486
2010-03-24,20.81,1167.72,122.67,9.13,17.55,80.68,90.1,40.7,29.34,74.116943359375,2010-03-01,107.51686756846392,-0.5508385371629813,0.3034230940238531
2010-03-25,20.27,1165.73,122.14,8.56,18.4,83.82,89.5,40.8,30.13,74.116943359375,2010-03-01,107.51686756846392,-0.17056294177613757,0.029091717107330092
2010-03-26,19.73,1166.59,123.14,8.55,17.77,81.56,87.4,36.3,30.1,74.116943359375,2010-03-01,107.51686756846392,0.07374631602661291,0.005438519127497064
2010-03-29,19.07,1173.22,123.2,8.79,17.59,78.75,87.1,34.5,30.17,74.116943359375,2010-03-01,107.51686756846392,0.5667141985337086,0.32116498281970374
2010-03-30,18.16,1173.27,124.03,8.04,17.13,76.91,86.2,35.9,29.56,74.116943359375,2010-03-01,107.51686756846392,0.004261684474056481,1.8161954556414063e-05
2010-03-31,18.14,1169.43,123.7,8.08,17.59,77.49,85.3,33.8,29.61,74.116943359375,2010-03-01,107.51686756846392,-0.32782716003415246,0.10747064685605781
2010-04-01,17.49,1178.1,123.93,8.4,17.47,78.29,89.8,40.1,29.24,88.76158142089844,2010-04-01,103.76085011345404,0.738652065793466,0.5456068743009548
2010-04-05,18.06,1187.44,123.78,8.79,17.02,76.97,90.1,40.1,29.65,88.76158142089844,2010-04-01,103.76085011345404,0.7896758064435914,0.6235878792823364
2010-04-06,17.93,1189.44,123.29,7.31,16.23,76.82,88.6,41.8,28.8,88.76158142089844,2010-04-01,103.76085011345404,0.16828787923777017,0.028320810298346315
2010-04-07,19.13,1182.45,123.27,7.55,16.62,78.16,92.2,43.4,29.04,88.76158142089844,2010-04-01,103.76085011345404,-0.5894050934860441,0.34739836422729237
2010-04-08,18.86,1186.44,122.67,7.6,16.48,77.06,90.3,42.1,29.25,88.76158142089844,2010-04-01,103.76085011345404,0.33686695230149477,0.11347934355289756
2010-04-09,19.4,1194.37,124.36,7.77,16.14,78.24,89.8,42.2,29.15,88.76158142089844,2010-04-01,103.76085011345404,0.6661622998832402,0.443772209785728
2010-04-12,18.27,1196.48,123.16,7.68,15.58,80.06,88.2,43.1,27.02,88.76158142089844,2010-04-01,103.76085011345404,0.1765063092874738,0.03115447721828536
2010-04-13,17.51,1197.3,125.54,7.69,16.2,79.97,86.7,40.1,27.26,88.76158142089844,2010-04-01,103.76085011345404,0.0685108934048995,0.004693742515137503
2010-04-14,17.31,1210.65,125.77,8.52,15.59,83.31,85.3,37.7,27.14,88.76158142089844,2010-04-01,103.76085011345404,1.108838371569334,1.2295225342645324
2010-04-15,17.44,1211.67,126.29,8.1,15.89,83.1,83.9,34.4,26.9,88.76158142089844,2010-04-01,103.76085011345404,0.0842167888871758,0.007092467530467138
2010-04-16,18.85,1192.13,131.33,9.65,18.36,86.29,82.9,28.0,27.16,88.76158142089844,2010-04-01,103.76085011345404,-1.6257950246036472,2.643209462025974
2010-04-19,18.94,1197.52,131.14,9.77,17.34,81.72,82.3,23.8,29.02,88.76158142089844,2010-04-01,103.76085011345404,0.4511128525653854,0.20350280574967916
2010-04-20,17.69,1207.17,134.19,9.99,15.73,79.65,78.3,23.5,27.8,88.76158142089844,2010-04-01,103.76085011345404,0.8026025643238168,0.6441708762591665
2010-04-21,17.8,1205.94,129.84,9.83,16.32,83.89,79.9,22.8,27.67,88.76158142089844,2010-04-01,103.76085011345404,-0.10194314445029012,0.010392404700412718
2010-04-22,17.77,1208.67,127.48,9.54,16.47,85.76,80.1,21.6,27.65,88.76158142089844,2010-04-01,103.76085011345404,0.22612356970690672,0.051131868776994306
2010-04-23,17.9,1217.28,126.13,9.62,16.62,88.14,85.2,23.5,26.68,88.76158142089844,2010-04-01,103.76085011345404,0.7098279974131414,0.5038557859115507
2010-04-26,17.73,1212.05,124.25,9.69,17.47,87.53,83.0,19.7,28.02,88.76158142089844,2010-04-01,103.76085011345404,-0.43057205731718795,0.18539229654235578
2010-04-27,20.9,1183.71,124.98,12.8,22.81,103.23,88.9,22.9,30.34,88.76158142089844,2010-04-01,103.76085011345404,-2.3659566893072763,5.597751055677848
2010-04-28,20.13,1191.36,128.4,12.87,21.08,101.7,87.2,19.2,30.68,88.76158142089844,2010-04-01,103.76085011345404,0.6441937673680552,0.41498560991584804
2010-04-29,19.35,1206.78,129.28,13.55,18.44,92.44,83.3,18.3,29.53,88.76158142089844,2010-04-01,103.76085011345404,1.286014370883258,1.6538329621182621
2010-04-30,20.42,1186.69,125.41,14.65,22.05,101.41,85.5,20.3,30.25,88.76158142089844,2010-04-01,103.76085011345404,-1.6787736487182545,2.8182809636308015
2010-05-03,20.93,1202.26,125.35,15.14,20.19,95.68,83.6,20.3,30.18,88.95870971679688,2010-05-01,146.78329174235074,1.3035199954753045,1.6991643786039379
2010-05-04,21.71,1173.6,124.86,17.07,23.84,101.88,88.7,17.1,32.67,88.95870971679688,2010-05-01,146.78329174235074,-2.4127171031983345,5.8212038200657625
2010-05-05,21.79,1165.9,122.82,17.21,24.91,105.59,95.8,13.2,35.61,88.95870971679688,2010-05-01,146.78329174235074,-0.6582626889526156,0.43330976766712803
2010-05-06,26.31,1128.15,122.16,20.28,32.8,125.36,116.7,13.4,39.73,88.95870971679688,2010-05-01,146.78329174235074,-3.291419799872393,10.833444298992024
2010-05-07,26.24,1110.88,123.86,21.16,40.95,135.38,112.6,11.5,42.61,88.95870971679688,2010-05-01,146.78329174235074,-1.5426628935558497,2.379808803154107
2010-05-10,24.35,1159.73,128.64,25.82,28.84,110.96,104.4,14.7,40.05,88.95870971679688,2010-05-01,146.78329174235074,4.303472538226554,18.5198758872701
2010-05-11,25.96,1155.79,127.09,25.84,28.32,113.95,96.8,14.4,38.87,88.95870971679688,2010-05-01,146.78329174235074,-0.34031265568998903,0.11581270362277302
2010-05-12,25.34,1171.67,124.26,26.29,25.52,116.53,93.2,14.4,36.96,88.95870971679688,2010-05-01,146.78329174235074,1.364598869249329,1.8621300739565472
2010-05-13,24.41,1157.44,126.2,26.38,26.68,123.17,89.5,13.9,36.46,88.95870971679688,2010-05-01,146.78329174235074,-1.2219411759088954,1.493140237381614
2010-05-14,26.21,1135.68,128.47,27.17,31.24,128.34,99.8,14.3,40.46,88.95870971679688,2010-05-01,146.78329174235074,-1.8979079305601414,3.6020545128830785
2010-05-17,26.46,1136.94,128.87,26.58,30.84,120.97,96.6,21.6,41.13,88.95870971679688,2010-05-01,146.78329174235074,0.11088524514465206,0.012295537590789584
2010-05-18,26.25,1120.8,123.88,26.95,33.55,135.82,97.2,22.8,42.96,88.95870971679688,2010-05-01,146.78329174235074,-1.4297726886780986,2.044249941289799
2010-05-19,27.05,1115.05,126.33,26.87,35.32,128.44,98.1,20.7,44.03,88.95870971679688,2010-05-01,146.78329174235074,-0.5143469084670231,0.26455274224958425
2010-05-20,30.73,1071.59,123.36,30.17,45.79,145.12,110.9,19.2,46.46,88.95870971679688,2010-05-01,146.78329174235074,-3.975572015145415,15.805172847607375
2010-05-21,27.78,1087.69,125.56,30.59,40.1,130.67,108.7,19.4,44.57,88.95870971679688,2010-05-01,146.78329174235074,1.4912654559367986,2.2238726600703878
2010-05-24,25.72,1073.65,125.0,30.86,38.32,123.87,107.1,20.5,44.9,88.95870971679688,2010-05-01,146.78329174235074,-1.2992122932899615,1.687952583035761
2010-05-25,25.72,1074.03,123.28,30.84,34.61,119.36,112.7,25.0,45.8,88.95870971679688,2010-05-01,146.78329174235074,0.035387022644471175,0.0012522413716403156
2010-05-26,24.74,1067.95,121.48,29.73,35.02,115.68,109.9,30.3,43.45,88.95870971679688,2010-05-01,146.78329174235074,-0.5677005694772115,0.32228393658475024
2010-05-27,23.0,1103.06,125.73,31.67,29.68,107.64,111.5,23.2,40.7,88.95870971679688,2010-05-01,146.78329174235074,3.2347212928041498,10.46342184212055
2010-05-28,22.28,1089.41,123.13,31.7,32.07,110.13,112.1,21.7,40.49,88.95870971679688,2010-05-01,146.78329174235074,-1.2451870600623243,1.5504908145466543
2010-06-01,23.15,1070.71,119.63,31.74,35.54,109.92,110.3,18.1,46.06,96.45369720458984,2010-06-01,133.79187672233874,-1.7314285467303576,2.997844812432798
2010-06-02,21.55,1098.38,123.69,32.66,30.17,98.02,105.2,15.8,42.92,96.45369720458984,2010-06-01,133.79187672233874,2.5514387180073492,6.5098395317469855
2010-06-03,21.7,1102.83,123.83,31.6,29.46,95.61,104.3,14.8,41.72,96.45369720458984,2010-06-01,133.79187672233874,0.4043236276677301,0.16347759589039326
2010-06-04,23.15,1064.88,121.11,33.78,35.48,103.31,106.4,8.2,47.15,96.45369720458984,2010-06-01,133.79187672233874,-3.5017486522915466,12.262243623825663
2010-06-07,24.95,1050.47,119.21,32.31,36.57,102.76,106.1,4.9,46.78,96.45369720458984,2010-06-01,133.79187672233874,-1.362443369109628,1.8562519340307941
2010-06-08,24.98,1062.0,120.74,31.9,33.7,101.79,108.7,2.6,43.85,96.45369720458984,2010-06-01,133.79187672233874,1.0916239754216572,1.1916429037153828
2010-06-09,24.58,1055.69,119.97,28.23,33.73,111.77,106.6,1.2,42.55,96.45369720458984,2010-06-01,133.79187672233874,-0.5959341239087247,0.35513748003885925
2010-06-10,23.29,1086.84,122.34,29.99,30.57,108.61,103.3,3.2,38.91,96.45369720458984,2010-06-01,133.79187672233874,2.9079821612060597,8.456360249892665
2010-06-11,21.62,1091.6,122.81,29.64,28.79,103.69,105.9,-14.2,39.37,96.45369720458984,2010-06-01,133.79187672233874,0.4370106659325958,0.19097832213885085
2010-06-14,21.79,1089.63,121.69,29.33,28.58,99.92,102.9,-13.6,39.72,96.45369720458984,2010-06-01,133.79187672233874,-0.18063207783149315,0.0326279475417226
2010-06-15,21.26,1115.23,124.8,29.65,25.87,99.0,99.6,-12.1,37.72,96.45369720458984,2010-06-01,133.79187672233874,2.322247259286971,5.392832333265848
2010-06-16,20.85,1114.61,121.48,29.65,25.92,93.67,96.0,-10.8,37.38,96.45369720458984,2010-06-01,133.79187672233874,-0.05560937250901565,0.003092402310846466
2010-06-17,22.78,1116.04,122.13,29.28,25.05,89.65,95.2,-15.9,36.29,96.45369720458984,2010-06-01,133.79187672233874,0.12821376691954428,0.016438770027699227
2010-06-18,22.04,1117.51,122.98,29.21,23.95,92.36,94.4,-15.8,35.25,96.45369720458984,2010-06-01,133.79187672233874,0.1316290400703783,0.017326204189849252
2010-06-21,22.25,1113.2,121.73,25.8,24.88,96.01,87.8,-15.1,35.36,96.45369720458984,2010-06-01,133.79187672233874,-0.3864245341811379,0.14932392061710945
2010-06-22,22.37,1095.31,120.42,25.88,27.05,101.65,85.9,-14.9,35.47,96.45369720458984,2010-06-01,133.79187672233874,-1.620132244496867,2.6248284896584564
2010-06-23,22.38,1092.04,119.84,25.48,26.91,98.93,85.2,-20.6,36.76,96.45369720458984,2010-06-01,133.79187672233874,-0.29899215361501785,0.08939630792334644
2010-06-24,22.27,1073.69,119.56,26.17,29.74,103.69,85.4,-20.0,37.41,96.45369720458984,2010-06-01,133.79187672233874,-1.6946192862424503,2.8717345253048716
2010-06-25,22.06,1076.76,119.37,26.15,28.53,97.51,84.7,-24.3,35.82,96.45369720458984,2010-06-01,133.79187672233874,0.2855218289774183,0.0815227148226101
2010-06-28,22.8,1074.57,120.3,23.67,29.0,99.01,84.2,-24.8,36.71,96.45369720458984,2010-06-01,133.79187672233874,-0.20359505575433148,0.04145094672760934
2010-06-29,24.07,1041.24,118.13,25.79,34.13,104.0,89.8,-36.4,39.16,96.45369720458984,2010-06-01,133.79187672233874,-3.1508270947024664,9.927711380711186
2010-06-30,23.46,1030.71,116.87,25.4,34.54,105.16,89.7,-35.9,39.5,96.45369720458984,2010-06-01,133.79187672233874,-1.0164425453543184,1.0331554480063656
2010-07-01,25.13,1027.37,116.76,23.8,32.86,100.69,93.8,-43.6,41.22,79.38137817382812,2010-07-01,141.87093837436038,-0.3245746455147631,0.10534870051103414
2010-07-02,22.95,1022.58,114.65,23.83,30.12,97.19,88.2,-19.9,39.19,79.38137817382812,2010-07-01,141.87093837436038,-0.4673293219507561,0.21839669515495344
2010-07-06,23.7,1028.06,116.01,20.57,29.65,97.58,82.6,-21.1,40.24,79.38137817382812,2010-07-01,141.87093837436038,0.5344685605450303,0.2856566422110768
2010-07-07,22.0,1060.27,117.77,22.8,26.84,92.14,86.3,-20.8,37.75,79.38137817382812,2010-07-01,141.87093837436038,3.0850061581731634,9.517262995966341
2010-07-08,20.26,1070.25,117.22,22.81,25.71,89.85,85.5,-20.1,35.78,79.38137817382812,2010-07-01,141.87093837436038,0.9368673372673071,0.8777204076383341
2010-07-09,19.68,1077.96,117.97,22.86,24.98,88.58,85.1,-19.6,34.57,79.38137817382812,2010-07-01,141.87093837436038,0.7178100004060206,0.5152511966828913
2010-07-12,18.51,1078.75,118.72,20.46,24.43,91.75,82.2,-17.2,33.2,79.38137817382812,2010-07-01,141.87093837436038,0.07325973685221687,0.005366989043656063
2010-07-13,18.99,1095.34,119.33,21.03,24.56,90.8,80.3,-26.0,32.87,79.38137817382812,2010-07-01,141.87093837436038,1.5261853940210992,2.3292418569233377
2010-07-14,18.24,1095.17,120.07,21.03,24.89,96.13,79.0,-25.3,33.16,79.38137817382812,2010-07-01,141.87093837436038,-0.015521499590610117,0.00024091694954131004
2010-07-15,17.18,1096.48,118.58,19.52,25.14,97.75,78.1,-28.5,33.24,79.38137817382812,2010-07-01,141.87093837436038,0.11954464955711873,0.014290923237734328
2010-07-16,20.13,1064.88,118.67,21.89,26.25,101.57,81.2,-33.5,34.13,79.38137817382812,2010-07-01,141.87093837436038,-2.924293209874971,8.551490777320863
2010-07-19,20.31,1071.25,118.78,21.97,25.97,102.58,79.4,-34.1,34.03,79.38137817382812,2010-07-01,141.87093837436038,0.5964074173225686,0.35570180743737656
2010-07-20,20.41,1083.48,119.07,22.27,23.93,98.89,78.7,-35.0,32.43,79.38137817382812,2010-07-01,141.87093837436038,1.1351892195398525,1.2886545641594995
2010-07-21,20.5,1069.59,117.29,22.66,25.64,97.02,78.4,-35.6,33.88,79.38137817382812,2010-07-01,141.87093837436038,-1.2902685652813712,1.664792970553248
2010-07-22,19.81,1093.67,118.22,23.27,24.63,93.2,78.8,-36.8,33.59,79.38137817382812,2010-07-01,141.87093837436038,2.2263615685037745,4.956685833710587
2010-07-23,20.28,1102.66,119.69,23.44,23.47,89.9,78.9,-37.0,32.44,79.38137817382812,2010-07-01,141.87093837436038,0.8186429368369252,0.670176258032986
2010-07-26,20.98,1115.01,119.29,22.98,22.73,88.55,77.3,-37.1,33.07,79.38137817382812,2010-07-01,141.87093837436038,1.1137930955885433,1.24053505978071
2010-07-27,22.12,1113.84,121.32,22.92,23.19,90.14,77.1,-37.9,32.91,79.38137817382812,2010-07-01,141.87093837436038,-0.10498688628368148,0.011022246291542666
2010-07-28,21.29,1106.13,121.91,23.04,24.25,90.71,76.3,-41.1,33.79,79.38137817382812,2010-07-01,141.87093837436038,-0.6946067738954189,0.4824785703414016
2010-07-29,19.74,1101.53,119.36,20.21,24.13,90.62,75.9,-40.8,31.57,79.38137817382812,2010-07-01,141.87093837436038,-0.41673144027251485,0.17366509331160462
2010-07-30,18.86,1101.6,119.53,19.85,23.5,89.55,78.2,-37.4,31.52,79.38137817382812,2010-07-01,141.87093837436038,0.006354595509431586,4.0380884088488076e-05
2010-08-02,18.79,1125.86,122.5,21.25,22.01,85.02,77.6,-34.1,31.62,80.99386596679688,2010-08-01,120.98942221669944,2.1783519629687675,4.745217274569883
2010-08-03,18.42,1120.46,121.39,21.25,22.63,85.04,81.1,-33.8,32.09,80.99386596679688,2010-08-01,120.98942221669944,-0.4807872789303521,0.2311564075812522
2010-08-04,18.11,1127.24,120.99,21.28,22.21,85.05,85.9,-30.4,31.76,80.99386596679688,2010-08-01,120.98942221669944,0.6032851860419904,0.36395301569771904
2010-08-05,18.0,1125.81,120.43,18.3,22.1,86.52,84.0,-31.6,31.32,80.99386596679688,2010-08-01,120.98942221669944,-0.1269390552379728,0.01611352374470911
2010-08-06,17.82,1121.64,119.67,18.02,21.74,87.44,80.4,-32.9,30.9,80.99386596679688,2010-08-01,120.98942221669944,-0.37108765803768484,0.13770604994789373
2010-08-09,17.61,1127.79,123.75,17.98,22.14,87.86,79.8,-33.0,31.31,80.99386596679688,2010-08-01,120.98942221669944,0.5468065530920585,0.2989974065044182
2010-08-10,18.11,1121.06,122.79,18.11,22.37,90.35,76.6,-33.0,32.08,80.99386596679688,2010-08-01,120.98942221669944,-0.5985299233984591,0.3582380692033653
2010-08-11,19.0,1089.47,118.45,19.83,25.39,102.65,76.2,-55.0,34.18,80.99386596679688,2010-08-01,120.98942221669944,-2.858332684063827,8.17006573278752
2010-08-12,18.74,1083.61,115.18,19.95,25.73,99.75,81.4,-56.1,34.84,80.99386596679688,2010-08-01,120.98942221669944,-0.5393279772831977,0.2908746670803854
2010-08-13,18.37,1079.25,115.28,19.99,26.24,99.54,84.3,-57.4,34.62,80.99386596679688,2010-08-01,120.98942221669944,-0.40317042303712897,0.16254639001193752
2010-08-16,18.5,1079.38,121.1,17.37,26.1,98.73,92.8,-57.3,35.41,80.99386596679688,2010-08-01,120.98942221669944,0.01204467649919063,0.00014507423197015505
2010-08-17,17.37,1092.54,121.96,17.8,24.33,93.25,90.9,-53.2,33.56,80.99386596679688,2010-08-01,120.98942221669944,1.2118458371228051,1.4685703329518724
2010-08-18,17.79,1094.16,121.26,17.43,24.59,91.3,87.5,-53.0,33.9,80.99386596679688,2010-08-01,120.98942221669944,0.14816850014889338,0.02195390443637262
2010-08-19,18.14,1075.63,120.26,17.93,26.44,91.96,91.0,-59.0,34.18,80.99386596679688,2010-08-01,120.98942221669944,-1.708040915809832,2.9174037700804893
2010-08-20,18.87,1071.69,119.62,16.26,25.49,89.34,93.2,-59.0,33.73,80.99386596679688,2010-08-01,120.98942221669944,-0.36696947092675236,0.13466659259226055
2010-08-23,18.42,1067.36,118.38,16.03,25.66,87.66,95.5,-59.5,33.56,80.99386596679688,2010-08-01,120.98942221669944,-0.4048531744724779,0.1639060928804426
2010-08-24,19.11,1051.87,117.39,16.43,27.46,85.7,97.6,-57.8,34.84,80.99386596679688,2010-08-01,120.98942221669944,-1.4618777443950457,2.1370865395575467
2010-08-25,19.6,1055.33,117.01,16.47,26.7,82.64,100.7,-64.3,33.24,80.99386596679688,2010-08-01,120.98942221669944,0.3283981690908,0.10784535746218966
2010-08-26,18.81,1047.22,115.99,16.49,27.37,82.95,104.4,-62.8,33.08,80.99386596679688,2010-08-01,120.98942221669944,-0.7714480246337092,0.595132054711252
2010-08-27,18.39,1064.59,116.03,17.41,24.45,79.0,109.2,-59.6,32.13,80.99386596679688,2010-08-01,120.98942221669944,1.6450714533391333,2.706260086591328
2010-08-30,18.52,1048.92,115.06,18.11,27.21,82.52,109.7,-57.3,32.99,80.99386596679688,2010-08-01,120.98942221669944,-1.4828685114819895,2.1988990223448113
2010-08-31,19.39,1049.33,115.02,16.41,26.05,81.49,103.7,-53.1,34.51,80.99386596679688,2010-08-01,120.98942221669944,0.03908018636654939,0.001527260966444233
2010-09-01,17.98,1080.29,116.36,19.35,23.89,78.28,110.1,-43.2,33.25,71.16854858398438,2010-09-01,132.57019497389464,2.907765834807642,8.455102150074584
2010-09-02,17.83,1090.1,116.74,19.51,23.19,79.05,103.2,-42.3,32.66,71.16854858398438,2010-09-01,132.57019497389464,0.9039911542174104,0.8172000069033258
2010-09-03,17.51,1104.51,119.11,19.98,21.31,76.64,95.3,-38.4,32.11,71.16854858398438,2010-09-01,132.57019497389464,1.3132362555402657,1.724589462865418
2010-09-07,17.77,1091.84,118.73,20.32,23.8,78.98,98.2,-33.4,33.28,71.16854858398438,2010-09-01,132.57019497389464,-1.1537451266510625,1.3311278172710763
2010-09-08,17.88,1098.87,120.3,20.34,23.25,89.88,100.9,-30.3,32.82,71.16854858398438,2010-09-01,132.57019497389464,0.6418032629720949,0.411911428361628
2010-09-09,17.41,1104.18,119.31,20.29,22.81,87.97,104.9,-17.3,31.81,71.16854858398438,2010-09-01,132.57019497389464,0.48205989722323916,0.2323817445108799
2010-09-10,17.3,1109.55,121.09,17.97,21.99,87.6,107.3,-16.9,31.37,71.16854858398438,2010-09-01,132.57019497389464,0.4851549676828218,0.23537534266731985
2010-09-13,16.69,1121.9,121.89,18.22,21.21,87.33,105.5,-15.5,31.72,71.16854858398438,2010-09-01,132.57019497389464,1.1069148848932673,1.225260562398275
2010-09-14,18.24,1121.1,120.98,18.16,21.56,87.95,102.4,-9.6,32.07,71.16854858398438,2010-09-01,132.57019497389464,-0.07133303913713078,0.005088402472539432
2010-09-15,17.56,1125.07,119.74,18.23,22.1,88.4,102.7,-10.2,31.97,71.16854858398438,2010-09-01,132.57019497389464,0.353490976547272,0.12495587050034401
2010-09-16,18.26,1124.66,124.32,17.7,21.72,87.63,103.8,-7.9,31.69,71.16854858398438,2010-09-01,132.57019497389464,-0.03644881870614647,0.0013285163850735328
2010-09-17,18.08,1125.59,124.9,17.7,22.01,85.45,103.6,-13.7,31.08,71.16854858398438,2010-09-01,132.57019497389464,0.08265748720807875,0.006832260191553702
2010-09-20,17.92,1142.71,124.88,17.48,21.5,81.5,103.6,-10.6,31.85,71.16854858398438,2010-09-01,132.57019497389464,1.5095291707627323,2.2786783173836223
2010-09-21,17.94,1139.78,122.81,17.45,22.35,80.97,96.6,-8.9,32.81,71.16854858398438,2010-09-01,132.57019497389464,-0.2567373008776423,0.06591404166193703
2010-09-22,17.36,1134.28,121.75,17.5,22.51,81.86,89.8,-8.0,31.67,71.16854858398438,2010-09-01,132.57019497389464,-0.483717291908741,0.23398241849152618
2010-09-23,17.56,1124.83,121.57,16.98,23.87,83.02,88.7,-8.3,31.4,71.16854858398438,2010-09-01,132.57019497389464,-0.8366175280827978,0.6999288882953709
2010-09-24,17.81,1148.67,123.0,18.46,21.71,80.0,83.7,-8.7,29.88,71.16854858398438,2010-09-01,132.57019497389464,2.097283822184383,4.398599430796334
2010-09-27,18.22,1142.16,120.21,18.35,22.54,82.62,85.7,-7.1,30.87,71.16854858398438,2010-09-01,132.57019497389464,-0.5683544849854091,0.3230268206030296
2010-09-28,18.2,1147.7,121.69,17.48,22.6,83.62,84.6,-11.7,30.82,71.16854858398438,2010-09-01,132.57019497389464,0.4838733205657932,0.23413339035536684
2010-09-29,18.65,1144.73,119.27,16.78,23.25,83.35,85.6,-14.9,30.8,71.16854858398438,2010-09-01,132.57019497389464,-0.25911383655897063,0.06713998029630895
2010-09-30,18.65,1141.2,120.48,16.8,23.7,86.49,85.1,-7.9,30.04,71.16854858398438,2010-09-01,132.57019497389464,-0.3088460981688114,0.0953859123540991
2010-10-01,18.41,1146.24,119.61,13.28,22.5,84.08,86.5,-6.4,30.46,65.99193572998047,2010-10-01,122.75940165402686,0.4406680092947396,0.1941882944157887
2010-10-04,18.88,1137.03,118.29,13.15,23.53,86.22,96.7,-4.4,31.37,65.99193572998047,2010-10-01,122.75940165402686,-0.8067420805565715,0.6508327845407457
2010-10-05,19.58,1160.75,117.77,14.21,21.76,82.62,89.2,-1.2,31.88,65.99193572998047,2010-10-01,122.75940165402686,2.064674827330452,4.262882142612031
2010-10-06,19.84,1159.97,116.57,13.65,21.49,81.05,90.4,-0.5,30.93,65.99193572998047,2010-10-01,122.75940165402686,-0.06722052030153325,0.004518598349608844
2010-10-07,21.43,1158.06,116.69,13.47,21.56,80.7,87.8,0.8,32.29,65.99193572998047,2010-10-01,122.75940165402686,-0.1647951434844234,0.027157439316051694
2010-10-08,20.65,1165.15,117.96,13.5,20.71,81.41,80.1,-2.8,32.22,65.99193572998047,2010-10-01,122.75940165402686,0.6103642814175685,0.3725445560303847
2010-10-12,20.01,1169.77,117.02,12.96,18.93,84.77,78.3,2.2,33.26,65.99193572998047,2010-10-01,122.75940165402686,0.39573141942571216,0.15660335632068892
2010-10-13,20.85,1178.1,118.43,13.19,19.07,88.72,81.3,3.1,33.19,65.99193572998047,2010-10-01,122.75940165402686,0.709582298146908,0.5035070378434474
2010-10-14,22.61,1173.81,120.24,13.16,19.88,87.14,84.6,-4.1,32.46,65.99193572998047,2010-10-01,122.75940165402686,-0.3648102825229549,0.13308654223447816
2010-10-15,21.05,1176.19,121.48,13.18,19.03,89.82,88.1,-3.3,33.42,65.99193572998047,2010-10-01,122.75940165402686,0.20255326074200258,0.041027823437217684
2010-10-18,20.89,1184.71,120.57,13.4,19.09,91.75,89.5,-5.8,32.2,65.99193572998047,2010-10-01,122.75940165402686,0.7217617846340957,0.5209400737581947
2010-10-19,21.16,1165.9,119.57,13.53,20.63,91.53,88.6,-4.9,33.99,65.99193572998047,2010-10-01,122.75940165402686,-1.600469794135919,2.5615035619414708
2010-10-20,20.51,1178.17,120.04,14.03,19.79,85.48,87.1,-4.8,32.39,65.99193572998047,2010-10-01,122.75940165402686,1.0469066254142374,1.0960134823362264
2010-10-21,21.11,1180.26,118.17,13.92,19.27,83.59,89.6,-4.9,33.65,65.99193572998047,2010-10-01,122.75940165402686,0.1772365978304534,0.031412811610513874
2010-10-22,20.45,1183.08,117.38,13.61,18.78,81.97,92.4,-4.7,32.45,65.99193572998047,2010-10-01,122.75940165402686,0.23864542032575106,0.056951636642454395
2010-10-25,20.06,1185.62,116.45,11.5,19.85,82.02,90.3,-3.9,33.05,65.99193572998047,2010-10-01,122.75940165402686,0.21446371204069184,0.04599468378227279
2010-10-26,20.16,1185.64,116.51,11.38,20.22,82.79,97.4,-3.7,31.89,65.99193572998047,2010-10-01,122.75940165402686,0.0016868668978158765,2.845519930946959e-06
2010-10-27,20.42,1182.45,116.97,11.31,20.71,80.42,99.9,-1.7,32.0,65.99193572998047,2010-10-01,122.75940165402686,-0.2694155990308462,0.0725847650011497
2010-10-28,20.81,1183.78,116.29,11.27,20.88,78.47,98.7,-0.5,31.56,65.99193572998047,2010-10-01,122.75940165402686,0.11241511941456764,0.012637159072991502
2010-10-29,21.24,1183.26,116.04,11.23,21.2,77.46,99.8,1.7,32.12,65.99193572998047,2010-10-01,122.75940165402686,-0.04393673181400836,0.0019304364024960944
2010-11-01,22.45,1184.38,116.83,11.14,21.83,79.72,98.7,9.1,32.83,94.70516967773438,2010-11-01,127.45788209648524,0.09460898477315377,0.008950859999806842
2010-11-02,21.87,1193.57,116.14,11.18,21.57,80.18,98.3,10.0,33.33,94.70516967773438,2010-11-01,127.45788209648524,0.7729385187609348,0.5974339537843479
2010-11-03,20.68,1197.96,118.21,8.86,19.56,76.57,83.1,12.7,31.89,94.70516967773438,2010-11-01,127.45788209648524,0.36712940509606173,0.1347840000861882
2010-11-04,21.48,1221.06,116.59,11.08,18.52,70.78,82.1,12.8,30.78,94.70516967773438,2010-11-01,127.45788209648524,1.909922381617784,3.647803503804548
2010-11-05,21.06,1225.85,116.98,11.14,18.26,74.02,81.7,26.0,29.86,94.70516967773438,2010-11-01,127.45788209648524,0.3915146955609237,0.1532837568401628
2010-11-08,22.38,1223.25,118.27,10.99,18.29,73.67,82.5,32.6,30.82,94.70516967773438,2010-11-01,127.45788209648524,-0.21232297388884083,0.045081045241001386
2010-11-09,24.65,1213.4,119.61,11.31,19.08,76.49,90.4,32.6,30.93,94.70516967773438,2010-11-01,127.45788209648524,-0.8084914661035401,0.6536584507622517
2010-11-10,24.02,1218.71,122.16,11.3,18.47,83.07,91.6,36.1,30.25,94.70516967773438,2010-11-01,127.45788209648524,0.4366585752434095,0.19067071133360433
2010-11-12,23.67,1199.21,121.72,11.74,20.61,88.18,97.7,36.0,30.92,94.70516967773438,2010-11-01,127.45788209648524,-1.6129915614416994,2.6017417772821316
2010-11-15,23.32,1197.75,122.04,11.74,20.2,88.13,103.9,28.5,31.13,94.70516967773438,2010-11-01,127.45788209648524,-0.12182098829831606,0.014840353189978457
2010-11-16,23.56,1178.34,120.86,12.7,22.58,93.65,100.8,29.2,33.43,94.70516967773438,2010-11-01,127.45788209648524,-1.63381284080449,2.669344398777638
2010-11-17,22.09,1178.59,120.34,11.36,21.76,89.25,95.1,24.1,33.69,94.70516967773438,2010-11-01,127.45788209648524,0.021214036983506886,0.00045003536513759794
2010-11-18,21.31,1196.69,121.73,11.97,18.75,83.92,98.6,29.9,31.49,94.70516967773438,2010-11-01,127.45788209648524,1.5240603506340207,2.3227599523746942
2010-11-19,20.13,1199.73,121.26,11.99,18.04,84.73,94.5,29.7,30.64,94.70516967773438,2010-11-01,127.45788209648524,0.2537119228432239,0.06436973979280601
2010-11-22,20.23,1197.84,122.34,11.97,18.37,78.39,90.6,29.7,30.84,94.70516967773438,2010-11-01,127.45788209648524,-0.1576596630330781,0.024856569347703732
2010-11-23,21.33,1180.73,119.86,12.94,20.63,87.44,90.8,30.4,31.6,94.70516967773438,2010-11-01,127.45788209648524,-1.438704358331163,2.0698702306810834
2010-11-24,20.59,1198.35,122.16,13.96,19.56,81.55,101.0,25.9,30.03,94.70516967773438,2010-11-01,127.45788209648524,1.4812719350008896,2.1941665454212798
2010-11-26,15.92,1189.4,119.02,14.51,22.22,90.55,100.8,24.1,28.82,94.70516967773438,2010-11-01,127.45788209648524,-0.7496632323667194,0.5619949619625179
2010-11-29,21.51,1187.76,118.54,14.53,21.53,89.01,100.4,19.4,30.75,94.70516967773438,2010-11-01,127.45788209648524,-0.13797979607531208,0.019038424124984705
2010-11-30,22.61,1180.55,116.71,14.66,23.54,95.73,101.9,22.4,31.89,94.70516967773438,2010-11-01,127.45788209648524,-0.6088748748767805,0.3707286132562151
2010-12-01,22.64,1206.07,118.69,16.41,21.36,92.03,110.1,21.7,31.17,97.20389556884766,2010-12-01,130.31700524576115,2.138670815746615,4.573912858126292
2010-12-02,21.69,1221.53,120.88,16.76,19.39,87.74,109.3,20.6,30.9,97.20389556884766,2010-12-01,130.31700524576115,1.2737031643018828,1.622319750752629
2010-12-03,20.95,1224.71,120.42,16.74,18.01,84.28,102.7,-9.6,31.7,97.20389556884766,2010-12-01,130.31700524576115,0.2599909895411432,0.06759531464258282
2010-12-06,20.74,1223.12,121.15,15.36,18.02,82.6,98.2,-12.1,31.5,97.20389556884766,2010-12-01,130.31700524576115,-0.12991100065108332,0.01687686809016577
2010-12-07,20.97,1223.75,118.13,15.31,17.99,82.66,110.4,-14.1,32.17,97.20389556884766,2010-12-01,130.31700524576115,0.051494359236190675,0.002651669033145856
2010-12-08,21.13,1228.28,119.53,15.35,17.74,81.8,112.1,-14.1,30.96,97.20389556884766,2010-12-01,130.31700524576115,0.3694901900663627,0.13652300055527683
2010-12-09,20.04,1233.0,123.93,15.17,17.25,79.8,109.0,-14.0,30.41,97.20389556884766,2010-12-01,130.31700524576115,0.38354074189605825,0.14710350069417877
2010-12-10,19.63,1240.4,123.01,15.25,17.61,79.36,110.8,1.7,30.36,97.20389556884766,2010-12-01,130.31700524576115,0.5983684061949668,0.35804474953230475
2010-12-13,17.35,1240.46,120.74,15.2,17.55,81.67,110.4,1.4,29.25,97.20389556884766,2010-12-01,130.31700524576115,0.004837032320385555,2.3396881668454462e-05
2010-12-14,16.77,1241.59,121.99,14.66,17.61,81.67,118.4,11.0,29.0,97.20389556884766,2010-12-01,130.31700524576115,0.09105377233105524,0.008290789455715642
2010-12-15,16.87,1235.23,121.94,14.73,17.94,83.42,125.2,14.3,28.46,97.20389556884766,2010-12-01,130.31700524576115,-0.5135628732467858,0.2637468247774942
2010-12-16,17.31,1242.87,124.81,13.84,17.39,81.32,122.7,17.8,27.93,97.20389556884766,2010-12-01,130.31700524576115,0.6166033821100105,0.38019973082950365
2010-12-17,16.41,1243.91,125.24,13.84,16.11,86.62,119.1,17.7,26.82,97.20389556884766,2010-12-01,130.31700524576115,0.08364230536136011,0.00699603524616301
2010-12-20,16.3,1247.08,125.84,12.8,16.41,84.09,112.7,17.4,26.61,97.20389556884766,2010-12-01,130.31700524576115,0.25451741767312724,0.06477911589899711
2010-12-21,16.66,1254.6,124.87,12.93,16.49,84.38,104.2,17.6,25.83,97.20389556884766,2010-12-01,130.31700524576115,0.6011978070857421,0.3614388032447052
2010-12-22,16.32,1258.84,123.65,12.97,15.45,86.03,106.4,14.3,25.5,97.20389556884766,2010-12-01,130.31700524576115,0.33738653176371236,0.11382967181554648
2010-12-23,16.23,1256.77,125.35,11.97,16.47,86.74,106.8,12.5,25.42,97.20389556884766,2010-12-01,130.31700524576115,-0.16457244701686807,0.02708409031711985
2010-12-27,17.31,1257.54,123.86,10.77,17.67,87.44,106.1,11.9,27.48,97.20389556884766,2010-12-01,130.31700524576115,0.06124941030118858,0.0037514902622433456
2010-12-28,18.7,1258.51,123.53,9.99,17.52,86.34,110.2,6.5,27.88,97.20389556884766,2010-12-01,130.31700524576115,0.07710498980996865,0.005945179453595369
2010-12-29,19.54,1259.78,122.4,9.97,17.28,85.71,111.3,6.3,27.78,97.20389556884766,2010-12-01,130.31700524576115,0.10086210147884853,0.010173163514729537
2010-12-30,19.67,1257.88,122.17,9.79,17.52,86.52,111.3,14.7,29.27,97.20389556884766,2010-12-01,130.31700524576115,-0.15093383226483204,0.02278102172214845
2010-12-31,19.53,1257.64,120.74,6.42,17.75,86.36,110.4,14.6,29.48,97.20389556884766,2010-12-01,130.31700524576115,-0.01908154184647296,0.00036410523923869877
2011-01-03,18.95,1271.87,122.68,5.77,17.61,84.8,105.9,14.6,28.21,79.42161560058594,2011-01-01,110.41948455681512,1.125130963440283,1.2659196848920595
2011-01-04,18.84,1270.2,121.96,5.71,17.38,85.25,102.8,14.9,30.26,79.42161560058594,2011-01-01,110.41948455681512,-0.1313890050426815,0.017263070646105785
2011-01-05,18.83,1276.56,121.23,5.98,17.02,84.7,116.2,18.9,29.32,79.42161560058594,2011-01-01,110.41948455681512,0.49945917332972517,0.24945946582321246
2011-01-06,19.24,1273.85,121.01,6.03,17.4,84.6,112.9,18.9,30.21,79.42161560058594,2011-01-01,110.41948455681512,-0.21251493053446058,0.0451625957000666
2011-01-07,18.5,1271.5,121.22,5.95,17.14,83.73,107.5,35.1,29.64,79.42161560058594,2011-01-01,110.41948455681512,-0.18465049346529078,0.03409580473697539
2011-01-10,18.32,1269.75,121.47,5.79,17.54,81.65,102.5,35.8,29.09,79.42161560058594,2011-01-01,110.41948455681512,-0.13772751808198855,0.018968869237024483
2011-01-11,17.52,1274.48,122.29,5.59,16.89,79.82,100.3,36.7,28.01,79.42161560058594,2011-01-01,110.41948455681512,0.37182215832849935,0.13825171742406364
2011-01-12,16.92,1285.96,121.94,6.34,16.24,77.94,98.3,36.4,27.53,79.42161560058594,2011-01-01,110.41948455681512,0.896726885011282,0.8041191063020369
2011-01-13,18.46,1283.76,121.29,6.36,16.39,78.64,96.4,40.2,27.73,79.42161560058594,2011-01-01,110.41948455681512,-0.17122492236479142,0.02931797403882885
2011-01-14,18.72,1293.24,123.52,6.61,15.46,75.94,96.4,36.2,26.5,79.42161560058594,2011-01-01,110.41948455681512,0.7357425505636377,0.5413171007098869
2011-01-18,17.66,1295.02,128.16,6.35,15.87,79.77,97.6,40.6,26.52,79.42161560058594,2011-01-01,110.41948455681512,0.137544163308385,0.018918396860203687
2011-01-19,17.95,1281.92,123.41,7.28,17.31,83.7,93.4,39.5,27.28,79.42161560058594,2011-01-01,110.41948455681512,-1.0167184992425786,1.0337165067020813
2011-01-20,18.53,1280.26,126.19,7.25,17.99,82.69,97.8,39.2,27.4,79.42161560058594,2011-01-01,110.41948455681512,-0.12957717508255115,0.016790244302374115
2011-01-21,19.06,1283.35,133.99,7.0,18.47,85.41,95.3,38.6,26.53,79.42161560058594,2011-01-01,110.41948455681512,0.24106642558033367,0.05811302154207855
2011-01-24,18.99,1290.84,131.86,7.19,17.65,82.97,93.7,35.7,27.1,79.42161560058594,2011-01-01,110.41948455681512,0.5819322689537693,0.33864516564968206
2011-01-25,18.73,1291.18,134.61,7.17,17.59,82.67,93.5,42.2,29.98,79.42161560058594,2011-01-01,110.41948455681512,0.0263359696644669,0.0006935832981677208
2011-01-26,18.86,1296.63,131.76,7.32,16.64,79.43,93.3,42.8,28.0,79.42161560058594,2011-01-01,110.41948455681512,0.42120619810420096,0.17741466132139538
2011-01-27,18.87,1299.54,130.56,7.34,16.15,77.04,93.2,33.4,29.79,79.42161560058594,2011-01-01,110.41948455681512,0.22417647678586913,0.050255092744125325
2011-01-28,18.65,1276.34,128.23,9.66,20.04,91.52,90.3,28.2,33.26,79.42161560058594,2011-01-01,110.41948455681512,-1.801374858601659,3.2449513812021467
2011-01-31,18.33,1286.12,130.3,10.03,19.53,86.08,96.2,28.7,35.18,79.42161560058594,2011-01-01,110.41948455681512,0.7633326949972495,0.582676803251764
2011-02-01,17.7,1307.59,129.0,11.48,17.63,84.48,97.2,40.4,33.38,90.01448822021484,2011-02-01,93.8689212010828,1.655581418074286,2.740949831872864
2011-02-02,17.22,1304.03,127.52,11.0,17.3,83.16,102.5,42.0,31.83,90.01448822021484,2011-02-01,93.8689212010828,-0.27262788652279424,0.07432596450988557
2011-02-03,17.74,1307.1,127.13,11.02,16.69,81.75,102.3,46.8,32.19,90.01448822021484,2011-02-01,93.8689212010828,0.23514734345755295,0.05529427313514437
2011-02-04,17.0,1310.87,127.45,10.93,15.93,81.11,105.1,64.1,32.24,90.01448822021484,2011-02-01,93.8689212010828,0.28800961095791244,0.08294953600412808
2011-02-07,16.14,1319.05,127.63,11.1,16.28,80.54,101.4,63.2,31.56,90.01448822021484,2011-02-01,93.8689212010828,0.6220741603444068,0.3869762609681987
2011-02-08,15.61,1324.57,129.54,11.17,15.81,78.93,101.2,63.4,31.07,90.01448822021484,2011-02-01,93.8689212010828,0.4176097943201374,0.17439794031210745
2011-02-10,15.49,1321.87,129.24,11.13,16.09,83.73,100.5,66.6,29.86,90.01448822021484,2011-02-01,93.8689212010828,-0.20404777261518242,0.04163549350921719
2011-02-11,15.87,1329.15,131.31,10.92,15.69,84.5,97.2,67.1,29.58,90.01448822021484,2011-02-01,93.8689212010828,0.5492239439842426,0.30164694064560643
2011-02-14,15.56,1332.32,127.41,10.93,15.95,82.67,95.6,68.4,30.12,90.01448822021484,2011-02-01,93.8689212010828,0.23821433260880176,0.056746068260256834
2011-02-15,15.23,1328.01,131.78,10.72,16.37,84.38,94.7,67.4,30.47,90.01448822021484,2011-02-01,93.8689212010828,-0.3240202358999328,0.1049891132726481
2011-02-16,15.13,1336.32,130.69,10.9,16.72,83.05,95.5,63.9,31.42,90.01448822021484,2011-02-01,93.8689212010828,0.623798624559996,0.38912472400294285
2011-02-17,15.3,1340.43,130.97,10.35,16.59,83.03,94.4,72.1,31.04,90.01448822021484,2011-02-01,93.8689212010828,0.3070890617279297,0.09430369183294023
2011-02-18,16.17,1343.01,136.43,10.37,16.43,85.47,94.3,72.0,30.82,90.01448822021484,2011-02-01,93.8689212010828,0.19229055205082848,0.036975656408012376
2011-02-22,16.83,1315.44,125.9,12.55,20.8,99.18,97.3,76.6,38.54,90.01448822021484,2011-02-01,93.8689212010828,-2.0742153105926633,4.302369154697018
2011-02-23,18.02,1307.4,124.53,12.55,22.13,99.04,96.7,77.2,41.92,90.01448822021484,2011-02-01,93.8689212010828,-0.6130778227341465,0.3758644167284415
2011-02-24,16.62,1306.1,124.68,12.56,21.32,94.07,96.9,77.1,42.62,90.01448822021484,2011-02-01,93.8689212010828,-0.09948345951537797,0.009896958717147849
2011-02-25,15.69,1319.88,128.76,12.99,19.22,86.17,93.1,70.2,42.49,90.01448822021484,2011-02-01,93.8689212010828,1.0495225773550236,1.1014976403779315
2011-02-28,15.98,1327.22,129.37,13.12,18.35,81.78,90.5,74.5,39.05,90.01448822021484,2011-02-01,93.8689212010828,0.5545705724534893,0.3075485198313908
2011-03-01,17.46,1306.33,122.43,12.89,21.01,89.28,97.5,77.3,41.85,136.8883056640625,2011-03-01,127.20477052215335,-1.586485022463909,2.5169347265023103
2011-03-02,17.91,1308.44,123.06,12.6,20.7,87.55,96.6,83.6,42.25,136.8883056640625,2011-03-01,127.20477052215335,0.16139090306173223,0.02604702359108145
2011-03-03,17.56,1330.97,125.71,12.74,18.6,82.36,100.4,86.1,40.42,136.8883056640625,2011-03-01,127.20477052215335,1.7072411809528822,2.914672449941392
2011-03-04,17.5,1321.15,125.9,12.98,19.06,81.48,94.6,97.5,44.87,136.8883056640625,2011-03-01,127.20477052215335,-0.7405430280443107,0.5484039763850368
2011-03-07,17.79,1310.13,122.95,13.25,20.66,84.32,94.6,93.2,45.16,136.8883056640625,2011-03-01,127.20477052215335,-0.8376200503835498,0.7016073488045406
2011-03-08,17.35,1321.82,123.37,13.55,19.82,80.84,91.2,91.2,44.21,136.8883056640625,2011-03-01,127.20477052215335,0.8883205891223348,0.789113469058652
2011-03-09,16.65,1320.02,122.6,13.39,20.22,84.89,90.9,88.4,43.0,136.8883056640625,2011-03-01,127.20477052215335,-0.13626868232272332,0.018569153781971288
2011-03-10,17.18,1295.11,119.26,14.83,21.88,88.16,94.2,74.9,42.86,136.8883056640625,2011-03-01,127.20477052215335,-1.9051254369579458,3.629502930544204
2011-03-11,17.65,1304.28,118.54,15.0,20.08,83.21,91.7,68.3,41.36,136.8883056640625,2011-03-01,127.20477052215335,0.7055530751890259,0.4978051419086912
2011-03-14,17.95,1296.39,121.52,15.13,21.13,83.89,90.8,63.5,40.99,136.8883056640625,2011-03-01,127.20477052215335,-0.6067685794074694,0.36816810895615854
2011-03-15,19.04,1281.87,121.82,15.47,24.32,89.68,94.6,62.6,42.34,136.8883056640625,2011-03-01,127.20477052215335,-1.1263529286306984,1.268670919834951
2011-03-16,18.74,1256.88,122.46,16.94,29.4,112.39,103.6,60.2,42.82,136.8883056640625,2011-03-01,127.20477052215335,-1.968748964337206,3.8759724845788215
2011-03-17,18.16,1273.72,125.85,17.5,26.37,101.45,103.7,63.8,43.1,136.8883056640625,2011-03-01,127.20477052215335,1.3309293117774694,1.7713728329484484
2011-03-18,18.1,1279.2,126.81,17.45,24.44,96.28,100.3,63.3,41.9,136.8883056640625,2011-03-01,127.20477052215335,0.4293129762627889,0.18430963158761396
2011-03-21,17.01,1298.38,124.59,18.16,20.61,89.17,95.6,61.6,39.1,136.8883056640625,2011-03-01,127.20477052215335,1.4882450988371785,2.214873474212883
2011-03-22,16.63,1293.77,120.83,18.19,20.21,87.39,91.9,61.0,37.9,136.8883056640625,2011-03-01,127.20477052215335,-0.35568966767270527,0.1265151396891195
2011-03-23,16.83,1297.54,120.75,16.77,19.17,84.77,91.7,57.8,36.36,136.8883056640625,2011-03-01,127.20477052215335,0.29097272498432947,0.08466512668480623
2011-03-24,17.61,1309.66,119.97,16.96,18.0,84.17,90.1,53.8,35.98,136.8883056640625,2011-03-01,127.20477052215335,0.9297397442382285,0.8644159920161665
2011-03-25,16.95,1313.8,121.43,16.99,17.91,84.53,93.5,54.2,34.7,136.8883056640625,2011-03-01,127.20477052215335,0.3156139934757779,0.09961219287772838
2011-03-28,17.09,1310.19,122.68,16.61,19.44,89.94,93.8,50.3,34.29,136.8883056640625,2011-03-01,127.20477052215335,-0.27515366122545676,0.07570953728577343
2011-03-29,16.4,1319.44,124.11,16.64,18.16,84.96,91.8,46.1,33.49,136.8883056640625,2011-03-01,127.20477052215335,0.7035239293778787,0.4949459192072904
2011-03-30,15.91,1328.26,123.5,15.79,17.71,82.75,89.6,44.4,33.07,136.8883056640625,2011-03-01,127.20477052215335,0.6662410865996059,0.4438771854734236
2011-03-31,17.16,1325.83,124.64,15.78,17.74,82.51,90.9,42.9,34.62,136.8883056640625,2011-03-01,127.20477052215335,-0.18311366072702207,0.033530612744850946
2011-04-01,16.24,1332.41,128.64,14.72,17.4,81.98,87.5,51.5,33.91,91.01776885986328,2011-04-01,115.82912494132748,0.49506541464152937,0.2450897647741894
2011-04-04,15.82,1332.87,128.05,14.48,17.5,81.84,85.4,43.1,33.32,91.01776885986328,2011-04-01,115.82912494132748,0.034517949676367794,0.0011914888498602595
2011-04-05,16.41,1332.63,128.02,14.22,17.25,81.44,85.1,37.1,32.15,91.01776885986328,2011-04-01,115.82912494132748,-0.01800787849546846,0.0003242836879075554
2011-04-06,16.05,1335.54,125.18,13.92,16.9,83.22,89.7,34.6,32.4,91.01776885986328,2011-04-01,115.82912494132748,0.2181271173726725,0.04757943933331165
2011-04-07,15.74,1333.51,126.46,13.92,17.11,82.39,88.8,34.5,32.77,91.01776885986328,2011-04-01,115.82912494132748,-0.15211407740053193,0.023138692543415017
2011-04-08,15.59,1328.17,125.92,12.37,17.87,83.43,88.5,34.1,35.5,91.01776885986328,2011-04-01,115.82912494132748,-0.4012508764839378,0.16100226587912833
2011-04-11,15.26,1324.46,122.94,12.18,16.59,84.16,85.8,32.8,33.86,91.01776885986328,2011-04-01,115.82912494132748,-0.279722571113611,0.07824471679040916
2011-04-12,15.65,1314.16,121.94,12.27,17.09,85.36,85.2,28.5,34.48,91.01776885986328,2011-04-01,115.82912494132748,-0.780715094764831,0.6095160591936591
2011-04-13,14.72,1314.41,124.55,11.66,16.92,86.04,83.9,29.6,32.78,91.01776885986328,2011-04-01,115.82912494132748,0.019021749525698333,0.0003618269550184048
2011-04-14,15.06,1314.52,125.09,9.37,16.27,86.07,82.2,25.8,32.38,91.01776885986328,2011-04-01,115.82912494132748,0.008368423660124306,7.003051455532828e-05
2011-04-15,15.78,1319.68,130.45,8.3,15.32,85.72,81.5,23.0,31.58,91.01776885986328,2011-04-01,115.82912494132748,0.39177029836831534,0.15348396668359882
2011-04-18,16.73,1305.14,129.37,9.07,16.96,89.11,82.8,20.2,30.72,91.01776885986328,2011-04-01,115.82912494132748,-1.1078968252260089,1.2274353753458696
2011-04-19,16.31,1312.62,129.4,7.7,15.83,85.73,80.2,19.9,30.0,91.01776885986328,2011-04-01,115.82912494132748,0.5714825161644651,0.3265922662816681
2011-04-20,16.38,1330.36,131.13,9.01,15.07,86.21,77.4,19.8,30.36,91.01776885986328,2011-04-01,115.82912494132748,1.342444242333191,1.8021565437735354
2011-04-21,15.7,1337.38,131.78,9.11,14.69,87.71,76.6,11.6,30.15,91.01776885986328,2011-04-01,115.82912494132748,0.5262893837745056,0.27698051547374886
2011-04-25,18.32,1335.25,130.88,8.53,15.77,87.68,74.8,10.2,31.22,91.01776885986328,2011-04-01,115.82912494132748,-0.15939358990673605,0.025406316503356747
2011-04-26,17.3,1347.24,127.45,9.02,15.62,85.72,81.3,12.1,30.68,91.01776885986328,2011-04-01,115.82912494132748,0.8939515038808828,0.7991492912908921
2011-04-27,17.76,1355.66,126.93,9.23,15.35,83.21,79.2,11.7,30.39,91.01776885986328,2011-04-01,115.82912494132748,0.623036533863236,0.3881745225283152
2011-04-28,17.82,1360.48,124.99,9.05,14.62,82.89,76.8,3.5,30.21,91.01776885986328,2011-04-01,115.82912494132748,0.3549158040161472,0.1259652279404282
2011-04-29,20.25,1363.61,127.45,8.75,14.75,83.98,76.8,1.0,30.39,91.01776885986328,2011-04-01,115.82912494132748,0.22980161282694822,0.052808781257866616
2011-05-02,21.11,1361.22,124.15,8.75,15.99,88.5,76.3,-4.2,31.82,105.34491729736328,2011-05-01,89.05444926580351,-0.17542383289275007,0.0307735211467835
2011-05-03,19.61,1356.62,127.49,8.71,16.7,90.62,80.1,-6.7,31.82,105.34491729736328,2011-05-01,89.05444926580351,-0.3385044294317407,0.11458524874490832
2011-05-04,19.8,1347.32,125.29,9.03,17.08,91.39,80.2,-20.3,31.85,105.34491729736328,2011-05-01,89.05444926580351,-0.6878877987061037,0.47318962360872907
2011-05-05,22.06,1335.1,124.89,9.58,18.2,95.08,83.4,-26.7,42.51,105.34491729736328,2011-05-01,89.05444926580351,-0.9111238759396648,0.8301467173073177
2011-05-06,21.4,1340.2,124.61,9.64,18.4,94.43,84.1,-31.3,41.44,105.34491729736328,2011-05-01,89.05444926580351,0.38126611430211355,0.14536384991503232
2011-05-09,19.95,1346.29,124.67,9.73,17.16,90.86,82.4,-32.1,42.09,105.34491729736328,2011-05-01,89.05444926580351,0.4533804653547277,0.20555384636526944
2011-05-10,19.14,1357.16,126.23,10.09,15.91,87.56,80.1,-32.6,40.45,105.34491729736328,2011-05-01,89.05444926580351,0.8041619839871084,0.6466764964900823
2011-05-11,19.47,1342.08,121.79,10.79,16.95,96.25,83.2,-35.3,42.83,105.34491729736328,2011-05-01,89.05444926580351,-1.1173631758988236,1.2485004668547055
2011-05-12,19.23,1348.65,122.59,10.63,16.03,93.57,81.9,-35.8,42.34,105.34491729736328,2011-05-01,89.05444926580351,0.48834428253912787,0.23848013828865555
2011-05-13,19.77,1337.77,121.9,10.97,17.07,93.86,82.1,-34.4,39.73,105.34491729736328,2011-05-01,89.05444926580351,-0.8100043542688503,0.6561070539344972
2011-05-16,19.33,1329.47,123.58,11.18,18.24,94.44,80.3,-38.3,40.51,105.34491729736328,2011-05-01,89.05444926580351,-0.6223682001732073,0.3873421765868374
2011-05-17,19.0,1328.98,121.14,11.11,17.55,93.64,78.1,-43.8,38.67,105.34491729736328,2011-05-01,89.05444926580351,-0.03686358634158104,0.0013589239979632
2011-05-18,18.15,1340.68,125.82,10.79,16.23,90.7,77.9,-43.9,38.6,105.34491729736328,2011-05-01,89.05444926580351,0.8765217224823568,0.7682903299834377
2011-05-19,17.44,1343.6,127.16,10.65,15.52,87.53,79.8,-49.0,37.29,105.34491729736328,2011-05-01,89.05444926580351,0.21756308222586782,0.04733369474761972
2011-05-20,17.55,1333.27,129.15,9.85,17.43,90.23,79.8,-49.1,37.18,105.34491729736328,2011-05-01,89.05444926580351,-0.7718007432380335,0.5956763872627809
2011-05-23,18.3,1317.37,124.78,10.56,18.27,92.08,78.0,-49.8,38.73,105.34491729736328,2011-05-01,89.05444926580351,-1.1997246485370225,1.4393392323072822
2011-05-24,17.84,1316.28,123.13,10.55,17.82,88.47,76.7,-48.0,36.58,105.34491729736328,2011-05-01,89.05444926580351,-0.08277486091439203,0.006851677599396945
2011-05-25,17.53,1320.47,122.89,10.14,17.07,85.29,75.8,-48.9,35.53,105.34491729736328,2011-05-01,89.05444926580351,0.317815760069947,0.10100685734883812
2011-05-26,16.66,1325.69,125.43,10.02,16.09,81.48,74.3,-57.9,34.01,105.34491729736328,2011-05-01,89.05444926580351,0.3945344779678825,0.15565745430538955
2011-05-27,16.62,1331.1,123.58,10.05,15.98,81.46,73.9,-57.2,33.47,105.34491729736328,2011-05-01,89.05444926580351,0.40725894613520325,0.16585984920715638
2011-05-31,16.74,1345.2,123.91,10.63,15.45,80.92,71.5,-71.4,33.51,105.34491729736328,2011-05-01,89.05444926580351,1.0537032813141154,1.1102906050521337
2011-06-01,17.74,1314.55,119.33,13.24,18.3,87.59,72.9,-91.3,34.77,84.391845703125,2011-06-01,117.35852383570656,-2.304829914304651,5.312240933873585
2011-06-02,17.38,1312.94,119.2,13.19,18.09,85.22,76.6,-90.9,33.26,84.391845703125,2011-06-01,117.35852383570656,-0.12255043417858898,0.01501860891736067
2011-06-03,16.79,1300.16,116.8,13.4,17.95,85.54,75.9,-117.2,32.37,84.391845703125,2011-06-01,117.35852383570656,-0.9781563581920035,0.9567898610714431
2011-06-06,18.12,1286.17,116.02,13.56,18.49,88.15,75.8,-112.7,34.03,84.391845703125,2011-06-01,117.35852383570656,-1.0818523892467404,1.1704045921188808
2011-06-07,16.84,1284.94,116.07,13.49,18.07,83.72,73.5,-109.9,33.62,84.391845703125,2011-06-01,117.35852383570656,-0.09567852747120464,0.009154380619058062
2011-06-08,16.56,1279.56,118.76,13.49,18.79,88.98,77.5,-108.7,32.83,84.391845703125,2011-06-01,117.35852383570656,-0.41957558140942136,0.17604366851505396
2011-06-09,16.06,1289.0,117.27,13.4,17.77,85.65,77.3,-98.2,32.16,84.391845703125,2011-06-01,117.35852383570656,0.7350455121099007,0.5402919048729061
2011-06-10,16.51,1270.98,122.65,13.69,18.86,93.34,78.1,-97.8,33.47,84.391845703125,2011-06-01,117.35852383570656,-1.407846751476718,1.9820324756435475
2011-06-13,16.95,1271.83,120.99,13.59,19.61,98.35,76.4,-96.6,34.69,84.391845703125,2011-06-01,117.35852383570656,0.06685517452423052,0.004469614360665322
2011-06-14,15.33,1287.87,125.3,14.07,18.26,91.74,82.5,-95.4,32.57,84.391845703125,2011-06-01,117.35852383570656,1.2532882723673302,1.5707314936534873
2011-06-15,17.32,1265.42,124.32,15.29,21.32,105.07,85.9,-97.7,35.75,84.391845703125,2011-06-01,117.35852383570656,-1.7585608026490647,3.0925360966137228
2011-06-16,17.61,1267.64,122.35,15.32,22.73,100.39,87.9,-101.1,35.59,84.391845703125,2011-06-01,117.35852383570656,0.1752821147853282,0.030723819763616975
2011-06-17,17.03,1271.5,120.06,15.06,21.85,95.31,85.3,-101.9,36.31,84.391845703125,2011-06-01,117.35852383570656,0.30404018474758765,0.09244043394134722
2011-06-20,16.64,1278.36,117.44,15.15,19.99,90.25,82.5,-99.5,35.91,84.391845703125,2011-06-01,117.35852383570656,0.5380700548932206,0.2895193839727934
2011-06-21,15.99,1295.52,116.52,15.6,18.86,90.55,80.9,-98.7,35.72,84.391845703125,2011-06-01,117.35852383570656,1.3334152526697676,1.77799623605238
2011-06-22,16.1,1287.14,114.74,15.19,18.52,91.71,79.0,-98.5,34.29,84.391845703125,2011-06-01,117.35852383570656,-0.6489456149024326,0.4211304111010964
2011-06-23,16.97,1283.5,116.79,15.22,19.29,93.09,83.6,-98.9,34.48,84.391845703125,2011-06-01,117.35852383570656,-0.28319814775847074,0.08020119089382863
2011-06-24,17.79,1268.45,115.92,15.72,21.1,99.14,84.8,-97.9,35.08,84.391845703125,2011-06-01,117.35852383570656,-1.1795038682533874,1.3912293752247042
2011-06-27,17.52,1280.1,119.46,15.96,20.56,94.29,83.8,-96.9,34.66,84.391845703125,2011-06-01,117.35852383570656,0.9142517233402693,0.8358562136306523
2011-06-28,16.84,1296.67,122.15,16.5,19.17,90.33,89.4,-99.4,32.88,84.391845703125,2011-06-01,117.35852383570656,1.286123977310153,1.6541148850120868
2011-06-29,15.79,1307.41,128.73,16.38,17.27,85.9,87.2,-100.2,32.29,84.391845703125,2011-06-01,117.35852383570656,0.824864128276027,0.6804008301165698
2011-06-30,15.34,1320.64,122.09,14.7,16.52,81.08,88.9,-93.6,31.36,84.391845703125,2011-06-01,117.35852383570656,1.0068386646291336,1.013724096592177
2011-07-01,15.06,1339.67,119.63,15.54,15.87,78.64,90.5,-85.2,30.57,78.92475891113281,2011-07-01,156.65289074449998,1.430684739491854,2.0468588238148744
2011-07-05,15.15,1337.88,121.78,15.19,16.06,81.34,90.7,-81.3,30.79,78.92475891113281,2011-07-01,156.65289074449998,-0.1337043391655041,0.01787685031168415
2011-07-06,15.81,1339.22,121.51,14.71,16.34,82.69,89.0,-81.3,31.04,78.92475891113281,2011-07-01,156.65289074449998,0.10010833453429403,0.010021678643230128
2011-07-07,15.29,1353.22,121.86,15.16,15.95,80.7,90.4,-73.7,30.96,78.92475891113281,2011-07-01,156.65289074449998,1.0399582665769433,1.0815131962217208
2011-07-08,15.18,1343.8,119.68,15.33,15.95,80.82,85.8,-91.4,30.86,78.92475891113281,2011-07-01,156.65289074449998,-0.6985516092543226,0.4879743507918038
2011-07-11,16.3,1319.49,123.08,16.36,18.39,90.87,88.4,-87.8,33.98,78.92475891113281,2011-07-01,156.65289074449998,-1.8256123199656975,3.332860342810536
2011-07-12,17.63,1313.64,119.21,15.68,19.87,88.39,90.3,-99.1,33.3,78.92475891113281,2011-07-01,156.65289074449998,-0.44433883819261905,0.1974370031263665
2011-07-13,18.22,1317.72,124.79,15.73,19.91,88.92,88.1,-98.0,33.6,78.92475891113281,2011-07-01,156.65289074449998,0.310106049315579,0.09616576182211632
2011-07-14,17.9,1308.87,126.63,15.28,20.8,95.72,89.1,-96.1,33.57,78.92475891113281,2011-07-01,156.65289074449998,-0.6738800871784166,0.4541143718955904
2011-07-15,16.91,1316.14,129.24,14.05,19.53,89.33,90.4,-99.9,31.88,78.92475891113281,2011-07-01,156.65289074449998,0.5539040679880189,0.3068097165336759
2011-07-18,18.96,1305.44,123.92,14.32,20.95,97.81,89.6,-98.0,32.85,78.92475891113281,2011-07-01,156.65289074449998,-0.8163061525228132,0.6663557346465985
2011-07-19,18.14,1326.73,126.12,15.35,19.21,91.01,88.8,-94.7,31.46,78.92475891113281,2011-07-01,156.65289074449998,1.617711948389583,2.6169919479624206
2011-07-20,17.91,1325.84,122.97,15.24,19.09,86.06,85.1,-94.4,31.18,78.92475891113281,2011-07-01,156.65289074449998,-0.06710473490973827,0.004503045447306246
2011-07-21,17.4,1343.8,122.42,15.28,17.56,81.68,89.0,-93.8,31.08,78.92475891113281,2011-07-01,156.65289074449998,1.3455200670761065,1.81042425090449
2011-07-22,16.98,1345.02,121.59,15.13,17.52,82.45,84.3,-92.8,30.63,78.92475891113281,2011-07-01,156.65289074449998,0.09074613278100097,0.008234860614707058
2011-07-25,18.69,1337.43,119.45,15.22,19.35,90.2,86.8,-89.0,31.23,78.92475891113281,2011-07-01,156.65289074449998,-0.5659020861895794,0.32024517115371814
2011-07-26,18.58,1331.94,120.12,14.73,20.23,93.35,84.8,-83.8,31.17,78.92475891113281,2011-07-01,156.65289074449998,-0.4113335911232914,0.16919532318638306
2011-07-27,19.24,1304.89,119.44,16.08,22.98,102.01,89.1,-86.2,32.34,78.92475891113281,2011-07-01,156.65289074449998,-2.0517780024378287,4.209792971287767
2011-07-28,18.99,1300.67,120.36,15.5,23.74,105.62,86.5,-83.2,33.13,78.92475891113281,2011-07-01,156.65289074449998,-0.3239229716375921,0.1049260915545283
2011-07-29,19.53,1292.28,120.65,15.42,25.25,106.57,88.0,-91.4,33.64,78.92475891113281,2011-07-01,156.65289074449998,-0.6471416171186788,0.41879227260697865
2011-08-01,19.58,1286.94,118.64,15.15,23.66,95.89,84.1,-92.6,34.29,86.95156860351562,2011-08-01,214.7607979688972,-0.4140792666031388,0.1714616390305933
2011-08-02,20.09,1254.05,116.08,16.86,24.79,102.01,87.1,-90.4,35.27,86.95156860351562,2011-08-01,214.7607979688972,-2.588899365648244,6.702399925453881
2011-08-03,19.95,1260.34,117.27,16.96,23.38,98.58,85.5,-89.4,34.02,86.95156860351562,2011-08-01,214.7607979688972,0.5003212008481522,0.25032130401813707
2011-08-04,22.28,1200.07,113.17,24.16,31.66,121.76,91.0,-88.0,42.94,86.95156860351562,2011-08-01,214.7607979688972,-4.900163740665529,24.01160468533319
2011-08-05,21.74,1199.38,119.36,23.88,32.0,118.61,100.7,-76.1,42.37,86.95156860351562,2011-08-01,214.7607979688972,-0.05751318168909164,0.0033077660680024662
2011-08-08,28.21,1119.46,121.06,33.33,48.0,134.63,117.8,-72.5,56.17,86.95156860351562,2011-08-01,214.7607979688972,-6.895833042745466,47.552513353420196
2011-08-09,31.13,1172.53,124.51,36.23,35.06,112.8,107.7,-71.5,61.82,86.95156860351562,2011-08-01,214.7607979688972,4.631738118329726,21.45299799678859
2011-08-10,32.2,1120.76,118.65,39.58,42.99,132.86,98.9,-70.5,59.45,86.95156860351562,2011-08-01,214.7607979688972,-4.515678075483553,20.391348481402844
2011-08-11,29.76,1172.64,119.99,42.52,39.0,128.76,107.9,-78.8,50.25,86.95156860351562,2011-08-01,214.7607979688972,4.525059058532175,20.476159483204096
2011-08-12,25.91,1178.81,119.79,42.5,36.36,120.19,109.1,-79.1,49.06,86.95156860351562,2011-08-01,214.7607979688972,0.5247837853274869,0.2753980213426459
2011-08-15,24.81,1204.49,121.76,43.07,31.87,109.0,99.8,-79.2,44.66,86.95156860351562,2011-08-01,214.7607979688972,2.1550785789564535,4.644363681476967
2011-08-16,26.68,1192.76,122.41,43.09,32.85,104.66,92.0,-74.1,43.95,86.95156860351562,2011-08-01,214.7607979688972,-0.9786291472722999,0.9577150078909088
2011-08-17,25.12,1193.89,126.16,42.73,31.58,104.62,87.8,-72.9,42.67,86.95156860351562,2011-08-01,214.7607979688972,0.09469340577277266,0.008966841096846975
2011-08-18,26.81,1140.65,124.44,45.35,42.67,106.66,95.0,-83.9,57.42,86.95156860351562,2011-08-01,214.7607979688972,-4.561860806650028,20.810574019249643
2011-08-19,28.91,1123.53,124.05,45.47,43.05,111.58,100.3,-82.5,55.29,86.95156860351562,2011-08-01,214.7607979688972,-1.5122760800306434,2.286978942232849
2011-08-22,33.09,1123.82,119.4,45.47,42.44,111.25,104.2,-76.6,52.4,86.95156860351562,2011-08-01,214.7607979688972,0.0258081742149381,0.0006660618563085958
2011-08-23,33.42,1162.35,124.05,46.84,36.27,103.43,105.5,-74.5,47.67,86.95156860351562,2011-08-01,214.7607979688972,3.3710221597341987,11.363790401419022
2011-08-24,33.29,1177.6,123.37,47.05,35.9,104.54,105.8,-69.7,47.89,86.95156860351562,2011-08-01,214.7607979688972,1.303465109654281,1.699021292086047
2011-08-25,34.42,1159.27,120.81,46.81,39.76,112.4,107.7,-68.7,51.42,86.95156860351562,2011-08-01,214.7607979688972,-1.5687972317898855,2.4611247544716077
2011-08-26,33.03,1176.8,122.97,47.04,35.59,104.72,101.5,-67.8,48.12,86.95156860351562,2011-08-01,214.7607979688972,1.5008393630514818,2.2525187936847777
2011-08-30,32.12,1212.92,119.9,47.98,32.89,96.16,99.2,-59.6,44.74,86.95156860351562,2011-08-01,214.7607979688972,3.0231785297215317,9.139608422569243
2011-08-31,30.42,1218.89,120.01,47.17,31.62,94.16,97.9,-53.1,44.33,86.95156860351562,2011-08-01,214.7607979688972,0.4909932925226356,0.24107441330221843
2011-09-01,28.06,1204.42,120.23,47.29,31.82,92.31,98.8,-48.1,42.77,83.35044860839844,2011-09-01,190.36666595335947,-1.194248526115398,1.4262295421288003
2011-09-02,30.16,1173.97,119.33,44.98,33.92,91.0,99.4,-57.7,45.33,83.35044860839844,2011-09-01,190.36666595335947,-2.5606955849665676,6.557161878867272
2011-09-06,34.17,1165.24,121.04,45.05,37.0,97.01,103.1,-55.1,47.41,83.35044860839844,2011-09-01,190.36666595335947,-0.7464093032212225,0.5571268479351908
2011-09-07,34.11,1198.62,118.75,39.67,33.38,93.3,100.6,-54.7,44.9,83.35044860839844,2011-09-01,190.36666595335947,2.8243820652058065,7.9771340502562165
2011-09-08,34.43,1185.9,118.59,36.68,34.32,93.45,99.4,-42.3,45.7,83.35044860839844,2011-09-01,190.36666595335947,-1.066891504794603,1.1382574830028924
2011-09-09,37.58,1154.23,116.9,34.23,38.52,99.07,100.7,-41.8,49.45,83.35044860839844,2011-09-01,190.36666595335947,-2.7068525002559385,7.327050458141826
2011-09-12,37.2,1162.27,117.23,30.54,38.59,97.07,99.2,-39.5,48.14,83.35044860839844,2011-09-01,190.36666595335947,0.694153445616869,0.4818490060617715
2011-09-13,32.49,1172.87,118.05,30.64,36.91,96.14,97.5,-38.5,45.14,83.35044860839844,2011-09-01,190.36666595335947,0.9078747147885844,0.8242364977524534
2011-09-14,29.83,1188.68,115.73,30.12,34.6,100.22,96.6,-39.4,43.72,83.35044860839844,2011-09-01,190.36666595335947,1.3389711169736476,1.7928436520896573
2011-09-15,29.46,1209.11,120.0,30.47,31.97,96.69,97.3,-42.2,42.05,83.35044860839844,2011-09-01,190.36666595335947,1.7041104018524895,2.903992261701853
2011-09-16,28.86,1216.01,123.27,30.55,30.98,93.67,97.6,-43.1,41.7,83.35044860839844,2011-09-01,190.36666595335947,0.5690455416002148,0.3238128284150818
2011-09-19,30.7,1204.09,120.76,26.72,32.73,95.95,99.6,-42.2,45.93,83.35044860839844,2011-09-01,190.36666595335947,-0.9850912270881551,0.9704047256860472
2011-09-20,30.63,1202.09,120.61,26.11,32.86,92.9,99.9,-42.3,45.8,83.35044860839844,2011-09-01,190.36666595335947,-0.16623864054958565,0.027635285611774342
2011-09-21,29.68,1166.76,120.18,28.27,37.32,98.58,93.3,-41.0,47.35,83.35044860839844,2011-09-01,190.36666595335947,-2.9831031890565054,8.898904636559093
2011-09-22,32.19,1129.56,119.37,28.1,41.35,103.91,103.4,-41.0,55.61,83.35044860839844,2011-09-01,190.36666595335947,-3.240250026243683,10.499220232572187
2011-09-23,39.17,1136.43,118.24,27.76,41.25,104.77,104.5,-40.8,54.63,83.35044860839844,2011-09-01,190.36666595335947,0.6063593439679295,0.3676716540172178
2011-09-26,39.86,1162.95,120.34,28.5,39.02,102.89,107.4,-40.4,54.31,83.35044860839844,2011-09-01,190.36666595335947,2.30681105462693,5.321377241749008
2011-09-27,36.55,1175.38,119.55,28.37,37.71,100.31,107.3,-41.8,50.13,83.35044860839844,2011-09-01,190.36666595335947,1.0631619216616885,1.1303132716713744
2011-09-28,39.95,1151.06,118.21,27.61,41.08,104.3,103.1,-42.0,53.51,83.35044860839844,2011-09-01,190.36666595335947,-2.0908242602619342,4.371546087299865
2011-09-29,37.08,1160.4,118.97,27.74,38.84,101.05,100.4,-36.5,50.62,83.35044860839844,2011-09-01,190.36666595335947,0.8081516300173678,0.6531090570997286
2011-09-30,37.03,1131.42,114.83,29.0,42.96,101.08,100.6,-29.5,55.68,83.35044860839844,2011-09-01,190.36666595335947,-2.529129228036273,6.396494652107355
2011-10-03,36.92,1099.23,113.09,30.54,45.45,103.89,105.7,-23.3,58.65,76.33993530273438,2011-10-01,166.23178828820738,-2.886354629481778,8.331043047130892
2011-10-04,37.74,1123.95,115.28,30.13,40.82,99.31,109.0,-21.9,57.09,76.33993530273438,2011-10-01,166.23178828820738,2.2239331806361013,4.945878791934206
2011-10-05,36.94,1144.03,113.87,30.7,37.81,94.66,108.9,-16.6,52.79,76.33993530273438,2011-10-01,166.23178828820738,1.7707849893700365,3.1356794785782403
2011-10-06,35.22,1164.97,115.42,29.79,36.27,93.52,108.7,-14.7,50.04,76.33993530273438,2011-10-01,166.23178828820738,1.813821922314528,3.2899499658687694
2011-10-07,33.16,1155.46,116.1,29.69,36.2,92.57,106.4,-7.5,49.71,76.33993530273438,2011-10-01,166.23178828820738,-0.819680252892006,0.6718757169811028
2011-10-11,30.62,1195.54,118.91,30.58,32.86,90.98,106.8,-2.5,47.07,76.33993530273438,2011-10-01,166.23178828820738,3.4099433076138816,11.6277133611407
2011-10-12,29.51,1207.25,121.6,30.55,31.26,91.34,108.3,-1.5,47.53,76.33993530273438,2011-10-01,166.23178828820738,0.9747079611157515,0.9500556094624254
2011-10-13,28.48,1203.66,121.98,30.2,30.7,95.1,106.8,-0.6,47.76,76.33993530273438,2011-10-01,166.23178828820738,-0.2978130791599371,0.08869263011872296
2011-10-14,26.61,1224.58,121.9,30.29,28.24,94.69,109.2,2.2,45.35,76.33993530273438,2011-10-01,166.23178828820738,1.7231013084970264,2.9690781193441644
2011-10-17,28.93,1200.86,124.46,31.03,33.39,103.55,108.4,2.0,50.14,76.33993530273438,2011-10-01,166.23178828820738,-1.9559961287189291,3.8259208555634374
2011-10-18,29.17,1225.38,127.99,31.63,31.56,100.21,107.5,10.6,47.8,76.33993530273438,2011-10-01,166.23178828820738,2.02130331972888,4.08566711034699
2011-10-19,31.13,1209.88,122.57,31.92,34.44,103.29,105.0,8.5,50.01,76.33993530273438,2011-10-01,166.23178828820738,-1.2729818838075795,1.6204828765022938
2011-10-20,32.08,1215.39,125.43,30.06,34.78,102.97,105.9,14.4,49.52,76.33993530273438,2011-10-01,166.23178828820738,0.4543831804408512,0.20646407466754313
2011-10-21,28.89,1238.25,127.19,28.76,31.32,98.05,107.5,14.8,48.03,76.33993530273438,2011-10-01,166.23178828820738,1.8634079544892792,3.4722892048539196
2011-10-24,26.98,1254.19,124.85,29.03,29.26,97.13,103.6,17.0,45.6,76.33993530273438,2011-10-01,166.23178828820738,1.2790853398772921,1.636059306689008
2011-10-25,29.92,1229.05,122.65,28.62,32.22,97.75,102.1,11.9,48.27,76.33993530273438,2011-10-01,166.23178828820738,-2.024843264612944,4.099990246248406
2011-10-27,27.58,1284.59,122.82,29.99,25.46,94.44,108.1,15.2,43.82,76.33993530273438,2011-10-01,166.23178828820738,4.419808804803638,19.53470987101976
2011-10-28,25.84,1285.09,121.18,29.86,24.53,94.19,107.4,17.8,41.58,76.33993530273438,2011-10-01,166.23178828820738,0.03891535181890043,0.0015144046071887969
2011-10-31,27.45,1253.3,120.69,29.91,29.96,104.84,107.2,18.0,43.26,76.33993530273438,2011-10-01,166.23178828820738,-2.504868216973945,6.274364784406231
2011-11-01,29.7,1218.28,126.65,29.65,34.77,113.15,116.0,14.5,46.63,83.15767669677734,2011-11-01,197.92892524181147,-2.834004470968389,8.031581341468819
2011-11-02,30.16,1237.9,123.95,29.16,32.74,107.4,111.9,14.0,45.56,83.15767669677734,2011-11-01,197.92892524181147,1.597636762997209,2.5524432264802
2011-11-03,30.12,1261.15,124.19,29.14,30.5,104.28,109.2,13.6,43.85,83.15767669677734,2011-11-01,197.92892524181147,1.860760756451947,3.4624305927516223
2011-11-04,28.37,1253.23,123.56,28.57,30.16,103.34,106.6,18.7,42.45,83.15767669677734,2011-11-01,197.92892524181147,-0.6299784593889073,0.3968728592940211
2011-11-07,30.24,1261.12,124.93,28.52,29.85,103.35,106.3,21.6,43.3,83.15767669677734,2011-11-01,197.92892524181147,0.6275996498243774,0.39388132045968116
2011-11-08,29.21,1275.92,124.77,26.31,27.48,98.05,105.6,23.6,43.35,83.15767669677734,2011-11-01,197.92892524181147,1.166727200785992,1.3612523610539162
2011-11-09,29.85,1229.1,122.87,29.35,36.16,122.73,111.8,24.3,48.97,83.15767669677734,2011-11-01,197.92892524181147,-3.738529279356369,13.976601172604852
2011-11-10,28.81,1239.69,125.24,29.33,32.81,113.54,113.7,31.8,47.84,83.15767669677734,2011-11-01,197.92892524181147,0.8579154122938346,0.7360188546513002
2011-11-15,26.75,1257.81,124.97,28.82,31.22,107.55,108.6,44.6,43.05,83.15767669677734,2011-11-01,197.92892524181147,1.4510765123494473,2.1056230446922357
2011-11-16,26.94,1236.91,122.92,28.54,33.51,111.18,106.1,49.9,43.29,83.15767669677734,2011-11-01,197.92892524181147,-1.6755779391136083,2.8075614300442067
2011-11-17,28.86,1216.13,121.59,28.76,34.51,111.86,111.7,49.1,42.94,83.15767669677734,2011-11-01,197.92892524181147,-1.6942648369624176,2.8705333377672875
2011-11-18,27.59,1215.65,120.04,28.72,32.0,101.92,109.8,48.9,42.94,83.15767669677734,2011-11-01,197.92892524181147,-0.039477255856521856,0.0015584537299612891
2011-11-21,30.07,1192.98,115.15,28.73,32.91,99.6,107.5,48.9,44.82,83.15767669677734,2011-11-01,197.92892524181147,-1.8824534649997566,3.54363104788959
2011-11-22,27.56,1188.04,114.92,28.44,31.97,98.53,103.6,40.8,42.94,83.15767669677734,2011-11-01,197.92892524181147,-0.4149488108607474,0.17218251563474835
2011-11-23,27.81,1161.79,116.78,28.63,33.98,101.46,104.7,41.1,45.19,83.15767669677734,2011-11-01,197.92892524181147,-2.2342971201496673,4.992083621109097
2011-11-25,20.46,1158.67,114.77,28.49,34.47,98.98,102.3,41.1,69.12,83.15767669677734,2011-11-01,197.92892524181147,-0.26891236049403244,0.07231385762647247
2011-11-28,26.61,1192.55,118.63,28.27,32.13,96.23,102.8,40.5,44.52,83.15767669677734,2011-11-01,197.92892524181147,2.88210760216857,8.306544230477865
2011-11-29,25.74,1195.19,116.45,28.28,30.64,95.47,103.1,51.4,42.7,83.15767669677734,2011-11-01,197.92892524181147,0.22112969383296607,0.04889834149466132
2011-11-30,25.32,1246.96,116.56,30.47,27.8,92.22,99.7,61.8,41.0,83.15767669677734,2011-11-01,197.92892524181147,4.240342063777991,17.98050081784499
2011-12-01,24.55,1244.58,116.9,28.93,27.41,90.88,100.8,61.9,40.89,85.34132385253906,2011-12-01,182.5580372852119,-0.1910465594686547,0.036498787884810216
2011-12-02,23.51,1244.28,116.31,28.41,27.52,92.46,98.6,85.7,39.8,85.34132385253906,2011-12-01,182.5580372852119,-0.024107422792193238,0.000581167833681558
2011-12-05,24.97,1257.08,116.14,27.95,27.84,92.97,94.0,77.2,39.34,85.34132385253906,2011-12-01,182.5580372852119,1.0234521802755792,1.0474543653108366
2011-12-06,24.52,1258.47,115.16,27.88,28.13,92.21,93.0,75.1,38.23,85.34132385253906,2011-12-01,182.5580372852119,0.11051262280358551,0.012213039798927568
2011-12-07,24.15,1261.01,115.87,27.82,28.67,92.84,94.3,74.9,38.34,85.34132385253906,2011-12-01,182.5580372852119,0.20162897586126602,0.040654243906862994
2011-12-08,25.18,1234.35,115.37,28.46,30.59,94.97,95.0,76.1,40.27,85.34132385253906,2011-12-01,182.5580372852119,-2.136847142775983,4.566115711589882
2011-12-09,23.13,1255.19,116.83,25.94,26.38,90.92,99.9,78.0,38.87,85.34132385253906,2011-12-01,182.5580372852119,1.6742439809384415,2.8030929077086006
2011-12-12,23.66,1236.47,120.26,26.28,25.67,93.21,95.8,77.8,40.45,85.34132385253906,2011-12-01,182.5580372852119,-1.5026409891996106,2.2579299424227846
2011-12-13,24.1,1225.73,119.44,25.63,25.41,94.55,90.3,75.0,39.39,85.34132385253906,2011-12-01,182.5580372852119,-0.8723960779886827,0.7610749168900357
2011-12-14,28.63,1211.82,120.66,25.69,26.04,99.63,91.7,74.7,43.82,85.34132385253906,2011-12-01,182.5580372852119,-1.141322310898112,1.3026166173538067
2011-12-15,27.28,1215.75,122.35,25.65,25.11,97.71,87.2,71.9,45.04,85.34132385253906,2011-12-01,182.5580372852119,0.3237808535543156,0.10483404112836114
2011-12-16,24.8,1219.66,119.22,25.01,24.29,94.28,89.4,75.5,41.73,85.34132385253906,2011-12-01,182.5580372852119,0.3210961077953536,0.10310271044132532
2011-12-19,23.42,1205.35,116.58,24.69,24.92,90.27,87.6,73.4,41.27,85.34132385253906,2011-12-01,182.5580372852119,-1.1802150179861204,1.3929074886799784
2011-12-20,21.33,1241.3,120.66,26.73,23.22,88.64,92.3,73.9,38.96,85.34132385253906,2011-12-01,182.5580372852119,2.938923633991441,8.637272126433459
2011-12-21,21.22,1243.72,115.16,25.89,21.43,85.54,91.8,70.5,36.37,85.34132385253906,2011-12-01,182.5580372852119,0.19476710569789915,0.03793422546193662
2011-12-22,20.23,1254.0,115.56,26.01,21.16,86.18,90.2,69.4,35.81,85.34132385253906,2011-12-01,182.5580372852119,0.8231553613984919,0.6775847489990818
2011-12-23,19.67,1265.33,117.14,25.08,20.73,86.54,94.2,71.2,35.74,85.34132385253906,2011-12-01,182.5580372852119,0.8994515513423386,0.8090130932121395
2011-12-27,20.81,1265.43,116.53,24.99,21.91,88.13,94.8,71.2,36.95,85.34132385253906,2011-12-01,182.5580372852119,0.007902764391107807,6.245368502136155e-05
2011-12-28,24.33,1249.64,116.32,22.75,23.52,94.08,95.1,69.5,38.73,85.34132385253906,2011-12-01,182.5580372852119,-1.2556475533817963,1.5766507783136912
2011-12-29,23.12,1263.02,116.57,22.99,22.65,91.8,94.1,69.4,38.66,85.34132385253906,2011-12-01,182.5580372852119,1.0650168721478699,1.1342609379596322
2011-12-30,23.24,1257.6,116.21,18.04,23.4,91.7,91.1,68.5,38.74,85.34132385253906,2011-12-01,182.5580372852119,-0.4300535862919215,0.18494608708254315
2012-01-03,22.9,1277.06,117.1,18.82,22.97,91.39,90.7,65.0,40.07,79.63497161865234,2012-01-01,161.79196677464668,1.5355418375209207,2.3578887347771254
2012-01-04,22.08,1277.3,117.63,18.82,22.22,88.89,88.9,63.6,39.04,79.63497161865234,2012-01-01,161.79196677464668,0.018791399857992466,0.00035311670862295925
2012-01-05,22.34,1281.06,117.76,18.47,21.48,87.69,87.9,73.4,38.7,79.63497161865234,2012-01-01,161.79196677464668,0.2939385158613289,0.08639985110676071
2012-01-06,21.3,1277.81,118.29,18.49,20.63,86.95,81.7,91.9,37.12,79.63497161865234,2012-01-01,161.79196677464668,-0.25401851188711094,0.06452540438134233
2012-01-09,21.47,1280.7,119.07,18.49,21.07,87.8,78.6,89.7,36.52,79.63497161865234,2012-01-01,161.79196677464668,0.2259128343552906,0.051036608726440974
2012-01-10,21.51,1292.08,118.99,17.27,20.69,88.82,80.2,88.8,35.44,79.63497161865234,2012-01-01,161.79196677464668,0.8846519498231472,0.7826090723258962
2012-01-11,22.34,1292.48,120.2,16.3,21.05,93.17,78.2,87.8,35.52,79.63497161865234,2012-01-01,161.79196677464668,0.03095304447903228,0.0009580909625209508
2012-01-12,21.6,1295.5,120.78,15.47,20.47,90.51,77.1,77.4,36.59,79.63497161865234,2012-01-01,161.79196677464668,0.23338676271165534,0.05446938100902652
2012-01-13,21.2,1289.09,121.92,15.23,20.91,93.55,79.2,72.4,35.62,79.63497161865234,2012-01-01,161.79196677464668,-0.49601779332832635,0.24603365129830226
2012-01-17,21.6,1293.67,125.63,14.8,22.2,93.66,75.6,68.9,33.97,79.63497161865234,2012-01-01,161.79196677464668,0.35465972840967364,0.12578352295562348
2012-01-18,21.14,1308.04,130.78,15.22,20.89,90.09,75.0,69.9,32.59,79.63497161865234,2012-01-01,161.79196677464668,1.104669323633066,1.2202943145759355
2012-01-19,20.34,1314.5,129.6,15.31,19.87,88.73,80.0,71.6,33.51,79.63497161865234,2012-01-01,161.79196677464668,0.49265315806270227,0.2427071341491539
2012-01-20,19.58,1315.38,129.24,14.81,18.28,89.24,84.6,71.2,33.35,79.63497161865234,2012-01-01,161.79196677464668,0.06692320811931822,0.00447871578498158
2012-01-23,20.18,1316.0,125.83,10.68,18.67,89.59,85.8,70.6,33.16,79.63497161865234,2012-01-01,161.79196677464668,0.04712356341335194,0.002220630228772202
2012-01-24,20.08,1314.65,127.38,10.67,18.91,89.01,81.6,69.9,33.23,79.63497161865234,2012-01-01,161.79196677464668,-0.1026362395993147,0.010534197679087936
2012-01-25,22.24,1326.05,125.22,10.66,18.31,86.01,76.7,69.0,31.93,79.63497161865234,2012-01-01,161.79196677464668,0.8634127936281153,0.7454816522007064
2012-01-26,21.71,1318.43,122.96,10.37,18.57,88.92,75.9,68.6,31.97,79.63497161865234,2012-01-01,161.79196677464668,-0.5762963674862105,0.33211750317780137
2012-01-27,20.82,1316.33,121.5,10.38,18.53,87.44,75.4,65.4,31.57,79.63497161865234,2012-01-01,161.79196677464668,-0.15940734220098646,0.025410700747582397
2012-01-30,21.23,1313.01,121.99,9.51,19.4,89.86,72.4,63.5,31.74,79.63497161865234,2012-01-01,161.79196677464668,-0.25253499086551,0.06377392161144323
2012-01-31,20.93,1312.41,121.96,8.88,19.44,88.51,72.1,53.2,32.31,79.63497161865234,2012-01-01,161.79196677464668,-0.045706973394398054,0.0020891274168762116
2012-02-01,21.54,1324.09,121.39,9.28,18.55,85.78,72.7,49.9,32.18,92.4458236694336,2012-02-01,142.45977601502435,0.8860289331437619,0.7850472703678728
2012-02-02,21.93,1325.54,122.26,7.57,17.98,84.1,70.2,49.5,31.81,92.4458236694336,2012-02-01,142.45977601502435,0.10944925478258916,0.011979139372464115
2012-02-03,21.05,1344.9,122.14,9.02,17.1,84.04,76.7,83.7,30.71,92.4458236694336,2012-02-01,142.45977601502435,1.4499737264160701,2.102423807296905
2012-02-06,21.2,1344.33,123.63,8.97,17.76,85.38,72.3,79.7,31.2,92.4458236694336,2012-02-01,142.45977601502435,-0.04239131710832324,0.0017970237661784185
2012-02-07,20.45,1347.05,123.02,8.97,17.65,83.79,79.3,77.6,32.41,92.4458236694336,2012-02-01,142.45977601502435,0.20212685879011624,0.04085526704435959
2012-02-08,20.69,1349.96,124.76,8.98,18.16,97.01,79.0,76.4,32.32,92.4458236694336,2012-02-01,142.45977601502435,0.21579461175579256,0.04656731446283325
2012-02-09,20.03,1351.95,126.48,8.43,18.63,100.76,83.2,76.6,32.43,92.4458236694336,2012-02-01,142.45977601502435,0.14730323066491183,0.021698241764320222
2012-02-10,19.73,1342.64,129.59,8.81,20.79,104.15,80.7,73.3,32.83,92.4458236694336,2012-02-01,142.45977601502435,-0.6910169670604591,0.47750444876543563
2012-02-13,19.07,1351.77,127.89,9.07,19.04,102.45,78.8,68.5,33.3,92.4458236694336,2012-02-01,142.45977601502435,0.6777019788023537,0.4592799720726259
2012-02-14,19.24,1350.5,129.96,8.92,19.54,107.82,79.0,70.8,33.64,92.4458236694336,2012-02-01,142.45977601502435,-0.09399505552771627,0.008835070463658464
2012-02-15,19.28,1343.23,128.88,9.04,21.14,114.65,76.6,63.3,34.85,92.4458236694336,2012-02-01,142.45977601502435,-0.5397732995705936,0.2913552149293258
2012-02-16,19.21,1358.04,130.29,9.16,19.22,110.41,80.1,65.5,33.99,92.4458236694336,2012-02-01,142.45977601502435,1.096532252888617,1.2023829816249858
2012-02-17,18.61,1361.23,129.54,9.02,17.78,108.56,81.5,64.9,33.05,92.4458236694336,2012-02-01,142.45977601502435,0.23462189950568782,0.05504743572765707
2012-02-21,19.94,1362.21,128.46,9.02,18.19,107.71,79.3,61.8,34.68,92.4458236694336,2012-02-01,142.45977601502435,0.07196780852879579,0.005179365464437412
2012-02-22,19.84,1357.66,127.7,9.09,18.19,100.81,79.6,59.8,33.67,92.4458236694336,2012-02-01,142.45977601502435,-0.334575126341362,0.11194051516633834
2012-02-23,19.76,1363.46,127.81,9.2,16.8,94.44,79.0,58.3,33.21,92.4458236694336,2012-02-01,142.45977601502435,0.4262957005584894,0.1817280243146533
2012-02-24,19.01,1365.74,128.72,8.75,17.31,99.43,77.1,58.0,33.8,92.4458236694336,2012-02-01,142.45977601502435,0.16708196763969796,0.027916383910353077
2012-02-27,19.1,1367.59,126.98,8.58,18.19,101.68,74.8,47.8,34.12,92.4458236694336,2012-02-01,142.45977601502435,0.13536603940939737,0.018323964625386522
2012-02-28,20.12,1372.18,125.65,8.64,17.96,99.13,73.9,47.6,33.52,92.4458236694336,2012-02-01,142.45977601502435,0.33506493568948886,0.11226851112860131
2012-02-29,22.9,1365.68,124.59,8.76,18.43,101.6,75.9,49.9,32.52,92.4458236694336,2012-02-01,142.45977601502435,-0.47482429432547935,0.22545811048168943
2012-03-01,19.53,1374.09,127.63,9.03,17.26,97.43,77.4,45.1,33.2,88.75997924804688,2012-03-01,134.53590936600114,0.6139220748028996,0.3769003139302971
2012-03-02,18.96,1369.63,125.2,8.55,17.29,96.94,76.0,45.1,32.91,88.75997924804688,2012-03-01,134.53590936600114,-0.32510634673347416,0.10569413668638593
2012-03-05,19.4,1364.33,126.23,8.65,18.05,98.18,75.0,48.2,33.34,88.75997924804688,2012-03-01,134.53590936600114,-0.3877164727582936,0.1503240632481326
2012-03-06,20.23,1343.36,126.49,8.87,20.87,105.11,75.8,47.5,34.34,88.75997924804688,2012-03-01,134.53590936600114,-1.5489527433395318,2.3992546010990616
2012-03-07,19.18,1352.63,126.02,9.2,19.07,100.46,75.1,46.9,32.93,88.75997924804688,2012-03-01,134.53590936600114,0.6876907208801029,0.4729185275845955
2012-03-08,19.26,1365.91,125.08,9.76,17.95,97.19,76.6,45.6,32.12,88.75997924804688,2012-03-01,134.53590936600114,0.9770027761206329,0.9545344245474235
2012-03-09,19.41,1370.87,124.78,9.8,17.11,97.98,73.2,39.0,31.42,88.75997924804688,2012-03-01,134.53590936600114,0.36247016059477616,0.1313846173216028
2012-03-12,19.21,1371.09,139.25,9.78,15.64,98.61,69.9,38.3,30.0,88.75997924804688,2012-03-01,134.53590936600114,0.016046915379674783,0.0002575034932024431
2012-03-13,20.47,1395.95,122.89,11.34,14.8,98.47,73.8,41.0,29.45,88.75997924804688,2012-03-01,134.53590936600114,1.796914314001119,3.228901051862112
2012-03-14,20.6,1394.28,118.82,11.1,15.31,106.63,89.7,39.9,29.31,88.75997924804688,2012-03-01,134.53590936600114,-0.11970340792054288,0.014328905867791886
2012-03-15,18.24,1402.6,136.51,11.27,15.42,108.42,83.4,41.0,29.44,88.75997924804688,2012-03-01,134.53590936600114,0.5949504120039123,0.353965992743625
2012-03-16,18.99,1404.17,138.43,11.11,14.47,105.78,84.9,33.1,28.68,88.75997924804688,2012-03-01,134.53590936600114,0.11187237741202927,0.012515428827819516
2012-03-19,17.83,1409.75,128.85,10.46,15.04,106.49,92.3,31.6,26.85,88.75997924804688,2012-03-01,134.53590936600114,0.3966002810361202,0.15729178291792953
2012-03-20,18.42,1405.52,128.02,10.47,15.58,109.38,93.3,30.8,27.87,88.75997924804688,2012-03-01,134.53590936600114,-0.30050426304927036,0.09030281211078507
2012-03-21,18.04,1402.89,124.6,10.49,15.13,104.65,89.5,29.6,26.93,88.75997924804688,2012-03-01,134.53590936600114,-0.18729464492867856,0.03507928401895978
2012-03-22,18.51,1392.78,121.17,10.74,15.57,102.53,87.1,29.0,27.51,88.75997924804688,2012-03-01,134.53590936600114,-0.7232644820101418,0.5231115109373987
2012-03-23,18.3,1397.11,122.98,10.71,14.82,98.6,86.2,27.4,28.17,88.75997924804688,2012-03-01,134.53590936600114,0.3104067527188104,0.09635235213343671
2012-03-26,19.22,1416.51,118.02,11.66,14.26,96.08,85.6,24.2,27.89,88.75997924804688,2012-03-01,134.53590936600114,1.3790282585130287,1.9017189377774766
2012-03-27,18.62,1412.52,121.13,11.68,15.59,101.15,80.7,23.6,27.53,88.75997924804688,2012-03-01,134.53590936600114,-0.28207566873393647,0.07956668289169747
2012-03-28,18.18,1405.54,121.61,11.77,15.47,102.74,77.4,21.5,28.03,88.75997924804688,2012-03-01,134.53590936600114,-0.49537726478604227,0.24539863446690063
2012-03-29,17.43,1403.28,121.69,11.64,15.48,101.94,75.2,19.6,28.94,88.75997924804688,2012-03-01,134.53590936600114,-0.16092170290043856,0.025895794464377016
2012-03-30,17.01,1408.47,124.97,11.51,15.5,100.28,78.6,18.9,29.0,88.75997924804688,2012-03-01,134.53590936600114,0.3691655299544058,0.1362831885065173
2012-04-02,17.1,1419.04,123.13,11.75,15.64,100.38,75.6,15.0,28.46,96.01668548583984,2012-04-01,127.40057968618366,0.7476577793073291,0.5589921549587669
2012-04-03,18.05,1413.38,123.84,11.76,15.66,98.37,84.3,11.8,27.95,96.01668548583984,2012-04-01,127.40057968618366,-0.3996587747434638,0.15972713622944673
2012-04-04,18.88,1398.96,121.0,11.04,16.44,99.73,84.6,6.8,28.73,96.01668548583984,2012-04-01,127.40057968618366,-1.025489547530353,1.051628812094008
2012-04-05,18.02,1398.08,120.61,10.76,16.7,99.47,83.7,6.9,28.03,96.01668548583984,2012-04-01,127.40057968618366,-0.0629236642333092,0.0039593875205462346
2012-04-09,19.21,1382.2,119.05,10.94,18.81,104.59,76.2,4.6,29.84,96.01668548583984,2012-04-01,127.40057968618366,-1.142343410577706,1.3049484676903051
2012-04-10,19.94,1358.59,119.27,12.4,20.39,109.13,75.1,4.5,31.62,96.01668548583984,2012-04-01,127.40057968618366,-1.722903544536177,2.968396623775322
2012-04-11,20.02,1368.71,118.43,12.68,20.02,111.19,76.3,4.8,30.69,96.01668548583984,2012-04-01,127.40057968618366,0.7421293181564509,0.5507559248673587
2012-04-12,18.64,1387.57,119.87,11.98,17.2,104.27,73.5,15.4,29.41,96.01668548583984,2012-04-01,127.40057968618366,1.3685325404961968,1.8728813143969745
2012-04-13,18.44,1370.26,118.19,12.75,19.55,110.76,72.6,14.7,29.61,96.01668548583984,2012-04-01,127.40057968618366,-1.2553512960530442,1.5759068765020579
2012-04-16,18.8,1369.57,116.67,12.61,19.55,110.97,72.9,13.0,29.78,96.01668548583984,2012-04-01,127.40057968618366,-0.050368089595887164,0.002536944449539317
2012-04-17,18.03,1390.78,121.83,13.66,18.46,107.01,73.9,9.2,28.74,96.01668548583984,2012-04-01,127.40057968618366,1.5367918875513487,2.361729305643637
2012-04-18,17.54,1385.14,119.5,13.67,18.64,106.06,72.5,9.0,28.36,96.01668548583984,2012-04-01,127.40057968618366,-0.40635232720984615,0.16512221382885786
2012-04-19,17.33,1376.92,117.6,13.79,18.36,103.96,72.2,5.3,28.31,96.01668548583984,2012-04-01,127.40057968618366,-0.5952096817443118,0.3542745652421649
2012-04-20,16.72,1378.53,118.05,13.79,17.44,101.08,71.4,5.0,27.1,96.01668548583984,2012-04-01,127.40057968618366,0.11685932847406633,0.013656102651409728
2012-04-23,17.11,1366.94,117.19,13.86,18.97,104.01,70.9,4.3,26.91,96.01668548583984,2012-04-01,127.40057968618366,-0.8443048985726151,0.712850761753714
2012-04-24,17.64,1371.97,118.36,13.88,18.1,99.84,71.9,4.2,26.11,96.01668548583984,2012-04-01,127.40057968618366,0.36729981305998566,0.1349091526739004
2012-04-25,17.45,1390.69,122.53,13.88,16.82,93.28,70.6,-0.1,25.68,96.01668548583984,2012-04-01,127.40057968618366,1.3552363677729873,1.8366656125345195
2012-04-26,16.94,1399.98,121.03,14.03,16.24,89.65,65.2,-2.0,24.62,96.01668548583984,2012-04-01,127.40057968618366,0.6657923951737078,0.4432795134711427
2012-04-27,16.61,1403.36,120.08,13.94,16.32,88.62,64.1,-8.0,24.34,96.01668548583984,2012-04-01,127.40057968618366,0.24114104160489724,0.058149001946294784
2012-04-30,16.93,1397.91,119.83,14.02,17.15,89.32,62.9,-14.0,25.15,96.01668548583984,2012-04-01,127.40057968618366,-0.38910971640511405,0.15140637140086827
2012-05-01,16.47,1405.82,120.18,14.13,16.6,87.06,67.0,-12.8,25.12,78.17115783691406,2012-05-01,160.2410992457502,0.5642498376375206,0.3183778792739683
2012-05-02,16.55,1402.31,119.94,13.93,16.88,86.29,65.1,-20.4,25.03,78.17115783691406,2012-05-01,160.2410992457502,-0.24998855665210462,0.06249427845700252
2012-05-03,17.45,1391.57,116.18,14.1,17.56,88.35,63.3,-24.2,27.46,78.17115783691406,2012-05-01,160.2410992457502,-0.7688270722404974,0.591095067009895
2012-05-04,16.32,1369.1,115.83,14.8,19.16,91.31,57.8,-23.4,29.79,78.17115783691406,2012-05-01,160.2410992457502,-1.6279016486759132,2.6500637777617566
2012-05-07,16.38,1369.58,116.68,14.79,18.94,90.91,56.7,-23.1,29.07,78.17115783691406,2012-05-01,160.2410992457502,0.035053383740709244,0.0012287397116734192
2012-05-08,17.93,1363.72,117.23,14.36,19.05,91.33,57.7,-22.0,29.06,78.17115783691406,2012-05-01,160.2410992457502,-0.4287863738619395,0.18385775440967098
2012-05-09,19.32,1354.58,115.05,13.24,20.08,102.07,58.7,-21.6,29.27,78.17115783691406,2012-05-01,160.2410992457502,-0.6724816572818403,0.4522315793805305
2012-05-10,18.25,1357.99,115.11,12.98,18.83,98.65,57.6,-25.6,28.61,78.17115783691406,2012-05-01,160.2410992457502,0.251422215559892,0.06321313047704481
2012-05-11,18.46,1353.39,114.7,12.17,19.89,100.12,61.5,-24.3,28.79,78.17115783691406,2012-05-01,160.2410992457502,-0.339310934903185,0.11513191054487343
2012-05-14,20.05,1338.35,119.18,11.94,21.87,105.85,70.3,-23.4,30.96,78.17115783691406,2012-05-01,160.2410992457502,-1.1175044036911441,1.2488160922690996
2012-05-15,20.75,1330.66,120.04,12.12,21.97,109.61,67.7,-23.0,32.13,78.17115783691406,2012-05-01,160.2410992457502,-0.5762452204680382,0.33205855411225793
2012-05-16,22.2,1324.8,118.47,11.0,22.27,109.22,67.0,-19.4,31.48,78.17115783691406,2012-05-01,160.2410992457502,-0.4413555099659481,0.19479468617730208
2012-05-17,22.59,1304.86,119.54,12.15,24.49,112.84,70.6,-25.1,32.62,78.17115783691406,2012-05-01,160.2410992457502,-1.5165749322566031,2.2999995251491203
2012-05-18,23.29,1295.22,119.28,12.27,25.1,117.44,70.6,-25.1,33.18,78.17115783691406,2012-05-01,160.2410992457502,-0.741519043358835,0.5498504916638018
2012-05-21,20.69,1315.99,119.56,13.49,22.01,108.5,69.1,-25.3,30.01,78.17115783691406,2012-05-01,160.2410992457502,1.5908669197356162,2.5308575563090874
2012-05-22,20.04,1316.63,119.31,13.17,22.48,110.48,70.8,-25.5,29.75,78.17115783691406,2012-05-01,160.2410992457502,0.04862076658294832,0.002363978943113544
2012-05-23,21.79,1318.86,119.52,13.1,22.33,107.48,73.7,-25.3,30.9,78.17115783691406,2012-05-01,160.2410992457502,0.1692285330010667,0.02863829638169312
2012-05-24,21.93,1320.68,120.64,12.27,21.54,104.52,73.1,-25.4,30.12,78.17115783691406,2012-05-01,160.2410992457502,0.13790283825421373,0.019017192798567836
2012-05-25,21.11,1317.82,120.38,12.08,21.76,103.1,71.2,-24.5,30.19,78.17115783691406,2012-05-01,160.2410992457502,-0.2167899276191806,0.04699787271712956
2012-05-29,21.72,1332.42,122.39,12.71,21.03,100.98,68.9,-30.2,30.72,78.17115783691406,2012-05-01,160.2410992457502,1.1017981539835837,1.213959172121633
2012-05-30,23.46,1313.32,118.54,13.63,24.14,109.73,73.0,-30.0,33.32,78.17115783691406,2012-05-01,160.2410992457502,-1.4438555426152218,2.0847188279406965
2012-05-31,23.11,1310.33,119.32,13.47,24.06,108.75,74.4,-35.9,34.79,78.17115783691406,2012-05-01,160.2410992457502,-0.22792684195200047,0.0519506452822122
2012-06-01,25.3,1278.04,116.35,16.02,26.66,111.41,80.6,-53.6,41.63,77.82243347167969,2012-06-01,189.01711083123143,-2.4951359516333107,6.225703417133067
2012-06-04,25.36,1278.18,116.66,15.81,26.12,107.04,86.5,-52.3,38.58,77.82243347167969,2012-06-01,189.01711083123143,0.010953673794903052,0.00011998296960514582
2012-06-05,23.99,1285.5,117.07,14.93,24.68,102.78,84.6,-50.5,36.67,77.82243347167969,2012-06-01,189.01711083123143,0.5710556615777151,0.32610456861996195
2012-06-06,23.14,1315.13,119.66,16.91,22.16,97.71,87.7,-49.2,35.58,77.82243347167969,2012-06-01,189.01711083123143,2.2787772335250183,5.192825680031936
2012-06-07,22.92,1314.99,120.01,16.84,21.72,98.36,82.1,-48.9,36.9,77.82243347167969,2012-06-01,189.01711083123143,-0.010645902098176339,0.00011333523148395537
2012-06-08,22.03,1325.66,122.09,16.91,21.23,96.6,86.0,-50.1,37.57,77.82243347167969,2012-06-01,189.01711083123143,0.8081387590454859,0.653088253871578
2012-06-11,22.19,1308.93,119.28,17.4,23.56,105.51,86.5,-49.4,42.31,77.82243347167969,2012-06-01,189.01711083123143,-1.2700439066485179,1.6130115248150292
2012-06-12,22.9,1324.18,121.82,17.81,22.09,103.22,88.5,-48.4,39.45,77.82243347167969,2012-06-01,189.01711083123143,1.1583390373813107,1.3417493255214616
2012-06-13,23.96,1314.88,120.37,17.6,24.27,110.6,89.3,-53.6,39.07,77.82243347167969,2012-06-01,189.01711083123143,-0.7047993222950365,0.4967420847075427
2012-06-14,24.1,1329.1,115.05,17.87,21.68,107.78,91.5,-54.5,36.19,77.82243347167969,2012-06-01,189.01711083123143,1.075661473224191,1.1570476049788367
2012-06-15,22.94,1342.84,126.08,18.12,21.11,108.23,95.4,-60.6,36.28,77.82243347167969,2012-06-01,189.01711083123143,1.0284752736562524,1.0577613885223032
2012-06-18,20.64,1344.78,121.2,17.33,18.32,99.3,85.7,-59.6,35.04,77.82243347167969,2012-06-01,189.01711083123143,0.14436567200249711,0.02084144725273258
2012-06-19,20.51,1357.98,123.09,17.44,18.38,98.13,84.7,-59.7,32.92,77.82243347167969,2012-06-01,189.01711083123143,0.9767870585814924,0.9541129578122839
2012-06-20,19.88,1355.69,122.06,16.51,17.24,96.41,77.7,-59.3,34.66,77.82243347167969,2012-06-01,189.01711083123143,-0.16877516747354984,0.028485057155724795
2012-06-21,21.07,1325.51,118.4,18.31,20.08,105.47,76.2,-64.8,37.52,77.82243347167969,2012-06-01,189.01711083123143,-2.251325877143495,5.068468205095928
2012-06-22,20.29,1335.02,116.37,18.49,18.11,104.13,75.1,-64.4,35.08,77.82243347167969,2012-06-01,189.01711083123143,0.7148981972021055,0.5110794323628205
2012-06-25,20.46,1313.72,116.29,19.33,20.38,104.46,72.8,-61.6,36.84,77.82243347167969,2012-06-01,189.01711083123143,-1.6083465459972661,2.586778612021336
2012-06-26,20.47,1319.99,114.69,19.38,19.72,100.66,71.1,-62.2,34.42,77.82243347167969,2012-06-01,189.01711083123143,0.47613532585773716,0.22670484852965356
2012-06-27,19.96,1331.85,115.85,19.2,19.45,98.11,70.2,-60.9,33.45,77.82243347167969,2012-06-01,189.01711083123143,0.8944792352300871,0.8000931022578015
2012-06-28,20.56,1329.04,116.9,18.51,19.71,97.21,70.2,-60.6,34.58,77.82243347167969,2012-06-01,189.01711083123143,-0.2112076068222122,0.04460865317956618
2012-06-29,19.53,1362.16,119.09,20.51,17.08,89.59,73.2,-60.3,35.0,77.82243347167969,2012-06-01,189.01711083123143,2.461479803416528,6.05888282262747
2012-07-02,19.34,1365.51,118.89,18.56,16.74,85.61,71.6,-63.9,36.38,82.80802154541016,2012-07-01,160.0986535901933,0.24563100993451856,0.060334593041451556
2012-07-03,25.23,1374.02,118.33,18.71,16.66,84.59,72.4,-63.2,36.38,82.80802154541016,2012-07-01,160.0986535901933,0.6212764505379634,0.38598442799305055
2012-07-05,18.94,1367.58,117.91,18.65,17.5,89.43,71.3,-60.2,38.22,82.80802154541016,2012-07-01,160.0986535901933,-0.46979952180121604,0.22071159068465127
2012-07-06,19.46,1354.68,118.45,17.22,17.1,90.1,66.8,-62.5,37.51,82.80802154541016,2012-07-01,160.0986535901933,-0.9477490437645376,0.8982282499565954
2012-07-09,19.04,1352.46,119.62,17.22,17.98,92.85,63.4,-62.6,37.28,82.80802154541016,2012-07-01,160.0986535901933,-0.16401076395319902,0.02689953069251197
2012-07-10,20.28,1341.47,119.34,17.27,18.72,94.91,63.3,-64.9,37.68,82.80802154541016,2012-07-01,160.0986535901933,-0.8159128832764184,0.6657138330964384
2012-07-11,19.22,1341.45,117.3,16.76,17.95,96.25,63.8,-64.5,35.97,82.80802154541016,2012-07-01,160.0986535901933,-0.001490912885989825,2.2228212336105087e-06
2012-07-12,19.31,1334.76,116.13,16.35,18.33,95.22,63.4,-61.4,34.46,82.80802154541016,2012-07-01,160.0986535901933,-0.49996180683616703,0.2499618082948848
2012-07-13,18.52,1356.78,119.13,17.05,16.74,91.1,63.3,-61.6,33.86,82.80802154541016,2012-07-01,160.0986535901933,1.636274497101934,2.677394229866187
2012-07-16,18.03,1353.64,115.09,16.65,17.11,94.21,62.8,-64.0,34.01,82.80802154541016,2012-07-01,160.0986535901933,-0.2316985120192678,0.053684200471942785
2012-07-17,17.7,1363.67,117.22,16.48,16.48,93.49,64.2,-62.3,35.36,82.80802154541016,2012-07-01,160.0986535901933,0.7382334405661178,0.5449886127700878
2012-07-18,17.35,1372.78,116.59,16.65,16.16,94.03,61.9,-61.1,34.93,82.80802154541016,2012-07-01,160.0986535901933,0.6658286214577447,0.44332775315232065
2012-07-19,16.83,1376.51,114.19,16.35,15.45,93.73,61.2,-65.3,36.74,82.80802154541016,2012-07-01,160.0986535901933,0.2713429495304103,0.07362699625986281
2012-07-20,16.88,1362.66,116.52,16.68,16.27,100.61,61.3,-64.5,35.33,82.80802154541016,2012-07-01,160.0986535901933,-1.011263852275059,1.0226545789181924
2012-07-23,18.34,1350.52,120.26,15.07,18.62,107.32,61.6,-60.8,37.23,82.80802154541016,2012-07-01,160.0986535901933,-0.8948968382666002,0.8008403511395575
2012-07-24,19.6,1338.31,119.13,15.15,20.47,111.65,62.9,-59.6,36.27,82.80802154541016,2012-07-01,160.0986535901933,-0.9082079512297794,0.8248416826769933
2012-07-25,19.64,1337.89,118.58,14.06,19.34,106.53,63.1,-59.6,34.86,82.80802154541016,2012-07-01,160.0986535901933,-0.0313877889132357,0.000985193292861842
2012-07-26,19.37,1360.02,116.92,15.03,17.53,98.59,62.6,-53.8,34.1,82.80802154541016,2012-07-01,160.0986535901933,1.6405659452859416,2.6914566208319552
2012-07-27,19.11,1385.97,114.4,16.08,16.7,93.08,69.7,-51.0,32.99,82.80802154541016,2012-07-01,160.0986535901933,1.8900849989626385,3.572421303303597
2012-07-30,19.43,1385.3,114.86,16.06,18.03,94.74,68.4,-49.0,33.09,82.80802154541016,2012-07-01,160.0986535901933,-0.04835328301134157,0.0023380399779748934
2012-07-31,19.51,1379.32,113.99,13.53,18.93,96.11,69.8,-41.9,34.53,82.80802154541016,2012-07-01,160.0986535901933,-0.43260985787338774,0.18715128912923273
2012-08-01,19.01,1375.14,114.59,13.54,18.96,94.23,74.1,-40.6,33.98,74.87835693359375,2012-08-01,122.85129909938654,-0.30350799857287686,0.09211710519771342
2012-08-02,18.05,1365.0,114.35,13.58,17.57,89.63,69.4,-39.7,33.6,74.87835693359375,2012-08-01,122.85129909938654,-0.7401115480310585,0.5477651035289298
2012-08-03,16.65,1390.99,120.25,15.04,15.64,84.5,71.9,-36.2,33.23,74.87835693359375,2012-08-01,122.85129909938654,1.886129520593171,3.5574845684530247
2012-08-06,16.35,1394.23,114.79,14.66,15.95,84.47,69.7,-34.7,32.07,74.87835693359375,2012-08-01,122.85129909938654,0.2326567712056992,0.05412917318786106
2012-08-07,16.48,1401.35,113.55,14.74,15.99,86.87,73.9,-33.8,32.15,74.87835693359375,2012-08-01,122.85129909938654,0.5093766155781032,0.2594645364978027
2012-08-08,16.25,1402.22,115.36,14.45,15.32,85.18,75.2,-33.5,31.42,74.87835693359375,2012-08-01,122.85129909938654,0.062063727884550446,0.0038519063189275246
2012-08-09,16.19,1402.8,119.84,14.45,15.28,83.91,73.7,-21.3,30.78,74.87835693359375,2012-08-01,122.85129909938654,0.0413544294347905,0.0017101888338770669
2012-08-10,16.16,1405.87,117.89,14.38,14.74,84.83,70.1,-20.9,30.59,74.87835693359375,2012-08-01,122.85129909938654,0.21860889478816747,0.047789848880504075
2012-08-13,15.13,1404.11,121.65,13.32,13.7,89.58,67.2,-19.7,29.45,74.87835693359375,2012-08-01,122.85129909938654,-0.12526781188120387,0.01569202469350468
2012-08-14,14.96,1403.93,122.05,13.3,14.85,94.33,67.9,-12.1,29.84,74.87835693359375,2012-08-01,122.85129909938654,-0.012820330212278219,0.00016436086675185367
2012-08-15,14.87,1405.53,119.89,13.1,14.63,97.95,73.0,-19.1,31.18,74.87835693359375,2012-08-01,122.85129909938654,0.11390090430037803,0.012973416000443874
2012-08-16,15.17,1415.51,121.94,13.11,14.29,95.65,77.1,-19.7,31.73,74.87835693359375,2012-08-01,122.85129909938654,0.7075434332495446,0.5006177099345528
2012-08-17,14.7,1418.16,123.79,13.08,13.45,95.02,74.0,-18.1,31.19,74.87835693359375,2012-08-01,122.85129909938654,0.187036653705961,0.034982709829523576
2012-08-20,14.78,1418.13,125.84,12.63,14.02,96.64,70.2,-16.1,30.5,74.87835693359375,2012-08-01,122.85129909938654,-0.0021154395355287847,4.47508442847824e-06
2012-08-21,16.29,1413.17,129.99,12.22,15.02,97.41,70.0,-15.3,30.64,74.87835693359375,2012-08-01,122.85129909938654,-0.35036944682847937,0.12275874927089463
2012-08-22,17.15,1413.49,125.32,11.83,15.11,99.14,66.8,-14.6,31.07,74.87835693359375,2012-08-01,122.85129909938654,0.02264156293058998,0.0005126403719398664
2012-08-23,17.94,1402.08,122.41,12.14,15.96,98.4,65.5,-13.7,31.76,74.87835693359375,2012-08-01,122.85129909938654,-0.810497516365437,0.6569062240345418
2012-08-24,16.88,1411.13,123.74,10.99,15.18,94.99,66.4,-9.3,32.01,74.87835693359375,2012-08-01,122.85129909938654,0.6433953540105122,0.41395758156231227
2012-08-27,16.9,1410.44,121.53,8.87,16.35,94.89,66.3,-3.4,33.42,74.87835693359375,2012-08-01,122.85129909938654,-0.04890894174197595,0.0023920845823199974
2012-08-28,16.54,1409.3,120.28,8.87,16.49,94.43,64.3,-6.9,33.06,74.87835693359375,2012-08-01,122.85129909938654,-0.08085852327604881,0.006538100786383327
2012-08-29,16.5,1410.49,120.55,8.67,17.06,94.71,64.9,-3.9,32.59,74.87835693359375,2012-08-01,122.85129909938654,0.08440345349446528,0.007123942961792363
2012-08-30,17.14,1399.48,119.0,9.03,17.83,96.33,68.0,-4.0,31.95,74.87835693359375,2012-08-01,122.85129909938654,-0.7836422697165871,0.6140952068865643
2012-08-31,17.89,1406.58,120.78,8.79,17.47,93.3,68.7,-3.4,31.4,74.87835693359375,2012-08-01,122.85129909938654,0.506048705423725,0.25608529226102805
2012-09-04,17.97,1404.94,119.59,5.76,17.98,93.71,67.1,-2.8,33.61,69.28050994873047,2012-09-01,151.969532819728,-0.11666288598383129,0.013610228966076419
2012-09-05,18.18,1403.44,120.49,5.71,17.74,90.15,68.5,-2.0,33.64,69.28050994873047,2012-09-01,151.969532819728,-0.10682316087138284,0.011411187698553338
2012-09-06,17.8,1432.12,119.31,8.81,15.6,83.65,71.0,5.5,34.07,69.28050994873047,2012-09-01,151.969532819728,2.0229498271412947,4.092326003130994
2012-09-07,18.95,1437.92,120.7,8.93,14.38,82.24,68.4,15.0,32.77,69.28050994873047,2012-09-01,151.969532819728,0.40417610177212365,0.16335832124371005
2012-09-10,19.08,1429.08,122.37,9.15,16.28,92.77,68.2,18.5,32.71,69.28050994873047,2012-09-01,151.969532819728,-0.616674434215865,0.3802873578154572
2012-09-11,19.59,1433.56,122.82,9.17,16.41,92.39,67.9,25.1,32.38,69.28050994873047,2012-09-01,151.969532819728,0.3129980477784836,0.09796777791314192
2012-09-12,20.15,1436.56,123.38,9.21,15.8,93.94,69.9,26.3,33.33,69.28050994873047,2012-09-01,151.969532819728,0.20905056879527828,0.04370214031362938
2012-09-13,19.03,1459.99,115.69,10.77,14.05,87.81,65.4,25.1,32.96,69.28050994873047,2012-09-01,151.969532819728,1.617821963021452,2.6173479040345846
2012-09-14,17.87,1465.77,117.26,10.84,14.51,93.04,68.3,20.4,34.07,69.28050994873047,2012-09-01,151.969532819728,0.3951115279070497,0.1561131194850433
2012-09-17,18.08,1461.19,122.69,10.6,14.59,92.95,64.4,19.1,35.64,69.28050994873047,2012-09-01,151.969532819728,-0.3129529435335874,0.09793954486633673
2012-09-18,17.89,1459.32,127.38,10.59,14.18,90.13,59.8,20.0,35.81,69.28050994873047,2012-09-01,151.969532819728,-0.12805984266831857,0.016399323304234506
2012-09-19,17.69,1461.05,122.44,10.6,13.88,88.61,57.5,20.5,36.58,69.28050994873047,2012-09-01,151.969532819728,0.11847815190321101,0.014037072478400343
2012-09-20,17.29,1460.26,128.03,10.55,14.07,88.72,59.7,20.6,33.58,69.28050994873047,2012-09-01,151.969532819728,-0.05408532605288135,0.002925222494246486
2012-09-21,17.09,1460.15,130.6,10.55,13.98,87.9,59.6,20.6,33.21,69.28050994873047,2012-09-01,151.969532819728,-0.007533188836628922,5.674893404831061e-05
2012-09-24,16.94,1456.89,129.12,10.21,14.15,85.88,57.5,20.6,34.23,69.28050994873047,2012-09-01,151.969532819728,-0.2235143403731278,0.04995866035243443
2012-09-25,16.74,1441.59,125.45,10.69,15.43,92.79,57.6,29.1,34.35,69.28050994873047,2012-09-01,151.969532819728,-1.0557355654258944,1.114577584105133
2012-09-26,16.31,1433.32,124.06,10.85,16.81,95.05,58.5,28.9,35.13,69.28050994873047,2012-09-01,151.969532819728,-0.5753239448359475,0.3309976415015964
2012-09-27,17.02,1447.15,127.56,11.3,14.84,88.24,61.0781,8.8,33.05,69.28050994873047,2012-09-01,151.969532819728,0.9602673364694815,0.9221133574901924
2012-09-28,16.76,1440.67,125.87,11.46,15.73,90.49,60.47342,5.8,32.45,69.28050994873047,2012-09-01,151.969532819728,-0.4487821869708478,0.201405451342337
2012-10-01,16.9,1444.49,128.17,11.19,16.32,92.51,59.4,11.0,32.87,81.66366577148438,2012-10-01,159.42397125128633,0.2648034931983999,0.07012089001007503
2012-10-02,16.34,1445.75,127.1,11.1,15.71,90.25,60.4,10.9,32.53,81.66366577148438,2012-10-01,159.42397125128633,0.08718999666616195,0.007602095518645332
2012-10-03,16.59,1450.99,125.4,11.19,15.43,87.56,59.2,17.4,35.15,81.66366577148438,2012-10-01,159.42397125128633,0.3617864023352092,0.13088940091465387
2012-10-04,17.27,1461.4,120.39,11.47,14.55,83.51,59.8,17.7,33.39,81.66366577148438,2012-10-01,159.42397125128633,0.7148798295437697,0.5110531706885293
2012-10-05,15.88,1460.93,123.85,9.17,14.33,83.1,60.4,43.5,32.76,81.66366577148438,2012-10-01,159.42397125128633,-0.03216611430279521,0.0010346589093404865
2012-10-09,15.72,1441.48,121.21,9.54,16.37,88.53,59.3,42.6,34.5,81.66366577148438,2012-10-01,159.42397125128633,-1.3402855668234563,1.7963654006352736
2012-10-10,15.53,1432.56,120.46,9.75,16.29,94.36,59.6,42.7,35.09,81.66366577148438,2012-10-01,159.42397125128633,-0.6207310017350925,0.38530697651505147
2012-10-11,15.31,1432.84,120.83,9.71,15.59,90.74,61.4,45.7,34.52,81.66366577148438,2012-10-01,159.42397125128633,0.01954351929163438,0.0003819491463024851
2012-10-12,15.72,1428.59,120.97,8.03,16.14,91.87,61.4,49.4,33.69,81.66366577148438,2012-10-01,159.42397125128633,-0.29705448850503113,0.08824136914098567
2012-10-15,15.47,1440.13,122.45,8.41,15.27,92.92,63.0,55.5,33.84,81.66366577148438,2012-10-01,159.42397125128633,0.8045443436660634,0.6472916009250568
2012-10-16,15.12,1454.92,122.52,9.02,15.22,90.31,64.8,52.4,33.54,81.66366577148438,2012-10-01,159.42397125128633,1.021752900308216,1.0439789892882512
2012-10-17,14.64,1460.91,124.95,9.14,15.07,85.6,68.7,55.5,32.25,81.66366577148438,2012-10-01,159.42397125128633,0.41086129344168737,0.16880700244857633
2012-10-18,14.73,1457.34,124.58,9.16,15.03,86.51,69.0,53.9,30.83,81.66366577148438,2012-10-01,159.42397125128633,-0.24466730272574805,0.05986208902309284
2012-10-19,15.1,1433.19,125.39,10.97,17.06,92.63,68.5,53.2,31.91,81.66366577148438,2012-10-01,159.42397125128633,-1.6710127170061662,2.7922835003963296
2012-10-22,14.88,1433.82,122.99,10.97,16.62,92.48,69.8,50.6,33.13,81.66366577148438,2012-10-01,159.42397125128633,0.04394822551298323,0.0019314465257400304
2012-10-23,15.8,1413.11,120.16,12.01,18.83,99.66,68.9,49.0,34.28,81.66366577148438,2012-10-01,159.42397125128633,-1.4549262064668258,2.1168102662639487
2012-10-24,15.7,1408.75,119.33,11.45,18.33,96.39,67.1,48.2,33.61,81.66366577148438,2012-10-01,159.42397125128633,-0.3090162849686388,0.09549106437581899
2012-10-25,15.36,1412.97,120.89,11.34,18.12,91.86,73.1,51.7,32.27,81.66366577148438,2012-10-01,159.42397125128633,0.29910856826463456,0.08946593560931955
2012-10-26,14.92,1411.94,119.31,10.89,17.81,89.43,73.0,54.6,32.21,81.66366577148438,2012-10-01,159.42397125128633,-0.07292268041415646,0.005317717318785198
2012-10-31,14.99,1412.16,115.04,10.73,18.6,90.23,71.43392,48.1,32.18,81.66366577148438,2012-10-01,159.42397125128633,0.015580184869156202,0.00024274216055708388
2012-11-01,14.49,1427.59,117.85,11.39,16.69,81.7,72.0,51.4,31.29,81.38964080810547,2012-11-01,173.61801332065474,1.0867260747050345,1.1809735614438122
2012-11-02,16.2,1414.2,115.78,11.84,17.59,87.84,72.3,56.6,32.42,81.38964080810547,2012-11-01,173.61801332065474,-0.9423707658092245,0.8880626602518643
2012-11-05,17.48,1417.26,115.52,11.78,18.42,90.75,68.608516,52.8,32.1,81.38964080810547,2012-11-01,173.61801332065474,0.21614299275310736,0.04671779331626982
2012-11-06,18.0,1428.39,116.34,11.78,17.58,87.56,69.3,50.7,32.02,81.38964080810547,2012-11-01,173.61801332065474,0.7822505758014995,0.6119159633417774
2012-11-07,16.69,1394.53,116.1,14.34,19.08,94.75,60.9,50.5,33.98,81.38964080810547,2012-11-01,173.61801332065474,-2.3990494932418174,5.755438471023821
2012-11-08,17.02,1377.51,116.69,14.9,18.49,93.39,59.1,59.6,33.51,81.38964080810547,2012-11-01,173.61801332065474,-1.2279919394418561,1.5079642033341714
2012-11-09,16.07,1379.85,115.4,14.5,18.61,94.02,59.1,60.7,31.54,81.38964080810547,2012-11-01,173.61801332065474,0.1697276062425998,0.028807460320843005
2012-11-13,14.54,1374.53,114.81,14.4,16.65,87.84,57.3,60.7,31.27,81.38964080810547,2012-11-01,173.61801332065474,-0.38629431055732294,0.14922329436895745
2012-11-14,14.94,1355.49,113.23,15.18,17.92,94.66,56.836434,57.0,31.5,81.38964080810547,2012-11-01,173.61801332065474,-1.394884192572606,1.9457019106889313
2012-11-15,14.26,1353.33,113.65,14.93,17.99,94.54,55.6,50.7,30.54,81.38964080810547,2012-11-01,173.61801332065474,-0.15947906895285238,0.025433573434068643
2012-11-16,13.28,1359.88,115.85,14.61,16.41,90.27,54.976185,47.5,31.1,81.38964080810547,2012-11-01,173.61801332065474,0.4828238672569408,0.233118886792948
2012-11-19,13.61,1386.89,113.46,16.08,15.24,88.43,54.7,46.8,30.97,81.38964080810547,2012-11-01,173.61801332065474,1.966736976809187,3.8680543359485404
2012-11-20,13.52,1387.81,117.25,16.06,15.08,85.93,53.7,48.4,29.83,81.38964080810547,2012-11-01,173.61801332065474,0.06631347776075759,0.004397477332726492
2012-11-21,13.22,1391.03,116.62,14.9,15.31,85.85,53.9,46.5,29.49,81.38964080810547,2012-11-01,173.61801332065474,0.2317514819985913,0.05370874940854339
2012-11-27,13.68,1398.94,116.65,14.74,15.92,84.17,51.7,49.0,28.65,81.38964080810547,2012-11-01,173.61801332065474,0.567032706008795,0.3215260896836565
2012-11-28,13.7,1409.93,116.12,14.91,15.51,80.39,52.3,47.0,28.69,81.38964080810547,2012-11-01,173.61801332065474,0.7825250780979355,0.6123454978521801
2012-11-29,12.67,1415.95,117.35,14.98,15.06,78.42,51.7,43.9,28.28,81.38964080810547,2012-11-01,173.61801332065474,0.42606261459933553,0.18152935155922192
2012-11-30,13.24,1416.18,117.07,14.98,15.87,78.59,51.8,43.1,27.62,81.38964080810547,2012-11-01,173.61801332065474,0.016242192307947767,0.0002638088109683576
2012-12-03,13.4,1409.46,115.98,14.53,16.64,84.07,51.019573,35.1,28.39,74.83155822753906,2012-12-01,168.38468858260214,-0.47564535251138645,0.22623850136568108
2012-12-04,13.95,1407.05,115.31,14.17,17.12,86.18,51.7,33.0,28.84,74.83155822753906,2012-12-01,168.38468858260214,-0.1711338208049227,0.029286784623291394
2012-12-05,14.0,1409.28,114.55,14.16,16.46,82.98,52.3,34.7,29.13,74.83155822753906,2012-12-01,168.38468858260214,0.15836215685260085,0.025078572723007755
2012-12-06,14.07,1413.94,115.74,13.96,16.58,84.15,53.3,35.5,29.89,74.83155822753906,2012-12-01,168.38468858260214,0.33011980873050695,0.10897908811626648
2012-12-10,14.2,1418.55,114.77,10.57,16.05,81.56,52.246511,49.7,30.32,74.83155822753906,2012-12-01,168.38468858260214,0.32550893881200677,0.10595606924651876
2012-12-11,14.16,1427.84,115.92,10.82,15.57,78.7,51.6,48.0,29.94,74.83155822753906,2012-12-01,168.38468858260214,0.652758967448202,0.4260942695840429
2012-12-12,13.34,1428.48,116.49,10.82,15.95,83.02,53.6,48.5,29.13,74.83155822753906,2012-12-01,168.38468858260214,0.04481290686690232,0.002008196621861661
2012-12-14,12.6,1413.58,118.92,9.85,17.0,86.39,52.8,50.6,29.32,74.83155822753906,2012-12-01,168.38468858260214,-1.0485448241293782,1.0994462482085088
2012-12-17,11.97,1430.36,118.06,10.63,16.34,82.1,57.1,47.4,28.95,74.83155822753906,2012-12-01,168.38468858260214,1.1800667190939216,1.3925574615130925
2012-12-18,13.69,1446.79,117.86,11.19,15.57,79.36,63.0,47.0,28.56,74.83155822753906,2012-12-01,168.38468858260214,1.1421148426265304,1.3044263137478243
2012-12-19,13.73,1435.81,120.76,9.26,17.36,83.33,57.8,46.2,27.64,74.83155822753906,2012-12-01,168.38468858260214,-0.7618159372240999,0.5803635222086337
2012-12-20,14.53,1443.69,124.47,9.46,17.67,83.06,54.4,56.0,27.61,74.83155822753906,2012-12-01,168.38468858260214,0.5473186088517688,0.29955765959543545
2012-12-21,13.82,1430.15,127.08,9.97,17.84,87.7,55.3,54.8,28.88,74.83155822753906,2012-12-01,168.38468858260214,-0.9423002107227981,0.8879296871282297
2012-12-24,13.21,1426.66,124.47,9.13,18.59,89.27,54.9,54.3,28.88,74.83155822753906,2012-12-01,168.38468858260214,-0.24432858581227004,0.05969645784502381
2012-12-26,13.56,1419.83,122.18,9.2,19.48,92.17,54.5,55.5,28.73,74.83155822753906,2012-12-01,168.38468858260214,-0.47989018809801615,0.23029459263274932
2012-12-27,14.83,1418.1,119.6,9.06,19.47,90.89,55.0,49.1,28.08,74.83155822753906,2012-12-01,168.38468858260214,-0.12191986513380225,0.014864453514244529
2012-12-28,15.3,1402.43,118.38,9.67,22.72,104.72,56.7,47.7,28.88,74.83155822753906,2012-12-01,168.38468858260214,-1.1111501189478301,1.234654586837777
2012-12-31,14.38,1426.19,121.27,11.38,18.02,92.5,59.4,39.9,28.45,74.83155822753906,2012-12-01,168.38468858260214,1.6800106652478264,2.822435835346444
2013-01-02,13.43,1462.42,121.77,14.22,14.68,78.77,61.1,33.1,27.8,90.6574935913086,2013-01-01,167.77157782028715,2.5086044824864024,6.293096449550871
2013-01-03,13.72,1459.37,117.93,14.15,14.56,77.02,63.5,34.7,26.83,90.6574935913086,2013-01-01,167.77157782028715,-0.20877620279685177,0.04358750285427218
2013-01-04,13.78,1466.47,115.53,14.24,13.83,75.18,62.0,34.1,26.03,90.6574935913086,2013-01-01,167.77157782028715,0.48533166109664455,0.23554682126282825
2013-01-07,14.51,1461.89,116.78,14.27,13.79,76.77,59.9,31.9,25.04,90.6574935913086,2013-01-01,167.77157782028715,-0.3128033257148679,0.09784592057828174
2013-01-08,14.08,1457.15,118.15,14.28,13.62,78.37,58.6,31.1,24.3,90.6574935913086,2013-01-01,167.77157782028715,-0.32476459151946563,0.10547203990480536
2013-01-09,14.16,1461.02,117.89,14.26,13.81,78.51,56.3,30.0,24.6,90.6574935913086,2013-01-01,167.77157782028715,0.2652348745119191,0.07034953865735348
2013-01-10,13.27,1472.12,118.53,14.5,13.49,77.49,58.2,28.7,24.59,90.6574935913086,2013-01-01,167.77157782028715,0.7568716794297315,0.5728547391227823
2013-01-11,13.79,1472.05,119.14,14.31,13.36,78.52,59.2,10.9,24.57,90.6574935913086,2013-01-01,167.77157782028715,-0.004755160198840902,2.2611548516640645e-05
2013-01-14,13.78,1470.68,117.19,14.31,13.52,78.28,55.8,8.9,25.72,90.6574935913086,2013-01-01,167.77157782028715,-0.09311082559243282,0.008669625842504443
2013-01-15,13.76,1472.34,120.9,14.16,13.55,77.84,53.1,7.9,25.7,90.6574935913086,2013-01-01,167.77157782028715,0.1128093030996665,0.012725938865832426
2013-01-16,14.49,1472.63,120.13,14.1,13.42,77.26,53.2,3.3,24.39,90.6574935913086,2013-01-01,167.77157782028715,0.01969459797129973,0.0003878771892511234
2013-01-17,14.9,1480.94,120.53,13.69,13.57,78.77,56.9,5.2,23.99,90.6574935913086,2013-01-01,167.77157782028715,0.5627103422306787,0.31664292925336757
2013-01-18,13.8,1485.98,124.79,13.16,12.46,73.43,55.8544551,2.2,21.98,90.6574935913086,2013-01-01,167.77157782028715,0.3397465956591006,0.11542774926194839
2013-01-22,12.71,1492.56,126.73,12.98,12.43,73.87,61.88943953,-2.1,21.67,90.6574935913086,2013-01-01,167.77157782028715,0.441827922681335,0.1952119132609037
2013-01-23,12.46,1494.81,126.58,12.85,12.46,71.86,53.6,-3.0,22.75,90.6574935913086,2013-01-01,167.77157782028715,0.15063419833833688,0.022690661709033413
2013-01-24,13.03,1494.82,125.47,12.44,12.69,76.17,55.3,-0.6,22.48,90.6574935913086,2013-01-01,167.77157782028715,0.0006689791044299383,4.475330421638823e-07
2013-01-25,14.08,1502.96,124.71,12.49,12.89,76.92,66.2,-2.0,22.52,90.6574935913086,2013-01-01,167.77157782028715,0.5430698720872255,0.2949248859688354
2013-01-28,14.39,1500.18,122.95,12.45,13.57,78.16,63.7,0.3,22.98,90.6574935913086,2013-01-01,167.77157782028715,-0.18513960681661246,0.03427667401220985
2013-01-29,13.59,1507.84,123.95,12.54,13.31,73.61,62.4,-7.0,22.97,90.6574935913086,2013-01-01,167.77157782028715,0.5093062252180288,0.2593928310458375
2013-01-30,13.21,1501.96,121.92,11.91,14.32,77.34,66.4,-30.8,22.88,90.6574935913086,2013-01-01,167.77157782028715,-0.3907241332048655,0.15266534826869346
2013-01-31,13.76,1498.11,121.64,10.2,14.28,76.72,65.6,-27.9,22.54,90.6574935913086,2013-01-01,167.77157782028715,-0.25666081881304614,0.0658747759137833
2013-02-01,13.32,1513.17,122.55,6.43,12.9,73.29,65.0,-28.1,22.4,81.59033203125,2013-02-01,125.4416799017944,1.000247440417763,1.0004949420622864
2013-02-04,13.78,1495.71,122.6,7.47,14.67,77.79,63.1,-29.3,23.96,81.59033203125,2013-02-01,125.4416799017944,-1.1605777551404992,1.3469407257269606
2013-02-05,13.03,1511.29,123.22,8.06,13.72,75.07,64.8,-29.9,23.06,81.59033203125,2013-02-01,125.4416799017944,1.036258025857612,1.0738306961543151
2013-02-06,13.57,1512.12,122.45,7.99,13.41,77.24,62.8,-29.8,23.39,81.59033203125,2013-02-01,125.4416799017944,0.054904893537455465,0.003014547334359319
2013-02-07,13.59,1509.39,125.35,7.93,13.5,76.86,59.9,-30.0,23.3,81.59033203125,2013-02-01,125.4416799017944,-0.1807043989846203,0.032654079812392836
2013-02-08,13.14,1517.93,125.67,8.08,13.02,74.42,61.5,-12.5,23.08,81.59033203125,2013-02-01,125.4416799017944,0.5641968905585326,0.31831813131591685
2013-02-11,14.38,1517.01,125.53,7.65,12.94,76.1,60.0,-10.0,21.68,81.59033203125,2013-02-01,125.4416799017944,-0.06062723007243433,0.0036756610262558853
2013-02-12,14.06,1519.43,126.12,7.66,12.64,73.83,59.8,-9.0,20.7,81.59033203125,2013-02-01,125.4416799017944,0.15939722256221328,0.025407474560547753
2013-02-13,14.7,1520.33,126.68,7.66,12.98,73.25,61.7,-7.0,21.0,81.59033203125,2013-02-01,125.4416799017944,0.0592152029303837,0.0035064402580865226
2013-02-14,14.72,1521.38,127.19,7.66,12.66,72.99,59.1,-5.0,20.21,81.59033203125,2013-02-01,125.4416799017944,0.06904011504762424,0.0047665374857891905
2013-02-15,15.9,1519.79,130.46,7.66,12.46,72.55,59.1,-2.0,22.59,81.59033203125,2013-02-01,125.4416799017944,-0.10456502891147328,0.010933845271257242
2013-02-19,15.75,1530.94,130.15,7.72,12.31,70.45,58.4,-2.5,22.44,81.59033203125,2013-02-01,125.4416799017944,0.7309758416980312,0.5343256811461452
2013-02-20,18.59,1511.95,124.47,8.83,14.68,79.65,57.9,-3.7,24.97,81.59033203125,2013-02-01,125.4416799017944,-1.248171740825915,1.5579326945963952
2013-02-21,16.9,1502.42,122.58,8.93,15.22,80.83,59.7,-4.7,27.13,81.59033203125,2013-02-01,125.4416799017944,-0.6323067010152341,0.3998117641487687
2013-02-22,16.26,1515.6,125.37,9.42,14.17,78.66,58.6,-4.8,24.58,81.59033203125,2013-02-01,125.4416799017944,0.8734258744972729,0.7628727582413259
2013-02-25,17.48,1487.85,121.5,11.32,18.99,94.34,60.0,-5.0,26.22,81.59033203125,2013-02-01,125.4416799017944,-1.8479275284333254,3.414836150341699
2013-02-26,15.61,1496.94,122.92,11.38,16.87,90.23,58.0,7.7,25.9,81.59033203125,2013-02-01,125.4416799017944,0.6090899595964322,0.3709905788811834
2013-02-27,15.57,1515.99,124.96,12.17,14.73,82.29,58.41433672,6.7,24.33,81.59033203125,2013-02-01,125.4416799017944,1.2645666418416044,1.5991287916585526
2013-02-28,15.79,1514.68,126.86,12.08,15.51,86.57,55.8764745,2.8,23.61,81.59033203125,2013-02-01,125.4416799017944,-0.08644953634581831,0.007473522334406961
2013-03-01,15.75,1518.2,128.19,12.04,15.36,87.83,55.0,7.7,23.68,75.89672088623047,2013-03-01,141.44328391361603,0.23212270716333072,0.053880951180833386
2013-03-04,16.03,1525.2,128.65,12.13,14.01,82.27,53.9,5.2,24.28,75.89672088623047,2013-03-01,141.44328391361603,0.4600126400740833,0.21161162902792813
2013-03-05,15.47,1539.79,126.62,12.14,13.48,79.32,56.5024,6.3,22.41,75.89672088623047,2013-03-01,141.44328391361603,0.9520494489536513,0.906398153252951
2013-03-07,14.84,1544.26,125.28,11.01,13.06,77.16,60.5,5.1,21.29,75.89672088623047,2013-03-01,141.44328391361603,0.28987877175182925,0.08402970231234912
2013-03-08,13.54,1551.18,124.46,11.09,12.59,76.65,58.1,21.1,20.8,75.89672088623047,2013-03-01,141.44328391361603,0.44711004109199914,0.19990738884528916
2013-03-11,12.96,1556.22,125.21,11.15,11.56,77.32,55.0675,21.0,19.42,75.89672088623047,2013-03-01,141.44328391361603,0.32438723173948536,0.10522707611560658
2013-03-12,12.07,1552.48,128.66,11.04,12.27,79.99,53.7,21.1,18.77,75.89672088623047,2013-03-01,141.44328391361603,-0.24061516417888235,0.05789565723283051
2013-03-13,12.24,1554.52,127.13,11.05,11.83,84.36,54.6,27.4,19.09,75.89672088623047,2013-03-01,141.44328391361603,0.13131640123256266,0.017243997232671386
2013-03-14,12.59,1563.23,128.96,11.18,11.3,83.5,56.0,29.3,18.36,75.89672088623047,2013-03-01,141.44328391361603,0.5587377217302528,0.31218784168431346
2013-03-15,12.43,1560.7,129.12,11.19,11.3,85.72,55.8,27.0,18.76,75.89672088623047,2013-03-01,141.44328391361603,-0.16197549581095974,0.026236061243206238
2013-03-25,12.99,1551.69,122.03,10.58,13.74,88.86,57.6686265,30.2,19.08,75.89672088623047,2013-03-01,141.44328391361603,-0.5789779024528695,0.33521541152872447
2013-03-26,12.48,1563.77,122.47,8.91,12.77,85.14,56.1,25.1,17.81,75.89672088623047,2013-03-01,141.44328391361603,0.7754912943538612,0.601386747618627
2013-03-28,12.41,1569.19,122.93,7.59,12.7,83.2,57.3,18.9,18.19,75.89672088623047,2013-03-01,141.44328391361603,0.3459990173600095,0.11971532001409214
2013-04-01,13.13,1562.17,121.21,7.66,13.58,84.23,56.2,16.8,19.2,95.10787200927734,2013-04-01,133.47056707724488,-0.44836823364220996,0.20103407293943537
2013-04-02,13.73,1570.25,122.84,7.77,12.78,80.49,56.0,17.4,19.33,95.10787200927734,2013-04-01,133.47056707724488,0.5158962029794233,0.26614889224858634
2013-04-03,15.21,1553.69,120.92,8.39,14.21,85.23,57.9,12.3,21.74,95.10787200927734,2013-04-01,133.47056707724488,-1.060209550620146,1.124044291226172
2013-04-04,16.03,1559.98,120.79,7.87,13.89,83.12,56.9,9.3,21.84,95.10787200927734,2013-04-01,133.47056707724488,0.40402538202902033,0.16323650932369582
2013-04-05,14.46,1553.28,118.34,8.0,13.92,84.49,54.8,8.0,21.39,95.10787200927734,2013-04-01,133.47056707724488,-0.4304176550396904,0.18525935776986593
2013-04-08,14.22,1563.07,119.21,8.26,13.19,82.12,54.9,10.8,21.01,95.10787200927734,2013-04-01,133.47056707724488,0.6283011989032715,0.3947623965432884
2013-04-09,13.54,1568.61,118.63,8.24,12.84,82.04,52.7,12.3,20.64,95.10787200927734,2013-04-01,133.47056707724488,0.3538040782594966,0.125177325793052
2013-04-10,15.15,1587.73,118.34,9.15,12.36,82.75,53.9,15.1,20.55,95.10787200927734,2013-04-01,133.47056707724488,1.2115446292433605,1.467840388648432
2013-04-11,15.29,1593.37,117.24,9.17,12.24,83.37,52.6,16.8,21.2,95.10787200927734,2013-04-01,133.47056707724488,0.3545946942665359,0.12573739720197807
2013-04-12,21.32,1588.85,117.84,9.22,12.06,82.39,53.1,7.8,22.59,95.10787200927734,2013-04-01,133.47056707724488,-0.2840786017135281,0.08070065195151334
2013-04-15,34.48,1552.36,119.92,11.72,17.27,104.62,52.3,3.0,29.84,95.10787200927734,2013-04-01,133.47056707724488,-2.3234130479996953,5.3982481916152345
2013-04-16,30.02,1574.57,124.1,12.53,13.96,88.19,51.9,-4.1,27.32,95.10787200927734,2013-04-01,133.47056707724488,1.4205865503323178,2.018066146985075
2013-04-17,26.93,1552.01,120.7,13.36,16.51,105.26,52.0,-3.7,31.14,95.10787200927734,2013-04-01,133.47056707724488,-1.4431354089724242,2.082639808630006
2013-04-18,24.57,1541.61,121.28,13.5,17.56,107.65,51.3,-5.0,28.53,95.10787200927734,2013-04-01,133.47056707724488,-0.6723540175262234,0.4520599248836531
2013-04-19,24.37,1555.25,122.61,13.58,14.97,95.52,51.3,-4.9,27.57,95.10787200927734,2013-04-01,133.47056707724488,0.8808979549016325,0.7759812069498785
2013-04-22,23.28,1562.5,120.52,13.35,14.39,90.91,50.6,-5.0,25.07,95.10787200927734,2013-04-01,133.47056707724488,0.46507982154273886,0.21629924040622583
2013-04-23,23.68,1578.78,121.56,13.6,13.48,85.16,50.0,-4.9,24.43,95.10787200927734,2013-04-01,133.47056707724488,1.0365294248898438,1.0743932486624703
2013-04-24,21.49,1578.79,119.84,13.56,13.61,84.99,49.8,-7.9,23.26,95.10787200927734,2013-04-01,133.47056707724488,0.0006333984678094675,4.01193619023381e-07
2013-04-25,22.35,1585.16,119.83,13.38,13.62,85.89,49.4,-6.2,22.68,95.10787200927734,2013-04-01,133.47056707724488,0.40266177447456747,0.16213650462300744
2013-04-26,24.21,1582.24,118.86,13.4,13.61,85.09,50.2,-12.4,22.51,95.10787200927734,2013-04-01,133.47056707724488,-0.18437840671979097,0.03399539686452866
2013-04-29,23.16,1593.61,118.85,13.55,13.71,84.42,49.6,-5.3,23.44,95.10787200927734,2013-04-01,133.47056707724488,0.7160318389366214,0.5127015943709596
2013-04-30,22.09,1597.57,119.05,13.52,13.52,83.46,49.2,-1.7,24.57,95.10787200927734,2013-04-01,133.47056707724488,0.24818418469955725,0.061595389534983946
2013-05-01,22.93,1582.7,118.05,13.75,14.49,88.11,49.0,-3.8,26.68,83.71731567382812,2013-05-01,106.18546556698102,-0.9351475418805077,0.874500925085156
2013-05-02,22.06,1597.59,117.95,13.65,13.59,83.82,49.0,4.2,24.49,83.71731567382812,2013-05-01,106.18546556698102,0.9363994353694134,0.8768439025601562
2013-05-06,20.37,1617.5,116.93,13.96,12.66,79.78,49.49,-3.1,25.16,83.71731567382812,2013-05-01,106.18546556698102,1.2385503682123822,1.5340070145990274
2013-05-07,22.07,1625.96,119.76,13.9,12.83,78.86,49.49,-4.9,24.38,83.71731567382812,2013-05-01,106.18546556698102,0.52166631841069,0.2721357477641634
2013-05-08,20.64,1632.69,117.35,13.91,12.66,79.81,49.49,-7.9,22.64,83.71731567382812,2013-05-01,106.18546556698102,0.41305507302880856,0.17061449335483436
2013-05-09,21.62,1626.67,119.08,13.32,13.13,81.14,48.87,-6.9,23.24,83.71731567382812,2013-05-01,106.18546556698102,-0.3693980932139126,0.13645495127007445
2013-05-10,23.95,1633.7,117.97,13.33,12.59,80.45,55.32,-7.3,22.83,83.71731567382812,2013-05-01,106.18546556698102,0.431240067515143,0.18596799583046508
2013-05-14,25.06,1650.34,116.16,11.53,12.77,80.45,57.74,-7.7,24.12,83.71731567382812,2013-05-01,106.18546556698102,1.0133946240653309,1.0269686640845133
2013-05-17,28.34,1667.47,127.85,10.02,12.45,84.0,61.3,-17.5,22.82,83.71731567382812,2013-05-01,106.18546556698102,1.0326180350324685,1.0663000062743164
2013-05-20,26.66,1666.29,117.67,9.63,13.02,85.01,60.5,-18.2,23.44,83.71731567382812,2013-05-01,106.18546556698102,-0.07079094171616472,0.005011357429061431
2013-05-21,27.18,1669.16,117.08,9.5,13.37,88.04,59.8,-18.7,23.11,83.71731567382812,2013-05-01,106.18546556698102,0.1720907648621843,0.029615231350851607
2013-05-22,27.61,1655.35,117.16,9.21,13.82,88.23,65.4,-19.4,24.45,83.71731567382812,2013-05-01,106.18546556698102,-0.8308039040019749,0.6902351269049227
2013-05-23,26.08,1650.51,116.92,9.26,14.07,87.4,68.2,-17.8,23.3,83.71731567382812,2013-05-01,106.18546556698102,-0.2928135769918223,0.08573979087074585
2013-05-24,24.9,1649.6,118.17,9.16,13.99,83.88,65.1,-15.3,22.57,83.71731567382812,2013-05-01,106.18546556698102,-0.055149678226770485,0.0030414870085163225
2013-05-28,24.86,1660.06,112.47,9.41,14.48,82.65,75.5,-14.3,22.95,83.71731567382812,2013-05-01,106.18546556698102,0.632091201300719,0.3995392867617861
2013-05-29,22.76,1648.36,116.2,9.43,14.83,81.72,81.2,-15.5,24.04,83.71731567382812,2013-05-01,106.18546556698102,-0.7072892060328735,0.5002580209706126
2013-05-30,21.43,1654.41,117.75,9.47,14.53,80.22,77.4,-19.1,24.21,83.71731567382812,2013-05-01,106.18546556698102,0.36635955678957277,0.1342193248510522
2013-05-31,22.63,1630.74,119.51,10.32,16.3,84.87,80.0,-14.4,24.41,83.71731567382812,2013-05-01,106.18546556698102,-1.4410550273650715,2.076639591894147
2013-06-03,21.68,1640.42,119.16,10.04,16.28,86.99,79.2,-22.6,24.79,82.97300720214844,2013-06-01,119.36312027248523,0.5918407082218199,0.35027542390850536
2013-06-04,22.32,1631.38,116.87,9.62,16.27,87.39,82.8,-21.8,24.64,82.97300720214844,2013-06-01,119.36312027248523,-0.5526024209600663,0.30536943565092634
2013-06-05,22.65,1608.9,116.57,10.75,17.5,93.18,83.6,-29.0,24.49,82.97300720214844,2013-06-01,119.36312027248523,-1.3875566725247142,1.9253135194678568
2013-06-06,22.33,1622.56,117.64,11.05,16.63,91.91,84.7,-29.0,23.89,82.97300720214844,2013-06-01,119.36312027248523,0.8454433206696951,0.7147744084650008
2013-06-07,23.58,1643.38,116.2,11.84,15.14,84.19,81.5,-32.3,22.41,82.97300720214844,2013-06-01,119.36312027248523,1.2749947667659598,1.6256116552805842
2013-06-10,22.68,1642.81,116.2,11.79,15.44,82.94,84.7,-32.9,21.74,82.97300720214844,2013-06-01,119.36312027248523,-0.034690629921981506,0.0012034398043838785
2013-06-11,23.27,1626.13,116.98,12.23,17.07,92.32,82.3,-31.0,21.81,82.97300720214844,2013-06-01,119.36312027248523,-1.020523152075696,1.0414675039225143
2013-06-12,22.04,1612.52,115.56,12.58,18.59,101.77,81.9,-30.0,22.72,82.97300720214844,2013-06-01,119.36312027248523,-0.8404786017584212,0.7064042800137907
2013-06-13,22.69,1636.36,117.28,13.15,16.41,95.08,82.4,-28.0,21.47,82.97300720214844,2013-06-01,119.36312027248523,1.4676090161454947,2.153876224271547
2013-06-14,20.91,1626.73,116.29,13.21,17.15,93.87,78.5,-29.7,21.22,82.97300720214844,2013-06-01,119.36312027248523,-0.5902398007852176,0.3483830224309734
2013-06-17,21.27,1639.04,116.74,13.38,16.8,90.45,78.5,-14.0,21.04,82.97300720214844,2013-06-01,119.36312027248523,0.7538839723718171,0.5683410437991108
2013-06-18,22.7,1651.81,118.7,13.24,16.61,89.99,81.0,-14.8,20.64,82.97300720214844,2013-06-01,119.36312027248523,0.7760951788880601,0.60232372669329
2013-06-19,22.53,1628.93,117.84,14.1,16.64,88.59,86.9,-14.1,19.98,82.97300720214844,2013-06-01,119.36312027248523,-1.3948298829170962,1.9455504022785204
2013-06-20,29.94,1588.19,117.52,16.58,20.49,100.98,96.0,-12.9,25.9,82.97300720214844,2013-06-01,119.36312027248523,-2.532835452574456,6.41525542981805
2013-06-21,27.19,1592.43,117.36,16.37,18.9,96.1,103.7,-12.0,23.68,82.97300720214844,2013-06-01,119.36312027248523,0.2666148431196402,0.07108347457171034
2013-06-24,27.69,1573.09,116.08,16.86,20.11,100.93,111.0,-8.1,24.32,82.97300720214844,2013-06-01,119.36312027248523,-1.2219313502973375,1.4931162248394745
2013-06-25,25.86,1588.03,115.23,17.19,18.47,94.83,108.4,1.3,23.63,82.97300720214844,2013-06-01,119.36312027248523,0.9452416382998887,0.8934817547758577
2013-06-26,31.43,1603.26,115.81,17.35,17.21,90.76,103.5,-8.0,22.82,82.97300720214844,2013-06-01,119.36312027248523,0.9544802023650156,0.9110324567067611
2013-06-27,33.51,1613.2,116.01,17.31,16.86,86.05,97.1,-7.1,23.17,82.97300720214844,2013-06-01,119.36312027248523,0.6180727659270395,0.382013943980701
2013-06-28,31.84,1606.28,116.53,17.39,16.86,86.54,99.8,-9.0,22.37,82.97300720214844,2013-06-01,119.36312027248523,-0.42988374872954704,0.18480003742176834
2013-07-01,28.84,1614.96,114.85,16.78,16.37,84.89,101.3,-3.6,22.18,73.97581481933594,2013-07-01,108.30231054100832,0.5389242036254582,0.2904392972533344
2013-07-03,27.25,1615.41,113.13,16.57,16.2,82.72,109.3,-13.2,25.7,73.97581481933594,2013-07-01,108.30231054100832,0.027860585809735473,0.0007762122416616336
2013-07-05,27.15,1631.89,117.12,16.2,14.89,77.41,117.9,-14.0,26.74,73.97581481933594,2013-07-01,108.30231054100832,1.0150057885384196,1.030236750766499
2013-07-08,26.79,1640.46,117.13,16.0,14.78,75.49,107.8,-12.1,25.37,73.97581481933594,2013-07-01,108.30231054100832,0.5237838002118209,0.27434946936433674
2013-07-09,25.68,1652.32,115.19,15.56,14.35,75.92,99.5,-12.0,25.22,73.97581481933594,2013-07-01,108.30231054100832,0.7203670629321988,0.5189287053575624
2013-07-10,26.24,1652.62,117.08,15.56,14.21,79.54,99.0,-10.2,26.22,73.97581481933594,2013-07-01,108.30231054100832,0.0181546412839013,0.00032959100014713345
2013-07-11,23.85,1675.02,115.53,15.87,14.01,77.16,93.5,-11.9,24.58,73.97581481933594,2013-07-01,108.30231054100832,1.3463198150456834,1.8125770443846432
2013-07-12,24.07,1680.19,113.27,15.6,13.84,76.14,94.5,-11.7,24.51,73.97581481933594,2013-07-01,108.30231054100832,0.30817767542262126,0.0949734796288905
2013-07-15,23.53,1682.5,114.42,14.77,13.79,76.22,89.4,-15.0,23.72,73.97581481933594,2013-07-01,108.30231054100832,0.13739002782673193,0.018876019746230176
2013-07-16,23.2,1676.26,115.26,14.69,14.42,80.84,88.0,-5.3,24.5,73.97581481933594,2013-07-01,108.30231054100832,-0.37156612435484215,0.13806138476807803
2013-07-17,23.61,1680.91,115.27,14.48,13.78,77.06,81.9,-11.3,23.3,73.97581481933594,2013-07-01,108.30231054100832,0.27701921402020063,0.07673964493636973
2013-07-18,22.52,1689.37,115.58,14.33,13.77,74.68,77.4,-9.7,23.05,73.97581481933594,2013-07-01,108.30231054100832,0.5020364936359822,0.25204064094231166
2013-07-19,21.19,1692.09,113.07,13.49,12.54,73.64,75.9,-9.5,24.08,73.97581481933594,2013-07-01,108.30231054100832,0.1608772889016856,0.02588150208435641
2013-07-22,21.76,1695.53,112.9,10.3,12.29,72.49,72.6,-9.1,24.23,73.97581481933594,2013-07-01,108.30231054100832,0.20309250638510862,0.041246566149785384
2013-07-23,21.66,1692.39,113.14,10.28,12.66,75.05,74.1,-8.9,23.63,73.97581481933594,2013-07-01,108.30231054100832,-0.1853645244921124,0.03436000694018694
2013-07-24,22.61,1685.94,118.72,9.5,13.18,76.8,80.2,-7.5,23.77,73.97581481933594,2013-07-01,108.30231054100832,-0.3818459319893381,0.1458063157768062
2013-07-25,21.77,1690.25,117.85,8.93,12.97,76.74,82.6,-4.7,23.37,73.97581481933594,2013-07-01,108.30231054100832,0.25531752308375316,0.06518703759362283
2013-07-26,22.22,1691.65,118.23,8.32,12.72,76.54,81.6,-3.4,22.98,73.97581481933594,2013-07-01,108.30231054100832,0.08279370058089733,0.006854796855879279
2013-07-29,22.77,1685.33,118.93,8.17,13.39,76.65,83.2,-5.5,22.79,73.97581481933594,2013-07-01,108.30231054100832,-0.3742993668069835,0.14010001599210878
2013-07-30,23.72,1685.96,119.39,7.91,13.39,74.35,83.3,-7.6,23.48,73.97581481933594,2013-07-01,108.30231054100832,0.037374417942905254,0.0013968471165709583
2013-07-31,24.99,1685.73,117.85,7.56,13.45,73.08,82.6,4.0,22.95,73.97581481933594,2013-07-01,108.30231054100832,-0.013643009906418412,0.0001861317193066309
2013-08-01,24.61,1706.87,115.06,8.6,12.94,71.1,91.4,14.5,22.28,90.95674896240234,2013-08-01,118.26725767234512,1.2462579504871754,1.5531588791524948
2013-08-02,24.24,1709.67,116.89,8.6,11.98,70.36,73.2,10.9,22.26,90.95674896240234,2013-08-01,118.26725767234512,0.16390855232919158,0.026866013526651335
2013-08-05,23.49,1707.14,116.53,7.89,11.84,69.74,72.7,18.8,22.87,90.95674896240234,2013-08-01,118.26725767234512,-0.1480913754279429,0.02193105547613993
2013-08-06,23.82,1697.37,119.09,7.94,12.72,75.53,78.2,36.7,22.64,90.95674896240234,2013-08-01,118.26725767234512,-0.5739461373172055,0.3294141685413405
2013-08-07,23.49,1690.91,118.31,7.63,12.98,76.57,75.4,36.7,22.56,90.95674896240234,2013-08-01,118.26725767234512,-0.381314875241731,0.1454010340806169
2013-08-08,21.71,1697.48,118.47,7.73,12.73,75.41,75.4,36.9,22.25,90.95674896240234,2013-08-01,118.26725767234512,0.38779527938558256,0.15038517871374205
2013-08-09,21.5,1691.42,122.3,6.27,13.41,77.33,75.4,36.9,22.64,90.95674896240234,2013-08-01,118.26725767234512,-0.35763855287662916,0.12790533450368946
2013-08-12,21.58,1689.47,115.44,6.25,12.81,78.77,74.1,38.0,22.68,90.95674896240234,2013-08-01,118.26725767234512,-0.11535425383448847,0.013306603877711598
2013-08-13,21.37,1694.16,115.81,6.22,12.31,78.94,81.7,40.2,22.63,90.95674896240234,2013-08-01,118.26725767234512,0.27721724913956086,0.07684940322050536
2013-08-14,21.21,1685.39,119.33,6.3,13.04,80.22,80.9,39.0,23.15,90.95674896240234,2013-08-01,118.26725767234512,-0.5190051744275638,0.2693663710825859
2013-08-15,22.45,1661.32,115.82,8.01,14.73,86.21,86.7,40.6,24.15,90.95674896240234,2013-08-01,118.26725767234512,-1.4384523926260437,2.0691452858515897
2013-08-16,22.97,1655.83,117.21,7.87,14.37,84.09,94.7,36.6,23.99,90.95674896240234,2013-08-01,118.26725767234512,-0.33100734140073595,0.10956586006118336
2013-08-19,24.25,1646.06,118.15,8.15,15.1,86.91,99.5,35.1,23.48,90.95674896240234,2013-08-01,118.26725767234512,-0.5917840093265895,0.35020831369465294
2013-08-20,23.82,1652.35,118.07,8.27,14.91,89.08,95.7,34.2,24.18,90.95674896240234,2013-08-01,118.26725767234512,0.3813963470091846,0.14546317351195037
2013-08-21,23.28,1642.8,117.17,8.52,15.94,90.38,98.8,34.7,24.33,90.95674896240234,2013-08-01,118.26725767234512,-0.5796413965205477,0.3359841485602908
2013-08-22,22.69,1656.96,119.21,8.89,14.76,84.52,58.3,34.3,23.26,90.95674896240234,2013-08-01,118.26725767234512,0.8582495040714576,0.736592211238903
2013-08-23,22.63,1663.5,120.13,8.94,13.98,80.02,99.8,28.5,22.7,90.95674896240234,2013-08-01,118.26725767234512,0.3939218335413213,0.15517441094055645
2013-08-26,23.67,1656.78,118.69,9.02,14.99,83.06,95.8,23.3,23.43,90.95674896240234,2013-08-01,118.26725767234512,-0.4047856913079035,0.16385145588761732
2013-08-27,23.9,1630.48,118.07,10.54,16.77,92.36,94.9,26.0,27.19,90.95674896240234,2013-08-01,118.26725767234512,-1.6001509567328325,2.5604830843329993
2013-08-29,24.36,1638.17,117.21,10.6,16.81,91.49,98.8,30.6,27.41,90.95674896240234,2013-08-01,118.26725767234512,0.4705315153374585,0.22139990692576497
2013-08-30,24.44,1632.97,117.48,9.84,17.01,92.6,103.5,30.8,28.1,90.95674896240234,2013-08-01,118.26725767234512,-0.31793224259261554,0.10108091087996975
2013-09-03,25.2,1639.77,116.72,9.94,16.61,90.66,105.8,36.8,29.41,100.4593276977539,2013-09-01,132.5802037108033,0.4155545375136951,0.172685573648221
2013-09-05,25.64,1655.08,117.37,10.17,15.77,85.8,111.4,53.4,27.44,100.4593276977539,2013-09-01,132.5802037108033,0.9293357930772614,0.8636650162945425
2013-09-06,23.59,1655.17,118.67,10.09,15.85,86.51,105.5,56.5,28.1,100.4593276977539,2013-09-01,132.5802037108033,0.005437655767527383,2.9568100246123816e-05
2013-09-09,22.04,1671.71,119.0,10.59,15.63,83.46,100.7,55.0,27.93,100.4593276977539,2013-09-01,132.5802037108033,0.9943332056093749,0.9886985237774154
2013-09-10,22.58,1683.99,119.94,10.84,14.53,79.25,101.8,53.8,27.12,100.4593276977539,2013-09-01,132.5802037108033,0.7318922917109201,0.5356663266658626
2013-09-11,22.63,1689.13,120.68,10.87,13.82,78.4,98.0,53.5,24.32,100.4593276977539,2013-09-01,132.5802037108033,0.30476259239930586,0.09288023772594545
2013-09-12,25.09,1683.42,119.67,10.88,14.29,80.97,96.4,56.8,23.57,100.4593276977539,2013-09-01,132.5802037108033,-0.33861650418574235,0.11466113690697287
2013-09-13,24.88,1687.99,120.12,10.78,14.16,79.73,96.2,49.7,23.18,100.4593276977539,2013-09-01,132.5802037108033,0.27110335432424615,0.07349702872585775
2013-09-16,25.12,1697.6,118.84,9.72,14.38,80.09,94.5,46.2,23.03,100.4593276977539,2013-09-01,132.5802037108033,0.5677016891980371,0.32228520791830473
2013-09-17,25.35,1704.76,121.59,9.77,14.53,79.49,90.8,40.7,23.17,100.4593276977539,2013-09-01,132.5802037108033,0.420884948659013,0.1771441400077
2013-09-18,23.2,1725.52,114.22,10.34,13.59,74.65,82.7,39.2,22.81,100.4593276977539,2013-09-01,132.5802037108033,1.2104115967809936,1.4650962336219147
2013-09-19,21.75,1722.34,115.69,10.24,13.16,73.22,80.3,44.4,21.51,100.4593276977539,2013-09-01,132.5802037108033,-0.18446229845168335,0.0340263395500779
2013-09-20,22.27,1709.91,115.87,10.33,13.12,76.89,77.7,44.4,21.38,100.4593276977539,2013-09-01,132.5802037108033,-0.7243093796933789,0.5246240775118074
2013-09-23,22.7,1701.84,119.08,10.05,14.31,77.56,75.3,45.9,22.27,100.4593276977539,2013-09-01,132.5802037108033,-0.47307188688171364,0.22379701015782488
2013-09-24,22.84,1697.42,119.31,10.0,14.08,74.78,74.8,46.2,22.5,100.4593276977539,2013-09-01,132.5802037108033,-0.26005674711671983,0.06762951172092957
2013-09-25,21.97,1692.77,117.45,9.96,14.01,73.08,75.3,47.0,22.32,100.4593276977539,2013-09-01,132.5802037108033,-0.2743210802944285,0.07525205509390227
2013-09-26,21.79,1698.67,122.03,8.31,14.06,69.96,77.6,47.8,21.77,100.4593276977539,2013-09-01,132.5802037108033,0.347935151561587,0.12105886969218452
2013-09-27,22.57,1691.75,124.48,8.38,15.46,74.93,78.0,46.5,21.84,100.4593276977539,2013-09-01,132.5802037108033,-0.4082095793020239,0.16663506063393532
2013-09-30,23.72,1681.55,123.46,8.58,16.6,81.67,80.2,50.5,22.98,100.4593276977539,2013-09-01,132.5802037108033,-0.6047509018760081,0.3657236533198452
2013-10-01,25.48,1695.0,123.74,8.86,15.54,76.43,87.4,53.3,22.57,72.95311737060547,2013-10-01,158.59966405902128,0.7966753720975774,0.6346916485068135
2013-10-02,24.04,1693.87,123.52,8.73,16.6,85.73,82.2,51.7,21.52,72.95311737060547,2013-10-01,158.59966405902128,-0.06668889877037676,0.0044474092192055585
2013-10-03,24.54,1678.66,122.31,8.76,17.67,93.79,80.3,44.9,21.62,72.95311737060547,2013-10-01,158.59966405902128,-0.9019995744482426,0.8136032323048108
2013-10-04,24.77,1690.5,123.98,9.12,16.74,88.71,82.5,44.7,21.49,72.95311737060547,2013-10-01,158.59966405902128,0.7028487065576219,0.4939963043097221
2013-10-07,24.81,1676.12,123.23,9.61,19.41,103.08,80.3,44.0,22.01,72.95311737060547,2013-10-01,158.59966405902128,-0.8542744623655643,0.7297848570499739
2013-10-08,25.44,1655.45,120.72,9.93,20.34,106.55,81.1,43.7,21.95,72.95311737060547,2013-10-01,158.59966405902128,-1.2408723348868085,1.5397641514874398
2013-10-09,25.81,1656.4,122.62,9.58,19.6,111.43,80.8,43.3,23.24,72.95311737060547,2013-10-01,158.59966405902128,0.05736974959952306,0.0032912881691119764
2013-10-10,25.36,1692.56,120.25,12.04,16.48,95.31,80.1,35.9,21.39,72.95311737060547,2013-10-01,158.59966405902128,2.1595603003649866,4.663700690912511
2013-10-11,25.83,1703.2,130.97,12.19,15.72,90.85,77.1,35.4,21.55,72.95311737060547,2013-10-01,158.59966405902128,0.6266658904207739,0.3927101382168614
2013-10-15,26.07,1698.06,131.01,12.36,18.66,103.37,75.8,30.9,23.52,72.95311737060547,2013-10-01,158.59966405902128,-0.30224116432219494,0.09134972141083604
2013-10-16,24.72,1721.54,125.24,13.19,14.71,85.7,73.2,26.8,21.73,72.95311737060547,2013-10-01,158.59966405902128,1.3732816122981577,1.8859023866762274
2013-10-17,22.31,1733.15,126.68,12.75,13.48,72.7,70.1,24.0,21.22,72.95311737060547,2013-10-01,158.59966405902128,0.6721323017650933,0.45176183107604245
2013-10-18,21.43,1744.5,131.35,12.93,13.04,73.42,72.5,23.2,20.12,72.95311737060547,2013-10-01,158.59966405902128,0.6527419550148451,0.42607205983660207
2013-10-21,21.52,1744.66,130.67,12.69,13.16,75.02,71.5,19.6,20.91,72.95311737060547,2013-10-01,158.59966405902128,0.009171261857431334,8.411204405757485e-05
2013-10-22,20.75,1754.67,129.17,12.75,13.33,74.13,63.1,19.4,21.62,72.95311737060547,2013-10-01,158.59966405902128,0.5721110785884598,0.3273110862436508
2013-10-23,20.52,1746.38,134.47,12.83,13.42,72.43,62.0,18.2,23.28,72.95311737060547,2013-10-01,158.59966405902128,-0.47357309912257806,0.22427148021256313
2013-10-24,20.67,1752.07,135.42,12.85,13.2,70.84,63.1,17.1,21.88,72.95311737060547,2013-10-01,158.59966405902128,0.32528719960210106,0.10581176222497714
2013-10-25,19.9,1759.77,135.06,12.89,13.09,70.03,61.14,17.0,20.28,72.95311737060547,2013-10-01,158.59966405902128,0.438517263831988,0.1922973906786934
2013-10-28,20.32,1762.11,133.27,12.82,13.31,70.16,58.5,11.4,20.57,72.95311737060547,2013-10-01,158.59966405902128,0.1328835930998072,0.01765804931511513
2013-10-29,20.65,1771.95,127.58,12.82,13.41,68.52,58.8,5.4,20.64,72.95311737060547,2013-10-01,158.59966405902128,0.5568680457237637,0.3101020203482038
2013-10-30,20.81,1763.31,127.95,12.71,13.65,69.56,60.6,-2.1,20.95,72.95311737060547,2013-10-01,158.59966405902128,-0.48879104801314577,0.23891668861778936
2013-10-31,20.57,1756.54,132.33,12.75,13.75,69.44,61.7,3.8,20.59,72.95311737060547,2013-10-01,158.59966405902128,-0.3846759576849974,0.1479755924208699
2013-11-01,20.68,1761.64,129.84,12.42,13.28,68.94,69.6,5.3,21.29,77.77902221679688,2013-11-01,96.29112641620068,0.2899228335302809,0.08405524940222699
2013-11-04,20.3,1767.93,125.57,12.22,12.93,67.09,64.21,-3.8,21.74,77.77902221679688,2013-11-01,96.29112641620068,0.35641773126337484,0.12703359915893128
2013-11-05,20.19,1762.97,122.98,11.89,13.27,67.41,68.6,0.0,22.18,77.77902221679688,2013-11-01,96.29112641620068,-0.2809483849739196,0.07893199501945374
2013-11-06,19.43,1770.49,118.69,11.21,12.67,67.41,67.1,0.4,20.98,77.77902221679688,2013-11-01,96.29112641620068,0.42564576101536705,0.18117431387035096
2013-11-07,20.01,1747.15,123.83,12.08,13.91,71.74,66.5,13.0,20.79,77.77902221679688,2013-11-01,96.29112641620068,-1.327045548901987,1.761049888860576
2013-11-08,19.37,1770.61,126.37,10.58,12.9,69.39,69.9,19.4,19.7,77.77902221679688,2013-11-01,96.29112641620068,1.333823103901602,1.7790840725017036
2013-11-12,21.2,1767.69,129.66,10.28,12.82,69.39,69.6,17.6,20.32,77.77902221679688,2013-11-01,96.29112641620068,-0.16505105066754208,0.027241849326459542
2013-11-13,20.46,1782.0,131.01,10.32,12.52,71.37,65.8,18.0,19.63,77.77902221679688,2013-11-01,96.29112641620068,0.8062719573425563,0.650074469196997
2013-11-14,19.44,1790.62,133.03,9.32,12.37,71.91,61.9,11.5,19.92,77.77902221679688,2013-11-01,96.29112641620068,0.48255995473341795,0.23286410991231837
2013-11-15,18.03,1798.18,133.46,9.13,12.19,73.58,62.2,6.9,19.39,77.77902221679688,2013-11-01,96.29112641620068,0.42131136773868577,0.17750326858584212
2013-11-18,19.52,1791.53,137.06,8.93,13.1,75.06,58.3,5.0,19.71,77.77902221679688,2013-11-01,96.29112641620068,-0.3705038906885411,0.1372731330153464
2013-11-19,19.45,1787.87,133.62,8.97,13.39,74.45,62.3,5.2,19.83,77.77902221679688,2013-11-01,96.29112641620068,-0.20450361935312333,0.04182173032852716
2013-11-20,23.04,1781.37,133.25,8.8,13.4,69.05,66.5,6.9,19.87,77.77902221679688,2013-11-01,96.29112641620068,-0.3642235986195912,0.13265882979140506
2013-11-21,21.3,1795.85,124.63,9.06,12.66,64.95,68.4,7.0,18.69,77.77902221679688,2013-11-01,96.29112641620068,0.8095716274424049,0.6554062199597439
2013-11-22,20.33,1804.76,133.76,9.14,12.26,63.77,66.8,6.7,18.1,77.77902221679688,2013-11-01,96.29112641620068,0.4949171494279674,0.244942984797905
2013-11-25,20.02,1802.48,134.23,9.02,12.79,64.88,65.1,4.7,19.23,77.77902221679688,2013-11-01,96.29112641620068,-0.1264124540436517,0.015980108537338354
2013-11-26,19.68,1802.75,133.64,9.0,12.81,65.14,65.3,3.2,18.64,77.77902221679688,2013-11-01,96.29112641620068,0.014978239973848013,0.00022434767271417854
2013-11-27,19.75,1807.23,133.82,8.81,12.98,64.81,67.8,8.6,19.62,77.77902221679688,2013-11-01,96.29112641620068,0.24820094847459512,0.06160371082368862
2013-11-29,19.33,1805.81,130.82,8.63,13.7,64.81,68.0,6.9,20.0,77.77902221679688,2013-11-01,96.29112641620068,-0.07860417117517002,0.006178615726135429
2013-12-02,21.43,1800.9,131.64,8.61,14.23,69.59,73.1,8.0,20.28,70.37248992919922,2013-12-01,119.2406061654542,-0.2722704643955981,0.07413120578219465
2013-12-03,21.09,1795.15,132.38,8.66,14.55,73.21,72.1,5.1,19.49,70.37248992919922,2013-12-01,119.2406061654542,-0.31979560353163,0.10226922803815948
2013-12-04,20.82,1792.81,131.63,8.57,14.7,72.73,75.8,5.3,19.06,70.37248992919922,2013-12-01,119.2406061654542,-0.1304362552406203,0.017013616681196247
2013-12-05,21.78,1785.03,128.01,8.62,15.08,75.8,76.1,16.5,18.59,70.37248992919922,2013-12-01,119.2406061654542,-0.43489995429874545,0.18913797024905088
2013-12-06,20.5,1805.09,128.01,9.31,13.79,70.45,69.2,32.5,17.95,70.37248992919922,2013-12-01,119.2406061654542,1.1175230224585924,1.2488577057249874
2013-12-09,20.65,1808.37,126.09,8.18,13.49,70.45,67.8,33.0,18.1,70.37248992919922,2013-12-01,119.2406061654542,0.18154350128978636,0.03295804286055466
2013-12-10,19.63,1802.62,126.68,6.93,13.91,70.45,70.5,33.0,17.95,70.37248992919922,2013-12-01,119.2406061654542,-0.31847248870443096,0.1014247260615939
2013-12-12,22.24,1775.5,125.09,8.09,15.54,83.38,72.8,31.7,18.19,70.37248992919922,2013-12-01,119.2406061654542,-1.515908876249417,2.2979797210917705
2013-12-13,21.87,1775.32,126.22,7.64,15.76,85.39,72.6,32.1,18.42,70.37248992919922,2013-12-01,119.2406061654542,-0.010138503227667498,0.00010278924769742427
2013-12-16,21.91,1786.54,128.21,7.77,16.03,83.2,69.9,35.4,17.49,70.37248992919922,2013-12-01,119.2406061654542,0.630010001027756,0.39691260139499307
2013-12-17,21.79,1781.0,128.75,7.76,16.21,82.23,68.5,45.2,17.7,70.37248992919922,2013-12-01,119.2406061654542,-0.3105784071481868,0.09645894698670489
2013-12-18,21.39,1810.65,135.58,9.64,13.8,67.17,65.0,44.1,17.26,70.37248992919922,2013-12-01,119.2406061654542,1.6510892525584175,2.7260957199139138
2013-12-19,22.07,1809.6,137.86,9.61,14.15,67.03,67.7,39.1,16.7,70.37248992919922,2013-12-01,119.2406061654542,-0.05800704533898699,0.0033648173089592926
2013-12-20,21.01,1818.32,143.2,9.74,13.79,68.0,67.3,47.0,15.86,70.37248992919922,2013-12-01,119.2406061654542,0.48071714880478694,0.23108897715500368
2013-12-23,20.76,1827.99,138.11,9.5,13.04,63.49,66.2,44.9,15.42,70.37248992919922,2013-12-01,119.2406061654542,0.5304004689709988,0.28132465748465546
2013-12-24,20.08,1833.32,137.88,9.43,12.48,63.49,67.8,48.4,15.26,70.37248992919922,2013-12-01,119.2406061654542,0.29115282591196123,0.0847699680365208
2013-12-26,19.84,1842.02,136.65,9.54,12.33,62.71,66.8,49.4,15.2,70.37248992919922,2013-12-01,119.2406061654542,0.47342647208743666,0.22413262447315643
2013-12-27,19.1,1841.4,136.72,9.55,12.46,66.67,65.8,49.4,15.74,70.37248992919922,2013-12-01,119.2406061654542,-0.03366436658622563,0.0011332895776517847
2013-12-30,20.75,1841.07,134.36,9.52,13.56,69.71,69.1,50.2,16.53,70.37248992919922,2013-12-01,119.2406061654542,-0.01792275298283738,0.00032122507448380624
2013-12-31,21.65,1848.36,133.63,9.63,13.72,70.83,73.5,52.2,17.76,70.37248992919922,2013-12-01,119.2406061654542,0.39518351004493735,0.1561700066114371
2014-01-02,20.42,1831.98,121.77,10.1,14.23,73.14,73.4,53.3,20.24,77.91596984863281,2014-01-01,110.92896443029215,-0.8901410280449841,0.7923510498089811
2014-01-03,19.19,1831.37,134.46,10.03,13.76,70.03,72.7,53.4,20.6,77.91596984863281,2014-01-01,110.92896443029215,-0.03330285152322327,0.0011090799195778546
2014-01-06,19.5,1826.77,131.99,10.06,13.55,68.33,69.9,49.1,20.7,77.91596984863281,2014-01-01,110.92896443029215,-0.2514940611652187,0.06324926280137477
2014-01-07,19.12,1837.88,129.1,10.17,12.92,68.33,73.8,61.0,19.67,77.91596984863281,2014-01-01,110.92896443029215,0.606335341031303,0.36764254578354655
2014-01-08,19.43,1837.49,129.46,9.42,12.87,68.33,75.3,63.4,20.17,77.91596984863281,2014-01-01,110.92896443029215,-0.021222353203285235,0.00045038827548499107
2014-01-09,18.46,1838.13,130.87,9.39,12.89,68.33,73.7,63.9,19.51,77.91596984863281,2014-01-01,110.92896443029215,0.0348240572457387,0.001212714963054486
2014-01-10,17.27,1842.37,126.15,9.35,12.14,67.74,61.2,65.5,19.47,77.91596984863281,2014-01-01,110.92896443029215,0.23040357971461523,0.05308580954530905
2014-01-13,16.67,1819.2,130.59,9.56,13.28,75.71,58.9,66.1,19.75,77.91596984863281,2014-01-01,110.92896443029215,-1.2655942268644282,1.6017287470725698
2014-01-14,16.5,1838.88,133.43,10.24,12.28,69.31,61.6,70.3,19.81,77.91596984863281,2014-01-01,110.92896443029215,1.075984662417709,1.1577429937581512
2014-01-15,16.43,1848.38,132.69,10.39,12.28,69.56,60.8,72.7,18.7,77.91596984863281,2014-01-01,110.92896443029215,0.5152889148329634,0.26552266574973293
2014-01-16,15.39,1845.89,136.35,10.12,12.53,73.98,60.8,69.2,17.91,77.91596984863281,2014-01-01,110.92896443029215,-0.1348033780458889,0.018171950732582844
2014-01-17,14.34,1838.7,139.62,10.14,12.44,75.72,60.3,66.6,17.12,77.91596984863281,2014-01-01,110.92896443029215,-0.39027458285236155,0.15231425002058482
2014-01-21,15.97,1843.8,138.77,8.36,12.87,77.78,59.5,64.1,18.26,77.91596984863281,2014-01-01,110.92896443029215,0.27698592046981874,0.07672120013851275
2014-01-22,15.62,1844.86,138.92,8.36,12.84,74.46,60.5,63.4,18.17,77.91596984863281,2014-01-01,110.92896443029215,0.05747344722354488,0.0033031971357575986
2014-01-23,16.01,1828.46,135.71,8.65,13.77,78.25,62.2,62.5,18.79,77.91596984863281,2014-01-01,110.92896443029215,-0.8929311341099138,0.7973260102628168
2014-01-24,17.54,1790.29,131.61,11.22,18.14,97.71,63.5,62.6,19.46,77.91596984863281,2014-01-01,110.92896443029215,-2.109646461003822,4.4506081904259505
2014-01-27,18.38,1781.56,128.73,11.32,17.42,93.5,64.2,59.0,20.89,77.91596984863281,2014-01-01,110.92896443029215,-0.4888232923261316,0.2389482111205587
2014-01-28,18.71,1792.5,128.3,11.41,15.8,83.96,64.5,52.0,20.83,77.91596984863281,2014-01-01,110.92896443029215,0.6121908511444599,0.3747776382249783
2014-01-29,17.45,1774.2,126.71,11.87,17.35,92.47,64.5,50.7,20.81,77.91596984863281,2014-01-01,110.92896443029215,-1.0261676387288874,1.0530200227744204
2014-01-31,18.62,1782.59,128.37,12.53,18.41,99.66,64.7,49.0,20.35,77.91596984863281,2014-01-01,110.92896443029215,0.4717745810933023,0.22257125536576086
2014-02-04,18.51,1755.2,127.26,14.73,19.11,100.4,66.8,31.1,21.47,69.00352478027344,2014-02-01,98.1412278411244,-1.5484552376453864,2.39771362299143
2014-02-06,17.93,1773.43,124.68,15.18,17.23,92.58,67.2,25.5,19.65,69.00352478027344,2014-02-01,98.1412278411244,1.0332713939124303,1.0676497734777366
2014-02-07,16.59,1797.02,129.01,15.83,15.29,83.17,64.7,23.6,19.03,69.00352478027344,2014-02-01,98.1412278411244,1.3214212922079904,1.7461542315006353
2014-02-10,17.08,1799.84,126.26,15.84,15.26,79.89,62.3,24.6,19.18,69.00352478027344,2014-02-01,98.1412278411244,0.15680346623456046,0.024587327023172942
2014-02-11,16.81,1819.75,126.7,16.26,14.51,78.64,61.5,25.7,19.05,69.00352478027344,2014-02-01,98.1412278411244,1.1001356953851575,1.2102985482605841
2014-02-12,16.23,1819.26,127.84,15.61,14.3,79.56,61.0,25.9,19.23,69.00352478027344,2014-02-01,98.1412278411244,-0.026930401563143885,0.0007252465283521827
2014-02-13,16.13,1829.83,128.57,15.25,14.14,78.41,58.1,23.1,19.0,69.00352478027344,2014-02-01,98.1412278411244,0.5793241362750423,0.3356164548708238
2014-02-14,16.26,1838.63,129.25,15.25,13.57,77.49,57.3,19.7,17.95,69.00352478027344,2014-02-01,98.1412278411244,0.47976627138052635,0.23017567515437287
2014-02-18,16.28,1840.76,124.25,15.25,13.87,75.82,56.0,0.0,18.43,69.00352478027344,2014-02-01,98.1412278411244,0.11578007430249318,0.013405025605490842
2014-02-19,16.48,1828.75,129.12,15.36,15.5,86.23,57.3,-4.0,18.35,69.00352478027344,2014-02-01,98.1412278411244,-0.6545856467982497,0.42848236899428294
2014-02-20,16.07,1839.78,134.37,15.47,14.79,79.83,58.7,-6.5,17.59,69.00352478027344,2014-02-01,98.1412278411244,0.6013325902815457,0.36160088413471336
2014-02-21,15.73,1836.25,138.79,15.48,14.68,78.96,58.4,-7.7,17.9,69.00352478027344,2014-02-01,98.1412278411244,-0.19205507490625245,0.03688515179724624
2014-02-24,15.94,1847.61,134.47,15.33,14.23,77.84,57.4,-11.8,18.16,69.00352478027344,2014-02-01,98.1412278411244,0.6167463480648212,0.3803760578512936
2014-02-25,15.86,1845.12,121.92,13.46,13.67,76.46,56.8,-14.6,18.47,69.00352478027344,2014-02-01,98.1412278411244,-0.13485959587527493,0.01818711059964247
2014-02-26,16.46,1845.16,132.22,13.34,14.35,79.42,57.8,-11.4,18.48,69.00352478027344,2014-02-01,98.1412278411244,0.0021678571816661323,4.699604760101426e-06
2014-02-27,15.75,1854.29,137.24,13.3,14.04,78.94,58.1,-13.2,18.81,69.00352478027344,2014-02-01,98.1412278411244,0.4935878866371388,0.243629001834917
2014-02-28,16.07,1859.45,137.17,12.91,14.0,81.45,57.7,-13.4,18.71,69.00352478027344,2014-02-01,98.1412278411244,0.2778871606797594,0.0772212740706584
2014-03-03,17.05,1845.73,129.12,12.63,16.0,92.84,57.8,-15.3,20.9,119.83855438232422,2014-03-01,113.49504487205893,-0.7405881878043588,0.5484708639153442
2014-03-04,16.75,1873.91,131.65,13.47,14.1,82.14,63.2,-18.7,19.88,119.83855438232422,2014-03-01,113.49504487205893,1.5152293854515366,2.2959200905358412
2014-03-05,16.58,1873.81,126.62,10.84,13.89,80.52,60.8,-27.9,20.29,119.83855438232422,2014-03-01,113.49504487205893,-0.005336577974016258,2.8479064472755466e-05
2014-03-06,16.31,1877.03,133.46,10.58,14.21,79.55,61.0,-28.0,19.96,119.83855438232422,2014-03-01,113.49504487205893,0.1716949158601179,0.029479144132212965
2014-03-07,15.82,1878.04,130.49,10.56,14.11,83.07,58.2,-31.2,20.01,119.83855438232422,2014-03-01,113.49504487205893,0.053793938560730996,0.0028937878258757013
2014-03-10,15.83,1877.17,131.35,9.66,14.2,82.35,55.7,-31.6,20.33,119.83855438232422,2014-03-01,113.49504487205893,-0.04633562520154853,0.0021469901628183795
2014-03-11,16.14,1867.63,130.08,8.74,14.8,85.12,55.51,-33.6,20.67,119.83855438232422,2014-03-01,113.49504487205893,-0.5095076179252814,0.25959801272389454
2014-03-12,16.67,1868.2,132.33,8.73,14.47,83.45,55.1,-34.1,20.9,119.83855438232422,2014-03-01,113.49504487205893,0.030515307410829928,0.0009311839863774519
2014-03-13,17.3,1846.34,127.66,8.8,16.22,92.14,57.48,-30.1,20.83,119.83855438232422,2014-03-01,113.49504487205893,-1.177009932020802,1.3853523800756131
2014-03-14,18.32,1841.13,126.26,8.88,17.82,97.11,62.84,-32.7,21.7,119.83855438232422,2014-03-01,113.49504487205893,-0.2825787581649674,0.07985075456605514
2014-03-17,17.87,1858.83,131.87,9.14,15.64,87.79,61.8,-35.8,20.34,119.83855438232422,2014-03-01,113.49504487205893,0.9567743988496134,0.915417250294039
2014-03-18,17.37,1872.25,129.37,9.43,14.52,81.89,59.21,-33.5,20.25,119.83855438232422,2014-03-01,113.49504487205893,0.719365860408948,0.517487241121906
2014-03-19,17.59,1860.77,132.74,9.58,15.12,81.35,65.6,-34.8,19.88,119.83855438232422,2014-03-01,113.49504487205893,-0.6150535593061313,0.37829088081514073
2014-03-20,16.91,1872.01,134.02,9.47,14.52,77.03,60.8,-32.6,19.69,119.83855438232422,2014-03-01,113.49504487205893,0.6022339367196353,0.36268571453682974
2014-03-21,16.43,1866.52,132.82,9.33,15.0,78.64,60.8,-32.6,19.46,119.83855438232422,2014-03-01,113.49504487205893,-0.2936985363948364,0.08625883028046905
2014-03-24,17.53,1857.44,132.7,9.42,15.09,77.29,58.7,-33.8,19.52,119.83855438232422,2014-03-01,113.49504487205893,-0.4876538949937361,0.23780632130256182
2014-03-25,17.16,1865.62,121.81,9.32,14.02,74.77,58.34,-31.7,19.19,119.83855438232422,2014-03-01,113.49504487205893,0.4394241920648026,0.19309362057180451
2014-03-26,17.32,1852.56,119.05,9.67,14.93,76.27,57.8,-31.3,19.17,119.83855438232422,2014-03-01,113.49504487205893,-0.7024971200665743,0.4935022037018309
2014-03-27,17.6,1849.04,117.96,9.7,14.62,74.71,59.4,-31.0,19.28,119.83855438232422,2014-03-01,113.49504487205893,-0.19018808412744231,0.03617150734406707
2014-03-28,17.48,1857.62,124.98,9.65,14.41,74.86,61.9,-29.5,19.15,119.83855438232422,2014-03-01,113.49504487205893,0.4629512997768188,0.21432390596504597
2014-03-31,17.37,1872.34,123.25,10.05,13.88,72.2,61.8,-32.6,19.26,119.83855438232422,2014-03-01,113.49504487205893,0.7892887011329989,0.6229766537362165
2014-04-01,16.65,1885.52,128.08,9.99,13.1,67.51,61.5,-34.1,19.61,93.22154235839844,2014-04-01,101.62258475274533,0.7014659430600536,0.49205446927313035
2014-04-02,16.19,1890.9,127.3,8.61,13.09,67.33,66.3,-32.8,19.79,93.22154235839844,2014-04-01,101.62258475274533,0.2849261279041829,0.0811828983624708
2014-04-03,16.01,1888.77,128.13,8.62,13.37,67.73,65.2,-41.8,18.45,93.22154235839844,2014-04-01,101.62258475274533,-0.11270826423899495,0.012703152827767109
2014-04-04,15.81,1865.09,126.61,9.52,13.96,69.53,58.8,-43.8,18.28,93.22154235839844,2014-04-01,101.62258475274533,-1.2616514258563742,1.5917643203654221
2014-04-07,15.95,1845.04,123.92,10.27,15.57,74.51,58.8,-45.9,18.64,93.22154235839844,2014-04-01,101.62258475274533,-1.0808351829803233,1.1682046927681091
2014-04-08,15.99,1851.96,124.34,10.35,14.89,71.43,55.9,-45.2,18.89,93.22154235839844,2014-04-01,101.62258475274533,0.37435802443231503,0.14014393045686577
2014-04-09,14.83,1872.18,130.79,10.85,13.82,69.19,54.7,-45.2,18.55,93.22154235839844,2014-04-01,101.62258475274533,1.085898956046606,1.1791765427431085
2014-04-10,15.06,1833.08,125.11,13.17,15.89,78.56,55.4,-41.8,18.72,93.22154235839844,2014-04-01,101.62258475274533,-2.1105915074922734,4.454596511498507
2014-04-11,15.19,1815.69,122.59,12.96,17.03,83.94,58.6,-40.2,18.39,93.22154235839844,2014-04-01,101.62258475274533,-0.9532051442590619,0.908600047041939
2014-04-14,15.34,1830.61,123.76,13.2,16.11,82.2,59.2,-37.6,18.71,93.22154235839844,2014-04-01,101.62258475274533,0.8183683881893848,0.6697268187876917
2014-04-15,16.1,1842.98,129.24,13.08,15.61,80.67,59.2,-32.7,18.71,93.22154235839844,2014-04-01,101.62258475274533,0.6734582113406398,0.4535459624221338
2014-04-16,15.44,1862.31,125.43,13.27,14.18,72.08,58.0,-30.4,18.9,93.22154235839844,2014-04-01,101.62258475274533,1.0433825888179193,1.0886472266483833
2014-04-17,15.96,1864.85,127.93,13.17,13.36,70.08,59.5,-26.1,18.93,93.22154235839844,2014-04-01,101.62258475274533,0.1362968261737882,0.018576824825047834
2014-04-21,16.22,1871.89,119.11,13.11,13.25,68.62,56.8,-23.6,18.28,93.22154235839844,2014-04-01,101.62258475274533,0.3767994738389568,0.14197784348531467
2014-04-22,16.19,1879.55,126.51,13.13,13.19,66.74,57.1,-22.9,18.81,93.22154235839844,2014-04-01,101.62258475274533,0.40837708429826225,0.16677184297994999
2014-04-23,15.61,1875.39,126.11,13.08,13.27,66.22,56.6,-27.4,18.46,93.22154235839844,2014-04-01,101.62258475274533,-0.22157486947723798,0.04909542278385505
2014-04-28,15.56,1869.43,123.69,13.08,13.97,67.63,59.1,-21.4,19.14,93.22154235839844,2014-04-01,101.62258475274533,-0.3183066225976955,0.10131910598955175
2014-04-29,15.31,1878.33,123.44,13.08,13.71,65.47,59.9,-21.0,19.19,93.22154235839844,2014-04-01,101.62258475274533,0.4749512631766084,0.22557870239305594
2014-05-02,14.85,1881.14,124.13,12.56,12.91,64.54,55.3,-18.9,17.8,83.4288558959961,2014-05-01,104.0887439432108,0.1494891845548781,0.02234701629888241
2014-05-05,15.51,1884.66,123.56,12.57,13.29,64.4,55.3,-12.6,18.55,83.4288558959961,2014-05-01,104.0887439432108,0.18694572336087256,0.034948703482919896
2014-05-06,15.02,1867.72,121.18,12.25,13.8,64.93,58.7,-12.0,17.96,83.4288558959961,2014-05-01,104.0887439432108,-0.9028997640356609,0.8152279838956521
2014-05-07,15.4,1878.21,123.27,11.77,13.4,62.64,57.3,-11.2,17.71,83.4288558959961,2014-05-01,104.0887439432108,0.5600759982857978,0.31368512385583297
2014-05-09,14.76,1878.48,125.6,11.14,12.92,61.76,56.1,-9.1,17.0,83.4288558959961,2014-05-01,104.0887439432108,0.014374356173385498,0.0002066221153993458
2014-05-12,14.04,1896.65,125.28,8.81,12.23,61.76,56.2,-6.6,16.65,83.4288558959961,2014-05-01,104.0887439432108,0.9626232902744135,0.9266435989787378
2014-05-13,13.61,1897.45,124.3,8.22,12.13,61.76,56.1,-12.7,16.86,83.4288558959961,2014-05-01,104.0887439432108,0.04217073940358064,0.0017783712618447088
2014-05-15,14.57,1870.85,123.6,8.25,13.17,71.6,55.7,-7.4,15.94,83.4288558959961,2014-05-01,104.0887439432108,-1.4118006432785728,1.993181056361792
2014-05-16,14.04,1877.86,127.23,7.49,12.44,68.72,58.7,-2.3,15.42,83.4288558959961,2014-05-01,104.0887439432108,0.37399575698852106,0.1398728262454169
2014-05-19,14.23,1885.08,128.18,7.58,12.42,67.58,58.2,3.0,15.9,83.4288558959961,2014-05-01,104.0887439432108,0.38374297012765973,0.14725866712239796
2014-05-20,14.07,1872.83,127.47,7.81,12.96,68.77,60.0,3.3,16.2,83.4288558959961,2014-05-01,104.0887439432108,-0.6519604456060596,0.42505242263485177
2014-05-21,14.36,1888.03,123.89,8.17,11.91,66.56,59.1,3.2,16.38,83.4288558959961,2014-05-01,104.0887439432108,0.8083301565924459,0.6533976420567681
2014-05-22,13.98,1892.49,123.68,8.18,12.03,68.06,58.2,-0.3,16.05,83.4288558959961,2014-05-01,104.0887439432108,0.23594648720788378,0.05567074482574006
2014-05-23,14.52,1900.53,125.13,8.28,11.36,66.86,58.2,1.4,15.89,83.4288558959961,2014-05-01,104.0887439432108,0.423937234257786,0.17972277859014094
2014-05-27,16.21,1911.91,123.64,8.04,11.51,64.95,56.8,2.0,16.1,83.4288558959961,2014-05-01,104.0887439432108,0.5969947749389869,0.3564027613044516
2014-05-28,15.8,1909.78,124.18,7.96,11.68,67.37,55.2,1.9,16.02,83.4288558959961,2014-05-01,104.0887439432108,-0.11146902132564401,0.01242534271529688
2014-05-29,15.01,1920.03,125.81,7.99,11.57,66.93,56.4,-2.9,15.55,83.4288558959961,2014-05-01,104.0887439432108,0.5352758739255505,0.2865202612067619
2014-05-30,15.34,1923.57,124.23,7.93,11.4,67.95,58.3,-4.8,15.61,83.4288558959961,2014-05-01,104.0887439432108,0.18420236241803511,0.03393051032038515
2014-06-02,15.55,1924.97,123.33,7.94,11.58,68.76,59.7,-3.2,15.52,98.76710510253906,2014-06-01,86.59414972028037,0.0727548660923367,0.0052932705401138435
2014-06-03,15.05,1924.24,121.79,7.93,11.87,68.19,60.9,-2.1,15.53,98.76710510253906,2014-06-01,86.59414972028037,-0.037929861387248805,0.0014386743848559078
2014-06-04,14.79,1927.88,121.48,7.93,12.08,67.67,64.9,-13.7,15.41,98.76710510253906,2014-06-01,86.59414972028037,0.1889868998570514,0.03571604831757917
2014-06-05,14.15,1940.46,122.21,7.69,11.68,65.47,65.1,-14.1,15.14,98.76710510253906,2014-06-01,86.59414972028037,0.6504104782935938,0.42303379027410143
2014-06-06,13.22,1949.44,122.88,7.67,10.73,67.08,59.3,-12.9,14.5,98.76710510253906,2014-06-01,86.59414972028037,0.4617093474191693,0.2131755214942352
2014-06-09,12.77,1951.27,124.67,7.66,11.15,70.88,57.3,-13.2,14.67,98.76710510253906,2014-06-01,86.59414972028037,0.09382907902712104,0.008803896071077726
2014-06-10,12.37,1950.79,125.38,7.61,10.99,70.5,56.9,-13.2,14.74,98.76710510253906,2014-06-01,86.59414972028037,-0.02460238963117835,0.000605277575564312
2014-06-11,12.36,1943.89,126.71,7.1,11.6,74.21,55.4,-13.0,14.67,98.76710510253906,2014-06-01,86.59414972028037,-0.35432986633579716,0.12554965417754388
2014-06-13,12.52,1936.16,127.78,7.46,12.18,79.81,58.4,-19.5,19.47,98.76710510253906,2014-06-01,86.59414972028037,-0.39844900075466466,0.15876160620239077
2014-06-17,12.53,1941.99,130.18,6.66,12.06,78.41,58.4,-11.6,17.4,98.76710510253906,2014-06-01,86.59414972028037,0.3006590457682859,0.09039586180229624
2014-06-18,12.11,1956.98,129.53,7.03,10.61,71.76,59.4,-11.5,17.28,98.76710510253906,2014-06-01,86.59414972028037,0.7689248112361751,0.5912453653345875
2014-06-19,14.48,1959.48,138.61,6.68,10.62,73.41,55.5,-10.2,18.05,98.76710510253906,2014-06-01,86.59414972028037,0.12766632824317234,0.016298691367093422
2014-06-20,12.79,1962.87,143.26,6.09,10.85,73.33,54.9,-10.2,18.84,98.76710510253906,2014-06-01,86.59414972028037,0.1728556015696327,0.02987905899399961
2014-06-23,12.93,1962.61,139.41,6.03,10.98,72.58,54.6,-9.0,18.05,98.76710510253906,2014-06-01,86.59414972028037,-0.01324678767336581,0.00017547738366323638
2014-06-24,12.96,1949.98,134.65,6.22,12.13,75.24,53.9,-2.6,17.93,98.76710510253906,2014-06-01,86.59414972028037,-0.6456103946242596,0.4168127816468922
2014-06-25,12.92,1959.53,131.82,6.1,11.59,72.31,54.1,-20.3,17.7,98.76710510253906,2014-06-01,86.59414972028037,0.48855324556185037,0.23868427374901766
2014-06-26,12.76,1957.22,132.81,6.1,11.63,72.86,53.25,-23.1,16.97,98.76710510253906,2014-06-01,86.59414972028037,-0.1179549508052484,0.01391337041946857
2014-06-27,12.64,1960.96,135.36,5.88,11.26,72.72,53.3,-23.7,16.44,98.76710510253906,2014-06-01,86.59414972028037,0.19090501895577705,0.0364447262625056
2014-06-30,14.01,1960.23,139.35,5.87,11.57,71.56,52.7,-22.0,16.52,98.76710510253906,2014-06-01,86.59414972028037,-0.03723359533374368,0.001386340621476979
2014-07-01,13.74,1973.32,139.36,6.31,11.15,69.28,53.25,-22.6,16.24,138.7539520263672,2014-07-01,93.13376317781474,0.6655590151633005,0.4429688026651425
2014-07-02,13.89,1974.62,140.37,6.31,10.82,68.15,59.6,-18.6,15.87,138.7539520263672,2014-07-01,93.13376317781474,0.06585713293444535,0.004337161958345207
2014-07-03,12.99,1985.44,142.28,6.53,10.32,68.35,56.9,-9.4,15.59,138.7539520263672,2014-07-01,93.13376317781474,0.5464577266607205,0.2986160470272027
2014-07-07,12.99,1977.65,137.76,6.25,11.33,71.66,55.05,-11.2,16.36,138.7539520263672,2014-07-01,93.13376317781474,-0.3931280911030786,0.15454969601435048
2014-07-08,12.83,1963.71,134.2,6.42,11.98,73.21,54.97,-13.6,16.31,138.7539520263672,2014-07-01,93.13376317781474,-0.7073729944500342,0.5003765532772081
2014-07-09,13.05,1972.83,135.8,6.59,11.65,76.28,55.17,-14.0,16.36,138.7539520263672,2014-07-01,93.13376317781474,0.46335189363311335,0.214694977333392
2014-07-10,12.91,1964.68,134.43,6.74,12.59,82.14,55.6,-12.6,16.46,138.7539520263672,2014-07-01,93.13376317781474,-0.4139677938001678,0.17136933430377824
2014-07-11,13.27,1967.57,138.74,6.64,12.08,79.91,54.8,-13.1,17.26,138.7539520263672,2014-07-01,93.13376317781474,0.14698966344172243,0.021605961158710833
2014-07-14,14.23,1977.1,139.94,6.35,11.82,77.29,54.4,-15.9,18.1,138.7539520263672,2014-07-01,93.13376317781474,0.4831845777309738,0.23346733615705945
2014-07-15,14.73,1973.28,136.92,6.28,11.96,78.92,54.0,-15.7,17.96,138.7539520263672,2014-07-01,93.13376317781474,-0.19339917631568573,0.037403241399585695
2014-07-16,14.67,1981.57,134.86,6.4,11.0,75.81,52.9,-13.0,16.88,138.7539520263672,2014-07-01,93.13376317781474,0.41923269614829217,0.17575605351976628
2014-07-17,15.52,1958.12,131.65,7.57,14.54,89.96,54.5,-16.7,17.87,138.7539520263672,2014-07-01,93.13376317781474,-1.1904630539099268,1.4172022827245492
2014-07-18,14.35,1978.22,141.19,7.98,12.06,80.37,54.4,-18.0,17.39,138.7539520263672,2014-07-01,93.13376317781474,1.0212621215764002,1.04297632096673
2014-07-21,14.69,1973.63,138.75,8.0,12.81,81.41,53.8511,-16.1,16.97,138.7539520263672,2014-07-01,93.13376317781474,-0.2322963707646372,0.05396160387042179
2014-07-22,14.62,1983.53,136.37,8.13,12.24,75.22,53.8,-23.4,17.1,138.7539520263672,2014-07-01,93.13376317781474,0.5003598871257555,0.2503600166444988
2014-07-23,14.07,1987.01,132.55,8.16,11.52,76.64,53.4,-23.3,16.73,138.7539520263672,2014-07-01,93.13376317781474,0.17529106323480886,0.03072695684998976
2014-07-24,14.33,1987.98,133.8,7.89,11.84,77.66,54.2576,-26.0,15.95,138.7539520263672,2014-07-01,93.13376317781474,0.04880515519555957,0.0023819431736626555
2014-07-25,14.68,1978.34,135.26,7.89,12.69,81.08,54.4272,-24.5,16.67,138.7539520263672,2014-07-01,93.13376317781474,-0.4860938593827177,0.23628724012958532
2014-07-28,14.55,1978.91,135.02,7.89,12.56,81.21,54.0815,-20.7,16.37,138.7539520263672,2014-07-01,93.13376317781474,0.02880788446230361,0.0008298942071934338
2014-07-29,15.05,1969.95,132.35,7.99,13.28,81.72,53.8049,-18.0,16.79,138.7539520263672,2014-07-01,93.13376317781474,-0.4538026355257783,0.2059368320101424
2014-07-30,14.85,1970.07,130.54,7.99,13.33,83.58,55.8916,-5.2,17.11,138.7539520263672,2014-07-01,93.13376317781474,0.0060913396397368385,3.7104418606629316e-05
2014-07-31,15.46,1930.67,128.71,10.5,16.95,97.42,56.4578,-12.5,18.78,138.7539520263672,2014-07-01,93.13376317781474,-2.0201982180386895,4.081200840166696
2014-08-01,14.37,1925.15,128.93,10.53,17.03,101.11,52.2603,-13.0,19.39,136.44558715820312,2014-08-01,99.4123542221572,-0.28632061512498974,0.0819794946455525
2014-08-04,14.17,1938.99,126.86,10.67,15.12,93.12,52.2977,-12.7,18.92,136.44558715820312,2014-08-01,99.4123542221572,0.7163332167737625,0.5131332774534462
2014-08-05,14.76,1920.21,124.62,11.17,16.87,98.32,56.7,-6.2,19.1,136.44558715820312,2014-08-01,99.4123542221572,-0.9732663890958775,0.947247464143728
2014-08-06,14.51,1920.24,124.41,10.93,16.37,96.38,56.9231,0.0,18.81,136.44558715820312,2014-08-01,99.4123542221572,0.0015623169160183835,2.440834146077193e-06
2014-08-07,14.82,1909.57,124.68,11.01,16.66,97.4,59.4998,2.6,18.85,136.44558715820312,2014-08-01,99.4123542221572,-0.5572092405117981,0.3104821377117349
2014-08-08,14.85,1931.59,120.36,11.63,15.77,91.84,62.4736,3.0,18.88,136.44558715820312,2014-08-01,99.4123542221572,1.146541212583467,1.3145567521523671
2014-08-11,14.49,1936.92,124.24,11.66,14.23,87.54,60.3,4.1,17.54,136.44558715820312,2014-08-01,99.4123542221572,0.2755584642493888,0.07593246721948169
2014-08-12,14.35,1933.75,123.69,11.55,14.13,85.98,59.366,3.3,17.55,136.44558715820312,2014-08-01,99.4123542221572,-0.16379596859127998,0.02682911932675558
2014-08-13,13.53,1946.72,126.93,11.76,12.9,81.27,58.8,-0.3,17.19,136.44558715820312,2014-08-01,99.4123542221572,0.6684782151863076,0.4468631241786713
2014-08-14,12.55,1955.18,132.46,11.79,12.42,78.48,58.5,-2.6,17.86,136.44558715820312,2014-08-01,99.4123542221572,0.43363557532498453,0.18803981218743035
2014-08-15,13.33,1955.06,135.43,11.03,13.15,82.2,60.4,-5.7,18.59,136.44558715820312,2014-08-01,99.4123542221572,-0.006137730678305775,3.767173787941587e-05
2014-08-18,13.46,1971.74,138.46,10.81,12.32,81.02,61.6902,-2.0,19.52,136.44558715820312,2014-08-01,99.4123542221572,0.8495518142763089,0.721738285140168
2014-08-19,13.43,1981.6,138.69,10.93,12.21,80.84,62.0,-1.8,19.38,136.44558715820312,2014-08-01,99.4123542221572,0.4988197546781009,0.24882114765712077
2014-08-20,13.51,1986.51,135.46,10.86,11.78,79.9,62.8,-1.8,17.96,136.44558715820312,2014-08-01,99.4123542221572,0.24747310461941838,0.061242937509973595
2014-08-21,13.84,1992.37,135.75,10.87,11.76,79.61,60.2,4.0,17.25,136.44558715820312,2014-08-01,99.4123542221572,0.294555464699719,0.0867629217844674
2014-08-22,13.46,1988.4,135.1,10.89,11.47,79.58,59.8425,4.4,16.51,136.44558715820312,2014-08-01,99.4123542221572,-0.1994589647823374,0.03978387863204171
2014-08-25,13.55,1997.92,135.42,10.92,11.7,79.33,57.2,5.2,16.92,136.44558715820312,2014-08-01,99.4123542221572,0.4776344146317369,0.22813463404060197
2014-08-26,13.24,2000.02,133.54,10.92,11.63,79.39,56.4543,27.3,16.68,136.44558715820312,2014-08-01,99.4123542221572,0.1050541125247729,0.011036366558367646
2014-08-27,12.72,2000.12,135.41,10.83,11.78,78.85,56.9,27.8,16.47,136.44558715820312,2014-08-01,99.4123542221572,0.004999825007161261,2.49982501022351e-05
2014-08-28,12.9,1996.74,137.95,10.83,12.05,80.53,59.8,32.9,16.52,136.44558715820312,2014-08-01,99.4123542221572,-0.1691328095421374,0.028605907263616927
2014-08-29,12.85,2003.37,127.01,8.14,11.98,81.11,60.4894,34.6,16.68,136.44558715820312,2014-08-01,99.4123542221572,0.3314911875534921,0.10988640742562449
2014-09-02,14.05,2002.28,131.72,8.1,12.25,82.41,61.3464,43.5,18.34,131.55665588378906,2014-09-01,123.4527425723682,-0.05442312867592464,0.0029618769348762506
2014-09-03,13.44,2000.72,131.55,7.7,12.36,80.77,64.9,41.2,18.49,131.55665588378906,2014-09-01,123.4527425723682,-0.07794154778782814,0.006074884871562297
2014-09-04,14.01,1997.65,130.15,6.86,12.64,79.99,64.9,47.0,18.95,131.55665588378906,2014-09-01,123.4527425723682,-0.1535626069269506,0.023581474246201134
2014-09-05,13.27,2007.71,137.49,7.06,12.09,77.33,60.3,37.9,18.52,131.55665588378906,2014-09-01,123.4527425723682,0.5023279382596159,0.25233335755615643
2014-09-08,14.47,2001.54,132.91,6.85,12.66,77.84,60.0,38.0,20.43,131.55665588378906,2014-09-01,123.4527425723682,-0.30778848267845094,0.09473375006950309
2014-09-09,15.36,1988.44,136.88,5.99,13.5,79.3,61.5,38.5,19.68,131.55665588378906,2014-09-01,123.4527425723682,-0.6566472549267278,0.4311856174028071
2014-09-10,15.89,1995.69,130.53,6.05,12.88,82.12,63.2,38.4,20.49,131.55665588378906,2014-09-01,123.4527425723682,0.36394434933185005,0.1324554894105837
2014-09-11,16.42,1997.45,132.72,6.03,12.8,83.1,62.8,35.5,20.63,131.55665588378906,2014-09-01,123.4527425723682,0.08815118498071217,0.007770631413503735
2014-09-12,17.86,1985.54,127.37,5.93,13.31,89.25,65.6,36.2,19.53,131.55665588378906,2014-09-01,123.4527425723682,-0.5980449610726171,0.35765777546434807
2014-09-15,16.5,1984.13,127.09,5.74,14.12,91.58,66.1,31.9,20.17,131.55665588378906,2014-09-01,123.4527425723682,-0.07103865355538411,0.005046490298961887
2014-09-16,16.58,1998.98,126.81,6.37,12.73,84.52,67.1,31.8,18.93,131.55665588378906,2014-09-01,123.4527425723682,0.7456519556098105,0.5559968389047347
2014-09-17,17.14,2001.57,138.13,5.69,12.65,81.52,62.3,20.8,19.18,131.55665588378906,2014-09-01,123.4527425723682,0.12948221428846018,0.016765643817042722
2014-09-18,15.5,2011.36,142.1,5.68,12.03,77.47,62.0,19.8,18.98,131.55665588378906,2014-09-01,123.4527425723682,0.48792375757879136,0.23806959320980717
2014-09-19,16.9,2010.4,146.08,5.61,12.11,77.7,59.8,20.0,18.56,131.55665588378906,2014-09-01,123.4527425723682,-0.04774029371384585,0.002279135643884269
2014-09-22,16.44,1994.29,139.85,6.19,13.69,87.41,58.0,21.0,19.98,131.55665588378906,2014-09-01,123.4527425723682,-0.8045609973506699,0.6473183984579046
2014-09-23,16.65,1982.77,132.46,6.49,14.93,91.9,57.4,21.1,20.73,131.55665588378906,2014-09-01,123.4527425723682,-0.5793240342941877,0.33561633671089314
2014-09-24,17.21,1998.3,126.9,6.84,13.27,86.21,58.3,26.9,19.8,131.55665588378906,2014-09-01,123.4527425723682,0.7801962174309509,0.6087061376935636
2014-09-25,17.99,1965.99,132.24,8.9,15.64,96.72,59.1,26.9,20.07,131.55665588378906,2014-09-01,123.4527425723682,-1.6300883863057503,2.6571881471688847
2014-09-26,17.84,1982.85,130.49,9.32,14.85,90.63,64.5,26.2,19.42,131.55665588378906,2014-09-01,123.4527425723682,0.853926846933231,0.7291910599133297
2014-09-29,17.17,1977.8,131.67,9.35,15.98,95.02,62.3,24.9,19.86,131.55665588378906,2014-09-01,123.4527425723682,-0.2550087857627876,0.06502948081621132
2014-09-30,18.83,1972.29,127.73,9.35,16.31,92.47,64.2,17.9,21.52,131.55665588378906,2014-09-01,123.4527425723682,-0.2789811661869117,0.07783049108700925
2014-10-01,18.73,1946.16,123.17,10.48,16.71,98.12,64.3,12.4,22.38,83.66100311279297,2014-10-01,119.17549093364966,-1.333710386960968,1.7787833962875752
2014-10-02,18.2,1946.17,125.35,10.47,16.16,93.75,66.2,11.4,23.36,83.66100311279297,2014-10-01,119.17549093364966,0.000513831047207512,2.6402234507436837e-07
2014-10-03,19.13,1967.9,122.53,11.16,14.55,87.77,62.5,18.3,24.22,83.66100311279297,2014-10-01,119.17549093364966,1.110364569816025,1.232909477902726
2014-10-06,17.6,1964.82,126.96,11.05,15.46,88.73,60.4,18.2,24.62,83.66100311279297,2014-10-01,119.17549093364966,-0.15663462589335855,0.02453440602875239
2014-10-07,17.56,1935.1,120.85,12.24,17.2,99.2,65.3,17.9,25.09,83.66100311279297,2014-10-01,119.17549093364966,-1.524163333900896,2.323073868407894
2014-10-08,17.5,1968.89,128.08,13.41,15.11,89.08,65.0,17.8,25.28,83.66100311279297,2014-10-01,119.17549093364966,1.7310927441677435,2.996682088910209
2014-10-09,17.86,1928.21,123.58,15.09,18.76,102.13,66.5,19.1,27.72,83.66100311279297,2014-10-01,119.17549093364966,-2.087782075594148,4.358833995172209
2014-10-10,18.11,1906.13,130.82,15.58,21.24,113.38,68.7,19.1,30.03,83.66100311279297,2014-10-01,119.17549093364966,-1.1517102846274005,1.326436579716528
2014-10-14,17.98,1877.7,127.78,16.48,22.79,120.61,74.6,19.4,37.23,83.66100311279297,2014-10-01,119.17549093364966,-1.5027384955798164,2.25822298609749
2014-10-15,20.04,1862.49,111.31,16.49,26.25,129.01,101.3,12.3,36.36,83.66100311279297,2014-10-01,119.17549093364966,-0.8133321486981497,0.6615091841059492
2014-10-16,19.68,1862.76,127.97,16.5,25.2,121.94,90.1,18.3,34.09,83.66100311279297,2014-10-01,119.17549093364966,0.014495671456831241,0.00021012449098439196
2014-10-17,18.08,1886.76,131.71,17.12,21.99,118.84,82.9,20.6,31.16,83.66100311279297,2014-10-01,119.17549093364966,1.2801813443832692,1.6388642745069546
2014-10-20,17.27,1904.01,120.62,17.44,18.57,108.83,79.2,21.2,29.36,83.66100311279297,2014-10-01,119.17549093364966,0.9101116168173851,0.8283031550659548
2014-10-21,17.01,1941.28,129.18,18.46,16.08,104.09,78.9,20.8,27.14,83.66100311279297,2014-10-01,119.17549093364966,1.9385360865204253,3.757922158741926
2014-10-22,16.58,1927.11,127.04,18.5,17.87,108.82,77.2,19.9,30.68,83.66100311279297,2014-10-01,119.17549093364966,-0.7326077968841472,0.5367141840554439
2014-10-23,16.91,1950.82,128.77,18.73,16.53,102.05,80.4,19.4,31.78,83.66100311279297,2014-10-01,119.17549093364966,1.2228325652846546,1.4953194827206489
2014-10-24,16.24,1964.58,125.57,18.02,16.11,104.38,81.609,17.2,31.27,83.66100311279297,2014-10-01,119.17549093364966,0.7028685012031182,0.49402412998351775
2014-10-27,16.49,1961.63,123.77,17.81,16.04,100.75,77.6,12.0,32.44,83.66100311279297,2014-10-01,119.17549093364966,-0.1502721736806668,0.02258172618271249
2014-10-28,16.3,1985.05,127.56,18.24,14.39,95.89,74.7,13.0,30.11,83.66100311279297,2014-10-01,119.17549093364966,1.1868342458139376,1.408575527036738
2014-10-29,16.75,1982.3,124.18,18.22,15.15,99.34,73.0,12.5,28.93,83.66100311279297,2014-10-01,119.17549093364966,-0.1386316024766647,0.019218721205247986
2014-10-30,18.08,1994.65,121.02,17.74,14.52,98.52,69.55747,18.8,30.45,83.66100311279297,2014-10-01,119.17549093364966,0.6210809640156638,0.3857415638626263
2014-10-31,21.54,2018.05,124.75,18.16,14.03,94.1,68.7,18.0,30.52,83.66100311279297,2014-10-01,119.17549093364966,1.1663102277224975,1.360279547290104
2014-11-03,21.1,2017.81,124.64,17.74,14.73,93.19,67.4482,22.1,31.84,84.38005065917969,2014-11-01,113.94876217590394,-0.011893375899205165,0.00014145239027979427
2014-11-04,20.1,2012.1,124.19,17.75,14.89,92.44,68.6,16.4,33.13,84.38005065917969,2014-11-01,113.94876217590394,-0.2833812080753587,0.08030490909024975
2014-11-05,23.38,2023.57,125.66,17.04,14.17,87.08,72.9,15.2,31.39,84.38005065917969,2014-11-01,113.94876217590394,0.5684325469845496,0.32311556047134216
2014-11-06,23.18,2031.21,124.93,16.03,13.67,83.42,69.1,16.2,30.34,84.38005065917969,2014-11-01,113.94876217590394,0.37683963328125325,0.14200810921154944
2014-11-07,21.38,2031.92,127.08,14.41,13.12,80.44,66.6,15.0,29.47,84.38005065917969,2014-11-01,113.94876217590394,0.034948426815119865,0.0012213925368517893
2014-11-10,22.23,2038.26,130.51,13.9,12.67,79.7,66.5461,15.6,30.72,84.38005065917969,2014-11-01,113.94876217590394,0.31153438558825863,0.0970536734038538
2014-11-12,21.29,2038.25,125.71,12.67,13.02,83.1,66.8,15.7,30.71,84.38005065917969,2014-11-01,113.94876217590394,-0.0004906157472970551,2.4070381149584783e-07
2014-11-13,20.98,2039.33,128.96,12.35,13.79,86.29,67.0,13.3,33.12,84.38005065917969,2014-11-01,113.94876217590394,0.052972597729773946,0.002806096110240452
2014-11-14,23.36,2039.82,128.68,12.34,13.31,85.58,67.0,15.4,32.99,84.38005065917969,2014-11-01,113.94876217590394,0.024024613086403534,0.0005771820339513919
2014-11-17,23.37,2041.32,123.69,11.34,13.99,84.79,66.9,8.4,34.39,84.38005065917969,2014-11-01,113.94876217590394,0.07350887583099522,0.005403554825936673
2014-11-18,23.97,2051.8,132.03,10.99,13.86,82.6,69.2,10.5,33.17,84.38005065917969,2014-11-01,113.94876217590394,0.512079924412077,0.2622258489858784
2014-11-19,24.26,2048.72,124.66,8.76,13.96,81.06,70.0,10.6,33.14,84.38005065917969,2014-11-01,113.94876217590394,-0.15022487778296995,0.022567513904908257
2014-11-20,21.5,2052.75,136.35,8.44,13.58,79.14,69.2,21.4,33.64,84.38005065917969,2014-11-01,113.94876217590394,0.1965149713115464,0.03861813394957791
2014-11-21,21.23,2063.5,138.46,7.67,12.9,79.34,67.0,19.9,34.92,84.38005065917969,2014-11-01,113.94876217590394,0.5223212603738253,0.27281949903850145
2014-11-24,20.64,2069.41,140.18,7.31,12.62,79.25,64.4,13.4,36.28,84.38005065917969,2014-11-01,113.94876217590394,0.2859972285084541,0.08179441471451691
2014-11-25,20.67,2067.03,126.27,7.3,12.25,77.93,64.6,16.4,37.49,84.38005065917969,2014-11-01,113.94876217590394,-0.11507481131779239,0.013242212199825519
2014-11-26,21.24,2072.83,139.86,6.15,12.07,77.04,64.7,6.2,36.02,84.38005065917969,2014-11-01,113.94876217590394,0.28020289550014527,0.07851366264666533
2014-11-28,25.17,2067.56,131.89,6.19,13.33,79.84,66.6,6.1,36.44,84.38005065917969,2014-11-01,113.94876217590394,-0.25456552865591014,0.06480360837986301
2014-12-01,22.33,2053.44,127.95,6.19,14.29,86.84,67.3,7.8,37.49,86.5262222290039,2014-12-01,111.433327586478,-0.6852732470835006,0.46959942316836445
2014-12-03,20.62,2074.33,134.44,5.39,12.47,86.45,65.8,12.2,36.16,86.5262222290039,2014-12-01,111.433327586478,1.0121774395677101,1.0245031691698454
2014-12-04,20.29,2071.92,128.73,5.32,12.38,85.17,64.6,12.1,35.39,86.5262222290039,2014-12-01,111.433327586478,-0.11624963624507377,0.013513977927111969
2014-12-05,20.02,2075.37,131.41,4.99,11.82,85.41,64.8,14.9,34.2,86.5262222290039,2014-12-01,111.433327586478,0.16637374265151783,0.027680222243873485
2014-12-08,19.62,2060.31,137.62,5.37,14.21,94.45,62.8,15.9,39.68,86.5262222290039,2014-12-01,111.433327586478,-0.7282994123169773,0.5304200339812545
2014-12-09,20.04,2059.82,136.69,5.36,14.89,97.13,66.57357,17.9,37.56,86.5262222290039,2014-12-01,111.433327586478,-0.02378565736081461,0.0005657574960860742
2014-12-10,19.27,2026.14,130.88,7.89,18.53,117.32,68.2,18.1,42.21,86.5262222290039,2014-12-01,111.433327586478,-1.6486095225712945,2.7179133579127512
2014-12-15,20.95,1989.63,135.12,9.83,20.42,128.22,77.6,34.4,57.55,86.5262222290039,2014-12-01,111.433327586478,-1.818381331616431,3.306510667171145
2014-12-16,22.08,1972.74,131.21,10.35,23.57,132.94,80.7,31.4,55.77,86.5262222290039,2014-12-01,111.433327586478,-0.8525252460965012,0.7267992952318999
2014-12-17,20.9,2012.89,125.48,12.49,19.44,114.37,72.42086,31.2,56.75,86.5262222290039,2014-12-01,111.433327586478,2.0148061015694454,4.059443626921467
2014-12-18,19.28,2061.23,126.24,14.79,16.81,107.24,71.1703,31.6,57.45,86.5262222290039,2014-12-01,111.433327586478,2.3731391638557113,5.631789491025785
2014-12-19,18.68,2070.65,138.63,14.91,16.49,99.17,70.7,31.5,54.84,86.5262222290039,2014-12-01,111.433327586478,0.4559675654011466,0.20790642069784887
2014-12-22,20.26,2078.54,136.61,14.93,15.25,99.69,70.0776,32.7,54.82,86.5262222290039,2014-12-01,111.433327586478,0.38031565245638005,0.14463999550332204
2014-12-23,19.76,2082.17,136.93,14.81,14.8,94.73,68.8,36.9,53.97,86.5262222290039,2014-12-01,111.433327586478,0.1744894943896145,0.03044658365234331
2014-12-24,19.37,2081.88,135.65,14.78,14.37,95.29,68.9,38.5,54.88,86.5262222290039,2014-12-01,111.433327586478,-0.013928747275794275,0.00019401000067294642
2014-12-26,18.92,2088.77,135.03,14.8,14.5,92.28,55.4,38.6,54.68,86.5262222290039,2014-12-01,111.433327586478,0.3304044342253277,0.10916709015575891
2014-12-29,20.15,2090.57,127.6,14.78,15.06,94.86,69.2,40.0,53.63,86.5262222290039,2014-12-01,111.433327586478,0.08613800797716425,0.007419756418274013
2014-12-30,19.48,2080.35,136.39,14.88,15.92,97.84,69.0,38.4,51.17,86.5262222290039,2014-12-01,111.433327586478,-0.49006072778080584,0.2401595169130531
2014-12-31,20.08,2058.9,133.84,15.14,19.2,113.08,68.9,34.7,50.24,86.5262222290039,2014-12-01,111.433327586478,-1.036428918775506,1.0741849036741644
2015-01-02,20.23,2058.2,128.66,15.0,17.79,112.55,70.0,28.3,54.25,111.9856948852539,2015-01-01,136.0845234554214,-0.03400451807075162,0.0011563072492240733
2015-01-05,21.26,2020.58,127.79,16.19,19.92,121.87,71.5,27.6,57.67,111.9856948852539,2015-01-01,136.0845234554214,-1.8447215507429586,3.402997599775506
2015-01-06,20.78,2002.61,125.27,16.52,21.12,118.45,84.9,22.8,56.45,111.9856948852539,2015-01-01,136.0845234554214,-0.8933269124887846,0.7980329725767447
2015-01-07,20.35,2025.9,123.56,17.01,19.31,107.69,85.2,29.3,53.25,111.9856948852539,2015-01-01,136.0845234554214,1.1562716479232131,1.336964123791063
2015-01-08,19.2,2062.14,124.77,17.95,17.01,98.44,85.2,28.5,50.96,111.9856948852539,2015-01-01,136.0845234554214,1.7730232270553912,3.143611363677913
2015-01-09,18.44,2044.81,121.69,18.17,17.55,103.77,80.6,30.7,50.07,111.9856948852539,2015-01-01,136.0845234554214,-0.8439402894368317,0.7122352121347233
2015-01-12,17.65,2028.26,121.09,17.44,19.6,109.04,81.9,30.8,53.13,111.9856948852539,2015-01-01,136.0845234554214,-0.8126593003387722,0.6604151384271028
2015-01-13,17.63,2023.03,122.2,17.38,20.56,109.22,83.0,31.0,53.78,111.9856948852539,2015-01-01,136.0845234554214,-0.2581895102717448,0.06666182321436341
2015-01-14,18.52,2011.27,132.66,16.76,21.48,113.5,85.3,19.0,53.17,111.9856948852539,2015-01-01,136.0845234554214,-0.5830024197198858,0.33989182139924184
2015-01-15,21.83,1992.67,120.77,16.88,22.39,117.07,85.3,11.7,57.77,111.9856948852539,2015-01-01,136.0845234554214,-0.9290915347145515,0.8632110798782408
2015-01-16,22.66,2019.42,131.39,17.18,20.95,111.32,92.6,7.2,56.44,111.9856948852539,2015-01-01,136.0845234554214,1.3334893478396,1.7781938408016815
2015-01-20,23.43,2022.55,123.63,15.71,19.89,108.4,90.6,4.8,57.99,111.9856948852539,2015-01-01,136.0845234554214,0.1548750052890778,0.023986267263291877
2015-01-21,22.34,2032.12,134.3,13.54,18.85,98.62,88.3,5.5,55.09,111.9856948852539,2015-01-01,136.0845234554214,0.4720491566868883,0.2228304063288024
2015-01-22,21.25,2063.15,139.13,14.37,16.4,93.25,85.1,4.0,56.4,111.9856948852539,2015-01-01,136.0845234554214,1.5154358001382195,2.2965456643405657
2015-01-23,20.62,2051.82,132.09,14.47,16.66,96.33,89.9,-1.5,57.62,111.9856948852539,2015-01-01,136.0845234554214,-0.550673692932809,0.3032415160882576
2015-01-26,20.04,2057.09,135.02,14.48,15.52,91.94,85.3,-3.7,56.65,111.9856948852539,2015-01-01,136.0845234554214,0.2565158589374469,0.06580038588641615
2015-01-27,20.16,2029.55,128.43,15.21,17.22,96.11,86.2,-3.7,54.23,111.9856948852539,2015-01-01,136.0845234554214,-1.347826914874784,1.8166373924608779
2015-01-28,19.31,2002.16,123.76,15.87,20.44,108.68,86.4,-4.0,55.18,111.9856948852539,2015-01-01,136.0845234554214,-1.3587495823831957,1.8462004276265085
2015-01-29,20.25,2021.25,130.45,16.2,18.76,100.7,86.6,1.1,54.69,111.9856948852539,2015-01-01,136.0845234554214,0.948953412967013,0.9005125799817423
2015-02-02,20.33,2020.85,129.98,16.84,19.43,106.74,88.1,-8.5,57.84,111.92469787597656,2015-02-01,112.94825072470113,-0.01979169250170464,0.00039171109208203166
2015-02-03,20.3,2050.03,129.78,17.57,17.33,101.03,92.7,-13.0,59.68,111.92469787597656,2015-02-01,112.94825072470113,1.4336212205417898,2.055269803987731
2015-02-04,20.36,2041.51,126.2,16.49,18.33,103.74,92.3,-13.0,62.73,111.92469787597656,2015-02-01,112.94825072470113,-0.4164697065034053,0.17344701643503257
2015-02-05,20.06,2062.52,127.54,16.54,16.85,98.56,93.0,-27.2,63.14,111.92469787597656,2015-02-01,112.94825072470113,1.0238806024834353,1.0483314881418424
2015-02-06,20.59,2055.47,125.62,16.07,17.29,101.69,93.7,-25.3,60.83,111.92469787597656,2015-02-01,112.94825072470113,-0.3424003889146327,0.11723802632889173
2015-02-09,20.3,2046.74,129.85,14.9,18.55,104.19,95.1,-26.1,56.0,111.92469787597656,2015-02-01,112.94825072470113,-0.425624879230165,0.18115653781969254
2015-02-10,19.71,2068.59,126.51,15.06,17.23,97.33,95.34679,-28.8,59.29,111.92469787597656,2015-02-01,112.94825072470113,1.0618932294575798,1.1276172307678483
2015-02-11,20.07,2068.53,128.39,14.79,16.96,98.73,94.2,-29.6,60.23,111.92469787597656,2015-02-01,112.94825072470113,-0.002900568511630124,8.413297690660194e-06
2015-02-12,19.31,2088.48,129.95,15.11,15.34,93.24,91.6,-36.9,58.69,111.92469787597656,2015-02-01,112.94825072470113,0.9598318580950462,0.921277195814189
2015-02-13,18.49,2096.99,126.04,15.05,14.69,92.74,91.4,-37.2,55.53,111.92469787597656,2015-02-01,112.94825072470113,0.40664545328546337,0.16536052467773996
2015-02-17,19.61,2100.34,127.42,14.7,15.8,92.95,91.8,-45.4,56.33,111.92469787597656,2015-02-01,112.94825072470113,0.15962531949234388,0.025480242623032858
2015-02-18,19.54,2099.68,135.0,13.98,15.45,89.38,91.4,-48.4,55.97,111.92469787597656,2015-02-01,112.94825072470113,-0.03142842202812534,0.0009877457111779541
2015-02-19,18.62,2097.45,131.3,13.96,15.29,87.6,98.5,-48.3,55.75,111.92469787597656,2015-02-01,112.94825072470113,-0.1062630993007247,0.011291846272995678
2015-02-20,19.26,2110.3,125.24,14.01,14.3,85.78,98.3,-47.4,54.0,111.92469787597656,2015-02-01,112.94825072470113,0.6107796303298104,0.37305175682581987
2015-02-23,19.4,2109.66,134.66,13.01,14.56,86.13,97.7,-45.6,58.67,111.92469787597656,2015-02-01,112.94825072470113,-0.030332041294573772,0.0009200327290957286
2015-02-24,18.77,2115.48,136.26,12.92,13.69,82.65,94.1,-47.8,56.27,111.92469787597656,2015-02-01,112.94825072470113,0.27549400403308333,0.07589694625818054
2015-02-25,17.4,2113.86,136.33,12.9,13.84,86.57,91.5,-47.1,54.93,111.92469787597656,2015-02-01,112.94825072470113,-0.0766077014015406,0.005868739914027607
2015-02-26,16.65,2110.74,126.2,12.03,13.91,86.93,90.5,-41.8,56.46,111.92469787597656,2015-02-01,112.94825072470113,-0.1477063185743682,0.021817156546792747
2015-02-27,15.91,2104.5,126.4,11.18,13.34,85.23,91.4,-46.7,55.85,111.92469787597656,2015-02-01,112.94825072470113,-0.296068767526803,0.08765671510484012
2015-03-02,16.38,2117.39,126.01,10.89,13.04,81.84,90.2,-49.2,54.92,104.23526763916016,2015-03-01,103.8659688878174,0.6106288914289237,0.37286764304771636
2015-03-03,16.76,2107.78,123.09,10.04,13.86,85.05,91.8,-49.4,53.05,104.23526763916016,2015-03-01,103.8659688878174,-0.45489372363725106,0.20692829980456373
2015-03-04,16.66,2098.53,127.89,9.24,14.23,84.1,90.7,-49.6,48.92,104.23526763916016,2015-03-01,103.8659688878174,-0.43981612914209806,0.19343822745353867
2015-03-05,16.9,2101.04,127.26,7.77,14.04,81.26,89.3,-55.0,47.09,104.23526763916016,2015-03-01,103.8659688878174,0.11953606197183841,0.014288870111735194
2015-03-06,18.43,2071.26,124.65,9.14,15.2,86.88,86.6,-47.5,48.96,104.23526763916016,2015-03-01,103.8659688878174,-1.4275342485307394,2.037854030728223
2015-03-09,17.58,2079.43,124.16,8.56,15.06,85.55,84.0,-49.0,48.99,104.23526763916016,2015-03-01,103.8659688878174,0.3936699946892563,0.15497606471863906
2015-03-10,18.97,2044.16,123.53,10.23,16.69,91.89,84.4,-50.1,50.92,104.23526763916016,2015-03-01,103.8659688878174,-1.7106870531886451,2.9264501939472503
2015-03-11,20.01,2040.24,123.72,10.15,16.87,97.28,85.0,-50.5,49.17,104.23526763916016,2015-03-01,103.8659688878174,-0.19194991693251123,0.03684477061039796
2015-03-12,19.07,2065.95,121.53,10.42,15.42,89.48,85.6,-55.6,49.59,104.23526763916016,2015-03-01,103.8659688878174,1.2522721054237218,1.568185426022361
2015-03-13,18.9,2053.4,120.6,10.61,16.0,93.12,86.1,-60.1,54.56,104.23526763916016,2015-03-01,103.8659688878174,-0.609321316658598,0.37127246693456745
2015-03-16,19.14,2081.19,122.83,11.04,15.61,90.54,84.8,-63.8,56.93,104.23526763916016,2015-03-01,103.8659688878174,1.3442889619502028,1.8071128132211536
2015-03-17,20.83,2074.28,125.44,11.0,15.66,88.25,86.3,-72.0,59.85,104.23526763916016,2015-03-01,103.8659688878174,-0.33257399856237396,0.11060546451976593
2015-03-18,18.65,2099.5,128.51,11.8,13.97,81.22,85.7,-71.9,53.65,104.23526763916016,2015-03-01,103.8659688878174,1.2085115625505267,1.4605001968183156
2015-03-19,17.25,2089.27,127.95,11.92,14.07,81.61,87.8,-72.1,53.82,104.23526763916016,2015-03-01,103.8659688878174,-0.4884498475311038,0.23858325355315857
2015-03-20,17.21,2108.1,131.09,12.33,13.02,80.49,86.5,-72.1,50.84,104.23526763916016,2015-03-01,103.8659688878174,0.8972345217324728,0.8050297869884991
2015-03-23,17.26,2104.42,127.12,12.17,13.41,79.98,84.9,-73.3,49.32,104.23526763916016,2015-03-01,103.8659688878174,-0.17471731581735755,0.03052614044642226
2015-03-24,16.84,2091.5,126.82,12.36,13.62,80.04,83.7,-57.8,47.94,104.23526763916016,2015-03-01,103.8659688878174,-0.6158382825834895,0.37925679029538184
2015-03-25,16.38,2061.05,122.96,13.33,15.44,83.52,84.2,-61.9,47.03,104.23526763916016,2015-03-01,103.8659688878174,-1.466595021813647,2.1509009580085716
2015-03-26,16.02,2056.15,122.86,13.35,15.8,87.03,86.2,-60.0,49.58,104.23526763916016,2015-03-01,103.8659688878174,-0.2380259551864185,0.05665635534240691
2015-03-27,15.83,2061.02,121.8,13.37,15.07,86.5,86.2,-62.9,52.84,104.23526763916016,2015-03-01,103.8659688878174,0.23657037582941712,0.05596554272007166
2015-03-30,16.64,2086.24,122.69,14.0,14.51,82.16,86.4,-60.8,51.98,104.23526763916016,2015-03-01,103.8659688878174,1.2162396804615399,1.4792389603291887
2015-03-31,16.34,2067.89,120.35,14.2,15.29,84.01,86.1,-58.6,53.72,104.23526763916016,2015-03-01,103.8659688878174,-0.8834638950921472,0.7805084539313885
2015-04-01,16.04,2059.69,120.76,14.18,15.11,82.82,85.6,-62.5,50.9,102.19049072265624,2015-04-01,102.0559130536334,-0.39732777015764315,0.1578693569384449
2015-04-02,16.01,2066.96,119.92,14.15,14.67,80.21,84.3,-47.3,49.84,102.19049072265624,2015-04-01,102.0559130536334,0.3523442754392329,0.12414648843479803
2015-04-06,15.74,2080.62,120.05,14.34,14.74,80.3,79.0,-56.5,48.33,102.19049072265624,2015-04-01,102.0559130536334,0.6586997425284128,0.4338853508069973
2015-04-07,15.2,2076.33,121.34,13.47,14.78,79.7,77.8,-55.7,46.25,102.19049072265624,2015-04-01,102.0559130536334,-0.20640140117176337,0.0426015384056672
2015-04-08,14.79,2081.9,124.24,13.43,13.98,84.76,80.0,-55.0,48.1,102.19049072265624,2015-04-01,102.0559130536334,0.26790260911049435,0.07177180796821032
2015-04-09,15.0,2091.18,125.87,12.26,13.09,80.71,78.8,-53.5,46.65,102.19049072265624,2015-04-01,102.0559130536334,0.4447561655731752,0.19780804681535363
2015-04-10,14.23,2102.06,127.22,12.35,12.58,78.91,77.8,-52.2,43.04,102.19049072265624,2015-04-01,102.0559130536334,0.5189316335635196,0.26929004031290293
2015-04-13,14.79,2092.43,117.46,11.66,13.94,83.8,75.8,-45.6,44.2,102.19049072265624,2015-04-01,102.0559130536334,-0.45917462766684586,0.21084133869298652
2015-04-14,15.18,2095.84,123.64,11.49,13.67,81.91,74.8,-48.0,44.65,102.19049072265624,2015-04-01,102.0559130536334,0.16283576529126242,0.026515486457991105
2015-04-15,14.6,2106.63,119.71,10.73,12.84,79.83,73.0,-49.0,46.14,102.19049072265624,2015-04-01,102.0559130536334,0.5135086608693579,0.26369114478784117
2015-04-16,14.54,2104.99,120.37,10.68,12.6,79.78,72.4,-56.7,43.48,102.19049072265624,2015-04-01,102.0559130536334,-0.0778797746659118,0.0060652593020131965
2015-04-17,14.47,2081.18,122.24,10.55,13.89,85.97,74.4,-54.2,42.0,102.19049072265624,2015-04-01,102.0559130536334,-1.1375675981876396,1.294060040446395
2015-04-20,15.39,2100.4,124.16,10.88,13.3,81.48,73.5,-54.3,42.06,102.19049072265624,2015-04-01,102.0559130536334,0.9192762234207431,0.845068774946704
2015-04-21,15.04,2097.29,122.77,10.42,13.25,81.29,72.9,-53.1,41.04,102.19049072265624,2015-04-01,102.0559130536334,-0.1481767624114939,0.021956352918752316
2015-04-22,15.79,2107.96,124.07,10.54,12.71,79.7,72.9,-51.8,39.01,102.19049072265624,2015-04-01,102.0559130536334,0.5074620009561437,0.2575176824144132
2015-04-23,15.87,2112.93,123.26,10.36,12.48,78.17,73.2,-57.2,37.98,102.19049072265624,2015-04-01,102.0559130536334,0.23549546644853883,0.05545811471781488
2015-04-24,16.39,2117.69,119.95,9.04,12.29,76.43,71.60494,-57.7,36.61,102.19049072265624,2015-04-01,102.0559130536334,0.22502621405813722,0.05063679701333859
2015-04-27,16.42,2108.92,122.84,9.13,13.12,81.22,71.0,-56.0,37.46,102.19049072265624,2015-04-01,102.0559130536334,-0.4149903864416299,0.1722170208389733
2015-04-28,16.19,2114.76,124.02,9.16,12.41,77.68,72.9,-58.5,37.31,102.19049072265624,2015-04-01,102.0559130536334,0.2765362774477354,0.0764723127446509
2015-04-29,15.95,2106.85,125.36,8.25,13.39,82.27,73.9,-66.8,36.68,102.19049072265624,2015-04-01,102.0559130536334,-0.3747389861512533,0.1404293077416692
2015-04-30,16.76,2085.51,115.96,8.37,14.55,87.08,75.3,-62.2,36.28,102.19049072265624,2015-04-01,102.0559130536334,-1.0180511364075624,1.0364281163407292
2015-05-01,17.29,2108.29,122.37,9.09,12.7,79.64,78.9,-62.3,35.62,76.2623291015625,2015-05-01,106.31612847508974,1.086376271801401,1.1802134039331114
2015-05-04,17.62,2114.49,121.68,9.08,12.85,78.56,81.1,-56.1,36.2,76.2623291015625,2015-05-01,106.31612847508974,0.2936456294242169,0.08622775567994452
2015-05-05,17.15,2089.46,122.22,9.74,14.31,84.45,87.7,-65.3,36.24,76.2623291015625,2015-05-01,106.31612847508974,-1.1907989281938556,1.4180020873876351
2015-05-06,17.53,2080.15,119.74,9.81,15.15,90.8,91.0,-67.3,36.88,76.2623291015625,2015-05-01,106.31612847508974,-0.446565288921807,0.19942055726981697
2015-05-07,17.91,2088.0,120.73,9.85,15.13,89.21,89.6,-64.7,38.13,76.2623291015625,2015-05-01,106.31612847508974,0.37666635227395195,0.14187754093536487
2015-05-08,15.84,2116.1,122.93,10.74,12.86,79.44,80.9,-64.3,35.09,76.2623291015625,2015-05-01,106.31612847508974,1.336810183819619,1.7870614675638432
2015-05-11,15.94,2105.33,115.96,10.75,13.85,83.11,84.1,-61.0,34.86,76.2623291015625,2015-05-01,106.31612847508974,-0.5102547415113406,0.26035990123480507
2015-05-12,15.63,2099.12,123.92,10.71,13.86,84.64,87.4,-59.5,33.74,76.2623291015625,2015-05-01,106.31612847508974,-0.2954015158135171,0.08726205554492358
2015-05-13,15.93,2098.48,126.04,10.7,13.76,84.45,85.6,-63.8,34.33,76.2623291015625,2015-05-01,106.31612847508974,-0.030493615635559614,0.0009298605945292457
2015-05-14,16.21,2121.1,127.63,11.16,12.74,82.34,83.2,-62.0,32.63,76.2623291015625,2015-05-01,106.31612847508974,1.0721548914049037,1.1495161111634609
2015-05-15,15.48,2122.73,127.56,11.17,12.38,80.93,83.2,-71.6,29.95,76.2623291015625,2015-05-01,106.31612847508974,0.07681740692506561,0.005900914006691118
2015-05-18,15.81,2129.2,126.91,10.49,12.73,82.06,88.2,-72.4,30.63,76.2623291015625,2015-05-01,106.31612847508974,0.3043326204180875,0.09261834385053973
2015-05-19,15.88,2127.83,126.28,10.01,12.85,77.53,87.6743,-64.5,34.82,76.2623291015625,2015-05-01,106.31612847508974,-0.06436412462661924,0.004142740538950973
2015-05-20,15.25,2125.85,125.01,10.0,12.88,77.03,87.65411,-64.3,33.7,76.2623291015625,2015-05-01,106.31612847508974,-0.09309586724919672,0.008666840498880057
2015-05-21,14.62,2130.82,121.11,9.9,12.11,73.18,86.1,-65.3,31.61,76.2623291015625,2015-05-01,106.31612847508974,0.23351597649989828,0.05452971128070104
2015-05-22,14.19,2126.06,124.86,9.88,12.13,75.98,87.67,-62.1,31.29,76.2623291015625,2015-05-01,106.31612847508974,-0.22363806280129897,0.05001398313351774
2015-05-26,15.22,2104.2,123.06,10.54,14.06,81.94,85.355,-56.8,34.66,76.2623291015625,2015-05-01,106.31612847508974,-1.0335154142642595,1.068154111521824
2015-05-27,14.08,2123.48,123.6,10.9,13.27,77.79,84.0,-55.6,35.29,76.2623291015625,2015-05-01,106.31612847508974,0.9120904921787637,0.8319090659228994
2015-05-28,14.51,2120.79,125.37,10.85,13.31,77.35,82.7,-56.8,34.2,76.2623291015625,2015-05-01,106.31612847508974,-0.1267591534086388,0.016067882972874828
2015-05-29,13.99,2107.39,122.5,10.96,13.84,79.07,82.7,-54.2,33.74,76.2623291015625,2015-05-01,106.31612847508974,-0.6338445791358441,0.40175895049989535
2015-06-01,14.88,2111.73,122.43,10.42,13.97,78.89,83.549527,-52.5,35.3,85.90596771240234,2015-06-01,117.28266990771588,0.20573017741854285,0.04232490590066512
2015-06-02,14.86,2109.6,121.17,9.72,14.24,80.61,87.5,-53.1,35.74,85.90596771240234,2015-06-01,117.28266990771588,-0.10091607056388198,0.010184053298054408
2015-06-03,15.15,2114.07,124.59,9.69,13.66,79.27,91.806258,-51.5,37.4,85.90596771240234,2015-06-01,117.28266990771588,0.21166434256780875,0.04480179391466269
2015-06-04,16.01,2095.84,121.98,9.18,14.71,87.99,92.205597,-50.5,38.42,85.90596771240234,2015-06-01,117.28266990771588,-0.8660571815416116,0.7500550416998
2015-06-05,15.12,2092.83,119.62,9.08,14.21,84.1,88.9,-47.9,33.54,85.90596771240234,2015-06-01,117.28266990771588,-0.14372106268171128,0.020655743858360383
2015-06-08,15.14,2079.28,118.33,9.26,15.29,86.5,87.6,-44.6,34.04,85.90596771240234,2015-06-01,117.28266990771588,-0.6495537098383695,0.42192002196478867
2015-06-09,14.83,2080.15,119.4,8.04,14.47,84.34,87.2,-42.7,33.01,85.90596771240234,2015-06-01,117.28266990771588,0.04183265556517879,0.001749971071634884
2015-06-10,14.37,2105.2,120.83,8.88,13.22,81.6,89.8,-41.2,31.79,85.90596771240234,2015-06-01,117.28266990771588,1.1970467999834085,1.4329210413505182
2015-06-11,14.3,2108.86,125.32,8.87,12.85,79.53,87.8,-37.7,31.76,85.90596771240234,2015-06-01,117.28266990771588,0.17370426241117387,0.030173170779809952
2015-06-12,13.99,2094.11,119.26,9.26,13.78,85.55,87.7,-33.0,31.51,85.90596771240234,2015-06-01,117.28266990771588,-0.7018875011890289,0.492646064325379
2015-06-15,14.34,2084.43,119.25,8.65,15.39,96.12,86.0,-30.4,32.55,85.90596771240234,2015-06-01,117.28266990771588,-0.4633205529385608,0.2146659347752937
2015-06-16,14.36,2096.29,120.23,8.85,14.81,95.96,85.7,-32.9,32.39,85.90596771240234,2015-06-01,117.28266990771588,0.5673679086406269,0.32190634375523874
2015-06-17,13.58,2100.44,119.09,8.83,14.5,93.19,82.4,-32.9,32.83,85.90596771240234,2015-06-01,117.28266990771588,0.19777309251246272,0.03911419612194314
2015-06-18,13.53,2121.24,120.17,9.47,13.19,89.2,82.6,-35.8,31.59,85.90596771240234,2015-06-01,117.28266990771588,0.9853976761801558,0.9710085802212512
2015-06-19,13.26,2109.99,119.5,9.69,13.96,92.16,84.7,-36.0,30.4,85.90596771240234,2015-06-01,117.28266990771588,-0.5317615213403526,0.28277031557820625
2015-06-22,13.85,2122.85,120.52,9.94,12.74,83.87,84.4,-38.0,30.06,85.90596771240234,2015-06-01,117.28266990771588,0.6076317350836994,0.36921632548082706
2015-06-23,13.89,2124.2,122.78,9.91,12.11,78.85,84.2,-36.8,29.69,85.90596771240234,2015-06-01,117.28266990771588,0.06357354142135757,0.004041595168853067
2015-06-24,13.83,2108.58,119.52,9.53,13.26,82.53,82.7,-35.9,29.6,85.90596771240234,2015-06-01,117.28266990771588,-0.7380525755900911,0.5447216043351671
2015-06-25,13.12,2102.31,122.68,9.04,14.01,83.51,83.324057,-32.7,29.26,85.90596771240234,2015-06-01,117.28266990771588,-0.2977994976722945,0.08868454081387095
2015-06-26,13.22,2101.49,123.07,9.03,14.02,83.09,84.3,-30.6,29.01,85.90596771240234,2015-06-01,117.28266990771588,-0.03901232267949167,0.0015219613208487803
2015-06-29,14.5,2057.64,124.54,11.48,18.85,117.0,89.8,-29.1,33.64,85.90596771240234,2015-06-01,117.28266990771588,-2.1086921949260153,4.4465827729418965
2015-06-30,15.34,2063.11,123.88,11.49,18.23,110.17,92.3,-28.8,32.43,85.90596771240234,2015-06-01,117.28266990771588,0.2654858078183291,0.07048271415295077
2015-07-01,14.86,2077.42,120.14,11.81,16.09,97.6,90.3,-24.1,34.11,106.80866241455078,2015-07-01,128.53214163555043,0.6912186109313317,0.47778316809783977
2015-07-02,14.42,2076.78,121.52,11.79,16.79,105.14,88.0,-25.1,33.8,106.80866241455078,2015-07-01,128.53214163555043,-0.03081219031646385,0.0009493910720979888
2015-07-06,14.25,2068.76,118.68,11.46,17.01,105.97,86.18041031,-23.6,40.01,106.80866241455078,2015-07-01,128.53214163555043,-0.38692233125439635,0.14970889042333682
2015-07-07,15.23,2081.34,117.37,11.65,16.09,99.35,90.5,-21.5,40.54,106.80866241455078,2015-07-01,128.53214163555043,0.6062523086486957,0.3675418617418734
2015-07-08,15.78,2046.68,118.25,12.91,19.66,111.67,89.4,-20.7,42.2,106.80866241455078,2015-07-01,128.53214163555043,-1.679294892719651,2.8200313367143037
2015-07-09,15.47,2051.31,120.34,12.93,19.97,115.36,89.3,-22.9,42.04,106.80866241455078,2015-07-01,128.53214163555043,0.22596453237141356,0.05105996988983161
2015-07-10,14.42,2076.62,118.52,13.0,16.83,101.19,90.2,-21.8,41.22,106.80866241455078,2015-07-01,128.53214163555043,1.2262958517226932,1.5038015159522855
2015-07-13,13.43,2099.6,121.57,13.51,13.9,85.95,84.7,-17.1,38.08,106.80866241455078,2015-07-01,128.53214163555043,1.1005278427365044,1.211161532638264
2015-07-14,13.25,2108.95,123.11,13.33,13.37,87.35,80.8,-22.9,36.31,106.80866241455078,2015-07-01,128.53214163555043,0.4443342901147857,0.19743296137181054
2015-07-15,14.35,2107.4,123.06,13.25,13.23,90.81,79.1,-21.5,37.25,106.80866241455078,2015-07-01,128.53214163555043,-0.07352331138653617,0.00540567731724156
2015-07-16,14.05,2124.29,124.67,13.37,12.11,87.12,76.0,-20.8,35.92,106.80866241455078,2015-07-01,128.53214163555043,0.7982668716293924,0.6372299983409768
2015-07-17,16.32,2126.64,127.91,13.36,11.95,85.32,74.211588,-18.0,34.68,106.80866241455078,2015-07-01,128.53214163555043,0.11056405254354068,0.012224409714850825
2015-07-20,19.73,2128.28,125.06,12.92,12.25,84.38,72.8,-14.8,36.39,106.80866241455078,2015-07-01,128.53214163555043,0.07708723459965329,0.005942441738221983
2015-07-21,19.56,2119.21,124.9,12.84,12.22,82.56,72.4,-13.2,34.97,106.80866241455078,2015-07-01,128.53214163555043,-0.4270764044629494,0.18239425524900077
2015-07-22,19.59,2114.15,130.42,12.63,12.12,78.89,72.1,-12.3,37.66,106.80866241455078,2015-07-01,128.53214163555043,-0.23905372610337478,0.057146683963907326
2015-07-23,19.39,2102.15,123.18,12.78,12.63,81.44,72.6,-7.0,38.46,106.80866241455078,2015-07-01,128.53214163555043,-0.5692209947696617,0.3240125408865632
2015-07-24,19.27,2079.65,126.32,13.03,13.74,88.36,73.0,-14.4,39.0,106.80866241455078,2015-07-01,128.53214163555043,-1.0761020194054138,1.1579955561684097
2015-07-27,20.06,2067.64,126.67,13.15,15.6,97.32,72.2,-10.5,41.15,106.80866241455078,2015-07-01,128.53214163555043,-0.579175006922778,0.335443688644
2015-07-28,18.4,2093.25,123.52,13.8,13.44,84.77,71.9,-15.8,39.94,106.80866241455078,2015-07-01,128.53214163555043,1.231002184803006,1.515366378989774
2015-07-29,17.22,2108.57,121.03,11.88,12.5,82.94,69.71283148,-14.9,38.59,106.80866241455078,2015-07-01,128.53214163555043,0.7292110507604485,0.5317487565511574
2015-07-30,17.07,2108.63,122.06,11.85,12.13,80.65,71.2,-16.3,37.33,106.80866241455078,2015-07-01,128.53214163555043,0.0028454898986964685,8.096812763583639e-06
2015-07-31,16.79,2103.84,124.2,11.54,12.12,81.77,75.8,-15.4,38.82,106.80866241455078,2015-07-01,128.53214163555043,-0.2274201152523918,0.05171990882141117
2015-08-03,17.58,2098.04,119.32,11.6,12.56,79.43,74.7,-14.0,40.91,82.47853088378906,2015-08-01,130.7488533577419,-0.27606707871855757,0.07621303195219827
2015-08-04,17.24,2093.32,119.79,11.57,13.0,80.82,80.47075,-14.0,40.12,82.47853088378906,2015-08-01,130.7488533577419,-0.225225320432502,0.05072644496392321
2015-08-05,17.74,2099.84,119.1,11.42,12.51,80.1,80.7,-8.2,40.18,82.47853088378906,2015-08-01,130.7488533577419,0.310982898558392,0.09671036319577914
2015-08-06,17.25,2083.56,126.09,10.1,13.77,84.36,80.3,-7.6,41.54,82.47853088378906,2015-08-01,130.7488533577419,-0.7783182188635467,0.6057792498149237
2015-08-07,16.59,2077.57,117.82,10.12,13.39,82.57,76.2,-8.2,41.17,82.47853088378906,2015-08-01,130.7488533577419,-0.2879027637921453,0.08288800139915581
2015-08-10,16.41,2104.18,121.54,10.15,12.23,80.21,75.3,-5.9,40.99,82.47853088378906,2015-08-01,130.7488533577419,1.2726901022967103,1.619740096484011
2015-08-11,16.53,2084.07,124.37,9.96,13.71,85.22,78.1,-5.4,42.16,82.47853088378906,2015-08-01,130.7488533577419,-0.9603129968501637,0.9222010519193425
2015-08-12,16.8,2086.05,119.97,9.85,13.61,88.13,81.5,-4.1,42.4,82.47853088378906,2015-08-01,130.7488533577419,0.09496130321388531,0.009017649108079465
2015-08-13,15.84,2083.39,119.96,9.86,13.49,88.36,80.0,-5.4,43.23,82.47853088378906,2015-08-01,130.7488533577419,-0.1275950900305485,0.016280506999903778
2015-08-14,15.59,2091.54,119.37,9.6,12.83,89.38,77.1,-4.4,40.92,82.47853088378906,2015-08-01,130.7488533577419,0.390426203683068,0.15243262052237253
2015-08-17,15.4,2102.44,120.27,9.74,13.02,87.35,76.1,-9.2,40.35,82.47853088378906,2015-08-01,130.7488533577419,0.5197938255237148,0.27018562105257804
2015-08-18,15.84,2096.92,124.34,9.77,13.79,88.84,82.7,-8.2,39.48,82.47853088378906,2015-08-01,130.7488533577419,-0.2628973548012266,0.06911501916148204
2015-08-19,15.96,2079.61,122.14,10.04,15.25,91.84,81.5,-15.8,41.29,82.47853088378906,2015-08-01,130.7488533577419,-0.82892253214385,0.687112564295772
2015-08-20,16.87,2035.73,118.76,12.46,19.14,108.75,84.6,-17.1,42.58,82.47853088378906,2015-08-01,130.7488533577419,-2.1325899205105867,4.54793976906335
2015-08-21,18.48,1970.89,130.04,16.58,28.03,138.57,88.5,-18.2,44.66,82.47853088378906,2015-08-01,130.7488533577419,-3.2369259548499683,10.47768963718138
2015-08-24,21.26,1893.21,129.46,21.73,40.74,168.75,94.5,-18.6,50.11,82.47853088378906,2015-08-01,130.7488533577419,-4.021141628117561,16.169579993379948
2015-08-25,20.2,1867.61,126.78,22.06,36.02,152.42,91.1,-15.3,49.0,82.47853088378906,2015-08-01,130.7488533577419,-1.3614262532188859,1.853481442953614
2015-08-26,20.03,1940.51,124.35,25.31,30.32,134.31,92.0,-9.3,46.87,82.47853088378906,2015-08-01,130.7488533577419,3.8291286558614,14.662226263138933
2015-08-27,18.74,1987.66,126.31,26.62,26.1,128.59,91.4,-2.7,49.03,82.47853088378906,2015-08-01,130.7488533577419,2.400724232625184,5.763476841113778
2015-08-28,18.8,1988.87,130.38,26.62,26.05,127.18,91.1,-7.5,51.56,82.47853088378906,2015-08-01,130.7488533577419,0.0608570807887431,0.0037035842821276045
2015-08-31,19.34,1972.18,129.36,26.78,28.43,127.28,87.7,-8.2,54.37,82.47853088378906,2015-08-01,130.7488533577419,-0.8427108353350126,0.7101615519910347
2015-09-01,19.65,1913.85,125.35,28.66,31.4,128.94,88.7,-12.6,57.51,98.7674560546875,2015-09-01,174.29432198115666,-3.00226098516122,9.013571023021218
2015-09-02,18.65,1948.86,125.35,29.33,26.09,114.43,93.1,-15.9,53.75,98.7674560546875,2015-09-01,174.29432198115666,1.8127666183109614,3.2861228124625588
2015-09-03,18.57,1951.13,132.43,29.31,25.61,118.16,91.4,-14.7,50.44,98.7674560546875,2015-09-01,174.29432198115666,0.1164105680449443,0.013551420352546608
2015-09-04,18.62,1921.22,142.19,29.68,27.8,123.15,86.8,-15.6,49.29,98.7674560546875,2015-09-01,174.29432198115666,-1.5448291002620418,2.3864969490164296
2015-09-08,18.31,1969.41,132.37,30.9,24.9,117.62,85.2,-16.6,50.14,98.7674560546875,2015-09-01,174.29432198115666,2.4773604592646015,6.137314845127717
2015-09-09,17.8,1942.04,137.03,30.96,26.23,131.3,85.1,-16.9,49.5,98.7674560546875,2015-09-01,174.29432198115666,-1.3995038527950137,1.9586110339880873
2015-09-10,16.89,1952.29,131.42,30.84,24.37,127.06,83.6,-16.6,50.05,98.7674560546875,2015-09-01,174.29432198115666,0.5264075550540028,0.277104914017933
2015-09-11,17.38,1961.05,118.18,30.88,23.2,119.09,83.8,-22.2,49.63,98.7674560546875,2015-09-01,174.29432198115666,0.44770015545705893,0.20043542919627474
2015-09-14,17.63,1953.03,142.93,30.91,24.25,118.01,82.7,-20.3,49.81,98.7674560546875,2015-09-01,174.29432198115666,-0.4098031324803634,0.16793860739071825
2015-09-15,17.69,1978.09,136.0,31.2,22.54,109.34,85.0,-24.7,51.14,98.7674560546875,2015-09-01,174.29432198115666,1.2749719911298718,1.6255535781656698
2015-09-16,18.05,1995.31,142.16,31.3,21.35,107.02,84.9,-23.5,50.24,98.7674560546875,2015-09-01,174.29432198115666,0.8667694070501722,0.7512892049981071
2015-09-17,16.63,1990.2,137.49,31.3,21.14,118.09,77.7,-27.3,45.34,98.7674560546875,2015-09-01,174.29432198115666,-0.25642905425419793,0.06575585986570238
2015-09-18,16.46,1958.03,119.47,31.72,22.28,116.26,75.8,-27.4,45.84,98.7674560546875,2015-09-01,174.29432198115666,-1.6296270451088188,2.6556843061501003
2015-09-21,16.59,1966.97,135.45,30.91,20.14,103.4,74.5,-27.7,47.51,98.7674560546875,2015-09-01,174.29432198115666,0.455542189051565,0.2075186860058918
2015-09-22,17.35,1942.74,135.94,29.2,22.44,111.36,75.6,-28.3,48.9,98.7674560546875,2015-09-01,174.29432198115666,-1.2394939887069494,1.5363453480406633
2015-09-23,17.34,1938.76,136.71,25.35,22.13,105.86,69.2,-28.2,51.12,98.7674560546875,2015-09-01,174.29432198115666,-0.20507542933684947,0.04205593171769314
2015-09-24,19.26,1932.24,134.03,25.01,23.47,110.12,76.4,-27.5,49.44,98.7674560546875,2015-09-01,174.29432198115666,-0.3368641780216092,0.1134774744341744
2015-09-25,18.33,1931.34,135.16,21.31,23.62,110.54,75.9,-25.0,47.71,98.7674560546875,2015-09-01,174.29432198115666,-0.0465889157868587,0.0021705270741950115
2015-09-28,18.28,1881.77,134.18,21.5,27.63,115.31,76.9,-23.8,49.46,98.7674560546875,2015-09-01,174.29432198115666,-2.6001239239395293,6.760644419842695
2015-09-29,17.67,1884.09,136.71,21.5,26.83,110.99,83.3,-20.4,49.32,98.7674560546875,2015-09-01,174.29432198115666,0.12321224333906237,0.01518125690864432
2015-09-30,17.47,1920.03,113.9,22.3,24.5,103.28,81.6,-20.5,45.52,98.7674560546875,2015-09-01,174.29432198115666,1.8895865203796398,3.570537218000435
2015-10-01,16.9,1923.82,124.81,19.8,22.55,98.27,81.5,-22.3,44.61,91.931884765625,2015-10-01,125.1173599515904,0.1971981855787723,0.03888712439555992
2015-10-02,16.71,1951.36,115.75,19.44,20.94,95.07,78.9,-29.7,42.86,91.931884765625,2015-10-01,125.1173599515904,1.4213772604289279,2.0203133164644442
2015-10-05,16.68,1987.05,132.83,20.43,19.54,92.29,77.5,-29.7,43.03,91.931884765625,2015-10-01,125.1173599515904,1.8124561438544924,3.2849972733958963
2015-10-06,17.54,1979.92,129.32,19.73,19.4,92.46,80.3,-29.4,44.14,91.931884765625,2015-10-01,125.1173599515904,-0.359468696646854,0.12921774386898793
2015-10-07,17.13,1995.83,132.39,17.93,18.4,89.43,80.0,-28.9,43.26,91.931884765625,2015-10-01,125.1173599515904,0.8003564071616849,0.6405703784847607
2015-10-08,16.91,2013.43,136.69,17.54,17.42,88.42,79.5,-26.8,43.28,91.931884765625,2015-10-01,125.1173599515904,0.8779731449656634,0.7708368432808977
2015-10-09,16.92,2014.89,134.66,17.46,17.08,89.08,78.2,-26.3,42.8,91.931884765625,2015-10-01,125.1173599515904,0.0724867966759282,0.005254335692337355
2015-10-13,17.14,2003.69,133.81,17.46,17.67,98.35,76.3,-24.1,45.37,91.931884765625,2015-10-01,125.1173599515904,-0.5574122699779197,0.31070843872193726
2015-10-14,18.35,1994.24,135.82,16.97,18.03,102.29,74.8,-26.7,42.7,91.931884765625,2015-10-01,125.1173599515904,-0.47274552579458295,0.2234883321587967
2015-10-15,17.9,2023.86,144.72,17.51,16.05,96.61,74.6,-18.5,41.99,91.931884765625,2015-10-01,125.1173599515904,1.4743553692310356,2.1737237547803834
2015-10-16,16.59,2033.11,135.04,17.56,15.05,97.58,74.7,-14.8,39.58,91.931884765625,2015-10-01,125.1173599515904,0.4560061340766879,0.20794159431556625
2015-10-19,16.94,2033.66,139.92,16.55,14.98,94.38,71.0,-11.3,40.74,91.931884765625,2015-10-01,125.1173599515904,0.027048493195005824,0.0007316209841202764
2015-10-20,16.79,2030.77,140.7,16.44,15.75,97.11,71.1,-7.2,41.72,91.931884765625,2015-10-01,125.1173599515904,-0.14220938665690214,0.020223509653332295
2015-10-21,15.9,2018.94,133.07,15.94,16.7,106.02,69.7,-5.6,41.77,91.931884765625,2015-10-01,125.1173599515904,-0.5842410271440132,0.34133757779829155
2015-10-22,15.59,2052.51,121.02,16.94,14.45,97.07,70.0,-5.3,40.22,91.931884765625,2015-10-01,125.1173599515904,1.6490813232663315,2.719469210745835
2015-10-23,15.59,2075.15,135.62,17.34,14.46,97.21,70.8,-0.1,41.51,91.931884765625,2015-10-01,125.1173599515904,1.0970005786788946,1.2034102696218296
2015-10-26,15.78,2071.18,132.29,17.37,15.29,98.1,69.7,-7.7,42.99,91.931884765625,2015-10-01,125.1173599515904,-0.19149470559137485,0.03667022226952733
2015-10-27,15.3,2065.89,132.17,14.83,15.43,95.21,69.8,-10.1,44.77,91.931884765625,2015-10-01,125.1173599515904,-0.25573668722574233,0.06540125319319716
2015-10-28,15.63,2090.35,134.43,15.34,14.33,88.28,70.3,-10.0,44.29,91.931884765625,2015-10-01,125.1173599515904,1.177038977262058,1.3854207539941115
2015-10-29,15.77,2089.41,134.64,13.86,14.61,88.6,73.1,-10.5,43.63,91.931884765625,2015-10-01,125.1173599515904,-0.04497865982006129,0.0020230798392087954
2015-10-30,15.39,2079.36,125.77,13.91,15.07,90.27,73.1,-12.7,41.95,91.931884765625,2015-10-01,125.1173599515904,-0.48215754142581274,0.23247589475378433
2015-11-02,15.28,2104.05,138.78,13.5,14.15,86.75,73.2,-13.1,41.88,150.71588134765625,2015-11-01,101.77560281314108,1.1803904793109323,1.3933216836478926
2015-11-03,17.19,2109.79,137.4,11.99,14.54,87.34,73.3,-13.4,41.27,150.71588134765625,2015-11-01,101.77560281314108,0.2724357616923586,0.07422124424889562
2015-11-04,18.02,2102.31,134.44,11.97,15.51,89.46,77.6,-6.5,41.54,150.71588134765625,2015-11-01,101.77560281314108,-0.35516762958985526,0.12614404510847663
2015-11-05,17.82,2099.93,135.21,11.69,15.05,87.68,76.7,-8.4,39.29,150.71588134765625,2015-11-01,101.77560281314108,-0.11327293322022361,0.012830757400313237
2015-11-06,17.36,2099.2,137.75,11.26,14.33,85.03,74.3,0.0,39.85,150.71588134765625,2015-11-01,101.77560281314108,-0.034769107284318417,0.001208890821348444
2015-11-10,17.36,2081.72,132.24,11.76,15.29,86.96,70.5,0.9,39.34,150.71588134765625,2015-11-01,101.77560281314108,-0.8361844690003716,0.6992044661974334
2015-11-13,18.29,2023.04,139.5,11.99,20.08,106.06,68.3,0.0,46.26,150.71588134765625,2015-11-01,101.77560281314108,-2.8593144472567835,8.175679108291366
2015-11-16,18.5,2053.19,131.77,12.96,18.16,96.71,67.7,1.5,47.44,150.71588134765625,2015-11-01,101.77560281314108,1.4793350640956329,2.1884322318628304
2015-11-17,20.17,2050.44,136.97,12.97,18.84,100.37,72.3,-2.8,46.63,150.71588134765625,2015-11-01,101.77560281314108,-0.13402769799722192,0.017963423830434522
2015-11-18,19.4,2083.58,136.86,14.12,16.85,93.47,71.7,-9.0,43.53,150.71588134765625,2015-11-01,101.77560281314108,1.6033163805428428,2.5706234161170016
2015-11-19,18.04,2081.24,139.17,13.96,16.99,96.18,70.5,-8.6,43.75,150.71588134765625,2015-11-01,101.77560281314108,-0.11236981412047732,0.012626975125470624
2015-11-20,17.26,2089.17,126.86,12.75,15.47,90.79,70.5,-9.1,44.93,150.71588134765625,2015-11-01,101.77560281314108,0.38029879831690383,0.14462717600128108
2015-11-23,17.7,2086.59,139.51,12.16,15.62,88.55,70.8,-12.8,45.84,150.71588134765625,2015-11-01,101.77560281314108,-0.12357033585728208,0.015269627903881493
2015-11-24,16.72,2089.14,138.17,12.14,15.93,89.64,70.9,-17.2,47.17,150.71588134765625,2015-11-01,101.77560281314108,0.12213434858008503,0.014916799103081716
2015-11-25,16.39,2088.87,139.45,12.12,15.19,86.14,70.0,-16.5,48.46,150.71588134765625,2015-11-01,101.77560281314108,-0.012924813505752468,0.0001670508041584814
2015-11-27,17.16,2090.11,137.66,11.46,15.12,88.35,69.6,-15.5,48.28,150.71588134765625,2015-11-01,101.77560281314108,0.05934462650656421,0.0035217846952036035
2015-11-30,16.91,2080.41,127.25,11.51,16.13,90.84,69.9,-14.4,48.14,150.71588134765625,2015-11-01,101.77560281314108,-0.4651706497517027,0.21638373339042125
2015-12-01,16.62,2102.63,135.57,11.93,14.67,87.32,71.0,-20.2,49.28,148.23687744140625,2015-12-01,112.9733578231996,1.062395243373084,1.1286836531417546
2015-12-02,17.36,2079.51,132.66,11.93,15.91,92.94,72.3,-17.7,51.96,148.23687744140625,2015-12-01,112.9733578231996,-1.1056653069340217,1.2224957709575044
2015-12-03,17.76,2049.62,135.26,12.87,18.11,101.8,74.6,-21.8,50.65,148.23687744140625,2015-12-01,112.9733578231996,-1.4477878923262812,2.0960897811665755
2015-12-04,15.96,2091.69,136.31,14.53,14.81,89.19,71.3,-25.8,45.44,148.23687744140625,2015-12-01,112.9733578231996,2.0317941551718297,4.1281874889904095
2015-12-07,16.23,2077.07,136.77,14.7,15.84,94.3,70.560387,-24.3,49.0,148.23687744140625,2015-12-01,112.9733578231996,-0.7014104884478266,0.4919766733046187
2015-12-08,16.12,2063.59,131.25,14.86,17.6,99.16,72.7,-23.6,50.34,148.23687744140625,2015-12-01,112.9733578231996,-0.6511062305276754,0.42393932343195834
2015-12-09,17.39,2047.62,134.26,14.74,19.61,113.83,72.4,-22.4,51.53,148.23687744140625,2015-12-01,112.9733578231996,-0.7769041389937937,0.603580041185688
2015-12-10,17.07,2052.23,134.94,14.75,19.34,113.8,72.3,-23.8,51.23,148.23687744140625,2015-12-01,112.9733578231996,0.2248863711052729,0.05057387990889852
2015-12-11,18.16,2012.37,146.53,16.24,24.39,131.09,75.0,-22.3,54.29,148.23687744140625,2015-12-01,112.9733578231996,-1.9613874846502763,3.847040864942738
2015-12-14,19.05,2021.94,140.92,15.62,22.73,122.22,78.2,-20.7,55.36,148.23687744140625,2015-12-01,112.9733578231996,0.4744314616645313,0.22508521181714364
2015-12-15,18.09,2043.41,143.35,15.53,20.95,114.37,79.6,-22.2,50.03,148.23687744140625,2015-12-01,112.9733578231996,1.0562534400149612,1.1156713295434393
2015-12-16,15.41,2073.07,135.5,15.44,17.86,108.93,70.2,-23.0,47.64,148.23687744140625,2015-12-01,112.9733578231996,1.4410619402612932,2.076659515669643
2015-12-17,16.06,2041.89,131.2,16.28,18.94,113.52,67.7,-23.9,47.45,148.23687744140625,2015-12-01,112.9733578231996,-1.515475083488926,2.296664728675767
2015-12-18,15.06,2005.55,140.84,16.57,20.7,118.32,67.8,-23.9,49.43,148.23687744140625,2015-12-01,112.9733578231996,-1.795751217964754,3.224722436821897
2015-12-21,15.32,2021.15,125.18,16.82,18.7,109.44,66.4,-30.4,49.18,148.23687744140625,2015-12-01,112.9733578231996,0.7748318994364429,0.600364472384286
2015-12-22,15.17,2038.97,133.63,17.05,16.6,100.91,66.9,-29.2,48.84,148.23687744140625,2015-12-01,112.9733578231996,0.8778122039329509,0.7705542653736246
2015-12-23,14.94,2064.29,134.69,17.58,15.57,99.61,66.0,-32.8,47.39,148.23687744140625,2015-12-01,112.9733578231996,1.2341563236114894,1.5231418311102274
2015-12-24,15.02,2060.99,128.78,17.6,15.74,99.88,65.5,-32.2,44.81,148.23687744140625,2015-12-01,112.9733578231996,-0.1599891742574954,0.025596535879595227
2015-12-28,16.06,2056.5,136.29,17.61,16.91,99.24,67.2,-31.2,47.0,148.23687744140625,2015-12-01,112.9733578231996,-0.21809411946235105,0.04756504494405825
2015-12-29,15.22,2078.36,139.26,18.0,16.08,95.13,67.2,-28.7,45.27,148.23687744140625,2015-12-01,112.9733578231996,1.0573612487139963,1.1180128102820215
2015-12-30,15.25,2063.36,143.0,18.14,17.29,100.82,67.3,-27.5,46.01,148.23687744140625,2015-12-01,112.9733578231996,-0.7243399159519185,0.5246683138412324
2015-12-31,14.99,2043.94,124.43,18.15,18.21,100.2,67.8,-31.8,46.57,148.23687744140625,2015-12-01,112.9733578231996,-0.9456404312783973,0.8942358252683932
2016-01-04,16.07,2012.66,140.0,18.47,20.7,107.69,68.8,-34.4,49.79,118.21114349365234,2016-01-01,149.49475395149503,-1.5422087447211374,2.3784078122943466
2016-01-05,15.2,2016.71,135.07,17.82,19.34,101.84,71.4222,-34.8,49.68,118.21114349365234,2016-01-01,149.49475395149503,0.2010240491123956,0.04041066832154284
2016-01-06,16.3,1990.26,128.31,17.13,20.59,103.06,71.6843,-29.3,52.36,118.21114349365234,2016-01-01,149.49475395149503,-1.320218727875292,1.7429774894326542
2016-01-07,17.42,1943.09,135.94,18.98,24.99,116.55,74.2112,-29.8,56.15,118.21114349365234,2016-01-01,149.49475395149503,-2.3985794022258524,5.753183148782128
2016-01-08,17.62,1922.03,138.83,19.21,27.01,116.46,71.0073,-21.3,56.1,118.21114349365234,2016-01-01,149.49475395149503,-1.0897570278899054,1.18757037983544
2016-01-11,16.43,1923.67,142.52,19.01,24.3,109.63,71.0193,-22.6,62.98,118.21114349365234,2016-01-01,149.49475395149503,0.08529006939786754,0.007274395937893061
2016-01-13,16.99,1890.28,145.88,19.96,25.22,117.14,74.4599,-24.7,60.67,118.21114349365234,2016-01-01,149.49475395149503,-1.7509853614313138,3.0659497359467487
2016-01-14,16.16,1921.84,138.79,20.68,23.95,110.07,73.6146,-26.3,57.56,118.21114349365234,2016-01-01,149.49475395149503,1.6558094217956527,2.7417048413072536
2016-01-15,17.42,1880.33,145.03,21.76,27.02,116.41,78.0636,-33.8,62.09,118.21114349365234,2016-01-01,149.49475395149503,-2.1835767111975093,4.7680072536841305
2016-01-19,16.17,1881.33,137.9,21.21,26.05,113.76,77.3158,-35.2,64.04,118.21114349365234,2016-01-01,149.49475395149503,0.05316801750062664,0.002826838084946941
2016-01-20,16.56,1859.33,134.82,20.96,27.59,112.88,81.8198,-45.1,67.93,118.21114349365234,2016-01-01,149.49475395149503,-1.1762765749513873,1.3836265807793666
2016-01-21,16.77,1868.99,132.99,20.04,26.69,108.38,80.7258,-45.7,65.79,118.21114349365234,2016-01-01,149.49475395149503,0.5181970226003676,0.26852815423188586
2016-01-22,15.91,1906.9,133.64,21.02,22.34,98.92,77.3486,-43.5,61.86,118.21114349365234,2016-01-01,149.49475395149503,2.0080708854120792,4.032348680839652
2016-01-25,17.13,1877.08,132.27,21.45,24.15,102.88,75.4139,-40.7,65.74,118.21114349365234,2016-01-01,149.49475395149503,-1.5761508958281074,2.4842516464197457
2016-01-26,17.26,1903.63,129.53,21.53,22.5,98.4,75.1557,-39.4,65.89,118.21114349365234,2016-01-01,149.49475395149503,1.4045211853838186,1.972679760191967
2016-01-27,16.71,1882.95,129.06,21.84,23.11,100.04,71.9361,-33.3,65.62,118.21114349365234,2016-01-01,149.49475395149503,-1.0922893803811027,1.1930960904933332
2016-01-28,15.41,1893.36,129.23,21.91,22.42,96.56,70.9823,-47.3,65.99,118.21114349365234,2016-01-01,149.49475395149503,0.551333252261662,0.3039683550494214
2016-01-29,15.73,1940.24,120.86,22.98,20.2,89.95,74.0039,-47.1,61.86,118.21114349365234,2016-01-01,149.49475395149503,2.445864829101941,5.982254762237868
2016-02-01,16.81,1939.38,126.38,22.84,19.98,89.65,73.4583,-50.5,66.63,103.74964904785156,2016-02-01,155.7552063496484,-0.04433423964646878,0.001965524805030524
2016-02-02,16.2,1903.03,119.83,23.47,21.98,97.6,77.4933,-50.5,68.59,103.74964904785156,2016-02-01,155.7552063496484,-1.89209815953702,3.5800354453233787
2016-02-03,17.84,1912.53,122.04,22.98,21.65,97.32,79.6217,-54.2,67.71,103.74964904785156,2016-02-01,155.7552063496484,0.49796200980441396,0.24796616320845127
2016-02-04,17.39,1915.45,122.69,22.97,21.84,95.22,83.76,-55.7,66.78,103.74964904785156,2016-02-01,155.7552063496484,0.1525609102635925,0.023274831340455923
2016-02-05,19.58,1880.05,119.01,23.44,23.38,100.55,81.6695,-55.7,66.67,103.74964904785156,2016-02-01,155.7552063496484,-1.8654209739793222,3.479795410161963
2016-02-08,20.38,1853.44,120.25,22.36,26.0,104.53,89.2706,-53.5,68.38,103.74964904785156,2016-02-01,155.7552063496484,-1.4255000337827675,2.032050346314671
2016-02-09,21.72,1852.21,120.74,22.05,26.54,103.06,91.606,-52.6,72.29,103.74964904785156,2016-02-01,155.7552063496484,-0.06638511706025009,0.004406983767103107
2016-02-10,21.36,1851.86,120.36,22.05,26.29,106.19,86.3154,-51.6,72.5,103.74964904785156,2016-02-01,155.7552063496484,-0.018898131031094854,0.00035713935646843026
2016-02-11,28.37,1829.08,122.38,22.31,28.14,107.21,96.3102,-48.9,77.79,103.74964904785156,2016-02-01,155.7552063496484,-1.2377431213466799,1.5320080344410218
2016-02-12,24.1,1864.78,117.75,21.56,25.4,103.25,93.716,-48.3,78.97,103.74964904785156,2016-02-01,155.7552063496484,1.9329975470501772,3.736479516902002
2016-02-16,24.84,1895.58,125.77,21.54,24.11,94.2,86.8243,-46.9,71.53,103.74964904785156,2016-02-01,155.7552063496484,1.6381776635361385,2.6836260573087216
2016-02-17,24.53,1926.82,124.99,20.93,22.31,88.96,84.7863,-47.4,69.47,103.74964904785156,2016-02-01,155.7552063496484,1.634611531802933,2.6719548599031313
2016-02-18,26.37,1917.83,125.33,20.99,21.64,87.53,86.1223,-44.8,67.49,103.74964904785156,2016-02-01,155.7552063496484,-0.46766370852842465,0.21870934427455932
2016-02-19,24.88,1917.78,123.61,20.6,20.53,86.25,90.099,-37.0,62.46,103.74964904785156,2016-02-01,155.7552063496484,-0.002607147233575974,6.797216697542854e-06
2016-02-22,23.31,1945.5,117.46,21.11,19.38,86.19,85.1456,-33.7,62.84,103.74964904785156,2016-02-01,155.7552063496484,1.4350746375528582,2.0594392153474677
2016-02-23,23.69,1921.27,119.67,20.38,20.98,89.67,83.9756,-35.9,65.03,103.74964904785156,2016-02-01,155.7552063496484,-1.2532587736590248,1.5706575537533227
2016-02-24,24.24,1929.8,119.46,19.76,20.72,86.74,85.0912,-38.6,66.09,103.74964904785156,2016-02-01,155.7552063496484,0.4429944898265448,0.19624411801668074
2016-02-25,23.36,1951.7,122.02,19.61,19.11,83.51,84.4408,-30.7,63.74,103.74964904785156,2016-02-01,155.7552063496484,1.1284417050872817,1.2733806817802917
2016-02-26,21.67,1948.05,118.65,19.25,19.81,83.72,82.5424,-21.4,59.96,103.74964904785156,2016-02-01,155.7552063496484,-0.18719154129472615,0.03504067313229516
2016-02-29,22.59,1932.23,117.68,19.45,20.55,85.06,83.3856,-19.4,60.01,103.74964904785156,2016-02-01,155.7552063496484,-0.8154095918303473,0.6648928024489337
2016-03-01,21.97,1978.35,119.81,19.76,17.7,79.45,84.2161,-12.7,56.84,109.72029113769533,2016-03-01,166.14847903420846,2.3588387634097945,5.564120311764649
2016-03-02,22.0,1986.45,122.35,19.81,17.09,78.84,83.6548,-10.1,53.37,109.72029113769533,2016-03-01,166.14847903420846,0.4085962101079654,0.16695086291459257
2016-03-03,23.51,1993.4,125.27,18.8,16.7,79.41,81.7159,-12.3,52.57,109.72029113769533,2016-03-01,166.14847903420846,0.34925974922729325,0.12198237243031176
2016-03-04,22.31,1999.99,121.65,18.73,16.86,81.97,78.01,-12.9,51.89,109.72029113769533,2016-03-01,166.14847903420846,0.33004569962263436,0.10893016383939419
2016-03-07,22.08,2001.76,124.01,18.73,17.35,82.3,77.8254,-11.8,52.8,109.72029113769533,2016-03-01,166.14847903420846,0.08846130395075827,0.00782540229666844
2016-03-08,23.07,1979.26,123.53,17.92,18.67,87.46,80.7152,-13.0,54.04,109.72029113769533,2016-03-01,166.14847903420846,-1.130375611146468,1.277749022274751
2016-03-09,22.31,1989.26,123.47,17.37,18.34,92.86,80.3559,-12.8,51.74,109.72029113769533,2016-03-01,166.14847903420846,0.5039672807617217,0.25398302007836404
2016-03-10,23.14,1989.57,130.04,17.37,18.05,94.77,80.8503,-9.8,51.98,109.72029113769533,2016-03-01,166.14847903420846,0.015582470255186083,0.00024281337925375905
2016-03-11,21.9,2022.19,128.99,18.21,16.5,92.35,81.4223,-9.3,50.25,109.72029113769533,2016-03-01,166.14847903420846,1.62625475679903,2.6447045340114723
2016-03-14,21.14,2019.64,133.3,17.68,16.92,89.74,79.1166,-7.5,50.17,109.72029113769533,2016-03-01,166.14847903420846,-0.12618048449994732,0.015921514668641445
2016-03-15,19.7,2015.93,132.45,16.38,16.84,90.34,78.4721,-5.1,48.98,109.72029113769533,2016-03-01,166.14847903420846,-0.18386503245784805,0.033806350160725515
2016-03-16,20.03,2027.22,125.42,15.51,14.99,84.37,74.1591,-3.4,43.98,109.72029113769533,2016-03-01,166.14847903420846,0.55847689767839,0.31189644524047894
2016-03-17,18.99,2040.59,126.65,14.56,14.44,84.71,72.4143,-0.3,46.22,109.72029113769533,2016-03-01,166.14847903420846,0.657358536675143,0.4321202457396853
2016-03-18,18.15,2049.58,126.75,14.53,14.02,86.2,71.2631,-0.2,44.98,109.72029113769533,2016-03-01,166.14847903420846,0.4395912383556867,0.19324045683908617
2016-03-21,17.4,2051.6,129.35,14.53,13.79,87.78,70.8269,-2.9,45.09,109.72029113769533,2016-03-01,166.14847903420846,0.09850824218144216,0.00970387377767766
2016-03-22,17.62,2049.8,130.99,13.67,14.17,85.04,71.122,-4.1,44.12,109.72029113769533,2016-03-01,166.14847903420846,-0.08777491176506626,0.007704435135365167
2016-03-23,18.0,2036.71,129.67,13.18,14.94,86.06,71.0806,-3.7,44.58,109.72029113769533,2016-03-01,166.14847903420846,-0.6406466530530142,0.4104281340680291
2016-03-24,18.09,2035.94,119.02,13.09,14.74,84.2,72.6776,-10.7,44.96,109.72029113769533,2016-03-01,166.14847903420846,-0.03781321788883433,0.0014298394471084605
2016-03-28,17.53,2037.05,127.74,12.46,15.24,83.29,74.692,-4.9,45.98,109.72029113769533,2016-03-01,166.14847903420846,0.054505413835056776,0.002970840137330799
2016-03-29,19.52,2055.01,132.61,12.82,13.82,81.39,72.6564,-3.8,46.63,109.72029113769533,2016-03-01,166.14847903420846,0.8778031272149313,0.7705383301483127
2016-03-30,18.58,2063.95,128.67,12.49,13.56,80.33,70.5431,-3.4,46.38,109.72029113769533,2016-03-01,166.14847903420846,0.43409084032825307,0.1884348576568889
2016-03-31,18.45,2059.74,122.03,9.07,13.95,82.94,68.8027,-5.2,45.91,109.72029113769533,2016-03-01,166.14847903420846,-0.2041861276038347,0.04169197470584947
2016-04-01,18.04,2072.78,124.03,9.25,13.1,81.57,66.997,-4.4,47.76,85.22145080566406,2016-04-01,144.54199229939485,0.6310940191309253,0.39827966098282475
2016-04-04,17.95,2066.13,125.23,9.24,14.12,84.43,65.3606,-6.1,50.89,85.22145080566406,2016-04-01,144.54199229939485,-0.32134091933979764,0.10325998644214633
2016-04-05,18.16,2045.17,120.27,9.8,15.42,89.11,68.3119,-6.7,50.16,85.22145080566406,2016-04-01,144.54199229939485,-1.0196376617517549,1.039660961262586
2016-04-06,17.82,2066.66,125.06,10.42,14.09,85.59,69.708,-7.6,46.16,85.22145080566406,2016-04-01,144.54199229939485,1.0452861947236771,1.0926232288799052
2016-04-07,19.32,2041.91,125.13,10.55,16.16,92.74,71.0948,-6.6,46.5,85.22145080566406,2016-04-01,144.54199229939485,-1.2048133236940892,1.4515751449507983
2016-04-08,18.74,2047.6,113.84,10.45,15.36,89.73,70.8799,-6.0,47.42,85.22145080566406,2016-04-01,144.54199229939485,0.2782731266950438,0.07743593304063588
2016-04-11,19.58,2041.99,119.13,10.49,16.26,92.81,69.7667,-3.5,49.04,85.22145080566406,2016-04-01,144.54199229939485,-0.27435530304558237,0.07527083230923334
2016-04-12,19.09,2061.72,126.17,9.54,14.85,89.78,68.7767,-3.8,48.78,85.22145080566406,2016-04-01,144.54199229939485,0.9615763308903494,0.9246290401285467
2016-04-13,17.96,2082.42,127.13,10.12,13.84,87.89,67.485,-4.8,48.79,85.22145080566406,2016-04-01,144.54199229939485,0.9990093075086406,0.9980195964888936
2016-04-14,17.83,2082.78,126.23,10.11,13.72,87.92,67.52,-8.2,46.37,85.22145080566406,2016-04-01,144.54199229939485,0.017286084744860798,0.0002988087258065092
2016-04-15,17.41,2080.73,123.1,9.92,13.62,90.27,66.4853,-12.2,51.27,85.22145080566406,2016-04-01,144.54199229939485,-0.09847461231804666,0.009697249271189588
2016-04-18,17.3,2094.34,120.55,9.96,13.35,86.57,66.3398,-9.3,46.45,85.22145080566406,2016-04-01,144.54199229939485,0.6519674261282988,0.4250615247323588
2016-04-19,17.42,2100.8,126.19,9.92,13.24,86.98,66.4398,-21.9,43.93,85.22145080566406,2016-04-01,144.54199229939485,0.307975662601835,0.09484900875503932
2016-04-20,16.69,2102.4,126.2,9.91,13.28,87.97,67.7689,-21.8,43.67,85.22145080566406,2016-04-01,144.54199229939485,0.07613247417596009,0.005796153624153229
2016-04-21,17.9,2091.48,127.06,10.08,13.95,87.07,68.5982,-22.5,43.76,85.22145080566406,2016-04-01,144.54199229939485,-0.5207599968700849,0.27119097434013084
2016-04-22,17.21,2091.58,123.25,9.82,13.22,84.1,67.7807,-25.1,41.97,85.22145080566406,2016-04-01,144.54199229939485,0.004781188891334172,2.285976721461729e-05
2016-04-25,17.66,2087.79,126.78,9.83,14.08,85.77,67.8852,-25.1,44.24,85.22145080566406,2016-04-01,144.54199229939485,-0.18136709785938732,0.03289402418593657
2016-04-26,17.43,2091.7,127.4,9.85,13.96,84.51,67.1531,-28.0,43.51,85.22145080566406,2016-04-01,144.54199229939485,0.18710422279640287,0.03500799018824596
2016-04-27,16.43,2095.15,126.09,9.36,13.77,83.1,64.7405,-27.8,43.64,85.22145080566406,2016-04-01,144.54199229939485,0.16480173786207936,0.02715961280236152
2016-04-28,17.9,2075.81,125.44,9.76,15.22,87.36,64.6443,-29.8,42.84,85.22145080566406,2016-04-01,144.54199229939485,-0.9273710899120031,0.8600171384045766
2016-04-29,20.23,2065.3,126.49,9.9,15.7,91.68,64.921,-31.2,42.52,85.22145080566406,2016-04-01,144.54199229939485,-0.5075944645770556,0.25765214046926777
2016-05-02,19.29,2081.43,127.67,10.01,14.68,89.49,64.6808,-31.7,45.15,88.3324203491211,2016-05-01,132.77184118244432,0.7779663181895582,0.6052315922374168
2016-05-03,18.7,2063.37,125.94,10.39,15.6,91.66,68.4133,-31.4,45.78,88.3324203491211,2016-05-01,132.77184118244432,-0.8714589025124733,0.7594406187682444
2016-05-04,19.47,2051.12,124.31,10.03,16.05,91.86,68.1193,-28.4,44.76,88.3324203491211,2016-05-01,132.77184118244432,-0.5954583044667261,0.3545705923583883
2016-05-05,18.46,2050.63,123.74,9.37,15.91,91.58,68.6674,-30.7,44.82,88.3324203491211,2016-05-01,132.77184118244432,-0.023892241230235655,0.0005708391910037725
2016-05-06,18.65,2057.14,120.82,8.49,14.72,88.86,65.1538,-36.7,42.47,88.3324203491211,2016-05-01,132.77184118244432,0.31696056255198524,0.10046399821327094
2016-05-09,18.65,2058.69,123.17,8.44,14.57,86.42,64.119,-37.1,44.14,88.3324203491211,2016-05-01,132.77184118244432,0.07531895502368041,0.005672944985859193
2016-05-10,18.04,2084.39,124.1,9.43,13.63,85.92,63.9664,-34.6,42.28,88.3324203491211,2016-05-01,132.77184118244432,1.2406388310731433,1.5391847091665354
2016-05-11,18.35,2064.46,122.19,9.44,14.69,91.53,63.8888,-34.6,42.02,88.3324203491211,2016-05-01,132.77184118244432,-0.9607555492817648,0.9230512254757055
2016-05-12,17.84,2064.11,123.52,8.8,14.41,91.25,63.9185,-38.5,41.5,88.3324203491211,2016-05-01,132.77184118244432,-0.016955023208444768,0.0002874728119989007
2016-05-13,18.29,2046.61,121.46,9.33,15.04,94.0,64.066,-33.0,41.57,88.3324203491211,2016-05-01,132.77184118244432,-0.8514374961630291,0.7249458098723682
2016-05-16,18.49,2066.66,124.13,9.93,14.68,90.61,66.9396,-36.2,42.03,88.3324203491211,2016-05-01,132.77184118244432,0.9749011760057352,0.9504323029773656
2016-05-17,18.17,2047.21,122.96,10.2,15.57,91.76,67.1195,-30.6,42.75,88.3324203491211,2016-05-01,132.77184118244432,-0.9455886999175739,0.8941379894118076
2016-05-18,18.2,2047.63,122.22,10.15,15.95,89.99,69.8479,-31.7,42.87,88.3324203491211,2016-05-01,132.77184118244432,0.020513622093808807,0.0004208086914076008
2016-05-19,17.85,2040.04,123.66,10.21,16.33,90.46,70.5554,-30.6,42.4,88.3324203491211,2016-05-01,132.77184118244432,-0.37136112860127357,0.13790908783601163
2016-05-20,17.0,2052.32,125.61,10.24,15.2,85.46,68.5137,-30.8,40.17,88.3324203491211,2016-05-01,132.77184118244432,0.6001445062372706,0.3601734283667773
2016-05-23,16.8,2048.04,124.74,10.25,15.82,84.12,67.7843,-32.8,39.44,88.3324203491211,2016-05-01,132.77184118244432,-0.20876223328746188,0.043581670047168654
2016-05-24,16.66,2076.06,124.74,11.19,14.42,79.48,69.4106,-22.0,38.02,88.3324203491211,2016-05-01,132.77184118244432,1.3588628383570183,1.846508213467692
2016-05-25,15.98,2090.54,127.13,11.42,13.9,78.54,67.5364,-23.3,35.94,88.3324203491211,2016-05-01,132.77184118244432,0.695053918975373,0.48309995028302444
2016-05-26,15.29,2090.1,129.28,11.4,13.43,77.48,66.1539,-20.4,36.56,88.3324203491211,2016-05-01,132.77184118244432,-0.021049408780701166,0.0004430776100170593
2016-05-27,15.39,2099.06,129.61,11.04,13.12,76.17,66.7644,-22.8,35.97,88.3324203491211,2016-05-01,132.77184118244432,0.42777137484011474,0.18298834913260195
2016-05-31,15.83,2096.96,127.7,10.89,14.19,79.43,67.9149,-18.6,38.08,88.3324203491211,2016-05-01,132.77184118244432,-0.10009486014519232,0.01001898102748561
2016-06-01,15.92,2099.33,132.46,10.55,14.2,78.93,68.7501,-17.1,40.0,90.16812896728516,2016-06-01,243.32598122316008,0.11295693348150855,0.012759268821545948
2016-06-02,16.05,2105.26,134.15,10.15,13.63,79.54,69.5592,-16.4,36.64,90.16812896728516,2016-06-01,243.32598122316008,0.28207287425610056,0.07956510639109791
2016-06-03,17.45,2099.13,125.04,9.99,13.47,79.08,67.5923,-25.4,34.81,90.16812896728516,2016-06-01,243.32598122316008,-0.2916001771314822,0.08503066330311178
2016-06-06,17.76,2109.41,125.57,10.15,13.65,80.71,66.269,-24.9,35.61,90.16812896728516,2016-06-01,243.32598122316008,0.4885314358638568,0.23866296382720162
2016-06-08,18.76,2119.12,129.23,10.15,14.08,86.61,67.9187,-24.4,35.17,90.16812896728516,2016-06-01,243.32598122316008,0.4592620635100263,0.21092164297948743
2016-06-10,20.52,2096.07,133.67,9.15,17.03,103.78,75.0982,-23.0,39.95,90.16812896728516,2016-06-01,243.32598122316008,-1.0936745321099757,1.1961239821859742
2016-06-13,21.11,2079.06,137.49,9.57,20.97,124.56,79.5662,-22.9,42.72,90.16812896728516,2016-06-01,243.32598122316008,-0.8148294359401812,0.6639470096745939
2016-06-14,20.63,2075.32,138.02,9.07,20.5,116.44,79.1012,-22.3,43.07,90.16812896728516,2016-06-01,243.32598122316008,-0.180050982836035,0.032418356420222165
2016-06-15,20.68,2071.5,140.91,8.42,20.14,114.23,78.6673,-22.9,42.58,90.16812896728516,2016-06-01,243.32598122316008,-0.18423761246134854,0.03394349784545805
2016-06-16,21.95,2077.99,142.5,7.79,19.37,115.47,83.544,-21.6,44.49,90.16812896728516,2016-06-01,243.32598122316008,0.3128097810598873,0.09784995912673464
2016-06-17,22.52,2071.22,137.94,7.9,19.41,115.72,82.5806,-19.9,41.35,90.16812896728516,2016-06-01,243.32598122316008,-0.32632746994190637,0.10648961763868581
2016-06-20,21.01,2083.25,137.81,8.1,18.37,112.4,77.3208,-17.2,38.99,90.16812896728516,2016-06-01,243.32598122316008,0.5791368633679743,0.33539950651169576
2016-06-21,20.65,2088.9,135.92,7.9,18.48,113.46,76.964,-16.0,40.37,90.16812896728516,2016-06-01,243.32598122316008,0.2708437354294545,0.07335632902138035
2016-06-22,22.25,2085.45,136.48,7.9,21.17,122.94,79.52,-16.0,43.25,90.16812896728516,2016-06-01,243.32598122316008,-0.1652952332948847,0.027322514150010364
2016-06-23,20.1,2113.32,145.7,7.89,17.25,104.71,74.0447,-19.0,40.1,90.16812896728516,2016-06-01,243.32598122316008,1.3275511311332404,1.7623920057731461
2016-06-24,22.2,2037.41,142.92,14.78,25.76,125.13,77.9402,-23.8,43.33,90.16812896728516,2016-06-01,243.32598122316008,-3.6580777234719344,13.38153263096161
2016-06-27,22.52,2000.54,136.43,16.01,23.85,115.6,81.5678,-23.3,42.85,90.16812896728516,2016-06-01,243.32598122316008,-1.826224926163297,3.3350974809401395
2016-06-28,20.18,2036.09,153.66,17.07,18.75,108.0,78.6739,-20.5,40.18,90.16812896728516,2016-06-01,243.32598122316008,1.76141579169895,3.1025855912464384
2016-06-29,19.26,2070.77,136.46,18.04,16.64,98.6,71.8031,-20.1,38.29,90.16812896728516,2016-06-01,243.32598122316008,1.6889216752452152,2.852456425113104
2016-06-30,18.5,2098.86,140.58,18.65,15.63,94.23,72.6386,-19.8,38.09,90.16812896728516,2016-06-01,243.32598122316008,1.3473821400287618,1.8154386312684858
2016-07-01,18.43,2102.95,128.53,18.63,14.77,91.7,74.3476,-14.3,36.18,114.6104507446289,2016-07-01,236.51243614770587,0.19467806929598444,0.03789955066481212
2016-07-05,20.09,2088.55,125.35,18.75,15.58,91.85,78.1189,-13.4,40.08,114.6104507446289,2016-07-01,236.51243614770587,-0.6871075583428663,0.47211679673189544
2016-07-06,21.18,2099.73,123.14,18.77,14.96,89.24,76.0937,-7.1,41.43,114.6104507446289,2016-07-01,236.51243614770587,0.5338719739026071,0.285019284518666
2016-07-07,20.55,2097.9,124.72,18.77,14.76,89.5,76.7253,-3.1,43.24,114.6104507446289,2016-07-01,236.51243614770587,-0.08719206389974177,0.007602456007096652
2016-07-08,18.79,2129.9,127.2,19.44,13.2,84.72,72.3051,5.3,41.41,114.6104507446289,2016-07-01,236.51243614770587,1.5138185866623861,2.2916467133245044
2016-07-11,18.93,2137.16,125.03,19.47,13.54,84.78,69.7813,9.6,42.51,114.6104507446289,2016-07-01,236.51243614770587,0.3402814586803249,0.11579147112160966
2016-07-12,17.94,2152.14,126.1,19.37,13.55,84.98,71.4307,11.5,39.67,114.6104507446289,2016-07-01,236.51243614770587,0.6984851096364438,0.48788144838383496
2016-07-13,17.61,2152.43,127.29,19.16,13.04,84.18,71.6458,13.0,43.1,114.6104507446289,2016-07-01,236.51243614770587,0.013474052016275426,0.00018155007773729587
2016-07-14,17.15,2163.75,128.28,19.24,12.82,86.03,73.5649,15.4,38.3,114.6104507446289,2016-07-01,236.51243614770587,0.5245391042533613,0.2751412718909186
2016-07-15,16.91,2161.74,129.76,19.23,12.67,89.04,74.7729,21.9,36.66,114.6104507446289,2016-07-01,236.51243614770587,-0.09293745423876834,0.008637370400383159
2016-07-18,16.96,2166.89,125.38,19.23,12.44,87.2,72.9246,25.1,38.15,114.6104507446289,2016-07-01,236.51243614770587,0.23795068786033224,0.056620529853205266
2016-07-19,16.71,2163.78,129.92,19.19,11.97,89.03,70.5273,27.9,37.2,114.6104507446289,2016-07-01,236.51243614770587,-0.14362676143070066,0.020628646599071404
2016-07-20,17.21,2173.02,128.49,19.12,11.77,87.09,70.6421,28.6,37.02,114.6104507446289,2016-07-01,236.51243614770587,0.4261212867370133,0.18157935101040792
2016-07-21,17.77,2165.17,128.01,19.15,12.74,92.84,71.8596,32.8,38.13,114.6104507446289,2016-07-01,236.51243614770587,-0.36190247858399655,0.13097340400524007
2016-07-22,17.61,2175.03,128.36,19.2,12.02,89.51,69.908,36.7,38.85,114.6104507446289,2016-07-01,236.51243614770587,0.45435772372509076,0.2064409411086459
2016-07-25,17.74,2168.48,129.65,18.68,12.87,91.95,68.7472,38.6,40.97,114.6104507446289,2016-07-01,236.51243614770587,-0.3015996263403,0.0909623346086086
2016-07-26,17.45,2169.18,130.02,13.69,13.05,91.44,68.7587,43.1,41.27,114.6104507446289,2016-07-01,236.51243614770587,0.03227546677593284,0.0010417057556043447
2016-07-27,16.93,2166.58,125.68,12.23,12.83,91.23,66.6415,37.2,41.6,114.6104507446289,2016-07-01,236.51243614770587,-0.11993285198676762,0.01438388898567991
2016-07-28,16.31,2170.06,128.51,10.62,12.72,89.81,66.6729,36.5,42.93,114.6104507446289,2016-07-01,236.51243614770587,0.16049295062452704,0.025757987200166872
2016-07-29,15.8,2173.6,128.25,8.88,11.87,90.84,64.1468,16.3,41.08,114.6104507446289,2016-07-01,236.51243614770587,0.16299621902952421,0.02656776741792063
2016-08-01,16.28,2170.84,128.01,7.5,12.44,90.68,63.6696,13.8,44.22,98.73848724365234,2016-08-01,143.46395080193295,-0.12705897060663313,0.01614398201161726
2016-08-02,16.45,2157.03,129.25,7.78,13.37,93.89,67.8455,15.8,45.7,98.73848724365234,2016-08-01,143.46395080193295,-0.6381913907791874,0.4072882512646735
2016-08-03,16.18,2163.79,129.99,7.48,12.86,88.59,67.7936,16.1,44.64,98.73848724365234,2016-08-01,143.46395080193295,0.31290382452996857,0.09790880340548136
2016-08-04,16.06,2164.25,127.06,7.2,12.42,88.14,67.104,17.8,43.1,98.73848724365234,2016-08-01,143.46395080193295,0.02125673523035767,0.0004518487926535289
2016-08-05,15.6,2182.87,130.6,7.73,11.39,85.23,66.5854,20.9,41.5,98.73848724365234,2016-08-01,143.46395080193295,0.8566643604324631,0.733873826435161
2016-08-08,15.49,2180.89,132.94,5.76,11.5,84.5,65.5025,19.1,41.14,98.73848724365234,2016-08-01,143.46395080193295,-0.09074743505047164,0.00823509696823957
2016-08-09,14.41,2181.74,135.56,5.63,11.66,86.65,64.3033,19.0,39.76,98.73848724365234,2016-08-01,143.46395080193295,0.03896732066463202,0.001518452079780258
2016-08-10,14.89,2175.49,133.25,5.14,12.05,89.4,63.3392,17.4,39.32,98.73848724365234,2016-08-01,143.46395080193295,-0.28687970506289256,0.08229996517697223
2016-08-11,15.37,2185.79,131.28,5.38,11.68,97.36,65.2893,16.8,39.29,98.73848724365234,2016-08-01,143.46395080193295,0.47233927423996336,0.2231043899895353
2016-08-12,15.01,2184.05,132.13,5.07,11.55,94.49,64.3692,10.9,37.78,98.73848724365234,2016-08-01,143.46395080193295,-0.07963678724891166,0.006342017883328418
2016-08-15,14.67,2190.15,134.45,5.17,11.81,91.67,63.7693,7.7,37.28,98.73848724365234,2016-08-01,143.46395080193295,0.2789083240051626,0.07778985319936875
2016-08-16,16.13,2178.15,132.27,5.41,12.64,91.86,63.6712,6.0,37.45,98.73848724365234,2016-08-01,143.46395080193295,-0.5494141970826596,0.3018559599559835
2016-08-17,15.83,2182.22,136.71,5.41,12.19,84.84,63.5403,5.4,35.12,98.73848724365234,2016-08-01,143.46395080193295,0.18668145969237696,0.03484996739287656
2016-08-18,14.97,2187.02,134.87,5.28,11.43,82.83,63.6508,5.3,36.75,98.73848724365234,2016-08-01,143.46395080193295,0.21971793405895895,0.04827597054713703
2016-08-19,15.35,2183.87,136.58,5.13,11.34,82.44,64.8151,4.6,34.88,98.73848724365234,2016-08-01,143.46395080193295,-0.14413542987100583,0.02077502214409964
2016-08-22,15.82,2182.64,135.2,4.91,12.27,83.13,67.8711,1.9,36.41,98.73848724365234,2016-08-01,143.46395080193295,-0.05633790063612297,0.003173959048085665
2016-08-23,15.62,2186.9,131.79,4.88,12.38,83.45,66.6166,10.1,37.53,98.73848724365234,2016-08-01,143.46395080193295,0.19498626169790065,0.0380196422509222
2016-08-24,16.89,2175.44,130.43,5.16,13.45,85.37,66.5089,10.2,37.46,98.73848724365234,2016-08-01,143.46395080193295,-0.5254072980571481,0.2760528288517129
2016-08-25,16.73,2172.47,131.06,5.17,13.63,85.43,69.3552,12.2,36.76,98.73848724365234,2016-08-01,143.46395080193295,-0.13661738453380295,0.018664309756856984
2016-08-26,16.17,2169.04,132.4,5.2,13.65,88.62,71.2373,11.1,36.05,98.73848724365234,2016-08-01,143.46395080193295,-0.15800957333464785,0.024967025265397458
2016-08-29,15.95,2180.38,131.3,5.49,12.94,85.83,68.6079,10.6,36.72,98.73848724365234,2016-08-01,143.46395080193295,0.5214500184160159,0.2719101217060633
2016-08-30,15.99,2176.12,136.14,5.52,13.12,84.44,69.1142,12.1,38.03,98.73848724365234,2016-08-01,143.46395080193295,-0.19556990050680498,0.0382475859842416
2016-08-31,16.01,2170.95,129.25,5.2,13.42,84.87,69.0806,13.5,39.5,98.73848724365234,2016-08-01,143.46395080193295,-0.23786147623904053,0.05657808187861564
2016-09-01,16.25,2170.86,129.83,5.11,13.48,84.9,70.2452,4.8,41.22,104.54522705078124,2016-09-01,149.02660726116315,-0.004145736456113778,1.718713076355083e-05
2016-09-02,14.58,2179.98,128.4,5.34,11.98,81.35,66.4643,0.6,38.64,104.54522705078124,2016-09-01,149.02660726116315,0.41923000419618495,0.17575379641833325
2016-09-06,15.6,2186.48,131.16,4.64,12.02,82.14,63.4574,-7.0,39.85,104.54522705078124,2016-09-01,149.02660726116315,0.29772423433708,0.08863971971160053
2016-09-07,15.0,2186.16,130.94,4.64,11.94,83.08,64.067,-5.7,38.63,104.54522705078124,2016-09-01,149.02660726116315,-0.014636466783063686,0.00021422615989172663
2016-09-08,14.97,2181.3,129.74,4.71,12.51,85.57,65.952,-4.8,38.21,104.54522705078124,2016-09-01,149.02660726116315,-0.22255507805430697,0.04953076276775867
2016-09-09,15.49,2127.81,125.25,9.68,17.5,110.02,69.1197,-4.9,39.72,104.54522705078124,2016-09-01,149.02660726116315,-2.4827747563078315,6.164170490559412
2016-09-12,15.2,2159.04,134.18,10.79,15.16,99.53,68.9051,-4.9,39.16,104.54522705078124,2016-09-01,149.02660726116315,1.4570396678017972,2.1229645935479713
2016-09-13,15.78,2127.02,131.56,11.97,17.85,110.02,70.604,-5.8,41.1,104.54522705078124,2016-09-01,149.02660726116315,-1.4941739368126836,2.2325557534503133
2016-09-14,15.32,2125.77,127.4,11.93,18.14,113.15,69.226,-6.0,42.47,104.54522705078124,2016-09-01,149.02660726116315,-0.058784940521235896,0.003455669232085242
2016-09-15,15.07,2147.26,130.57,12.28,16.3,109.27,69.1296,-9.5,40.9,104.54522705078124,2016-09-01,149.02660726116315,1.0058521089340136,1.0117384650470027
2016-09-16,14.78,2139.16,125.25,12.35,15.37,102.59,69.2109,-3.0,39.86,104.54522705078124,2016-09-01,149.02660726116315,-0.37793821611113665,0.14283729519726823
2016-09-19,15.68,2139.12,125.81,12.32,15.53,101.58,69.2268,3.3,39.66,104.54522705078124,2016-09-01,149.02660726116315,-0.001869910337847447,3.4965646715887535e-06
2016-09-20,15.69,2139.76,126.85,12.31,15.92,101.98,69.2268,-1.7,40.99,104.54522705078124,2016-09-01,149.02660726116315,0.02991437033863788,0.0008948695527571779
2016-09-21,14.69,2163.12,122.13,12.9,13.3,92.59,63.7282,-1.4,39.85,104.54522705078124,2016-09-01,149.02660726116315,1.0857950722306076,1.1789509388802704
2016-09-22,13.73,2177.18,124.29,13.06,12.02,89.22,61.1808,-5.9,41.57,104.54522705078124,2016-09-01,149.02660726116315,0.6478837490987623,0.41975335234626804
2016-09-23,13.93,2164.69,125.13,13.08,12.29,90.4,59.7525,-4.4,43.89,104.54522705078124,2016-09-01,149.02660726116315,-0.5753297289882613,0.3310042970577062
2016-09-26,14.98,2146.1,121.72,13.39,14.5,96.24,58.8544,-5.4,44.9,104.54522705078124,2016-09-01,149.02660726116315,-0.8624922689932855,0.7438929140731859
2016-09-27,14.53,2159.93,123.74,13.55,13.1,88.94,59.234,-5.2,43.88,104.54522705078124,2016-09-01,149.02660726116315,0.6423572318235906,0.41262281327606615
2016-09-28,13.98,2171.37,126.85,13.53,12.39,87.55,57.6154,-5.1,45.24,104.54522705078124,2016-09-01,149.02660726116315,0.5282490985375705,0.2790471101057559
2016-09-29,13.86,2151.13,122.67,13.89,14.02,93.78,58.845,-3.4,42.05,104.54522705078124,2016-09-01,149.02660726116315,-0.9365019283515956,0.8770358618062571
2016-09-30,13.88,2168.27,124.58,14.11,13.29,91.42,60.556,-5.1,39.31,104.54522705078124,2016-09-01,149.02660726116315,0.7936329103087052,0.6298531963250653
2016-10-03,14.16,2161.2,122.86,14.15,13.57,91.51,60.4308,-5.6,38.04,85.74778747558594,2016-10-01,134.09464834690343,-0.3265991580707919,0.1066670100525501
2016-10-04,15.8,2150.49,119.67,14.16,13.63,89.94,62.0787,-6.9,37.66,85.74778747558594,2016-10-01,134.09464834690343,-0.49678998383077577,0.24680028803458245
2016-10-05,15.21,2159.73,121.54,14.18,12.99,89.88,62.5694,0.8,36.65,85.74778747558594,2016-10-01,134.09464834690343,0.42874907334568113,0.18382576789478025
2016-10-06,16.05,2160.77,120.48,14.18,12.84,89.86,64.2883,1.8,35.92,85.74778747558594,2016-10-01,134.09464834690343,0.04814257702057039,0.0023177077221815524
2016-10-07,15.72,2153.74,119.95,14.21,13.48,90.86,62.8398,-2.0,36.6,85.74778747558594,2016-10-01,134.09464834690343,-0.325877386832757,0.10619607124894635
2016-10-12,15.61,2139.18,122.34,9.95,15.91,102.02,63.9548,-7.8,39.05,85.74778747558594,2016-10-01,134.09464834690343,-0.6783287752417942,0.46012992732103264
2016-10-14,15.14,2132.98,121.86,9.4,16.12,101.01,64.9764,-7.6,35.55,85.74778747558594,2016-10-01,134.09464834690343,-0.2902515052201211,0.084245936282546
2016-10-17,15.23,2126.5,124.08,9.36,16.21,99.34,64.4162,-9.7,34.88,85.74778747558594,2016-10-01,134.09464834690343,-0.3042627268630379,0.09257580695813161
2016-10-18,14.73,2139.6,122.76,9.59,15.28,96.87,63.1833,-16.7,36.37,85.74778747558594,2016-10-01,134.09464834690343,0.6141459963406811,0.3771753048212879
2016-10-19,14.59,2144.29,122.56,9.62,14.41,93.9,61.6413,-23.6,32.72,85.74778747558594,2016-10-01,134.09464834690343,0.21895995806570281,0.04794346323613433
2016-10-20,14.68,2141.34,123.91,8.82,13.75,89.72,59.6172,-23.8,32.48,85.74778747558594,2016-10-01,134.09464834690343,-0.13766939590792354,0.018952862569652597
2016-10-21,14.55,2141.16,123.0,8.57,13.34,87.34,57.0892,-23.0,32.51,85.74778747558594,2016-10-01,134.09464834690343,-0.008406304733510688,7.066595927264419e-05
2016-10-25,14.55,2143.16,122.83,8.06,13.46,86.23,57.4141,-13.1,33.93,85.74778747558594,2016-10-01,134.09464834690343,0.09336371444148381,0.008716783174310933
2016-10-26,14.48,2139.43,123.31,7.8,14.24,86.9,59.5122,-10.9,35.39,85.74778747558594,2016-10-01,134.09464834690343,-0.17419369788728073,0.03034344438364523
2016-10-28,16.62,2126.41,126.35,7.06,16.19,99.44,64.375,-9.1,37.76,85.74778747558594,2016-10-01,134.09464834690343,-0.6104326664908816,0.37262804031916785
2016-10-31,18.13,2126.15,126.12,6.53,17.06,102.82,65.465,-8.1,40.96,85.74778747558594,2016-10-01,134.09464834690343,-0.01222792860412358,0.00014952223794754364
2016-11-01,19.02,2111.72,124.46,6.87,18.56,108.26,67.764,-8.3,40.08,82.91875457763672,2016-11-01,251.3069129399952,-0.6810051166296054,0.46376796887570243
2016-11-02,19.32,2097.94,126.15,7.05,19.32,112.39,69.2476,-10.0,40.86,82.91875457763672,2016-11-01,251.3069129399952,-0.654687039773644,0.42861512004757685
2016-11-03,19.98,2088.66,141.18,7.08,22.08,120.24,72.5734,-13.1,41.49,82.91875457763672,2016-11-01,251.3069129399952,-0.44331988718818316,0.19653252237654345
2016-11-04,20.22,2085.18,133.03,7.1,22.51,120.23,74.6135,-12.9,43.69,82.91875457763672,2016-11-01,251.3069129399952,-0.1667529568162566,0.027806548606964337
2016-11-08,17.93,2139.56,135.6,10.26,18.74,108.67,68.4678,-9.8,43.56,82.91875457763672,2016-11-01,251.3069129399952,2.5745017957293883,6.6280594962138455
2016-11-09,16.68,2163.26,134.61,10.04,14.38,96.14,76.3282,-9.0,41.25,82.91875457763672,2016-11-01,251.3069129399952,1.1016142751234133,1.2135540111556833
2016-11-10,18.52,2167.48,127.0,10.06,14.74,102.67,82.5707,-7.9,42.44,82.91875457763672,2016-11-01,251.3069129399952,0.1948859241445184,0.03798052342966299
2016-11-14,20.5,2164.2,122.71,10.02,14.48,98.22,89.2178,-6.3,50.17,82.91875457763672,2016-11-01,251.3069129399952,-0.15144242542777892,0.022934808219448377
2016-11-15,16.42,2180.39,119.79,10.29,13.37,91.77,84.1174,-2.2,49.43,82.91875457763672,2016-11-01,251.3069129399952,0.7452981727622617,0.5554693663227661
2016-11-16,15.77,2176.94,123.77,10.1,13.72,92.45,80.1246,-4.4,50.09,82.91875457763672,2016-11-01,251.3069129399952,-0.158353887400465,0.025075953654839146
2016-11-17,17.5,2187.12,123.06,10.21,13.35,87.58,77.5351,8.3,47.37,82.91875457763672,2016-11-01,251.3069129399952,0.46653888648148145,0.21765853259938064
2016-11-18,17.03,2181.9,126.38,10.22,12.85,86.4,81.6473,7.9,46.56,82.91875457763672,2016-11-01,251.3069129399952,-0.2389553027376295,0.05709963670643216
2016-11-21,15.86,2198.18,124.01,10.53,12.42,80.75,80.5793,5.6,45.71,82.91875457763672,2016-11-01,251.3069129399952,0.7433688411606852,0.5525972340085801
2016-11-22,15.43,2202.94,127.98,10.45,12.41,83.4,76.4616,5.8,46.69,82.91875457763672,2016-11-01,251.3069129399952,0.21630866034014737,0.046789436538149244
2016-11-23,18.53,2204.72,125.33,10.39,12.43,82.45,78.6397,8.5,47.54,82.91875457763672,2016-11-01,251.3069129399952,0.0807684847182356,0.006523548123679857
2016-11-25,18.47,2213.35,126.27,10.48,12.34,82.65,79.693,9.3,53.46,82.91875457763672,2016-11-01,251.3069129399952,0.39066882037051287,0.15262212720968804
2016-11-28,17.39,2201.72,125.75,10.59,13.15,86.17,78.7352,11.6,52.56,82.91875457763672,2016-11-01,251.3069129399952,-0.5268331826910543,0.2775532023843858
2016-11-29,17.28,2204.66,128.31,10.54,12.9,86.28,77.3039,16.8,55.09,82.91875457763672,2016-11-01,251.3069129399952,0.13344289127455414,0.017807005231712476
2016-11-30,19.18,2198.81,126.39,10.58,13.33,88.99,80.9553,17.8,44.25,82.91875457763672,2016-11-01,251.3069129399952,-0.2656997068934635,0.07059633424327241
2016-12-01,19.39,2191.08,128.37,10.39,14.07,97.79,86.6292,18.2,40.45,102.1804656982422,2016-12-01,222.3180776266381,-0.3521731974758958,0.12402596102039631
2016-12-02,18.44,2191.95,128.99,10.15,14.12,98.07,82.058,24.7,35.51,102.1804656982422,2016-12-01,222.3180776266381,0.03969856521291979,0.0015759760799644454
2016-12-05,17.56,2204.71,128.35,10.23,12.14,88.88,79.8381,28.7,37.0,102.1804656982422,2016-12-01,222.3180776266381,0.5804422368380822,0.33691319030559624
2016-12-06,17.06,2212.23,130.92,10.28,11.79,88.12,76.5652,30.1,37.11,102.1804656982422,2016-12-01,222.3180776266381,0.34050755798857374,0.11594539704734191
2016-12-07,16.87,2241.35,123.61,8.2,12.22,89.11,73.4412,30.1,36.05,102.1804656982422,2016-12-01,222.3180776266381,1.3077306345682038,1.710159412588157
2016-12-08,16.48,2246.19,119.08,8.13,12.64,91.27,73.1102,29.5,35.03,102.1804656982422,2016-12-01,222.3180776266381,0.21570846729904333,0.046530142864502445
2016-12-09,18.66,2259.53,119.51,7.54,11.75,89.4,75.5479,30.2,35.21,102.1804656982422,2016-12-01,222.3180776266381,0.5921379481215525,0.35062734960560243
2016-12-12,16.97,2256.96,123.28,7.51,12.64,91.87,76.3941,29.7,30.3,102.1804656982422,2016-12-01,222.3180776266381,-0.11380520171109239,0.012951623936502427
2016-12-13,16.17,2271.72,119.34,7.81,12.72,93.32,75.3586,32.6,31.35,102.1804656982422,2016-12-01,222.3180776266381,0.6518478790004478,0.42490565735738245
2016-12-14,18.21,2253.28,125.43,8.32,13.19,96.82,75.8376,27.5,33.97,102.1804656982422,2016-12-01,222.3180776266381,-0.8150321360078533,0.6642773827255238
2016-12-15,17.89,2262.03,129.44,8.01,12.79,93.08,78.6122,37.0,33.58,102.1804656982422,2016-12-01,222.3180776266381,0.38757077378476595,0.15021110469212223
2016-12-16,17.55,2258.07,131.95,8.0,12.2,93.79,78.2199,22.9,29.18,102.1804656982422,2016-12-01,222.3180776266381,-0.17521740727583343,0.030701139812465285
2016-12-19,16.05,2262.53,130.47,7.86,11.71,90.51,75.2435,23.2,29.23,102.1804656982422,2016-12-01,222.3180776266381,0.19731900398514257,0.03893478933368871
2016-12-20,16.69,2270.76,122.09,7.92,11.45,88.26,75.4572,23.3,27.43,102.1804656982422,2016-12-01,222.3180776266381,0.3630921049278551,0.13183587666094054
2016-12-21,15.82,2265.18,124.9,7.56,11.27,87.97,73.971,22.8,28.39,102.1804656982422,2016-12-01,222.3180776266381,-0.24603512457385654,0.060533282524073105
2016-12-22,15.28,2260.96,128.02,7.53,11.43,89.72,74.0548,21.0,30.29,102.1804656982422,2016-12-01,222.3180776266381,-0.18647241237848297,0.03477196057825101
2016-12-23,16.36,2263.79,120.51,7.53,11.44,87.64,72.5726,25.6,29.9,102.1804656982422,2016-12-01,222.3180776266381,0.12508980027710417,0.01564745813336581
2016-12-27,16.68,2268.88,123.65,7.37,11.99,86.37,70.6642,24.5,30.0,102.1804656982422,2016-12-01,222.3180776266381,0.22459178098379176,0.05044146808547149
2016-12-28,16.04,2249.92,122.37,7.52,12.95,89.17,70.7909,24.3,29.91,102.1804656982422,2016-12-01,222.3180776266381,-0.8391657636248402,0.7041991788400611
2016-12-29,15.68,2249.26,124.57,7.51,13.37,88.87,71.2764,23.9,30.01,102.1804656982422,2016-12-01,222.3180776266381,-0.029338679703151363,0.0008607581267241057
2016-12-30,16.23,2238.83,127.26,7.65,14.04,91.6,71.6297,23.3,30.83,102.1804656982422,2016-12-01,222.3180776266381,-0.46478652506068446,0.21602651387798627
2017-01-03,16.26,2257.83,125.79,8.02,12.85,85.37,76.7316,24.7,32.88,105.20123291015624,2017-01-01,265.7630638542896,0.8450767046807911,0.714154636794145
2017-01-04,15.16,2270.75,124.4,8.25,11.85,82.27,76.4077,25.5,32.36,105.20123291015624,2017-01-01,265.7630638542896,0.5705998372356855,0.3255841742533908
2017-01-05,14.98,2269.0,128.21,8.01,11.67,81.33,76.5029,28.9,31.56,105.20123291015624,2017-01-01,265.7630638542896,-0.07709676024811847,0.005943910440755861
2017-01-06,14.55,2276.98,123.67,8.02,11.32,80.59,75.2375,27.0,30.47,105.20123291015624,2017-01-01,265.7630638542896,0.3510797758278467,0.12325700899533111
2017-01-09,14.38,2268.9,122.59,6.8,11.56,83.47,74.8288,28.5,33.73,105.20123291015624,2017-01-01,265.7630638542896,-0.3554871008026604,0.12637107883708082
2017-01-10,14.32,2268.9,121.84,6.75,11.49,86.36,73.2584,39.3,33.61,105.20123291015624,2017-01-01,265.7630638542896,0.0,0.0
2017-01-11,14.96,2275.32,123.06,6.47,11.26,86.72,72.8257,39.8,32.95,105.20123291015624,2017-01-01,265.7630638542896,0.282556930401906,0.07983841891814755
2017-01-12,14.6,2270.44,126.22,6.5,11.54,90.44,73.744,41.5,32.37,105.20123291015624,2017-01-01,265.7630638542896,-0.21470565426564803,0.04609851797363998
2017-01-13,14.63,2274.64,132.32,6.14,11.23,92.9,74.5005,38.0,30.73,105.20123291015624,2017-01-01,265.7630638542896,0.18481528138047063,0.03415668823174253
2017-01-17,15.67,2267.89,131.55,5.53,11.87,92.39,73.939,40.7,31.25,105.20123291015624,2017-01-01,265.7630638542896,-0.29719143156583244,0.08832274699614887
2017-01-18,15.25,2271.89,143.43,5.4,12.48,87.06,73.9423,39.5,31.24,105.20123291015624,2017-01-01,265.7630638542896,0.17622003864136812,0.031053502018765274
2017-01-19,15.11,2263.69,141.03,5.5,12.78,86.84,78.3221,45.2,30.88,105.20123291015624,2017-01-01,265.7630638542896,-0.36158590231882887,0.13074436475572165
2017-01-20,14.38,2271.31,146.33,5.57,11.54,83.63,76.7057,44.6,29.19,105.20123291015624,2017-01-01,265.7630638542896,0.33605323797867037,0.11293177875594887
2017-01-23,15.15,2265.2,137.78,5.5,11.77,84.51,75.5172,43.2,30.79,105.20123291015624,2017-01-01,265.7630638542896,-0.269370229296495,0.0725603204312463
2017-01-24,14.65,2280.07,138.16,5.82,11.07,79.05,75.5299,44.4,29.59,105.20123291015624,2017-01-01,265.7630638542896,0.6543088991933502,0.4281201355636137
2017-01-25,14.47,2298.37,128.8,6.49,10.81,78.66,77.0613,43.5,30.41,105.20123291015624,2017-01-01,265.7630638542896,0.7994031790009635,0.6390454425968465
2017-01-26,14.74,2296.68,129.58,6.5,10.63,79.65,74.6944,35.8,29.59,105.20123291015624,2017-01-01,265.7630638542896,-0.073557418361088,0.005410693795948127
2017-01-27,14.34,2294.69,129.95,6.51,10.58,83.63,72.1877,32.2,29.78,105.20123291015624,2017-01-01,265.7630638542896,-0.0866843719678466,0.00751418034345999
2017-01-30,15.19,2280.9,134.32,6.42,11.88,92.04,72.3572,31.6,30.94,105.20123291015624,2017-01-01,265.7630638542896,-0.6027656215802972,0.36332639455908206
2017-01-31,15.27,2278.87,138.08,6.42,11.99,89.83,72.5153,31.8,31.33,105.20123291015624,2017-01-01,265.7630638542896,-0.08903958463327384,0.007928047631665935
2017-02-01,14.8,2279.55,133.97,6.19,11.81,87.75,70.8378,39.4,30.65,114.20635986328124,2017-02-01,202.0198666546896,0.02983489915560355,0.0008901212076250334
2017-02-02,15.04,2280.85,136.65,5.53,11.93,89.73,69.9231,39.4,29.39,114.20635986328124,2017-02-01,202.0198666546896,0.05701254430369949,0.003250430207981297
2017-02-03,15.04,2297.42,133.25,5.69,10.97,88.97,67.3897,45.3,28.11,114.20635986328124,2017-02-01,202.0198666546896,0.7238573675816558,0.5239694886022442
2017-02-06,15.74,2292.56,131.41,5.71,11.37,90.02,67.5544,42.8,29.37,114.20635986328124,2017-02-01,202.0198666546896,-0.21176570774647532,0.0448447149773656
2017-02-07,15.26,2293.08,130.46,5.59,11.29,89.61,68.07,41.9,29.61,114.20635986328124,2017-02-01,202.0198666546896,0.02267949521675034,0.0005143595032866016
2017-02-08,15.2,2294.67,134.01,5.49,11.45,94.58,68.7425,40.9,29.09,114.20635986328124,2017-02-01,202.0198666546896,0.06931502647968556,0.00480457289587951
2017-02-09,14.88,2307.87,129.19,5.81,10.88,89.59,68.9453,42.4,28.25,114.20635986328124,2017-02-01,202.0198666546896,0.5735978912330699,0.3290145408270247
2017-02-10,14.88,2316.1,130.47,5.89,10.85,85.77,69.6282,40.8,26.43,114.20635986328124,2017-02-01,202.0198666546896,0.3559715435258431,0.1267157398001712
2017-02-13,14.61,2328.25,130.1,6.13,11.07,80.84,68.8286,37.0,26.99,114.20635986328124,2017-02-01,202.0198666546896,0.523217574810087,0.273756630590149
2017-02-14,14.21,2337.58,133.66,6.24,10.74,78.35,67.2553,36.1,27.49,114.20635986328124,2017-02-01,202.0198666546896,0.39992937743571816,0.1599435069361211
2017-02-15,13.71,2349.25,137.55,6.35,11.97,81.12,65.5141,44.6,27.75,114.20635986328124,2017-02-01,202.0198666546896,0.4979922087050161,0.2479962399309003
2017-02-16,13.75,2347.22,141.41,6.33,11.76,79.66,68.2298,53.6,27.37,114.20635986328124,2017-02-01,202.0198666546896,-0.08644791200295177,0.007473241489670092
2017-02-17,13.27,2351.16,141.13,6.24,11.49,81.25,69.7839,53.1,25.29,114.20635986328124,2017-02-01,202.0198666546896,0.16771742275309118,0.028129133894939106
2017-02-21,13.72,2365.38,136.93,6.5,11.57,82.45,68.7218,47.8,25.79,114.20635986328124,2017-02-01,202.0198666546896,0.6029862181035704,0.36359237922284665
2017-02-22,13.26,2362.82,138.24,6.46,11.74,81.53,69.2627,47.4,27.09,114.20635986328124,2017-02-01,202.0198666546896,-0.10828646208509896,0.011725957870907574
2017-02-23,13.68,2363.81,137.91,6.1,11.71,82.2,68.641,45.7,25.79,114.20635986328124,2017-02-01,202.0198666546896,0.041890311468295645,0.0017547981949108215
2017-02-24,13.54,2367.34,138.66,5.39,11.47,83.31,69.8485,44.9,25.72,114.20635986328124,2017-02-01,202.0198666546896,0.14922378935534736,0.02226773930956908
2017-02-27,14.44,2369.75,134.39,5.4,12.09,85.69,70.8911,37.1,25.01,114.20635986328124,2017-02-01,202.0198666546896,0.10175023940541277,0.010353111219058813
2017-03-02,13.89,2381.92,133.36,7.18,11.81,83.61,69.539,35.4,25.94,96.63587951660156,2017-03-01,235.36323930257583,0.5122420795596206,0.26239194807156474
2017-03-03,13.66,2383.12,136.1,7.18,10.96,81.19,65.787,36.8,25.59,96.63587951660156,2017-03-01,235.36323930257583,0.05036683953830516,0.00253681852507738
2017-03-06,13.24,2375.31,140.17,7.24,11.24,81.44,65.4098,38.2,26.96,96.63587951660156,2017-03-01,235.36323930257583,-0.3282598257417541,0.10775451319600678
2017-03-07,13.22,2368.39,138.85,6.93,11.45,81.43,66.0329,38.0,26.46,96.63587951660156,2017-03-01,235.36323930257583,-0.2917555877758864,0.08512132299845294
2017-03-08,13.58,2362.98,139.63,6.94,11.86,82.5,66.6094,45.8,31.74,96.63587951660156,2017-03-01,235.36323930257583,-0.22868650550458713,0.052297517799899565
2017-03-09,13.62,2364.87,139.48,6.95,12.3,83.64,69.1812,44.8,31.98,96.63587951660156,2017-03-01,235.36323930257583,0.07995177937872365,0.006392287025824101
2017-03-10,13.03,2372.6,138.99,7.04,11.66,80.27,67.7001,48.0,33.45,96.63587951660156,2017-03-01,235.36323930257583,0.32633480993077457,0.10649440817255476
2017-03-13,11.27,2373.47,145.75,6.77,11.35,81.57,65.6376,47.5,32.39,96.63587951660156,2017-03-01,235.36323930257583,0.03666191226613433,0.0013440958110097307
2017-03-14,11.57,2365.45,146.11,6.76,12.3,85.88,65.182,46.4,33.19,96.63587951660156,2017-03-01,235.36323930257583,-0.3384740682155033,0.11456469485435318
2017-03-15,11.23,2385.26,147.2,7.13,11.63,80.76,61.62,57.9,30.08,96.63587951660156,2017-03-01,235.36323930257583,0.8339854388317126,0.6955317121833242
2017-03-16,11.12,2381.38,149.49,7.04,11.21,75.96,60.4397,57.6,28.63,96.63587951660156,2017-03-01,235.36323930257583,-0.16279814951152383,0.026503237484376465
2017-03-17,10.8,2378.25,154.34,6.87,11.28,78.66,60.7216,56.1,27.45,96.63587951660156,2017-03-01,235.36323930257583,-0.1315228474144621,0.01729825939200788
2017-03-20,11.35,2373.47,152.93,6.88,11.34,77.16,59.8151,55.9,28.11,96.63587951660156,2017-03-01,235.36323930257583,-0.20119037369022091,0.04047756646561074
2017-03-21,12.13,2344.02,141.02,8.13,12.47,83.02,62.1347,55.2,30.57,96.63587951660156,2017-03-01,235.36323930257583,-1.2485615265953647,1.5589058856941476
2017-03-23,12.58,2345.96,132.54,7.88,13.12,88.93,65.2168,55.7,29.79,96.63587951660156,2017-03-01,235.36323930257583,0.08272956859720698,0.006844181520279976
2017-03-24,12.06,2343.98,136.62,7.88,12.96,89.74,64.4514,54.1,30.99,96.63587951660156,2017-03-01,235.36323930257583,-0.08443605323889107,0.007129447086560848
2017-03-27,12.51,2341.59,135.37,7.89,12.5,84.86,62.6832,52.5,30.78,96.63587951660156,2017-03-01,235.36323930257583,-0.10201534529525073,0.010407130675709236
2017-03-28,12.35,2358.57,134.43,8.26,11.53,79.27,61.9509,53.1,29.92,96.63587951660156,2017-03-01,235.36323930257583,0.7225317380816645,0.522052112535311
2017-03-29,11.65,2361.13,132.37,8.22,11.42,78.26,61.0203,52.5,28.54,96.63587951660156,2017-03-01,235.36323930257583,0.10848148191858568,0.011768231919252433
2017-03-30,12.09,2368.06,138.84,6.84,11.54,77.87,60.9355,51.6,27.82,96.63587951660156,2017-03-01,235.36323930257583,0.29307365363928894,0.0858921664574819
2017-03-31,12.41,2362.72,138.31,6.56,12.37,78.31,60.6987,48.0,27.59,96.63587951660156,2017-03-01,235.36323930257583,-0.22575567952728323,0.05096562683882541
2017-04-03,12.61,2358.84,135.23,6.57,12.38,82.96,61.228,44.5,26.89,119.45992279052734,2017-04-01,181.1790291287545,-0.16435249677560893,0.02701174319637654
2017-04-04,12.41,2360.16,132.28,6.51,11.79,79.67,64.7657,43.7,27.97,119.45992279052734,2017-04-01,181.1790291287545,0.05594405740311779,0.003129737558723338
2017-04-05,13.23,2352.95,130.91,6.52,12.89,86.59,63.7153,45.7,27.73,119.45992279052734,2017-04-01,181.1790291287545,-0.30595532989129126,0.09360866388888886
2017-04-06,12.85,2357.49,131.27,6.53,12.39,83.91,68.2529,47.3,26.79,119.45992279052734,2017-04-01,181.1790291287545,0.1927633684241772,0.03715771620623508
2017-04-07,13.45,2355.54,132.7,6.53,12.87,89.39,68.6602,38.8,27.46,119.45992279052734,2017-04-01,181.1790291287545,-0.08274931885733613,0.006847449771353086
2017-04-10,13.75,2357.16,132.86,6.43,14.05,97.9,68.4973,35.6,26.71,119.45992279052734,2017-04-01,181.1790291287545,0.06875040056906727,0.004726617578407205
2017-04-11,15.2,2353.78,136.66,6.45,15.07,103.74,70.5585,36.4,27.27,119.45992279052734,2017-04-01,181.1790291287545,-0.1434958025354097,0.020591045345281292
2017-04-12,16.08,2344.93,131.93,6.46,15.77,111.53,73.4226,36.7,26.92,119.45992279052734,2017-04-01,181.1790291287545,-0.3766995820262467,0.14190257509874896
2017-04-13,16.2,2328.95,134.36,6.22,15.96,115.54,74.4847,38.2,26.02,119.45992279052734,2017-04-01,181.1790291287545,-0.6838028476069099,0.4675863343953188
2017-04-17,16.2,2349.01,139.63,6.86,14.66,101.49,70.9568,10.5,25.8,119.45992279052734,2017-04-01,181.1790291287545,0.857644056804569,0.7355533281721988
2017-04-18,15.67,2342.19,137.2,6.92,14.42,99.52,72.8666,6.6,26.88,119.45992279052734,2017-04-01,181.1790291287545,-0.290757367184553,0.08453984657209296
2017-04-19,14.5,2338.17,140.2,6.93,14.93,97.89,73.1268,6.4,29.81,119.45992279052734,2017-04-01,181.1790291287545,-0.17178170006366042,0.02950895247676139
2017-04-20,14.54,2355.84,146.85,5.99,14.15,94.53,73.8561,6.3,27.96,119.45992279052734,2017-04-01,181.1790291287545,0.7528779642538522,0.5668252290590248
2017-04-21,15.31,2348.69,148.42,6.05,14.63,95.41,77.1537,2.8,30.06,119.45992279052734,2017-04-01,181.1790291287545,-0.3039625852145616,0.09239325321031962
2017-04-24,12.29,2374.15,144.45,7.13,10.84,78.17,63.2709,0.8,29.88,119.45992279052734,2017-04-01,181.1790291287545,1.078175277383728,1.162461928761479
2017-04-25,12.45,2388.61,139.04,7.44,10.76,75.64,62.3632,7.3,29.39,119.45992279052734,2017-04-01,181.1790291287545,0.6072128106062107,0.36870739736429387
2017-04-26,12.02,2387.45,142.13,7.43,10.85,76.64,60.9543,7.1,29.32,119.45992279052734,2017-04-01,181.1790291287545,-0.048575605114247196,0.0023595894122152784
2017-04-27,11.53,2388.77,142.55,7.0,10.36,76.66,59.8191,4.1,29.88,119.45992279052734,2017-04-01,181.1790291287545,0.0552738372021074,0.003055197079045072
2017-04-28,11.6,2384.2,146.98,7.03,10.82,77.09,60.1925,-4.8,28.55,119.45992279052734,2017-04-01,181.1790291287545,-0.19149508153329292,0.0366703662514425
2017-05-01,12.35,2388.33,128.46,7.02,10.11,78.33,59.3993,-20.6,29.42,102.57996368408205,2017-05-01,165.9133300465711,0.17307386358750435,0.029954562257106063
2017-05-02,12.38,2391.17,127.49,6.97,10.59,79.33,60.324,-21.5,32.23,102.57996368408205,2017-05-01,165.9133300465711,0.11884089692428136,0.014123158781767666
2017-05-03,12.54,2388.13,129.39,6.97,10.68,78.77,59.384,-19.5,32.8,102.57996368408205,2017-05-01,165.9133300465711,-0.1272152997295754,0.016183732485285707
2017-05-04,12.41,2389.52,130.48,6.97,10.46,78.0,60.0804,-20.1,34.67,102.57996368408205,2017-05-01,165.9133300465711,0.058187604333453276,0.0033857972980665106
2017-05-05,12.01,2399.29,131.36,7.03,10.57,80.65,58.7242,-18.2,33.83,102.57996368408205,2017-05-01,165.9133300465711,0.40803513003330905,0.16649266734129942
2017-05-08,11.95,2399.38,128.12,6.99,9.77,81.38,55.4105,-19.7,33.85,102.57996368408205,2017-05-01,165.9133300465711,0.0037510393509375766,1.4070296212282197e-05
2017-05-09,12.1,2396.92,128.28,6.98,9.96,83.63,55.2203,-19.5,34.21,102.57996368408205,2017-05-01,165.9133300465711,-0.10257908036239288,0.010522467727994258
2017-05-10,11.2,2399.63,128.27,6.99,10.21,87.49,55.0298,-20.0,34.02,102.57996368408205,2017-05-01,165.9133300465711,0.11299789591918902,0.012768524482163875
2017-05-11,11.24,2394.44,128.21,7.01,10.6,86.51,54.467,-19.2,33.72,102.57996368408205,2017-05-01,165.9133300465711,-0.21651757390083515,0.04687985980790361
2017-05-12,11.13,2390.9,129.65,6.91,10.4,82.5,55.7115,-29.5,33.72,102.57996368408205,2017-05-01,165.9133300465711,-0.14795189665720562,0.021889763724464453
2017-05-15,11.28,2402.32,129.44,6.72,10.42,79.53,56.7293,-32.0,33.1,102.57996368408205,2017-05-01,165.9133300465711,0.47650730024741667,0.2270592071890817
2017-05-16,11.19,2400.67,131.24,6.02,10.65,76.76,55.4971,-37.6,33.44,102.57996368408205,2017-05-01,165.9133300465711,-0.06870720384216807,0.004720679859809234
2017-05-17,13.03,2357.03,133.51,8.61,15.59,111.48,62.5769,-37.5,33.9,102.57996368408205,2017-05-01,165.9133300465711,-1.8345513143686252,3.3655785250516503
2017-05-18,12.95,2365.72,137.01,8.68,14.66,104.12,58.9788,-33.6,32.8,102.57996368408205,2017-05-01,165.9133300465711,0.3680063440703132,0.13542866927599773
2017-05-19,12.04,2381.73,131.39,8.58,12.04,87.21,57.8248,-33.4,29.76,102.57996368408205,2017-05-01,165.9133300465711,0.6744699024732498,0.45490964934227507
2017-05-22,12.32,2394.02,128.57,8.7,10.93,83.47,55.4739,-30.7,30.59,102.57996368408205,2017-05-01,165.9133300465711,0.514684693721281,0.26490033395096885
2017-05-24,11.75,2404.39,123.11,7.61,10.02,81.91,54.4058,-38.8,30.94,102.57996368408205,2017-05-01,165.9133300465711,0.43222718126985255,0.18682033622848196
2017-05-25,11.2,2415.07,123.65,7.77,9.99,82.2,54.3201,-38.1,33.03,102.57996368408205,2017-05-01,165.9133300465711,0.44320390592464876,0.1964297022268649
2017-05-26,11.59,2415.82,125.41,7.76,9.81,81.81,54.0528,-36.2,30.04,102.57996368408205,2017-05-01,165.9133300465711,0.031050179408999627,0.0009641136413310644
2017-05-31,11.82,2411.8,125.11,7.69,10.41,84.52,53.9509,-38.2,32.29,102.57996368408205,2017-05-01,165.9133300465711,-0.16654172984455098,0.027736147779615403
2017-06-01,11.81,2430.06,124.55,8.15,9.89,83.83,53.9973,-36.1,31.19,126.7890167236328,2017-06-01,169.60472710206272,0.754259171830006,0.5689068982896865
2017-06-02,12.09,2439.07,124.23,8.2,9.75,83.62,53.736,-40.9,32.47,126.7890167236328,2017-06-01,169.60472710206272,0.37008707032855426,0.13696443962437227
2017-06-05,12.44,2436.1,125.05,8.2,10.07,86.08,52.9974,-44.7,33.71,126.7890167236328,2017-06-01,169.60472710206272,-0.12184192007356275,0.014845453487212452
2017-06-06,13.23,2429.33,125.72,8.12,10.45,89.15,53.2197,-41.8,32.12,126.7890167236328,2017-06-01,169.60472710206272,-0.27829007381501203,0.07744536518396485
2017-06-07,13.16,2433.14,125.98,8.13,10.39,88.22,54.7989,-42.4,34.23,126.7890167236328,2017-06-01,169.60472710206272,0.1567105104904475,0.02455818409817666
2017-06-08,12.62,2433.79,127.09,8.13,10.16,83.28,53.7306,-43.2,33.84,126.7890167236328,2017-06-01,169.60472710206272,0.02671088361100848,0.0007134713032808414
2017-06-09,12.5,2431.77,131.26,8.14,10.7,87.41,52.5578,-43.4,32.59,126.7890167236328,2017-06-01,169.60472710206272,-0.08303258478185228,0.006894410135555487
2017-06-12,12.41,2429.39,136.86,8.1,11.46,91.21,52.3162,-45.3,33.95,126.7890167236328,2017-06-01,169.60472710206272,-0.09791902303832095,0.00958813507277923
2017-06-13,12.16,2440.35,136.41,8.23,10.42,86.66,51.6651,-45.1,32.34,126.7890167236328,2017-06-01,169.60472710206272,0.4501274608283941,0.20261473099181748
2017-06-14,11.5,2437.92,135.89,8.06,10.64,89.97,52.215,-57.3,32.02,126.7890167236328,2017-06-01,169.60472710206272,-0.09962549022444363,0.009925238302460712
2017-06-15,11.03,2432.46,134.12,8.09,10.9,89.95,51.5928,-61.7,31.9,126.7890167236328,2017-06-01,169.60472710206272,-0.22421257837553105,0.05027128030180365
2017-06-16,10.16,2433.15,135.02,5.15,10.38,87.0,51.4839,-78.6,27.93,126.7890167236328,2017-06-01,169.60472710206272,0.028362322694394308,0.0008044213486209544
2017-06-19,10.69,2453.46,138.77,5.78,10.37,85.27,51.6005,-77.5,30.34,126.7890167236328,2017-06-01,169.60472710206272,0.8312558992556568,0.6909863700473307
2017-06-20,11.14,2437.03,133.37,5.73,10.86,89.19,51.5955,-77.2,32.49,126.7890167236328,2017-06-01,169.60472710206272,-0.6719188389873109,0.4514749261860558
2017-06-21,11.25,2435.61,129.89,5.44,10.75,88.07,51.6373,-76.5,33.32,126.7890167236328,2017-06-01,169.60472710206272,-0.058284627643293244,0.003397097819517343
2017-06-22,11.24,2434.5,130.86,5.4,10.48,86.38,51.1318,-76.1,32.65,126.7890167236328,2017-06-01,169.60472710206272,-0.045584186772818,0.0020779180837391556
2017-06-23,10.86,2438.3,132.76,5.37,10.02,84.52,51.1575,-74.6,31.92,126.7890167236328,2017-06-01,169.60472710206272,0.1559678529930483,0.024325971167261127
2017-06-26,11.05,2439.07,128.6,5.14,9.9,81.94,50.0183,-78.5,31.77,126.7890167236328,2017-06-01,169.60472710206272,0.03157439383918202,0.0009969423463117757
2017-06-27,11.96,2419.38,125.46,5.78,11.06,87.3,52.1031,-77.5,32.28,126.7890167236328,2017-06-01,169.60472710206272,-0.8105510111856201,0.6569929417340312
2017-06-28,11.38,2440.69,126.95,6.44,10.03,84.24,52.5083,-76.4,30.8,126.7890167236328,2017-06-01,169.60472710206272,0.8769477216597062,0.7690373065241496
2017-06-29,11.21,2419.7,129.15,7.1,11.44,93.78,54.6615,-73.6,30.46,126.7890167236328,2017-06-01,169.60472710206272,-0.8637220671771834,0.7460158093288268
2017-06-30,11.0,2423.41,129.51,6.59,11.18,90.43,55.2201,-72.6,28.7,126.7890167236328,2017-06-01,169.60472710206272,0.1532073698797482,0.023472498185469978
2017-07-03,11.93,2429.01,126.63,6.56,11.22,93.31,55.2549,-63.3,30.26,102.81346130371094,2017-07-01,149.1866392689283,0.23081276913972876,0.05327453439794973
2017-07-05,11.88,2432.54,128.67,6.58,11.07,91.98,56.437,-63.1,32.61,102.81346130371094,2017-07-01,149.1866392689283,0.14522119983846046,0.02108919688252207
2017-07-06,11.72,2409.75,127.25,7.25,12.54,100.21,56.9551,-63.4,32.82,102.81346130371094,2017-07-01,149.1866392689283,-0.9412971248548743,0.8860402772600527
2017-07-07,12.54,2425.18,131.58,7.54,11.19,92.5,55.7569,-58.5,33.17,102.81346130371094,2017-07-01,149.1866392689283,0.6382740756956851,0.4073937957051811
2017-07-10,12.22,2427.43,133.4,7.55,11.11,89.69,53.1771,-55.5,33.23,102.81346130371094,2017-07-01,149.1866392689283,0.09273360773855019,0.008599522004207296
2017-07-11,12.3,2425.53,132.75,7.54,10.89,88.23,53.2247,-58.4,33.61,102.81346130371094,2017-07-01,149.1866392689283,-0.07830273058416916,0.0061313176169369805
2017-07-12,11.56,2443.25,134.95,7.95,10.3,88.19,52.4337,-56.6,32.48,102.81346130371094,2017-07-01,149.1866392689283,0.7279063026366936,0.5298475854182219
2017-07-13,11.29,2447.83,138.35,7.83,9.9,85.68,52.2106,-54.7,31.76,102.81346130371094,2017-07-01,149.1866392689283,0.18727975574500866,0.035073706911910106
2017-07-14,11.11,2459.27,137.71,7.97,9.51,82.2,51.0294,-68.1,30.28,102.81346130371094,2017-07-01,149.1866392689283,0.4662640144143031,0.21740213113774146
2017-07-17,11.08,2459.14,139.87,7.94,9.82,80.27,50.0021,-61.9,30.61,102.81346130371094,2017-07-01,149.1866392689283,-0.005286261211669539,2.7944557598001902e-05
2017-07-18,11.14,2460.61,137.53,7.94,9.89,79.14,49.549,-65.2,29.96,102.81346130371094,2017-07-01,149.1866392689283,0.05975913588075912,0.0035711543212150324
2017-07-19,11.08,2473.83,136.88,7.61,9.79,77.96,48.2572,-56.2,29.55,102.81346130371094,2017-07-01,149.1866392689283,0.5358270292070911,0.2871106052288969
2017-07-20,10.85,2473.45,130.88,7.3,9.58,76.26,46.9986,-53.2,29.25,102.81346130371094,2017-07-01,149.1866392689283,-0.015361976712352472,0.00023599032851085965
2017-07-21,11.22,2472.54,134.53,7.3,9.36,77.86,47.4498,-52.6,29.25,102.81346130371094,2017-07-01,149.1866392689283,-0.036797486863832024,0.0013540550394938904
2017-07-24,11.8,2469.91,132.67,7.3,9.43,78.24,46.9963,-47.4,29.24,102.81346130371094,2017-07-01,149.1866392689283,-0.10642496123316407,0.011326272373480476
2017-07-25,12.07,2477.13,135.61,7.33,9.43,79.17,49.5734,-45.5,29.18,102.81346130371094,2017-07-01,149.1866392689283,0.2918919243124604,0.08520089547883113
2017-07-26,11.63,2477.83,135.61,7.33,9.6,82.34,47.2833,-44.4,29.44,102.81346130371094,2017-07-01,149.1866392689283,0.02825451687427182,0.0007983177237985109
2017-07-27,11.24,2475.42,140.81,6.84,10.11,86.87,48.4176,-43.8,29.81,102.81346130371094,2017-07-01,149.1866392689283,-0.09730985474882821,0.009469207831238044
2017-07-28,11.44,2472.1,139.91,6.23,10.29,87.2,48.5291,-44.5,29.86,102.81346130371094,2017-07-01,149.1866392689283,-0.13420867417742238,0.018011968224461522
2017-07-31,11.61,2470.3,139.82,5.46,10.26,86.76,48.1375,-43.1,30.84,102.81346130371094,2017-07-01,149.1866392689283,-0.07283910972737437,0.005305535905876483
2017-08-01,11.28,2476.35,138.72,5.48,10.09,84.55,49.9721,-44.8,30.54,138.5316162109375,2017-08-01,140.93510629400086,0.2446101105449387,0.05983410618080713
2017-08-02,11.24,2477.57,142.02,5.43,10.28,86.89,48.7476,-45.6,30.43,138.5316162109375,2017-08-01,140.93510629400086,0.04925392516085572,0.0024259491437511765
2017-08-03,11.31,2472.16,138.32,5.44,10.44,87.66,47.9293,-44.1,29.65,138.5316162109375,2017-08-01,140.93510629400086,-0.21859786914876495,0.04778502839638056
2017-08-04,10.87,2476.83,139.81,4.43,10.03,87.39,47.2827,-40.8,28.53,138.5316162109375,2017-08-01,140.93510629400086,0.1887254323046072,0.035617288798560874
2017-08-07,10.73,2480.91,138.91,3.95,9.93,90.01,46.9123,-39.1,28.73,138.5316162109375,2017-08-01,140.93510629400086,0.16459116133836385,0.02709025039071132
2017-08-08,11.1,2474.92,140.05,4.01,10.96,98.68,47.3352,-31.4,29.44,138.5316162109375,2017-08-01,140.93510629400086,-0.241735609047731,0.058436104681677446
2017-08-09,12.31,2474.02,141.2,4.0,11.11,106.77,49.6655,-29.7,29.06,138.5316162109375,2017-08-01,140.93510629400086,-0.03637142539298117,0.0013228805851171952
2017-08-10,13.43,2438.21,136.48,5.84,16.04,135.32,52.0038,-30.0,29.27,138.5316162109375,2017-08-01,140.93510629400086,-1.4580194485226952,2.125820712270424
2017-08-11,13.45,2441.32,135.43,5.83,15.51,127.43,52.0646,-36.6,28.41,138.5316162109375,2017-08-01,140.93510629400086,0.12747131060238812,0.016248935026690507
2017-08-14,12.11,2465.84,142.07,6.58,12.33,100.6,49.2968,-35.4,29.16,138.5316162109375,2017-08-01,140.93510629400086,0.9993643603759259,0.9987291247895835
2017-08-15,12.2,2464.61,143.23,6.58,12.04,96.71,48.6336,-25.8,29.31,138.5316162109375,2017-08-01,140.93510629400086,-0.04989402693533612,0.0024894139238240466
2017-08-16,12.58,2468.11,148.62,6.59,11.74,94.82,48.4663,-32.7,29.18,138.5316162109375,2017-08-01,140.93510629400086,0.14190955851406412,0.020138322797656587
2017-08-17,13.34,2430.01,142.73,8.29,15.55,117.77,48.8418,-31.5,29.31,138.5316162109375,2017-08-01,140.93510629400086,-1.5557302982010086,2.420296760740599
2017-08-18,12.12,2425.55,128.86,8.32,14.26,114.39,50.1582,-29.4,27.53,138.5316162109375,2017-08-01,140.93510629400086,-0.1837069773336156,0.03374825352105355
2017-08-21,13.01,2428.37,131.61,8.33,13.19,101.39,52.056,-27.6,28.77,138.5316162109375,2017-08-01,140.93510629400086,0.11619475876316547,0.01350122196403022
2017-08-22,12.49,2452.51,135.72,9.02,11.35,92.7,51.3012,-27.4,27.97,138.5316162109375,2017-08-01,140.93510629400086,0.9891739536413192,0.9784651105623987
2017-08-23,12.68,2444.04,129.98,9.07,12.25,98.96,52.082,-37.2,27.8,138.5316162109375,2017-08-01,140.93510629400086,-0.3459582133507087,0.11968708538481448
2017-08-24,12.76,2438.97,129.95,9.1,12.23,100.26,52.49,-36.2,28.37,138.5316162109375,2017-08-01,140.93510629400086,-0.20765887523938203,0.043122208465685236
2017-08-25,12.63,2443.05,130.16,9.12,11.28,95.53,50.5552,-32.3,28.88,138.5316162109375,2017-08-01,140.93510629400086,0.16714396704077059,0.027937105718126205
2017-08-28,14.2,2444.24,128.32,9.11,11.32,96.42,48.8608,-30.9,30.39,138.5316162109375,2017-08-01,140.93510629400086,0.04869774552017658,0.0023714704187478785
2017-08-29,13.5,2446.3,131.48,9.11,11.7,98.79,51.4034,-30.2,30.49,138.5316162109375,2017-08-01,140.93510629400086,0.08424428066569342,0.0070970988248801265
2017-08-30,12.78,2457.59,130.53,9.21,11.22,98.9,51.557,-21.2,29.78,138.5316162109375,2017-08-01,140.93510629400086,0.4604515985119675,0.2120156745722261
2017-08-31,13.26,2471.65,134.0,9.41,10.59,94.86,51.1311,-23.1,29.1,138.5316162109375,2017-08-01,140.93510629400086,0.5704748858195643,0.32544159535084494
2017-09-01,12.73,2476.55,134.85,9.4,10.13,93.6,49.4378,-18.2,28.97,115.5344467163086,2017-09-01,157.32373738284866,0.19805188155972675,0.03922454778934803
2017-09-05,14.3,2457.85,133.48,9.71,12.23,102.66,53.3179,-19.3,29.58,115.5344467163086,2017-09-01,157.32373738284866,-0.7579478568344628,0.5744849536799552
2017-09-06,14.17,2465.54,136.48,9.76,11.63,99.61,52.9189,-18.8,30.07,115.5344467163086,2017-09-01,157.32373738284866,0.3123866382146231,0.09758541173503382
2017-09-07,14.49,2465.1,135.39,9.73,11.55,96.29,54.0104,-25.3,29.73,115.5344467163086,2017-09-01,157.32373738284866,-0.01784758170006678,0.0003185361725405586
2017-09-11,13.28,2488.11,136.96,9.16,10.73,93.66,51.8823,-16.1,27.73,115.5344467163086,2017-09-01,157.32373738284866,0.9291011495136541,0.8632289460275934
2017-09-12,11.56,2496.48,139.6,9.23,10.58,92.39,51.6453,-11.2,27.59,115.5344467163086,2017-09-01,157.32373738284866,0.33583535924836666,0.1127853885214795
2017-09-13,11.98,2498.37,142.74,8.57,10.5,90.89,51.3709,-8.5,26.62,115.5344467163086,2017-09-01,157.32373738284866,0.07567795189854543,0.005727152403558556
2017-09-14,12.19,2495.62,139.52,8.57,10.44,92.09,50.7289,-5.6,26.09,115.5344467163086,2017-09-01,157.32373738284866,-0.11013239025146776,0.012129143382501591
2017-09-15,12.06,2500.23,144.54,8.57,10.17,90.63,50.6332,-19.0,26.65,115.5344467163086,2017-09-01,157.32373738284866,0.18455323152087294,0.03405989526479693
2017-09-18,12.69,2503.87,143.65,6.73,10.15,90.46,50.1627,-22.6,27.53,115.5344467163086,2017-09-01,157.32373738284866,0.1454807314799407,0.021164643231938608
2017-09-19,12.27,2506.65,142.64,6.7,10.18,91.22,49.8605,-17.5,25.76,115.5344467163086,2017-09-01,157.32373738284866,0.11096653781502376,0.012313572514653098
2017-09-20,12.32,2508.24,138.94,6.69,9.78,90.91,49.1538,-17.4,26.99,115.5344467163086,2017-09-01,157.32373738284866,0.06341116368564334,0.0040209756799674526
2017-09-21,12.19,2500.6,137.87,5.78,9.67,92.32,48.3122,-9.3,26.3,115.5344467163086,2017-09-01,157.32373738284866,-0.30506088934585734,0.09306214620848542
2017-09-22,12.37,2502.22,137.5,5.65,9.59,93.29,50.5164,-8.8,26.39,115.5344467163086,2017-09-01,157.32373738284866,0.06476347566463679,0.0041943077801640015
2017-09-25,13.77,2496.66,135.07,5.64,10.21,96.4,51.1119,-8.7,26.93,115.5344467163086,2017-09-01,157.32373738284866,-0.2224499204924677,0.049483967127105205
2017-09-26,13.32,2496.84,134.25,5.6,10.17,94.81,50.6363,-13.1,27.8,115.5344467163086,2017-09-01,157.32373738284866,0.007209372186979258,5.197504733039009e-05
2017-09-27,12.99,2507.04,129.49,5.77,9.87,95.36,52.0778,-9.3,27.29,115.5344467163086,2017-09-01,157.32373738284866,0.40768420216074663,0.16620640869144454
2017-09-28,11.75,2510.06,132.99,5.77,9.55,94.1,51.8596,-8.5,27.18,115.5344467163086,2017-09-01,157.32373738284866,0.12038828664962131,0.014493339562431389
2017-09-29,11.77,2519.36,137.75,5.66,9.51,93.14,52.8752,-7.9,26.83,115.5344467163086,2017-09-01,157.32373738284866,0.3698243773508062,0.1367700700829115
2017-10-02,11.72,2529.12,138.02,5.59,9.45,92.48,54.4569,1.5,27.72,91.4615707397461,2017-10-01,150.4493313272244,0.3866515132982871,0.1494993927358555
2017-10-03,11.38,2534.58,137.15,5.6,9.51,91.59,54.5958,1.7,27.95,91.4615707397461,2017-10-01,150.4493313272244,0.21565266962995347,0.046506073918525855
2017-10-04,11.41,2537.74,144.19,5.05,9.63,92.12,54.4927,9.7,27.04,91.4615707397461,2017-10-01,150.4493313272244,0.12459783329185144,0.015524620061024003
2017-10-05,11.4,2552.07,140.33,5.26,9.19,91.79,55.584,13.2,26.45,91.4615707397461,2017-10-01,150.4493313272244,0.5630873397280621,0.3170673521620261
2017-10-06,11.53,2549.33,140.35,5.27,9.65,97.09,54.9815,3.4,27.59,91.4615707397461,2017-10-01,150.4493313272244,-0.10742150246923345,0.011539379192747527
2017-10-10,12.22,2550.64,139.24,3.87,10.08,97.33,53.8854,4.5,26.54,91.4615707397461,2017-10-01,150.4493313272244,0.05137285234269906,0.0026391699578247603
2017-10-11,12.13,2555.24,138.74,3.73,9.85,99.22,52.687,6.4,26.43,91.4615707397461,2017-10-01,150.4493313272244,0.18018446358107834,0.03246644091600095
2017-10-12,11.82,2550.93,136.36,3.77,9.91,97.77,51.8228,7.2,25.85,91.4615707397461,2017-10-01,150.4493313272244,-0.16881541443298048,0.028498644150178956
2017-10-13,11.76,2553.17,138.28,3.78,9.61,97.8,50.8509,3.9,25.73,91.4615707397461,2017-10-01,150.4493313272244,0.08777258062376878,0.00770402590935599
2017-10-17,11.64,2559.36,150.12,3.74,10.31,98.74,49.0311,6.3,25.87,91.4615707397461,2017-10-01,150.4493313272244,0.24215028663614438,0.058636761317966885
2017-10-18,11.88,2561.26,147.95,3.74,10.07,94.34,50.2887,0.2,26.41,91.4615707397461,2017-10-01,150.4493313272244,0.0742097670671056,0.00550708952815407
2017-10-19,11.94,2562.1,146.16,3.74,10.05,93.33,51.4868,1.8,26.3,91.4615707397461,2017-10-01,150.4493313272244,0.032790981212586,0.0010752484488841681
2017-10-20,11.49,2575.21,148.81,4.03,9.97,90.53,53.9818,1.5,24.51,91.4615707397461,2017-10-01,150.4493313272244,0.5103849469401585,0.2604927940631084
2017-10-23,11.69,2564.98,142.46,4.23,11.07,97.09,54.0973,3.0,25.08,91.4615707397461,2017-10-01,150.4493313272244,-0.3980402867081287,0.1584360698426893
2017-10-24,11.73,2569.13,142.15,4.21,11.16,98.43,55.9354,7.0,25.6,91.4615707397461,2017-10-01,150.4493313272244,0.16166388736675907,0.026135212478532163
2017-10-25,12.02,2557.15,138.0,4.45,11.23,100.16,57.3572,30.5,25.44,91.4615707397461,2017-10-01,150.4493313272244,-0.46739631114622715,0.2184593116731008
2017-10-26,11.62,2560.4,135.36,4.23,11.3,97.73,57.3492,30.6,25.22,91.4615707397461,2017-10-01,150.4493313272244,0.12701392021270566,0.01613253592779956
2017-10-27,11.48,2581.07,135.7,5.12,9.8,92.78,54.6722,38.2,25.18,91.4615707397461,2017-10-01,150.4493313272244,0.8040545353815921,0.646503695867708
2017-10-30,11.74,2572.83,132.54,5.17,10.5,95.19,51.6895,40.5,25.33,91.4615707397461,2017-10-01,150.4493313272244,-0.3197581257238267,0.10224525896641458
2017-10-31,11.81,2575.26,131.81,4.89,10.18,92.01,51.1485,40.2,25.31,91.4615707397461,2017-10-01,150.4493313272244,0.09440395099815038,0.008912105964061178
2017-11-01,11.8,2579.36,129.05,4.86,10.2,92.0,49.9351,40.5,25.65,92.59601593017578,2017-11-01,155.75280002470026,0.15908062532808775,0.025306645354775434
2017-11-02,10.95,2579.85,128.97,4.84,9.93,91.48,48.7304,41.1,25.65,92.59601593017578,2017-11-01,155.75280002470026,0.018995156292258536,0.0003608159625673291
2017-11-03,10.65,2587.84,130.34,4.59,9.14,89.68,45.83,40.9,24.82,92.59601593017578,2017-11-01,155.75280002470026,0.30922932168462636,0.09562277338953414
2017-11-06,10.94,2591.13,130.52,4.59,9.4,91.25,45.0469,39.8,26.85,92.59601593017578,2017-11-01,155.75280002470026,0.1270523074112308,0.016142288818517894
2017-11-07,10.98,2590.64,129.15,4.56,9.89,93.45,44.1986,40.5,28.75,92.59601593017578,2017-11-01,155.75280002470026,-0.01891245661079827,0.0003576810150553272
2017-11-08,11.32,2594.38,131.5,4.52,9.78,97.74,43.9656,41.3,27.99,92.59601593017578,2017-11-01,155.75280002470026,0.1442617636431107,0.020811456449420732
2017-11-09,11.73,2584.62,128.95,4.69,10.5,98.82,44.9901,40.0,28.37,92.59601593017578,2017-11-01,155.75280002470026,-0.37690718494426323,0.14205902606260903
2017-11-10,11.68,2582.3,130.56,4.66,11.29,104.76,47.2888,38.5,29.4,92.59601593017578,2017-11-01,155.75280002470026,-0.08980205445067915,0.008064408983562744
2017-11-13,11.53,2584.84,129.75,4.66,11.5,106.3,46.3853,38.1,30.22,92.59601593017578,2017-11-01,155.75280002470026,0.09831358177202926,0.009665560360845484
2017-11-14,11.61,2578.87,130.15,4.7,11.59,103.18,47.7729,37.4,30.08,92.59601593017578,2017-11-01,155.75280002470026,-0.23122919993494806,0.053466942902556186
2017-11-15,11.75,2564.62,135.21,5.06,13.13,106.27,47.9978,35.5,29.84,92.59601593017578,2017-11-01,155.75280002470026,-0.5540998994613265,0.3070266985830522
2017-11-16,11.02,2585.64,136.3,5.76,11.76,100.15,47.7421,44.2,28.42,92.59601593017578,2017-11-01,155.75280002470026,0.8162740022441171,0.6663032467396288
2017-11-17,10.62,2578.85,137.19,5.84,11.43,97.12,49.0879,56.0,26.96,92.59601593017578,2017-11-01,155.75280002470026,-0.26294963926015347,0.06914251278704484
2017-11-20,11.18,2582.14,135.83,5.6,10.65,93.76,48.097,58.3,27.18,92.59601593017578,2017-11-01,155.75280002470026,0.12749493588078772,0.01625495867524617
2017-11-21,10.84,2599.03,133.56,5.88,9.73,89.27,48.0895,59.8,26.64,92.59601593017578,2017-11-01,155.75280002470026,0.6519786005639133,0.42507609559327886
2017-11-22,10.75,2597.08,132.52,5.87,9.88,86.42,46.8754,55.7,26.83,92.59601593017578,2017-11-01,155.75280002470026,-0.07505615129562197,0.005633425847311296
2017-11-24,10.58,2602.42,130.98,5.75,9.67,86.32,46.1607,50.6,26.88,92.59601593017578,2017-11-01,155.75280002470026,0.20540443802283723,0.04219098315947758
2017-11-27,10.72,2601.42,130.18,5.75,9.87,86.58,45.2922,57.4,28.36,92.59601593017578,2017-11-01,155.75280002470026,-0.03843315752633804,0.0014771075974443141
2017-11-28,10.64,2627.04,124.08,6.01,10.03,85.73,44.9321,58.1,28.13,92.59601593017578,2017-11-01,155.75280002470026,0.9800287295721388,0.9604563107867804
2017-11-29,11.02,2626.07,126.28,5.88,10.7,89.57,45.5355,58.9,28.02,92.59601593017578,2017-11-01,155.75280002470026,-0.03693050444495722,0.0013638621585590049
2017-11-30,11.79,2647.58,128.9,6.47,11.28,89.94,46.8271,59.4,25.95,92.59601593017578,2017-11-01,155.75280002470026,0.815758318578807,0.6654616343305223
2017-12-01,11.39,2642.22,128.83,6.48,11.43,95.03,50.1704,60.1,23.73,82.71825408935547,2017-12-01,149.4223541156428,-0.20265423397495963,0.041068738547977685
2017-12-04,11.38,2639.44,132.14,6.49,11.68,97.57,48.7613,65.3,23.68,82.71825408935547,2017-12-01,149.4223541156428,-0.1052699437952113,0.011081761066646947
2017-12-05,12.28,2629.57,132.07,6.53,11.33,97.95,49.2373,63.1,23.13,82.71825408935547,2017-12-01,149.4223541156428,-0.37464387216745615,0.14035803095262522
2017-12-06,11.67,2629.27,130.98,6.51,11.02,98.17,49.3218,62.9,23.13,82.71825408935547,2017-12-01,149.4223541156428,-0.011409360251520883,0.00013017350134898465
2017-12-07,12.99,2636.98,130.84,6.58,10.16,95.83,49.2358,63.2,23.13,82.71825408935547,2017-12-01,149.4223541156428,0.2928081845175483,0.08573663292046262
2017-12-08,11.7,2651.5,132.54,6.8,9.58,91.89,47.4922,65.2,23.85,82.71825408935547,2017-12-01,149.4223541156428,0.5491194628844653,0.3015321845185237
2017-12-11,11.46,2659.99,133.98,6.77,9.34,92.06,46.5721,63.1,22.96,82.71825408935547,2017-12-01,149.4223541156428,0.3196845792997223,0.10219823024204046
2017-12-12,12.14,2664.11,133.02,6.78,9.92,93.27,46.7466,69.0,22.84,82.71825408935547,2017-12-01,149.4223541156428,0.15476797289272537,0.023953125433323376
2017-12-13,10.87,2662.85,134.71,6.77,10.18,95.56,45.0348,63.4,23.49,82.71825408935547,2017-12-01,149.4223541156428,-0.047306532187143084,0.0022379079875732046
2017-12-14,10.4,2652.01,134.03,6.87,10.49,96.07,44.8357,74.2,23.0,82.71825408935547,2017-12-01,149.4223541156428,-0.4079134739528824,0.1663934022323089
2017-12-15,9.43,2675.81,135.73,7.15,9.42,92.2,46.4338,72.2,21.25,82.71825408935547,2017-12-01,149.4223541156428,0.8934295194916394,0.7982163062990617
2017-12-18,9.93,2690.16,132.72,6.95,9.53,90.64,46.7275,73.9,18.43,82.71825408935547,2017-12-01,149.4223541156428,0.53485331483242,0.2860680683872278
2017-12-19,10.32,2681.47,130.69,7.01,10.03,93.58,48.9577,78.0,18.88,82.71825408935547,2017-12-01,149.4223541156428,-0.3235519788593535,0.10468588302380354
2017-12-20,9.79,2679.25,133.15,6.99,9.72,92.86,49.9539,77.4,19.46,82.71825408935547,2017-12-01,149.4223541156428,-0.0828246999249518,0.006859930917658311
2017-12-21,9.64,2684.57,132.63,6.66,9.62,92.21,51.6035,72.9,17.86,82.71825408935547,2017-12-01,149.4223541156428,0.1983661548850703,0.039349131403887704
2017-12-22,10.01,2683.34,134.4,6.66,9.9,94.9,50.3803,84.5,19.26,82.71825408935547,2017-12-01,149.4223541156428,-0.04582789284942958,0.0021001957630187988
2017-12-26,11.17,2680.5,135.6,6.62,10.25,97.56,48.8209,80.5,20.99,82.71825408935547,2017-12-01,149.4223541156428,-0.10589429458703715,0.011213601626086207
2017-12-27,10.73,2682.62,138.43,6.64,10.47,97.08,47.73,78.9,20.64,82.71825408935547,2017-12-01,149.4223541156428,0.07905846262701684,0.006250240512947418
2017-12-28,10.43,2687.54,137.82,5.73,10.18,97.25,46.1938,77.1,20.71,82.71825408935547,2017-12-01,149.4223541156428,0.18323481522244367,0.03357499750960308
2017-12-29,10.96,2673.61,137.05,5.83,11.04,100.76,46.5962,75.7,21.32,82.71825408935547,2017-12-01,149.4223541156428,-0.5196657936668189,0.27005253710736477
2018-01-02,11.96,2695.81,135.37,5.64,9.77,97.36,49.172,71.9,22.73,92.42678833007812,2018-01-01,151.568946406932,0.8269096661866973,0.6837795960329951
2018-01-03,11.56,2713.06,133.43,5.99,9.15,94.4,47.6043,78.2,22.75,92.42678833007812,2018-01-01,151.568946406932,0.6378433382130944,0.4068441241028239
2018-01-04,11.8,2723.99,131.24,6.16,9.22,94.21,47.382,80.7,22.12,92.42678833007812,2018-01-01,151.568946406932,0.4020568037294825,0.16164967342516762
2018-01-05,11.26,2743.15,127.03,6.51,9.22,93.1,46.0677,75.0,22.3,92.42678833007812,2018-01-01,151.568946406932,0.700917790358176,0.491285748840588
2018-01-08,11.19,2747.71,128.0,6.52,9.52,93.97,45.8988,73.9,21.9,92.42678833007812,2018-01-01,151.568946406932,0.166094238364022,0.027587296017724562
2018-01-09,10.79,2751.29,126.37,6.49,10.08,94.74,47.2861,67.0,22.96,92.42678833007812,2018-01-01,151.568946406932,0.13020551030292105,0.016953474913244077
2018-01-10,10.79,2748.23,129.12,6.25,9.82,93.7,49.1669,66.5,23.52,92.42678833007812,2018-01-01,151.568946406932,-0.11128245067883981,0.012383783829088415
2018-01-11,10.96,2767.56,126.1,6.54,9.88,92.24,48.1908,63.2,23.52,92.42678833007812,2018-01-01,151.568946406932,0.7008997490407507,0.49126045820538733
2018-01-12,11.62,2786.24,124.95,6.93,10.16,92.22,47.6086,70.4,23.52,92.42678833007812,2018-01-01,151.568946406932,0.6726951075669084,0.4525187077444545
2018-01-16,12.09,2776.42,128.65,7.02,11.66,106.49,45.9144,65.6,26.41,92.42678833007812,2018-01-01,151.568946406932,-0.3530688627795424,0.12465762186443935
2018-01-17,11.77,2802.56,136.19,7.61,11.91,102.46,45.8824,70.0,24.7,92.42678833007812,2018-01-01,151.568946406932,0.937095716052361,0.8781483810436871
2018-01-18,12.26,2798.03,131.41,7.13,12.22,103.68,48.549,64.7,24.38,92.42678833007812,2018-01-01,151.568946406932,-0.16176870607860264,0.026169114266345328
2018-01-22,11.66,2832.97,127.18,7.31,11.03,99.68,52.5957,50.9,22.03,92.42678833007812,2018-01-01,151.568946406932,1.2410033181139293,1.5400892355697824
2018-01-23,11.72,2839.13,122.95,7.36,11.1,98.59,52.5489,49.6,22.34,92.42678833007812,2018-01-01,151.568946406932,0.2172035902672236,0.04717739962497195
2018-01-24,13.38,2837.54,120.2,7.33,11.47,99.77,54.1055,49.7,23.93,92.42678833007812,2018-01-01,151.568946406932,-0.05601875894072049,0.0031381013532585517
2018-01-25,13.04,2839.25,121.87,7.33,11.58,101.78,53.3762,42.1,22.35,92.42678833007812,2018-01-01,151.568946406932,0.06024531651585847,0.003629498162095969
2018-01-26,12.98,2872.87,117.99,8.3,11.08,98.65,55.6349,37.5,22.29,92.42678833007812,2018-01-01,151.568946406932,1.1771597314994502,1.3857050334638576
2018-01-29,13.25,2853.53,118.8,8.57,13.84,110.01,55.9778,35.5,22.73,92.42678833007812,2018-01-01,151.568946406932,-0.6754705760662041,0.4562604991312096
2018-01-30,13.86,2822.43,122.85,9.34,14.79,113.48,57.2766,35.3,22.9,92.42678833007812,2018-01-01,151.568946406932,-1.095860831840555,1.200910962762273
2018-01-31,12.97,2823.81,121.23,9.27,13.54,108.41,57.1957,38.5,22.23,92.42678833007812,2018-01-01,151.568946406932,0.04888208887610065,0.002389458612891003
2018-02-01,12.32,2821.98,120.59,9.0,13.47,105.77,57.8349,40.8,22.24,64.49137115478516,2018-02-01,124.73962932851845,-0.06482706810167338,0.004202548758658998
2018-02-02,13.11,2762.13,126.45,11.55,17.31,125.51,60.3309,44.5,23.8,64.49137115478516,2018-02-01,124.73962932851845,-2.143664501131662,4.595297493412058
2018-02-05,14.35,2648.94,117.33,18.53,37.32,177.34,60.4092,50.0,25.91,64.49137115478516,2018-02-01,124.73962932851845,-4.184256124518214,17.507999315568185
2018-02-07,13.62,2681.66,136.9,19.49,27.73,159.03,66.0719,47.5,26.79,64.49137115478516,2018-02-01,124.73962932851845,1.227644578019634,1.507111209941005
2018-02-08,14.85,2581.0,130.92,23.55,33.46,180.61,67.848,48.3,29.5,64.49137115478516,2018-02-01,124.73962932851845,-3.8259085020510715,14.637575866066674
2018-02-12,14.37,2656.0,148.02,24.46,25.61,140.8,69.8563,43.5,29.42,64.49137115478516,2018-02-01,124.73962932851845,2.864431087771055,8.20496545658927
2018-02-13,14.07,2662.94,143.07,24.37,24.97,136.58,68.9688,43.3,30.39,64.49137115478516,2018-02-01,124.73962932851845,0.2609543983683735,0.06809719802779976
2018-02-14,14.97,2698.63,127.84,24.78,19.26,124.49,69.5242,40.5,27.73,64.49137115478516,2018-02-01,124.73962932851845,1.3313461230303598,1.77248249930797
2018-02-15,15.03,2731.2,131.67,24.91,19.13,122.76,66.6769,35.2,27.57,64.49137115478516,2018-02-01,124.73962932851845,1.1996836229864198,1.4392407952618222
2018-02-16,13.96,2732.22,137.8,24.91,19.46,121.2,63.0303,50.2,26.97,64.49137115478516,2018-02-01,124.73962932851845,0.03733924947562478,0.0013942195514029454
2018-02-20,14.08,2716.26,131.63,24.96,20.6,122.58,60.2601,48.8,27.58,64.49137115478516,2018-02-01,124.73962932851845,-0.5858531424820396,0.343223904556081
2018-02-21,13.83,2701.33,130.03,24.87,20.02,125.73,61.1605,50.0,26.93,64.49137115478516,2018-02-01,124.73962932851845,-0.5511689809002754,0.3037872455066482
2018-02-22,13.47,2703.96,134.31,24.86,18.72,116.98,61.1423,51.9,24.98,64.49137115478516,2018-02-01,124.73962932851845,0.09731208529212047,0.00946964194390093
2018-02-23,11.97,2747.3,139.2,25.46,16.49,110.19,64.6014,50.1,24.37,64.49137115478516,2018-02-01,124.73962932851845,1.590124602558474,2.5284962516617453
2018-02-26,11.89,2779.6,131.72,25.79,15.8,107.68,63.7167,37.7,24.36,64.49137115478516,2018-02-01,124.73962932851845,1.1688421260557076,1.3661919156424267
2018-02-27,11.76,2744.28,132.27,25.88,18.59,119.5,63.9312,33.5,25.29,64.49137115478516,2018-02-01,124.73962932851845,-1.2788286983879777,1.6354028398206895
2018-02-28,11.74,2713.83,138.95,26.08,19.85,121.7,62.9735,32.9,26.92,64.49137115478516,2018-02-01,124.73962932851845,-1.1157824195769546,1.2449704078370032
2018-03-01,12.07,2677.67,136.54,26.2,22.47,128.14,63.6636,39.5,26.98,111.96229553222656,2018-03-01,168.41260341666916,-1.3413907890662753,1.7993292489918447
2018-03-02,11.97,2691.25,127.48,26.24,19.59,114.78,65.3027,39.1,26.15,111.96229553222656,2018-03-01,168.41260341666916,0.5058756308712583,0.2559101539093936
2018-03-05,11.89,2720.94,130.12,26.56,18.73,109.66,64.7081,38.9,26.3,111.96229553222656,2018-03-01,168.41260341666916,1.097163914490453,1.2037686552600142
2018-03-06,12.33,2728.12,128.41,25.47,18.36,104.61,63.5009,38.1,25.55,111.96229553222656,2018-03-01,168.41260341666916,0.26353184422145337,0.06944903291876037
2018-03-07,12.37,2726.8,128.17,20.9,17.76,99.49,63.3467,40.3,26.94,111.96229553222656,2018-03-01,168.41260341666916,-0.04839667770615435,0.0023422384129933773
2018-03-08,11.57,2738.97,129.62,19.99,16.54,96.92,61.5841,38.0,26.16,111.96229553222656,2018-03-01,168.41260341666916,0.4453176811945213,0.19830783718446532
2018-03-09,10.94,2786.57,127.79,20.81,14.64,99.71,58.9669,47.9,26.23,111.96229553222656,2018-03-01,168.41260341666916,1.7229511513169882,2.968560669824535
2018-03-12,11.01,2783.02,141.98,16.06,15.78,104.94,58.2927,45.0,24.02,111.96229553222656,2018-03-01,168.41260341666916,-0.12747798242772498,0.01625063600384336
2018-03-13,10.7,2765.31,140.43,15.43,16.35,107.04,55.0737,43.2,25.5,111.96229553222656,2018-03-01,168.41260341666916,-0.6383924585162931,0.407544931090477
2018-03-14,10.41,2749.48,141.66,14.75,17.23,110.29,57.8488,39.6,25.21,111.96229553222656,2018-03-01,168.41260341666916,-0.5740941532718953,0.3295840968209744
2018-03-15,10.4,2747.33,146.55,14.72,16.59,109.28,57.705,39.7,25.07,111.96229553222656,2018-03-01,168.41260341666916,-0.07822719394124938,0.006119493871921845
2018-03-16,9.88,2752.01,147.35,13.98,15.8,106.49,59.0088,45.8,24.53,111.96229553222656,2018-03-01,168.41260341666916,0.17020228353889483,0.02896881732185435
2018-03-19,10.99,2712.92,143.96,14.24,19.02,112.92,59.9821,42.1,25.28,111.96229553222656,2018-03-01,168.41260341666916,-1.4306008195445936,2.046618704881663
2018-03-20,11.01,2716.94,139.52,14.26,18.2,107.13,57.8936,41.4,25.3,111.96229553222656,2018-03-01,168.41260341666916,0.14807014304161872,0.02192476726036543
2018-03-21,10.91,2711.93,133.69,14.13,17.86,106.6,55.7212,39.4,25.95,111.96229553222656,2018-03-01,168.41260341666916,-0.18456884848011978,0.034065659829277416
2018-03-22,11.24,2643.69,131.52,16.61,23.34,125.12,55.9292,39.4,26.47,111.96229553222656,2018-03-01,168.41260341666916,-2.548489001614073,6.494796191347894
2018-03-23,13.46,2588.26,130.79,18.22,24.87,129.82,56.1683,46.3,27.56,111.96229553222656,2018-03-01,168.41260341666916,-2.1189833248420764,4.490090330958781
2018-03-26,12.95,2658.55,128.96,19.75,21.03,113.08,54.5493,46.8,27.71,111.96229553222656,2018-03-01,168.41260341666916,2.679502611263216,7.179734243766393
2018-03-27,12.22,2612.62,128.65,20.16,22.5,118.61,56.2705,46.2,27.38,111.96229553222656,2018-03-01,168.41260341666916,-1.7427312133270447,3.0371120819043536
2018-03-28,11.74,2605.0,128.33,19.67,22.87,114.02,58.3472,48.7,26.67,111.96229553222656,2018-03-01,168.41260341666916,-0.29208740450646015,0.08531505187132048
2018-03-29,11.06,2640.87,119.34,19.75,19.97,103.32,58.5414,49.8,25.07,111.96229553222656,2018-03-01,168.41260341666916,1.3675733119263356,1.8702567634931664
2018-04-02,12.86,2581.88,119.68,20.82,23.62,111.67,58.6648,46.1,27.53,123.2634735107422,2018-04-01,157.6060239331061,-2.2590592580476767,5.10334873137092
2018-04-03,11.8,2614.45,118.38,21.21,21.1,102.06,56.0226,46.0,26.89,123.2634735107422,2018-04-01,157.6060239331061,1.2535934603553565,1.5714965638457166
2018-04-04,12.0,2644.69,119.23,21.22,20.06,95.44,55.3496,46.8,26.17,123.2634735107422,2018-04-01,157.6060239331061,1.1500105825438875,1.3225243399629316
2018-04-05,11.55,2662.84,121.51,21.31,18.94,92.21,53.722,44.0,24.38,123.2634735107422,2018-04-01,157.6060239331061,0.6839366240059898,0.4677693056567106
2018-04-06,11.95,2604.47,122.39,22.62,21.49,98.6,56.0682,35.9,24.99,123.2634735107422,2018-04-01,157.6060239331061,-2.216402280202734,4.912439067687878
2018-04-09,12.39,2613.16,119.9,22.62,21.77,100.24,52.5082,35.9,25.64,123.2634735107422,2018-04-01,157.6060239331061,0.3331017352751162,0.1109567660432936
2018-04-10,12.78,2656.87,121.25,22.54,20.47,98.21,51.4331,32.8,28.05,123.2634735107422,2018-04-01,157.6060239331061,1.6588521255114927,2.7517903743139973
2018-04-11,14.36,2642.19,122.27,22.63,20.24,100.02,50.4997,31.3,29.42,123.2634735107422,2018-04-01,157.6060239331061,-0.5540619488903828,0.30698464320820923
2018-04-12,12.88,2663.99,122.29,22.68,18.49,98.08,51.4875,28.3,28.73,123.2634735107422,2018-04-01,157.6060239331061,0.8216880187239336,0.6751712001144634
2018-04-13,13.36,2656.3,126.0,22.64,17.41,93.94,51.1426,25.2,28.52,123.2634735107422,2018-04-01,157.6060239331061,-0.2890821874502216,0.08356851110100505
2018-04-16,13.43,2677.84,131.47,22.82,16.56,93.22,49.741,21.8,28.84,123.2634735107422,2018-04-01,157.6060239331061,0.8076322362107757,0.6522698289668183
2018-04-17,13.07,2706.39,130.57,23.08,15.25,89.59,48.3408,29.4,27.88,123.2634735107422,2018-04-01,157.6060239331061,1.0605144127271393,1.1246908196019891
2018-04-18,13.46,2708.64,146.26,22.54,15.6,92.41,50.0027,29.4,29.42,123.2634735107422,2018-04-01,157.6060239331061,0.08310203745819628,0.006905948629703457
2018-04-19,12.88,2693.13,138.2,22.61,15.96,95.38,51.0989,29.3,29.36,123.2634735107422,2018-04-01,157.6060239331061,-0.5742577941307845,0.32977201411995444
2018-04-20,12.14,2670.14,133.07,22.78,16.88,99.21,52.7054,29.2,28.99,123.2634735107422,2018-04-01,157.6060239331061,-0.857318047104584,0.7349942338912178
2018-04-23,12.13,2670.29,126.48,20.96,16.34,96.87,52.79,33.1,28.97,123.2634735107422,2018-04-01,157.6060239331061,0.005617525182039568,3.1556589170848685e-05
2018-04-24,12.24,2634.56,126.5,20.18,18.02,100.81,52.9989,41.8,29.15,123.2634735107422,2018-04-01,157.6060239331061,-1.3470895618345118,1.814650287603497
2018-04-25,11.97,2639.4,124.29,17.88,17.84,97.8,55.2013,41.7,28.16,123.2634735107422,2018-04-01,157.6060239331061,0.18354334726678417,0.033688160325895326
2018-04-26,11.49,2666.94,127.08,17.33,16.24,90.71,53.1378,39.3,26.86,123.2634735107422,2018-04-01,157.6060239331061,1.0380129158368219,1.0774708134440611
2018-04-27,10.99,2669.91,128.4,17.31,15.41,92.15,51.2666,46.0,25.59,123.2634735107422,2018-04-01,157.6060239331061,0.11130162199066156,0.012388051057752116
2018-04-30,11.15,2648.05,130.77,17.0,15.93,94.3,50.3548,41.8,28.28,123.2634735107422,2018-04-01,157.6060239331061,-0.8221243907144358,0.6758885138075822
2018-05-01,11.88,2654.8,128.21,15.03,15.49,89.97,51.7834,36.5,28.07,125.66661834716795,2018-05-01,175.85817935206288,0.25458022179105094,0.06481108932718069
2018-05-02,11.64,2635.67,122.42,14.64,15.97,93.79,49.0506,35.9,27.32,125.66661834716795,2018-05-01,175.85817935206288,-0.7231903167589714,0.5230042342539414
2018-05-03,11.46,2629.73,126.79,14.03,15.9,91.07,49.4334,34.7,26.69,125.66661834716795,2018-05-01,175.85817935206288,-0.22562397993906033,0.0509061803235415
2018-05-07,11.32,2672.63,123.04,12.41,14.75,90.71,48.0187,28.6,28.86,125.66661834716795,2018-05-01,175.85817935206288,1.6181827003491749,2.6185152517093475
2018-05-08,11.5,2671.92,125.1,12.34,14.71,89.5,48.8187,28.2,26.76,125.66661834716795,2018-05-01,175.85817935206288,-0.026569121971978242,0.000705918242361857
2018-05-09,11.39,2697.79,126.05,11.42,13.42,93.89,49.3744,27.7,26.71,125.66661834716795,2018-05-01,175.85817935206288,0.9635604216150478,0.9284486861029687
2018-05-10,11.42,2723.07,129.35,11.63,13.23,93.02,47.8065,21.2,26.61,125.66661834716795,2018-05-01,175.85817935206288,0.9327000979503942,0.869929472716675
2018-05-14,11.15,2730.13,133.97,11.25,12.93,92.62,48.3398,19.0,25.93,125.66661834716795,2018-05-01,175.85817935206288,0.25893068086577026,0.06704509749361136
2018-05-15,11.91,2711.45,136.76,11.21,14.63,99.18,52.6574,17.9,26.61,125.66661834716795,2018-05-01,175.85817935206288,-0.6865679959648896,0.47137561308324466
2018-05-16,11.77,2722.46,134.45,10.8,13.42,94.79,55.1322,11.2,25.73,125.66661834716795,2018-05-01,175.85817935206288,0.40523361876279773,0.1642142857755925
2018-05-17,11.64,2720.13,134.78,10.8,13.43,93.48,54.1936,12.5,25.11,125.66661834716795,2018-05-01,175.85817935206288,-0.08562100552650634,0.007330956587370029
2018-05-18,11.11,2712.97,133.32,10.65,13.42,94.76,53.2606,12.3,25.23,125.66661834716795,2018-05-01,175.85817935206288,-0.26356975373117936,0.06946901508191454
2018-05-21,11.62,2733.01,134.02,10.57,13.08,91.04,53.0812,11.3,25.79,125.66661834716795,2018-05-01,175.85817935206288,0.7359590175901056,0.5416356755721934
2018-05-22,10.9,2724.44,134.61,10.62,13.22,90.47,52.5716,10.9,25.89,125.66661834716795,2018-05-01,175.85817935206288,-0.31406635129493404,0.09863767301571291
2018-05-23,11.18,2733.29,135.61,9.48,12.58,89.8,53.2687,9.8,26.04,125.66661834716795,2018-05-01,175.85817935206288,0.3243109408800207,0.1051775863744843
2018-05-24,10.99,2727.76,139.24,9.46,12.53,90.64,52.1608,8.0,25.37,125.66661834716795,2018-05-01,175.85817935206288,-0.20252522464269634,0.04101646661657462
2018-05-25,10.31,2721.33,140.78,8.77,13.22,93.78,54.095,12.0,27.76,125.66661834716795,2018-05-01,175.85817935206288,-0.23600281824850003,0.05569733022123454
2018-05-29,12.33,2689.86,141.84,9.6,17.02,108.67,62.9975,11.2,29.04,125.66661834716795,2018-05-01,175.85817935206288,-1.1631583739263907,1.3529374028350851
2018-05-30,10.87,2724.01,143.89,10.2,14.94,99.08,61.8624,7.9,27.9,125.66661834716795,2018-05-01,175.85817935206288,1.2615911702766043,1.591612280919892
2018-05-31,10.92,2705.27,140.07,10.47,15.43,100.63,60.5438,11.1,27.61,125.66661834716795,2018-05-01,175.85817935206288,-0.69033368781207,0.4765606005282126
2018-06-01,10.58,2734.62,134.53,10.8,13.46,93.3,56.9385,14.5,28.65,103.96858978271484,2018-06-01,178.29760461210213,1.079076407564197,1.164405893361653
2018-06-04,10.54,2746.87,132.7,10.91,12.74,90.83,54.2952,9.7,29.49,103.96858978271484,2018-06-01,178.29760461210213,0.4469595089461682,0.19977280263739983
2018-06-05,10.46,2748.8,132.58,10.09,12.4,89.84,54.4626,11.7,29.3,103.96858978271484,2018-06-01,178.29760461210213,0.07023711683356189,0.004933252581091423
2018-06-06,10.31,2772.35,136.57,10.41,11.64,88.12,56.4419,11.0,29.14,103.96858978271484,2018-06-01,178.29760461210213,0.853088317566569,0.7277596775685593
2018-06-07,10.55,2770.37,133.84,10.41,12.13,91.28,56.5817,10.5,28.05,103.96858978271484,2018-06-01,178.29760461210213,-0.07144506972109346,0.005104397987451906
2018-06-08,10.69,2779.03,133.11,9.89,12.18,93.49,59.5738,10.2,27.59,103.96858978271484,2018-06-01,178.29760461210213,0.31210606659344703,0.09741019680443319
2018-06-11,10.54,2782.0,138.93,9.44,12.35,94.54,57.8304,9.2,26.86,103.96858978271484,2018-06-01,178.29760461210213,0.10681475490628696,0.011409391865690155
2018-06-12,10.52,2786.85,142.82,9.43,12.34,95.71,55.9633,11.2,26.58,103.96858978271484,2018-06-01,178.29760461210213,0.17418322369011133,0.03033979541507936
2018-06-13,10.6,2775.63,141.74,9.48,12.94,100.01,53.7911,9.6,27.08,103.96858978271484,2018-06-01,178.29760461210213,-0.4034177279463059,0.1627458632213597
2018-06-14,9.83,2782.49,142.39,9.1,12.12,98.21,52.4959,16.2,26.69,103.96858978271484,2018-06-01,178.29760461210213,0.24684618120292837,0.06093303717446895
2018-06-15,10.65,2779.66,140.92,8.93,11.98,101.66,53.0803,15.1,27.64,103.96858978271484,2018-06-01,178.29760461210213,-0.10175922059649557,0.010354938976406249
2018-06-18,9.82,2773.75,140.92,8.96,12.31,99.87,52.327,12.2,27.58,103.96858978271484,2018-06-01,178.29760461210213,-0.2128422800086842,0.045301836159295124
2018-06-19,10.99,2762.59,139.35,9.02,13.35,104.13,52.4,11.2,28.01,103.96858978271484,2018-06-01,178.29760461210213,-0.4031549765965106,0.16253393515453302
2018-06-20,11.08,2767.32,140.82,8.69,12.79,98.51,51.9226,10.1,28.06,103.96858978271484,2018-06-01,178.29760461210213,0.1710697336312203,0.029264853764656665
2018-06-21,11.22,2749.76,139.94,9.06,14.64,107.45,53.0869,8.6,27.78,103.96858978271484,2018-06-01,178.29760461210213,-0.6365707692292354,0.40522234423710046
2018-06-22,10.67,2754.88,140.54,9.04,13.77,102.49,53.0257,3.2,25.52,103.96858978271484,2018-06-01,178.29760461210213,0.18602493447316099,0.03460527624574384
2018-06-25,10.83,2717.07,134.66,10.14,17.33,114.32,53.0406,3.3,26.1,103.96858978271484,2018-06-01,178.29760461210213,-1.3819790665146472,1.9098661402846957
2018-06-26,10.97,2723.06,134.92,10.12,15.92,107.52,51.2968,3.5,25.67,103.96858978271484,2018-06-01,178.29760461210213,0.22021541473088704,0.04849482888509658
2018-06-27,11.01,2699.63,131.3,9.7,17.91,112.75,53.0487,1.1,27.69,103.96858978271484,2018-06-01,178.29760461210213,-0.8641521386801524,0.7467589187854813
2018-06-28,11.03,2716.31,136.34,8.8,16.85,108.88,52.131,-2.3,27.35,103.96858978271484,2018-06-01,178.29760461210213,0.6159615039220663,0.37940857431393366
2018-06-29,10.75,2718.37,141.72,8.45,16.09,105.97,51.1681,-4.9,27.18,103.96858978271484,2018-06-01,178.29760461210213,0.07580943491275485,0.005747070421791215
2018-07-02,11.75,2726.71,140.89,7.67,15.6,104.8,50.2512,5.5,28.65,110.02842712402344,2018-07-01,223.670572666726,0.30633182696388056,0.09383918821102886
2018-07-03,11.41,2713.22,134.57,7.57,16.14,108.5,51.2172,8.9,28.58,110.02842712402344,2018-07-01,223.670572666726,-0.4959632808581322,0.24597957595956252
2018-07-05,11.32,2736.61,139.86,8.07,14.97,103.22,51.4624,10.5,28.77,110.02842712402344,2018-07-01,223.670572666726,0.8583806694084265,0.7368173736140584
2018-07-06,10.65,2759.82,141.02,8.03,13.37,95.74,50.1345,12.6,28.13,110.02842712402344,2018-07-01,223.670572666726,0.8445532084704199,0.7132701219376806
2018-07-09,10.55,2784.17,138.96,8.6,12.69,94.16,49.6901,13.3,28.12,110.02842712402344,2018-07-01,223.670572666726,0.8784343615273702,0.7716469275119985
2018-07-10,10.69,2793.84,139.26,8.63,12.64,91.96,49.8114,13.9,26.9,110.02842712402344,2018-07-01,223.670572666726,0.34671897996766143,0.12021405106981561
2018-07-11,11.25,2774.02,136.85,8.92,13.63,104.5,50.4776,13.9,28.56,110.02842712402344,2018-07-01,223.670572666726,-0.7119461953973613,0.5068673851407777
2018-07-12,10.82,2798.29,138.22,9.31,12.58,100.82,48.5729,14.9,27.81,110.02842712402344,2018-07-01,223.670572666726,0.8710984661528809,0.7588125377339018
2018-07-13,10.99,2801.31,142.48,9.26,12.18,99.81,48.2815,13.9,27.54,110.02842712402344,2018-07-01,223.670572666726,0.10786485794734958,0.011634827580001905
2018-07-16,11.46,2798.43,148.16,9.25,12.83,100.95,47.7875,13.5,29.01,110.02842712402344,2018-07-01,223.670572666726,-0.1028619276585639,0.010580576161635633
2018-07-17,11.79,2809.55,149.58,9.34,12.06,98.56,46.6417,11.0,28.0,110.02842712402344,2018-07-01,223.670572666726,0.3965782536343808,0.15727431125569527
2018-07-18,12.15,2815.62,154.25,9.34,12.1,98.08,45.2649,-1.1,27.24,110.02842712402344,2018-07-01,223.670572666726,0.2158157835582412,0.04657645243285761
2018-07-19,12.66,2804.49,150.98,9.35,12.87,100.58,47.1125,0.8,26.84,110.02842712402344,2018-07-01,223.670572666726,-0.39607817464154277,0.15687792042737644
2018-07-20,12.1,2801.83,152.72,9.33,12.86,102.76,49.0476,-0.1,26.01,110.02842712402344,2018-07-01,223.670572666726,-0.09489291369751975,0.009004665070004931
2018-07-23,12.22,2806.98,153.78,8.96,12.62,102.04,51.5057,-2.3,26.15,110.02842712402344,2018-07-01,223.670572666726,0.1836397184893872,0.03372354620686138
2018-07-24,11.74,2820.4,145.94,9.05,12.41,98.68,50.3082,-1.1,25.65,110.02842712402344,2018-07-01,223.670572666726,0.47695465529177933,0.22748574320450005
2018-07-25,11.65,2846.07,145.09,8.42,12.29,94.2,48.2909,-5.4,25.34,110.02842712402344,2018-07-01,223.670572666726,0.9060376426541358,0.8209042099062634
2018-07-26,11.43,2837.44,142.18,8.48,12.14,91.66,49.2705,-4.4,24.88,110.02842712402344,2018-07-01,223.670572666726,-0.30368580797846917,0.09222506996753564
2018-07-27,11.05,2818.82,144.57,8.33,13.03,97.15,48.8313,-5.1,24.97,110.02842712402344,2018-07-01,223.670572666726,-0.6583879546122514,0.43347469877850403
2018-07-30,11.18,2802.6,141.57,8.36,14.26,101.41,49.4151,-3.3,25.83,110.02842712402344,2018-07-01,223.670572666726,-0.5770799909402402,0.3330213159435877
2018-07-31,11.21,2816.29,144.49,8.47,12.83,94.13,46.5038,-2.2,26.52,110.02842712402344,2018-07-01,223.670572666726,0.48728581939806326,0.23744746978644193
2018-08-01,10.91,2813.36,142.77,8.45,13.15,95.28,48.3833,-2.8,26.45,112.74168395996094,2018-08-01,179.89444276368334,-0.10409173801414606,0.010835089922805621
2018-08-02,11.08,2827.22,143.83,8.53,12.19,91.66,47.9971,-2.4,25.73,112.74168395996094,2018-08-01,179.89444276368334,0.4914398127409042,0.241513089546815
2018-08-03,10.77,2840.35,146.19,8.19,11.64,86.6,47.666,-15.0,25.61,112.74168395996094,2018-08-01,179.89444276368334,0.46333873211502113,0.21468278067795532
2018-08-06,11.02,2850.4,142.01,7.82,11.27,84.66,46.8562,-13.9,25.42,112.74168395996094,2018-08-01,179.89444276368334,0.3532051293110495,0.12475386337163522
2018-08-07,11.11,2858.45,138.94,7.26,10.93,83.21,47.1489,-13.0,25.22,112.74168395996094,2018-08-01,179.89444276368334,0.28201845679715165,0.07953440997424689
2018-08-08,11.43,2857.7,139.84,7.16,10.85,84.42,46.8358,-13.1,26.41,112.74168395996094,2018-08-01,179.89444276368334,-0.02624143888119613,0.0006886131145555519
2018-08-09,10.99,2853.58,138.61,6.8,11.27,88.69,47.3541,-12.0,25.4,112.74168395996094,2018-08-01,179.89444276368334,-0.144275914144179,0.02081553940213851
2018-08-10,11.78,2833.28,149.2,6.77,13.16,99.07,50.6302,-11.9,25.45,112.74168395996094,2018-08-01,179.89444276368334,-0.7139295225622618,0.5096953631859791
2018-08-13,11.73,2821.93,159.03,6.87,14.78,107.78,50.7723,-11.2,25.31,112.74168395996094,2018-08-01,179.89444276368334,-0.40140031013779487,0.1611222089787179
2018-08-14,11.88,2839.96,152.41,7.2,13.31,100.34,49.8427,-10.4,26.18,112.74168395996094,2018-08-01,179.89444276368334,0.6368919546678298,0.40563136192060895
2018-08-15,13.16,2818.37,148.4,7.53,14.64,111.13,51.5202,-6.2,27.26,112.74168395996094,2018-08-01,179.89444276368334,-0.7631263915857994,0.5823618895347629
2018-08-16,13.39,2840.69,148.45,7.98,13.45,103.49,50.6087,-13.3,26.33,112.74168395996094,2018-08-01,179.89444276368334,0.7888276759113128,0.622249102283643
2018-08-17,12.89,2850.13,146.01,7.92,12.64,101.81,50.6949,-16.3,25.71,112.74168395996094,2018-08-01,179.89444276368334,0.331762686521854,0.11006648016819795
2018-08-20,12.4,2857.05,145.55,7.95,12.49,100.77,50.9746,-16.4,25.26,112.74168395996094,2018-08-01,179.89444276368334,0.2425016695182756,0.058807059719150956
2018-08-21,11.86,2862.96,144.7,7.95,12.86,101.56,50.3166,-16.5,25.08,112.74168395996094,2018-08-01,179.89444276368334,0.20664306891217007,0.04270135792943987
2018-08-22,11.81,2861.82,143.75,7.8,12.25,95.72,49.6368,-17.3,24.72,112.74168395996094,2018-08-01,179.89444276368334,-0.03982685850175957,0.0015861786581191787
2018-08-23,11.6,2856.98,147.38,7.13,12.41,95.92,49.1983,-20.2,24.35,112.74168395996094,2018-08-01,179.89444276368334,-0.16926632005294404,0.028651087104265685
2018-08-24,11.71,2874.69,148.2,7.39,11.99,93.95,49.1577,-19.2,23.31,112.74168395996094,2018-08-01,179.89444276368334,0.6179719474590772,0.38188932784636453
2018-08-27,11.77,2896.74,144.85,7.57,12.16,93.39,49.3802,-20.9,23.68,112.74168395996094,2018-08-01,179.89444276368334,0.7641124395724228,0.5838678203093195
2018-08-28,11.46,2897.52,140.88,7.31,12.5,92.31,49.9473,-20.1,24.5,112.74168395996094,2018-08-01,179.89444276368334,0.026923196567344022,0.0007248585134038449
2018-08-29,11.25,2914.04,140.76,7.46,12.25,91.1,49.1,-17.9,24.32,112.74168395996094,2018-08-01,179.89444276368334,0.5685235804660677,0.3232190615459573
2018-08-30,11.41,2901.13,141.82,7.63,13.53,95.11,50.4093,-18.4,24.89,112.74168395996094,2018-08-01,179.89444276368334,-0.4440118245784964,0.19714650036552547
2018-08-31,10.96,2901.52,146.91,7.45,12.86,92.73,50.7097,-17.7,25.02,112.74168395996094,2018-08-01,179.89444276368334,0.013442134217546059,0.0001806909723225226
2018-09-04,11.42,2896.72,142.18,7.31,13.16,95.23,49.5692,-5.9,26.7,75.05390930175781,2018-09-01,195.88747789463088,-0.1655675203683984,0.027412603800940016
2018-09-05,11.24,2888.6,142.22,7.24,13.91,97.94,48.3958,-6.0,26.62,75.05390930175781,2018-09-01,195.88747789463088,-0.2807106722542491,0.07879848151743246
2018-09-06,11.54,2878.05,140.56,7.26,14.65,101.36,48.6547,-4.5,26.16,75.05390930175781,2018-09-01,195.88747789463088,-0.3658974194848502,0.13388092158567244
2018-09-07,11.3,2871.68,145.87,7.31,14.88,102.38,49.4302,-3.6,26.07,75.05390930175781,2018-09-01,195.88747789463088,-0.2215757124654065,0.049095796354552496
2018-09-10,11.33,2877.13,144.88,7.31,14.16,100.38,47.6915,-4.8,26.13,75.05390930175781,2018-09-01,195.88747789463088,0.18960451407243312,0.035949871756643485
2018-09-11,11.26,2887.89,147.88,6.94,13.22,96.44,47.9734,-4.6,27.14,75.05390930175781,2018-09-01,195.88747789463088,0.3732862156378708,0.13934259878524297
2018-09-12,11.18,2888.92,148.75,6.82,13.14,97.24,46.789,-4.2,26.94,75.05390930175781,2018-09-01,195.88747789463088,0.035659819551439806,0.0012716227304412485
2018-09-13,11.15,2904.18,150.64,6.72,12.37,91.06,46.0558,-10.1,26.7,75.05390930175781,2018-09-01,195.88747789463088,0.5268348654683924,0.27755497547309915
2018-09-14,10.84,2904.98,151.59,6.2,12.07,88.07,47.45,-8.5,26.4,75.05390930175781,2018-09-01,195.88747789463088,0.027542708586353853,0.0007586007962728103
2018-09-17,10.85,2888.8,150.95,5.85,13.68,96.34,46.8087,-8.3,26.49,75.05390930175781,2018-09-01,195.88747789463088,-0.5585314617480499,0.3119573937624133
2018-09-18,10.78,2904.31,151.37,6.06,12.79,92.49,47.9674,-6.7,26.8,75.05390930175781,2018-09-01,195.88747789463088,0.5354649595431229,0.28672272289851825
2018-09-19,10.81,2907.95,145.19,6.01,11.75,88.18,48.7934,-7.5,26.35,75.05390930175781,2018-09-01,195.88747789463088,0.12525249991826695,0.015688188735775464
2018-09-20,10.72,2930.75,144.84,6.57,11.8,87.31,49.3444,-5.1,26.07,75.05390930175781,2018-09-01,195.88747789463088,0.7809997394075652,0.6099605929546847
2018-09-21,10.76,2929.67,141.55,6.58,11.68,90.2,48.8315,-2.8,26.15,75.05390930175781,2018-09-01,195.88747789463088,-0.036857427018063466,0.0013584699263918746
2018-09-24,10.97,2919.37,138.84,6.62,12.2,91.51,48.3059,-1.9,26.97,75.05390930175781,2018-09-01,195.88747789463088,-0.35219491222055666,0.1240412561940456
2018-09-25,10.83,2915.56,137.68,6.23,12.42,91.07,49.3793,-0.2,26.83,75.05390930175781,2018-09-01,195.88747789463088,-0.13059284486635184,0.017054491130287036
2018-09-26,10.76,2905.97,140.98,5.72,12.89,91.56,47.4395,-0.3,26.53,75.05390930175781,2018-09-01,195.88747789463088,-0.32946695026326334,0.10854847131577564
2018-09-27,10.86,2914.0,142.1,5.78,12.41,87.66,45.7079,-2.5,26.45,75.05390930175781,2018-09-01,195.88747789463088,0.2759466146894934,0.07614653415859172
2018-09-28,10.74,2913.98,144.43,5.4,12.12,87.31,46.1634,-5.2,26.73,75.05390930175781,2018-09-01,195.88747789463088,-0.0006863441535533463,4.7106829711685943e-07
2018-10-01,11.03,2924.59,141.52,5.31,12.0,86.97,44.2847,-7.6,27.95,92.0164794921875,2018-10-01,221.6712405634203,0.36344555873070566,0.1320926741610748
2018-10-02,11.24,2923.43,137.98,5.31,12.05,88.12,45.3545,-7.7,27.68,92.0164794921875,2018-10-01,221.6712405634203,-0.03967154747124362,0.0015738316787631361
2018-10-03,11.21,2925.51,136.33,5.3,11.61,85.8,50.2064,8.8,28.04,92.0164794921875,2018-10-01,221.6712405634203,0.07112400153475562,0.00505862359431592
2018-10-04,11.59,2901.61,136.73,6.05,14.22,99.44,55.0667,11.1,28.9,92.0164794921875,2018-10-01,221.6712405634203,-0.8203069104388573,0.6729034273137434
2018-10-05,11.64,2885.57,130.28,6.2,14.82,102.63,55.1865,6.4,28.84,92.0164794921875,2018-10-01,221.6712405634203,-0.5543301253226848,0.3072818878402634
2018-10-09,12.03,2880.34,128.98,6.12,15.95,103.92,53.4469,6.6,27.9,92.0164794921875,2018-10-01,221.6712405634203,-0.18141113664026814,0.03291000049711404
2018-10-10,12.51,2785.68,127.65,12.84,22.96,135.61,55.7,7.1,28.81,92.0164794921875,2018-10-01,221.6712405634203,-3.3416333989061715,11.166513772685212
2018-10-11,13.57,2728.37,130.85,14.86,24.98,129.3,56.0697,-0.7,29.29,92.0164794921875,2018-10-01,221.6712405634203,-2.078764746357497,4.3212628706987495
2018-10-12,12.76,2767.13,125.51,15.48,21.31,124.81,54.3741,-1.9,27.73,92.0164794921875,2018-10-01,221.6712405634203,1.4106320709680948,1.9898828396437362
2018-10-15,13.13,2750.79,128.32,15.59,21.3,118.78,51.2463,-5.4,28.59,92.0164794921875,2018-10-01,221.6712405634203,-0.5922538841602318,0.3507646633028813
2018-10-16,12.2,2809.92,132.15,17.14,17.62,111.78,50.1799,-0.5,28.59,92.0164794921875,2018-10-01,221.6712405634203,2.1267870038650147,4.523222959809126
2018-10-17,12.14,2809.21,130.65,17.03,17.4,109.28,48.9863,-2.6,28.13,92.0164794921875,2018-10-01,221.6712405634203,-0.025270816079308065,0.000638614145314215
2018-10-18,12.23,2768.78,125.96,17.76,20.06,116.82,52.635,-1.9,28.53,92.0164794921875,2018-10-01,221.6712405634203,-1.449651506164546,2.101489489325137
2018-10-19,11.76,2767.78,124.94,17.54,19.89,114.95,52.0433,-1.7,27.42,92.0164794921875,2018-10-01,221.6712405634203,-0.03612351391023696,0.001304908257223083
2018-10-22,11.68,2755.88,125.68,17.6,19.64,112.15,51.8496,-0.5,27.76,92.0164794921875,2018-10-01,221.6712405634203,-0.4308743988789517,0.18565274760929795
2018-10-23,12.31,2740.69,126.54,17.67,20.71,108.71,55.0139,-0.2,29.38,92.0164794921875,2018-10-01,221.6712405634203,-0.5527097324213361,0.305488048313265
2018-10-24,13.11,2656.1,128.91,20.68,25.23,118.58,57.693,-4.3,29.8,92.0164794921875,2018-10-01,221.6712405634203,-3.135083200711912,9.828746675386046
2018-10-25,12.3,2705.57,125.26,21.6,24.22,113.91,56.6997,-4.7,28.5,92.0164794921875,2018-10-01,221.6712405634203,1.845372947933219,3.405401316963739
2018-10-26,12.92,2658.69,121.7,22.44,24.16,110.49,62.7013,-3.5,29.09,92.0164794921875,2018-10-01,221.6712405634203,-1.7479090705260276,3.055186118827162
2018-10-29,12.98,2641.25,120.83,22.52,24.7,110.39,59.7688,-1.9,29.46,92.0164794921875,2018-10-01,221.6712405634203,-0.658123033377329,0.43312592706177694
2018-10-30,12.3,2682.63,118.11,23.09,23.35,106.08,61.7929,-1.0,29.9,92.0164794921875,2018-10-01,221.6712405634203,1.5545366655688744,2.4165842445979946
2018-10-31,12.08,2711.74,117.64,23.37,21.23,102.9,60.1285,5.4,30.12,92.0164794921875,2018-10-01,221.6712405634203,1.0792838671999128,1.1648536659979989
2018-11-01,12.6,2740.37,118.28,23.64,19.34,99.57,58.5415,0.2,31.54,80.40758514404297,2018-11-01,247.179188098124,1.0502452503904893,1.1030150859677816
2018-11-02,12.5,2723.06,115.73,23.55,19.51,102.38,61.416,6.1,32.21,80.40758514404297,2018-11-01,247.179188098124,-0.6336699810107039,0.40153764483410587
2018-11-05,12.39,2738.31,118.89,23.59,19.96,101.83,59.897,10.0,32.68,80.40758514404297,2018-11-01,247.179188098124,0.5584693817028391,0.3118880502995514
2018-11-06,12.47,2755.45,119.93,23.67,19.91,102.48,59.0075,9.8,34.15,80.40758514404297,2018-11-01,247.179188098124,0.6239826862749526,0.3893543927709059
2018-11-08,11.41,2806.83,121.85,22.03,16.72,95.4,51.5845,9.7,32.23,80.40758514404297,2018-11-01,247.179188098124,1.8474964017829019,3.4132429546007694
2018-11-09,11.44,2781.01,120.06,20.99,17.36,100.55,53.5442,10.0,35.1,80.40758514404297,2018-11-01,247.179188098124,-0.924156159302086,0.8540646067759826
2018-11-13,12.19,2722.18,122.06,21.4,20.02,105.32,52.234,10.4,55.71,80.40758514404297,2018-11-01,247.179188098124,-2.1381141184105688,4.5715319833466035
2018-11-14,12.88,2701.58,120.68,20.25,21.25,111.42,53.8998,10.6,47.07,80.40758514404297,2018-11-01,247.179188098124,-0.7596242848709707,0.5770290541657336
2018-11-15,12.12,2730.2,120.76,20.52,19.98,107.38,56.2239,13.0,43.87,80.40758514404297,2018-11-01,247.179188098124,1.0538079545354202,1.1105112050421262
2018-11-16,12.05,2736.27,118.71,19.91,18.14,101.93,60.4328,14.0,40.56,80.40758514404297,2018-11-01,247.179188098124,0.2220812515123669,0.04932008227329917
2018-11-19,12.57,2690.73,115.79,20.76,20.1,107.13,59.4651,8.8,43.45,80.40758514404297,2018-11-01,247.179188098124,-1.6783146839093228,2.81674017822565
2018-11-20,12.63,2641.89,119.55,21.56,22.48,107.61,59.4874,8.9,56.56,80.40758514404297,2018-11-01,247.179188098124,-1.8317962154308476,3.3554773748667763
2018-11-21,12.12,2649.93,119.31,21.49,20.8,100.27,57.6452,3.9,51.79,80.40758514404297,2018-11-01,247.179188098124,0.3038654446444182,0.09233420844895
2018-11-23,12.1,2632.56,117.21,18.75,21.52,99.29,57.3123,1.9,65.17,80.40758514404297,2018-11-01,247.179188098124,-0.6576467765855122,0.43249928275331456
2018-11-26,11.83,2673.45,117.57,18.46,18.9,92.17,51.5345,-0.8,57.87,80.40758514404297,2018-11-01,247.179188098124,1.5413016366781476,2.3756107352267364
2018-11-27,12.01,2682.17,115.83,17.44,19.02,91.54,51.2362,-1.4,54.64,80.40758514404297,2018-11-01,247.179188098124,0.3256395228060269,0.10604109881333693
2018-11-28,11.43,2743.79,115.96,19.06,18.49,93.55,50.7621,-4.9,53.99,80.40758514404297,2018-11-01,247.179188098124,2.271400793888423,5.159261566476958
2018-11-29,11.39,2737.76,115.49,18.33,18.79,93.36,50.9159,-4.5,53.96,80.40758514404297,2018-11-01,247.179188098124,-0.22001085212538246,0.04840477505293691
2018-11-30,11.26,2760.17,114.71,18.13,18.07,93.59,52.4322,-5.3,56.04,80.40758514404297,2018-11-01,247.179188098124,0.8152204233588811,0.6645843386614334
2018-12-03,10.93,2790.37,118.46,18.26,16.44,85.87,50.3104,-2.8,49.61,90.607666015625,2018-12-01,270.7562562418594,1.0881931492828127,1.184164330146046
2018-12-04,11.63,2700.06,117.76,21.37,20.74,96.57,53.8639,-3.1,49.84,90.607666015625,2018-12-01,270.7562562418594,-3.290020854234479,10.82423722129777
2018-12-07,12.22,2633.08,114.3,22.6,23.23,96.49,60.7438,-6.5,41.83,90.607666015625,2018-12-01,270.7562562418594,-2.5119731340135467,6.31000902600584
2018-12-10,12.04,2637.72,117.64,21.39,22.64,91.78,60.2587,-5.6,45.06,90.607666015625,2018-12-01,270.7562562418594,0.1760644000385231,0.030998672960925098
2018-12-11,11.46,2636.78,116.8,21.38,21.76,89.77,58.7319,-7.1,41.46,90.607666015625,2018-12-01,270.7562562418594,-0.03564318930519869,0.0012704369438462303
2018-12-12,11.29,2651.07,116.78,21.2,21.46,91.41,58.2275,-7.3,39.9,90.607666015625,2018-12-01,270.7562562418594,0.5404856335625491,0.29212472008751006
2018-12-13,10.69,2650.54,117.03,20.17,20.65,93.0,55.7492,-4.2,39.25,90.607666015625,2018-12-01,270.7562562418594,-0.01999392643992198,0.0003997570944850112
2018-12-14,10.77,2599.95,118.6,21.2,21.63,96.45,56.1275,-7.3,42.38,90.607666015625,2018-12-01,270.7562562418594,-1.9271178750727642,3.713783304424966
2018-12-17,11.75,2545.94,123.96,22.27,24.52,101.55,55.4075,-14.3,46.59,90.607666015625,2018-12-01,270.7562562418594,-2.0992280594401733,4.406758445540956
2018-12-18,12.18,2546.16,124.23,22.02,25.58,103.64,59.3962,-9.4,53.35,90.607666015625,2018-12-01,270.7562562418594,0.008640835809843542,7.466404349267451e-05
2018-12-19,11.4,2506.96,125.38,22.68,25.58,105.05,59.009,-9.7,50.86,90.607666015625,2018-12-01,270.7562562418594,-1.5515478113209684,2.4073006108148873
2018-12-20,12.45,2467.42,124.07,22.61,28.38,109.65,58.762,-10.6,52.89,90.607666015625,2018-12-01,270.7562562418594,-1.5897793403096878,2.5273983508755062
2018-12-21,11.97,2416.62,122.17,23.01,30.11,106.61,61.6148,-16.3,51.76,90.607666015625,2018-12-01,270.7562562418594,-2.0803200653483116,4.327731574290803
2018-12-24,14.8,2351.1,118.27,24.65,36.07,111.88,66.0443,-16.2,56.73,90.607666015625,2018-12-01,270.7562562418594,-2.748656592240741,7.555113062068482
2018-12-26,14.47,2467.7,116.47,29.61,30.41,97.32,63.8872,-15.4,54.07,90.607666015625,2018-12-01,270.7562562418594,4.8403238994109445,23.428735451208773
2018-12-27,15.18,2488.83,115.18,29.26,29.96,95.89,68.3371,-17.5,57.16,90.607666015625,2018-12-01,270.7562562418594,0.8526177791668823,0.7269570773514665
2018-12-28,14.56,2485.74,117.26,29.24,28.34,91.24,66.6613,-17.9,53.11,90.607666015625,2018-12-01,270.7562562418594,-0.12423185913211249,0.01543355482342104
2018-12-31,13.48,2506.85,117.8,28.3,25.42,87.11,66.5828,-23.8,51.87,90.607666015625,2018-12-01,270.7562562418594,0.8456582977787399,0.7151379566020359
2019-01-02,13.18,2510.03,116.06,28.29,23.22,81.66,62.8045,-22.5,54.72,87.42410278320312,2019-01-01,263.22235818115234,0.12677203464647185,0.01607114876840626
2019-01-03,13.77,2447.89,112.22,29.55,25.45,83.8,65.7852,-25.0,53.57,87.42410278320312,2019-01-01,263.22235818115234,-2.506827626353524,6.284184748249244
2019-01-04,12.04,2531.94,111.44,31.5,21.38,84.44,65.8207,-11.6,51.52,87.42410278320312,2019-01-01,263.22235818115234,3.3759378318728883,11.396956244670617
2019-01-07,11.66,2549.69,113.56,29.5,21.4,82.74,60.8802,-12.1,50.42,87.42410278320312,2019-01-01,263.22235818115234,0.6985975834124729,0.48803858354974705
2019-01-08,11.16,2574.41,115.3,29.64,20.47,82.41,59.045,-9.0,46.08,87.42410278320312,2019-01-01,263.22235818115234,0.9648598495866724,0.930954529344416
2019-01-09,11.69,2584.96,117.01,28.63,19.98,86.62,57.0177,-8.5,44.36,87.42410278320312,2019-01-01,263.22235818115234,0.4089652304170427,0.16725255969006483
2019-01-10,10.95,2596.64,117.72,28.66,19.5,86.35,56.6493,-6.6,42.99,87.42410278320312,2019-01-01,263.22235818115234,0.4508267632578381,0.20324477046953882
2019-01-11,11.0,2596.26,119.09,28.66,18.19,83.85,55.9434,-6.1,40.99,87.42410278320312,2019-01-01,263.22235818115234,-0.01463536754715011,0.0002141939832401746
2019-01-14,11.06,2582.61,125.2,28.66,19.07,83.01,55.3414,-5.5,40.81,87.42410278320312,2019-01-01,263.22235818115234,-0.5271432420136155,0.2778799976006252
2019-01-15,11.06,2610.3,126.87,28.93,18.6,81.39,53.0115,-7.8,39.75,87.42410278320312,2019-01-01,263.22235818115234,1.06646417681244,1.1373458404242356
2019-01-16,11.08,2616.1,131.66,28.18,19.04,83.34,51.9493,-6.0,38.77,87.42410278320312,2019-01-01,263.22235818115234,0.2219501906088628,0.049261887111310534
2019-01-17,10.9,2635.96,133.02,27.35,18.06,82.79,53.4391,-3.2,37.03,87.42410278320312,2019-01-01,263.22235818115234,0.7562782854258203,0.5719568450066186
2019-01-18,11.12,2670.71,131.19,27.71,17.8,82.49,53.7818,-6.9,35.63,87.42410278320312,2019-01-01,263.22235818115234,1.3096912647036882,1.7152912088411463
2019-01-22,10.77,2632.9,122.82,27.6,20.8,93.81,54.6405,-5.8,38.26,87.42410278320312,2019-01-01,263.22235818115234,-1.4258454363476867,2.033035208353525
2019-01-23,10.61,2638.7,123.88,27.04,19.52,88.45,54.1942,-6.1,37.69,87.42410278320312,2019-01-01,263.22235818115234,0.22004713333086962,0.04842074088713351
2019-01-24,10.37,2642.33,130.92,26.02,18.89,84.89,54.1789,1.8,36.75,87.42410278320312,2019-01-01,263.22235818115234,0.13747320396555432,0.0188988818085549
2019-01-25,11.12,2664.76,126.11,24.61,17.42,83.38,52.496,2.3,35.21,87.42410278320312,2019-01-01,263.22235818115234,0.8452893602496171,0.714514102551207
2019-01-28,11.04,2643.85,123.06,18.4,18.87,86.44,50.9512,1.0,37.61,87.42410278320312,2019-01-01,263.22235818115234,-0.7877809121115847,0.6205987654873604
2019-01-29,11.25,2640.0,121.9,18.18,19.13,86.84,49.8021,-0.2,37.13,87.42410278320312,2019-01-01,263.22235818115234,-0.14572709979783427,0.021236387615487948
2019-01-30,11.14,2681.05,123.28,18.94,17.66,82.39,48.3202,2.6,35.59,87.42410278320312,2019-01-01,263.22235818115234,1.5429591679246102,2.3807229938826056
2019-01-31,10.74,2704.1,126.53,18.92,16.57,79.24,49.8117,4.5,34.97,87.42410278320312,2019-01-01,263.22235818115234,0.8560630907940894,0.7328440154199293
2019-02-01,10.12,2706.53,126.03,18.91,16.14,80.0,48.7887,27.3,33.4,96.80016326904295,2019-02-01,205.60189318904756,0.08982318744328292,0.00806820500247114
2019-02-04,10.11,2724.87,128.4,16.91,15.73,77.36,48.874,18.3,33.7,96.80016326904295,2019-02-01,205.60189318904756,0.6753348935356753,0.45607721842684196
2019-02-05,10.14,2737.7,123.42,12.31,15.57,80.62,48.6212,17.0,34.57,96.80016326904295,2019-02-01,205.60189318904756,0.46974312794430667,0.22065860625090128
2019-02-06,9.76,2731.61,123.72,12.05,15.38,84.99,47.4392,19.0,33.02,96.80016326904295,2019-02-01,205.60189318904756,-0.22269728784431775,0.04959408201321491
2019-02-07,9.72,2706.05,124.45,12.16,16.37,85.01,48.9702,17.0,34.34,96.80016326904295,2019-02-01,205.60189318904756,-0.9401171920809304,0.8838203348461329
2019-02-08,9.89,2707.88,127.72,12.03,15.72,82.7,49.628,17.1,32.56,96.80016326904295,2019-02-01,205.60189318904756,0.06760338865466207,0.004570218157593293
2019-02-11,10.18,2709.8,129.19,11.95,15.97,82.77,48.3198,17.3,33.34,96.80016326904295,2019-02-01,205.60189318904756,0.07087905082550859,0.00502383984592503
2019-02-12,10.03,2744.73,128.6,12.71,15.43,81.63,49.0236,15.2,32.69,96.80016326904295,2019-02-01,205.60189318904756,1.2807878037835878,1.6404173983207861
2019-02-13,9.55,2753.03,127.12,12.61,15.65,80.27,48.1677,15.4,32.26,96.80016326904295,2019-02-01,205.60189318904756,0.30194138361176875,0.0911685991373893
2019-02-14,9.92,2745.73,126.89,12.03,16.22,81.64,47.1872,-15.7,32.1,96.80016326904295,2019-02-01,205.60189318904756,-0.2655145628696972,0.0704979830958864
2019-02-15,10.16,2775.6,129.55,12.55,14.91,80.45,45.7323,-23.6,29.46,96.80016326904295,2019-02-01,205.60189318904756,1.0819962367806282,1.1707158564074411
2019-02-19,11.39,2779.76,124.68,12.33,14.88,78.64,45.0614,-18.3,31.0,96.80016326904295,2019-02-01,205.60189318904756,0.14976529973075328,0.02242964500344237
2019-02-20,10.92,2784.7,123.39,11.51,14.02,75.59,44.5448,-18.0,30.76,96.80016326904295,2019-02-01,205.60189318904756,0.17755546082880141,0.03152594167012803
2019-02-21,10.29,2774.88,122.42,10.53,14.46,76.64,46.5487,-23.6,30.16,96.80016326904295,2019-02-01,205.60189318904756,-0.35326446287138236,0.12479578072780628
2019-02-22,10.02,2792.67,121.08,10.75,13.51,74.98,47.2184,-23.4,29.85,96.80016326904295,2019-02-01,205.60189318904756,0.6390624438174243,0.40840080709789855
2019-02-25,9.91,2796.11,127.67,10.75,14.85,79.35,46.1606,-23.4,32.69,96.80016326904295,2019-02-01,205.60189318904756,0.12310380564024775,0.015154546963111895
2019-02-26,9.86,2793.9,125.53,10.38,15.17,80.53,46.2842,-30.5,31.57,96.80016326904295,2019-02-01,205.60189318904756,-0.07906963011304784,0.006252006406214201
2019-02-28,9.52,2784.49,128.85,10.09,14.7,80.0,47.2183,-29.8,30.27,96.80016326904295,2019-02-01,205.60189318904756,-0.3373736481479493,0.11382097846465629
2019-03-01,10.2,2803.69,126.97,8.85,13.57,79.27,47.9044,-43.4,30.31,82.32829284667969,2019-03-01,250.9071269488564,0.6871673980360752,0.47219903292366977
2019-03-04,10.26,2792.81,125.04,8.5,14.63,82.34,46.7423,-43.1,30.2,82.32829284667969,2019-03-01,250.9071269488564,-0.3888149274266251,0.15117704778977176
2019-03-05,10.19,2789.65,126.4,8.51,14.74,82.46,45.8567,-33.8,29.79,82.32829284667969,2019-03-01,250.9071269488564,-0.11321175028613038,0.012816900402849142
2019-03-06,10.13,2771.45,125.8,8.42,15.74,86.1,45.6342,-34.0,29.69,82.32829284667969,2019-03-01,250.9071269488564,-0.6545490992497904,0.428434523328712
2019-03-07,10.36,2748.93,123.14,8.78,16.59,88.7,45.8309,-33.3,30.43,82.32829284667969,2019-03-01,250.9071269488564,-0.8158903888960062,0.6656771266928762
2019-03-08,10.51,2743.07,125.73,8.8,16.05,87.24,45.8253,-42.1,29.77,82.32829284667969,2019-03-01,250.9071269488564,-0.21340139198386562,0.045540154100651466
2019-03-11,10.18,2783.3,132.93,9.57,14.33,81.23,44.8436,-31.9,29.18,82.32829284667969,2019-03-01,250.9071269488564,1.455954294099511,2.119802906506805
2019-03-12,10.08,2791.52,130.17,9.64,13.77,83.06,44.86,-39.4,28.56,82.32829284667969,2019-03-01,250.9071269488564,0.2948976274417827,0.08696461067079247
2019-03-13,10.14,2810.92,132.57,9.91,13.41,82.76,44.5688,-33.2,28.13,82.32829284667969,2019-03-01,250.9071269488564,0.692558154704747,0.4796367976480443
2019-03-14,10.08,2808.48,130.57,8.92,13.5,82.56,45.2381,-34.4,27.22,82.32829284667969,2019-03-01,250.9071269488564,-0.08684201706034471,0.007541535927109201
2019-03-15,10.01,2822.48,128.76,8.96,12.88,82.94,46.054,-36.2,26.27,82.32829284667969,2019-03-01,250.9071269488564,0.49725193739357393,0.24725948924166277
2019-03-18,9.79,2832.94,127.1,9.01,13.1,85.52,44.9477,-35.9,26.48,82.32829284667969,2019-03-01,250.9071269488564,0.3699110562037016,0.1368341895017381
2019-03-19,9.82,2832.57,123.13,8.22,13.56,87.36,43.6778,-36.3,28.44,82.32829284667969,2019-03-01,250.9071269488564,-0.013061489628502955,0.00017060251131549028
2019-03-20,10.15,2824.23,120.59,8.28,13.91,86.63,42.5322,-35.4,27.21,82.32829284667969,2019-03-01,250.9071269488564,-0.29486656918281007,0.08694629362164091
2019-03-21,10.2,2854.88,120.67,9.06,13.63,83.89,44.5137,-32.2,27.14,82.32829284667969,2019-03-01,250.9071269488564,1.0794049627223465,1.1651150735496303
2019-03-22,10.31,2800.71,117.55,11.12,16.48,98.5,52.2586,-33.8,27.78,82.32829284667969,2019-03-01,250.9071269488564,-1.915685423505291,3.669850641830646
2019-03-25,10.77,2798.36,117.6,10.87,16.33,97.2,57.1059,-33.9,29.32,82.32829284667969,2019-03-01,250.9071269488564,-0.08394251681050245,0.007046346128481487
2019-03-26,10.18,2818.46,117.8,11.14,14.68,89.85,56.5131,-40.3,27.92,82.32829284667969,2019-03-01,250.9071269488564,0.7157105194891676,0.5122415477074542
2019-03-27,10.36,2805.37,117.66,11.24,15.15,91.34,60.9728,-40.3,28.11,82.32829284667969,2019-03-01,250.9071269488564,-0.4655198908681941,0.21670876879393536
2019-03-28,10.35,2815.44,119.25,11.31,14.43,87.95,59.927,-40.0,28.52,82.32829284667969,2019-03-01,250.9071269488564,0.3583117299404196,0.12838729581289618
2019-03-29,9.94,2834.4,120.96,11.49,13.71,85.82,58.5478,-35.9,26.75,82.32829284667969,2019-03-01,250.9071269488564,0.671171968568772,0.4504718113924807
2019-04-01,10.13,2867.19,126.77,11.95,13.4,84.93,52.6899,-44.4,26.23,79.25344848632812,2019-04-01,191.50272316916957,1.1502181500052782,1.3230017926015645
2019-04-02,9.81,2867.24,127.31,11.88,13.36,83.28,54.2056,-44.8,26.28,79.25344848632812,2019-04-01,191.50272316916957,0.0017438524840564604,3.0410214861498876e-06
2019-04-03,9.69,2873.4,125.96,11.89,13.74,84.23,53.8399,-57.7,25.57,79.25344848632812,2019-04-01,191.50272316916957,0.21461030004631185,0.046057580885968
2019-04-04,9.92,2879.39,126.23,11.7,13.58,82.15,51.6954,-55.1,25.22,79.25344848632812,2019-04-01,191.50272316916957,0.20824685638528734,0.04336675319435449
2019-04-05,9.65,2892.74,128.75,11.45,12.82,79.1,49.2196,-53.1,24.0,79.25344848632812,2019-04-01,191.50272316916957,0.46256836918425714,0.21396949616978322
2019-04-08,9.71,2895.77,129.13,11.43,13.18,81.86,47.8937,-52.9,24.33,79.25344848632812,2019-04-01,191.50272316916957,0.10469016298636598,0.010960030226111873
2019-04-09,9.55,2878.2,127.66,10.42,14.28,88.14,48.8314,-55.7,24.66,79.25344848632812,2019-04-01,191.50272316916957,-0.608595272610467,0.3703882058438086
2019-04-10,9.45,2888.21,127.61,10.42,13.3,89.49,48.6003,-62.3,24.68,79.25344848632812,2019-04-01,191.50272316916957,0.34718343144997493,0.12053633507337945
2019-04-11,9.59,2888.32,126.23,10.15,13.02,88.06,46.9,-57.1,25.7,79.25344848632812,2019-04-01,191.50272316916957,0.003808514800869783,1.4504784988444203e-05
2019-04-12,9.28,2907.41,124.22,10.4,12.01,84.98,48.8439,-58.4,25.7,79.25344848632812,2019-04-01,191.50272316916957,0.6587632286936534,0.43396899147888673
2019-04-15,9.57,2905.58,127.69,10.3,12.32,84.17,47.6389,-57.4,25.51,79.25344848632812,2019-04-01,191.50272316916957,-0.0629624362145833,0.003964268374075471
2019-04-16,9.78,2907.06,125.81,10.22,12.18,83.58,48.3127,-63.2,25.57,79.25344848632812,2019-04-01,191.50272316916957,0.05092350573861668,0.002593203436710926
2019-04-17,9.39,2900.45,125.78,10.26,12.6,85.55,48.6528,-62.6,25.19,79.25344848632812,2019-04-01,191.50272316916957,-0.22763638303940603,0.051818322883263185
2019-04-18,8.96,2905.03,123.6,10.21,12.09,84.41,49.228,-59.2,24.45,79.25344848632812,2019-04-01,191.50272316916957,0.15778199046987368,0.02489515651663531
2019-04-22,9.56,2907.97,124.24,9.51,12.42,83.27,48.7782,-67.8,26.07,79.25344848632812,2019-04-01,191.50272316916957,0.10115259764941317,0.010231848011224067
2019-04-23,9.54,2933.68,124.65,7.43,12.28,81.43,49.7852,-65.8,26.56,79.25344848632812,2019-04-01,191.50272316916957,0.8802364401891406,0.7748161906368505
2019-04-24,9.48,2927.25,123.81,7.46,13.14,85.17,50.5232,-65.8,25.28,79.25344848632812,2019-04-01,191.50272316916957,-0.21941919046150143,0.04814478114278064
2019-04-25,9.35,2926.17,124.18,7.05,13.25,86.94,49.7858,-68.8,25.57,79.25344848632812,2019-04-01,191.50272316916957,-0.03690150415501984,0.0013617210089029465
2019-04-26,9.28,2939.88,126.29,7.05,12.73,84.12,49.4279,-57.1,31.24,79.25344848632812,2019-04-01,191.50272316916957,0.4674363485904015,0.21849673998352737
2019-04-29,9.46,2943.03,125.79,6.96,13.11,86.08,48.0523,-57.1,29.04,79.25344848632812,2019-04-01,191.50272316916957,0.10708986882482718,0.011468240004918693
2019-04-30,9.32,2945.83,126.47,6.6,13.12,88.56,49.4711,-58.7,29.31,79.25344848632812,2019-04-01,191.50272316916957,0.09509481329165209,0.009043023514974172
2019-05-01,9.19,2923.73,125.32,5.79,14.8,95.75,46.7453,-55.9,29.41,106.4719009399414,2019-05-01,241.37193003440052,-0.7530412649501568,0.5670711467177322
2019-05-02,9.08,2917.52,124.59,5.84,14.42,93.02,46.7165,-55.5,30.49,106.4719009399414,2019-05-01,241.37193003440052,-0.2126258023403761,0.04520973182088868
2019-05-03,8.89,2945.64,122.22,6.6,12.87,86.23,45.7821,-52.1,29.88,106.4719009399414,2019-05-01,241.37193003440052,0.9592170641481537,0.9200973761530031
2019-05-06,9.26,2932.47,123.23,6.71,15.44,94.85,47.8193,-47.2,30.91,106.4719009399414,2019-05-01,241.37193003440052,-0.44810396666553265,0.2007971649413848
2019-05-07,9.74,2884.05,116.88,8.73,19.32,111.54,52.3609,-44.7,34.07,106.4719009399414,2019-05-01,241.37193003440052,-1.664951500981834,2.772063500621662
2019-05-08,9.78,2879.42,117.79,8.73,19.4,106.48,51.3087,-43.2,32.23,106.4719009399414,2019-05-01,241.37193003440052,-0.16066713268179023,0.025813927524187985
2019-05-09,9.96,2870.72,117.68,8.61,19.1,102.92,54.7235,-42.9,32.48,106.4719009399414,2019-05-01,241.37193003440052,-0.30260155887187834,0.09156770343169085
2019-05-10,9.33,2881.4,118.54,8.63,16.04,96.01,53.4923,-47.7,32.8,106.4719009399414,2019-05-01,241.37193003440052,0.37134177564540916,0.13789471433948539
2019-05-13,10.51,2811.87,119.36,12.13,20.55,105.6,57.8938,-38.3,34.6,106.4719009399414,2019-05-01,241.37193003440052,-2.4426544706444164,5.966560862959154
2019-05-14,9.76,2834.41,119.95,12.26,18.06,97.26,55.3462,-30.8,32.13,106.4719009399414,2019-05-01,241.37193003440052,0.7984060207655183,0.6374521739946292
2019-05-15,9.45,2850.96,120.87,12.42,16.44,94.53,57.4009,-43.5,29.26,106.4719009399414,2019-05-01,241.37193003440052,0.5821977020810246,0.3389541643084255
2019-05-16,9.16,2876.32,121.09,12.78,15.29,94.23,56.9754,-37.7,29.42,106.4719009399414,2019-05-01,241.37193003440052,0.8855919648712163,0.7842731282444616
2019-05-17,9.16,2859.53,118.69,12.93,15.96,99.12,56.9732,-31.1,29.44,106.4719009399414,2019-05-01,241.37193003440052,-0.585442365312817,0.3427427631030659
2019-05-20,9.16,2840.23,115.25,13.12,16.31,96.83,56.5504,-29.9,27.63,106.4719009399414,2019-05-01,241.37193003440052,-0.6772240853415356,0.45863246176667943
2019-05-21,8.99,2864.36,117.17,13.44,14.95,92.38,55.3473,-29.7,26.93,106.4719009399414,2019-05-01,241.37193003440052,0.8459904713623807,0.7156998776359431
2019-05-22,9.04,2856.27,115.42,13.14,14.75,89.3,54.9586,-29.0,28.19,106.4719009399414,2019-05-01,241.37193003440052,-0.28283616990028515,0.07999629900386297
2019-05-23,9.47,2822.24,114.71,13.77,16.92,94.98,61.0665,-39.9,33.79,106.4719009399414,2019-05-01,241.37193003440052,-1.1985681943016435,1.4365657163915022
2019-05-24,9.0,2826.06,114.12,13.78,15.85,90.19,60.5383,-40.1,33.19,106.4719009399414,2019-05-01,241.37193003440052,0.13526195784275824,0.018295797239456107
2019-05-28,9.2,2802.39,112.58,14.04,17.5,95.08,61.7682,-35.0,34.36,106.4719009399414,2019-05-01,241.37193003440052,-0.8410890934652838,0.7074308631462529
2019-05-29,8.88,2783.02,111.93,14.22,17.9,93.83,63.1556,-33.1,36.43,106.4719009399414,2019-05-01,241.37193003440052,-0.6935955517473813,0.4810747894037543
2019-05-30,9.3,2788.86,112.68,14.24,17.3,92.78,61.7429,-31.9,39.62,106.4719009399414,2019-05-01,241.37193003440052,0.20962411748005594,0.04394227062929229
2019-05-31,10.33,2752.06,112.65,14.79,18.71,96.72,72.681,-32.3,46.91,106.4719009399414,2019-05-01,241.37193003440052,-1.3283188023120185,1.7644308405756353
2019-06-03,11.79,2744.45,112.32,14.8,18.86,96.03,73.5574,-35.9,46.78,106.58845520019533,2019-06-01,316.4371786519744,-0.276903157185015,0.07667535845902913
2019-06-04,10.66,2803.27,112.74,16.27,16.97,88.93,75.2595,-34.0,43.46,106.58845520019533,2019-06-01,316.4371786519744,2.120590232217955,4.496902932978201
2019-06-05,11.26,2826.15,112.91,16.44,16.09,86.72,77.6396,-46.8,45.19,106.58845520019533,2019-06-01,316.4371786519744,0.8128768500641471,0.6607687733702099
2019-06-06,11.62,2843.49,113.89,15.56,15.93,84.84,73.4193,-47.3,40.66,106.58845520019533,2019-06-01,316.4371786519744,0.6116809555866063,0.37415359142734383
2019-06-07,11.41,2873.34,114.67,15.91,16.3,86.0,68.6928,-56.4,38.75,106.58845520019533,2019-06-01,316.4371786519744,1.044294522456708,1.0905510496330837
2019-06-10,10.87,2886.73,114.38,15.96,15.94,83.86,65.6237,-56.0,39.12,106.58845520019533,2019-06-01,316.4371786519744,0.46492574289522376,0.2161559464066757
2019-06-11,10.52,2885.72,113.81,15.9,15.99,84.95,64.9288,-52.2,38.69,106.58845520019533,2019-06-01,316.4371786519744,-0.03499380714625,0.0012245665385889376
2019-06-12,11.06,2879.84,114.66,13.44,15.91,86.2,68.4258,-52.2,43.06,106.58845520019533,2019-06-01,316.4371786519744,-0.20396984988729416,0.041603699663045314
2019-06-13,11.68,2891.64,113.33,13.22,15.82,84.73,75.7382,-59.7,41.56,106.58845520019533,2019-06-01,316.4371786519744,0.40890781712417495,0.1672056029052577
2019-06-14,11.9,2886.98,113.16,13.09,15.28,82.57,80.8203,-55.4,42.89,106.58845520019533,2019-06-01,316.4371786519744,-0.1612842169983723,0.026012598652778048
2019-06-17,11.99,2889.67,115.3,12.74,15.35,83.48,76.8751,-63.2,46.15,106.58845520019533,2019-06-01,316.4371786519744,0.09313357030248211,0.008673861917287378
2019-06-18,12.4,2917.75,116.21,13.0,15.15,87.37,76.7365,-61.2,43.43,106.58845520019533,2019-06-01,316.4371786519744,0.9670462557011119,0.9351784606655403
2019-06-19,12.41,2926.46,115.93,12.83,14.33,84.58,71.3661,-60.3,40.79,106.58845520019533,2019-06-01,316.4371786519744,0.2980730141062033,0.08884752173835687
2019-06-20,15.69,2954.18,119.23,12.88,14.75,81.21,72.3657,-61.6,41.66,106.58845520019533,2019-06-01,316.4371786519744,0.9427615127716307,0.8887992699634536
2019-06-21,15.54,2950.46,118.46,12.86,15.4,83.14,74.6269,-62.4,42.13,106.58845520019533,2019-06-01,316.4371786519744,-0.126002618014856,0.015876659746597712
2019-06-24,16.8,2945.35,117.09,12.16,15.26,82.59,73.7603,-60.4,41.0,106.58845520019533,2019-06-01,316.4371786519744,-0.17334348561240606,0.030047964004258427
2019-06-25,17.08,2917.38,116.83,12.56,16.28,85.16,74.2246,-68.1,40.26,106.58845520019533,2019-06-01,316.4371786519744,-0.9541702315563342,0.9104408307882684
2019-06-26,15.88,2913.78,117.16,12.18,16.21,85.39,73.7344,-65.9,38.45,106.58845520019533,2019-06-01,316.4371786519744,-0.12347459021461496,0.015245974428667089
2019-06-27,15.57,2924.92,117.5,12.02,15.82,86.52,69.9154,-67.5,37.84,106.58845520019533,2019-06-01,316.4371786519744,0.3815922557317216,0.14561264963442364
2019-06-28,15.99,2941.76,118.12,12.13,15.08,85.78,70.4339,-68.3,39.46,106.58845520019533,2019-06-01,316.4371786519744,0.5740911810813222,0.3295806841953475
2019-07-01,14.08,2964.33,119.86,11.51,14.06,79.58,66.5296,-59.2,35.92,93.52125549316406,2019-07-01,262.0919620531348,0.764299557558019,0.5841538136833837
2019-07-02,15.8,2973.01,122.14,11.53,12.93,78.22,68.5997,-59.3,37.77,93.52125549316406,2019-07-01,262.0919620531348,0.29238703472561084,0.08549017807563555
2019-07-03,15.89,2995.82,120.82,9.16,12.57,80.04,68.326,-65.4,36.72,93.52125549316406,2019-07-01,262.0919620531348,0.7643076127192919,0.5841661268606632
2019-07-05,15.07,2990.41,126.66,8.76,13.28,79.78,65.2773,-58.5,34.7,93.52125549316406,2019-07-01,262.0919620531348,-0.18074819954691979,0.03266991163945313
2019-07-08,12.99,2975.95,121.42,8.64,13.96,83.66,63.2188,-55.8,34.0,93.52125549316406,2019-07-01,262.0919620531348,-0.4847185993376031,0.2349521205438078
2019-07-09,13.45,2979.63,120.44,7.98,14.09,82.31,62.9002,-56.8,30.3,93.52125549316406,2019-07-01,262.0919620531348,0.12358159804265048,0.015272411374775233
2019-07-10,15.01,2993.07,120.66,7.96,13.03,85.97,62.3884,-56.3,30.76,93.52125549316406,2019-07-01,262.0919620531348,0.4500484767317741,0.20254363140859022
2019-07-11,13.64,2999.91,122.45,7.99,12.93,88.2,62.9563,-46.8,29.86,93.52125549316406,2019-07-01,262.0919620531348,0.22826717159195975,0.0521059016265932
2019-07-12,14.65,3013.77,123.65,8.11,12.39,86.14,62.7766,-46.4,30.39,93.52125549316406,2019-07-01,262.0919620531348,0.46094985236418,0.21247476639455934
2019-07-15,14.9,3014.3,126.22,7.96,12.68,86.2,61.8957,-44.4,30.83,93.52125549316406,2019-07-01,262.0919620531348,0.017584401022740885,0.0003092111593285707
2019-07-16,14.32,3004.04,125.15,8.04,12.86,88.25,61.2943,-42.0,32.06,93.52125549316406,2019-07-01,262.0919620531348,-0.3409581359505424,0.11625245047086856
2019-07-17,16.02,2984.42,123.98,8.3,13.97,90.35,62.2913,-46.3,34.94,93.52125549316406,2019-07-01,262.0919620531348,-0.6552626285154947,0.42936911232903513
2019-07-18,17.45,2995.11,125.42,7.68,13.53,84.04,63.1196,-41.5,33.07,93.52125549316406,2019-07-01,262.0919620531348,0.3575535665450798,0.12784455294910682
2019-07-19,15.83,2976.61,125.5,7.86,14.45,86.77,63.8649,-41.6,34.84,93.52125549316406,2019-07-01,262.0919620531348,-0.6195889687754784,0.3838904902282608
2019-07-22,14.89,2985.03,125.36,7.25,13.53,81.22,60.974,-42.1,33.63,93.52125549316406,2019-07-01,262.0919620531348,0.28247279603128134,0.07979088049772987
2019-07-23,14.28,3005.47,124.65,7.61,12.61,78.99,61.226,-44.9,32.25,93.52125549316406,2019-07-01,262.0919620531348,0.6824164701727632,0.46569223876305377
2019-07-24,14.55,3019.56,123.08,7.76,12.07,83.89,60.7127,-50.3,32.86,93.52125549316406,2019-07-01,262.0919620531348,0.46771636608934397,0.21875859910782122
2019-07-25,13.54,3003.67,121.88,7.27,12.74,84.3,60.9893,-40.6,31.95,93.52125549316406,2019-07-01,262.0919620531348,-0.5276251069020221,0.27838825343337026
2019-07-26,12.31,3025.86,123.27,7.52,12.16,83.11,58.9008,-37.2,32.29,93.52125549316406,2019-07-01,262.0919620531348,0.7360474259664691,0.5417658132718648
2019-07-29,13.59,3020.97,125.1,7.44,12.83,88.16,58.5463,-37.4,31.63,93.52125549316406,2019-07-01,262.0919620531348,-0.16173767299502978,0.026159074865847187
2019-07-30,14.51,3013.18,121.94,7.28,13.94,91.58,57.843,-33.4,30.07,93.52125549316406,2019-07-01,262.0919620531348,-0.2581972383093503,0.06666581387057544
2019-07-31,13.21,2980.38,121.71,7.71,16.12,96.28,55.2468,-33.8,30.77,93.52125549316406,2019-07-01,262.0919620531348,-1.0945190319276599,1.1979719112518616
2019-08-01,16.01,2953.56,117.07,8.13,17.87,105.47,64.6756,-35.0,36.43,103.4044189453125,2019-08-01,317.6861209837951,-0.9039586726804723,0.8171412819142412
2019-08-02,15.0,2932.05,117.25,8.27,17.61,102.69,66.1145,-35.1,35.56,103.4044189453125,2019-08-01,317.6861209837951,-0.7309385354454939,0.5342711425992036
2019-08-05,16.91,2844.74,113.3,13.15,24.59,114.4,77.236,-36.7,37.04,103.4044189453125,2019-08-01,317.6861209837951,-3.0230162083586682,9.13862699599922
2019-08-06,16.02,2881.77,114.2,13.78,20.17,107.45,73.9212,-35.2,36.43,103.4044189453125,2019-08-01,317.6861209837951,1.2933013700777156,1.6726284338448962
2019-08-07,18.16,2883.98,113.96,13.77,19.49,104.27,79.0767,-33.5,38.1,103.4044189453125,2019-08-01,317.6861209837951,0.07665958837026665,0.005876692489098722
2019-08-08,17.53,2938.09,117.71,15.03,16.91,98.66,78.552,-31.6,35.98,103.4044189453125,2019-08-01,317.6861209837951,1.8588425780336086,3.4552957299106324
2019-08-09,16.64,2918.65,116.34,15.16,17.97,101.52,78.9672,-30.9,35.14,103.4044189453125,2019-08-01,317.6861209837951,-0.6638529760062074,0.4407007737522982
2019-08-12,18.46,2883.75,115.15,15.67,21.09,110.31,81.5755,-26.8,34.43,103.4044189453125,2019-08-01,317.6861209837951,-1.2029650100344293,1.4471248153671348
2019-08-13,17.92,2926.32,117.58,16.51,17.52,102.21,77.6971,-19.8,33.19,103.4044189453125,2019-08-01,317.6861209837951,1.4654130432155565,2.147435387226279
2019-08-14,18.19,2840.6,113.48,19.5,22.1,113.99,87.2194,-19.9,35.83,103.4044189453125,2019-08-01,317.6861209837951,-2.9730363473091366,8.838945122421253
2019-08-15,18.72,2847.6,112.52,19.41,21.18,112.26,90.617,-12.7,36.2,103.4044189453125,2019-08-01,317.6861209837951,0.2461236782690441,0.060576865004683934
2019-08-16,16.86,2888.68,115.84,19.98,18.47,110.32,89.5162,-17.6,35.02,103.4044189453125,2019-08-01,317.6861209837951,1.4323116131046663,2.0515165570344913
2019-08-19,14.94,2923.65,116.48,20.32,16.88,101.22,86.4916,-13.3,32.99,103.4044189453125,2019-08-01,317.6861209837951,1.2033185301994735,1.4479754851214213
2019-08-20,15.42,2900.51,114.78,20.47,17.5,104.77,86.8642,-10.9,32.34,103.4044189453125,2019-08-01,317.6861209837951,-0.79462520811493,0.6314292213716958
2019-08-21,15.13,2924.43,114.48,20.52,15.8,98.03,84.5123,-10.1,32.39,103.4044189453125,2019-08-01,317.6861209837951,0.8213006299499565,0.6745347247561954
2019-08-22,15.35,2922.95,114.46,20.46,16.68,100.94,83.1516,-14.2,32.39,103.4044189453125,2019-08-01,317.6861209837951,-0.05062096294763871,0.002562481889746211
2019-08-23,18.36,2847.11,112.62,22.34,19.87,111.37,91.8222,-16.6,35.2,103.4044189453125,2019-08-01,317.6861209837951,-2.6288935558066755,6.911081327761866
2019-08-26,17.54,2878.38,113.07,22.55,19.32,106.27,87.9793,-16.3,35.42,103.4044189453125,2019-08-01,317.6861209837951,1.092319117394898,1.193161054226369
2019-08-27,17.34,2869.16,111.76,22.57,20.31,106.49,88.6712,-13.7,33.73,103.4044189453125,2019-08-01,317.6861209837951,-0.3208331880684989,0.1029339345661968
2019-08-28,16.83,2887.94,113.65,22.65,19.35,103.95,89.8664,-12.6,32.72,103.4044189453125,2019-08-01,317.6861209837951,0.652414118680143,0.4256441822531877
2019-08-29,16.31,2924.58,115.02,22.76,17.88,99.8,86.9435,-11.6,31.82,103.4044189453125,2019-08-01,317.6861209837951,1.260743543874108,1.5894742834202447
2019-08-30,15.45,2926.46,115.37,22.59,18.98,102.66,86.8897,-11.0,32.16,103.4044189453125,2019-08-01,317.6861209837951,0.06426208211523476,0.004129615197785176
2019-09-03,16.86,2906.27,114.68,22.47,19.66,102.19,85.2653,-9.4,35.73,90.36798858642578,2019-09-01,273.7182605556918,-0.6923029401107575,0.47928336088599915
2019-09-04,17.27,2937.78,115.99,20.36,17.33,97.3,81.6016,-7.7,34.56,90.36798858642578,2019-09-01,273.7182605556918,1.0783722026351545,1.1628866074161948
2019-09-05,15.72,2976.0,118.58,20.34,16.27,95.51,79.9169,7.7,33.5,90.36798858642578,2019-09-01,273.7182605556918,1.2925922894213253,1.6707948266714632
2019-09-06,14.75,2978.71,118.87,20.34,15.0,94.4,78.821,5.4,33.21,90.36798858642578,2019-09-01,273.7182605556918,0.0910203918275309,0.008284711728437253
2019-09-09,14.76,2978.43,118.79,19.36,15.27,94.5,76.4382,7.6,33.28,90.36798858642578,2019-09-01,273.7182605556918,-0.009400484131865216,8.836910191344972e-05
2019-09-10,14.62,2979.39,119.01,19.25,15.2,94.12,76.7837,7.0,33.55,90.36798858642578,2019-09-01,273.7182605556918,0.03222655294413983,0.0010385507146614473
2019-09-11,14.95,3000.93,119.95,18.93,14.61,97.79,76.7033,7.0,34.94,90.36798858642578,2019-09-01,273.7182605556918,0.7203659050794233,0.5189270372008967
2019-09-12,15.07,3009.57,119.95,18.24,14.22,95.94,77.5711,16.6,35.58,90.36798858642578,2019-09-01,273.7182605556918,0.2874970784836015,0.08265457013660613
2019-09-13,14.94,3007.39,118.4,14.95,13.74,98.93,85.5301,17.4,35.48,90.36798858642578,2019-09-01,273.7182605556918,-0.07246184436619996,0.005250718888951384
2019-09-16,16.07,2997.96,119.16,14.95,14.67,101.73,85.9485,18.6,48.58,90.36798858642578,2019-09-01,273.7182605556918,-0.31405356059661416,0.0986296389234112
2019-09-17,15.91,3005.7,117.94,14.15,14.44,101.67,84.7607,26.1,44.89,90.36798858642578,2019-09-01,273.7182605556918,0.2578428587944307,0.06648293983128473
2019-09-18,15.1,3006.73,118.09,13.51,13.95,99.09,79.6633,38.8,40.44,90.36798858642578,2019-09-01,273.7182605556918,0.034262353493549176,0.0011739088669169215
2019-09-19,15.13,3006.79,118.77,13.25,14.05,97.3,78.1445,41.3,41.15,90.36798858642578,2019-09-01,273.7182605556918,0.001995503465594414,3.9820340811993175e-06
2019-09-20,16.79,2992.07,117.5,13.08,15.32,101.03,80.0726,41.7,38.99,90.36798858642578,2019-09-01,273.7182605556918,-0.4907608960300919,0.24084625707225865
2019-09-23,16.79,2991.78,118.78,13.09,14.91,97.6,81.0116,44.7,39.52,90.36798858642578,2019-09-01,273.7182605556918,-0.009692756343391435,9.39495255323549e-05
2019-09-24,17.22,2966.6,118.01,9.91,17.05,104.96,83.0673,40.9,38.74,90.36798858642578,2019-09-01,273.7182605556918,-0.8452012089671584,0.7143650836395462
2019-09-25,15.62,2984.87,117.98,9.49,15.96,99.68,80.2171,45.7,38.37,90.36798858642578,2019-09-01,273.7182605556918,0.6139678900037132,0.37695656995561166
2019-09-26,15.11,2977.62,117.51,9.47,16.07,100.31,79.8713,44.9,37.52,90.36798858642578,2019-09-01,273.7182605556918,-0.24318711052058747,0.05913997072335243
2019-09-27,14.96,2961.79,116.61,9.42,17.22,103.2,79.9722,44.3,38.9,90.36798858642578,2019-09-01,273.7182605556918,-0.5330508411847584,0.28414319928777854
2019-09-30,15.37,2976.74,117.67,8.55,16.24,97.62,77.2005,43.0,38.75,90.36798858642578,2019-09-01,273.7182605556918,0.5034926684707536,0.25350486720380017
2019-10-01,15.61,2940.25,114.01,9.48,18.56,102.74,85.6073,35.0,38.88,97.83673095703124,2019-10-01,258.30367631839096,-1.2334130226057025,1.5213076843333353
2019-10-02,15.75,2887.61,111.47,11.32,20.56,103.81,89.3853,33.1,39.62,97.83673095703124,2019-10-01,258.30367631839096,-1.806544138860686,3.2636017256518977
2019-10-03,16.33,2910.63,112.44,10.96,19.12,98.2,87.9438,24.5,40.4,97.83673095703124,2019-10-01,258.30367631839096,0.7940382236732715,0.6304967006542043
2019-10-04,15.26,2952.01,114.54,11.14,17.04,95.19,83.1527,23.2,39.31,97.83673095703124,2019-10-01,258.30367631839096,1.41167416692291,1.992823953557492
2019-10-07,15.44,2938.79,118.76,11.22,17.86,97.04,81.8598,20.9,39.42,97.83673095703124,2019-10-01,258.30367631839096,-0.4488362257589361,0.20145395755352666
2019-10-08,16.21,2893.06,118.42,12.46,20.28,102.27,80.4689,19.0,39.49,97.83673095703124,2019-10-01,258.30367631839096,-1.5683166513284146,2.4596171188339717
2019-10-09,15.73,2919.4,119.95,12.84,18.64,101.25,79.3105,17.7,38.0,97.83673095703124,2019-10-01,258.30367631839096,0.9063350218850439,0.821443171895363
2019-10-10,15.7,2938.13,120.85,12.79,17.57,99.66,80.1374,11.0,39.52,97.83673095703124,2019-10-01,258.30367631839096,0.6395208846051041,0.40898696184609495
2019-10-11,15.72,2970.27,122.4,13.26,15.58,97.7,79.86,15.3,39.65,97.83673095703124,2019-10-01,258.30367631839096,1.0879533213144676,1.1836424293591812
2019-10-15,15.08,2995.68,127.17,13.72,13.54,93.98,80.06,15.9,39.47,97.83673095703124,2019-10-01,258.30367631839096,0.8518393098169186,0.7256302097493642
2019-10-16,14.94,2989.69,125.53,13.71,13.68,93.16,77.94,13.6,39.47,97.83673095703124,2019-10-01,258.30367631839096,-0.2001547773907985,0.040061934912360105
2019-10-17,14.84,2997.95,128.01,13.74,13.79,90.27,77.61,8.2,37.71,97.83673095703124,2019-10-01,258.30367631839096,0.2759018658342625,0.0761218395708274
2019-10-18,14.85,2986.2,126.24,13.81,14.25,91.2,78.35,8.0,36.43,97.83673095703124,2019-10-01,258.30367631839096,-0.3927045645713622,0.1542168750351832
2019-10-21,14.05,3006.72,128.44,13.89,14.0,87.29,80.25,7.2,36.66,97.83673095703124,2019-10-01,258.30367631839096,0.684810749787516,0.46896576302453985
2019-10-22,13.67,2995.99,125.79,13.94,14.46,89.32,78.73,6.6,35.52,97.83673095703124,2019-10-01,258.30367631839096,-0.35750557426104745,0.1278102356277213
2019-10-23,13.23,3004.52,127.92,13.6,14.01,87.59,73.03,6.0,35.66,97.83673095703124,2019-10-01,258.30367631839096,0.28430935856431805,0.08083181136725397
2019-10-24,13.97,3010.29,125.22,13.43,13.71,86.55,68.97,5.6,35.95,97.83673095703124,2019-10-01,258.30367631839096,0.19185981834693214,0.0368101898961178
2019-10-25,13.48,3022.55,125.7,13.48,12.65,83.82,67.07,4.9,34.64,97.83673095703124,2019-10-01,258.30367631839096,0.40644263323678703,0.16519561411245337
2019-10-28,13.78,3039.42,125.26,13.49,13.11,86.48,67.41,3.0,35.64,97.83673095703124,2019-10-01,258.30367631839096,0.5565861774647979,0.3097881729448755
2019-10-29,13.46,3036.89,127.29,13.36,13.2,87.75,67.61,1.4,35.7,97.83673095703124,2019-10-01,258.30367631839096,-0.08327422880678223,0.006934597183364319
2019-10-30,13.17,3046.77,129.64,12.77,12.33,86.47,63.32,7.8,34.36,97.83673095703124,2019-10-01,258.30367631839096,0.3248047618049563,0.10549813329117441
2019-10-31,13.39,3037.56,130.71,11.06,13.22,88.92,65.88,4.7,35.84,97.83673095703124,2019-10-01,258.30367631839096,-0.302745151380397,0.09165462668433949
2019-11-01,12.86,3066.91,126.88,11.23,12.3,85.69,57.28,6.0,34.37,73.07838439941406,2019-11-01,253.35404287634069,0.9615978507102713,0.9246704264906132
2019-11-04,12.45,3078.27,129.74,10.23,12.83,88.75,60.18,5.0,35.63,73.07838439941406,2019-11-01,253.35404287634069,0.36972108027207484,0.13669367719755002
2019-11-05,12.43,3074.62,126.78,10.14,13.1,90.98,61.48,7.5,33.77,73.07838439941406,2019-11-01,253.35404287634069,-0.1186434481407325,0.01407626778672268
2019-11-06,12.04,3076.78,125.2,8.57,12.62,89.59,61.73,7.1,33.22,73.07838439941406,2019-11-01,253.35404287634069,0.07022791848279718,0.004931960534426405
2019-11-07,12.35,3085.18,124.68,8.06,12.73,90.15,67.08,7.5,31.45,73.07838439941406,2019-11-01,253.35404287634069,0.27264069235454486,0.07433294712756558
2019-11-08,12.27,3093.08,123.3,7.77,12.07,89.06,64.44,7.2,31.45,73.07838439941406,2019-11-01,253.35404287634069,0.2557355729783027,0.06540068328654078
2019-11-11,12.87,3087.01,123.85,6.86,12.69,89.56,64.44,5.0,34.22,73.07838439941406,2019-11-01,253.35404287634069,-0.19643733187996348,0.03858762535611892
2019-11-12,11.91,3091.84,123.18,6.88,12.68,90.35,69.82,5.0,33.74,73.07838439941406,2019-11-01,253.35404287634069,0.156339803808006,0.024442134254725807
2019-11-13,11.56,3094.04,124.61,5.81,13.0,93.5,66.1,6.0,35.15,73.07838439941406,2019-11-01,253.35404287634069,0.07112973716774344,0.005059439509552263
2019-11-14,11.83,3096.63,126.28,5.78,13.05,93.45,64.17,3.8,33.94,73.07838439941406,2019-11-01,253.35404287634069,0.08367430830954413,0.007001389871080645
2019-11-15,11.23,3120.46,124.95,6.27,12.05,93.35,61.7,-6.1,32.42,73.07838439941406,2019-11-01,253.35404287634069,0.7666003452600061,0.5876760893527605
2019-11-18,11.55,3122.03,126.59,6.12,12.46,93.99,64.13,-5.7,33.68,73.07838439941406,2019-11-01,253.35404287634069,0.05030044207048551,0.0025301344724862683
2019-11-19,11.5,3120.18,127.46,5.65,12.86,95.95,62.64,-1.4,32.94,73.07838439941406,2019-11-01,253.35404287634069,-0.059273880698187294,0.0035133929330229403
2019-11-21,11.37,3103.54,124.87,5.65,13.13,96.09,61.83,-2.0,31.59,73.07838439941406,2019-11-01,253.35404287634069,-0.5347297002356277,0.28593585231408425
2019-11-22,11.32,3110.29,125.53,5.66,12.34,94.4,62.17,3.3,32.38,73.07838439941406,2019-11-01,253.35404287634069,0.2172573969691297,0.04720077653780201
2019-11-25,11.15,3133.64,128.65,6.08,11.87,90.24,61.55,0.2,31.9,73.07838439941406,2019-11-01,253.35404287634069,0.7479298726807982,0.559399094448315
2019-11-26,10.76,3140.52,130.28,5.78,11.54,89.88,60.39,2.1,31.25,73.07838439941406,2019-11-01,253.35404287634069,0.21931231456042352,0.04809789131785015
2019-11-27,10.3,3153.63,130.37,6.0,11.75,90.2,57.62,13.8,30.82,73.07838439941406,2019-11-01,253.35404287634069,0.4165779003972946,0.17353714709941828
2019-11-29,10.71,3140.98,129.83,6.0,12.62,91.05,56.57,13.1,36.73,73.07838439941406,2019-11-01,253.35404287634069,-0.40193171713462017,0.16154910523878432
2019-12-02,10.77,3113.87,126.35,6.66,14.91,98.91,59.42,8.7,34.97,74.27989196777344,2019-12-01,265.9737550055834,-0.8668527546202967,0.7514336981927963
2019-12-03,12.15,3093.2,122.78,6.31,15.96,102.65,64.62,6.2,35.05,74.27989196777344,2019-12-01,265.9737550055834,-0.6660171838373699,0.4435788891666609
2019-12-04,11.57,3112.76,123.31,6.54,14.8,98.72,63.01,-4.2,32.21,74.27989196777344,2019-12-01,265.9737550055834,0.6303638685847347,0.39735860681711266
2019-12-05,11.25,3117.43,123.64,6.56,14.52,98.12,63.73,-4.2,30.41,74.27989196777344,2019-12-01,265.9737550055834,0.14991519920369975,0.022474566952284978
2019-12-06,10.73,3145.91,131.48,7.21,13.62,96.52,64.07,7.5,30.02,74.27989196777344,2019-12-01,265.9737550055834,0.9094252040368331,0.8270542017374356
2019-12-09,10.75,3135.96,136.56,7.22,15.86,101.89,67.29,4.9,30.02,74.27989196777344,2019-12-01,265.9737550055834,-0.31678491662223224,0.10035268339935463
2019-12-10,10.33,3132.52,135.0,7.2,15.68,101.03,67.09,4.7,27.94,74.27989196777344,2019-12-01,265.9737550055834,-0.10975548602935618,0.0120462667135402
2019-12-12,10.95,3168.57,132.68,8.13,13.94,101.3,61.63,-4.0,27.44,74.27989196777344,2019-12-01,265.9737550055834,1.1442589565698487,1.3093285596903188
2019-12-13,10.39,3168.8,144.51,8.11,12.63,96.61,56.44,-9.5,26.76,74.27989196777344,2019-12-01,265.9737550055834,0.007258531539142115,5.26862801047208e-05
2019-12-16,10.39,3191.45,143.85,8.46,12.14,94.21,56.13,-11.1,26.51,74.27989196777344,2019-12-01,265.9737550055834,0.7122391651237605,0.5072846283361914
2019-12-17,10.03,3192.52,137.48,8.45,12.29,98.56,55.38,-3.9,26.33,74.27989196777344,2019-12-01,265.9737550055834,0.03352146109771036,0.0011236883541253092
2019-12-18,10.04,3191.14,144.56,8.05,12.58,99.2,53.41,-3.7,26.77,74.27989196777344,2019-12-01,265.9737550055834,-0.0432353860167047,0.0018692986040134644
2019-12-19,10.39,3205.37,150.14,8.18,12.5,97.25,53.7,-8.0,24.8,74.27989196777344,2019-12-01,265.9737550055834,0.4449308599583262,0.1979634701432557
2019-12-20,9.69,3221.22,147.17,8.34,12.51,99.29,54.19,-7.6,25.54,74.27989196777344,2019-12-01,265.9737550055834,0.49326414590377476,0.2433095176341804
2019-12-23,10.56,3224.01,143.91,8.23,12.61,99.82,55.31,-10.3,25.11,74.27989196777344,2019-12-01,265.9737550055834,0.08657565903054801,0.007495344736573708
2019-12-24,11.93,3223.38,143.87,8.22,12.67,98.83,58.32,-10.4,25.46,74.27989196777344,2019-12-01,265.9737550055834,-0.019542791796535865,0.00038192071120274953
2019-12-26,13.33,3239.91,143.07,8.38,12.65,97.46,56.42,-9.3,24.08,74.27989196777344,2019-12-01,265.9737550055834,0.511505318207161,0.2616376905542091
2019-12-27,12.32,3240.02,140.29,7.95,13.43,99.63,55.3,-8.3,25.16,74.27989196777344,2019-12-01,265.9737550055834,0.003395098404170214,1.1526693173999133e-05
2019-12-30,12.56,3221.29,133.56,8.16,14.82,100.02,59.63,-3.9,25.86,74.27989196777344,2019-12-01,265.9737550055834,-0.579760217757659,0.3361219100944081
2019-12-31,12.63,3230.78,139.52,8.05,13.78,94.1,58.28,-3.1,28.3,74.27989196777344,2019-12-01,265.9737550055834,0.29416937024937356,0.08653561839291303
2020-01-02,12.7,3257.85,137.7,8.47,12.47,89.67,57.2,-3.4,28.75,138.4209442138672,2020-01-01,227.9158263867966,0.8343874454693168,0.6962024091568121
2020-01-03,13.46,3234.85,133.46,8.24,14.02,93.79,60.12,-9.3,31.92,138.4209442138672,2020-01-01,227.9158263867966,-0.7084909578083601,0.5019594372962075
2020-01-06,14.21,3246.28,132.51,7.97,13.85,92.66,62.79,-7.0,32.32,138.4209442138672,2020-01-01,227.9158263867966,0.3527166358322553,0.12440902519282382
2020-01-07,14.01,3237.18,129.78,7.73,13.79,91.07,62.63,-4.3,31.8,138.4209442138672,2020-01-01,227.9158263867966,-0.2807144942889736,0.0788006273039142
2020-01-08,13.67,3253.05,136.42,7.92,13.45,90.21,60.49,0.3,32.6,138.4209442138672,2020-01-01,227.9158263867966,0.48904373587368466,0.23916377559729024
2020-01-09,12.54,3274.7,133.47,7.65,12.54,87.81,57.66,1.7,33.22,138.4209442138672,2020-01-01,227.9158263867966,0.6633244037575673,0.4399992646203322
2020-01-10,12.27,3265.35,128.15,7.65,12.56,88.33,53.32,0.5,30.38,138.4209442138672,2020-01-01,227.9158263867966,-0.2859307305046252,0.0817563826469086
2020-01-13,10.91,3288.13,131.27,8.01,12.32,88.48,53.27,2.0,34.25,138.4209442138672,2020-01-01,227.9158263867966,0.6952059592316183,0.48331132575115454
2020-01-14,11.02,3283.15,130.82,7.06,12.39,86.87,52.35,-5.8,33.62,138.4209442138672,2020-01-01,227.9158263867966,-0.15156867317727837,0.022973062688720625
2020-01-15,11.75,3289.29,130.82,7.1,12.42,91.15,50.54,-5.4,33.38,138.4209442138672,2020-01-01,227.9158263867966,0.18684086233433153,0.034909507837836626
2020-01-16,11.38,3316.81,133.13,7.24,12.32,90.38,50.37,4.6,29.79,138.4209442138672,2020-01-01,227.9158263867966,0.833174163220134,0.6941791862575706
2020-01-17,11.31,3329.62,134.62,7.31,12.1,91.75,49.67,10.6,28.6,138.4209442138672,2020-01-01,227.9158263867966,0.385470571772163,0.14858756170235826
2020-01-21,11.48,3320.79,132.7,7.34,12.85,92.98,53.42,10.4,27.66,138.4209442138672,2020-01-01,227.9158263867966,-0.2655476937142426,0.0705155776369532
2020-01-22,11.16,3321.75,129.93,7.2,12.91,91.11,51.31,9.7,30.7,138.4209442138672,2020-01-01,227.9158263867966,0.028904605969510905,0.0008354762462526855
2020-01-23,11.61,3325.54,131.76,7.02,12.98,92.54,55.34,10.2,31.95,138.4209442138672,2020-01-01,227.9158263867966,0.11403144471457104,0.01300317038369227
2020-01-24,12.48,3295.47,127.02,7.71,14.56,98.43,59.94,9.0,34.55,138.4209442138672,2020-01-01,227.9158263867966,-0.9083268789936675,0.8250577191023767
2020-01-27,12.9,3243.63,127.21,9.47,18.23,107.39,66.73,4.8,37.72,138.4209442138672,2020-01-01,227.9158263867966,-1.5855725118383686,2.5140401902974334
2020-01-28,11.89,3276.24,125.61,9.96,16.28,102.11,65.6,7.3,36.42,138.4209442138672,2020-01-01,227.9158263867966,1.0003350352589397,1.0006701827665043
2020-01-29,12.09,3273.4,125.15,9.96,16.39,99.07,66.17,7.0,35.73,138.4209442138672,2020-01-01,227.9158263867966,-0.08672232910484065,0.0075207623653682915
2020-01-30,12.23,3283.66,129.95,9.83,15.49,96.49,71.07,8.2,37.49,138.4209442138672,2020-01-01,227.9158263867966,0.31294538629889324,0.09793481480576352
2020-01-31,13.5,3225.52,135.73,11.74,18.84,105.6,72.98,7.6,40.35,138.4209442138672,2020-01-01,227.9158263867966,-1.786447639264373,3.1913951678332517
2020-02-03,12.48,3248.92,127.7,11.68,17.97,102.95,72.81,15.9,41.81,75.95555877685547,2020-02-01,230.4353079214328,0.7228455862910543,0.522505741620458
2020-02-04,12.01,3297.59,128.65,12.58,16.05,96.18,68.17,19.4,39.44,75.95555877685547,2020-02-01,230.4353079214328,1.4869265218066252,2.2109504812519485
2020-02-05,11.32,3334.69,129.78,13.12,15.15,92.82,64.07,37.2,37.88,75.95555877685547,2020-02-01,230.4353079214328,1.1187822882933645,1.251673808598937
2020-02-06,11.45,3345.78,134.48,13.13,14.96,93.61,61.24,39.8,36.44,75.95555877685547,2020-02-01,230.4353079214328,0.33201287296620924,0.1102325478152762
2020-02-07,11.3,3327.71,132.21,13.14,15.47,96.01,65.59,45.4,37.51,75.95555877685547,2020-02-01,230.4353079214328,-0.5415470514539197,0.29327320893843434
2020-02-10,11.91,3352.09,133.29,13.21,15.04,96.81,68.13,46.2,39.01,75.95555877685547,2020-02-01,230.4353079214328,0.7299652162371021,0.5328492169160792
2020-02-11,11.48,3357.75,132.95,13.19,15.18,96.96,64.89,45.2,37.52,75.95555877685547,2020-02-01,230.4353079214328,0.16870749056512097,0.02846221737278038
2020-02-12,11.07,3379.45,133.2,13.15,13.74,96.65,63.52,46.3,35.58,75.95555877685547,2020-02-01,230.4353079214328,0.6441867553745035,0.41497657579993047
2020-02-13,11.59,3373.94,133.04,13.15,14.15,99.17,63.51,45.1,35.84,75.95555877685547,2020-02-01,230.4353079214328,-0.16317734419649113,0.026626845659020137
2020-02-14,11.62,3380.16,132.67,13.12,13.68,98.17,62.38,45.3,35.93,75.95555877685547,2020-02-01,230.4353079214328,0.18418447338326407,0.03392392023547031
2020-02-18,13.02,3370.29,137.66,12.86,14.83,101.02,67.66,44.8,33.47,75.95555877685547,2020-02-01,230.4353079214328,-0.29242515783095624,0.08551247293245967
2020-02-19,13.34,3386.15,141.81,12.92,14.38,95.92,68.04,55.6,32.27,75.95555877685547,2020-02-01,230.4353079214328,0.4694788714441035,0.22041041073242906
2020-02-20,13.35,3373.23,137.12,12.98,15.56,99.48,69.6,61.8,33.16,75.95555877685547,2020-02-01,230.4353079214328,-0.3822840477830947,0.14614109318942745
2020-02-21,15.79,3337.75,135.14,13.47,17.08,104.86,74.54,50.7,35.87,75.95555877685547,2020-02-01,230.4353079214328,-1.0573815022893411,1.118055641383664
2020-02-24,17.58,3225.89,130.48,17.85,25.03,112.72,86.92,46.6,39.53,75.95555877685547,2020-02-01,230.4353079214328,-3.4088046120521467,11.619948883147986
2020-02-25,18.13,3128.21,130.79,20.49,27.85,121.01,87.38,44.8,42.5,75.95555877685547,2020-02-01,230.4353079214328,-3.074792518809927,9.454349033729494
2020-02-26,16.48,3116.39,130.65,19.79,27.56,113.44,87.0,49.3,43.4,75.95555877685547,2020-02-01,230.4353079214328,-0.3785675340731014,0.1433133778541888
2020-02-28,21.27,2954.22,130.82,25.18,40.11,125.73,109.67,56.2,51.25,75.95555877685547,2020-02-01,230.4353079214328,-5.3440624014928675,28.559002951049713
2020-03-02,18.98,3090.23,126.84,29.53,33.42,114.69,104.89,57.0,48.33,81.54003143310547,2020-03-01,356.8521083013302,4.501086517277788,20.259779836019884
2020-03-03,22.01,3003.37,123.06,30.49,36.82,116.72,102.97,55.7,50.8,81.54003143310547,2020-03-01,356.8521083013302,-2.85105302619053,8.128503358150178
2020-03-04,18.55,3130.12,127.38,33.55,31.99,113.97,89.59,63.2,50.59,81.54003143310547,2020-03-01,356.8521083013302,4.133635094064169,17.08693909087889
2020-03-05,22.43,3023.94,123.61,35.12,39.62,119.66,96.96,60.7,52.58,81.54003143310547,2020-03-01,356.8521083013302,-3.4510725624696517,11.909901831430847
2020-03-06,25.12,2972.37,126.08,35.47,41.94,127.16,125.21,68.9,65.02,81.54003143310547,2020-03-01,356.8521083013302,-1.720100245462004,2.9587448544384465
2020-03-09,31.29,2746.56,121.57,44.95,54.46,137.19,163.7,69.6,115.92,81.54003143310547,2020-03-01,356.8521083013302,-7.901039484826663,62.426424940789985
2020-03-10,23.99,2882.23,121.38,48.07,47.3,138.82,123.72,72.1,92.93,81.54003143310547,2020-03-01,356.8521083013302,4.821508053580021,23.246939910737
2020-03-11,26.74,2741.38,121.72,51.05,53.9,146.93,127.84,72.3,105.25,81.54003143310547,2020-03-01,356.8521083013302,-5.010285683741073,25.102962632700752
2020-03-12,30.18,2480.64,115.79,61.69,75.47,155.05,152.62,73.5,123.45,81.54003143310547,2020-03-01,356.8521083013302,-9.994485184600743,99.88973410520374
2020-03-13,37.43,2711.02,132.37,68.73,57.83,171.28,138.4,73.8,118.48,81.54003143310547,2020-03-01,356.8521083013302,8.88083564407466,78.86924173706697
2020-03-16,41.43,2386.13,114.66,81.56,82.69,207.59,124.53,61.7,128.5,81.54003143310547,2020-03-01,356.8521083013302,-12.765214115647325,162.95069141832172
2020-03-17,45.27,2529.19,116.67,84.04,75.91,194.43,109.85,57.6,133.32,81.54003143310547,2020-03-01,356.8521083013302,5.82262866907417,33.903004617924445
2020-03-18,48.98,2398.1,113.54,85.81,76.45,181.33,124.14,60.7,166.79,81.54003143310547,2020-03-01,356.8521083013302,-5.322233622142454,28.326170728663584
2020-03-19,39.48,2409.39,115.44,85.8,72.0,181.76,141.13,42.8,164.06,81.54003143310547,2020-03-01,356.8521083013302,0.46968462774209585,0.22060364953723116
2020-03-20,36.81,2304.92,118.12,87.23,66.04,187.18,133.37,45.3,190.08,81.54003143310547,2020-03-01,356.8521083013302,-4.43276347431585,19.649392019228728
2020-03-23,41.16,2237.4,117.05,87.77,61.59,167.93,135.38,47.1,185.68,81.54003143310547,2020-03-01,356.8521083013302,-2.9731491257259943,8.839615723805244
2020-03-24,40.41,2447.33,117.75,92.3,61.67,171.91,111.09,62.3,170.86,81.54003143310547,2020-03-01,356.8521083013302,8.96831569482165,80.43068640198433
2020-03-25,40.56,2475.56,116.6,91.81,63.95,171.89,87.14,61.7,144.03,81.54003143310547,2020-03-01,356.8521083013302,1.1468998674479098,1.3153793059520331
2020-03-26,37.48,2630.07,118.97,94.08,61.0,169.58,88.48,1.0,150.06,81.54003143310547,2020-03-01,356.8521083013302,6.054382875166776,36.65555199911272
2020-03-27,34.89,2541.47,117.41,93.46,65.54,168.71,88.33,-1.3,175.88,81.54003143310547,2020-03-01,356.8521083013302,-3.426780802262948,11.742826666757894
2020-03-30,30.42,2626.65,122.18,94.07,57.08,157.66,90.7,-1.5,174.22,81.54003143310547,2020-03-01,356.8521083013302,3.296661622145552,10.86797785092734
2020-03-31,29.19,2584.59,125.49,92.96,53.54,152.92,83.87,-2.9,170.55,81.54003143310547,2020-03-01,356.8521083013302,-1.6142381973062483,2.6057649576425264
2020-04-01,30.26,2470.5,115.48,93.76,57.06,156.99,83.13,24.8,158.98,69.33940124511719,2020-04-01,358.8066773156684,-4.514632872715227,20.381909975400944
2020-04-02,31.91,2526.9,118.43,93.0,50.91,147.33,71.99,-31.1,162.65,69.33940124511719,2020-04-01,358.8066773156684,2.257269570362298,5.095265913283592
2020-04-03,31.85,2488.65,120.57,92.41,46.8,143.52,65.01,-41.3,141.68,69.33940124511719,2020-04-01,358.8066773156684,-1.5252860231953607,2.3264974525551185
2020-04-06,35.76,2663.68,121.01,95.0,45.24,143.3,66.28,-44.3,144.19,69.33940124511719,2020-04-01,358.8066773156684,6.796823056768604,46.19680366502131
2020-04-07,34.27,2659.41,118.48,90.89,46.7,134.45,72.21,-42.9,139.13,69.33940124511719,2020-04-01,358.8066773156684,-0.16043316629523077,0.02573880084751317
2020-04-08,29.98,2749.98,119.3,90.01,43.35,141.37,75.71,-42.9,141.46,69.33940124511719,2020-04-01,358.8066773156684,3.348934524468995,11.215362449180375
2020-04-09,27.59,2789.82,120.85,88.46,41.67,137.75,74.39,-67.7,129.88,69.33940124511719,2020-04-01,358.8066773156684,1.438343869822631,2.0688330878563415
2020-04-13,28.41,2761.63,119.6,81.46,41.17,138.68,75.85,-81.9,114.44,69.33940124511719,2020-04-01,358.8066773156684,-1.0155992507349274,1.0314418380933459
2020-04-14,28.87,2846.06,122.33,76.3,37.76,131.78,69.52,-84.1,115.48,69.33940124511719,2020-04-01,358.8066773156684,3.01144965504564,9.068829024874505
2020-04-15,27.39,2783.36,122.42,62.84,40.84,135.93,70.5,-126.5,120.38,69.33940124511719,2020-04-01,358.8066773156684,-2.227675067901237,4.962536208148782
2020-04-16,27.74,2799.55,122.33,59.51,40.11,129.55,69.93,-131.1,115.1,69.33940124511719,2020-04-01,358.8066773156684,0.5799858992437359,0.33638364332156495
2020-04-17,26.96,2874.56,126.43,57.64,38.15,127.15,69.84,-129.0,95.91,69.33940124511719,2020-04-01,358.8066773156684,2.644092907918547,6.991227305705158
2020-04-20,28.01,2823.16,125.34,57.96,43.83,132.04,70.6,-133.1,226.13,69.33940124511719,2020-04-01,358.8066773156684,-1.8042794099790367,3.2554241892743008
2020-04-21,30.62,2736.56,123.71,56.8,45.41,132.22,73.83,-133.1,325.15,69.33940124511719,2020-04-01,358.8066773156684,-3.115516777979546,9.706444793872052
2020-04-22,30.44,2799.31,126.19,56.37,41.98,124.1,72.29,-133.1,236.8,69.33940124511719,2020-04-01,358.8066773156684,2.2671301062101197,5.139878918484309
2020-04-23,30.25,2797.8,125.22,47.18,41.38,121.86,67.25,-133.3,211.0,69.33940124511719,2020-04-01,358.8066773156684,-0.05395641810268519,0.0029112950544717743
2020-04-24,29.22,2836.74,126.51,47.19,35.93,119.88,66.09,-101.8,173.53,69.33940124511719,2020-04-01,358.8066773156684,1.3822111461719606,1.910507652602005
2020-04-27,26.75,2878.48,129.29,42.75,33.29,120.56,62.7,-103.7,185.47,69.33940124511719,2020-04-01,358.8066773156684,1.4606871524449172,2.1336069573176406
2020-04-28,24.43,2863.39,129.23,41.22,33.57,117.79,58.89,-105.3,198.77,69.33940124511719,2020-04-01,358.8066773156684,-0.5256139460119837,0.2762700202422886
2020-04-29,24.16,2939.51,132.6,40.7,31.23,115.98,57.15,-117.3,195.59,69.33940124511719,2020-04-01,358.8066773156684,2.623666320724924,6.88362496250626
2020-04-30,24.24,2912.43,130.38,40.46,34.15,118.53,53.59,-144.6,104.98,69.33940124511719,2020-04-01,358.8066773156684,-0.925511652526566,0.856571818962455
2020-05-01,24.25,2830.71,129.97,38.38,37.19,122.15,48.11,-128.0,110.18,68.50721740722656,2020-05-01,431.5421493015019,-2.8460220686828817,8.09984161542999
2020-05-04,23.68,2842.74,131.29,37.61,35.97,121.25,49.25,-140.1,97.42,68.50721740722656,2020-05-01,431.5421493015019,0.42408122145938704,0.17984488239448568
2020-05-05,24.97,2868.44,128.26,37.36,33.61,118.87,49.65,-130.8,97.27,68.50721740722656,2020-05-01,431.5421493015019,0.8999952189538051,0.8099913941397076
2020-05-06,24.47,2848.42,128.59,29.61,34.12,119.16,51.31,-101.6,115.39,68.50721740722656,2020-05-01,431.5421493015019,-0.7003873398600343,0.4905424258362152
2020-05-07,26.15,2881.19,130.67,29.89,31.44,115.83,54.93,-104.3,110.62,68.50721740722656,2020-05-01,431.5421493015019,1.1438948664053583,1.3084954653885326
2020-05-08,24.89,2929.8,132.21,28.11,27.98,115.65,57.4,-54.8,98.7,68.50721740722656,2020-05-01,431.5421493015019,1.6730758062550521,2.799182653475993
2020-05-11,23.55,2930.32,129.1,27.65,27.57,118.71,61.6,-54.3,109.72,68.50721740722656,2020-05-01,431.5421493015019,0.017747076898242637,0.0003149587384321375
2020-05-12,22.45,2870.12,125.97,28.35,33.04,130.75,61.26,-60.8,86.86,68.50721740722656,2020-05-01,431.5421493015019,-2.0757791338386404,4.308859012479896
2020-05-13,22.71,2820.0,123.43,27.08,35.28,142.75,57.56,-61.1,82.83,68.50721740722656,2020-05-01,431.5421493015019,-1.7616955794106535,3.103571314515038
2020-05-14,24.15,2852.5,124.35,26.34,32.61,137.05,59.05,-69.7,80.05,68.50721740722656,2020-05-01,431.5421493015019,1.1458917804071491,1.313067972404666
2020-05-15,23.63,2863.7,124.47,26.3,31.89,133.02,56.53,-95.3,76.39,68.50721740722656,2020-05-01,431.5421493015019,0.39186922544353264,0.1535614898497142
2020-05-18,22.81,2953.91,129.23,26.78,29.3,125.9,58.7,-97.3,76.14,68.50721740722656,2020-05-01,431.5421493015019,3.1015221473356873,9.619439630413773
2020-05-19,21.33,2922.94,127.48,26.3,30.53,125.6,60.09,-94.2,73.22,68.50721740722656,2020-05-01,431.5421493015019,-1.0539757419425795,1.110864864603411
2020-05-20,20.12,2971.61,125.95,24.7,27.99,120.04,58.85,-92.3,73.62,68.50721740722656,2020-05-01,431.5421493015019,1.651393441786152,2.727100299574313
2020-05-21,19.74,2948.51,124.53,23.62,29.53,122.08,55.62,-81.5,89.06,68.50721740722656,2020-05-01,431.5421493015019,-0.7803935472623134,0.6090140886086565
2020-05-22,18.95,2955.45,125.78,23.63,28.16,118.38,51.67,-81.2,84.98,68.50721740722656,2020-05-01,431.5421493015019,0.23509655202508628,0.0552703887740841
2020-05-26,18.57,2991.77,129.11,23.52,28.01,113.59,52.22,-79.2,75.47,68.50721740722656,2020-05-01,431.5421493015019,1.2214261971750162,1.4918819551454217
2020-05-27,18.51,3036.13,129.96,23.52,27.62,109.82,52.98,-75.3,73.89,68.50721740722656,2020-05-01,431.5421493015019,1.4718492616296688,2.166340248959801
2020-05-28,18.1,3029.73,130.78,23.46,28.59,108.99,50.57,-55.7,72.98,68.50721740722656,2020-05-01,431.5421493015019,-0.21101714760443074,0.044528236583110115
2020-05-29,18.15,3044.31,131.72,21.77,27.51,105.6,51.55,-55.1,69.23,68.50721740722656,2020-05-01,431.5421493015019,0.4800767858804524,0.23047372034130573
2020-06-01,18.06,3055.73,132.09,21.54,28.23,106.47,55.07,-54.7,64.38,71.22785949707031,2020-06-01,328.657949575624,0.3744242117017055,0.14019349030844355
2020-06-02,18.1,3080.82,132.61,19.65,26.84,104.83,55.35,-53.9,64.71,71.22785949707031,2020-06-01,328.657949575624,0.8177278702023465,0.6686788697056656
2020-06-03,18.47,3122.87,131.5,20.13,25.66,106.85,61.24,8.0,65.73,71.22785949707031,2020-06-01,328.657949575624,1.3556655475681827,1.8378290768633405
2020-06-04,18.05,3112.35,130.77,19.96,25.81,109.88,61.18,8.3,65.13,71.22785949707031,2020-06-01,328.657949575624,-0.3374382935045795,0.11386460192328274
2020-06-05,18.17,3193.93,129.87,21.79,24.52,107.59,61.97,66.3,64.2,71.22785949707031,2020-06-01,328.657949575624,2.5874065601552974,6.694672707534669
2020-06-08,17.94,3232.39,129.11,21.82,25.81,110.05,62.77,69.7,67.24,71.22785949707031,2020-06-01,328.657949575624,1.1969668235859063,1.4327295767653343
2020-06-09,19.0,3207.18,124.93,21.28,27.57,111.0,62.94,69.6,67.76,71.22785949707031,2020-06-01,328.657949575624,-0.7829755338198062,0.6130506865604105
2020-06-10,20.75,3190.14,127.74,21.36,27.57,116.53,60.02,65.1,63.06,71.22785949707031,2020-06-01,328.657949575624,-0.5327243376570845,0.2837952199321794
2020-06-11,23.04,3002.1,131.29,28.97,40.79,146.84,56.47,74.7,69.96,71.22785949707031,2020-06-01,328.657949575624,-6.07527591986929,36.90897750254364
2020-06-12,20.39,3041.31,133.54,28.62,36.09,151.6,55.81,82.2,70.22,71.22785949707031,2020-06-01,328.657949575624,1.2976299868566437,1.6838435827895732
2020-06-15,20.11,3066.59,137.33,28.52,34.4,141.83,58.09,101.5,68.11,71.22785949707031,2020-06-01,328.657949575624,0.8277851423430304,0.685228241883871
2020-06-16,19.29,3124.74,133.85,29.19,33.67,143.24,60.49,119.3,66.63,71.22785949707031,2020-06-01,328.657949575624,1.878488465267299,3.5287189141422926
2020-06-17,18.88,3113.49,135.49,27.31,33.47,139.94,58.16,113.4,61.45,71.22785949707031,2020-06-01,328.657949575624,-0.36067962213368693,0.1300897898224992
2020-06-18,18.31,3115.34,134.9,27.08,32.94,135.29,55.15,126.7,61.35,71.22785949707031,2020-06-01,328.657949575624,0.05940120550401924,0.003528503215330726
2020-06-19,18.27,3097.74,125.38,26.5,35.12,138.35,53.45,128.6,58.73,71.22785949707031,2020-06-01,328.657949575624,-0.5665482200964774,0.3209768856944866
2020-06-22,19.55,3117.86,135.54,26.47,31.77,133.98,53.93,145.4,56.76,71.22785949707031,2020-06-01,328.657949575624,0.6474055690439127,0.4191339708290724
2020-06-23,20.51,3131.29,135.2,26.51,31.37,130.73,54.04,155.7,58.83,71.22785949707031,2020-06-01,328.657949575624,0.42981911703125364,0.18474447336552652
2020-06-24,20.01,3050.33,134.05,27.66,33.84,136.89,54.89,157.1,64.96,71.22785949707031,2020-06-01,328.657949575624,-2.619527873275449,6.861926278866997
2020-06-25,19.73,3083.76,131.92,27.48,32.22,127.2,51.57,168.2,62.69,71.22785949707031,2020-06-01,328.657949575624,1.0899850173409287,1.1880673380277045
2020-06-26,20.52,3009.05,137.47,28.76,34.73,128.63,51.21,162.1,63.69,71.22785949707031,2020-06-01,328.657949575624,-2.4525217335129468,6.01486285335335
2020-06-29,19.26,3053.24,135.75,29.09,31.78,121.32,52.96,167.4,60.04,71.22785949707031,2020-06-01,328.657949575624,1.4578907539069856,2.125445450327479
2020-06-30,19.65,3100.29,148.27,29.58,30.43,120.76,54.13,181.2,57.66,71.22785949707031,2020-06-01,328.657949575624,1.529233363768146,2.3385546808616384
2020-07-01,18.85,3115.86,142.44,29.5,28.62,120.83,53.28,184.7,53.43,66.47328186035156,2020-07-01,352.16067809719294,0.500954209966413,0.25095512048307306
2020-07-02,17.7,3130.01,146.34,29.2,27.68,115.47,50.96,188.1,51.29,66.47328186035156,2020-07-01,352.16067809719294,0.453100183265328,0.20529977607507385
2020-07-06,17.42,3179.72,140.98,29.64,27.94,116.57,52.03,213.6,50.73,66.47328186035156,2020-07-01,352.16067809719294,1.5756943165826314,2.4828125793108056
2020-07-07,17.37,3145.32,138.34,28.5,29.43,118.12,50.98,221.3,51.39,66.47328186035156,2020-07-01,352.16067809719294,-1.0877508816987262,1.1832019806363563
2020-07-08,17.74,3169.94,144.46,28.33,28.08,113.34,49.8,222.0,48.85,66.47328186035156,2020-07-01,352.16067809719294,0.7797026481291787,0.6079362194996538
2020-07-09,17.39,3152.05,138.84,28.26,29.26,115.11,50.07,224.1,53.77,66.47328186035156,2020-07-01,352.16067809719294,-0.5659625451287915,0.32031360248865937
2020-07-10,16.64,3185.04,135.68,28.44,27.29,109.71,49.19,225.9,49.71,66.47328186035156,2020-07-01,352.16067809719294,1.0411813000986476,1.0840584996751101
2020-07-13,16.53,3155.22,128.52,19.66,32.19,123.3,49.55,236.3,53.41,66.47328186035156,2020-07-01,352.16067809719294,-0.940662366648347,0.8848456880284692
2020-07-14,16.0,3197.52,131.1,19.78,29.52,112.75,50.81,243.4,53.04,66.47328186035156,2020-07-01,352.16067809719294,1.3317285189446137,1.7735008481704144
2020-07-15,15.36,3226.56,146.53,19.78,27.76,113.71,47.08,256.9,47.05,66.47328186035156,2020-07-01,352.16067809719294,0.9041044884784207,0.8174049260868268
2020-07-16,15.37,3215.57,142.44,18.79,28.0,115.62,46.43,270.8,46.12,66.47328186035156,2020-07-01,352.16067809719294,-0.3411918313161816,0.11641186575688971
2020-07-17,15.09,3224.73,140.81,18.79,25.68,117.97,45.68,259.1,40.22,66.47328186035156,2020-07-01,352.16067809719294,0.28445899031588195,0.08091691717153103
2020-07-20,15.3,3251.84,145.9,19.0,24.46,112.51,46.82,250.7,42.59,66.47328186035156,2020-07-01,352.16067809719294,0.8371764170464782,0.7008643532587787
2020-07-21,16.67,3257.3,134.84,18.91,24.84,115.46,46.45,246.5,41.1,66.47328186035156,2020-07-01,352.16067809719294,0.16776413721593886,0.02814480573580836
2020-07-22,22.45,3276.02,140.39,18.86,24.32,112.84,45.32,239.9,41.3,66.47328186035156,2020-07-01,352.16067809719294,0.5730639622957727,0.32840230488213085
2020-07-23,21.99,3235.66,140.74,19.27,26.08,116.7,43.93,236.1,43.83,66.47328186035156,2020-07-01,352.16067809719294,-1.2396345287241564,1.5366937648051613
2020-07-24,21.61,3215.63,139.4,17.16,25.84,117.22,42.48,236.2,42.35,66.47328186035156,2020-07-01,352.16067809719294,-0.6209630744305032,0.3855951398061827
2020-07-27,25.52,3239.41,139.61,16.92,24.74,112.71,42.61,238.5,41.37,66.47328186035156,2020-07-01,352.16067809719294,0.7367919510066762,0.5428623790682243
2020-07-28,28.96,3218.44,139.64,14.81,25.44,113.88,41.27,236.2,41.09,66.47328186035156,2020-07-01,352.16067809719294,-0.6494444344686342,0.42177807346228413
2020-07-29,26.79,3258.44,140.86,14.68,24.1,110.95,41.63,230.0,39.58,66.47328186035156,2020-07-01,352.16067809719294,1.2351783128253628,1.52566546447411
2020-07-30,24.13,3246.22,138.99,13.68,24.76,112.16,40.66,247.1,42.06,66.47328186035156,2020-07-01,352.16067809719294,-0.37573107206831396,0.14117383851760454
2020-07-31,24.46,3271.12,141.56,13.81,24.46,112.04,41.98,246.8,44.43,66.47328186035156,2020-07-01,352.16067809719294,0.7641191392371668,0.5838780589485487
2020-08-03,23.56,3294.61,141.77,13.87,24.28,111.02,43.1345,225.4,41.56,65.46604919433594,2020-08-01,301.52449018946817,0.7155365883905607,0.5119926093256026
2020-08-04,26.3,3306.51,141.64,12.92,23.76,109.0,44.1071,227.9,40.28,65.46604919433594,2020-08-01,301.52449018946817,0.36054526780178503,0.12999289013426088
2020-08-05,25.69,3327.77,139.59,12.51,22.99,105.67,41.7507,218.9,37.12,65.46604919433594,2020-08-01,301.52449018946817,0.6409157519801222,0.4107730011362455
2020-08-06,27.36,3349.16,141.75,12.39,22.65,105.84,42.6047,221.9,37.59,65.46604919433594,2020-08-01,301.52449018946817,0.6407158132423376,0.41051675333879006
2020-08-07,26.22,3351.28,139.75,12.23,22.21,108.18,41.4622,223.0,37.43,65.46604919433594,2020-08-01,301.52449018946817,0.06327942853730395,0.0040042860760077575
2020-08-10,23.89,3360.47,137.5,11.7,22.13,111.13,42.213,225.5,35.74,65.46604919433594,2020-08-01,301.52449018946817,0.273848273347593,0.074992876815458
2020-08-11,27.48,3333.69,136.39,11.54,24.03,118.34,45.2642,225.2,37.5,65.46604919433594,2020-08-01,301.52449018946817,-0.8001046543221288,0.6401674578679333
2020-08-12,25.85,3380.35,137.01,11.58,22.28,115.73,44.2282,249.1,34.74,65.46604919433594,2020-08-01,301.52449018946817,1.3899455827979215,1.9319487231394536
2020-08-13,25.82,3373.43,136.11,11.14,22.13,115.18,45.0836,250.3,34.87,65.46604919433594,2020-08-01,301.52449018946817,-0.20492235227105188,0.04199317046030108
2020-08-14,23.53,3372.85,136.82,11.02,22.05,114.35,43.09,253.3,35.1,65.46604919433594,2020-08-01,301.52449018946817,-0.01719466139647112,0.0002956563805392942
2020-08-17,26.35,3381.99,137.45,11.02,21.35,110.35,45.81,239.3,32.43,65.46604919433594,2020-08-01,301.52449018946817,0.27062093485908584,0.07323569038400558
2020-08-18,26.46,3389.78,138.08,10.67,21.51,112.59,46.06,253.1,31.7,65.46604919433594,2020-08-01,301.52449018946817,0.23007288895721292,0.05293353423311803
2020-08-19,28.15,3374.85,138.2,10.74,22.54,114.72,44.6,249.6,32.85,65.46604919433594,2020-08-01,301.52449018946817,-0.4414143638946041,0.19484664065247795
2020-08-20,25.91,3385.51,144.05,10.63,22.72,112.99,44.58,242.7,32.83,65.46604919433594,2020-08-01,301.52449018946817,0.31536808202811933,0.0994570271620946
2020-08-21,25.96,3397.16,146.73,9.82,22.54,111.25,45.14,254.6,33.68,65.46604919433594,2020-08-01,301.52449018946817,0.3435228739303047,0.118007964913336
2020-08-24,23.86,3431.28,147.23,10.23,22.37,108.25,46.33,236.7,32.25,65.46604919433594,2020-08-01,301.52449018946817,0.9993580954932105,0.998716603027817
2020-08-25,22.76,3443.62,146.53,10.02,22.03,103.88,47.89,235.3,33.03,65.46604919433594,2020-08-01,301.52449018946817,0.358987425339455,0.12887197155185076
2020-08-26,24.79,3478.73,142.09,10.37,23.27,105.8,47.99,238.1,33.79,65.46604919433594,2020-08-01,301.52449018946817,1.0144040989640823,1.0290156759951317
2020-08-27,23.08,3484.55,145.07,9.45,24.47,114.74,49.29,242.8,33.74,65.46604919433594,2020-08-01,301.52449018946817,0.16716264045830256,0.027943348364991735
2020-08-28,23.19,3508.01,145.73,9.57,22.96,111.56,48.19,242.5,32.06,65.46604919433594,2020-08-01,301.52449018946817,0.6710014078511689,0.45024288933825074
2020-08-31,24.32,3500.31,144.67,9.32,26.41,119.01,47.02,210.8,32.59,65.46604919433594,2020-08-01,301.52449018946817,-0.21973891312895358,0.04828518994309381
2020-09-01,23.0,3526.65,142.28,9.71,26.12,120.1,44.3,206.8,31.74,80.37738037109375,2020-09-01,289.89338419862867,0.7496875851234013,0.562031475288157
2020-09-02,23.57,3580.84,141.1,10.87,26.57,122.01,44.86,193.4,35.49,80.37738037109375,2020-09-01,289.89338419862867,1.5248997908235746,2.3253193720537815
2020-09-03,23.68,3455.06,144.66,16.15,33.6,132.91,45.76,193.3,41.28,80.37738037109375,2020-09-01,289.89338419862867,-3.5757586556313434,12.786049963322473
2020-09-04,21.98,3426.96,133.28,16.26,30.75,122.14,47.04,191.8,44.02,80.37738037109375,2020-09-01,289.89338419862867,-0.8166252396865901,0.6668767820931807
2020-09-08,22.49,3331.84,132.51,18.87,31.46,123.56,50.68,183.9,55.9,80.37738037109375,2020-09-01,289.89338419862867,-2.814886686405828,7.9235870573047835
2020-09-09,21.66,3398.96,133.2,20.01,28.81,121.54,48.82,183.1,49.42,80.37738037109375,2020-09-01,289.89338419862867,1.9944798533671326,3.9779498854873787
2020-09-10,21.26,3339.19,130.16,20.74,29.71,120.58,45.21,179.9,52.16,80.37738037109375,2020-09-01,289.89338419862867,-1.774123987058698,3.1475159214570514
2020-09-11,20.2,3340.97,125.42,20.2,26.87,113.95,43.12,188.0,50.13,80.37738037109375,2020-09-01,289.89338419862867,0.0532921379765575,0.002840051970112442
2020-09-14,20.91,3383.54,130.95,20.63,25.85,111.27,44.21,181.5,49.41,80.37738037109375,2020-09-01,289.89338419862867,1.2661314711189058,1.6030889021577246
2020-09-15,20.32,3401.2,132.95,20.71,25.59,108.97,43.06,178.1,45.19,80.37738037109375,2020-09-01,289.89338419862867,0.5205811831507181,0.2710047682506015
2020-09-16,20.08,3385.49,136.06,20.72,26.04,103.48,42.43,177.1,41.13,80.37738037109375,2020-09-01,289.89338419862867,-0.46296583637453037,0.21433736564996844
2020-09-17,19.95,3357.01,139.41,20.93,26.46,100.37,38.45,170.1,38.73,80.37738037109375,2020-09-01,289.89338419862867,-0.8447955322129994,0.7136794912470449
2020-09-18,20.22,3319.47,132.09,21.29,25.83,101.19,37.24,172.5,39.07,80.37738037109375,2020-09-01,289.89338419862867,-1.1245565213035067,1.2646273696062442
2020-09-21,21.6,3281.06,130.64,21.58,27.78,108.74,38.63,166.1,42.89,80.37738037109375,2020-09-01,289.89338419862867,-1.1638590711243437,1.35456793743842
2020-09-22,21.63,3315.57,130.08,21.82,26.86,104.69,39.35,165.0,41.28,80.37738037109375,2020-09-01,289.89338419862867,1.0463013638868865,1.094746544071559
2020-09-23,23.43,3236.92,129.84,23.06,28.58,107.35,38.63,164.2,44.64,80.37738037109375,2020-09-01,289.89338419862867,-2.4007294161091854,5.76350172937195
2020-09-24,23.41,3246.59,129.17,23.05,28.51,102.26,37.22,171.6,42.88,80.37738037109375,2020-09-01,289.89338419862867,0.29829543473573145,0.08898016638417902
2020-09-25,22.09,3298.46,129.26,23.45,26.38,99.64,36.97,170.4,41.41,80.37738037109375,2020-09-01,289.89338419862867,1.5850478138509476,2.512376572193668
2020-09-28,22.01,3351.6,126.69,24.16,26.19,101.85,37.4,162.9,40.64,80.37738037109375,2020-09-01,289.89338419862867,1.5982150874003724,2.55429146559418
2020-09-29,23.28,3335.47,123.93,24.19,26.27,96.93,36.62,168.2,46.13,80.37738037109375,2020-09-01,289.89338419862867,-0.4824244783809024,0.2327333773410858
2020-09-30,22.07,3363.0,120.94,24.31,26.37,101.58,39.21,172.9,44.0,80.37738037109375,2020-09-01,289.89338419862867,0.8219833784947334,0.675656674521616
2020-10-01,22.39,3380.8,117.78,24.13,26.7,101.0,38.65,167.9,49.35,76.08316802978516,2020-10-01,307.6226436845783,0.5278935121522739,0.2786715601724629
2020-10-02,22.59,3348.44,119.12,23.8,27.63,102.72,39.97,164.2,55.51,76.08316802978516,2020-10-01,307.6226436845783,-0.9617802143182246,0.92502118065401
2020-10-05,22.13,3408.63,119.53,21.31,27.96,103.22,39.81,159.4,49.44,76.08316802978516,2020-10-01,307.6226436845783,1.781588530117781,3.1740576906472353
2020-10-06,22.79,3360.95,120.05,21.67,29.48,106.14,57.75,157.3,46.6,76.08316802978516,2020-10-01,307.6226436845783,-1.4086778930182593,1.9843734062783625
2020-10-07,23.28,3419.45,120.6,20.34,28.06,104.19,56.98,155.2,45.5,76.08316802978516,2020-10-01,307.6226436845783,1.725604732087949,2.9777116914043225
2020-10-08,21.96,3446.83,121.81,19.42,26.36,104.8,57.31,152.5,41.15,76.08316802978516,2020-10-01,307.6226436845783,0.7975248642444218,0.6360459090880834
2020-10-09,22.44,3477.13,121.93,18.68,25.0,109.22,57.52,149.9,42.38,76.08316802978516,2020-10-01,307.6226436845783,0.8752272809348647,0.7660227932926366
2020-10-13,23.17,3511.93,122.54,19.17,26.07,110.97,55.59,137.4,46.07,76.08316802978516,2020-10-01,307.6226436845783,0.9958503031221264,0.9917178262284311
2020-10-14,21.88,3488.67,122.6,19.2,26.4,116.93,53.5,137.6,43.53,76.08316802978516,2020-10-01,307.6226436845783,-0.6645169155040893,0.441582730991069
2020-10-15,21.73,3483.34,123.47,19.16,26.97,117.59,55.62,138.8,43.83,76.08316802978516,2020-10-01,307.6226436845783,-0.15289711398439404,0.023377527464756784
2020-10-16,20.29,3483.81,123.7,18.92,27.41,115.92,57.25,134.2,44.06,76.08316802978516,2020-10-01,307.6226436845783,0.013491886946954789,0.000182031013389409
2020-10-19,21.33,3426.92,124.75,19.26,29.18,119.76,61.16,130.6,43.35,76.08316802978516,2020-10-01,307.6226436845783,-1.6464623898632638,2.71083840123425
2020-10-20,21.54,3443.12,125.31,18.96,29.35,119.59,60.42,128.1,43.85,76.08316802978516,2020-10-01,307.6226436845783,0.47161384872977136,0.22241962231370765
2020-10-21,22.66,3435.56,124.38,18.66,28.65,117.47,59.07,125.9,47.58,76.08316802978516,2020-10-01,307.6226436845783,-0.21980970313859494,0.048316305593877236
2020-10-22,21.38,3453.49,124.94,16.87,28.11,118.6,59.73,128.1,46.61,76.08316802978516,2020-10-01,307.6226436845783,0.5205373886326261,0.27095917296447364
2020-10-23,21.04,3465.39,126.7,16.88,27.55,118.94,58.46,127.9,46.32,76.08316802978516,2020-10-01,307.6226436845783,0.3439866491129748,0.11832681476797283
2020-10-26,20.93,3400.97,126.05,17.19,32.46,133.08,58.95,113.2,53.05,76.08316802978516,2020-10-01,307.6226436845783,-1.8764495369547174,3.5210628647375732
2020-10-27,20.41,3390.68,127.58,16.2,33.35,135.32,57.88,116.8,50.22,76.08316802978516,2020-10-01,307.6226436845783,-0.30301938037524706,0.09182074488299867
2020-10-28,21.93,3271.03,129.3,20.28,40.28,152.01,57.13,114.5,59.61,76.08316802978516,2020-10-01,307.6226436845783,-3.5925571226008888,12.906466679150377
2020-10-29,21.9,3310.11,128.05,20.42,37.59,147.84,61.3,126.5,63.38,76.08316802978516,2020-10-01,307.6226436845783,1.18765014438055,1.4105128654471415
2020-10-30,23.26,3269.96,129.01,20.61,38.02,145.24,61.91,128.9,68.84,76.08316802978516,2020-10-01,307.6226436845783,-1.2203669046735501,1.489295382022502
2020-11-02,23.74,3310.24,133.86,20.7,37.13,142.65,63.56,131.1,66.73,70.06746673583984,2020-11-01,368.260117054972,1.224294189485278,1.4988962624074136
2020-11-03,23.32,3369.16,136.44,20.79,35.55,136.28,64.37,128.9,63.63,70.06746673583984,2020-11-01,368.260117054972,1.7642760820758658,3.1126700937849674
2020-11-04,20.49,3443.44,133.32,21.59,29.57,122.12,47.74,123.2,54.53,70.06746673583984,2020-11-01,368.260117054972,2.180751658433598,4.755677795760889
2020-11-05,22.0,3510.45,127.65,21.79,27.58,117.68,43.76,120.5,53.69,70.06746673583984,2020-11-01,368.260117054972,1.927326267001391,3.7145865394735176
2020-11-06,21.1,3509.44,124.56,21.6,24.86,112.92,39.88,118.0,55.75,70.06746673583984,2020-11-01,368.260117054972,-0.028775379869741255,0.0008280224866479102
2020-11-09,21.86,3550.5,127.41,21.8,25.75,116.78,44.94,105.0,52.2,70.06746673583984,2020-11-01,368.260117054972,1.1631958050304203,1.3530244808403675
2020-11-10,20.46,3545.53,126.3,21.07,24.8,116.05,46.19,101.9,49.64,70.06746673583984,2020-11-01,368.260117054972,-0.14007834839128777,0.019621943688030993
2020-11-12,18.98,3537.01,131.42,21.31,25.35,121.57,44.17,86.5,50.9,70.06746673583984,2020-11-01,368.260117054972,-0.24059176820157438,0.057884398926360096
2020-11-13,17.74,3585.15,129.33,21.8,23.1,114.39,42.95,77.6,48.24,70.06746673583984,2020-11-01,368.260117054972,1.3518576706374859,1.8275191616614093
2020-11-16,18.31,3626.91,129.56,22.21,22.45,115.0,42.49,66.0,46.89,70.06746673583984,2020-11-01,368.260117054972,1.1580731916656504,1.3411335172546661
2020-11-17,17.54,3609.53,128.91,21.59,22.71,116.25,43.08,67.9,45.08,70.06746673583984,2020-11-01,368.260117054972,-0.480347613410369,0.23073382970903733
2020-11-18,17.67,3567.79,133.59,21.94,23.84,117.9,43.62,66.4,46.06,70.06746673583984,2020-11-01,368.260117054972,-1.163121347960132,1.3528512700805941
2020-11-19,17.96,3581.87,133.55,21.98,23.11,114.15,43.53,69.2,46.34,70.06746673583984,2020-11-01,368.260117054972,0.39386539225387157,0.1551299472152961
2020-11-20,17.72,3557.54,133.54,22.01,23.7,113.99,42.31,67.7,43.94,70.06746673583984,2020-11-01,368.260117054972,-0.6815715636269892,0.464539796344939
2020-11-23,18.98,3577.59,134.26,22.07,22.66,109.85,43.04,75.6,42.79,70.06746673583984,2020-11-01,368.260117054972,0.5620094595057822,0.31585463257398144
2020-11-24,20.09,3635.41,134.19,21.81,21.64,104.56,42.38,77.0,42.84,70.06746673583984,2020-11-01,368.260117054972,1.6032507557285767,2.570412985744252
2020-11-25,19.75,3629.65,133.9,21.78,21.25,103.46,39.62,81.4,43.56,70.06746673583984,2020-11-01,368.260117054972,-0.15856720266289198,0.025143557760334657
2020-11-27,19.09,3638.35,132.43,17.92,20.84,106.12,39.64,80.0,46.21,70.06746673583984,2020-11-01,368.260117054972,0.23940572799516377,0.05731510259689434
2020-11-30,19.69,3621.63,133.95,17.6,20.57,106.12,40.84,77.8,47.37,70.06746673583984,2020-11-01,368.260117054972,-0.4606081438497098,0.21215986218067492
2020-12-01,19.61,3662.45,132.6,17.65,20.77,108.43,41.53,75.3,47.81,64.06729125976562,2020-12-01,295.5009630707666,1.1208121636017976,1.2562199060777426
2020-12-02,19.42,3669.01,134.61,17.27,21.17,107.52,43.92,73.3,45.68,64.06729125976562,2020-12-01,295.5009630707666,0.1789548534859762,0.03202483958618721
2020-12-03,19.61,3666.72,132.46,16.1,21.28,107.89,42.53,73.3,40.95,64.06729125976562,2020-12-01,295.5009630707666,-0.06243414287024246,0.0038980221959418475
2020-12-04,18.95,3699.12,133.08,14.52,20.79,103.72,43.89,74.3,38.34,64.06729125976562,2020-12-01,295.5009630707666,0.8797424045414703,0.773946698348408
2020-12-07,19.79,3691.96,132.44,12.92,21.3,104.42,49.67,70.1,37.68,64.06729125976562,2020-12-01,295.5009630707666,-0.19374711787083176,0.03753794568325398
2020-12-08,19.86,3702.25,134.9,12.95,20.68,102.82,49.1,67.7,37.7,64.06729125976562,2020-12-01,295.5009630707666,0.2783260589747119,0.07746539510439482
2020-12-09,20.26,3672.82,135.75,12.54,22.27,113.93,48.48,66.6,39.52,64.06729125976562,2020-12-01,295.5009630707666,-0.7980983560702697,0.636960985962067
2020-12-10,19.66,3668.1,135.71,12.53,22.52,114.66,47.15,69.2,39.7,64.06729125976562,2020-12-01,295.5009630707666,-0.128594253865602,0.016536482127250896
2020-12-11,19.24,3663.46,139.92,12.25,23.31,120.77,47.52,78.2,39.51,64.06729125976562,2020-12-01,295.5009630707666,-0.12657607983834493,0.016021503987243068
2020-12-14,19.43,3647.49,139.29,11.85,24.72,127.68,49.22,75.8,39.96,64.06729125976562,2020-12-01,295.5009630707666,-0.43687962305264194,0.19086380503861852
2020-12-15,19.75,3694.62,138.95,11.86,22.89,119.11,48.14,77.5,39.34,64.06729125976562,2020-12-01,295.5009630707666,1.2838447626446778,1.6482573745701692
2020-12-16,19.39,3701.17,144.79,11.08,22.5,111.85,46.96,71.4,38.68,64.06729125976562,2020-12-01,295.5009630707666,0.17712784469306417,0.03137427336561026
2020-12-17,20.1,3722.48,147.07,11.09,21.93,110.21,44.15,72.0,36.86,64.06729125976562,2020-12-01,295.5009630707666,0.5741126947631057,0.32960538628815494
2020-12-18,19.58,3709.41,147.02,10.28,21.57,110.3,44.64,71.3,37.15,64.06729125976562,2020-12-01,295.5009630707666,-0.3517278505023192,0.1237124808189818
2020-12-21,19.8,3694.92,146.53,10.34,25.16,121.61,46.66,66.7,41.56,64.06729125976562,2020-12-01,295.5009630707666,-0.3913931036978114,0.15318856162220573
2020-12-22,19.5,3687.26,146.27,10.12,24.23,120.57,43.57,65.2,42.06,64.06729125976562,2020-12-01,295.5009630707666,-0.20752684841428568,0.043067392812765906
2020-12-23,18.87,3690.01,147.39,9.91,23.31,118.31,42.74,51.0,39.89,64.06729125976562,2020-12-01,295.5009630707666,0.07455332737925253,0.005558198623318006
2020-12-24,18.99,3703.06,148.27,8.39,21.53,115.26,42.11,50.0,39.41,64.06729125976562,2020-12-01,295.5009630707666,0.35303368029281484,0.1246327794210894
2020-12-28,20.2,3735.36,145.3,8.92,21.7,114.4,45.26,43.8,39.67,64.06729125976562,2020-12-01,295.5009630707666,0.8684694603369354,0.7542392035379278
2020-12-29,19.53,3727.04,142.74,8.9,23.08,116.27,46.1,47.8,38.64,64.06729125976562,2020-12-01,295.5009630707666,-0.22298465500115036,0.049722156365982054
2020-12-30,20.06,3732.04,143.03,8.8,22.77,112.04,47.19,48.0,38.01,64.06729125976562,2020-12-01,295.5009630707666,0.13406481091209083,0.017973373524894667
2020-12-31,20.79,3756.07,147.83,8.3,22.75,111.86,48.98,48.2,37.83,64.06729125976562,2020-12-01,295.5009630707666,0.6418196978792083,0.4119325245857583
2021-01-04,21.86,3700.65,143.84,9.83,26.97,124.65,49.59,47.8,42.12,77.418701171875,2021-01-01,280.45442153966485,-1.4864718123372964,2.2095984488733267
2021-01-05,22.14,3726.86,145.5,10.12,25.34,120.07,48.95,58.8,40.39,77.418701171875,2021-01-01,280.45442153966485,0.7057576170722057,0.4980938140554382
2021-01-06,21.7,3748.14,147.06,9.87,25.07,119.9,44.64,57.6,39.31,77.418701171875,2021-01-01,280.45442153966485,0.569366086621762,0.32417774059497984
2021-01-07,20.66,3803.79,145.92,10.97,22.37,109.38,45.2,64.2,36.06,77.418701171875,2021-01-01,280.45442153966485,1.4738221178340893,2.1721516350169603
2021-01-08,22.16,3824.68,139.25,11.1,21.56,111.0,44.81,62.4,36.65,77.418701171875,2021-01-01,280.45442153966485,0.547686553610569,0.29996056100582263
2021-01-11,20.65,3799.61,134.7,10.99,24.08,118.8,47.77,60.0,35.31,77.418701171875,2021-01-01,280.45442153966485,-0.6576373761664375,0.4324869185310764
2021-01-12,20.01,3801.19,139.99,10.98,23.33,115.79,50.12,56.3,33.85,77.418701171875,2021-01-01,280.45442153966485,0.041574571696605785,0.0017284450117562148
2021-01-13,18.8,3809.84,139.93,11.0,22.21,117.76,45.6,56.1,36.79,77.418701171875,2021-01-01,280.45442153966485,0.22730179027713113,0.0516661038631889
2021-01-14,19.21,3795.54,138.06,10.9,23.25,122.78,46.23,52.2,37.95,77.418701171875,2021-01-01,280.45442153966485,-0.3760500291053589,0.14141362439014127
2021-01-15,19.04,3768.25,136.7,10.2,24.34,124.25,45.14,57.3,40.39,77.418701171875,2021-01-01,280.45442153966485,-0.7215990506594139,0.5207051899125673
2021-01-19,18.87,3798.91,141.32,10.43,23.24,120.71,45.23,52.4,35.37,77.418701171875,2021-01-01,280.45442153966485,0.8103480771510009,0.6566640061423245
2021-01-20,18.95,3851.85,146.66,11.33,21.58,114.17,42.53,49.9,35.67,77.418701171875,2021-01-01,280.45442153966485,1.3839368887685783,1.9152813120944523
2021-01-21,18.85,3853.07,144.2,11.31,21.32,112.59,43.01,62.8,35.05,77.418701171875,2021-01-01,280.45442153966485,0.03166807728557909,0.0010028671189654104
2021-01-22,18.42,3841.47,145.55,11.22,21.91,111.79,43.09,78.2,36.25,77.418701171875,2021-01-01,280.45442153966485,-0.3015127294928243,0.09090992604621305
2021-01-25,18.51,3855.36,145.56,11.27,23.19,116.63,43.08,78.2,38.02,77.418701171875,2021-01-01,280.45442153966485,0.3609282023548102,0.13026916725507484
2021-01-26,17.88,3849.62,143.31,11.27,23.02,115.31,43.14,78.2,37.13,77.418701171875,2021-01-01,280.45442153966485,-0.14899457394751567,0.022199383065801714
2021-01-27,18.47,3750.77,137.93,14.16,37.21,157.69,44.16,67.6,40.21,77.418701171875,2021-01-01,280.45442153966485,-2.601328989204868,6.76691251007762
2021-01-28,19.38,3787.38,145.84,14.13,30.21,133.22,45.53,62.8,40.45,77.418701171875,2021-01-01,280.45442153966485,0.9713334927599454,0.9434887541572349
2021-01-29,20.64,3714.24,134.3,15.7,33.09,137.33,47.41,65.3,40.2,77.418701171875,2021-01-01,280.45442153966485,-1.9500405967127863,3.8026583288279596
2021-02-01,21.81,3773.86,141.63,16.67,30.24,129.44,46.28,60.6,39.16,73.95680236816406,2021-02-01,215.3436952280213,1.5924269140718335,2.5358234766603425
2021-02-02,19.61,3826.31,141.15,17.2,25.56,119.1,45.91,60.5,38.62,73.95680236816406,2021-02-01,215.3436952280213,1.3802541965649213,1.9051016471350766
2021-02-03,18.45,3830.17,136.59,16.37,22.91,111.03,46.93,67.9,37.11,73.95680236816406,2021-02-01,215.3436952280213,0.10082963259948519,0.010166614810147166
2021-02-04,19.3,3871.74,136.01,16.63,21.77,108.47,47.25,71.6,35.37,73.95680236816406,2021-02-01,215.3436952280213,1.0794829768938023,1.1652834974035053
2021-02-05,18.7,3886.83,135.09,16.55,20.87,107.64,47.2,71.2,34.94,73.95680236816406,2021-02-01,215.3436952280213,0.38898969855535026,0.15131298558218226
2021-02-08,18.45,3915.59,136.65,16.02,21.24,106.61,48.45,72.1,34.48,73.95680236816406,2021-02-01,215.3436952280213,0.7372105129886367,0.5434793404609689
2021-02-09,18.35,3911.23,140.06,15.91,21.63,108.14,46.75,72.9,33.54,73.95680236816406,2021-02-01,215.3436952280213,-0.11141179817578345,0.012412588772761505
2021-02-10,18.57,3909.88,139.33,15.74,21.99,114.93,46.27,62.1,33.77,73.95680236816406,2021-02-01,215.3436952280213,-0.034521954387729654,0.0011917653347484868
2021-02-11,18.31,3916.38,137.6,15.74,21.25,116.22,45.95,60.2,34.33,73.95680236816406,2021-02-01,215.3436952280213,0.16610747648429303,0.02759169374397996
2021-02-12,18.08,3934.83,137.66,15.81,19.97,118.59,47.01,53.5,34.25,73.95680236816406,2021-02-01,215.3436952280213,0.46999211490260484,0.2208925880706233
2021-02-16,19.57,3932.59,140.17,15.8,21.46,124.66,56.78,48.9,35.13,73.95680236816406,2021-02-01,215.3436952280213,-0.056943700997991405,0.003242585083348647
2021-02-17,20.49,3931.33,144.45,15.59,21.5,122.83,55.97,77.7,36.9,73.95680236816406,2021-02-01,215.3436952280213,-0.032045087202880164,0.0010268876138401942
2021-02-18,19.66,3913.97,142.55,15.49,22.49,121.05,56.12,79.8,37.9,73.95680236816406,2021-02-01,215.3436952280213,-0.442558686962702,0.19585819140615088
2021-02-19,19.26,3906.71,141.53,14.75,22.05,117.45,60.43,79.0,37.76,73.95680236816406,2021-02-01,215.3436952280213,-0.18566165820490527,0.03447025132739507
2021-02-22,19.12,3876.5,138.82,15.01,23.45,117.06,62.42,73.1,38.57,73.95680236816406,2021-02-01,215.3436952280213,-0.7762902892533375,0.6026266131890304
2021-02-23,18.3,3881.37,136.64,14.98,23.11,112.78,61.73,75.7,39.75,73.95680236816406,2021-02-01,215.3436952280213,0.12554994192235644,0.015762787916707075
2021-02-24,18.31,3925.43,138.52,15.4,21.34,109.6,61.92,80.3,39.58,73.95680236816406,2021-02-01,215.3436952280213,1.1287715277782164,1.274125161922769
2021-02-25,21.26,3829.34,142.07,17.54,28.89,127.83,74.16,85.0,40.58,73.95680236816406,2021-02-01,215.3436952280213,-2.4783434790564103,6.142186400181432
2021-02-26,21.08,3811.15,136.23,15.35,27.95,124.96,75.66,86.5,42.49,73.95680236816406,2021-02-01,215.3436952280213,-0.47614837180722747,0.22671727197467373
2021-03-01,21.33,3901.82,141.33,17.1,23.35,114.94,68.73,92.2,42.56,78.61876678466797,2021-03-01,215.21164544246577,2.3512130081996934,5.528202609927451
2021-03-02,20.06,3870.29,141.68,15.88,24.1,114.92,57.7,91.1,40.96,78.61876678466797,2021-03-01,215.21164544246577,-0.8113671312552936,0.6583166216814448
2021-03-03,20.93,3819.72,140.53,15.52,26.67,121.23,65.83,83.1,39.83,78.61876678466797,2021-03-01,215.21164544246577,-1.3152318131987126,1.7298347224499733
2021-03-04,21.61,3768.47,137.19,15.48,28.57,124.62,68.13,85.8,37.27,78.61876678466797,2021-03-01,215.21164544246577,-1.3508037960082262,1.8246708953102335
2021-03-05,20.21,3841.94,135.9,16.78,24.66,116.21,69.37,85.8,36.61,78.61876678466797,2021-03-01,215.21164544246577,1.9308363815583878,3.728129132349488
2021-03-08,20.64,3821.35,137.01,16.44,25.47,114.62,71.65,82.6,38.89,78.61876678466797,2021-03-01,215.21164544246577,-0.5373684030541239,0.2887648006009394
2021-03-09,19.54,3875.44,134.45,17.07,24.03,108.71,67.44,80.0,37.97,78.61876678466797,2021-03-01,215.21164544246577,1.4055441418613446,1.9755543347207436
2021-03-10,18.55,3898.81,138.57,17.02,22.56,114.68,63.19,72.5,37.56,78.61876678466797,2021-03-01,215.21164544246577,0.6012173623113212,0.3614623167445824
2021-03-11,18.21,3939.34,139.61,17.42,21.91,112.87,63.9,71.3,37.86,78.61876678466797,2021-03-01,215.21164544246577,1.0341818218279306,1.0695320405993376
2021-03-12,18.36,3943.34,140.29,17.42,20.69,111.73,70.83,78.5,37.51,78.61876678466797,2021-03-01,215.21164544246577,0.10148833501624158,0.010299882144368886
2021-03-15,17.86,3968.94,141.26,17.54,20.03,110.49,70.79,79.0,39.38,78.61876678466797,2021-03-01,215.21164544246577,0.6470976590856805,0.4187353803941676
2021-03-16,17.93,3962.71,142.56,17.47,19.79,113.73,70.81,41.6,39.1,78.61876678466797,2021-03-01,215.21164544246577,-0.1570921884146989,0.02467795566091926
2021-03-17,17.24,3974.12,143.19,17.5,19.23,109.9,66.75,31.3,37.4,78.61876678466797,2021-03-01,215.21164544246577,0.28752053049775833,0.08266805545771237
2021-03-18,17.79,3915.46,148.11,18.2,21.58,117.8,70.48,41.0,48.44,78.61876678466797,2021-03-01,215.21164544246577,-1.4870520601810135,2.2113238296885966
2021-03-19,16.57,3913.1,141.47,18.16,20.95,115.95,68.8,41.0,44.38,78.61876678466797,2021-03-01,215.21164544246577,-0.06029206064693933,0.00363513257705421
2021-03-22,16.47,3940.59,146.14,18.37,18.88,108.63,67.62,40.9,40.28,78.61876678466797,2021-03-01,215.21164544246577,0.7000559550654081,0.49007834022254065
2021-03-23,16.69,3910.52,143.44,18.36,20.3,111.69,60.77,30.7,48.62,78.61876678466797,2021-03-01,215.21164544246577,-0.7660100809949314,0.5867714441858614
2021-03-24,15.7,3889.14,143.7,18.43,21.2,110.67,60.71,22.1,64.91,78.61876678466797,2021-03-01,215.21164544246577,-0.5482303984823846,0.3005565698201543
2021-03-25,15.58,3909.52,140.86,18.12,19.81,104.75,59.54,24.1,49.88,78.61876678466797,2021-03-01,215.21164544246577,0.5226550815926714,0.273168334314642
2021-03-26,15.48,3974.54,145.46,16.96,18.86,103.26,61.49,24.4,44.93,78.61876678466797,2021-03-01,215.21164544246577,1.6494413826353245,2.7206568747499307
2021-03-29,17.23,3971.09,143.67,16.87,20.74,105.84,65.96,20.6,44.16,78.61876678466797,2021-03-01,215.21164544246577,-0.08684019308247895,0.007541219134602225
2021-03-30,18.3,3958.55,142.2,14.83,19.61,101.9,67.44,28.3,41.46,78.61876678466797,2021-03-01,215.21164544246577,-0.31628196118815716,0.10003427897302695
2021-03-31,17.07,3972.89,140.93,14.66,19.4,100.04,71.27,28.1,45.65,78.61876678466797,2021-03-01,215.21164544246577,0.36159929659948986,0.13075405130124584
2021-04-01,16.74,4019.87,136.29,14.4,17.33,98.97,64.99,36.5,40.15,88.16622161865234,2021-04-01,199.28792416582112,1.175577423688851,1.3819822790869163
2021-04-05,17.08,4077.91,139.63,14.47,17.91,99.24,61.79,40.6,42.0,88.16622161865234,2021-04-01,199.28792416582112,1.4335038467166317,2.0549332785513803
2021-04-06,16.76,4073.94,142.44,12.95,18.12,99.06,60.29,39.1,42.41,88.16622161865234,2021-04-01,199.28792416582112,-0.09740121110818412,0.009486995925341048
2021-04-07,16.11,4079.95,140.6,12.83,17.16,97.09,62.54,38.7,41.27,88.16622161865234,2021-04-01,199.28792416582112,0.14741432833555818,0.02173098419862375
2021-04-08,15.72,4097.17,139.04,12.01,16.95,100.72,60.08,37.8,40.7,88.16622161865234,2021-04-01,199.28792416582112,0.4211758040807235,0.17738905794304402
2021-04-09,15.3,4128.8,132.88,12.07,16.69,102.06,61.21,37.2,39.19,88.16622161865234,2021-04-01,199.28792416582112,0.7690316372555687,0.5914096590999806
2021-04-12,14.88,4127.99,134.29,11.49,16.91,102.08,63.5,35.4,37.04,88.16622161865234,2021-04-01,199.28792416582112,-0.019620215667317163,0.0003849528628320379
2021-04-13,14.26,4141.59,134.72,11.52,16.65,100.44,61.2,39.7,35.2,88.16622161865234,2021-04-01,199.28792416582112,0.3289166381145364,0.10818615482856891
2021-04-14,14.69,4124.66,137.67,11.4,16.99,107.47,60.08,37.8,35.7,88.16622161865234,2021-04-01,199.28792416582112,-0.4096179929697001,0.16778690016452527
2021-04-15,15.36,4170.42,139.29,11.97,16.57,108.66,59.05,39.6,34.2,88.16622161865234,2021-04-01,199.28792416582112,1.103315801615433,1.2173057580943054
2021-04-16,15.32,4185.47,138.33,11.98,16.25,107.8,62.57,41.2,32.79,88.16622161865234,2021-04-01,199.28792416582112,0.3602253326539839,0.12976229028567335
2021-04-19,16.01,4163.26,137.15,11.03,17.29,111.9,63.96,35.5,35.07,88.16622161865234,2021-04-01,199.28792416582112,-0.5320582266875933,0.2830859565859464
2021-04-20,15.59,4134.94,134.87,11.26,18.68,116.37,64.35,31.6,35.68,88.16622161865234,2021-04-01,199.28792416582112,-0.6825603130708005,0.46588858097930913
2021-04-21,16.41,4173.42,139.43,11.37,17.5,112.9,62.27,28.9,42.44,88.16622161865234,2021-04-01,199.28792416582112,0.9263025469113548,0.8580364084144627
2021-04-22,16.05,4134.98,138.09,11.44,18.71,116.05,59.62,28.3,39.39,88.16622161865234,2021-04-01,199.28792416582112,-0.925335185679316,0.8562452058561744
2021-04-23,15.74,4180.17,140.09,11.85,17.33,108.36,59.98,43.8,38.7,88.16622161865234,2021-04-01,199.28792416582112,1.0869423861541934,1.1814437508185716
2021-04-26,15.51,4187.62,139.09,11.72,17.64,104.01,60.98,38.4,41.23,88.16622161865234,2021-04-01,199.28792416582112,0.1780637890878801,0.031706712984333044
2021-04-27,14.77,4186.72,139.13,10.36,17.56,103.39,60.15,44.2,38.44,88.16622161865234,2021-04-01,199.28792416582112,-0.021494231269923607,0.0004620019778849618
2021-04-28,14.79,4183.18,139.37,10.36,17.28,104.78,60.31,43.3,36.42,88.16622161865234,2021-04-01,199.28792416582112,-0.08458882928303167,0.0071552700394738765
2021-04-29,14.54,4211.47,139.3,10.53,17.61,105.46,59.02,38.9,36.37,88.16622161865234,2021-04-01,199.28792416582112,0.6740032543708108,0.4542803869024438
2021-04-30,14.58,4181.17,146.32,10.71,18.61,109.22,58.13,42.0,38.39,88.16622161865234,2021-04-01,199.28792416582112,-0.7220643718202429,0.5213769570521619
2021-05-03,15.65,4192.66,143.75,10.13,18.31,108.32,57.33,23.8,40.15,93.00713348388672,2021-05-01,190.23932020290732,0.27442656970409607,0.0753099421595571
2021-05-04,15.91,4164.66,139.23,9.13,19.48,111.22,58.51,22.8,37.15,93.00713348388672,2021-05-01,190.23932020290732,-0.6700737740405456,0.4489988626569401
2021-05-05,15.7,4167.59,142.12,9.12,19.15,109.51,56.93,22.2,38.33,93.00713348388672,2021-05-01,190.23932020290732,0.07032914568740223,0.004946188733119848
2021-05-06,16.57,4201.62,144.47,9.49,18.39,108.39,57.75,22.3,37.74,93.00713348388672,2021-05-01,190.23932020290732,0.8132234115911917,0.6613323171600168
2021-05-07,16.46,4232.6,145.76,9.69,16.69,107.03,54.13,19.2,37.63,93.00713348388672,2021-05-01,190.23932020290732,0.7346296237811824,0.5396806841368815
2021-05-10,17.19,4188.43,142.72,9.96,19.66,114.1,55.48,20.7,37.99,93.00713348388672,2021-05-01,190.23932020290732,-1.0490499399026396,1.1005057764097317
2021-05-11,17.17,4152.1,140.12,10.48,21.84,122.47,58.01,19.4,37.93,93.00713348388672,2021-05-01,190.23932020290732,-0.8711731693215893,0.7589426909458225
2021-05-12,17.56,4063.04,142.6,12.73,27.59,146.28,58.47,48.5,36.94,93.00713348388672,2021-05-01,190.23932020290732,-2.1682768452684535,4.7014244777273175
2021-05-13,17.1,4112.5,139.26,13.27,23.13,130.01,56.59,44.0,37.94,93.00713348388672,2021-05-01,190.23932020290732,1.2099654192200688,1.464016315708397
2021-05-14,16.75,4173.85,139.05,13.74,18.81,117.56,54.99,23.9,36.46,93.00713348388672,2021-05-01,190.23932020290732,1.480775516646066,2.192696130698424
2021-05-17,17.62,4163.29,138.35,13.71,19.72,120.7,58.59,12.4,36.42,93.00713348388672,2021-05-01,190.23932020290732,-0.25332441694025704,0.06417326021812118
2021-05-18,17.0,4127.83,139.46,13.93,21.34,123.93,57.18,4.3,37.01,93.00713348388672,2021-05-01,190.23932020290732,-0.8553781927838235,0.73167185269012
2021-05-19,17.79,4115.68,143.75,13.74,22.18,130.17,57.31,3.6,38.82,93.00713348388672,2021-05-01,190.23932020290732,-0.29477755951036366,0.086893809590886
2021-05-20,17.29,4159.12,142.96,13.83,20.67,126.34,55.04,-0.5,39.43,93.00713348388672,2021-05-01,190.23932020290732,1.0499443868610716,1.1023832155010715
2021-05-21,16.47,4155.86,144.51,13.5,20.15,124.22,54.59,14.7,39.34,93.00713348388672,2021-05-01,190.23932020290732,-0.07841270013964567,0.006148551543189988
2021-05-24,16.91,4197.05,144.64,13.46,18.4,116.12,54.94,11.3,35.54,93.00713348388672,2021-05-01,190.23932020290732,0.9862511119055,0.9726912557348351
2021-05-25,17.09,4188.13,144.6,13.46,18.84,113.55,53.72,4.0,36.23,93.00713348388672,2021-05-01,190.23932020290732,-0.21275639556263348,0.04526528385280377
2021-05-26,16.81,4195.99,149.82,13.48,17.36,106.29,52.82,3.8,33.89,93.00713348388672,2021-05-01,190.23932020290732,0.18749737128450622,0.03515526423859998
2021-05-27,16.15,4200.88,149.35,13.48,16.74,103.88,53.47,3.5,33.63,93.00713348388672,2021-05-01,190.23932020290732,0.11647198427041133,0.013565723119886944
2021-05-28,16.08,4204.11,155.31,13.33,16.76,105.41,52.04,4.4,33.54,93.00713348388672,2021-05-01,190.23932020290732,0.07685910772065212,0.005907322439614806
2021-06-01,16.09,4202.04,149.04,13.11,17.9,113.04,54.99,8.8,33.43,74.12712097167969,2021-06-01,178.8099244143571,-0.049249657496948436,0.002425528763566729
2021-06-02,15.65,4208.12,148.59,13.09,17.48,112.57,55.21,9.2,32.77,74.12712097167969,2021-06-01,178.8099244143571,0.14458704850342236,0.020905414594931008
2021-06-03,15.95,4192.85,145.21,12.99,18.04,114.31,53.96,13.3,33.89,74.12712097167969,2021-06-01,178.8099244143571,-0.3635298499241423,0.13215395178586942
2021-06-04,15.83,4229.89,147.76,13.36,16.42,108.16,49.78,10.5,31.76,74.12712097167969,2021-06-01,178.8099244143571,0.87952943520972,0.7735720274003292
2021-06-07,15.57,4226.52,151.29,13.1,16.42,108.03,49.55,14.0,31.7,74.12712097167969,2021-06-01,178.8099244143571,-0.07970285684825064,0.006352545389772733
2021-06-08,15.59,4227.26,150.7,12.85,17.07,109.62,49.93,13.6,31.95,74.12712097167969,2021-06-01,178.8099244143571,0.017506961427659565,0.00030649369842955987
2021-06-09,15.43,4219.55,150.71,12.41,17.89,120.97,52.84,13.8,31.79,74.12712097167969,2021-06-01,178.8099244143571,-0.1825541746812573,0.033326026693555
2021-06-10,15.5,4239.18,154.81,12.07,16.1,116.76,48.26,25.3,33.03,74.12712097167969,2021-06-01,178.8099244143571,0.4641367023082649,0.21542287842959093
2021-06-11,15.21,4247.44,159.28,9.64,15.65,116.12,50.85,47.1,32.55,74.12712097167969,2021-06-01,178.8099244143571,0.1946594193743096,0.03789228955114334
2021-06-14,16.13,4255.15,160.64,8.83,16.39,119.8,54.03,56.6,33.13,74.12712097167969,2021-06-01,178.8099244143571,0.18135655401930487,0.03289019968575704
2021-06-15,16.26,4246.59,161.35,7.22,17.02,122.9,52.92,50.0,31.56,74.12712097167969,2021-06-01,178.8099244143571,-0.20137061101785225,0.04055012298170316
2021-06-16,16.3,4223.7,155.97,7.44,18.15,121.57,54.28,44.9,33.83,74.12712097167969,2021-06-01,178.8099244143571,-0.5404786783292966,0.2921172017285833
2021-06-17,17.66,4221.86,161.01,6.81,17.75,120.63,54.91,44.5,36.84,74.12712097167969,2021-06-01,178.8099244143571,-0.043573191809956224,0.0018986230445072361
2021-06-18,17.9,4166.45,150.78,8.24,20.7,128.83,60.45,44.8,33.95,74.12712097167969,2021-06-01,178.8099244143571,-1.321143494825587,1.7454201339199655
2021-06-21,16.91,4224.79,158.36,8.7,17.89,121.25,61.86,46.5,35.01,74.12712097167969,2021-06-01,178.8099244143571,1.3905201143734751,1.9335461884772223
2021-06-22,16.66,4246.44,160.51,8.95,16.66,114.01,58.64,46.2,34.28,74.12712097167969,2021-06-01,178.8099244143571,0.5111429423335091,0.261267107497357
2021-06-23,16.2,4241.84,154.85,8.3,16.32,110.48,55.6,30.2,34.68,74.12712097167969,2021-06-01,178.8099244143571,-0.10838474815418404,0.011747253632445902
2021-06-24,15.7,4266.49,161.04,8.5,15.97,107.87,54.83,26.5,32.05,74.12712097167969,2021-06-01,178.8099244143571,0.5794337776572367,0.33574350269013603
2021-06-25,15.29,4280.7,170.55,8.58,15.62,105.91,55.58,22.5,31.3,74.12712097167969,2021-06-01,178.8099244143571,0.33250724723028174,0.1105610694606597
2021-06-28,15.36,4290.61,162.09,8.6,15.76,106.32,56.33,16.4,31.86,74.12712097167969,2021-06-01,178.8099244143571,0.231236635141237,0.05347038143144156
2021-06-29,16.19,4291.8,163.84,8.58,16.02,107.01,56.8,20.1,31.99,74.12712097167969,2021-06-01,178.8099244143571,0.027731138634168956,0.000769016049947498
2021-06-30,15.97,4297.5,161.85,8.59,15.83,106.73,57.27,20.1,32.74,74.12712097167969,2021-06-01,178.8099244143571,0.1327232914611209,0.017615472096273652
2021-07-01,15.8,4319.94,155.65,8.75,15.48,108.72,57.52,14.3,32.47,58.42076873779297,2021-07-01,205.538642425079,0.5208054995811113,0.27123836839393095
2021-07-02,15.28,4352.34,157.94,9.0,15.07,106.11,52.41,14.3,32.87,58.42076873779297,2021-07-01,205.538642425079,0.7472118231364167,0.5583255086348476
2021-07-06,15.45,4343.54,153.75,8.48,16.44,112.24,56.55,1.6,37.59,58.42076873779297,2021-07-01,205.538642425079,-0.20239476634912454,0.040963641445516716
2021-07-07,15.21,4358.13,152.15,8.58,16.2,112.7,60.65,1.1,42.01,58.42076873779297,2021-07-01,205.538642425079,0.33533824363036074,0.11245173764109517
2021-07-08,15.82,4320.82,152.82,9.06,19.0,120.03,61.68,0.4,38.8,58.42076873779297,2021-07-01,205.538642425079,-0.8597867216573877,0.7392332067383582
2021-07-09,15.27,4369.55,155.7,9.71,16.18,112.62,59.92,-0.3,37.02,58.42076873779297,2021-07-01,205.538642425079,1.1214829918570923,1.257724101024735
2021-07-12,15.04,4384.63,157.93,9.7,16.17,111.59,60.78,-3.2,38.73,58.42076873779297,2021-07-01,205.538642425079,0.34452147239393166,0.11869504494048262
2021-07-13,14.84,4369.21,154.4,9.74,17.12,116.4,60.8,20.8,35.4,58.42076873779297,2021-07-01,205.538642425079,-0.35230289676471216,0.12411733106880743
2021-07-14,14.79,4374.3,154.31,9.72,16.33,117.66,57.31,22.7,38.2,58.42076873779297,2021-07-01,205.538642425079,0.11642922750682311,0.013555765017835574
2021-07-15,15.01,4360.03,154.15,9.77,17.01,121.03,56.98,26.8,38.04,58.42076873779297,2021-07-01,205.538642425079,-0.3267568936996537,0.1067700675802468
2021-07-16,14.6,4327.16,151.94,9.94,18.45,128.89,58.24,19.9,37.15,58.42076873779297,2021-07-01,205.538642425079,-0.7567500391698109,0.5726706217835102
2021-07-19,15.96,4258.49,155.74,11.27,22.5,139.54,67.58,17.6,46.36,58.42076873779297,2021-07-01,205.538642425079,-1.5996800327963308,2.55897620732727
2021-07-20,15.01,4323.06,154.5,11.4,19.73,131.3,69.31,14.4,52.26,58.42076873779297,2021-07-01,205.538642425079,1.50488474881451,2.264678107214511
2021-07-21,15.01,4358.69,155.34,10.83,17.91,122.53,65.28,12.1,42.91,58.42076873779297,2021-07-01,205.538642425079,0.8208068658883821,0.6737239110895086
2021-07-22,14.51,4367.48,152.63,10.65,17.69,118.82,64.96,11.6,36.44,58.42076873779297,2021-07-01,205.538642425079,0.20146302382427883,0.04058734996842194
2021-07-23,14.53,4411.79,159.44,11.16,17.2,114.92,65.28,8.7,34.05,58.42076873779297,2021-07-01,205.538642425079,1.0094319060166315,1.0189527728843695
2021-07-26,15.2,4422.3,153.2,11.03,17.58,114.86,69.03,-1.9,35.59,58.42076873779297,2021-07-01,205.538642425079,0.23794199422129486,0.056616392614006715
2021-07-27,15.51,4401.46,151.04,11.04,19.36,121.11,70.07,3.1,35.14,58.42076873779297,2021-07-01,205.538642425079,-0.47236186726493745,0.2231257336460184
2021-07-28,15.61,4400.64,152.23,11.03,18.31,117.08,62.4,3.2,34.62,58.42076873779297,2021-07-01,205.538642425079,-0.01863191743724431,0.00034714834738828863
2021-07-29,15.21,4419.15,149.96,11.13,17.7,114.04,62.08,-19.0,33.36,58.42076873779297,2021-07-01,205.538642425079,0.41973850116203165,0.17618040935774884
2021-07-30,15.09,4395.26,153.71,11.26,18.24,116.18,61.19,-13.8,32.85,58.42076873779297,2021-07-01,205.538642425079,-0.5420682382193263,0.2938379748862042
2021-08-02,15.23,4387.16,153.3,11.15,19.46,122.85,64.29,-15.4,36.23,89.4865493774414,2021-08-01,216.35360153235044,-0.18445946098472468,0.03402529274677517
2021-08-03,15.09,4423.15,152.56,11.22,18.04,117.55,65.42,-11.7,37.55,89.4865493774414,2021-08-01,216.35360153235044,0.8170019032652822,0.6674921099390936
2021-08-04,14.88,4402.66,151.4,11.32,17.97,116.21,62.67,-2.8,42.27,89.4865493774414,2021-08-01,216.35360153235044,-0.46432082296428795,0.21559382663823362
2021-08-05,14.84,4429.1,148.27,11.42,17.28,113.35,63.57,-3.4,39.09,89.4865493774414,2021-08-01,216.35360153235044,0.5987499431547569,0.35850149442782464
2021-08-06,15.9,4436.52,148.27,11.06,16.15,112.0,62.64,-3.4,39.31,89.4865493774414,2021-08-01,216.35360153235044,0.167388219492745,0.028018816024951373
2021-08-09,17.26,4432.35,148.27,10.49,16.72,115.09,65.72,-9.1,43.28,89.4865493774414,2021-08-01,216.35360153235044,-0.09403678951865313,0.008842917782975471
2021-08-10,16.93,4436.75,148.27,10.4,16.79,114.15,66.55,-8.8,39.28,89.4865493774414,2021-08-01,216.35360153235044,0.09922089864754614,0.009844786728426624
2021-08-11,15.85,4447.7,154.32,10.37,16.06,118.05,60.66,-10.5,38.32,89.4865493774414,2021-08-01,216.35360153235044,0.2464982197991973,0.06076137236417339
2021-08-12,15.67,4460.83,157.18,10.41,15.59,117.72,57.39,-11.6,36.5,89.4865493774414,2021-08-01,216.35360153235044,0.2947738741945439,0.08689163690766077
2021-08-13,15.15,4468.0,159.66,10.35,15.45,117.81,55.45,-29.1,35.91,89.4865493774414,2021-08-01,216.35360153235044,0.1606033834479566,0.02579344677493138
2021-08-16,15.62,4479.71,152.54,10.03,16.12,117.69,59.4,-32.6,38.84,89.4865493774414,2021-08-01,216.35360153235044,0.2617430981866714,0.0685094494483575
2021-08-17,16.1,4448.08,149.05,8.83,17.91,120.53,60.28,-31.8,39.5,89.4865493774414,2021-08-01,216.35360153235044,-0.7085769790768185,0.5020813352776301
2021-08-18,15.8,4400.27,148.54,8.2,21.57,128.41,58.05,-36.1,40.86,89.4865493774414,2021-08-01,216.35360153235044,-1.0806639720144597,1.167834620410069
2021-08-19,15.91,4405.8,151.19,7.72,21.67,130.41,59.38,-37.1,40.98,89.4865493774414,2021-08-01,216.35360153235044,0.12559520255743906,0.015774154905444145
2021-08-20,15.34,4441.67,153.51,8.13,18.56,120.51,59.95,-36.8,40.67,89.4865493774414,2021-08-01,216.35360153235044,0.8108577149077302,0.6574902338253859
2021-08-23,15.84,4479.53,159.02,7.99,17.15,113.33,62.23,-45.5,38.67,89.4865493774414,2021-08-01,216.35360153235044,0.8487698356534068,0.7204102339151112
2021-08-24,15.45,4486.23,157.13,7.96,17.22,111.09,63.03,-47.3,36.79,89.4865493774414,2021-08-01,216.35360153235044,0.14945751943348515,0.022337550115210592
2021-08-25,15.9,4496.19,159.51,7.85,16.79,108.84,64.51,-48.0,35.6,89.4865493774414,2021-08-01,216.35360153235044,0.22176660815180893,0.04918042849115797
2021-08-26,16.44,4470.0,157.25,8.11,18.84,116.6,63.41,-49.4,36.33,89.4865493774414,2021-08-01,216.35360153235044,-0.5841962859469615,0.341285300514224
2021-08-27,15.27,4509.37,162.43,8.52,16.39,109.62,57.98,-49.5,34.93,89.4865493774414,2021-08-01,216.35360153235044,0.876904555289769,0.7689615990879475
2021-08-30,15.52,4528.79,157.99,8.46,16.19,107.9,60.14,-50.7,35.27,89.4865493774414,2021-08-01,216.35360153235044,0.4297341469056862,0.18467143701675787
2021-08-31,15.47,4522.68,155.91,8.44,16.48,105.81,59.54,-56.3,34.28,89.4865493774414,2021-08-01,216.35360153235044,-0.13500571571324227,0.01822654327524479
2021-09-01,15.12,4524.09,154.75,7.96,16.11,105.2,58.09,-52.5,36.13,80.69696807861328,2021-09-01,205.34078660221263,0.03117134648978685,0.0009716528419863469
2021-09-02,14.76,4536.95,156.98,7.85,16.41,105.7,55.8,-51.8,31.35,80.69696807861328,2021-09-01,205.34078660221263,0.2838528167776818,0.0805724215926242
2021-09-03,14.95,4535.43,162.27,7.56,16.41,105.48,53.26,-54.0,36.91,80.69696807861328,2021-09-01,205.34078660221263,-0.03350829692366939,0.0011228059627247915
2021-09-07,15.36,4520.03,154.76,7.63,18.14,111.01,57.05,-59.4,32.91,80.69696807861328,2021-09-01,205.34078660221263,-0.3401266163481994,0.11568611514847522
2021-09-08,15.14,4514.07,153.39,7.64,17.96,115.06,57.02,-61.6,31.91,80.69696807861328,2021-09-01,205.34078660221263,-0.13194454045593487,0.017409361756127836
2021-09-09,15.1,4493.28,149.97,7.8,18.8,117.03,52.61,-60.5,33.87,80.69696807861328,2021-09-01,205.34078660221263,-0.46162382762889204,0.21309655823474902
2021-09-10,15.15,4458.58,151.16,8.16,20.95,124.98,51.73,-59.4,33.54,80.69696807861328,2021-09-01,205.34078660221263,-0.7752617623130542,0.6010308001047425
2021-09-13,15.09,4468.73,148.5,8.13,19.37,118.01,53.1,-54.9,32.74,80.69696807861328,2021-09-01,205.34078660221263,0.2273922239413449,0.05170722350899075
2021-09-14,15.02,4443.05,146.73,8.33,19.46,120.37,51.73,-61.7,33.63,80.69696807861328,2021-09-01,205.34078660221263,-0.5763174377801672,0.3321417890894969
2021-09-15,15.14,4480.7,154.33,8.76,18.18,112.48,53.93,-55.6,32.38,80.69696807861328,2021-09-01,205.34078660221263,0.8438206673245678,0.712033318604079
2021-09-16,15.92,4473.75,152.88,8.46,18.69,112.11,53.7,-44.6,33.16,80.69696807861328,2021-09-01,205.34078660221263,-0.15523011230354106,0.02409638776576997
2021-09-17,15.92,4432.99,149.52,8.25,20.81,118.9,56.06,-45.3,32.32,80.69696807861328,2021-09-01,205.34078660221263,-0.9152683146433817,0.8377160877901363
2021-09-20,16.85,4357.73,141.57,10.1,25.71,138.93,59.58,-39.2,35.23,80.69696807861328,2021-09-01,205.34078660221263,-1.712302037376946,2.93197826720524
2021-09-21,16.46,4354.19,139.98,9.75,24.36,130.76,59.2,-29.5,34.45,80.69696807861328,2021-09-01,205.34078660221263,-0.08126796836591718,0.006604482682323716
2021-09-22,16.41,4395.64,144.12,9.8,20.87,117.62,55.92,-29.2,32.43,80.69696807861328,2021-09-01,205.34078660221263,0.9474540664091249,0.8976692079551865
2021-09-23,16.82,4448.98,146.87,10.63,18.63,108.31,56.79,-32.4,32.3,80.69696807861328,2021-09-01,205.34078660221263,1.2061715863250257,1.454849895657829
2021-09-24,16.44,4455.48,145.67,10.62,17.75,103.07,58.46,-30.8,34.01,80.69696807861328,2021-09-01,205.34078660221263,0.1459942804959862,0.021314329937540698
2021-09-27,16.2,4443.11,144.66,10.46,18.76,107.73,60.5,-28.8,34.98,80.69696807861328,2021-09-01,205.34078660221263,-0.27802175328761425,0.07729609530111904
2021-09-28,16.78,4352.63,140.08,12.19,23.25,121.06,62.71,-34.7,36.1,80.69696807861328,2021-09-01,205.34078660221263,-2.0574321587474436,4.233027087848166
2021-09-29,17.39,4359.46,137.99,12.1,22.56,119.04,61.21,-34.6,35.26,80.69696807861328,2021-09-01,205.34078660221263,0.1567936373304978,0.024584244707327677
2021-09-30,17.16,4307.54,135.55,12.77,23.14,118.01,61.07,-33.2,38.68,80.69696807861328,2021-09-01,205.34078660221263,-1.1981220973814677,1.435496560233767
2021-10-01,16.32,4357.04,135.05,13.29,21.15,113.14,57.38,-23.8,37.38,79.02923583984375,2021-10-01,195.14485215773607,1.1425952216359554,1.305523840505318
2021-10-04,16.77,4300.46,130.87,13.92,22.96,117.17,60.61,-20.4,37.27,79.02923583984375,2021-10-01,195.14485215773607,-1.3070933999937524,1.7084931563072276
2021-10-05,16.56,4345.72,131.68,14.31,21.3,110.75,62.83,-14.6,37.2,79.02923583984375,2021-10-01,195.14485215773607,1.0469458977261836,1.0960957127656845
2021-10-06,16.58,4363.55,131.51,14.35,21.0,110.92,60.65,-14.9,41.02,79.02923583984375,2021-10-01,195.14485215773607,0.4094493547635241,0.16764877411626622
2021-10-07,16.29,4399.76,133.32,14.63,19.54,107.43,60.91,-15.5,46.15,79.02923583984375,2021-10-01,195.14485215773607,0.826404773501655,0.6829448496663216
2021-10-08,15.67,4391.34,134.46,14.55,18.77,107.27,59.65,-17.4,38.0,79.02923583984375,2021-10-01,195.14485215773607,-0.1915574290979084,0.03669424864260021
2021-10-12,15.1,4350.65,134.1,14.55,19.85,109.12,62.95,-22.1,37.1,79.02923583984375,2021-10-01,195.14485215773607,-0.9309160465930937,0.866604685804515
2021-10-13,15.51,4363.8,135.77,14.47,18.64,108.72,60.84,-20.3,36.05,79.02923583984375,2021-10-01,195.14485215773607,0.3017978181310264,0.09108192302864809
2021-10-14,15.34,4438.26,143.78,15.3,16.86,107.97,59.35,-19.3,36.98,79.02923583984375,2021-10-01,195.14485215773607,1.6919170336133043,2.862583248630843
2021-10-15,15.06,4471.37,147.27,15.5,16.3,106.76,62.7,-22.1,34.05,79.02923583984375,2021-10-01,195.14485215773607,0.7432441620921372,0.5524118844840431
2021-10-18,15.53,4486.46,143.77,15.19,16.31,104.37,70.77,-32.9,35.02,79.02923583984375,2021-10-01,195.14485215773607,0.336912271696709,0.11350987881983707
2021-10-19,15.32,4519.63,141.01,14.27,15.7,103.06,68.25,-38.5,35.14,79.02923583984375,2021-10-01,195.14485215773607,0.7366160006043284,0.542603132346316
2021-10-20,15.27,4536.19,141.23,14.32,15.49,101.84,65.47,-36.8,35.16,79.02923583984375,2021-10-01,195.14485215773607,0.36573205869523145,0.13375993875745223
2021-10-21,15.15,4549.78,140.94,14.0,15.01,102.14,69.42,-34.4,36.55,79.02923583984375,2021-10-01,195.14485215773607,0.299142747209858,0.08948638320826101
2021-10-22,15.74,4544.9,139.34,13.37,15.43,106.08,72.04,-32.6,36.87,79.02923583984375,2021-10-01,195.14485215773607,-0.10731549583585974,0.011516615646496428
2021-10-25,16.73,4566.48,140.94,13.48,15.24,102.36,68.96,-27.4,36.07,79.02923583984375,2021-10-01,195.14485215773607,0.47369422309476855,0.22438621699335637
2021-10-26,15.96,4574.79,141.3,13.45,15.98,103.25,66.7,-27.4,35.5,79.02923583984375,2021-10-01,195.14485215773607,0.1818128616510003,0.033055916661725776
2021-10-27,16.08,4551.68,140.6,11.62,16.98,109.61,70.06,-12.5,37.63,79.02923583984375,2021-10-01,195.14485215773607,-0.5064400451443849,0.2564815193258466
2021-10-28,15.8,4596.42,144.73,12.05,16.53,106.28,71.96,-19.5,37.23,79.02923583984375,2021-10-01,195.14485215773607,0.978134404008955,0.9567469123059537
2021-10-29,16.07,4605.38,148.09,11.35,16.26,105.17,75.45,-16.1,37.92,79.02923583984375,2021-10-01,195.14485215773607,0.194744568057697,0.037925446787978975
2021-11-01,16.31,4613.67,145.81,10.75,16.41,106.66,78.34,-20.5,36.74,86.56914520263672,2021-11-01,227.9212929526217,0.17984504334932694,0.03234423961732129
2021-11-02,16.47,4630.65,146.68,9.98,16.03,105.44,71.04,-19.7,35.56,86.56914520263672,2021-11-01,227.9212929526217,0.3673611276116367,0.1349541980800932
2021-11-03,16.28,4660.57,149.77,9.65,15.1,102.25,71.22,-4.5,39.44,86.56914520263672,2021-11-01,227.9212929526217,0.6440511240473569,0.4148018503866639
2021-11-04,15.87,4680.06,151.67,9.65,15.44,104.46,64.61,-3.4,38.56,86.56914520263672,2021-11-01,227.9212929526217,0.4173172106260179,0.1741536542846802
2021-11-05,16.64,4697.53,148.83,9.28,16.48,110.21,66.9,-1.8,37.84,86.56914520263672,2021-11-01,227.9212929526217,0.37259083006282606,0.13882392664690574
2021-11-08,16.66,4701.7,149.24,9.26,17.22,111.49,70.97,3.8,37.71,86.56914520263672,2021-11-01,227.9212929526217,0.08873067844048929,0.00787313329650951
2021-11-09,16.76,4685.25,144.09,9.0,17.78,110.55,73.02,4.9,36.33,86.56914520263672,2021-11-01,227.9212929526217,-0.35048693855752433,0.12284109409942584
2021-11-10,16.8,4646.71,144.89,9.41,18.73,117.19,78.31,16.9,37.09,86.56914520263672,2021-11-01,227.9212929526217,-0.8259833757375561,0.6822485369948088
2021-11-12,16.85,4682.85,144.37,7.8,16.29,112.11,78.61,10.7,36.1,86.56914520263672,2021-11-01,227.9212929526217,0.7747456636613574,0.6002308433620772
2021-11-15,17.0,4682.8,142.38,7.37,16.49,110.66,81.59,15.9,36.42,86.56914520263672,2021-11-01,227.9212929526217,-0.0010677315509449458,1.1400506648832996e-06
2021-11-16,16.67,4700.9,139.56,7.37,16.37,109.58,81.58,27.0,34.69,86.56914520263672,2021-11-01,227.9212929526217,0.38577581225869606,0.14882297732385671
2021-11-17,16.69,4688.67,141.96,6.92,17.11,111.53,81.58,25.6,33.75,86.56914520263672,2021-11-01,227.9212929526217,-0.26050195943357246,0.06786127086873063
2021-11-18,16.25,4704.54,144.8,6.9,17.59,112.15,74.51,31.9,37.68,86.56914520263672,2021-11-01,227.9212929526217,0.3379039774514253,0.11417909797749334
2021-11-19,15.99,4697.96,148.44,6.88,17.91,113.74,73.39,32.0,37.13,86.56914520263672,2021-11-01,227.9212929526217,-0.13996279870592404,0.019589585021595014
2021-11-22,16.59,4682.94,147.44,6.73,19.17,118.62,79.21,34.9,36.61,86.56914520263672,2021-11-01,227.9212929526217,-0.32022541195681503,0.1025443144629119
2021-11-23,16.81,4690.7,146.99,6.76,19.38,115.03,80.57,31.1,35.1,86.56914520263672,2021-11-01,227.9212929526217,0.1655707232782677,0.027413664406888694
2021-11-24,16.75,4701.46,148.15,6.63,18.58,110.48,83.15,26.5,34.79,86.56914520263672,2021-11-01,227.9212929526217,0.22912737234973743,0.05249935275989522
2021-11-26,17.99,4594.62,148.27,9.75,28.62,149.74,89.45,26.4,65.72,86.56914520263672,2021-11-01,227.9212929526217,-2.2987044973283766,5.2840423660377045
2021-11-29,17.55,4655.27,149.93,13.11,22.96,131.24,89.41,25.9,63.34,86.56914520263672,2021-11-01,227.9212929526217,1.3113857392683799,1.7197325571564752
2021-11-30,17.99,4567.0,150.55,14.37,27.19,142.55,84.04,22.5,75.23,86.56914520263672,2021-11-01,227.9212929526217,-1.9143376992336782,3.664688826707293
2021-12-01,18.39,4513.04,155.21,14.98,31.12,155.02,82.97,18.6,78.18,105.34542083740234,2021-12-01,265.9578218565131,-1.1885550113429817,1.4126630149885153
2021-12-02,18.45,4577.1,151.38,15.74,27.95,147.31,82.55,18.5,57.27,105.34542083740234,2021-12-01,265.9578218565131,1.409462571569703,1.9865847406558799
2021-12-03,17.92,4538.43,149.64,15.96,30.67,156.1,79.14,33.6,64.55,105.34542083740234,2021-12-01,265.9578218565131,-0.8484472537634198,0.7198627424186889
2021-12-06,17.44,4591.67,151.64,16.48,27.18,138.88,87.89,32.6,56.21,105.34542083740234,2021-12-01,265.9578218565131,1.1662655055923081,1.360175229534482
2021-12-07,17.02,4686.75,151.66,17.88,21.89,117.92,88.14,32.2,48.15,105.34542083740234,2021-12-01,265.9578218565131,2.049558617174563,4.200690525234506
2021-12-08,16.48,4701.21,151.2,17.68,19.9,114.29,80.29,31.8,45.22,105.34542083740234,2021-12-01,265.9578218565131,0.3080543895616996,0.09489750692823139
2021-12-09,16.7,4667.45,149.66,17.84,21.58,121.79,79.54,31.6,47.43,105.34542083740234,2021-12-01,265.9578218565131,-0.7207038387208449,0.5194140231469616
2021-12-10,15.35,4712.02,147.34,17.95,18.69,113.85,74.36,35.0,46.23,105.34542083740234,2021-12-01,265.9578218565131,0.9503806818878938,0.903223440505698
2021-12-13,15.97,4668.97,146.07,18.2,20.31,121.07,76.41,32.5,45.88,105.34542083740234,2021-12-01,265.9578218565131,-0.9178200213042893,0.8423935915070061
2021-12-14,16.41,4634.09,137.76,18.32,21.89,126.57,78.98,30.7,54.76,105.34542083740234,2021-12-01,265.9578218565131,-0.7498643121874399,0.5622964866923423
2021-12-15,15.54,4709.85,141.75,19.04,19.29,118.61,74.06,31.0,56.53,105.34542083740234,2021-12-01,265.9578218565131,1.6216212899904034,2.62965560815014
2021-12-16,15.22,4668.67,140.29,19.24,20.57,128.97,69.1,26.8,49.97,105.34542083740234,2021-12-01,265.9578218565131,-0.8781825842753357,0.7712046513245071
2021-12-17,15.07,4620.64,134.94,19.56,21.57,136.06,72.46,25.9,48.31,105.34542083740234,2021-12-01,265.9578218565131,-1.0341010906645294,1.0693650657135692
2021-12-20,15.77,4568.02,131.71,19.92,22.87,138.67,77.02,23.5,60.24,105.34542083740234,2021-12-01,265.9578218565131,-1.14533730102018,1.3117975331081904
2021-12-21,15.42,4649.23,136.33,20.78,21.01,131.41,79.52,23.6,52.31,105.34542083740234,2021-12-01,265.9578218565131,1.7621763861808752,3.1052656160134893
2021-12-22,14.94,4696.56,142.04,21.04,18.63,122.7,76.85,28.1,46.0,105.34542083740234,2021-12-01,265.9578218565131,1.0128711352276767,1.0259079365774024
2021-12-23,14.62,4725.79,150.26,21.14,17.96,120.46,77.29,23.9,43.71,105.34542083740234,2021-12-01,265.9578218565131,0.6204416895324275,0.38494789010985314
2021-12-27,15.44,4791.19,151.87,20.24,17.68,115.92,80.12,22.9,43.58,105.34542083740234,2021-12-01,265.9578218565131,1.3744072068897222,1.8889951703504075
2021-12-28,15.06,4786.35,153.21,18.67,17.54,114.83,77.52,21.7,41.23,105.34542083740234,2021-12-01,265.9578218565131,-0.10106980314378652,0.010215105107523761
2021-12-29,15.13,4793.06,156.24,18.23,16.95,109.5,78.0,20.0,40.24,105.34542083740234,2021-12-01,265.9578218565131,0.1400921580224578,0.01962581273938929
2021-12-30,14.77,4778.73,155.27,17.23,17.33,110.84,77.62,20.0,40.2,105.34542083740234,2021-12-01,265.9578218565131,-0.2994217530076943,0.0896533861742007
2021-12-31,14.61,4766.18,154.38,16.59,17.22,109.67,77.1,19.5,42.62,105.34542083740234,2021-12-01,265.9578218565131,-0.26296753415458013,0.06915192401934027
2022-01-03,15.34,4796.56,151.49,15.94,16.6,108.45,84.08,17.9,37.57,138.67498779296875,2022-01-01,231.90134991941795,0.6353848835552743,0.4037139502505495
2022-01-04,15.33,4793.54,150.36,15.67,16.91,109.31,83.11,14.0,39.48,138.67498779296875,2022-01-01,231.90134991941795,-0.06298161854054529,0.0039666842739867585
2022-01-05,16.21,4700.58,143.41,16.5,19.73,119.31,78.68,15.4,44.49,138.67498779296875,2022-01-01,231.90134991941795,-1.9583272775802296,3.8350457261147937
2022-01-06,15.87,4696.05,140.77,14.93,19.61,117.82,77.73,3.9,36.86,138.67498779296875,2022-01-01,231.90134991941795,-0.09641755290858113,0.009296344508879041
2022-01-07,15.04,4677.03,139.14,14.97,18.76,113.86,74.69,3.6,37.0,138.67498779296875,2022-01-01,231.90134991941795,-0.40584367372055774,0.16470908749899854
2022-01-10,15.56,4670.29,139.24,14.78,19.4,113.02,78.12,5.1,37.65,138.67498779296875,2022-01-01,231.90134991941795,-0.14421248375173315,0.020797240469843898
2022-01-11,15.21,4713.07,138.09,14.78,18.41,111.61,77.85,6.0,34.31,138.67498779296875,2022-01-01,231.90134991941795,0.9118332112991406,0.8314398052281032
2022-01-12,15.32,4726.35,135.73,14.49,17.62,113.94,74.55,11.6,34.39,138.67498779296875,2022-01-01,231.90134991941795,0.28137340560308904,0.07917099338068045
2022-01-13,15.17,4659.03,133.13,15.05,20.31,123.44,72.57,10.1,37.11,138.67498779296875,2022-01-01,231.90134991941795,-1.4345962458906216,2.0580663887234647
2022-01-14,14.73,4662.85,133.85,14.1,19.19,117.57,76.59,-2.9,41.18,138.67498779296875,2022-01-01,231.90134991941795,0.08195772127140057,0.006717068076000585
2022-01-18,15.09,4577.11,129.72,15.07,22.79,127.95,84.63,-10.7,42.28,138.67498779296875,2022-01-01,231.90134991941795,-1.8559054584436703,3.44438507068101
2022-01-19,15.64,4532.76,134.73,15.07,23.85,129.85,80.14,-1.2,42.75,138.67498779296875,2022-01-01,231.90134991941795,-0.9736769104655738,0.948046725973785
2022-01-20,15.09,4482.73,127.58,15.13,25.59,135.6,80.96,-2.6,41.15,138.67498779296875,2022-01-01,231.90134991941795,-1.1098789654240206,1.2318313178906943
2022-01-21,15.2,4397.94,136.18,15.41,28.85,149.5,81.03,-3.4,42.57,138.67498779296875,2022-01-01,231.90134991941795,-1.9095986358635348,3.646566950091873
2022-01-24,16.3,4410.13,136.06,15.11,29.9,154.38,83.77,-22.1,47.84,138.67498779296875,2022-01-01,231.90134991941795,0.2767918007616829,0.07661370096889517
2022-01-25,16.47,4356.45,133.9,15.56,31.16,150.8,84.57,-19.8,47.63,138.67498779296875,2022-01-01,231.90134991941795,-1.2246661962160472,1.4998072921542818
2022-01-26,16.42,4349.93,133.38,14.81,31.96,148.55,85.75,-16.1,45.67,138.67498779296875,2022-01-01,231.90134991941795,-0.14977525030699157,0.02243262560452198
2022-01-27,17.15,4326.51,132.22,14.88,30.49,141.14,85.62,0.0001,46.9,138.67498779296875,2022-01-01,231.90134991941795,-0.5398540617999041,0.29144240804185473
2022-01-28,17.12,4431.85,132.96,17.08,27.66,132.44,85.29,-2.7,47.74,138.67498779296875,2022-01-01,231.90134991941795,2.4055891707799004,5.786859258573529
2022-01-31,16.7,4515.55,131.44,18.12,24.83,125.06,85.14,-6.7,42.35,138.67498779296875,2022-01-01,231.90134991941795,1.8709891511396817,3.5006004036823866
2022-02-01,16.5,4546.54,133.0,18.23,21.96,117.99,85.22,-5.4,41.31,216.1590118408203,2022-02-01,191.74600432038687,0.6839508503304335,0.467788765667723
2022-02-02,15.66,4589.38,132.05,18.43,22.09,119.61,84.85,-6.8,41.86,216.1590118408203,2022-02-01,191.74600432038687,0.9378434574517934,0.8795503506851339
2022-02-03,16.01,4477.44,132.75,20.1,24.35,125.11,85.74,-5.3,42.15,216.1590118408203,2022-02-01,191.74600432038687,-2.469348416817584,6.097681603639509
2022-02-04,15.53,4500.53,129.29,19.03,23.22,124.89,87.68,-4.6,43.88,216.1590118408203,2022-02-01,191.74600432038687,0.5143713090857854,0.2645778436106246
2022-02-07,16.15,4483.87,126.25,19.06,22.86,124.13,87.44,-7.1,43.34,216.1590118408203,2022-02-01,191.74600432038687,-0.3708654800609762,0.13754120430085834
2022-02-08,15.86,4521.54,127.72,19.22,21.44,118.86,82.72,-7.3,41.26,216.1590118408203,2022-02-01,191.74600432038687,0.8366130962778838,0.6999214728636677
2022-02-09,15.63,4587.18,129.78,19.85,19.96,119.32,81.76,-6.5,39.4,216.1590118408203,2022-02-01,191.74600432038687,1.441281239835631,2.0772916123021337
2022-02-10,15.92,4504.08,128.11,20.59,23.91,129.1,88.52,-2.7,43.81,216.1590118408203,2022-02-01,191.74600432038687,-1.8281803510329602,3.3422433959029973
2022-02-11,17.81,4418.64,126.81,21.69,27.36,141.17,94.03,-0.1,47.44,216.1590118408203,2022-02-01,191.74600432038687,-1.9151696234065794,3.667874686419299
2022-02-14,18.95,4401.67,128.12,21.21,28.33,140.59,102.28,-3.2,48.83,216.1590118408203,2022-02-01,191.74600432038687,-0.3847942065319174,0.14806658138052792
2022-02-15,17.7,4471.07,129.76,21.88,25.7,129.05,94.0,-7.1,48.36,216.1590118408203,2022-02-01,191.74600432038687,1.5643739212372925,2.4472657654473426
2022-02-16,18.07,4475.01,132.75,21.02,24.29,122.58,92.74,10.6,49.38,216.1590118408203,2022-02-01,191.74600432038687,0.08808327792157024,0.007758663849408583
2022-02-17,19.79,4380.26,131.31,22.01,28.11,134.49,96.17,12.9,53.14,216.1590118408203,2022-02-01,191.74600432038687,-2.140050300402348,4.579815288252179
2022-02-18,18.54,4348.87,128.36,21.78,27.75,133.64,94.36,16.2,52.01,216.1590118408203,2022-02-01,191.74600432038687,-0.7192042117620436,0.5172546982162625
2022-02-22,17.93,4304.76,128.33,21.03,28.81,130.69,95.54,31.7,50.11,216.1590118408203,2022-02-01,191.74600432038687,-1.0194654042815754,1.039309710526996
2022-02-23,17.69,4225.5,126.88,21.88,31.02,131.24,95.15,31.5,50.51,216.1590118408203,2022-02-01,191.74600432038687,-1.858379019433392,3.4535725798702157
2022-02-24,18.12,4288.7,130.48,21.97,30.32,128.5,100.75,31.2,49.04,216.1590118408203,2022-02-01,191.74600432038687,1.484605971153555,2.2040548895847905
2022-02-25,18.4,4384.65,132.51,23.29,27.59,117.76,93.34,41.8,49.5,216.1590118408203,2022-02-01,191.74600432038687,2.212614836475683,4.8956644145923125
2022-02-28,20.97,4373.94,137.36,23.25,30.15,123.64,100.4,40.1,52.5,216.1590118408203,2022-02-01,191.74600432038687,-0.2445600339325641,0.0598096101970969
2022-03-01,22.7,4306.26,134.42,22.31,33.32,132.8,118.26,42.3,61.43,318.9549255371094,2022-03-01,329.89251697962527,-1.5594426756135318,2.4318614585246907
2022-03-02,21.85,4386.54,136.11,22.32,30.74,124.92,110.28,46.8,61.53,318.9549255371094,2022-03-01,329.89251697962527,1.847098344898933,3.411772295728378
2022-03-03,22.94,4363.49,133.28,22.26,30.48,122.36,115.18,42.0,64.37,318.9549255371094,2022-03-01,329.89251697962527,-0.5268565551901082,0.2775778297467875
2022-03-04,26.29,4328.87,134.98,22.18,31.98,127.85,131.82,59.1,77.29,318.9549255371094,2022-03-01,329.89251697962527,-0.7965657901416315,0.6345170580239617
2022-03-07,29.67,4201.09,136.69,23.08,36.45,133.66,140.03,58.4,78.91,318.9549255371094,2022-03-01,329.89251697962527,-2.9962522550535007,8.977527575913188
2022-03-08,31.7,4170.7,135.25,23.19,35.13,139.71,133.37,57.1,75.82,318.9549255371094,2022-03-01,329.89251697962527,-0.7260127998095253,0.5270945854872658
2022-03-09,28.01,4277.88,134.12,26.39,32.45,130.86,110.9,57.1,73.25,318.9549255371094,2022-03-01,329.89251697962527,2.537367234563523,6.43823248303654
2022-03-10,26.08,4259.52,130.94,24.71,30.23,125.47,105.31,57.7,67.34,318.9549255371094,2022-03-01,329.89251697962527,-0.4301081899390585,0.18499305505265326
2022-03-11,24.73,4204.31,130.7,24.67,30.75,125.58,99.03,54.3,68.01,318.9549255371094,2022-03-01,329.89251697962527,-1.3046288284512193,1.702056380026001
2022-03-14,24.08,4173.11,131.81,23.96,31.77,126.26,105.08,54.6,65.42,318.9549255371094,2022-03-01,329.89251697962527,-0.7448628397104685,0.5548206499815431
2022-03-15,23.8,4262.45,130.66,24.12,29.83,122.18,101.03,49.1,63.62,318.9549255371094,2022-03-01,329.89251697962527,2.1182551140656725,4.487004728265375
2022-03-16,22.51,4357.86,132.0,25.32,26.67,115.1,100.57,40.9,59.35,318.9549255371094,2022-03-01,329.89251697962527,2.2136998842954765,4.900467177729806
2022-03-17,22.23,4411.67,134.93,25.19,25.67,109.25,91.76,47.8,67.78,318.9549255371094,2022-03-01,329.89251697962527,1.2272191404503483,1.5060668186876918
2022-03-18,22.0,4463.12,136.64,25.36,23.87,106.74,91.77,47.0,69.09,318.9549255371094,2022-03-01,329.89251697962527,1.1594770446318643,1.3443870170282421
2022-03-21,21.89,4461.18,135.73,24.24,23.53,108.96,101.94,46.2,70.78,318.9549255371094,2022-03-01,329.89251697962527,-0.043476799985616855,0.0018902321369893339
2022-03-22,20.58,4511.61,139.72,24.46,22.94,108.22,105.38,48.8,69.56,318.9549255371094,2022-03-01,329.89251697962527,1.1240769260246017,1.263548935620918
2022-03-23,23.41,4456.24,136.71,24.63,23.57,108.77,105.72,46.5,72.59,318.9549255371094,2022-03-01,329.89251697962527,-1.234871315104348,1.5249071648675419
2022-03-24,24.07,4520.16,138.39,24.37,21.67,106.05,113.14,54.3,69.14,318.9549255371094,2022-03-01,329.89251697962527,1.4242030309045384,2.0283542732376736
2022-03-25,24.68,4543.06,140.26,23.97,20.81,109.21,125.27,56.4,68.91,318.9549255371094,2022-03-01,329.89251697962527,0.5053402374178504,0.2553687555535294
2022-03-28,23.2,4575.52,138.87,22.8,19.63,108.29,129.28,56.9,67.04,318.9549255371094,2022-03-01,329.89251697962527,0.7119559648821333,0.5068812959312494
2022-03-29,21.28,4631.6,140.0,23.19,18.9,104.35,117.92,59.5,62.46,318.9549255371094,2022-03-01,329.89251697962527,1.2182027285255537,1.4840178877871038
2022-03-30,21.08,4602.45,139.28,22.82,19.33,107.41,112.98,59.1,61.04,318.9549255371094,2022-03-01,329.89251697962527,-0.6313610350948985,0.39861675663610163
2022-03-31,20.25,4530.41,140.73,22.5,20.56,111.45,106.88,55.4,57.66,318.9549255371094,2022-03-01,329.89251697962527,-1.5776327279397289,2.4889250242665506
2022-04-01,19.08,4545.86,145.51,22.34,19.63,112.22,108.34,46.5,54.36,191.14309692382807,2022-04-01,302.7985938060339,0.3404485526057287,0.11590521697133563
2022-04-04,19.22,4582.64,146.48,20.07,18.57,107.11,108.37,50.1,54.31,191.14309692382807,2022-04-01,302.7985938060339,0.805832262263298,0.6493656349043846
2022-04-05,18.47,4525.12,141.33,20.37,21.03,116.27,116.37,50.4,53.8,191.14309692382807,2022-04-01,302.7985938060339,-1.2631155137050305,1.595460800962323
2022-04-06,18.88,4481.15,144.27,18.63,22.1,114.84,123.92,50.4,53.15,191.14309692382807,2022-04-01,302.7985938060339,-0.9764386222700547,0.9534323830606426
2022-04-07,18.43,4500.21,139.55,18.64,21.55,113.33,122.67,56.9,54.23,191.14309692382807,2022-04-01,302.7985938060339,0.4244352439511796,0.18014527630789734
2022-04-08,18.37,4488.28,141.51,18.04,21.16,112.14,124.86,56.9,53.14,191.14309692382807,2022-04-01,302.7985938060339,-0.2654507487977465,0.07046410003728432
2022-04-11,19.25,4412.53,137.91,18.87,24.37,117.35,129.87,57.0,54.81,191.14309692382807,2022-04-01,302.7985938060339,-1.7021333762949848,2.8972580306973645
2022-04-12,19.37,4397.45,137.62,17.39,24.26,117.26,117.79,48.8,55.25,191.14309692382807,2022-04-01,302.7985938060339,-0.34233936348681704,0.11719623979255904
2022-04-13,18.7,4446.59,139.86,16.05,21.82,113.76,116.33,50.6,51.2,191.14309692382807,2022-04-01,302.7985938060339,1.1112682823133002,1.2349171952755527
2022-04-14,17.71,4392.59,134.39,16.49,22.7,114.75,119.66,55.6,53.38,191.14309692382807,2022-04-01,302.7985938060339,-1.2218479951525796,1.4929125232583782
2022-04-18,19.07,4391.69,130.94,16.22,22.17,110.9,122.32,66.3,50.94,191.14309692382807,2022-04-01,302.7985938060339,-0.020491150171664793,0.0004198872353577181
2022-04-19,18.19,4462.21,130.94,16.62,21.37,106.06,122.74,69.9,50.34,191.14309692382807,2022-04-01,302.7985938060339,1.5930040161497565,2.5376617954692535
2022-04-20,18.15,4459.45,134.18,15.97,20.32,103.03,125.12,69.4,52.23,191.14309692382807,2022-04-01,302.7985938060339,-0.06187189576933424,0.00382813148609136
2022-04-21,18.22,4393.66,132.72,15.91,22.68,110.93,130.69,66.9,49.86,191.14309692382807,2022-04-01,302.7985938060339,-1.4862847316476122,2.2090423035288147
2022-04-22,18.97,4271.78,136.22,18.49,28.21,122.37,128.12,67.1,51.15,191.14309692382807,2022-04-01,302.7985938060339,-2.813199052103028,7.914088906753376
2022-04-25,19.47,4296.12,133.42,18.42,27.02,116.98,131.63,62.5,52.86,191.14309692382807,2022-04-01,302.7985938060339,0.5681687572860795,0.32281573675600794
2022-04-26,19.23,4175.2,137.43,20.57,33.52,127.5,129.27,62.5,53.57,191.14309692382807,2022-04-01,302.7985938060339,-2.855002843027312,8.151041233694036
2022-04-27,19.16,4183.96,138.09,20.46,31.6,123.71,130.11,62.0,53.38,191.14309692382807,2022-04-01,302.7985938060339,0.20959051404105172,0.0439281835759923
2022-04-28,19.0,4287.5,136.35,22.14,29.99,119.75,128.74,37.1,51.94,191.14309692382807,2022-04-01,302.7985938060339,2.444564600458133,5.975896085813032
2022-04-29,19.83,4131.93,136.69,25.12,33.4,121.98,128.4,39.4,53.1,191.14309692382807,2022-04-01,302.7985938060339,-3.6959202326858716,13.659826366376787
2022-05-02,20.06,4155.38,131.4,25.19,32.34,124.48,135.17,28.0,54.15,142.25848388671875,2022-05-01,291.17750481736675,0.565927003737552,0.3202733735593632
2022-05-03,19.71,4175.48,129.0,25.06,29.25,117.55,126.46,35.5,54.04,142.25848388671875,2022-05-01,291.17750481736675,0.4825441551572873,0.23284886167646018
2022-05-04,18.81,4300.17,127.75,26.77,25.42,106.62,121.99,22.9,53.15,142.25848388671875,2022-05-01,291.17750481736675,2.9425235047606604,8.65844457606896
2022-05-05,19.36,4146.87,128.65,29.28,31.2,119.18,122.72,18.1,54.72,142.25848388671875,2022-05-01,291.17750481736675,-3.6300723991250603,13.17742562288957
2022-05-06,18.71,4123.34,126.21,29.31,30.19,116.78,121.42,20.3,54.82,142.25848388671875,2022-05-01,291.17750481736675,-0.5690318260649576,0.3237972190748202
2022-05-09,20.49,3991.24,127.05,31.35,34.75,125.93,125.22,16.3,57.9,142.25848388671875,2022-05-01,291.17750481736675,-3.256155498687775,10.602548631634635
2022-05-10,20.02,4001.05,125.86,30.78,32.99,120.98,126.76,14.5,56.06,142.25848388671875,2022-05-01,291.17750481736675,0.24548671098168665,0.06026372526860615
2022-05-11,20.26,3935.18,124.51,31.25,32.56,125.89,118.05,21.1,53.43,142.25848388671875,2022-05-01,291.17750481736675,-1.6600202520523653,2.755667237223998
2022-05-12,21.51,3930.08,119.91,31.0,31.77,122.11,118.73,19.6,52.71,142.25848388671875,2022-05-01,291.17750481736675,-0.12968422441889949,0.016817998063131487
2022-05-13,21.2,4023.89,122.09,31.68,28.87,113.89,114.61,12.8,51.22,142.25848388671875,2022-05-01,291.17750481736675,2.3589314531626497,5.56455760072005
2022-05-16,21.16,4008.01,117.53,31.41,27.47,108.26,117.95,-3.3,51.89,142.25848388671875,2022-05-01,291.17750481736675,-0.3954237650276509,0.15635995394864288
2022-05-17,20.05,4088.85,117.68,32.15,26.1,101.2,119.46,0.2,50.34,142.25848388671875,2022-05-01,291.17750481736675,1.9968898134440816,3.987568927036739
2022-05-18,19.69,3923.68,123.46,34.62,30.96,114.96,114.86,-2.3,51.89,142.25848388671875,2022-05-01,291.17750481736675,-4.123376798543937,17.00223622277045
2022-05-19,20.25,3900.79,122.66,34.71,29.35,104.89,115.05,-13.3,51.16,142.25848388671875,2022-05-01,291.17750481736675,-0.5850892213605512,0.3423293969522961
2022-05-20,19.31,3901.36,122.32,34.36,29.43,107.8,111.1,-14.8,50.72,142.25848388671875,2022-05-01,291.17750481736675,0.014611357151915558,0.00021349175782083395
2022-05-23,19.63,3973.75,120.55,33.6,28.48,102.68,110.19,-20.8,48.63,142.25848388671875,2022-05-01,291.17750481736675,1.8385022946529015,3.380090687443984
2022-05-24,19.13,3941.48,122.96,33.65,29.45,104.29,111.15,-37.3,47.04,142.25848388671875,2022-05-01,291.17750481736675,-0.8153945948249348,0.6648683452697196
2022-05-25,18.27,3978.73,118.85,32.25,28.37,98.79,105.69,-39.6,46.76,142.25848388671875,2022-05-01,291.17750481736675,0.9406385602538605,0.8848009010364556
2022-05-26,17.81,4057.84,122.28,32.89,27.5,96.25,102.49,-41.2,46.03,142.25848388671875,2022-05-01,291.17750481736675,1.9688139439344956,3.8762283458309033
2022-05-27,17.5,4158.24,121.25,32.81,25.72,93.66,98.48,-39.9,47.92,142.25848388671875,2022-05-01,291.17750481736675,2.4441095491293146,5.973671488145102
2022-05-31,17.19,4132.15,119.1,30.23,26.19,93.1,107.12,-37.8,49.82,142.25848388671875,2022-05-01,291.17750481736675,-0.6294055196399692,0.3961513081532596
2022-06-01,16.94,4101.23,119.3,30.29,25.69,91.39,109.38,-37.8,49.14,130.7073211669922,2022-06-01,275.29165179733724,-0.7510923912143033,0.56413978014002
2022-06-02,17.13,4176.82,121.4,30.94,24.72,91.08,99.27,-49.4,47.8,130.7073211669922,2022-06-01,275.29165179733724,1.8263262738202752,3.335467658446251
2022-06-03,16.51,4108.54,122.25,29.7,24.79,90.5,97.73,-45.6,46.23,130.7073211669922,2022-06-01,275.29165179733724,-1.6482457202400496,2.7167139542896397
2022-06-06,16.81,4121.43,122.36,27.03,25.07,89.53,102.26,-44.2,47.9,130.7073211669922,2022-06-01,275.29165179733724,0.3132456264123724,0.09812282246647959
2022-06-07,16.64,4160.68,120.66,27.14,24.02,87.82,102.61,-43.4,45.88,130.7073211669922,2022-06-01,275.29165179733724,0.9478331934066118,0.8983877625233755
2022-06-08,16.04,4115.77,119.13,25.01,23.96,92.68,105.29,-42.8,44.37,130.7073211669922,2022-06-01,275.29165179733724,-1.0852585537420805,1.1777861284703521
2022-06-09,16.29,4017.82,120.66,26.39,26.09,98.82,105.29,-46.7,43.87,130.7073211669922,2022-06-01,275.29165179733724,-2.4086469933734813,5.801580338687112
2022-06-10,17.58,3900.86,121.64,27.77,27.75,99.75,114.23,-50.3,42.92,130.7073211669922,2022-06-01,275.29165179733724,-2.954242533536117,8.727548946953895
2022-06-13,20.84,3749.63,124.14,30.89,34.02,113.72,139.21,-45.0,47.56,130.7073211669922,2022-06-01,275.29165179733724,-3.953987319895819,15.634015725896921
2022-06-14,21.99,3735.48,125.16,29.9,32.69,111.01,144.09,-46.0,46.63,130.7073211669922,2022-06-01,275.29165179733724,-0.3780844063995452,0.14294781836249645
2022-06-15,19.4,3789.99,118.36,30.29,29.62,105.37,135.93,-49.0,47.04,130.7073211669922,2022-06-01,275.29165179733724,1.4487056184644878,2.098747968970574
2022-06-16,20.65,3666.77,122.48,31.59,32.95,114.36,138.1,-62.8,46.27,130.7073211669922,2022-06-01,275.29165179733724,-3.3052215017083935,10.924489175355488
2022-06-17,20.28,3674.84,121.15,28.34,31.13,110.06,133.75,-65.0,49.19,130.7073211669922,2022-06-01,275.29165179733724,0.21984287507105163,0.04833088971950601
2022-06-21,18.24,3764.79,121.38,29.56,30.19,104.37,138.91,-68.3,46.56,130.7073211669922,2022-06-01,275.29165179733724,2.418248850178457,5.84792750138943
2022-06-22,18.29,3759.89,119.22,29.57,28.95,99.66,129.94,-68.2,48.99,130.7073211669922,2022-06-01,275.29165179733724,-0.13023811491289689,0.016961966576064934
2022-06-23,18.65,3795.73,121.11,29.09,29.05,98.31,125.98,-78.7,48.58,130.7073211669922,2022-06-01,275.29165179733724,0.94870490606574,0.9000409987932045
2022-06-24,17.92,3911.74,120.43,30.91,27.23,91.34,127.0,-71.7,46.99,130.7073211669922,2022-06-01,275.29165179733724,3.0105537080807645,9.06343362923884
2022-06-27,17.88,3900.11,119.98,30.76,26.95,87.58,133.22,-66.9,46.99,130.7073211669922,2022-06-01,275.29165179733724,-0.2977529930125207,0.08865684484791418
2022-06-28,17.95,3821.55,120.46,30.89,28.36,90.62,135.22,-68.9,46.59,130.7073211669922,2022-06-01,275.29165179733724,-2.0348658383248717,4.140678979981582
2022-06-29,18.08,3818.83,119.26,29.71,28.16,88.92,130.43,-68.3,48.57,130.7073211669922,2022-06-01,275.29165179733724,-0.07120065009618694,0.005069532574119645
2022-06-30,19.61,3785.38,119.94,29.75,28.71,89.39,135.5,-71.6,48.9,130.7073211669922,2022-06-01,275.29165179733724,-0.8797814830608449,0.7740154579367398
2022-07-01,20.17,3825.33,118.59,29.78,26.7,85.51,144.17,-75.8,49.4,117.17676544189452,2022-07-01,317.14668927721044,1.0498459915641862,1.1021766060033893
2022-07-05,21.33,3831.39,118.19,29.09,27.54,87.3,156.16,-69.3,52.61,117.17676544189452,2022-07-01,317.14668927721044,0.15829235665797978,0.025056470176337074
2022-07-06,21.91,3845.08,117.45,28.53,26.73,85.88,151.14,-63.7,54.67,117.17676544189452,2022-07-01,317.14668927721044,0.3566747349581468,0.12721686655746425
2022-07-07,20.5,3902.62,118.76,28.94,26.08,85.88,149.71,-64.3,52.87,117.17676544189452,2022-07-01,317.14668927721044,1.485371347119902,2.2063280388447923
2022-07-08,19.41,3899.38,118.13,28.76,24.64,84.74,145.25,-56.7,52.1,117.17676544189452,2022-07-01,317.14668927721044,-0.08305563153684295,0.0068982379299838215
2022-07-11,19.72,3854.43,119.8,28.79,26.17,88.05,147.72,-56.0,53.1,117.17676544189452,2022-07-01,317.14668927721044,-1.159442997810581,1.3443080651719868
2022-07-12,19.78,3818.8,121.33,27.69,27.29,90.06,148.11,-59.2,54.4,117.17676544189452,2022-07-01,317.14668927721044,-0.9286899019016758,0.8624649338941441
2022-07-13,18.36,3801.78,120.41,25.78,26.82,90.49,136.1,-52.5,51.76,117.17676544189452,2022-07-01,317.14668927721044,-0.4466859031662644,0.19952829608746134
2022-07-14,19.6,3790.38,121.92,21.96,26.4,90.73,137.76,-54.1,53.03,117.17676544189452,2022-07-01,317.14668927721044,-0.30031001895847553,0.09018610748683993
2022-07-15,19.27,3863.16,122.48,22.85,24.23,89.37,129.85,-51.3,51.77,117.17676544189452,2022-07-01,317.14668927721044,1.9019223492515371,3.617308622582486
2022-07-18,19.42,3830.85,120.55,22.46,25.3,91.86,127.69,-53.7,49.66,117.17676544189452,2022-07-01,317.14668927721044,-0.8398790728860633,0.7053968570719533
2022-07-19,18.63,3936.69,120.04,21.5,24.5,88.61,124.7,-52.0,48.77,117.17676544189452,2022-07-01,317.14668927721044,2.7253558019802915,7.427564247387638
2022-07-20,19.26,3959.9,117.24,21.63,23.88,86.75,122.9,-53.2,47.54,117.17676544189452,2022-07-01,317.14668927721044,0.587850371833506,0.3455680596647912
2022-07-21,18.71,3998.95,118.71,20.07,23.11,85.04,121.15,-60.0,51.1,117.17676544189452,2022-07-01,317.14668927721044,0.9813054238448902,0.9629603348673995
2022-07-22,18.3,3961.63,119.15,20.31,23.03,84.53,123.7,-64.4,47.84,117.17676544189452,2022-07-01,317.14668927721044,-0.937626992342271,0.8791443767688131
2022-07-25,18.3,3966.84,119.46,20.0,23.36,83.82,128.27,-59.6,47.96,117.17676544189452,2022-07-01,317.14668927721044,0.13142512363463166,0.017272563122378216
2022-07-26,18.06,3921.05,121.29,17.37,24.69,84.83,128.55,-58.3,47.81,117.17676544189452,2022-07-01,317.14668927721044,-1.161033289574997,1.347998299501339
2022-07-27,17.39,4023.61,121.92,19.56,23.24,81.77,117.28,-53.5,48.99,117.17676544189452,2022-07-01,317.14668927721044,2.582003453356371,6.666741833144225
2022-07-28,16.84,4072.43,122.67,18.64,22.33,80.88,119.93,-66.4,47.17,117.17676544189452,2022-07-01,317.14668927721044,1.2060363275690102,1.454523623416145
2022-07-29,16.49,4130.29,122.29,19.33,21.33,80.29,116.36,-61.8,46.19,117.17676544189452,2022-07-01,317.14668927721044,1.4107749538291978,1.9902859703517752
2022-08-01,17.52,4118.63,122.94,19.19,22.84,86.34,120.5,-56.5,49.97,132.86322021484375,2022-08-01,256.99207168639896,-0.28270386343187,0.0799214743993054
2022-08-02,17.34,4091.19,121.78,19.06,23.93,88.47,129.23,-56.9,52.77,132.86322021484375,2022-08-01,256.99207168639896,-0.6684702509967414,0.4468524764676464
2022-08-03,16.76,4155.17,121.16,19.76,21.95,84.6,122.04,-43.9,50.12,132.86322021484375,2022-08-01,256.99207168639896,1.5517460750035557,2.4079158812889405
2022-08-04,16.95,4151.94,122.81,19.74,21.44,83.69,120.57,-43.5,55.14,132.86322021484375,2022-08-01,256.99207168639896,-0.07776471390832698,0.006047350729243944
2022-08-05,16.37,4145.19,125.97,19.11,21.15,84.13,122.58,-25.4,48.76,132.86322021484375,2022-08-01,256.99207168639896,-0.16270689959386672,0.026473535175448627
2022-08-08,16.76,4140.06,123.69,19.12,21.29,86.95,124.12,-25.1,46.4,132.86322021484375,2022-08-01,256.99207168639896,-0.12383454103545306,0.015334993553461308
2022-08-09,16.69,4122.47,123.91,18.77,21.77,87.49,125.12,-23.5,46.23,132.86322021484375,2022-08-01,256.99207168639896,-0.42577821983481123,0.18128709248570085
2022-08-10,16.27,4210.24,125.04,19.85,19.74,90.04,115.26,-29.8,46.56,132.86322021484375,2022-08-01,256.99207168639896,2.1067154907856915,4.438250159116397
2022-08-11,15.81,4207.27,126.84,19.76,20.2,90.84,111.11,-29.3,45.37,132.86322021484375,2022-08-01,256.99207168639896,-0.07056718966173459,0.0049797282567552205
2022-08-12,15.22,4280.15,129.34,20.52,19.53,91.01,106.28,-25.2,44.0,132.86322021484375,2022-08-01,256.99207168639896,1.717407440983608,2.949488318345865
2022-08-15,15.37,4297.14,127.62,19.56,19.95,88.73,113.82,-34.1,46.63,132.86322021484375,2022-08-01,256.99207168639896,0.3961629423932771,0.15694507692569898
2022-08-16,15.27,4305.2,126.09,19.37,19.69,88.05,116.83,-31.5,50.25,132.86322021484375,2022-08-01,256.99207168639896,0.18739092755182557,0.03511535972873354
2022-08-17,15.32,4274.04,122.06,17.22,19.9,87.47,117.7,-25.4,51.55,132.86322021484375,2022-08-01,256.99207168639896,-0.726407864047862,0.5276683849505771
2022-08-18,15.36,4283.74,124.22,17.09,19.56,86.46,120.26,-17.6,47.41,132.86322021484375,2022-08-01,256.99207168639896,0.2266944033161183,0.051390352494850904
2022-08-19,15.91,4228.48,123.68,17.4,20.6,89.77,123.81,-16.4,50.34,132.86322021484375,2022-08-01,256.99207168639896,-1.2983869381359623,1.6858086411220792
2022-08-22,16.57,4137.99,123.93,18.56,23.8,94.75,135.89,-9.8,50.64,132.86322021484375,2022-08-01,256.99207168639896,-2.1632427725287453,4.679619292897853
2022-08-23,15.8,4128.73,123.83,18.58,24.11,93.34,133.85,-21.6,47.35,132.86322021484375,2022-08-01,256.99207168639896,-0.2240309064050325,0.050189847024660436
2022-08-24,15.9,4140.77,122.78,18.16,22.82,86.45,133.13,-22.1,48.33,132.86322021484375,2022-08-01,256.99207168639896,0.2911907251337381,0.08479203840391222
2022-08-25,15.57,4199.12,123.1,16.44,21.78,83.32,126.33,-19.1,48.78,132.86322021484375,2022-08-01,256.99207168639896,1.3993218645290095,1.9581016805489437
2022-08-26,15.42,4057.66,124.57,19.91,25.56,91.66,122.95,-24.3,47.08,132.86322021484375,2022-08-01,256.99207168639896,-3.4268526748985457,11.743319255459317
2022-08-29,16.02,4030.61,121.97,19.37,26.21,91.57,130.14,-23.3,47.73,132.86322021484375,2022-08-01,256.99207168639896,-0.668872350926395,0.44739022183380245
2022-08-30,16.52,3986.16,121.01,19.74,26.21,91.11,127.69,-23.3,49.74,132.86322021484375,2022-08-01,256.99207168639896,-1.1089367791653617,1.2297407801856461
2022-08-31,17.02,3955.0,119.71,19.79,25.87,88.4,124.84,-27.6,52.11,132.86322021484375,2022-08-01,256.99207168639896,-0.784776025709875,0.6158734105289865
2022-09-01,17.8,3966.85,120.74,19.1,25.56,87.74,126.58,-20.9,53.9,131.98587036132812,2022-09-01,281.85971241799945,0.29917276491103817,0.08950434326451531
2022-09-02,16.88,3924.26,119.81,19.45,25.47,89.19,120.72,-26.6,53.9,131.98587036132812,2022-09-01,281.85971241799945,-1.0794530441166155,1.1652188744526277
2022-09-06,17.68,3908.19,119.84,19.48,26.91,94.08,133.54,-18.9,50.0,131.98587036132812,2022-09-01,281.85971241799945,-0.410344720981454,0.16838279003734735
2022-09-07,16.77,3979.87,119.05,20.43,24.64,88.26,133.12,-17.7,53.32,131.98587036132812,2022-09-01,281.85971241799945,1.8174804228558856,3.303235087464409
2022-09-08,16.4,4006.18,119.08,20.49,23.61,85.57,124.14,-14.6,51.29,131.98587036132812,2022-09-01,281.85971241799945,0.6589013388980101,0.4341509744015903
2022-09-09,15.91,4067.36,119.66,19.91,22.79,84.09,121.54,-13.9,48.84,131.98587036132812,2022-09-01,281.85971241799945,1.5155971507018435,2.2970347232155466
2022-09-12,15.79,4110.41,121.06,20.64,23.87,84.53,123.07,-9.6,44.15,131.98587036132812,2022-09-01,281.85971241799945,1.0528639881468727,1.108522577536538
2022-09-13,16.93,3932.69,125.46,25.03,27.27,93.89,128.87,5.4,44.81,131.98587036132812,2022-09-01,281.85971241799945,-4.419911011958206,19.53561335362941
2022-09-14,17.17,3946.01,120.19,25.04,26.16,93.58,125.35,5.8,45.62,131.98587036132812,2022-09-01,281.85971241799945,0.3381271704881856,0.11432998342234652
2022-09-15,19.66,3901.35,119.97,25.23,26.27,92.61,124.07,2.5,46.63,131.98587036132812,2022-09-01,281.85971241799945,-1.1382294724738606,1.295566332008123
2022-09-16,18.31,3873.33,117.71,25.36,26.3,92.42,124.95,2.3,47.44,131.98587036132812,2022-09-01,281.85971241799945,-0.7208044914246866,0.5195591148580011
2022-09-19,18.37,3899.89,116.26,25.07,25.76,88.99,133.79,3.6,46.75,131.98587036132812,2022-09-01,281.85971241799945,0.6833745439536254,0.4670007673238255
2022-09-20,18.59,3855.93,116.69,24.33,27.16,91.12,134.66,6.1,48.23,131.98587036132812,2022-09-01,281.85971241799945,-1.133612455307255,1.2850771988277434
2022-09-21,18.48,3789.93,116.21,25.07,27.99,92.05,130.54,6.1,48.65,131.98587036132812,2022-09-01,281.85971241799945,-1.7264673789774228,2.980689610673172
2022-09-22,17.93,3757.99,115.86,25.22,27.35,89.18,131.93,5.9,47.1,131.98587036132812,2022-09-01,281.85971241799945,-0.8463309268931809,0.7162760378158707
2022-09-23,19.42,3693.23,118.99,25.45,29.92,101.55,137.28,10.9,50.82,131.98587036132812,2022-09-01,281.85971241799945,-1.7382826077567965,3.021626424429769
2022-09-26,20.26,3655.04,120.01,22.75,32.26,109.09,153.61,10.9,56.68,131.98587036132812,2022-09-01,281.85971241799945,-1.0394376865970472,1.0804307043182213
2022-09-27,19.26,3647.29,120.39,22.65,32.6,113.76,158.12,14.9,55.89,131.98587036132812,2022-09-01,281.85971241799945,-0.21226109775338642,0.04505477361947267
2022-09-28,19.27,3719.04,120.38,23.26,30.18,105.83,158.99,15.0,55.02,131.98587036132812,2022-09-01,281.85971241799945,1.9481144387776417,3.795149866573926
2022-09-29,19.78,3640.47,121.54,24.19,31.84,108.31,148.14,18.5,54.41,131.98587036132812,2022-09-01,281.85971241799945,-2.135277627216209,4.559410545290084
2022-09-30,19.52,3585.62,123.59,24.6,31.62,106.19,141.89,17.9,55.69,131.98587036132812,2022-09-01,281.85971241799945,-1.5181392276394086,2.30474671449758
2022-10-03,20.29,3678.43,121.38,25.62,30.1,103.03,152.94,10.4,56.24,143.16241455078125,2022-10-01,301.1421479597583,2.555462879740763,6.530390529732952
2022-10-04,19.55,3790.93,122.46,27.58,29.07,96.83,151.21,6.3,59.51,143.16241455078125,2022-10-01,301.1421479597583,3.012534086530393,9.07536162250751
2022-10-05,19.69,3783.28,121.78,26.88,28.55,92.79,152.01,7.5,54.2,143.16241455078125,2022-10-01,301.1421479597583,-0.20200133350643032,0.04080453873837609
2022-10-06,19.67,3744.52,122.44,27.07,30.52,97.73,153.29,4.7,53.39,143.16241455078125,2022-10-01,301.1421479597583,-1.0297920383574248,1.0604716422643399
2022-10-07,19.66,3639.66,121.81,28.31,31.36,103.37,148.46,5.2,53.64,143.16241455078125,2022-10-01,301.1421479597583,-2.8403167167490584,8.06739905144415
2022-10-11,20.59,3588.84,120.12,27.99,33.63,105.26,155.57,5.1,51.92,143.16241455078125,2022-10-01,301.1421479597583,-1.4061240183989523,1.9771847551184172
2022-10-12,20.4,3577.03,119.99,23.46,33.57,109.19,160.72,5.3,51.52,143.16241455078125,2022-10-01,301.1421479597583,-0.32961833504644217,0.10864824679878861
2022-10-13,20.07,3669.91,117.82,25.07,31.94,101.26,155.08,13.4,50.52,143.16241455078125,2022-10-01,301.1421479597583,2.563429144689717,6.5711689798446535
2022-10-14,20.07,3583.07,119.3,25.98,32.02,101.94,152.89,17.4,50.3,143.16241455078125,2022-10-01,301.1421479597583,-2.394716377195182,5.734666527206818
2022-10-17,19.96,3677.95,116.97,27.25,31.37,97.32,150.42,19.4,50.27,143.16241455078125,2022-10-01,301.1421479597583,2.613555691190645,6.83067335095501
2022-10-18,19.19,3719.98,116.88,27.42,30.5,92.3,145.79,22.3,49.12,143.16241455078125,2022-10-01,301.1421479597583,1.1362760181543907,1.2911231894327972
2022-10-19,19.41,3695.16,117.26,27.24,30.76,90.69,147.73,23.5,47.78,143.16241455078125,2022-10-01,301.1421479597583,-0.6694436704711701,0.44815482793391265
2022-10-20,19.23,3665.78,117.41,26.69,29.98,88.35,155.61,25.5,47.98,143.16241455078125,2022-10-01,301.1421479597583,-0.7982718516093059,0.6372379490717497
2022-10-21,19.05,3752.75,116.19,27.74,29.69,87.32,156.95,25.5,47.19,143.16241455078125,2022-10-01,301.1421479597583,2.344776785243657,5.49797817261758
2022-10-24,19.58,3797.34,114.97,27.43,29.85,86.06,154.02,20.7,47.78,143.16241455078125,2022-10-01,301.1421479597583,1.1811917059798283,1.395213846275537
2022-10-25,19.33,3859.11,114.64,27.76,28.46,82.21,147.78,16.3,47.3,143.16241455078125,2022-10-01,301.1421479597583,1.6135765325269211,2.603629226321602
2022-10-26,18.67,3830.6,113.86,27.85,27.28,80.42,140.2,16.4,48.58,143.16241455078125,2022-10-01,301.1421479597583,-0.7415138056792231,0.5498427240128846
2022-10-27,18.51,3807.3,113.23,27.13,27.39,82.51,142.78,13.7,49.02,143.16241455078125,2022-10-01,301.1421479597583,-0.6101172384332341,0.3722430446333958
2022-10-28,18.01,3901.06,112.06,27.39,25.75,78.12,144.6,14.5,47.81,143.16241455078125,2022-10-01,301.1421479597583,2.4328034575769397,5.918532663198313
2022-10-31,18.27,3871.98,111.96,27.12,25.88,78.86,147.92,8.1,47.41,143.16241455078125,2022-10-01,301.1421479597583,-0.7482306966126504,0.5598491753534521
2022-11-01,18.45,3856.1,111.44,25.94,25.81,80.24,148.42,12.4,47.04,116.7162857055664,2022-11-01,332.22340779435706,-0.41096940897468526,0.16889585511300212
2022-11-02,17.84,3759.69,111.99,25.38,25.86,80.93,141.17,13.5,47.75,116.7162857055664,2022-11-01,332.22340779435706,-2.53198028276198,6.410924152295436
2022-11-03,18.03,3719.89,110.34,25.65,25.3,79.17,136.28,14.1,46.47,116.7162857055664,2022-11-01,332.22340779435706,-1.064240923898342,1.1326087440999963
2022-11-04,18.03,3770.55,111.62,25.82,24.55,79.24,128.44,18.9,47.5,116.7162857055664,2022-11-01,332.22340779435706,1.3526781457993704,1.8297381661232228
2022-11-07,18.12,3806.8,111.67,24.13,24.35,79.95,128.33,21.5,45.11,116.7162857055664,2022-11-01,332.22340779435706,0.9568061802673562,0.9154780665978085
2022-11-08,18.91,3828.11,113.55,24.06,25.54,84.6,126.33,21.6,45.04,116.7162857055664,2022-11-01,332.22340779435706,0.5582267593980096,0.31161711490800326
2022-11-09,18.91,3748.57,114.36,25.03,26.09,90.11,124.4,21.5,45.38,116.7162857055664,2022-11-01,332.22340779435706,-2.0996774887089926,4.408645556591302
2022-11-10,17.69,3956.37,111.42,31.03,23.53,85.78,111.69,13.2,43.48,116.7162857055664,2022-11-01,332.22340779435706,5.395250428096393,29.10872718187431
2022-11-14,17.41,3957.25,113.67,29.0,23.73,84.57,119.99,8.4,44.42,116.7162857055664,2022-11-01,332.22340779435706,0.022240137980524724,0.0004946237373927784
2022-11-15,17.72,3991.73,115.94,27.83,24.54,88.31,128.62,10.8,46.72,116.7162857055664,2022-11-01,332.22340779435706,0.8675381307597811,0.7526224083221751
2022-11-16,17.23,3958.79,115.56,27.65,24.11,81.38,130.83,14.3,45.12,116.7162857055664,2022-11-01,332.22340779435706,-0.8286297872085079,0.686627324249217
2022-11-17,16.77,3946.56,115.24,27.58,23.93,81.16,132.18,12.1,45.34,116.7162857055664,2022-11-01,332.22340779435706,-0.3094109623737159,0.09573514363702904
2022-11-18,16.51,3965.34,114.97,27.47,23.12,77.68,129.33,11.3,45.93,116.7162857055664,2022-11-01,332.22340779435706,0.4747288330235593,0.22536746490391044
2022-11-21,16.68,3949.94,114.52,26.27,22.36,77.11,132.13,13.8,47.11,116.7162857055664,2022-11-01,332.22340779435706,-0.38912128014762937,0.15141537066372987
2022-11-22,16.07,4003.58,116.24,26.36,21.29,77.81,133.53,13.6,46.3,116.7162857055664,2022-11-01,332.22340779435706,1.3488571921957369,1.819415724938167
2022-11-23,15.84,4027.26,118.65,25.86,20.35,81.72,136.2,13.5,51.56,116.7162857055664,2022-11-01,332.22340779435706,0.5897283130642713,0.3477794832296312
2022-11-25,15.23,4026.12,128.11,25.75,20.5,82.5,129.6,13.3,50.16,116.7162857055664,2022-11-01,332.22340779435706,-0.0283110944129042,0.0008015180668563753
2022-11-28,15.77,3963.94,118.47,24.95,22.21,87.33,131.73,14.2,50.53,116.7162857055664,2022-11-01,332.22340779435706,-1.5564652905563017,2.4225842007065124
2022-11-29,15.71,3957.63,120.38,24.83,21.89,85.43,131.23,14.0,47.91,116.7162857055664,2022-11-01,332.22340779435706,-0.15931188727940443,0.025380277428525663
2022-11-30,15.45,4080.11,118.47,26.89,20.58,81.79,127.27,8.9,46.15,116.7162857055664,2022-11-01,332.22340779435706,3.047858758258928,9.289443010295653
2022-12-01,15.92,4076.57,117.79,25.43,19.84,82.19,119.77,9.5,45.61,111.19593811035156,2022-12-01,263.27804644729326,-0.08680002702717911,0.007534244691919024
2022-12-02,15.42,4071.7,118.11,25.16,19.06,81.57,118.62,12.9,45.76,111.19593811035156,2022-12-01,263.27804644729326,-0.11953459028422096,0.014288518274416573
2022-12-05,15.81,3998.84,117.75,25.44,20.75,84.71,126.5,19.7,45.41,111.19593811035156,2022-12-01,263.27804644729326,-1.805628360207544,3.2602937751857843
2022-12-06,16.19,3941.26,117.11,25.71,22.17,86.59,129.09,18.8,46.36,111.19593811035156,2022-12-01,263.27804644729326,-1.4503849921748773,2.1036166255261186
2022-12-07,16.55,3933.92,117.81,25.65,22.68,87.18,131.1,18.2,47.91,111.19593811035156,2022-12-01,263.27804644729326,-0.18640849162627043,0.03474812575038133
2022-12-08,16.45,3963.51,117.54,24.74,22.29,84.9,129.54,17.5,47.17,111.19593811035156,2022-12-01,263.27804644729326,0.7493612090724109,0.5615422216624655
2022-12-09,16.26,3934.38,119.24,16.78,22.83,87.26,132.79,19.0,46.93,111.19593811035156,2022-12-01,263.27804644729326,-0.737668721482345,0.5441551426533975
2022-12-12,15.51,3990.56,121.86,17.18,25.0,91.73,141.93,16.0,44.99,111.19593811035156,2022-12-01,263.27804644729326,1.4178262831053963,2.010231369064463
2022-12-13,14.71,4019.65,122.73,17.14,22.55,88.74,135.08,13.2,43.37,111.19593811035156,2022-12-01,263.27804644729326,0.7263262233261697,0.527549782691257
2022-12-14,14.06,3995.32,124.23,17.04,21.14,88.35,120.26,9.9,41.82,111.19593811035156,2022-12-01,263.27804644729326,-0.6071158028413108,0.3685895980596494
2022-12-15,14.39,3895.75,124.49,18.89,22.83,92.26,111.26,3.5,43.7,111.19593811035156,2022-12-01,263.27804644729326,-2.5237460791963953,6.369294272259178
2022-12-16,14.14,3852.36,120.04,19.33,22.62,89.15,113.65,-2.9,42.29,111.19593811035156,2022-12-01,263.27804644729326,-1.1200267830704025,1.2544599947950343
2022-12-19,14.49,3817.66,117.09,19.5,22.42,87.54,118.32,-5.7,42.47,111.19593811035156,2022-12-01,263.27804644729326,-0.9048278034291597,0.818713353858438
2022-12-20,15.03,3821.62,115.57,19.46,21.48,83.0,119.92,-10.3,41.79,111.19593811035156,2022-12-01,263.27804644729326,0.1036747011419641,0.010748443656875573
2022-12-21,14.78,3878.44,114.25,19.59,20.07,77.64,115.0,-7.9,41.18,111.19593811035156,2022-12-01,263.27804644729326,1.4758594440961796,2.1781610987278843
2022-12-22,14.88,3822.39,114.42,20.11,21.97,81.94,112.05,-6.4,41.8,111.19593811035156,2022-12-01,263.27804644729326,-1.4557129502374848,2.119100193489122
2022-12-23,14.86,3844.82,114.57,20.19,20.87,78.84,113.17,-5.8,41.21,111.19593811035156,2022-12-01,263.27804644729326,0.5850906388984781,0.3423310557266293
2022-12-27,16.3,3829.25,113.44,20.23,21.65,78.65,124.89,-5.8,43.5,111.19593811035156,2022-12-01,263.27804644729326,-0.4057826255056132,0.16465953916222875
2022-12-28,15.99,3783.22,112.03,19.95,22.14,79.9,120.07,-4.4,43.95,111.19593811035156,2022-12-01,263.27804644729326,-1.209346269904926,1.4625184005329581
2022-12-29,16.18,3849.28,113.27,20.79,21.44,77.28,120.25,-4.2,42.6,111.19593811035156,2022-12-01,263.27804644729326,1.7310618960093667,2.9965752878155434
2022-12-30,16.25,3839.5,113.57,18.02,21.67,77.05,121.61,-2.7,41.26,111.19593811035156,2022-12-01,263.27804644729326,-0.25439680351095256,0.06471773363659021
2023-01-03,17.26,3824.14,112.74,18.07,22.9,80.34,129.97,-1.3,44.14,104.2670440673828,2023-01-01,247.188560535782,-0.40085443908070933,0.1606842813307101
2023-01-04,17.35,3852.97,112.14,18.26,22.01,76.65,125.78,-0.5,45.83,104.2670440673828,2023-01-01,247.188560535782,0.7510674075384772,0.564102250666569
2023-01-05,16.78,3808.1,112.67,17.68,22.46,75.96,119.53,9.1,43.93,104.2670440673828,2023-01-01,247.188560535782,-1.171390238451922,1.3721550907404505
2023-01-06,16.44,3895.08,113.86,18.63,21.13,73.88,113.87,-7.3,42.94,104.2670440673828,2023-01-01,247.188560535782,2.2583841176026542,5.100298822639919
2023-01-09,16.92,3892.09,114.42,18.62,21.97,77.27,116.67,-9.1,42.75,104.2670440673828,2023-01-01,247.188560535782,-0.07679298504944067,0.005897162552803618
2023-01-10,16.59,3919.25,114.65,18.6,20.58,76.02,119.52,-11.4,41.6,104.2670440673828,2023-01-01,247.188560535782,0.6954020552451892,0.4835840184392331
2023-01-11,16.32,3969.61,115.1,18.94,21.09,78.94,115.17,-11.8,41.19,104.2670440673828,2023-01-01,247.188560535782,1.2767544131228952,1.6301018314287885
2023-01-12,15.95,3983.17,117.39,18.29,18.83,78.79,112.34,-9.7,39.28,104.2670440673828,2023-01-01,247.188560535782,0.34101315868827886,0.11628997439855726
2023-01-13,16.37,3999.09,121.7,18.15,18.35,80.89,113.55,-6.1,38.19,104.2670440673828,2023-01-01,247.188560535782,0.3988850553225138,0.15910928735964489
2023-01-17,16.49,3990.97,120.01,18.02,19.36,83.44,122.27,-13.3,40.1,104.2670440673828,2023-01-01,247.188560535782,-0.20325261125498278,0.04131162398196916
2023-01-18,16.19,3928.86,119.91,16.75,20.34,85.33,112.61,-24.7,39.25,104.2670440673828,2023-01-01,247.188560535782,-1.5685001660276408,2.4601927708287366
2023-01-19,16.71,3898.85,121.23,16.38,20.52,85.14,114.53,-19.0,39.02,104.2670440673828,2023-01-01,247.188560535782,-0.766766960752083,0.5879315721009863
2023-01-20,16.4,3972.61,120.19,17.24,19.85,81.03,114.76,-17.7,37.81,104.2670440673828,2023-01-01,247.188560535782,1.874167155917249,3.51250252831895
2023-01-23,16.2,4019.81,120.91,17.75,19.81,78.34,114.69,-17.7,37.3,104.2670440673828,2023-01-01,247.188560535782,1.1811328415709266,1.3950747894374116
2023-01-24,16.17,4016.95,121.34,16.99,19.2,79.37,112.76,-15.2,38.26,104.2670440673828,2023-01-01,247.188560535782,-0.07117296325210935,0.005065590698086108
2023-01-25,16.12,4016.22,121.04,16.24,19.08,80.74,107.74,-15.7,38.54,104.2670440673828,2023-01-01,247.188560535782,-0.018174643434897733,0.0003303176639856713
2023-01-26,15.59,4060.43,121.49,16.55,18.73,81.6,104.28,-4.5,38.12,104.2670440673828,2023-01-01,247.188560535782,1.0947717569977038,1.1985251999198394
2023-01-27,15.23,4070.56,121.97,16.52,18.51,83.31,100.7,-3.1,38.6,104.2670440673828,2023-01-01,247.188560535782,0.24917027916841636,0.06208582802086654
2023-01-30,15.59,4017.77,120.69,16.55,19.94,86.13,103.77,-5.4,40.18,104.2670440673828,2023-01-01,247.188560535782,-1.3053559781991078,1.7039542298201495
2023-01-31,15.75,4076.6,123.29,16.24,19.4,83.9,99.54,-6.1,38.55,104.2670440673828,2023-01-01,247.188560535782,1.4536285322318165,2.1130359097184255
2023-02-01,15.22,4119.21,122.19,16.64,17.87,81.2,97.33,-10.8,37.99,120.99437713623048,2023-02-01,243.19147267735207,1.0398089735210483,1.0812027014148962
2023-02-02,15.14,4179.76,123.88,17.3,18.73,84.97,97.76,-11.0,38.49,120.99437713623048,2023-02-01,243.19147267735207,1.4592431217642186,2.129390488416182
2023-02-03,15.06,4136.48,123.08,17.5,18.33,83.49,98.99,19.7,39.48,120.99437713623048,2023-02-01,243.19147267735207,-1.0408643989373003,1.0833986969751075
2023-02-06,15.81,4111.08,123.01,17.12,19.43,85.1,105.63,21.9,38.92,120.99437713623048,2023-02-01,243.19147267735207,-0.6159416919169087,0.3793841678414641
2023-02-07,15.62,4164.0,123.36,15.89,18.66,84.54,103.15,23.6,37.31,120.99437713623048,2023-02-01,243.19147267735207,1.2790383040919153,1.6359389833343227
2023-02-08,15.46,4117.86,121.52,16.3,19.63,94.83,100.75,24.2,37.02,120.99437713623048,2023-02-01,243.19147267735207,-1.1142539811002887,1.2415619343978426
2023-02-09,15.52,4081.5,120.58,16.43,20.71,97.96,102.45,22.8,35.75,120.99437713623048,2023-02-01,243.19147267735207,-0.8869043032445953,0.7865992431137812
2023-02-10,15.46,4090.46,120.88,15.83,20.53,95.63,109.63,24.1,35.89,120.99437713623048,2023-02-01,243.19147267735207,0.2192865258876484,0.0480865804358743
2023-02-13,15.58,4137.29,122.48,16.31,20.34,93.95,110.67,23.5,37.77,120.99437713623048,2023-02-01,243.19147267735207,1.1383550959928976,1.2958523245729991
2023-02-14,14.88,4136.13,121.27,16.27,18.91,89.2,110.59,23.6,36.67,120.99437713623048,2023-02-01,243.19147267735207,-0.028041608128225107,0.0007863317864169404
2023-02-15,14.9,4147.6,121.36,16.3,18.23,84.81,108.64,36.0,35.7,120.99437713623048,2023-02-01,243.19147267735207,0.2769285655189374,0.07668943040037642
2023-02-16,14.92,4090.41,123.09,16.17,20.17,88.25,111.01,29.0,35.03,120.99437713623048,2023-02-01,243.19147267735207,-1.3884644172642286,1.927833438008894
2023-02-17,14.69,4079.09,122.89,16.0,20.02,87.97,110.11,29.0,36.04,120.99437713623048,2023-02-01,243.19147267735207,-0.27712852059047505,0.07680021692466535
2023-02-21,15.48,3997.34,124.09,16.27,22.87,95.99,119.62,32.7,37.05,120.99437713623048,2023-02-01,243.19147267735207,-2.0244784414123935,4.098512959743554
2023-02-22,15.05,3991.05,122.81,15.71,22.29,91.24,118.21,32.7,38.36,120.99437713623048,2023-02-01,243.19147267735207,-0.15747857327715092,0.024799501041406994
2023-02-23,14.84,4012.32,121.85,15.78,21.14,85.16,117.45,34.2,36.69,120.99437713623048,2023-02-01,243.19147267735207,0.5315273460274993,0.28252131957503696
2023-02-24,14.56,3970.04,121.22,16.23,21.67,85.26,122.84,37.5,37.25,120.99437713623048,2023-02-01,243.19147267735207,-1.0593457421727142,1.1222134014594585
2023-02-27,14.35,3982.24,120.54,15.86,20.95,83.21,120.03,40.4,37.55,120.99437713623048,2023-02-01,243.19147267735207,0.3068304831168187,0.09414494536970038
2023-02-28,14.17,3970.15,120.01,15.89,20.7,80.76,123.6,38.6,35.42,120.99437713623048,2023-02-01,243.19147267735207,-0.30405976856194583,0.09245234285794406
2023-03-01,14.16,3951.39,118.89,15.35,20.58,80.55,121.08,37.6,36.63,105.37997436523438,2023-03-01,310.5313932838936,-0.473646161527038,0.22434068632929696
2023-03-02,13.94,3981.35,117.58,14.72,19.59,77.34,124.12,38.1,35.61,105.37997436523438,2023-03-01,310.5313932838936,0.7553542016924832,0.5705599700144887
2023-03-03,13.93,4045.64,118.14,15.24,18.49,75.93,122.52,38.9,35.2,105.37997436523438,2023-03-01,310.5313932838936,1.6018800257414187,2.5660196168693283
2023-03-06,14.24,4048.42,120.19,14.43,18.61,76.41,128.19,34.9,33.03,105.37997436523438,2023-03-01,310.5313932838936,0.06869235239955045,0.004718639278184024
2023-03-07,14.2,3986.37,120.56,14.92,19.59,78.54,133.33,35.0,33.76,105.37997436523438,2023-03-01,310.5313932838936,-1.5445639173959798,2.385677694921615
2023-03-08,13.79,3992.01,119.32,14.81,19.11,74.67,129.76,38.5,33.39,105.37997436523438,2023-03-01,310.5313932838936,0.14138210863556078,0.01998890064223751
2023-03-09,14.3,3918.32,122.22,15.6,22.61,92.04,129.28,39.0,34.86,105.37997436523438,2023-03-01,310.5313932838936,-1.8631872945282475,3.4714668944914906
2023-03-10,16.57,3861.59,130.27,16.04,24.8,108.62,140.06,44.7,36.76,105.37997436523438,2023-03-01,310.5313932838936,-1.4583974750190178,2.126923195141847
2023-03-13,20.0,3855.76,132.14,15.72,26.52,114.54,173.59,47.9,38.13,105.37997436523438,2023-03-01,310.5313932838936,-0.15108816132590816,0.022827632492843652
2023-03-14,17.95,3919.29,132.72,16.63,23.73,104.9,169.65,50.3,47.41,105.37997436523438,2023-03-01,310.5313932838936,1.6342380801371525,2.6707341025703664
2023-03-15,19.75,3891.93,136.62,16.23,26.14,122.75,198.71,48.9,49.78,105.37997436523438,2023-03-01,310.5313932838936,-0.7005336398235209,0.4907473805243905
2023-03-16,17.38,3960.28,134.53,17.21,22.99,110.77,167.96,58.1,48.65,105.37997436523438,2023-03-01,310.5313932838936,1.740955128696453,3.0309247601344835
2023-03-17,22.83,3916.64,131.34,17.61,25.51,124.75,180.11,50.7,51.48,105.37997436523438,2023-03-01,310.5313932838936,-1.1080586449227314,1.2277939605879997
2023-03-20,21.4,3951.57,129.91,17.17,24.15,110.16,182.64,49.5,51.14,105.37997436523438,2023-03-01,310.5313932838936,0.8878824909597214,0.7883353177528397
2023-03-21,19.14,4002.87,127.46,17.74,21.38,101.19,162.31,52.7,48.12,105.37997436523438,2023-03-01,310.5313932838936,1.289863554198477,1.6637479884495276
2023-03-22,19.22,3936.97,123.16,18.31,22.26,102.64,142.84,52.2,46.97,105.37997436523438,2023-03-01,310.5313932838936,-1.6600211922495949,2.7556703587177664
2023-03-23,20.95,3948.72,125.5,18.25,22.61,102.92,151.4,51.3,46.9,105.37997436523438,2023-03-01,310.5313932838936,0.29800838470393864,0.08880899735385069
2023-03-24,19.96,3970.99,126.88,18.0,21.74,99.72,173.66,61.2,48.36,105.37997436523438,2023-03-01,310.5313932838936,0.5623958124210314,0.316289049828712
2023-03-27,19.18,3977.53,126.0,17.97,20.6,95.07,161.67,59.5,45.41,105.37997436523438,2023-03-01,310.5313932838936,0.16455897389303137,0.02707965588872738
2023-03-28,19.03,3971.27,122.9,17.94,19.97,91.41,155.96,61.3,44.31,105.37997436523438,2023-03-01,310.5313932838936,-0.1575080840930101,0.02480879655465074
2023-03-29,17.77,4027.81,123.76,18.59,19.12,87.78,150.58,60.8,43.33,105.37997436523438,2023-03-01,310.5313932838936,1.413686114588656,1.9985084305807703
2023-03-30,18.39,4050.83,126.31,18.52,19.02,85.34,141.24,59.2,42.02,105.37997436523438,2023-03-01,310.5313932838936,0.5698994460609172,0.32478537862054035
2023-03-31,17.31,4109.31,125.85,18.29,18.7,87.53,135.93,57.0,40.34,105.37997436523438,2023-03-01,310.5313932838936,1.4333332809426855,2.0544442942579235
2023-04-03,18.25,4124.51,126.21,18.36,18.55,84.07,138.17,52.0,39.49,106.80965423583984,2023-04-01,231.5404968781097,0.3692093649516912,0.13631555516803112
2023-04-04,19.73,4100.6,127.03,17.66,19.0,84.72,147.75,48.1,39.42,106.80965423583984,2023-04-01,231.5404968781097,-0.5813920385208212,0.33801670245539606
2023-04-05,18.98,4090.38,126.98,17.68,19.08,85.92,153.9,37.3,39.14,106.80965423583984,2023-04-01,231.5404968781097,-0.24954291924703362,0.06227166854633154
2023-04-06,18.44,4105.02,124.42,16.45,18.4,84.64,147.73,31.4,34.76,106.80965423583984,2023-04-01,231.5404968781097,0.3572739725370165,0.1276446914523808
2023-04-10,18.54,4109.11,126.96,15.61,18.97,85.94,143.0,30.3,34.31,106.80965423583984,2023-04-01,231.5404968781097,0.09958450470119054,0.00991707357658144
2023-04-11,18.33,4108.94,127.42,15.61,19.1,85.92,139.78,29.7,34.23,106.80965423583984,2023-04-01,231.5404968781097,-0.004137234502690973,1.7116709330256624e-05
2023-04-12,17.69,4091.95,130.0,14.68,19.09,87.06,129.68,29.2,33.74,106.80965423583984,2023-04-01,231.5404968781097,-0.4143458650798345,0.17168249590875642
2023-04-13,18.48,4146.22,132.36,15.19,17.8,84.73,119.95,28.4,32.78,106.80965423583984,2023-04-01,231.5404968781097,1.3175446748330009,1.735923970180798
2023-04-14,17.16,4137.64,134.65,14.1,17.07,84.01,118.84,31.0,32.51,106.80965423583984,2023-04-01,231.5404968781097,-0.2071498810492095,0.04291107321870165
2023-04-17,17.37,4151.32,135.04,13.67,16.95,83.15,122.69,39.1,32.93,106.80965423583984,2023-04-01,231.5404968781097,0.33007789687629757,0.10895141800627973
2023-04-18,17.14,4154.87,137.12,12.5,16.83,88.01,122.78,36.9,33.69,106.80965423583984,2023-04-01,231.5404968781097,0.08547842551524593,0.007306561228565446
2023-04-19,17.21,4154.52,130.48,11.09,16.46,95.04,124.02,35.9,34.44,106.80965423583984,2023-04-01,231.5404968781097,-0.008424204429116193,7.096722026354089e-05
2023-04-20,17.21,4129.79,133.49,9.78,17.17,98.46,120.61,26.4,36.41,106.80965423583984,2023-04-01,231.5404968781097,-0.5970339945819703,0.3564495906865041
2023-04-21,16.42,4133.52,132.94,9.78,16.77,96.94,120.84,32.1,35.17,106.80965423583984,2023-04-01,231.5404968781097,0.0902785990925368,0.008150225454110985
2023-04-24,16.88,4137.04,132.4,9.52,16.89,93.96,126.28,27.3,34.28,106.80965423583984,2023-04-01,231.5404968781097,0.0851212061223925,0.007245619731730831
2023-04-25,17.72,4071.63,130.29,10.96,18.76,94.35,137.13,25.1,36.64,106.80965423583984,2023-04-01,231.5404968781097,-1.5937145594967939,2.5399260971520596
2023-04-26,17.74,4055.99,130.5,11.04,18.84,90.65,130.39,26.2,39.25,106.80965423583984,2023-04-01,231.5404968781097,-0.3848609877111783,0.14811797986202374
2023-04-27,17.28,4135.35,136.6,11.91,17.03,85.79,122.43,21.0,37.76,106.80965423583984,2023-04-01,231.5404968781097,1.937716738000212,3.7547461567261826
2023-04-28,16.47,4169.48,138.44,12.09,15.78,86.9,122.46,22.0,35.63,106.80965423583984,2023-04-01,231.5404968781097,0.8219359612570367,0.675578724407529
2023-05-01,16.63,4167.87,135.66,11.17,16.08,88.21,128.18,19.0,35.94,108.46768188476562,2023-05-01,228.4052845123487,-0.038621384972729496,0.0014916113772117758
2023-05-02,18.69,4119.58,131.09,11.73,17.78,91.46,137.55,12.5,39.48,108.46768188476562,2023-05-01,228.4052845123487,-1.1653897528004022,1.3581332759321827
2023-05-03,18.7,4090.75,130.41,11.82,18.34,91.54,134.5,16.6,43.23,108.46768188476562,2023-05-01,228.4052845123487,-0.702288909058116,0.4932097117860388
2023-05-04,20.35,4061.22,130.54,12.06,20.09,98.74,140.71,15.9,43.75,108.46768188476562,2023-05-01,228.4052845123487,-0.7244906241251436,0.5248866644452401
2023-05-05,18.5,4136.25,134.32,13.5,17.19,91.8,130.21,19.7,37.35,108.46768188476562,2023-05-01,228.4052845123487,1.8306159168068423,3.351154634866556
2023-05-08,18.67,4138.12,132.32,13.5,16.98,91.98,135.07,18.6,35.54,108.46768188476562,2023-05-01,228.4052845123487,0.045199816586328295,0.0020430234194377186
2023-05-09,18.73,4119.17,133.88,13.58,17.71,92.45,133.93,17.8,35.13,108.46768188476562,2023-05-01,228.4052845123487,-0.4589891663841041,0.21067105485797477
2023-05-10,18.37,4137.64,138.63,13.61,16.94,97.53,125.6,17.1,34.13,108.46768188476562,2023-05-01,228.4052845123487,0.44738902330266894,0.20015693817171606
2023-05-11,17.77,4130.62,138.18,12.93,16.93,97.32,128.21,12.8,35.74,108.46768188476562,2023-05-01,228.4052845123487,-0.16980602174566783,0.02883408502109022
2023-05-12,17.37,4124.08,140.26,12.91,17.03,100.54,120.52,6.0,37.32,108.46768188476562,2023-05-01,228.4052845123487,-0.15845521626198358,0.025108055560631986
2023-05-15,17.52,4136.28,138.57,12.9,17.12,94.65,127.89,-2.9,35.16,108.46768188476562,2023-05-01,228.4052845123487,0.29538685652344837,0.08725339500680428
2023-05-16,17.62,4109.9,137.32,13.03,17.99,97.63,130.3,2.2,35.98,108.46768188476562,2023-05-01,228.4052845123487,-0.639813586199316,0.40936142508522966
2023-05-17,16.99,4158.77,137.53,13.69,16.87,92.76,120.78,1.4,36.44,108.46768188476562,2023-05-01,228.4052845123487,1.182066016444788,1.3972800672336498
2023-05-18,16.95,4198.05,138.06,14.08,16.05,89.06,122.5,6.1,36.02,108.46768188476562,2023-05-01,228.4052845123487,0.9400774284705667,0.8837455715198336
2023-05-19,17.22,4191.98,135.52,13.88,16.81,94.77,127.51,5.5,35.85,108.46768188476562,2023-05-01,228.4052845123487,-0.1446955746059144,0.02093680931053574
2023-05-22,17.55,4192.63,136.24,13.86,17.21,97.64,132.29,3.0,35.52,108.46768188476562,2023-05-01,228.4052845123487,0.01550459714410593,0.00024039253260101778
2023-05-23,17.66,4145.58,136.42,14.38,18.53,101.91,131.7,1.6,35.11,108.46768188476562,2023-05-01,228.4052845123487,-1.1285515564489972,1.273628615563454
2023-05-24,17.56,4115.24,138.37,13.51,20.03,106.52,132.29,0.5,35.86,108.46768188476562,2023-05-01,228.4052845123487,-0.7345550785867145,0.5395711634775344
2023-05-25,16.84,4151.28,140.73,13.72,19.14,103.88,139.54,6.9,36.74,108.46768188476562,2023-05-01,228.4052845123487,0.8719564785563249,0.7603081004963466
2023-05-26,16.3,4205.45,146.46,12.71,17.95,97.57,145.37,22.0,35.95,108.46768188476562,2023-05-01,228.4052845123487,1.296458273531355,1.6808040550079018
2023-05-30,15.88,4205.52,145.14,12.41,17.46,91.91,141.36,25.3,39.68,108.46768188476562,2023-05-01,228.4052845123487,0.0016644929182328236,2.7705366748472212e-06
2023-05-31,15.63,4179.83,158.3,12.54,17.94,91.39,136.02,23.7,40.68,108.46768188476562,2023-05-01,228.4052845123487,-0.6127372232971846,0.3754469048139439
2023-06-01,15.5,4221.02,151.98,12.28,15.65,85.07,124.63,30.9,40.5,110.52894592285156,2023-06-01,229.7431716628216,0.9806229149665344,0.961621301357463
2023-06-02,14.32,4282.37,142.61,12.97,14.6,86.16,120.95,38.9,39.6,110.52894592285156,2023-06-01,229.7431716628216,1.442978965214366,2.082188294051123
2023-06-05,14.27,4273.79,143.18,12.72,14.73,85.77,119.08,28.2,37.45,110.52894592285156,2023-06-01,229.7431716628216,-0.20055732655681105,0.04022324123561535
2023-06-06,13.94,4283.85,146.27,11.14,13.96,85.74,114.42,28.0,36.07,110.52894592285156,2023-06-01,229.7431716628216,0.23511165774900328,0.055277491609484454
2023-06-07,13.81,4267.52,151.01,11.19,13.94,84.0,120.5,26.9,34.13,110.52894592285156,2023-06-01,229.7431716628216,-0.3819275706767389,0.14586866924303538
2023-06-08,13.94,4293.93,155.53,11.25,13.65,87.63,115.11,21.2,35.18,110.52894592285156,2023-06-01,229.7431716628216,0.616953524709693,0.38063165165171375
2023-06-09,13.69,4298.86,152.78,11.15,13.83,89.7,115.77,20.8,33.7,110.52894592285156,2023-06-01,229.7431716628216,0.11474737636884458,0.013166960383533271
2023-06-12,13.7,4338.93,157.71,11.58,15.01,92.83,119.8,19.1,36.35,110.52894592285156,2023-06-01,229.7431716628216,0.9277902665684432,0.8607947787391429
2023-06-13,13.45,4369.01,156.44,11.79,14.61,92.1,118.8,18.7,32.38,110.52894592285156,2023-06-01,229.7431716628216,0.6908664883365828,0.47729650470652174
2023-06-14,12.84,4372.59,150.37,11.74,13.88,91.91,114.37,19.5,33.66,110.52894592285156,2023-06-01,229.7431716628216,0.0819072069219616,0.006708790545757034
2023-06-15,13.0,4425.84,147.86,12.23,14.5,93.95,107.34,18.2,33.07,110.52894592285156,2023-06-01,229.7431716628216,1.2104580063652604,1.4652085851737606
2023-06-16,12.4,4409.59,143.07,11.58,13.54,90.69,104.43,22.3,32.99,110.52894592285156,2023-06-01,229.7431716628216,-0.367837633765043,0.13530452481386593
2023-06-20,12.73,4388.71,138.75,11.2,13.88,96.26,114.19,30.2,34.75,110.52894592285156,2023-06-01,229.7431716628216,-0.4746380368690653,0.2252812660429202
2023-06-21,12.98,4365.69,133.72,11.31,13.2,92.73,110.84,30.2,33.26,110.52894592285156,2023-06-01,229.7431716628216,-0.5259081846186578,0.2765794186488923
2023-06-22,12.96,4381.89,136.15,11.37,12.91,90.64,107.7,28.9,34.93,110.52894592285156,2023-06-01,229.7431716628216,0.3703885765053952,0.137187697605693
2023-06-23,12.73,4348.33,137.85,11.05,13.44,92.34,105.74,22.5,35.36,110.52894592285156,2023-06-01,229.7431716628216,-0.7688274822307147,0.59109569743322
2023-06-26,13.08,4328.82,140.09,10.86,14.25,95.42,109.02,23.9,36.67,110.52894592285156,2023-06-01,229.7431716628216,-0.4496875789266097,0.20221891864087585
2023-06-27,12.88,4378.41,140.56,11.13,13.74,91.33,110.85,40.8,39.3,110.52894592285156,2023-06-01,229.7431716628216,1.13906572305121,1.297470721430176
2023-06-28,12.53,4376.86,138.37,10.27,13.43,85.79,108.3,41.8,36.86,110.52894592285156,2023-06-01,229.7431716628216,-0.03540724651995093,0.0012536731061245775
2023-06-29,12.21,4396.44,143.05,10.35,13.54,85.26,113.45,53.9,35.42,110.52894592285156,2023-06-01,229.7431716628216,0.446355020531417,0.19923280435360172
2023-06-30,12.04,4450.38,149.96,10.87,13.59,83.11,110.64,54.4,33.28,110.52894592285156,2023-06-01,229.7431716628216,1.2194363266362707,1.4870249547201615
2023-07-03,12.22,4455.59,145.24,10.47,13.57,84.17,110.77,57.0,33.88,107.44878387451172,2023-07-01,226.3463957844793,0.11700018289601843,0.013689042797701764
2023-07-05,12.46,4446.82,144.08,9.33,14.18,87.76,110.53,52.9,33.91,107.44878387451172,2023-07-01,226.3463957844793,-0.19702536362673942,0.03881899391224889
2023-07-06,12.25,4411.59,148.45,9.71,15.44,95.3,134.63,73.7,35.13,107.44878387451172,2023-07-01,226.3463957844793,-0.7954065287478301,0.6326715459746727
2023-07-07,12.12,4398.95,148.13,9.71,14.83,94.49,130.41,72.0,34.55,107.44878387451172,2023-07-01,226.3463957844793,-0.28692926136023467,0.08232840102472985
2023-07-10,12.41,4409.53,142.49,9.57,15.07,95.33,131.73,70.5,38.35,107.44878387451172,2023-07-01,226.3463957844793,0.24022317330228152,0.057707172991417977
2023-07-11,12.64,4439.26,143.99,9.81,14.84,95.21,127.07,70.6,32.43,107.44878387451172,2023-07-01,226.3463957844793,0.6719588071620385,0.45152863852262964
2023-07-12,13.12,4472.16,148.32,9.7,13.54,95.85,114.07,65.7,32.69,107.44878387451172,2023-07-01,226.3463957844793,0.7383817501052891,0.5452076088885496
2023-07-13,12.73,4510.04,147.08,9.78,13.61,96.43,111.75,67.8,30.04,107.44878387451172,2023-07-01,226.3463957844793,0.8434509266769535,0.7114094657122116
2023-07-14,12.05,4505.42,149.48,9.78,13.34,94.89,112.48,75.1,30.0,107.44878387451172,2023-07-01,226.3463957844793,-0.10249061954501162,0.01050432709472032
2023-07-17,12.34,4522.79,142.24,8.97,13.48,95.98,113.5,74.8,31.34,107.44878387451172,2023-07-01,226.3463957844793,0.3847943597379543,0.14806669928614216
2023-07-18,12.62,4554.98,141.86,9.21,13.3,92.99,112.45,68.4,30.66,107.44878387451172,2023-07-01,226.3463957844793,0.7092079866132412,0.5029759682760073
2023-07-19,12.89,4565.72,141.25,9.13,13.76,93.57,107.19,63.7,31.06,107.44878387451172,2023-07-01,226.3463957844793,0.23550834835142126,0.055464182143214386
2023-07-20,12.67,4534.87,142.82,9.23,13.99,94.06,112.85,63.5,30.15,107.44878387451172,2023-07-01,226.3463957844793,-0.6779806181851591,0.4596577186347305
2023-07-21,12.23,4536.34,142.55,9.16,13.6,93.36,106.66,63.1,29.65,107.44878387451172,2023-07-01,226.3463957844793,0.03241023001049327,0.0010504230093330786
2023-07-24,12.35,4554.64,143.75,8.88,13.91,91.74,109.95,65.2,30.11,107.44878387451172,2023-07-01,226.3463957844793,0.40259740353417467,0.16208466933245907
2023-07-25,12.42,4567.46,142.18,8.83,13.86,90.0,113.02,70.3,30.63,107.44878387451172,2023-07-01,226.3463957844793,0.28107581456501535,0.07900361353338689
2023-07-26,12.11,4566.75,143.58,8.01,13.19,85.38,104.88,68.2,29.97,107.44878387451172,2023-07-01,226.3463957844793,-0.015545953102232802,0.00024167665785682167
2023-07-27,12.29,4537.41,147.93,8.37,14.41,94.05,111.15,81.9,29.12,107.44878387451172,2023-07-01,226.3463957844793,-0.6445427491141288,0.4154353554355988
2023-07-28,11.78,4582.23,143.48,8.85,13.33,87.38,109.76,79.6,29.41,107.44878387451172,2023-07-01,226.3463957844793,0.9829414508767577,0.9661738958517054
2023-07-31,12.16,4588.96,145.47,8.05,13.63,86.68,112.03,76.1,28.48,107.44878387451172,2023-07-01,226.3463957844793,0.1467639686456588,0.02153966249262392
2023-08-01,11.83,4576.73,142.57,8.09,13.93,87.49,116.38,74.0,28.35,101.14118194580078,2023-08-01,210.93919192311927,-0.2668649552448092,0.07121690433781401
2023-08-02,12.45,4513.39,145.75,9.34,16.09,96.2,115.15,80.8,28.74,101.14118194580078,2023-08-01,210.93919192311927,-1.3936235197657028,1.9421865148441462
2023-08-03,12.79,4501.89,147.38,9.4,15.92,94.04,124.6,78.7,28.54,101.14118194580078,2023-08-01,210.93919192311927,-0.2551225527671505,0.0650875169304275
2023-08-04,12.22,4478.03,153.35,9.15,17.1,99.63,115.91,77.7,28.06,101.14118194580078,2023-08-01,210.93919192311927,-0.5314091027456737,0.28239563448096194
2023-08-07,12.24,4518.44,148.54,9.59,15.77,92.99,120.94,77.7,27.73,101.14118194580078,2023-08-01,210.93919192311927,0.8983583955258645,0.8070478068118055
2023-08-08,12.21,4499.38,142.3,9.65,15.99,94.91,118.74,78.5,27.14,101.14118194580078,2023-08-01,210.93919192311927,-0.4227192022498048,0.1786915239507114
2023-08-09,12.33,4467.71,137.12,9.67,15.96,97.43,112.55,78.7,28.56,101.14118194580078,2023-08-01,210.93919192311927,-0.7063636404007057,0.4989495924801374
2023-08-10,11.84,4468.83,136.58,9.24,15.85,99.78,108.64,74.4,27.27,101.14118194580078,2023-08-01,210.93919192311927,0.025065629558288106,0.0006282857851533264
2023-08-11,11.54,4464.05,135.16,8.87,14.84,96.68,112.13,73.7,28.04,101.14118194580078,2023-08-01,210.93919192311927,-0.10702036647139679,0.01145335883967207
2023-08-14,11.97,4489.72,136.9,9.1,14.82,95.33,119.94,70.1,27.55,101.14118194580078,2023-08-01,210.93919192311927,0.5733913274737527,0.32877761442211223
2023-08-15,12.11,4437.86,136.69,9.86,16.46,103.28,121.8,68.6,28.3,101.14118194580078,2023-08-01,210.93919192311927,-1.1618060736365814,1.3497933527388495
2023-08-16,12.43,4404.33,132.09,9.86,16.78,104.54,117.24,71.6,28.54,101.14118194580078,2023-08-01,210.93919192311927,-0.7584130338210396,0.5751903298696334
2023-08-17,12.89,4370.36,132.51,10.23,17.89,106.74,121.14,78.9,29.3,101.14118194580078,2023-08-01,210.93919192311927,-0.7742762356125065,0.5995036890342736
2023-08-18,12.63,4369.71,134.77,9.98,17.3,97.28,120.51,77.6,28.43,101.14118194580078,2023-08-01,210.93919192311927,-0.01487402277551532,0.00022123655352654844
2023-08-21,12.91,4399.77,133.59,10.26,17.13,95.24,130.69,72.4,28.9,101.14118194580078,2023-08-01,210.93919192311927,0.6855621481266927,0.46999545894408534
2023-08-22,12.58,4387.55,134.06,10.18,16.97,92.62,126.65,69.2,28.56,101.14118194580078,2023-08-01,210.93919192311927,-0.27812820922299764,0.07735530076559155
2023-08-23,12.67,4436.01,131.82,10.88,15.98,88.99,118.4,60.0,28.47,101.14118194580078,2023-08-01,210.93919192311927,1.098433903027149,1.2065570393194562
2023-08-24,12.53,4376.31,132.48,11.9,17.2,92.17,117.56,60.5,28.88,101.14118194580078,2023-08-01,210.93919192311927,-1.3549420207499292,1.8358678795939016
2023-08-25,12.09,4405.71,132.27,11.86,15.68,84.32,110.37,59.6,28.81,101.14118194580078,2023-08-01,210.93919192311927,0.6695523315478111,0.44830032468111
2023-08-28,12.21,4433.31,130.19,11.64,15.08,82.23,110.45,56.0,28.66,101.14118194580078,2023-08-01,210.93919192311927,0.6245056511156882,0.39000730827542973
2023-08-29,12.5,4497.63,135.23,12.65,14.45,79.05,110.68,48.2,27.63,101.14118194580078,2023-08-01,210.93919192311927,1.440410798415081,2.074783268190771
2023-08-30,12.39,4514.87,142.14,12.71,13.88,78.63,109.84,43.0,26.63,101.14118194580078,2023-08-01,210.93919192311927,0.38258021699069605,0.1463676224326481
2023-08-31,11.78,4507.66,144.7,11.83,13.57,80.8,107.93,46.4,26.56,101.14118194580078,2023-08-01,210.93919192311927,-0.15982216816604763,0.02554312543729641
2023-09-01,11.28,4515.77,144.28,11.79,13.09,82.65,102.92,52.1,27.48,98.6348114013672,2023-09-01,243.9739608547444,0.17975431036151848,0.03231161209354511
2023-09-05,11.36,4496.83,139.62,11.72,14.01,86.43,109.64,56.5,28.65,98.6348114013672,2023-09-01,243.9739608547444,-0.42030108696102647,0.17665300370062034
2023-09-06,11.31,4465.48,137.88,11.54,14.45,87.85,111.31,59.5,28.33,98.6348114013672,2023-09-01,243.9739608547444,-0.6995992744252874,0.4894391447763885
2023-09-07,11.11,4451.14,135.59,11.51,14.4,87.65,105.2,62.2,27.59,98.6348114013672,2023-09-01,243.9739608547444,-0.3216468205008196,0.10345667713828646
2023-09-08,10.99,4457.49,138.18,11.29,13.84,85.27,104.34,61.4,27.16,98.6348114013672,2023-09-01,243.9739608547444,0.14255841976643818,0.02032290304630399
2023-09-11,10.75,4487.46,138.21,11.53,13.8,85.19,107.23,58.5,24.37,98.6348114013672,2023-09-01,243.9739608547444,0.6701012782986727,0.4490357231775152
2023-09-12,10.82,4461.9,136.25,11.68,14.23,85.63,105.11,57.2,24.23,98.6348114013672,2023-09-01,243.9739608547444,-0.5712155841120605,0.3262872435324825
2023-09-13,10.33,4467.44,137.42,11.5,13.48,84.97,101.86,59.5,25.06,98.6348114013672,2023-09-01,243.9739608547444,0.12408533465711885,0.01539717027696918
2023-09-14,10.22,4505.1,144.32,11.12,12.82,82.48,97.11,61.4,26.56,98.6348114013672,2023-09-01,243.9739608547444,0.8394550741111827,0.7046848214510112
2023-09-15,10.34,4450.32,142.92,11.68,13.79,84.84,96.61,64.8,27.16,98.6348114013672,2023-09-01,243.9739608547444,-1.2234084667107636,1.4967282764195817
2023-09-18,11.1,4453.53,137.65,11.34,14.0,84.77,99.32,59.6,27.91,98.6348114013672,2023-09-01,243.9739608547444,0.0721036436838388,0.005198935432485987
2023-09-19,11.09,4443.95,137.31,11.36,14.11,83.54,101.31,57.5,30.32,98.6348114013672,2023-09-01,243.9739608547444,-0.21534195529618974,0.046372157710786184
2023-09-20,10.96,4402.2,135.74,11.55,15.14,88.05,97.04,57.2,30.38,98.6348114013672,2023-09-01,243.9739608547444,-0.9439204623110126,0.8909858391694357
2023-09-21,11.11,4330.0,135.94,12.91,17.54,94.44,106.0,55.9,31.35,98.6348114013672,2023-09-01,243.9739608547444,-1.6536873951468019,2.734682000867415
2023-09-22,10.87,4320.06,137.74,12.34,17.2,90.54,101.11,54.9,30.61,98.6348114013672,2023-09-01,243.9739608547444,-0.22982509659402744,0.052819575024454044
2023-09-25,11.43,4337.44,133.06,11.47,16.9,91.74,117.33,46.2,30.96,98.6348114013672,2023-09-01,243.9739608547444,0.4015021275818627,0.16120395845276236
2023-09-27,13.86,4274.51,135.38,12.22,18.22,97.09,122.09,48.3,32.48,98.6348114013672,2023-09-01,243.9739608547444,-1.4614836387954904,2.1359344264669073
2023-09-28,13.09,4299.7,133.48,12.26,17.34,93.72,115.24,48.9,31.62,98.6348114013672,2023-09-01,243.9739608547444,0.587577688747319,0.34524754031364124
2023-09-29,12.94,4288.05,134.5,12.28,17.52,94.1,113.55,45.1,32.24,98.6348114013672,2023-09-01,243.9739608547444,-0.2713168675515421,0.07361284261798104
2023-10-02,14.13,4288.39,129.17,12.28,17.61,95.39,127.59,47.3,32.0,197.8870086669922,2023-10-01,225.8105131674811,0.007928697692236147,6.286424709487081e-05
2023-10-03,15.31,4229.45,129.78,13.05,19.78,104.39,141.67,46.0,33.25,197.8870086669922,2023-10-01,225.8105131674811,-1.3839410161483796,1.9152927361778096
2023-10-04,14.58,4263.75,130.68,13.12,18.58,95.58,128.23,50.3,35.35,197.8870086669922,2023-10-01,225.8105131674811,0.8077093787000134,0.6523944404399616
2023-10-05,14.7,4258.19,129.75,13.07,18.49,95.59,130.18,50.5,36.59,197.8870086669922,2023-10-01,225.8105131674811,-0.13048673867472557,0.017026788969966122
2023-10-06,14.03,4308.5,129.36,13.65,17.45,91.16,126.64,59.7,35.68,197.8870086669922,2023-10-01,225.8105131674811,1.1745628333713316,1.3795978495372905
2023-10-10,14.49,4358.24,135.17,13.64,17.03,90.1,136.17,56.8,39.54,197.8870086669922,2023-10-01,225.8105131674811,1.1478490441931937,1.3175574282552283
2023-10-11,14.38,4376.95,137.61,13.7,16.09,90.57,127.18,55.4,38.94,197.8870086669922,2023-10-01,225.8105131674811,0.4283828654568987,0.18351187941706337
2023-10-12,13.98,4349.61,136.13,13.6,16.69,91.87,126.37,55.9,38.52,197.8870086669922,2023-10-01,225.8105131674811,-0.6265948885271602,0.39262115432836425
2023-10-13,18.91,4327.78,144.3,13.02,19.32,108.1,128.33,51.2,44.24,197.8870086669922,2023-10-01,225.8105131674811,-0.5031477449688668,0.25315765326725587
2023-10-16,16.22,4373.63,137.95,13.53,17.21,95.69,130.16,51.8,40.7,197.8870086669922,2023-10-01,225.8105131674811,1.0538619453747615,1.110624999909077
2023-10-17,16.59,4373.2,138.72,13.51,17.88,95.8,130.17,55.5,41.37,197.8870086669922,2023-10-01,225.8105131674811,-0.009832133477993887,9.667084872908817e-05
2023-10-18,17.38,4314.6,137.1,13.9,19.22,105.89,129.17,54.4,44.4,197.8870086669922,2023-10-01,225.8105131674811,-1.349038622382619,1.8199052046799944
2023-10-19,19.4,4278.0,137.73,13.02,21.4,116.47,134.62,54.3,45.7,197.8870086669922,2023-10-01,225.8105131674811,-0.8519009694152467,0.7257352616906372
2023-10-20,18.56,4224.16,136.74,13.7,21.71,115.43,135.45,52.9,43.79,197.8870086669922,2023-10-01,225.8105131674811,-1.266518618575799,1.6040694111991505
2023-10-23,17.28,4217.04,133.92,13.61,20.37,109.0,131.83,48.7,41.74,197.8870086669922,2023-10-01,225.8105131674811,-0.16869643388467898,0.028458486805407864
2023-10-24,16.05,4247.68,132.44,12.85,18.97,98.54,128.13,49.0,41.08,197.8870086669922,2023-10-01,225.8105131674811,0.7239491399759402,0.5241023572719035
2023-10-25,16.76,4186.77,132.29,12.69,20.19,102.92,131.21,52.6,44.91,197.8870086669922,2023-10-01,225.8105131674811,-1.4443397939346891,2.0861174403433003
2023-10-26,16.53,4137.23,133.38,13.41,20.68,101.97,130.94,61.2,43.93,197.8870086669922,2023-10-01,225.8105131674811,-1.1903071819740902,1.4168311874591
2023-10-27,17.69,4117.37,132.74,13.39,21.27,102.04,129.16,63.7,46.64,197.8870086669922,2023-10-01,225.8105131674811,-0.4811871761208667,0.231541098463174
2023-10-30,16.84,4166.82,130.13,14.0,19.75,95.23,131.9,61.4,44.01,197.8870086669922,2023-10-01,225.8105131674811,1.193854494797033,1.425288554747079
2023-10-31,16.23,4193.8,128.21,14.17,18.14,87.94,126.86,63.4,41.99,197.8870086669922,2023-10-01,225.8105131674811,0.6454089207465981,0.4165526749792885
2023-11-01,15.36,4237.86,129.82,13.9,16.87,85.08,120.55,54.4,40.52,156.69613647460938,2023-11-01,246.5602573740709,1.0451180679737282,1.0922717760051384
2023-11-02,14.76,4317.78,133.8,15.09,15.66,83.24,118.64,56.4,39.79,156.69613647460938,2023-11-01,246.5602573740709,1.8682956430735833,3.4905286099277344
2023-11-03,14.04,4358.34,140.09,15.4,14.91,82.83,118.74,51.2,38.53,156.69613647460938,2023-11-01,246.5602573740709,0.9349869637436973,0.8742006223706579
2023-11-06,13.25,4365.98,137.89,14.92,14.89,84.33,121.74,50.5,36.31,156.69613647460938,2023-11-01,246.5602573740709,0.17514263468030516,0.030674942482758833
2023-11-07,13.33,4378.38,139.52,14.77,14.81,83.43,120.09,50.6,38.72,156.69613647460938,2023-11-01,246.5602573740709,0.2836115693239983,0.08043552225442108
2023-11-08,14.07,4382.78,139.41,14.65,14.45,85.04,117.1,50.0,40.44,156.69613647460938,2023-11-01,246.5602573740709,0.10044332873557552,0.01008886228748289
2023-11-09,14.06,4347.35,139.28,14.85,15.29,88.74,117.05,49.6,41.23,156.69613647460938,2023-11-01,246.5602573740709,-0.8116762182437999,0.6588182832625566
2023-11-10,13.96,4415.24,139.81,15.63,14.17,85.66,116.79,45.1,39.29,156.69613647460938,2023-11-01,246.5602573740709,1.5495728650985885,2.4011760642498485
2023-11-13,13.92,4411.55,135.27,15.51,14.76,85.51,124.47,41.6,39.4,156.69613647460938,2023-11-01,246.5602573740709,-0.08360910851978613,0.006990483027473374
2023-11-14,13.73,4495.7,138.38,16.44,14.16,83.77,124.11,36.3,38.29,156.69613647460938,2023-11-01,246.5602573740709,1.8895282757298077,3.5703171047824602
2023-11-15,12.98,4502.88,142.98,16.46,14.18,84.91,122.19,41.6,39.51,156.69613647460938,2023-11-01,246.5602573740709,0.15958076771483445,0.02546602142445595
2023-11-16,13.04,4508.24,154.45,15.82,14.32,83.23,116.08,34.2,42.53,156.69613647460938,2023-11-01,246.5602573740709,0.11896413835666805,0.014152466214944459
2023-11-17,12.97,4514.02,146.88,15.48,13.8,81.83,113.11,37.4,40.43,156.69613647460938,2023-11-01,246.5602573740709,0.12812755985166718,0.016416671593542556
2023-11-20,12.59,4547.38,143.78,15.11,13.41,81.81,115.09,37.6,39.0,156.69613647460938,2023-11-01,246.5602573740709,0.7363133890926982,0.5421574069571751
2023-11-21,14.09,4538.19,140.8,15.12,13.35,81.77,112.79,33.9,38.52,156.69613647460938,2023-11-01,246.5602573740709,-0.20229887908321686,0.040924836478325996
2023-11-22,13.35,4556.62,141.55,14.96,12.85,83.38,111.57,33.6,42.76,156.69613647460938,2023-11-01,246.5602573740709,0.4052866464977724,0.16425726582941033
2023-11-24,13.05,4559.34,144.54,14.19,12.46,83.0,107.43,33.1,43.38,156.69613647460938,2023-11-01,246.5602573740709,0.059675559803246875,0.003561172437830894
2023-11-27,13.31,4550.43,142.2,13.51,12.69,85.15,109.31,30.2,43.9,156.69613647460938,2023-11-01,246.5602573740709,-0.19561422168003026,0.03826492372348402
2023-11-28,15.54,4554.89,142.68,13.41,12.69,85.14,110.06,27.5,43.14,156.69613647460938,2023-11-01,246.5602573740709,0.09796471418229004,0.009597085224817779
2023-11-29,15.04,4550.58,139.82,12.73,12.98,87.79,114.59,28.0,42.9,156.69613647460938,2023-11-01,246.5602573740709,-0.0946683767425388,0.008962101555067263
2023-11-30,14.22,4567.8,140.91,12.59,12.92,86.71,115.32,29.8,39.4,156.69613647460938,2023-11-01,246.5602573740709,0.37769911916856064,0.14265662462070658
2023-12-01,16.96,4594.63,138.04,12.19,12.63,85.9,111.51,25.6,35.7,142.2794647216797,2023-12-01,248.04053093803643,0.5856541700615294,0.3429908069104588
2023-12-04,17.13,4569.78,136.04,10.48,13.08,87.76,118.25,15.9,38.08,142.2794647216797,2023-12-01,248.04053093803643,-0.5423166555119596,0.29410735484567746
2023-12-05,15.46,4567.18,134.76,10.0,12.85,85.76,127.2,14.3,36.36,142.2794647216797,2023-12-01,248.04053093803643,-0.05691170958779145,0.0032389426882051134
2023-12-06,15.4,4549.34,132.5,10.05,12.97,86.85,124.98,12.2,39.72,142.2794647216797,2023-12-01,248.04053093803643,-0.3913779111384419,0.15317666932709012
2023-12-07,14.93,4585.59,130.84,10.29,13.06,86.0,129.74,11.7,37.82,142.2794647216797,2023-12-01,248.04053093803643,0.7936610413312938,0.6298978485270736
2023-12-08,14.14,4604.37,134.1,10.39,12.35,81.11,121.65,20.3,36.24,142.2794647216797,2023-12-01,248.04053093803643,0.4087074621006593,0.16704178957676183
2023-12-11,13.99,4622.44,140.9,10.11,12.63,82.35,126.66,17.2,35.3,142.2794647216797,2023-12-01,248.04053093803643,0.3916851675081129,0.15341727044585846
2023-12-12,12.82,4643.7,148.83,8.72,12.07,83.54,118.62,16.0,36.38,142.2794647216797,2023-12-01,248.04053093803643,0.45887580600857375,0.2105670053400182
2023-12-13,13.67,4707.09,152.02,9.99,12.19,80.83,113.77,15.1,36.6,142.2794647216797,2023-12-01,248.04053093803643,1.3558420429298217,1.8383076453761125
2023-12-14,13.96,4719.55,162.51,7.58,12.48,80.83,118.04,21.7,33.98,142.2794647216797,2023-12-01,248.04053093803643,0.2643573374260931,0.06988480185101323
2023-12-15,13.49,4719.19,153.26,7.57,12.28,88.04,115.75,13.8,35.13,142.2794647216797,2023-12-01,248.04053093803643,-0.007628136810104926,5.818847119367775e-05
2023-12-18,13.79,4740.56,139.36,7.84,12.56,88.67,118.46,13.0,37.09,142.2794647216797,2023-12-01,248.04053093803643,0.4518097487249544,0.2041320490429064
2023-12-19,13.75,4768.37,133.18,8.09,12.53,88.77,115.03,18.1,35.04,142.2794647216797,2023-12-01,248.04053093803643,0.5849255234901429,0.34213786803021773
2023-12-20,13.82,4698.35,136.86,9.03,13.67,92.18,111.87,21.4,34.98,142.2794647216797,2023-12-01,248.04053093803643,-1.4793144174519959,2.1883711456813377
2023-12-21,14.27,4746.75,138.18,9.59,13.65,89.85,111.93,21.4,35.44,142.2794647216797,2023-12-01,248.04053093803643,1.0248790092494071,1.0503769836000463
2023-12-22,15.25,4754.63,134.46,9.54,13.03,88.62,111.38,18.2,33.32,142.2794647216797,2023-12-01,248.04053093803643,0.16587067997896168,0.02751308247668312
2023-12-26,15.83,4774.75,135.69,9.66,12.99,88.87,116.0,14.3,34.53,142.2794647216797,2023-12-01,248.04053093803643,0.42227363999498385,0.17831502703461322
2023-12-27,16.96,4781.58,135.64,9.7,12.43,86.22,114.53,13.1,35.41,142.2794647216797,2023-12-01,248.04053093803643,0.1429419277681746,0.020432394714082047
2023-12-28,16.05,4783.35,136.9,9.7,12.47,86.69,113.78,10.4,36.45,142.2794647216797,2023-12-01,248.04053093803643,0.03701020331993755,0.0013697551497831163
2023-12-29,15.85,4769.83,138.05,9.77,12.45,86.96,114.62,8.2,36.22,142.2794647216797,2023-12-01,248.04053093803643,-0.2830472999854748,0.08011577402906736
2024-01-02,15.73,4742.83,134.8,9.88,13.2,88.09,127.02,1.1,39.05,160.1648406982422,2024-01-01,257.133045341452,-0.567666089296547,0.32224478893723535
2024-01-03,14.85,4704.81,134.23,10.1,14.04,89.65,124.57,0.4,38.22,160.1648406982422,2024-01-01,257.133045341452,-0.8048614308974571,0.6478019229463021
2024-01-04,14.2,4688.68,136.6,10.03,14.13,87.59,121.12,6.4,37.58,160.1648406982422,2024-01-01,257.133045341452,-0.3434296699869414,0.11794393822733949
2024-01-05,13.81,4697.24,132.68,10.03,13.35,82.87,116.19,6.1,36.07,160.1648406982422,2024-01-01,257.133045341452,0.1824009233674846,0.03327009684531099
2024-01-08,13.56,4763.54,137.05,11.08,13.08,81.26,117.72,5.9,36.79,160.1648406982422,2024-01-01,257.133045341452,1.4015987132365046,1.9644789529462257
2024-01-09,13.16,4756.5,140.95,10.83,12.76,78.59,114.92,6.5,36.09,160.1648406982422,2024-01-01,257.133045341452,-0.14789856520085826,0.02187398558847252
2024-01-10,13.26,4783.45,137.4,10.95,12.69,77.09,109.63,6.8,36.35,160.1648406982422,2024-01-01,257.133045341452,0.5649939819610993,0.319218199652259
2024-01-11,12.8,4780.24,140.36,10.86,12.44,75.54,103.45,8.1,36.78,160.1648406982422,2024-01-01,257.133045341452,-0.0671289036040164,0.004506289699077326
2024-01-12,13.49,4783.83,143.81,10.75,12.7,86.07,106.51,7.5,40.64,160.1648406982422,2024-01-01,257.133045341452,0.07507264519410599,0.005635902056440125
2024-01-16,13.55,4765.98,139.94,9.63,13.84,89.59,113.44,-2.4,38.34,160.1648406982422,2024-01-01,257.133045341452,-0.37382986232446963,0.13974876596553193
2024-01-17,13.53,4739.21,147.76,9.76,14.79,91.36,105.86,1.4,37.06,160.1648406982422,2024-01-01,257.133045341452,-0.5632727126755614,0.3172761488448856
2024-01-18,13.09,4780.94,148.15,10.15,14.13,86.34,107.22,4.9,35.98,160.1648406982422,2024-01-01,257.133045341452,0.8766724739532072,0.7685546265872368
2024-01-19,12.95,4839.81,147.76,10.81,13.3,81.95,104.97,13.5,35.79,160.1648406982422,2024-01-01,257.133045341452,1.2238283870230153,1.4977559208833553
2024-01-22,12.83,4850.43,146.01,10.65,13.19,79.17,106.87,11.1,35.71,160.1648406982422,2024-01-01,257.133045341452,0.21918970535104104,0.04804412693187619
2024-01-23,12.73,4864.6,148.12,9.52,12.55,76.67,107.7,8.3,34.99,160.1648406982422,2024-01-01,257.133045341452,0.2917131506229948,0.08509656224639404
2024-01-24,12.7,4868.55,150.25,8.94,13.14,80.94,105.78,16.8,33.99,160.1648406982422,2024-01-01,257.133045341452,0.0811659168275874,0.006587906054462836
2024-01-25,12.79,4894.16,153.05,9.09,13.45,81.39,105.89,25.3,35.1,160.1648406982422,2024-01-01,257.133045341452,0.5246506091991603,0.27525826173305
2024-01-26,11.91,4890.97,151.36,8.97,13.26,82.2,100.23,27.3,34.78,160.1648406982422,2024-01-01,257.133045341452,-0.0652009756234213,0.004251167222245978
2024-01-29,13.08,4927.93,149.03,9.35,13.6,83.4,106.34,30.0,36.32,160.1648406982422,2024-01-01,257.133045341452,0.7528373761456544,0.5667641149218735
2024-01-30,13.05,4924.97,148.73,9.35,13.31,82.24,104.26,27.8,36.19,160.1648406982422,2024-01-01,257.133045341452,-0.06008383499372603,0.0036100672275532963
2024-01-31,13.16,4845.65,150.21,10.79,14.35,87.56,107.28,25.7,37.25,160.1648406982422,2024-01-01,257.133045341452,-1.6236787963987382,2.6363328338748553
2024-02-01,13.72,4906.19,160.08,11.46,13.88,84.83,113.92,30.7,35.38,146.50233459472656,2024-02-01,187.9454580767655,1.2416277903485802,1.5416395697658978
2024-02-02,12.66,4958.61,160.02,11.65,13.85,83.31,106.72,39.5,34.85,146.50233459472656,2024-02-01,187.9454580767655,1.0627786351803241,1.1294984273957525
2024-02-05,12.49,4942.81,155.49,11.64,13.67,79.58,108.68,42.6,34.43,146.50233459472656,2024-02-01,187.9454580767655,-0.31914641356150353,0.10185443328917024
2024-02-06,12.31,4954.23,152.82,11.67,13.06,76.97,110.6,42.9,33.01,146.50233459472656,2024-02-01,187.9454580767655,0.23077617284261595,0.053257641951884954
2024-02-07,11.84,4995.06,151.41,11.0,12.83,80.54,107.86,43.5,31.21,146.50233459472656,2024-02-01,187.9454580767655,0.820766692133105,0.6736579629151193
2024-02-08,11.71,4997.91,150.36,10.99,12.79,83.07,108.6,44.0,31.64,146.50233459472656,2024-02-01,187.9454580767655,0.057040100736248746,0.003253573092001405
2024-02-09,11.2,5026.61,156.62,10.92,12.93,81.94,106.21,44.1,32.44,146.50233459472656,2024-02-01,187.9454580767655,0.5725975590860193,0.32786796467126733
2024-02-12,11.81,5021.84,152.8,10.91,13.93,84.63,109.78,44.3,32.69,146.50233459472656,2024-02-01,187.9454580767655,-0.09494002275555409,0.009013607920825128
2024-02-13,12.15,4953.17,170.52,11.94,15.85,93.19,113.22,47.7,32.37,146.50233459472656,2024-02-01,187.9454580767655,-1.3768624761212094,1.895750278150628
2024-02-14,12.02,5000.62,160.4,12.29,14.38,83.17,111.97,47.2,32.76,146.50233459472656,2024-02-01,187.9454580767655,0.9534129096895501,0.9089961763626941
2024-02-15,11.79,5029.73,148.9,12.35,14.01,82.4,112.09,45.8,32.02,146.50233459472656,2024-02-01,187.9454580767655,0.5804399991794575,0.33691059264744866
2024-02-16,11.75,5005.57,142.62,12.16,14.24,82.63,109.2,40.4,30.84,146.50233459472656,2024-02-01,187.9454580767655,-0.4815012341991563,0.23184343853531078
2024-02-20,11.81,4975.51,141.45,11.53,15.42,86.1,111.02,40.3,31.81,146.50233459472656,2024-02-01,187.9454580767655,-0.6023414477222352,0.36281521964411817
2024-02-21,11.46,4981.8,142.72,11.5,15.34,84.66,114.27,40.2,31.05,146.50233459472656,2024-02-01,187.9454580767655,0.12633935945864821,0.015961633748421526
2024-02-22,11.19,5087.03,145.91,13.4,14.54,80.88,115.59,43.8,30.55,146.50233459472656,2024-02-01,187.9454580767655,2.0902891694828027,4.369308812057105
2024-02-23,11.5,5088.8,144.0,13.39,13.75,78.86,108.31,43.8,31.31,146.50233459472656,2024-02-01,187.9454580767655,0.03478831737266021,0.001210227025620932
2024-02-26,11.29,5069.53,143.6,13.33,13.74,80.5,110.77,42.2,31.71,146.50233459472656,2024-02-01,187.9454580767655,-0.37939352461026604,0.14393944651620055
2024-02-27,10.95,5078.18,147.29,13.34,13.43,78.54,110.8,38.3,31.35,146.50233459472656,2024-02-01,187.9454580767655,0.1704818544289236,0.0290640626895247
2024-02-28,10.93,5069.76,149.09,13.05,13.84,80.36,108.71,37.8,31.21,146.50233459472656,2024-02-01,187.9454580767655,-0.1659450476103029,0.0275377588263857
2024-02-29,11.16,5096.27,149.83,13.1,13.4,77.45,109.1,40.6,31.5,146.50233459472656,2024-02-01,187.9454580767655,0.5215420393340162,0.2720060987926845
2024-03-01,13.47,5137.08,150.42,12.26,13.11,77.68,106.48,34.1,31.08,133.0169219970703,2024-03-01,190.8615721116544,0.7975925057791697,0.6361538052750949
2024-03-04,14.61,5130.95,145.94,11.49,13.49,79.41,109.57,34.2,30.47,133.0169219970703,2024-03-01,190.8615721116544,-0.11939974324694175,0.01425629868743561
2024-03-05,14.54,5078.65,144.9,11.49,14.46,83.91,110.33,27.6,30.19,133.0169219970703,2024-03-01,190.8615721116544,-1.0245348981574391,1.049671757542474
2024-03-06,15.17,5104.76,143.64,11.6,14.5,83.11,105.33,25.4,29.57,133.0169219970703,2024-03-01,190.8615721116544,0.5127959537251652,0.26295969015690174
2024-03-07,15.09,5157.36,142.94,12.01,14.44,82.13,105.45,24.9,29.57,133.0169219970703,2024-03-01,190.8615721116544,1.0251382881397442,1.0509085098100852
2024-03-08,15.47,5123.69,141.18,11.84,14.74,86.56,100.88,27.8,29.64,133.0169219970703,2024-03-01,190.8615721116544,-0.654993806564546,0.4290168866379139
2024-03-11,15.5,5117.94,142.27,11.84,15.22,88.97,106.63,26.5,29.11,133.0169219970703,2024-03-01,190.8615721116544,-0.11228682551799476,0.012608331184908601
2024-03-12,14.1,5175.27,142.23,12.29,13.84,83.76,101.36,29.0,29.36,133.0169219970703,2024-03-01,190.8615721116544,1.1139497364012345,1.2408840152283798
2024-03-13,14.09,5165.31,144.17,12.3,13.75,86.27,97.03,29.7,29.52,133.0169219970703,2024-03-01,190.8615721116544,-0.1926391571868686,0.03710984488166707
2024-03-14,13.3,5150.48,143.95,11.34,14.4,88.75,98.67,29.2,31.51,133.0169219970703,2024-03-01,190.8615721116544,-0.2875205915668605,0.08266809057495741
2024-03-15,13.54,5117.09,138.91,11.2,14.41,92.17,97.82,24.6,29.77,133.0169219970703,2024-03-01,190.8615721116544,-0.650399611692649,0.42301965488994864
2024-03-18,13.83,5149.42,139.97,11.21,14.33,86.78,102.87,23.0,29.81,133.0169219970703,2024-03-01,190.8615721116544,0.6298168875158858,0.396669311800198
2024-03-19,13.48,5178.51,141.61,11.2,13.82,83.9,99.99,25.0,29.22,133.0169219970703,2024-03-01,190.8615721116544,0.5633283131890101,0.31733878844037544
2024-03-20,13.62,5224.62,141.19,11.53,13.04,78.87,92.72,24.6,28.82,133.0169219970703,2024-03-01,190.8615721116544,0.8864697827341068,0.7858286757006545
2024-03-21,13.42,5241.53,154.0,11.56,12.92,77.3,90.82,31.8,27.53,133.0169219970703,2024-03-01,190.8615721116544,0.32313725131378057,0.10441768318662538
2024-03-22,12.53,5234.18,155.84,9.27,13.06,76.49,91.04,31.6,26.92,133.0169219970703,2024-03-01,190.8615721116544,-0.1403246406415159,0.019691004771170573
2024-03-25,12.09,5218.19,151.6,9.31,13.19,76.6,92.24,32.5,27.49,133.0169219970703,2024-03-01,190.8615721116544,-0.3059595569942154,0.09361125051609655
2024-03-26,12.57,5203.58,157.6,9.24,13.24,76.77,90.63,31.0,27.25,133.0169219970703,2024-03-01,190.8615721116544,-0.2803748225257545,0.07861004110634834
2024-03-27,13.58,5248.49,157.11,9.62,12.78,76.0,86.28,30.7,26.6,133.0169219970703,2024-03-01,190.8615721116544,0.8593565940707956,0.7384937557729581
2024-03-28,15.44,5254.35,155.44,9.61,13.01,76.57,86.38,33.5,26.27,133.0169219970703,2024-03-01,190.8615721116544,0.11158887706710922,0.012452077485098415
2024-04-01,16.25,5243.77,146.33,9.57,13.65,78.45,94.2,39.0,27.65,163.73634338378906,2024-04-01,188.224920739656,-0.20155996658250933,0.04062642012874228
2024-04-02,17.13,5205.81,142.14,9.31,14.61,82.76,96.57,41.0,29.04,163.73634338378906,2024-04-01,188.224920739656,-0.7265395734467365,0.5278597517841658
2024-04-03,17.49,5211.49,138.52,9.31,14.33,81.08,97.88,38.6,29.08,163.73634338378906,2024-04-01,188.224920739656,0.10904938060488178,0.011891767410308368
2024-04-04,17.29,5147.21,142.49,9.68,16.35,90.04,96.13,36.6,32.17,163.73634338378906,2024-04-01,188.224920739656,-1.2410983057457463,1.540325004524962
2024-04-08,18.17,5202.39,140.63,8.66,15.19,86.26,99.37,39.2,30.57,163.73634338378906,2024-04-01,188.224920739656,1.066331507660705,1.137062884229952
2024-04-09,18.3,5209.91,139.28,8.46,14.98,84.45,98.73,37.6,28.96,163.73634338378906,2024-04-01,188.224920739656,0.14444457627020377,0.020864235613878714
2024-04-10,18.67,5160.64,139.94,8.48,15.8,91.76,109.59,40.9,30.08,163.73634338378906,2024-04-01,188.224920739656,-0.9501978333887354,0.902875922576647
2024-04-11,18.97,5199.06,136.16,8.56,14.91,89.4,108.86,41.1,31.27,163.73634338378906,2024-04-01,188.224920739656,0.7417237205872028,0.5501540776817229
2024-04-12,20.21,5123.41,142.31,10.0,17.31,102.72,112.82,39.5,32.19,163.73634338378906,2024-04-01,188.224920739656,-1.465760702944856,2.1484544382973985
2024-04-15,22.25,5061.82,137.72,10.11,19.23,109.64,121.15,40.0,35.59,163.73634338378906,2024-04-01,188.224920739656,-1.2094130563305876,1.462679940822893
2024-04-16,20.56,5051.41,135.6,10.13,18.4,99.25,119.59,33.8,33.61,163.73634338378906,2024-04-01,188.224920739656,-0.20586901863485071,0.04238205283367651
2024-04-17,19.01,5022.21,134.38,10.3,18.21,98.76,113.29,31.6,33.0,163.73634338378906,2024-04-01,188.224920739656,-0.5797336366096615,0.33609108941666305
2024-04-18,18.65,5011.12,131.8,10.0,18.0,95.99,108.66,33.4,31.4,163.73634338378906,2024-04-01,188.224920739656,-0.2210632863926085,0.04886897659070045
2024-04-19,18.51,4967.23,133.4,10.24,18.71,99.09,111.26,33.1,31.86,163.73634338378906,2024-04-01,188.224920739656,-0.8797102336546191,0.7738900951966645
2024-04-22,17.76,5010.6,131.68,10.55,16.94,89.54,108.56,28.4,29.7,163.73634338378906,2024-04-01,188.224920739656,0.8693327734887766,0.7557394710616885
2024-04-23,17.73,5070.55,135.61,10.93,15.69,82.36,106.85,20.4,28.86,163.73634338378906,2024-04-01,188.224920739656,1.1893624576650832,1.414583055703127
2024-04-24,17.45,5071.63,135.06,10.88,15.97,83.61,110.21,20.1,29.04,163.73634338378906,2024-04-01,188.224920739656,0.021297196541228136,0.0004535705805156997
2024-04-25,17.32,5048.42,134.08,10.97,15.37,82.54,108.55,13.2,28.34,163.73634338378906,2024-04-01,188.224920739656,-0.4586941901457446,0.2104003600734605
2024-04-26,16.92,5099.96,140.86,11.42,15.03,79.56,104.4,15.1,27.81,163.73634338378906,2024-04-01,188.224920739656,1.0157373516560253,1.031722367549196
2024-04-29,16.92,5116.17,138.3,11.47,14.67,78.22,105.42,14.0,27.84,163.73634338378906,2024-04-01,188.224920739656,0.3173415687477538,0.10070567125528536
2024-04-30,16.54,5035.69,132.4,12.43,15.65,81.82,107.46,7.6,27.87,163.73634338378906,2024-04-01,188.224920739656,-1.5855554753445709,2.513986165395148
2024-05-01,16.25,5018.39,133.35,12.49,15.39,81.93,100.64,2.0,28.7,130.41018676757812,2024-05-01,202.70780402675013,-0.34413923648739225,0.11843181409012529
2024-05-02,16.05,5064.2,132.12,12.95,14.68,78.59,100.7,2.6,27.65,130.41018676757812,2024-05-01,202.70780402675013,0.9087013401337432,0.8257381255608608
2024-05-03,15.83,5127.79,135.18,13.37,13.49,74.57,95.96,-7.3,28.09,130.41018676757812,2024-05-01,202.70780402675013,1.247858860899914,1.5571517367264307
2024-05-06,16.23,5180.74,130.08,13.85,13.49,73.46,94.5,-7.5,28.58,130.41018676757812,2024-05-01,202.70780402675013,1.0273136069376811,1.0553732469993085
2024-05-07,15.75,5187.7,133.64,13.84,13.23,74.54,98.04,-7.5,27.83,130.41018676757812,2024-05-01,202.70780402675013,0.13425358193505205,0.018024024262391733
2024-05-08,15.29,5187.67,133.24,13.83,13.0,74.5,95.58,-7.4,27.91,130.41018676757812,2024-05-01,202.70780402675013,-0.000578292629562257,3.3442236540602985e-07
2024-05-09,16.27,5214.08,136.46,13.55,12.69,73.77,93.85,-11.5,27.95,130.41018676757812,2024-05-01,202.70780402675013,0.5078002595891349,0.2578611036387928
2024-05-10,16.2,5222.68,137.3,13.33,12.55,73.26,94.23,-18.5,27.88,130.41018676757812,2024-05-01,202.70780402675013,0.16480214063461682,0.02715974555775202
2024-05-13,16.52,5221.42,139.65,12.28,13.6,77.55,105.35,-17.9,28.04,130.41018676757812,2024-05-01,202.70780402675013,-0.02412845541718278,0.0005821823608189771
2024-05-14,16.61,5246.68,140.18,11.7,13.42,77.65,106.55,-16.2,28.01,130.41018676757812,2024-05-01,202.70780402675013,0.4826100061719822,0.23291241805732069
2024-05-15,16.99,5308.15,140.64,12.45,12.45,76.31,93.78,-18.2,28.07,130.41018676757812,2024-05-01,202.70780402675013,1.1647879688045932,1.35673101227193
2024-05-16,16.26,5297.1,147.85,12.32,12.42,77.74,91.83,-21.6,27.08,130.41018676757812,2024-05-01,202.70780402675013,-0.208387430730016,0.043425321286257215
2024-05-17,17.4,5303.27,143.05,12.3,11.99,78.43,89.35,-23.2,28.06,130.41018676757812,2024-05-01,202.70780402675013,0.11641104408194052,0.013551531184247498
2024-05-20,17.58,5308.13,144.54,11.9,12.15,79.45,88.13,-23.2,27.89,130.41018676757812,2024-05-01,202.70780402675013,0.09159960683443537,0.008390487972223139
2024-05-21,16.76,5321.41,149.52,11.51,11.86,77.62,85.34,-23.5,27.38,130.41018676757812,2024-05-01,202.70780402675013,0.2498698327390512,0.06243493331304142
2024-05-22,16.45,5307.01,150.14,10.7,12.29,79.96,82.49,-23.8,27.71,130.41018676757812,2024-05-01,202.70780402675013,-0.2709717683547034,0.07342569924527503
2024-05-23,16.03,5267.84,153.33,11.05,12.77,84.62,86.15,-16.7,28.66,130.41018676757812,2024-05-01,202.70780402675013,-0.740817678564494,0.5488108328736859
2024-05-24,15.26,5304.72,155.86,11.15,11.93,79.09,83.57,-10.9,27.56,130.41018676757812,2024-05-01,202.70780402675013,0.6976578915071976,0.4867265335822687
2024-05-28,15.92,5306.04,152.23,10.67,12.92,81.64,89.67,-5.2,27.53,130.41018676757812,2024-05-01,202.70780402675013,0.024880404548013994,0.0006190345304728354
2024-05-29,15.83,5266.95,151.8,10.89,14.28,83.79,93.45,-3.7,26.77,130.41018676757812,2024-05-01,202.70780402675013,-0.7394346936505546,0.5467636661740896
2024-05-30,15.74,5235.48,146.61,9.64,14.47,83.44,91.09,-4.1,29.24,130.41018676757812,2024-05-01,202.70780402675013,-0.5992916722542297,0.3591505084332711
2024-05-31,15.26,5277.51,148.1,9.94,12.92,78.27,91.14,-7.6,30.34,130.41018676757812,2024-05-01,202.70780402675013,0.7995864911522231,0.6393385568331242
2024-06-03,16.0,5283.4,139.01,9.32,13.11,78.79,93.92,-8.9,30.84,112.88140869140624,2024-06-01,192.2642308925476,0.11154342969859782,0.012441936708926033
2024-06-04,16.22,5291.34,138.18,8.46,13.16,77.65,100.11,-11.8,30.59,112.88140869140624,2024-06-01,192.2642308925476,0.15016920495655547,0.022550790117283965
2024-06-05,16.5,5354.03,141.4,8.66,12.63,75.24,102.43,-7.6,29.18,112.88140869140624,2024-06-01,192.2642308925476,1.1778026448059027,1.3872190701117795
2024-06-06,16.85,5352.96,140.18,8.65,12.58,77.91,100.99,-9.9,27.71,112.88140869140624,2024-06-01,192.2642308925476,-0.01998694317565987,0.0003994778975070566
2024-06-07,17.13,5346.99,139.61,8.67,12.22,76.65,91.82,-5.5,26.42,112.88140869140624,2024-06-01,192.2642308925476,-0.11158931807150971,0.012452175907664563
2024-06-10,16.66,5360.79,141.56,8.57,12.74,78.97,94.16,-6.6,25.69,112.88140869140624,2024-06-01,192.2642308925476,0.25775665246065954,0.06643849188772523
2024-06-11,16.45,5375.32,144.7,8.6,12.85,79.95,97.27,-6.1,25.54,112.88140869140624,2024-06-01,192.2642308925476,0.2706754843457336,0.07326521782579747
2024-06-12,15.92,5421.03,150.66,9.04,12.04,77.6,91.73,-9.9,24.8,112.88140869140624,2024-06-01,192.2642308925476,0.8467727171882782,0.7170240345744198
2024-06-13,15.71,5433.74,162.25,8.94,11.94,78.2,91.93,-14.2,24.45,112.88140869140624,2024-06-01,192.2642308925476,0.2341828672305396,0.05484161530431654
2024-06-14,16.07,5431.6,156.18,7.83,12.66,83.72,100.16,-19.9,24.71,112.88140869140624,2024-06-01,192.2642308925476,-0.03939131270021622,0.0015516755162462159
2024-06-17,15.63,5473.23,153.84,8.29,12.75,83.34,99.07,-21.5,24.17,112.88140869140624,2024-06-01,192.2642308925476,0.7635185920104081,0.582960640345556
2024-06-18,15.64,5487.03,142.9,8.31,12.3,80.63,97.99,-22.4,23.73,112.88140869140624,2024-06-01,192.2642308925476,0.25181897678469145,0.06341279706888897
2024-06-20,16.4,5473.17,148.6,8.34,13.28,85.72,94.14,-28.1,24.23,112.88140869140624,2024-06-01,192.2642308925476,-0.2529152276068834,0.06396611235544164
2024-06-21,15.86,5464.62,151.79,8.34,13.2,83.31,94.09,-25.6,24.74,112.88140869140624,2024-06-01,192.2642308925476,-0.1563387437769191,0.024441802805745157
2024-06-24,15.49,5447.87,147.13,8.34,13.33,84.8,95.2,-26.7,25.42,112.88140869140624,2024-06-01,192.2642308925476,-0.3069879221800406,0.09424158436441868
2024-06-25,14.88,5469.3,146.64,7.99,12.84,82.87,96.97,-26.0,25.75,112.88140869140624,2024-06-01,192.2642308925476,0.392593090057643,0.15412933436100856
2024-06-26,14.88,5477.9,143.49,7.7,12.55,81.45,97.91,-26.9,26.24,112.88140869140624,2024-06-01,192.2642308925476,0.15711783413408376,0.024686013802985456
2024-06-27,15.01,5482.87,143.06,7.71,12.24,79.5,95.69,-29.2,26.28,112.88140869140624,2024-06-01,192.2642308925476,0.09068706560974762,0.00822414386890667
2024-06-28,14.72,5460.48,141.79,7.49,12.44,79.48,98.59,-28.5,26.54,112.88140869140624,2024-06-01,192.2642308925476,-0.4091988512145809,0.1674436998353327
2024-07-01,14.86,5475.09,145.82,7.22,12.22,76.05,106.23,-32.4,27.29,92.3948745727539,2024-07-01,240.9923849903564,0.2672015942936098,0.07139669199304684
2024-07-02,14.35,5509.01,147.16,7.08,12.03,77.06,107.51,-32.4,25.82,92.3948745727539,2024-07-01,240.9923849903564,0.6176219776783534,0.3814569073113204
2024-07-03,14.89,5537.02,148.83,7.21,12.09,78.07,102.83,-47.5,24.62,92.3948745727539,2024-07-01,240.9923849903564,0.5071516198197267,0.2572027654857726
2024-07-05,15.62,5567.19,150.2,6.41,12.48,78.8,98.78,-46.8,23.78,92.3948745727539,2024-07-01,240.9923849903564,0.5433988413197175,0.2952823007476115
2024-07-08,15.13,5572.85,148.53,6.42,12.37,78.59,97.96,-46.7,23.81,92.3948745727539,2024-07-01,240.9923849903564,0.10161544279964853,0.010325698215368643
2024-07-09,14.64,5576.98,151.09,6.4,12.51,78.58,95.62,-45.7,24.19,92.3948745727539,2024-07-01,240.9923849903564,0.07408185037586473,0.005488120555112009
2024-07-10,14.89,5633.91,156.96,7.11,12.85,83.41,92.97,-45.1,24.01,92.3948745727539,2024-07-01,240.9923849903564,1.0156283642139425,1.0315009741958887
2024-07-11,15.74,5584.54,152.23,7.61,12.92,84.47,89.67,-45.8,24.01,92.3948745727539,2024-07-01,240.9923849903564,-0.8801629230176651,0.7746867710550002
2024-07-12,15.12,5615.35,150.86,7.31,12.46,81.61,86.79,-47.5,24.12,92.3948745727539,2024-07-01,240.9923849903564,0.5501853628775982,0.30270393352475444
2024-07-15,15.98,5631.22,147.4,7.36,13.12,83.86,94.5,-45.5,23.83,92.3948745727539,2024-07-01,240.9923849903564,0.2822195662042845,0.07964788354853453
2024-07-16,17.15,5667.2,151.53,7.64,13.19,82.4,93.87,-45.5,24.41,92.3948745727539,2024-07-01,240.9923849903564,0.6369053660041409,0.4056484452448687
2024-07-17,16.7,5588.27,146.39,8.56,14.48,88.28,91.0,-36.9,25.28,92.3948745727539,2024-07-01,240.9923849903564,-1.4025410555021933,1.9671214123692065
2024-07-18,16.25,5544.59,151.12,8.91,15.93,94.71,91.97,-36.1,25.68,92.3948745727539,2024-07-01,240.9923849903564,-0.784708046968273,0.6157667189767614
2024-07-19,16.34,5505.0,146.99,9.22,16.52,97.93,94.29,-35.0,26.83,92.3948745727539,2024-07-01,240.9923849903564,-0.7165907407029404,0.5135022896611887
2024-07-22,15.74,5564.41,141.38,9.85,14.91,93.66,94.45,-30.1,26.83,92.3948745727539,2024-07-01,240.9923849903564,1.073418916597496,1.1522281705093422
2024-07-23,15.44,5555.74,137.0,9.83,14.72,88.51,95.04,-31.1,26.74,92.3948745727539,2024-07-01,240.9923849903564,-0.15593317997995004,0.024315156618659493
2024-07-24,15.98,5427.13,136.84,12.45,18.04,106.12,94.81,-35.1,26.85,92.3948745727539,2024-07-01,240.9923849903564,-2.3421178443889508,5.4855159970051455
2024-07-25,15.54,5399.22,134.17,12.57,18.46,104.38,99.08,-33.4,26.49,92.3948745727539,2024-07-01,240.9923849903564,-0.5155950404248442,0.2658382457106967
2024-07-26,15.2,5459.1,131.73,13.1,16.39,94.61,97.76,-34.0,29.77,92.3948745727539,2024-07-01,240.9923849903564,1.1029442312488889,1.2164859772452024
2024-07-29,15.64,5463.54,128.93,13.0,16.6,93.51,98.65,-29.3,30.82,92.3948745727539,2024-07-01,240.9923849903564,0.08129903108684501,0.006609532455659792
2024-07-30,16.3,5436.44,127.31,13.11,17.69,99.97,100.42,-25.5,31.49,92.3948745727539,2024-07-01,240.9923849903564,-0.4972496433736025,0.24725720783517488
2024-07-31,17.88,5522.3,136.69,13.99,16.36,94.25,99.41,-25.2,33.69,92.3948745727539,2024-07-01,240.9923849903564,1.567000529191805,2.455490658487397
2024-08-01,17.61,5446.68,132.23,14.69,18.59,111.18,101.82,-34.4,33.42,140.63937377929688,2024-08-01,209.0455884762177,-1.3788191433053192,1.9011422299452143
2024-08-02,18.7,5346.56,139.65,16.04,23.39,136.81,112.26,-40.6,38.83,140.63937377929688,2024-08-01,209.0455884762177,-1.8552885294602866,3.4420955275469125
2024-08-05,21.95,5186.33,145.3,18.6,38.57,173.32,121.22,-39.1,43.63,140.63937377929688,2024-08-01,209.0455884762177,-3.042704549688219,9.258050976693388
2024-08-06,19.1,5240.03,145.43,18.77,27.71,150.09,119.24,-37.6,40.42,140.63937377929688,2024-08-01,209.0455884762177,1.0300905557719546,1.0610865530905744
2024-08-07,18.12,5199.5,146.36,18.89,27.85,151.24,112.69,-36.3,38.01,140.63937377929688,2024-08-01,209.0455884762177,-0.7764756389251183,0.6029144178441707
2024-08-08,18.45,5319.31,147.37,20.28,23.79,134.34,110.42,-34.6,34.77,140.63937377929688,2024-08-01,209.0455884762177,2.2781128575607585,5.189798191783645
2024-08-09,17.8,5344.16,144.52,20.11,20.37,114.63,108.26,-34.3,33.37,140.63937377929688,2024-08-01,209.0455884762177,0.4660780212150723,0.2172287218597574
2024-08-12,20.61,5344.39,140.82,20.03,20.71,121.94,118.26,-32.9,35.17,140.63937377929688,2024-08-01,209.0455884762177,0.004303670751142209,1.8521581934236944e-05
2024-08-13,19.18,5434.43,143.87,20.78,18.12,113.89,118.44,-31.1,33.26,140.63937377929688,2024-08-01,209.0455884762177,1.6707226654933076,2.7913142249930627
2024-08-14,18.49,5455.21,141.82,20.71,16.19,107.81,106.34,-31.0,31.51,140.63937377929688,2024-08-01,209.0455884762177,0.3816476067632372,0.14565489574810656
2024-08-15,18.16,5543.22,143.56,21.0,15.23,105.42,103.74,-34.9,31.14,140.63937377929688,2024-08-01,209.0455884762177,1.6004444012785939,2.561422281583997
2024-08-16,20.09,5554.25,142.55,20.84,14.8,103.42,102.81,-36.6,31.0,140.63937377929688,2024-08-01,209.0455884762177,0.19878411263283946,0.039515123435225404
2024-08-19,18.77,5608.25,141.5,20.96,14.65,98.82,110.13,-39.2,32.03,140.63937377929688,2024-08-01,209.0455884762177,0.9675327436177775,0.9361196099725441
2024-08-20,18.47,5597.12,146.26,20.66,15.88,101.74,111.57,-40.5,32.05,140.63937377929688,2024-08-01,209.0455884762177,-0.1986548174716506,0.03946373650469481
2024-08-21,18.63,5620.85,149.67,20.69,16.27,106.72,111.38,-41.2,32.7,140.63937377929688,2024-08-01,209.0455884762177,0.4230718284184624,0.1789897720013409
2024-08-22,17.89,5570.64,154.16,19.35,17.55,112.53,108.5,-44.5,31.73,140.63937377929688,2024-08-01,209.0455884762177,-0.8972949425464468,0.8051382139194313
2024-08-23,17.49,5634.61,153.95,19.56,15.86,99.22,105.63,-38.6,30.54,140.63937377929688,2024-08-01,209.0455884762177,1.1417986208502449,1.3037040905755213
2024-08-26,17.9,5616.84,151.5,19.21,16.15,100.68,106.66,-31.1,30.99,140.63937377929688,2024-08-01,209.0455884762177,-0.3158706615574787,0.09977427483275927
2024-08-27,17.69,5625.8,151.83,19.22,15.43,93.45,109.22,-28.1,31.25,140.63937377929688,2024-08-01,209.0455884762177,0.15939320118754585,0.02540619258481347
2024-08-28,17.18,5592.18,151.68,19.23,17.11,106.32,108.76,-27.2,32.12,140.63937377929688,2024-08-01,209.0455884762177,-0.5993966945423386,0.35927639742828155
2024-08-29,17.22,5591.96,153.01,18.46,15.65,97.08,106.7,-24.8,31.81,140.63937377929688,2024-08-01,209.0455884762177,-0.003934142455813639,1.5477476862635372e-05
2024-08-30,16.4,5648.4,159.0,18.07,15.0,93.73,107.77,-24.2,33.36,140.63937377929688,2024-08-01,209.0455884762177,1.0042467382856683,1.0085115113574037
2024-09-03,16.55,5528.93,163.6,18.25,20.72,129.79,114.2,-25.1,35.36,130.0741729736328,2024-09-01,219.56714648833545,-2.137801245458143,4.5701941650823885
2024-09-04,16.19,5520.07,160.9,15.53,21.32,123.47,119.15,-28.9,37.95,130.0741729736328,2024-09-01,219.56714648833545,-0.16037653903594354,0.02572063427314752
2024-09-05,16.48,5503.41,156.71,15.34,19.9,115.01,114.81,-29.5,36.61,130.0741729736328,2024-09-01,219.56714648833545,-0.30226412501879546,0.09136360127337802
2024-09-06,16.49,5408.42,148.98,16.3,22.38,119.33,107.24,-30.1,37.58,130.0741729736328,2024-09-01,219.56714648833545,-1.7410901670867562,3.031394969926189
2024-09-09,16.16,5471.05,140.33,14.65,19.45,110.85,104.61,-26.8,37.0,130.0741729736328,2024-09-01,219.56714648833545,1.1513555690021489,1.325619646272262
2024-09-10,16.08,5495.52,139.75,14.69,19.08,107.2,108.36,-26.8,40.23,130.0741729736328,2024-09-01,219.56714648833545,0.4462660724490219,0.19915340741907564
2024-09-11,15.52,5554.13,139.73,15.07,17.69,102.9,103.79,-21.8,37.76,130.0741729736328,2024-09-01,219.56714648833545,1.0608580303038784,1.1254197604602245
2024-09-12,16.74,5595.76,145.88,14.3,17.07,103.94,98.03,-22.4,36.07,130.0741729736328,2024-09-01,219.56714648833545,0.746737294203047,0.557616586553688
2024-09-13,16.88,5626.02,149.99,14.35,16.56,101.88,100.6,-21.8,35.22,130.0741729736328,2024-09-01,219.56714648833545,0.5393096878371416,0.2908549393949951
2024-09-16,17.03,5633.09,152.17,13.08,17.14,106.67,101.22,-17.1,34.71,130.0741729736328,2024-09-01,219.56714648833545,0.12558720767880024,0.015772146732558102
2024-09-17,17.49,5634.58,157.54,13.07,17.61,107.19,101.58,-14.1,35.29,130.0741729736328,2024-09-01,219.56714648833545,0.026447349073670166,0.0006994622730245621
2024-09-18,17.13,5618.26,167.42,12.69,18.23,105.43,98.61,-12.3,36.19,130.0741729736328,2024-09-01,219.56714648833545,-0.29006031263851695,0.0841349849679542
2024-09-19,16.76,5713.64,171.72,14.01,16.33,97.46,92.64,-8.8,33.72,130.0741729736328,2024-09-01,219.56714648833545,1.6834291247586948,2.8339336180858252
2024-09-20,17.08,5702.55,165.75,13.99,16.15,94.27,91.0,-8.5,32.22,130.0741729736328,2024-09-01,219.56714648833545,-0.1942855451501775,0.03774687305430167
2024-09-23,17.72,5718.57,165.6,13.79,15.89,94.41,93.87,-9.6,34.39,130.0741729736328,2024-09-01,219.56714648833545,0.2805330914356826,0.07869881539046106
2024-09-24,19.26,5732.93,162.41,13.4,15.39,90.93,93.3,-13.8,33.76,130.0741729736328,2024-09-01,219.56714648833545,0.25079697029956893,0.06289912031144286
2024-09-25,19.13,5722.26,160.48,13.4,15.41,90.48,91.64,-12.7,34.4,130.0741729736328,2024-09-01,219.56714648833545,-0.18629115860669923,0.03470439577502637
2024-09-26,18.82,5745.37,158.67,13.47,15.37,89.86,90.14,-5.3,39.76,130.0741729736328,2024-09-01,219.56714648833545,0.4030480802872329,0.16244775502322373
2024-09-27,18.59,5738.17,160.99,13.33,16.96,101.34,92.53,-6.1,39.62,130.0741729736328,2024-09-01,219.56714648833545,-0.12539688882457198,0.015724379726882065
2024-09-30,18.08,5762.48,154.3,13.43,16.73,99.34,94.61,-0.8,39.86,130.0741729736328,2024-09-01,219.56714648833545,0.4227593432856073,0.17872546233527797
2024-10-01,18.57,5708.75,158.59,13.53,19.26,110.14,104.14,2.6,42.87,130.69729614257812,2024-10-01,230.15303575250692,-0.9367852083837028,0.8775665266464975
2024-10-02,18.07,5709.54,161.5,11.54,18.9,107.97,102.17,3.8,46.52,130.69729614257812,2024-10-01,230.15303575250692,0.01383744853669804,0.00019147498200576676
2024-10-03,18.28,5699.94,162.78,11.53,20.49,115.64,101.16,7.4,54.5,130.69729614257812,2024-10-01,230.15303575250692,-0.16828115331257495,0.028318546560210357
2024-10-04,17.48,5751.07,156.43,11.87,19.21,110.63,100.15,14.1,46.37,130.69729614257812,2024-10-01,230.15303575250692,0.8930275984437889,0.797498291582281
2024-10-07,17.71,5695.94,155.57,10.71,22.64,122.58,124.23,14.3,48.32,130.69729614257812,2024-10-01,230.15303575250692,-0.9632284107421168,0.9278089712607842
2024-10-08,17.64,5751.13,156.28,10.53,21.42,114.82,123.77,14.3,52.35,130.69729614257812,2024-10-01,230.15303575250692,0.9642716894192713,0.9298198910154957
2024-10-09,17.62,5792.04,156.93,10.7,20.86,119.36,122.39,14.5,48.8,130.69729614257812,2024-10-01,230.15303575250692,0.7088203896394327,0.5024263447685973
2024-10-10,17.27,5780.05,154.09,10.17,20.93,117.43,116.56,12.2,52.36,130.69729614257812,2024-10-01,230.15303575250692,-0.20722279710146596,0.04294128763855533
2024-10-11,17.27,5815.03,159.43,9.85,20.46,113.99,118.47,10.3,52.68,130.69729614257812,2024-10-01,230.15303575250692,0.6033611862785232,0.36404472110742675
2024-10-15,17.38,5815.26,159.69,10.51,20.64,112.9,127.23,6.0,48.64,130.69729614257812,2024-10-01,230.15303575250692,0.003955189424004288,1.564352337975537e-05
2024-10-16,17.31,5842.47,161.85,10.6,19.58,111.62,121.86,6.4,47.84,130.69729614257812,2024-10-01,230.15303575250692,0.46681557065759915,0.21791677700837994
2024-10-17,17.57,5841.47,165.82,10.55,19.11,105.89,122.14,14.9,46.88,130.69729614257812,2024-10-01,230.15303575250692,-0.017117513483320915,0.00029300926785167335
2024-10-18,17.77,5864.67,155.55,8.78,18.03,100.95,123.13,14.8,47.22,130.69729614257812,2024-10-01,230.15303575250692,0.3963737043124536,0.1571121134703764
2024-10-21,18.19,5853.98,150.97,8.73,18.37,102.96,128.95,16.4,46.82,130.69729614257812,2024-10-01,230.15303575250692,-0.18244427413090425,0.03328591316315254
2024-10-22,18.73,5851.2,146.8,8.67,18.2,100.5,129.26,17.2,47.69,130.69729614257812,2024-10-01,230.15303575250692,-0.04750033835055116,0.0022562821434168414
2024-10-23,18.98,5797.42,146.97,9.22,19.24,108.11,129.05,17.5,47.78,130.69729614257812,2024-10-01,230.15303575250692,-0.9233777411953054,0.8526264529349443
2024-10-24,18.66,5809.86,144.71,9.23,19.08,109.84,127.48,19.7,46.66,130.69729614257812,2024-10-01,230.15303575250692,0.21434831869283494,0.04594520172644513
2024-10-25,18.88,5808.12,148.91,9.13,20.33,117.5,128.4,23.1,48.97,130.69729614257812,2024-10-01,230.15303575250692,-0.029953572187414155,0.0008972164867866308
2024-10-28,18.34,5823.52,148.46,9.18,19.8,112.23,130.92,25.6,42.96,130.69729614257812,2024-10-01,230.15303575250692,0.2647951449370799,0.07011646878224916
2024-10-29,18.51,5832.92,150.74,9.04,19.34,108.7,131.87,28.4,42.47,130.69729614257812,2024-10-01,230.15303575250692,0.16128426925638534,0.026012615509566205
2024-10-30,18.68,5813.67,153.45,8.49,20.35,112.77,130.8,35.4,41.13,130.69729614257812,2024-10-01,230.15303575250692,-0.33056916281390036,0.10927597140348297
2024-10-31,19.46,5705.45,152.07,10.78,23.16,121.89,135.18,35.4,48.79,130.69729614257812,2024-10-01,230.15303575250692,-1.879018259951983,3.530709621232978
2024-11-01,19.29,5728.8,146.66,10.84,21.88,119.12,132.58,31.7,44.14,128.37667846679688,2024-11-01,326.4840864605772,0.40842263302362364,0.16680904716594955
2024-11-04,19.91,5712.69,148.95,10.47,21.98,121.8,136.25,31.9,45.75,128.37667846679688,2024-11-01,326.4840864605772,-0.28160686495115017,0.07930242638761532
2024-11-05,19.59,5782.76,152.68,10.84,20.49,114.32,130.43,35.8,45.61,128.37667846679688,2024-11-01,326.4840864605772,1.219106130274809,1.4862197568736195
2024-11-06,17.63,5929.04,148.11,13.4,16.27,97.24,117.64,35.6,44.74,128.37667846679688,2024-11-01,326.4840864605772,2.498123383889653,6.240620441136291
2024-11-07,17.37,5973.1,152.12,13.47,15.2,88.6,104.08,35.7,42.55,128.37667846679688,2024-11-01,326.4840864605772,0.7403744412989464,0.548154313328727
2024-11-08,15.91,5995.54,150.34,13.51,14.94,87.76,99.85,37.2,38.76,128.37667846679688,2024-11-01,326.4840864605772,0.3749803869799434,0.1406102906196281
2024-11-12,16.25,5983.99,141.5,13.1,14.71,89.45,108.55,38.4,34.32,128.37667846679688,2024-11-01,326.4840864605772,-0.19282899377297247,0.03718302083949705
2024-11-13,17.05,5985.38,142.92,12.82,14.02,91.76,102.08,38.3,37.12,128.37667846679688,2024-11-01,326.4840864605772,0.02322595101076364,0.0005394448003543926
2024-11-14,17.39,5949.17,147.98,12.93,14.31,90.43,99.43,38.7,30.9,128.37667846679688,2024-11-01,326.4840864605772,-0.6068115029117461,0.3682202000660121
2024-11-15,17.17,5870.62,149.55,13.79,16.14,98.93,102.47,43.3,35.07,128.37667846679688,2024-11-01,326.4840864605772,-1.3291463960568204,1.7666301421508341
2024-11-18,16.97,5893.62,147.33,13.83,15.58,93.81,102.01,43.4,36.89,128.37667846679688,2024-11-01,326.4840864605772,0.39101598241076657,0.15289349850065692
2024-11-19,17.85,5916.98,149.46,13.87,16.35,97.37,105.12,42.1,37.28,128.37667846679688,2024-11-01,326.4840864605772,0.39557737052673714,0.1564814560728475
2024-11-20,18.34,5917.11,153.0,13.87,17.16,102.2,106.69,40.6,36.74,128.37667846679688,2024-11-01,326.4840864605772,0.002197042611731634,4.8269962377645585e-06
2024-11-21,17.59,5948.71,155.72,13.61,16.87,101.3,101.9,37.7,36.91,128.37667846679688,2024-11-01,326.4840864605772,0.5326235305174983,0.28368782526092445
2024-11-22,17.54,5969.34,161.64,13.61,15.24,95.13,99.14,39.0,35.74,128.37667846679688,2024-11-01,326.4840864605772,0.34619792004100736,0.11985299984071972
2024-11-25,17.8,5987.37,167.28,13.67,14.6,88.79,99.96,36.0,37.44,128.37667846679688,2024-11-01,326.4840864605772,0.3015882072251307,0.09095544673726837
2024-11-26,17.0,6021.63,166.23,13.75,14.1,87.71,99.18,30.0,38.74,128.37667846679688,2024-11-01,326.4840864605772,0.5705736188806684,0.3255542545625822
2024-11-27,16.54,5998.74,167.94,13.78,14.1,88.36,97.74,27.7,37.0,128.37667846679688,2024-11-01,326.4840864605772,-0.3808539615374875,0.14504974001879803
2024-12-02,16.33,6047.15,170.65,12.31,13.34,87.11,97.81,34.3,34.71,141.99630737304688,2024-12-01,362.8140251773079,0.8037639497223673,0.6460364868733002
2024-12-03,16.21,6049.88,170.23,12.29,13.3,86.43,95.6,36.6,34.55,141.99630737304688,2024-12-01,362.8140251773079,0.04513504631047032,0.0020371724054483007
2024-12-04,15.92,6086.49,172.45,11.77,13.45,86.48,92.25,27.7,33.82,141.99630737304688,2024-12-01,362.8140251773079,0.6033123750502108,0.3639858218887263
2024-12-05,15.93,6075.11,173.93,8.14,13.54,86.95,91.48,25.3,29.45,141.99630737304688,2024-12-01,362.8140251773079,-0.18714648272306858,0.0350238059956158
2024-12-06,15.04,6090.27,168.05,7.66,12.77,87.38,83.2,25.3,30.98,141.99630737304688,2024-12-01,362.8140251773079,0.24923196558419955,0.06211657266896363
2024-12-09,15.75,6052.85,163.14,7.76,14.19,93.84,85.63,23.2,27.7,141.99630737304688,2024-12-01,362.8140251773079,-0.6163180212196304,0.37984790328008083
2024-12-10,16.34,6034.91,165.12,7.81,14.18,94.35,90.1,26.3,28.61,141.99630737304688,2024-12-01,362.8140251773079,-0.29682940713745676,0.08810769694157407
2024-12-11,16.86,6084.19,169.06,8.17,13.58,98.12,82.4,25.7,31.99,141.99630737304688,2024-12-01,362.8140251773079,0.8132661932885082,0.6614019011459813
2024-12-12,15.43,6051.25,167.43,8.33,13.92,99.43,82.66,20.1,33.64,141.99630737304688,2024-12-01,362.8140251773079,-0.5428741091956448,0.2947122984349649
2024-12-13,15.63,6051.09,169.91,8.05,13.81,96.5,85.66,19.3,34.92,141.99630737304688,2024-12-01,362.8140251773079,-0.0026441167577320023,6.991353428519196e-06
2024-12-16,15.38,6074.08,166.79,6.65,14.69,98.35,90.88,16.1,33.41,141.99630737304688,2024-12-01,362.8140251773079,0.37921163249597684,0.1438014622202638
2024-12-17,15.64,6050.61,173.04,6.65,15.87,100.73,90.42,9.0,30.71,141.99630737304688,2024-12-01,362.8140251773079,-0.38714440227630087,0.14988078821387427
2024-12-18,16.54,5872.16,168.92,12.42,27.62,129.79,87.21,9.5,32.6,141.99630737304688,2024-12-01,362.8140251773079,-2.9936554508987645,8.961972958695885
2024-12-19,15.83,5867.08,163.1,12.42,24.09,136.29,90.41,12.8,30.5,141.99630737304688,2024-12-01,362.8140251773079,-0.08654734577528359,0.0074904430607464975
2024-12-20,15.73,5930.85,161.21,12.82,18.36,114.01,91.75,10.2,29.27,141.99630737304688,2024-12-01,362.8140251773079,1.0810476252410672,1.168663968039351
2024-12-23,15.54,5974.07,170.65,13.01,16.78,102.34,95.85,5.1,30.16,141.99630737304688,2024-12-01,362.8140251773079,0.726089547546254,0.5272060310559238
2024-12-24,14.71,6040.04,180.09,13.94,14.27,91.05,96.95,3.8,30.35,141.99630737304688,2024-12-01,362.8140251773079,1.0982197273831982,1.206086569613626
2024-12-26,15.19,6037.59,173.72,13.32,14.73,92.77,95.2,3.9,30.01,141.99630737304688,2024-12-01,362.8140251773079,-0.0405708741467618,0.0016459958290323848
2024-12-27,14.67,5970.84,167.92,13.8,15.95,98.81,94.8,3.2,30.21,141.99630737304688,2024-12-01,362.8140251773079,-1.1117304675596371,1.2359446325003693
2024-12-30,15.02,5906.94,161.08,14.16,17.4,103.05,99.08,-1.6,30.77,141.99630737304688,2024-12-01,362.8140251773079,-1.0759690191101294,1.157709330084814
2024-12-31,14.62,5881.63,169.16,14.08,17.35,104.33,98.8,-1.7,30.02,141.99630737304688,2024-12-01,362.8140251773079,-0.429399645413445,0.1843840554811923
2025-01-02,15.07,5868.55,157.2,14.09,17.93,106.59,96.67,2.2,29.54,112.37791442871094,2025-01-01,365.0252081263756,-0.2226349792552953,0.049566333988005765
2025-01-03,14.49,5942.47,157.32,14.66,16.13,94.36,93.35,5.7,29.98,112.37791442871094,2025-01-01,365.0252081263756,1.2517287272659086,1.5668248066627313
2025-01-06,14.76,5975.38,152.64,14.66,16.04,95.89,97.89,2.4,29.31,112.37791442871094,2025-01-01,365.0252081263756,0.5522822262488849,0.30501565743042447
2025-01-07,14.68,5909.03,155.1,15.14,17.82,106.37,102.78,7.7,31.09,112.37791442871094,2025-01-01,365.0252081263756,-1.116600476981219,1.2467966251946858
2025-01-08,14.82,5918.25,154.34,15.15,17.7,103.93,100.76,9.8,31.56,112.37791442871094,2025-01-01,365.0252081263756,0.1559107735282887,0.024308169302189327
2025-01-10,15.77,5827.04,151.45,16.03,19.54,115.49,96.57,14.5,33.91,112.37791442871094,2025-01-01,365.0252081263756,-1.5531644353894207,2.4123197633585383
2025-01-13,15.27,5836.22,170.55,16.01,19.19,110.94,103.51,13.1,33.98,112.37791442871094,2025-01-01,365.0252081263756,0.15741742695762329,0.02478024630995866
2025-01-14,15.0,5842.91,167.64,15.8,18.71,107.93,101.99,13.3,33.51,112.37791442871094,2025-01-01,365.0252081263756,0.11456334044923633,0.01312475897488763
2025-01-15,15.23,5949.91,163.54,16.94,16.12,97.79,93.1,6.0,32.93,112.37791442871094,2025-01-01,365.0252081263756,1.8147132985426715,3.293184355907623
2025-01-16,15.4,5937.34,167.41,16.94,16.6,99.84,92.72,14.4,33.13,112.37791442871094,2025-01-01,365.0252081263756,-0.2114871763466578,0.044726825759082336
2025-01-17,14.98,5996.66,165.35,17.18,15.97,101.61,95.6,22.8,33.52,112.37791442871094,2025-01-01,365.0252081263756,0.994142593572411,0.9883194963548799
2025-01-21,15.5,6049.24,173.0,17.4,15.06,98.26,96.78,20.6,35.1,112.37791442871094,2025-01-01,365.0252081263756,0.8729996752231289,0.7621284329396886
2025-01-22,15.24,6086.37,179.98,13.97,15.1,100.56,89.9,19.8,34.68,112.37791442871094,2025-01-01,365.0252081263756,0.6119200577442709,0.3744461570697519
2025-01-23,14.95,6118.71,179.32,14.11,15.02,99.52,88.51,18.7,34.18,112.37791442871094,2025-01-01,365.0252081263756,0.5299445097723888,0.2808411834378975
2025-01-24,14.85,6101.24,173.16,13.66,14.85,100.41,86.75,10.1,29.98,112.37791442871094,2025-01-01,365.0252081263756,-0.2859260782896483,0.08175372224609807
