Date,VIX,VXN NASDAQ
2005-01,14.08,19.5
2005-01,13.98,20.06
2005-01,14.09,20.18
2005-01,13.58,20.13
2005-01,13.49,19.15
2005-01,13.23,19.61
2005-01,13.19,19.67
2005-01,12.56,19.28
2005-01,12.84,19.09
2005-01,12.43,18.57
2005-01,,
2005-01,12.47,18.75
2005-01,13.18,19.24
2005-01,13.83,19.5
2005-01,14.36,19.37
2005-01,14.65,19.87
2005-01,14.06,19.52
2005-01,13.44,18.92
2005-01,13.24,18.58
2005-01,13.24,18.58
2005-01,12.82,18.43
2005-02,12.03,17.76
2005-02,11.66,17.3
2005-02,11.79,17.36
2005-02,11.21,16.92
2005-02,11.73,17.56
2005-02,11.6,17.6
2005-02,12.0,18.24
2005-02,11.51,17.92
2005-02,11.43,17.19
2005-02,11.52,17.68
2005-02,11.27,17.56
2005-02,11.1,17.41
2005-02,11.77,17.53
2005-02,11.18,17.87
2005-02,,
2005-02,13.14,19.0
2005-02,12.39,18.44
2005-02,11.57,17.61
2005-02,11.49,17.34
2005-02,12.08,18.07
2005-03,12.04,17.78
2005-03,12.5,18.2
2005-03,12.93,18.76
2005-03,11.94,18.13
2005-03,12.26,17.73
2005-03,12.4,17.86
2005-03,12.7,17.8
2005-03,12.49,17.88
2005-03,12.8,18.57
2005-03,12.39,18.35
2005-03,13.15,18.68
2005-03,13.49,19.01
2005-03,13.29,18.46
2005-03,13.14,17.88
2005-03,13.61,17.83
2005-03,14.27,18.03
2005-03,14.06,17.68
2005-03,13.42,17.15
2005-03,,
2005-03,13.75,17.74
2005-03,14.49,17.99
2005-03,13.64,17.36
2005-03,14.02,17.65
2005-04,14.09,17.61
2005-04,14.11,18.07
2005-04,13.68,17.67
2005-04,13.15,17.35
2005-04,12.33,16.67
2005-04,12.62,16.96
2005-04,11.98,16.9
2005-04,11.3,16.24
2005-04,13.31,16.07
2005-04,14.53,18.01
2005-04,17.74,21.85
2005-04,16.56,21.38
2005-04,14.96,19.11
2005-04,16.92,20.23
2005-04,14.41,18.52
2005-04,15.38,19.04
2005-04,14.62,18.58
2005-04,14.91,18.68
2005-04,14.87,18.76
2005-04,16.86,20.13
2005-04,15.31,18.54
2005-05,15.12,20.8
2005-05,14.53,20.14
2005-05,13.85,18.32
2005-05,13.98,18.12
2005-05,14.05,17.58
2005-05,13.75,18.37
2005-05,14.91,18.11
2005-05,14.45,17.87
2005-05,16.12,18.81
2005-05,16.32,18.41
2005-05,15.68,18.77
2005-05,14.57,18.28
2005-05,13.63,17.55
2005-05,13.32,16.95
2005-05,13.14,15.88
2005-05,12.95,16.04
2005-05,12.69,15.84
2005-05,12.58,15.62
2005-05,12.24,15.0
2005-05,12.15,15.15
2005-05,,
2005-05,13.29,16.08
2005-06,12.36,15.87
2005-06,11.84,14.95
2005-06,12.15,15.59
2005-06,12.28,15.74
2005-06,12.39,15.61
2005-06,12.7,15.8
2005-06,12.08,15.27
2005-06,11.96,15.87
2005-06,11.65,15.74
2005-06,11.79,15.75
2005-06,11.46,15.45
2005-06,11.15,14.97
2005-06,11.48,14.63
2005-06,11.47,14.7
2005-06,11.08,13.43
2005-06,11.05,14.04
2005-06,12.13,15.07
2005-06,12.18,15.3
2005-06,12.52,15.73
2005-06,11.58,14.84
2005-06,11.77,14.46
2005-06,12.04,14.46
2005-07,11.4,14.27
2005-07,,
2005-07,11.68,14.5
2005-07,12.27,14.77
2005-07,12.49,15.14
2005-07,11.45,13.8
2005-07,11.28,13.57
2005-07,10.95,14.77
2005-07,10.84,14.88
2005-07,10.81,14.21
2005-07,10.33,13.34
2005-07,10.77,13.81
2005-07,10.45,13.06
2005-07,10.23,12.89
2005-07,10.97,13.47
2005-07,10.52,12.95
2005-07,11.1,13.58
2005-07,10.99,13.56
2005-07,10.36,12.76
2005-07,10.52,12.61
2005-07,11.57,13.87
2005-08,12.08,14.38
2005-08,11.75,13.95
2005-08,11.83,13.72
2005-08,12.52,14.94
2005-08,12.48,15.4
2005-08,13.21,15.95
2005-08,12.4,15.25
2005-08,12.38,15.67
2005-08,12.42,15.73
2005-08,12.74,15.63
2005-08,12.26,15.07
2005-08,13.52,16.2
2005-08,13.3,15.57
2005-08,13.42,15.29
2005-08,13.42,16.16
2005-08,13.42,15.94
2005-08,13.34,15.57
2005-08,14.17,15.43
2005-08,13.73,15.35
2005-08,13.72,15.37
2005-08,13.52,15.3
2005-08,13.65,15.36
2005-08,12.6,14.71
2005-09,13.15,15.07
2005-09,13.57,15.67
2005-09,,
2005-09,12.93,14.89
2005-09,12.52,14.9
2005-09,12.93,14.7
2005-09,11.98,14.27
2005-09,11.65,15.16
2005-09,12.39,14.97
2005-09,12.91,15.57
2005-09,12.49,15.76
2005-09,11.22,14.58
2005-09,12.14,14.69
2005-09,12.64,15.17
2005-09,13.79,15.85
2005-09,13.33,15.3
2005-09,12.96,15.16
2005-09,13.04,14.82
2005-09,12.76,14.39
2005-09,12.63,14.35
2005-09,12.24,14.37
2005-09,11.92,13.31
2005-10,12.46,13.97
2005-10,13.2,14.91
2005-10,14.55,15.86
2005-10,14.96,16.79
2005-10,14.59,16.62
2005-10,15.55,17.28
2005-10,15.63,17.15
2005-10,16.22,17.76
2005-10,16.47,17.19
2005-10,14.87,16.23
2005-10,14.67,16.22
2005-10,15.33,16.48
2005-10,13.5,15.57
2005-10,16.11,16.35
2005-10,16.13,15.82
2005-10,14.74,15.23
2005-10,14.53,15.28
2005-10,14.59,15.87
2005-10,16.02,17.7
2005-10,14.25,17.52
2005-10,15.32,17.99
2005-11,14.85,17.39
2005-11,13.48,15.82
2005-11,13.0,15.65
2005-11,13.17,15.18
2005-11,13.1,15.67
2005-11,13.08,15.56
2005-11,12.8,15.87
2005-11,11.9,14.61
2005-11,11.63,14.21
2005-11,12.18,14.68
2005-11,12.23,14.79
2005-11,12.26,13.96
2005-11,11.25,13.28
2005-11,11.12,14.36
2005-11,10.82,14.11
2005-11,10.6,14.01
2005-11,10.96,14.16
2005-11,,
2005-11,10.88,13.89
2005-11,11.84,14.78
2005-11,11.89,15.4
2005-11,12.06,15.31
2005-12,11.24,14.42
2005-12,11.01,13.92
2005-12,11.6,14.6
2005-12,11.52,14.36
2005-12,12.18,14.98
2005-12,12.21,15.44
2005-12,11.69,15.14
2005-12,11.47,14.83
2005-12,11.11,14.22
2005-12,10.48,13.79
2005-12,10.73,13.99
2005-12,10.68,13.19
2005-12,11.38,14.23
2005-12,11.19,14.14
2005-12,10.81,13.97
2005-12,10.29,13.67
2005-12,10.27,13.6
2005-12,,
2005-12,11.57,14.65
2005-12,11.35,14.48
2005-12,11.61,14.62
2005-12,12.07,14.26
2006-01,,
2006-01,11.14,14.69
2006-01,11.37,14.85
2006-01,11.31,15.01
2006-01,11.0,14.95
2006-01,11.13,15.66
2006-01,10.86,15.77
2006-01,10.94,15.23
2006-01,11.2,15.93
2006-01,11.23,15.92
2006-01,,
2006-01,11.91,16.74
2006-01,12.25,17.11
2006-01,11.98,16.51
2006-01,14.56,19.45
2006-01,13.93,19.43
2006-01,13.31,18.37
2006-01,12.87,17.93
2006-01,12.42,17.55
2006-01,11.97,17.31
2006-01,12.39,17.89
2006-01,12.95,18.58
2006-02,12.36,17.12
2006-02,13.23,17.79
2006-02,12.96,17.53
2006-02,13.04,17.62
2006-02,13.59,17.66
2006-02,12.83,17.06
2006-02,13.12,17.14
2006-02,12.87,16.88
2006-02,13.35,17.39
2006-02,12.25,16.91
2006-02,12.31,16.05
2006-02,11.48,14.93
2006-02,12.01,15.11
2006-02,,
2006-02,12.41,15.25
2006-02,11.88,15.34
2006-02,11.87,15.59
2006-02,11.46,15.16
2006-02,11.59,14.97
2006-02,12.34,15.99
2006-03,11.54,15.49
2006-03,11.72,15.99
2006-03,11.96,16.27
2006-03,12.74,17.52
2006-03,12.66,17.7
2006-03,12.32,17.47
2006-03,12.68,17.79
2006-03,11.85,17.62
2006-03,11.37,17.25
2006-03,10.74,15.72
2006-03,11.35,15.44
2006-03,11.98,15.62
2006-03,12.12,15.36
2006-03,11.79,15.93
2006-03,11.62,16.04
2006-03,11.21,16.1
2006-03,11.17,16.03
2006-03,11.19,15.91
2006-03,11.46,16.11
2006-03,11.58,16.3
2006-03,10.95,15.81
2006-03,11.57,16.14
2006-03,11.39,16.31
2006-04,11.57,16.52
2006-04,11.14,16.26
2006-04,11.13,15.92
2006-04,11.45,15.63
2006-04,12.26,15.88
2006-04,12.19,16.4
2006-04,13.0,17.04
2006-04,12.76,17.04
2006-04,12.38,16.34
2006-04,,
2006-04,12.58,17.31
2006-04,11.4,16.34
2006-04,11.32,15.21
2006-04,11.64,15.52
2006-04,11.59,15.92
2006-04,11.75,15.61
2006-04,11.75,15.59
2006-04,11.76,15.55
2006-04,11.84,15.21
2006-04,11.59,15.51
2006-05,12.54,16.33
2006-05,11.99,15.79
2006-05,11.99,15.58
2006-05,11.86,14.94
2006-05,11.62,14.43
2006-05,12.0,14.77
2006-05,11.99,14.64
2006-05,11.78,14.85
2006-05,12.49,15.72
2006-05,14.19,17.1
2006-05,13.57,18.04
2006-05,13.35,17.33
2006-05,16.26,19.56
2006-05,16.99,20.31
2006-05,17.18,20.95
2006-05,17.72,22.54
2006-05,18.26,22.18
2006-05,17.36,21.91
2006-05,15.5,19.69
2006-05,14.26,18.58
2006-05,,
2006-05,18.66,22.1
2006-05,16.44,21.46
2006-06,14.52,18.86
2006-06,14.32,18.38
2006-06,16.65,20.9
2006-06,17.34,22.18
2006-06,17.8,23.54
2006-06,18.35,24.61
2006-06,18.12,23.22
2006-06,20.96,25.64
2006-06,23.81,25.73
2006-06,21.46,24.34
2006-06,15.9,19.47
2006-06,17.25,21.69
2006-06,17.83,22.04
2006-06,16.69,21.03
2006-06,15.52,19.66
2006-06,15.88,20.81
2006-06,15.89,20.36
2006-06,15.62,20.83
2006-06,16.4,22.11
2006-06,15.79,21.45
2006-06,13.03,17.93
2006-06,13.08,17.89
2006-07,13.05,17.68
2006-07,,
2006-07,14.15,19.78
2006-07,13.65,19.8
2006-07,13.97,20.17
2006-07,14.02,20.82
2006-07,13.14,20.18
2006-07,14.49,22.07
2006-07,17.79,24.66
2006-07,18.05,24.62
2006-07,18.64,24.52
2006-07,17.74,23.89
2006-07,15.55,22.83
2006-07,16.21,23.22
2006-07,17.4,23.2
2006-07,14.98,21.78
2006-07,14.85,21.52
2006-07,14.62,20.69
2006-07,14.94,20.79
2006-07,14.33,19.26
2006-07,14.95,20.33
2006-08,15.05,21.38
2006-08,14.34,20.85
2006-08,14.46,21.12
2006-08,14.34,21.63
2006-08,15.23,22.87
2006-08,15.23,22.85
2006-08,15.2,21.6
2006-08,14.46,20.86
2006-08,14.3,20.06
2006-08,14.26,19.11
2006-08,13.42,18.49
2006-08,12.41,18.99
2006-08,12.24,18.96
2006-08,11.64,18.45
2006-08,12.22,19.87
2006-08,12.19,19.96
2006-08,12.4,20.29
2006-08,12.4,19.52
2006-08,12.31,16.98
2006-08,12.18,17.23
2006-08,12.28,17.29
2006-08,12.22,16.8
2006-08,12.31,17.39
2006-09,11.96,16.8
2006-09,,
2006-09,12.63,18.35
2006-09,13.74,20.19
2006-09,13.88,20.27
2006-09,13.16,19.82
2006-09,12.99,19.77
2006-09,11.92,18.26
2006-09,11.18,17.59
2006-09,11.55,17.49
2006-09,11.76,17.75
2006-09,11.78,18.45
2006-09,11.98,18.26
2006-09,11.39,18.45
2006-09,12.25,18.2
2006-09,12.59,18.23
2006-09,12.12,17.72
2006-09,11.53,17.66
2006-09,11.58,17.41
2006-09,11.72,17.26
2006-09,11.98,17.68
2006-10,12.57,19.44
2006-10,12.24,19.78
2006-10,11.86,18.53
2006-10,11.98,18.15
2006-10,11.56,17.97
2006-10,11.68,18.28
2006-10,11.52,18.86
2006-10,11.62,18.51
2006-10,11.09,17.66
2006-10,10.75,17.83
2006-10,11.09,18.45
2006-10,11.73,18.88
2006-10,11.34,18.09
2006-10,10.9,16.93
2006-10,10.63,16.7
2006-10,11.08,17.62
2006-10,10.78,17.25
2006-10,10.66,16.78
2006-10,10.56,16.59
2006-10,10.8,17.41
2006-10,11.2,17.99
2006-10,11.1,17.28
2006-11,11.51,17.98
2006-11,11.42,18.04
2006-11,11.16,17.23
2006-11,11.16,17.39
2006-11,11.09,17.51
2006-11,10.75,16.39
2006-11,11.01,16.66
2006-11,10.79,15.52
2006-11,10.86,16.2
2006-11,10.5,15.36
2006-11,10.31,15.4
2006-11,10.16,15.36
2006-11,10.05,15.33
2006-11,9.97,15.13
2006-11,9.9,15.02
2006-11,10.14,14.95
2006-11,,
2006-11,10.73,15.59
2006-11,12.3,17.6
2006-11,11.62,17.33
2006-11,10.83,16.78
2006-11,10.91,16.53
2006-12,11.66,16.6
2006-12,11.23,16.49
2006-12,11.27,16.2
2006-12,11.33,16.46
2006-12,12.67,17.93
2006-12,12.07,17.14
2006-12,10.71,15.54
2006-12,10.65,15.25
2006-12,10.18,14.9
2006-12,9.97,14.09
2006-12,10.05,15.15
2006-12,10.6,16.22
2006-12,10.3,16.55
2006-12,10.26,16.07
2006-12,10.53,16.41
2006-12,11.36,17.2
2006-12,,
2006-12,11.26,17.44
2006-12,10.64,16.46
2006-12,10.99,16.32
2006-12,11.56,16.23
2007-01,,
2007-01,,
2007-01,12.04,17.5
2007-01,11.51,16.99
2007-01,12.14,17.9
2007-01,12.0,18.35
2007-01,11.91,17.89
2007-01,11.47,17.25
2007-01,10.87,17.02
2007-01,10.15,16.56
2007-01,,
2007-01,10.74,17.28
2007-01,10.59,16.92
2007-01,10.85,17.63
2007-01,10.4,16.81
2007-01,10.77,17.65
2007-01,10.34,17.34
2007-01,9.89,16.61
2007-01,11.22,17.63
2007-01,11.13,17.52
2007-01,11.45,18.16
2007-01,10.96,17.98
2007-01,10.42,17.19
2007-02,10.31,17.11
2007-02,10.08,16.43
2007-02,10.55,16.84
2007-02,10.65,16.61
2007-02,10.32,16.17
2007-02,10.44,16.14
2007-02,11.1,17.11
2007-02,11.61,17.34
2007-02,10.34,15.83
2007-02,10.23,15.37
2007-02,10.22,15.27
2007-02,10.02,14.83
2007-02,,
2007-02,10.24,15.77
2007-02,10.2,15.38
2007-02,10.18,15.3
2007-02,10.58,15.32
2007-02,11.15,15.98
2007-02,18.31,22.97
2007-02,15.42,20.53
2007-03,15.82,21.51
2007-03,18.61,23.66
2007-03,19.63,24.61
2007-03,15.96,21.19
2007-03,15.24,20.56
2007-03,14.29,19.79
2007-03,14.09,18.94
2007-03,13.99,18.52
2007-03,18.13,22.04
2007-03,17.27,19.77
2007-03,16.43,18.79
2007-03,16.79,19.6
2007-03,14.59,18.38
2007-03,13.27,17.6
2007-03,12.19,17.2
2007-03,12.93,16.77
2007-03,12.95,17.17
2007-03,13.16,17.0
2007-03,13.48,17.2
2007-03,14.98,18.56
2007-03,15.14,18.53
2007-03,14.64,18.24
2007-04,14.53,18.6
2007-04,13.46,17.69
2007-04,13.24,17.1
2007-04,13.23,16.75
2007-04,,
2007-04,13.14,17.77
2007-04,12.68,17.02
2007-04,13.49,17.74
2007-04,12.71,17.42
2007-04,12.2,16.84
2007-04,11.98,16.44
2007-04,12.14,16.08
2007-04,12.42,16.29
2007-04,12.54,16.3
2007-04,12.07,15.71
2007-04,13.04,16.38
2007-04,13.12,16.37
2007-04,13.21,16.36
2007-04,12.79,15.97
2007-04,12.45,15.46
2007-04,14.22,17.26
2007-05,13.51,16.94
2007-05,13.08,16.7
2007-05,13.09,16.6
2007-05,12.91,16.59
2007-05,13.15,16.98
2007-05,13.21,17.06
2007-05,12.88,16.29
2007-05,13.6,17.38
2007-05,12.95,16.09
2007-05,13.96,16.83
2007-05,14.01,17.09
2007-05,13.5,16.31
2007-05,13.51,16.75
2007-05,12.76,15.91
2007-05,13.3,16.03
2007-05,13.06,16.07
2007-05,13.24,16.93
2007-05,14.08,18.02
2007-05,13.34,17.07
2007-05,,
2007-05,13.53,17.57
2007-05,12.83,16.84
2007-05,13.05,16.86
2007-06,12.78,16.58
2007-06,13.29,16.59
2007-06,13.63,16.44
2007-06,14.87,17.2
2007-06,17.06,19.3
2007-06,14.84,17.12
2007-06,14.71,16.29
2007-06,16.67,17.7
2007-06,14.73,15.81
2007-06,13.64,15.43
2007-06,13.94,15.94
2007-06,13.42,15.86
2007-06,12.85,15.53
2007-06,14.67,16.68
2007-06,14.21,16.21
2007-06,15.75,17.29
2007-06,16.65,18.07
2007-06,18.89,19.59
2007-06,15.53,17.36
2007-06,15.54,16.91
2007-06,16.23,17.86
2007-07,15.4,17.0
2007-07,14.92,16.7
2007-07,,
2007-07,15.48,17.09
2007-07,14.72,16.52
2007-07,15.16,17.08
2007-07,17.57,18.61
2007-07,16.64,17.54
2007-07,15.54,17.25
2007-07,15.15,16.44
2007-07,15.59,16.55
2007-07,15.63,16.95
2007-07,16.0,16.77
2007-07,15.23,16.55
2007-07,16.95,17.49
2007-07,16.81,17.85
2007-07,18.55,19.31
2007-07,18.1,18.92
2007-07,20.74,19.5
2007-07,24.17,23.18
2007-07,20.87,20.76
2007-07,23.52,23.55
2007-08,23.67,23.78
2007-08,21.22,21.24
2007-08,25.16,24.42
2007-08,22.94,22.43
2007-08,21.56,21.08
2007-08,21.45,20.97
2007-08,26.48,26.23
2007-08,28.3,26.84
2007-08,26.57,24.57
2007-08,27.68,24.97
2007-08,30.67,27.97
2007-08,30.83,29.03
2007-08,29.99,27.04
2007-08,26.33,25.2
2007-08,25.25,23.67
2007-08,22.89,22.0
2007-08,22.62,22.03
2007-08,20.72,20.69
2007-08,22.72,22.63
2007-08,26.3,25.9
2007-08,23.81,23.61
2007-08,25.06,25.38
2007-08,23.38,24.53
2007-09,,
2007-09,22.78,24.51
2007-09,24.58,27.15
2007-09,23.99,26.64
2007-09,26.23,29.22
2007-09,27.38,29.94
2007-09,25.27,27.52
2007-09,24.96,28.02
2007-09,24.76,27.44
2007-09,24.92,26.96
2007-09,26.48,28.74
2007-09,20.35,23.28
2007-09,20.03,22.51
2007-09,20.45,21.97
2007-09,19.0,20.71
2007-09,19.37,20.83
2007-09,18.6,20.8
2007-09,17.63,20.59
2007-09,17.0,20.59
2007-09,18.0,21.01
2007-10,17.84,21.09
2007-10,18.49,21.26
2007-10,18.8,21.55
2007-10,18.44,21.46
2007-10,16.91,19.77
2007-10,17.46,20.25
2007-10,16.12,19.42
2007-10,16.67,19.73
2007-10,18.88,22.42
2007-10,17.73,21.2
2007-10,19.25,23.46
2007-10,20.02,23.56
2007-10,18.54,22.02
2007-10,18.5,22.14
2007-10,22.96,25.94
2007-10,21.64,25.26
2007-10,20.41,24.13
2007-10,20.8,24.8
2007-10,21.17,25.77
2007-10,19.56,25.01
2007-10,19.87,25.83
2007-10,21.07,26.36
2007-10,18.53,23.11
2007-11,23.21,26.26
2007-11,23.01,24.83
2007-11,24.31,26.1
2007-11,21.39,23.91
2007-11,26.49,27.14
2007-11,26.16,29.61
2007-11,28.5,32.52
2007-11,31.09,34.94
2007-11,24.1,29.71
2007-11,25.94,31.32
2007-11,28.06,32.91
2007-11,25.49,28.79
2007-11,26.01,30.11
2007-11,24.88,29.89
2007-11,26.84,30.55
2007-11,,
2007-11,25.61,30.49
2007-11,28.91,33.43
2007-11,26.28,30.76
2007-11,24.11,28.83
2007-11,23.97,28.27
2007-11,22.87,28.65
2007-12,23.61,29.63
2007-12,23.79,28.85
2007-12,22.53,26.91
2007-12,20.96,24.89
2007-12,20.85,23.75
2007-12,20.74,24.39
2007-12,23.59,26.46
2007-12,22.47,25.97
2007-12,22.56,25.52
2007-12,23.27,25.91
2007-12,24.52,27.89
2007-12,22.64,26.79
2007-12,21.68,24.88
2007-12,20.58,23.15
2007-12,18.47,20.9
2007-12,18.6,21.42
2007-12,,
2007-12,18.66,21.32
2007-12,20.26,22.46
2007-12,20.74,23.63
2007-12,22.5,25.9
2008-01,,
2008-01,23.17,27.14
2008-01,22.49,26.59
2008-01,23.94,28.62
2008-01,23.79,29.39
2008-01,25.43,30.77
2008-01,24.12,28.18
2008-01,23.45,27.78
2008-01,23.68,28.82
2008-01,22.9,28.08
2008-01,23.34,27.48
2008-01,24.38,28.87
2008-01,28.46,31.16
2008-01,27.18,30.23
2008-01,,
2008-01,31.01,35.63
2008-01,29.02,34.02
2008-01,27.78,32.22
2008-01,29.08,33.81
2008-01,27.78,32.56
2008-01,27.32,32.85
2008-01,27.62,31.8
2008-01,26.2,31.08
2008-02,24.02,28.25
2008-02,25.99,30.46
2008-02,28.24,32.44
2008-02,28.97,32.68
2008-02,27.66,31.56
2008-02,28.01,30.08
2008-02,27.6,29.09
2008-02,26.33,28.22
2008-02,24.88,25.35
2008-02,25.54,26.52
2008-02,25.02,26.69
2008-02,,
2008-02,25.59,27.99
2008-02,24.4,27.09
2008-02,25.12,26.92
2008-02,24.06,26.3
2008-02,23.03,26.67
2008-02,21.9,25.95
2008-02,22.69,25.06
2008-02,23.53,26.6
2008-02,26.54,28.44
2008-03,26.28,29.47
2008-03,25.52,28.26
2008-03,24.6,27.52
2008-03,27.55,29.99
2008-03,27.49,29.25
2008-03,29.38,31.38
2008-03,26.36,28.56
2008-03,27.22,30.05
2008-03,27.29,29.86
2008-03,31.16,32.01
2008-03,32.24,32.99
2008-03,25.79,28.45
2008-03,29.84,31.28
2008-03,26.62,29.05
2008-03,,
2008-03,25.73,28.69
2008-03,25.72,29.07
2008-03,26.08,29.75
2008-03,25.88,29.55
2008-03,25.71,28.87
2008-03,25.61,29.04
2008-04,22.68,26.56
2008-04,23.43,27.27
2008-04,23.21,26.93
2008-04,22.45,25.6
2008-04,22.42,26.19
2008-04,22.36,26.03
2008-04,22.81,26.61
2008-04,21.98,25.77
2008-04,23.46,27.54
2008-04,23.82,28.28
2008-04,22.78,27.46
2008-04,20.53,25.55
2008-04,20.37,24.2
2008-04,20.13,23.58
2008-04,20.5,24.09
2008-04,20.87,24.54
2008-04,20.26,25.06
2008-04,20.06,23.72
2008-04,19.59,23.34
2008-04,19.64,23.65
2008-04,20.24,23.87
2008-04,20.79,24.41
2008-05,18.88,22.72
2008-05,18.18,21.39
2008-05,18.9,22.43
2008-05,18.21,21.88
2008-05,19.73,23.51
2008-05,19.4,23.18
2008-05,19.41,23.48
2008-05,17.79,22.46
2008-05,17.98,21.5
2008-05,17.66,21.47
2008-05,16.3,20.13
2008-05,16.47,20.0
2008-05,17.01,21.09
2008-05,17.58,21.37
2008-05,18.59,22.96
2008-05,18.05,22.49
2008-05,19.55,23.36
2008-05,,
2008-05,19.64,22.99
2008-05,19.07,22.24
2008-05,18.14,21.28
2008-05,17.83,20.85
2008-06,19.83,22.88
2008-06,20.24,23.89
2008-06,20.8,24.01
2008-06,18.63,22.85
2008-06,23.56,26.04
2008-06,23.12,26.7
2008-06,23.18,26.58
2008-06,24.12,27.32
2008-06,23.33,27.4
2008-06,21.22,25.3
2008-06,20.95,25.02
2008-06,21.13,24.7
2008-06,22.24,25.8
2008-06,21.58,24.8
2008-06,22.87,26.75
2008-06,22.64,27.53
2008-06,22.42,28.14
2008-06,21.14,26.39
2008-06,23.93,29.06
2008-06,23.44,28.67
2008-06,23.95,29.76
2008-07,23.65,28.73
2008-07,25.92,30.92
2008-07,24.79,29.85
2008-07,,
2008-07,25.78,30.38
2008-07,23.15,28.43
2008-07,25.23,30.27
2008-07,25.59,30.45
2008-07,27.49,31.67
2008-07,28.48,33.2
2008-07,28.54,33.01
2008-07,25.1,30.13
2008-07,25.01,29.87
2008-07,24.05,30.49
2008-07,23.05,29.69
2008-07,21.18,27.09
2008-07,21.31,27.44
2008-07,23.44,27.83
2008-07,22.91,26.63
2008-07,24.23,27.74
2008-07,22.03,26.15
2008-07,21.21,25.54
2008-07,22.94,26.24
2008-08,22.57,25.97
2008-08,23.49,27.56
2008-08,21.14,25.65
2008-08,20.23,24.35
2008-08,21.15,24.75
2008-08,20.66,24.24
2008-08,20.12,24.19
2008-08,21.17,24.51
2008-08,21.55,24.57
2008-08,20.34,22.6
2008-08,19.58,22.52
2008-08,20.98,23.59
2008-08,21.28,24.21
2008-08,20.42,23.53
2008-08,19.82,23.15
2008-08,18.81,22.38
2008-08,20.97,24.28
2008-08,20.49,24.03
2008-08,19.76,23.34
2008-08,19.43,23.15
2008-08,20.65,24.02
2008-09,,
2008-09,21.99,26.15
2008-09,21.43,25.74
2008-09,24.03,27.56
2008-09,23.06,26.66
2008-09,22.64,27.42
2008-09,25.47,28.63
2008-09,24.52,27.76
2008-09,24.39,27.31
2008-09,25.66,28.21
2008-09,31.7,32.13
2008-09,30.3,31.0
2008-09,36.22,35.88
2008-09,33.1,32.82
2008-09,32.07,34.26
2008-09,33.85,35.46
2008-09,35.72,36.52
2008-09,35.19,36.4
2008-09,32.82,34.86
2008-09,34.74,36.85
2008-09,46.72,49.56
2008-09,39.39,42.58
2008-10,39.81,42.92
2008-10,45.26,49.53
2008-10,45.14,49.76
2008-10,52.05,55.36
2008-10,53.68,58.51
2008-10,57.53,63.27
2008-10,63.92,69.66
2008-10,69.95,71.58
2008-10,54.99,60.27
2008-10,55.13,62.77
2008-10,69.25,72.93
2008-10,67.61,72.39
2008-10,70.33,71.26
2008-10,52.97,59.65
2008-10,53.11,60.07
2008-10,69.65,70.92
2008-10,67.8,69.84
2008-10,79.13,78.82
2008-10,80.06,79.16
2008-10,66.96,66.2
2008-10,69.96,69.13
2008-10,62.9,63.19
2008-10,59.89,60.3
2008-11,53.68,56.22
2008-11,47.73,51.25
2008-11,54.56,55.43
2008-11,63.68,62.7
2008-11,56.1,55.14
2008-11,59.98,58.44
2008-11,61.44,60.83
2008-11,66.46,64.64
2008-11,59.83,58.03
2008-11,66.31,66.05
2008-11,69.15,68.6
2008-11,67.64,68.31
2008-11,74.26,74.66
2008-11,80.86,80.64
2008-11,72.67,71.2
2008-11,64.7,62.92
2008-11,60.9,59.71
2008-11,54.92,55.26
2008-11,,
2008-11,55.84,56.05
2008-12,68.51,66.35
2008-12,62.98,62.48
2008-12,60.72,61.74
2008-12,63.64,62.59
2008-12,59.93,58.96
2008-12,58.49,57.17
2008-12,58.91,56.59
2008-12,55.73,53.82
2008-12,55.78,52.06
2008-12,54.28,51.91
2008-12,56.76,54.71
2008-12,52.37,50.22
2008-12,49.84,48.04
2008-12,47.34,46.03
2008-12,44.93,43.5
2008-12,44.56,41.91
2008-12,45.02,43.29
2008-12,44.21,43.4
2008-12,,
2008-12,43.38,43.15
2008-12,43.9,43.69
2008-12,41.63,41.67
2008-12,40.0,40.79
2009-01,,
2009-01,39.19,39.11
2009-01,39.08,39.07
2009-01,38.56,39.71
2009-01,43.39,43.52
2009-01,42.56,43.23
2009-01,42.82,43.84
2009-01,45.84,44.46
2009-01,43.27,43.11
2009-01,49.14,47.8
2009-01,51.0,48.33
2009-01,46.11,44.19
2009-01,,
2009-01,56.65,54.45
2009-01,46.42,47.35
2009-01,47.29,45.83
2009-01,47.27,46.6
2009-01,45.69,45.0
2009-01,42.25,43.1
2009-01,39.66,39.17
2009-01,42.63,42.58
2009-01,44.84,44.93
2009-02,45.52,46.47
2009-02,43.06,42.88
2009-02,43.85,42.82
2009-02,43.73,43.3
2009-02,43.37,41.95
2009-02,43.64,43.51
2009-02,46.67,45.86
2009-02,44.53,44.58
2009-02,41.25,41.99
2009-02,42.93,43.11
2009-02,,
2009-02,48.66,47.5
2009-02,48.46,46.68
2009-02,47.08,45.2
2009-02,49.3,47.18
2009-02,52.62,50.06
2009-02,45.49,44.05
2009-02,44.67,43.95
2009-02,44.66,43.87
2009-02,46.35,45.28
2009-03,52.65,50.92
2009-03,50.93,49.36
2009-03,47.56,45.66
2009-03,50.17,48.08
2009-03,49.33,47.99
2009-03,49.68,48.76
2009-03,44.37,43.83
2009-03,43.61,42.81
2009-03,41.18,40.77
2009-03,42.36,41.25
2009-03,43.74,43.54
2009-03,40.8,40.36
2009-03,40.06,39.8
2009-03,43.68,42.46
2009-03,45.89,44.66
2009-03,43.23,42.01
2009-03,42.93,42.17
2009-03,42.25,41.35
2009-03,40.36,40.58
2009-03,41.04,41.45
2009-03,45.54,44.87
2009-03,44.14,44.2
2009-04,42.28,42.48
2009-04,42.04,42.29
2009-04,39.7,40.6
2009-04,40.93,41.56
2009-04,40.39,41.07
2009-04,38.85,40.5
2009-04,36.53,38.23
2009-04,,
2009-04,37.81,39.34
2009-04,37.67,39.43
2009-04,36.17,38.31
2009-04,35.79,36.8
2009-04,33.94,35.29
2009-04,39.18,39.71
2009-04,37.14,38.44
2009-04,38.1,39.24
2009-04,37.15,37.95
2009-04,36.82,36.8
2009-04,38.32,38.79
2009-04,37.95,38.53
2009-04,36.08,36.96
2009-04,36.5,36.64
2009-05,35.3,35.05
2009-05,34.53,35.05
2009-05,33.36,33.42
2009-05,32.45,33.28
2009-05,33.44,34.47
2009-05,32.05,33.67
2009-05,32.87,34.29
2009-05,31.8,33.09
2009-05,33.65,34.98
2009-05,31.37,32.64
2009-05,33.12,33.14
2009-05,30.24,30.22
2009-05,28.8,29.56
2009-05,29.03,29.9
2009-05,31.35,31.2
2009-05,32.63,31.87
2009-05,,
2009-05,30.62,31.23
2009-05,32.36,32.16
2009-05,31.67,31.52
2009-05,28.92,29.44
2009-06,30.04,30.72
2009-06,29.63,30.61
2009-06,31.02,31.45
2009-06,30.18,31.06
2009-06,29.62,30.71
2009-06,29.77,31.18
2009-06,28.27,29.69
2009-06,28.46,29.77
2009-06,28.11,29.73
2009-06,28.15,29.21
2009-06,30.81,32.54
2009-06,32.68,32.32
2009-06,31.54,31.47
2009-06,30.03,30.03
2009-06,27.99,28.3
2009-06,31.17,31.41
2009-06,30.58,30.69
2009-06,29.05,29.03
2009-06,26.36,27.25
2009-06,25.93,26.53
2009-06,25.35,26.47
2009-06,26.35,26.69
2009-07,26.22,26.86
2009-07,27.95,28.07
2009-07,,
2009-07,29.0,29.25
2009-07,30.85,31.2
2009-07,31.3,31.07
2009-07,29.78,30.0
2009-07,29.02,29.33
2009-07,26.31,26.61
2009-07,25.02,26.03
2009-07,25.89,25.28
2009-07,25.42,24.8
2009-07,24.34,24.28
2009-07,24.4,24.79
2009-07,23.87,24.68
2009-07,23.47,24.99
2009-07,23.43,25.87
2009-07,23.09,24.67
2009-07,24.28,25.65
2009-07,25.01,25.35
2009-07,25.61,26.22
2009-07,25.4,26.63
2009-07,25.92,26.16
2009-08,25.56,26.28
2009-08,24.89,25.17
2009-08,24.9,25.5
2009-08,25.67,26.36
2009-08,24.76,25.02
2009-08,24.99,25.66
2009-08,25.99,26.11
2009-08,25.45,25.68
2009-08,24.71,25.09
2009-08,24.27,25.24
2009-08,27.89,27.59
2009-08,26.18,26.18
2009-08,26.26,26.21
2009-08,25.09,24.97
2009-08,25.01,24.69
2009-08,25.14,25.27
2009-08,24.92,25.13
2009-08,24.95,25.6
2009-08,24.68,25.01
2009-08,24.76,24.93
2009-08,26.01,27.17
2009-09,29.15,29.31
2009-09,28.9,29.38
2009-09,27.1,28.1
2009-09,25.26,25.85
2009-09,,
2009-09,25.62,26.43
2009-09,24.32,25.77
2009-09,23.55,24.83
2009-09,24.15,25.29
2009-09,23.86,24.93
2009-09,23.42,24.61
2009-09,23.69,24.02
2009-09,23.65,24.26
2009-09,23.92,24.69
2009-09,24.06,24.92
2009-09,23.08,24.08
2009-09,23.49,24.47
2009-09,24.95,25.9
2009-09,25.61,25.77
2009-09,24.88,26.21
2009-09,25.19,26.11
2009-09,25.61,26.5
2009-10,28.27,28.95
2009-10,28.68,29.02
2009-10,26.84,28.23
2009-10,25.7,26.87
2009-10,24.68,25.88
2009-10,24.18,25.68
2009-10,23.12,24.18
2009-10,23.01,23.78
2009-10,22.99,23.84
2009-10,22.86,23.51
2009-10,21.72,22.51
2009-10,21.43,22.22
2009-10,21.49,22.11
2009-10,20.9,21.62
2009-10,22.22,23.14
2009-10,20.69,21.58
2009-10,22.27,22.62
2009-10,24.31,24.52
2009-10,24.83,25.4
2009-10,27.91,28.27
2009-10,24.76,25.4
2009-10,30.69,29.81
2009-11,29.78,29.88
2009-11,28.81,28.88
2009-11,27.72,27.89
2009-11,25.43,25.84
2009-11,24.19,24.6
2009-11,23.15,23.55
2009-11,22.84,23.39
2009-11,23.04,23.06
2009-11,24.24,24.05
2009-11,23.36,22.92
2009-11,22.89,23.13
2009-11,22.41,22.14
2009-11,21.63,22.03
2009-11,22.63,23.3
2009-11,22.19,22.49
2009-11,21.16,22.03
2009-11,20.47,21.5
2009-11,20.48,21.32
2009-11,,
2009-11,24.85,25.41
2009-11,24.51,24.73
2009-12,21.92,23.28
2009-12,21.12,22.58
2009-12,22.46,24.0
2009-12,21.25,23.1
2009-12,22.1,23.69
2009-12,23.69,24.8
2009-12,22.66,23.28
2009-12,22.32,23.13
2009-12,21.59,22.38
2009-12,21.15,22.03
2009-12,21.49,22.46
2009-12,20.54,21.95
2009-12,22.51,22.84
2009-12,21.68,21.78
2009-12,20.49,20.82
2009-12,19.54,19.7
2009-12,19.71,19.67
2009-12,19.47,19.47
2009-12,,
2009-12,19.93,20.45
2009-12,20.01,20.43
2009-12,19.96,20.52
2009-12,21.68,21.65
2010-01,,
2010-01,20.04,21.2
2010-01,19.35,20.5
2010-01,19.16,20.21
2010-01,19.06,19.99
2010-01,18.13,18.92
2010-01,17.55,18.47
2010-01,18.25,19.29
2010-01,17.85,18.4
2010-01,17.63,18.2
2010-01,17.91,18.73
2010-01,,
2010-01,17.58,18.74
2010-01,18.68,20.01
2010-01,22.27,23.19
2010-01,27.31,28.37
2010-01,25.41,27.04
2010-01,24.55,25.47
2010-01,23.14,24.21
2010-01,23.73,24.91
2010-01,24.62,25.8
2010-02,22.59,24.33
2010-02,21.48,23.01
2010-02,21.6,22.34
2010-02,26.08,25.99
2010-02,26.11,25.96
2010-02,26.51,26.92
2010-02,26.0,25.58
2010-02,25.4,25.23
2010-02,23.96,23.43
2010-02,22.73,22.97
2010-02,,
2010-02,22.25,21.92
2010-02,21.72,21.4
2010-02,20.63,20.65
2010-02,20.02,20.81
2010-02,19.94,20.43
2010-02,21.37,21.55
2010-02,20.27,20.63
2010-02,20.1,20.52
2010-02,19.5,19.78
2010-03,19.26,19.59
2010-03,19.06,19.51
2010-03,18.83,19.35
2010-03,18.72,19.1
2010-03,17.42,17.92
2010-03,17.79,18.67
2010-03,17.92,18.76
2010-03,18.57,19.08
2010-03,18.06,19.09
2010-03,17.58,19.14
2010-03,18.0,19.05
2010-03,17.69,18.31
2010-03,16.91,17.56
2010-03,16.62,17.24
2010-03,16.97,17.87
2010-03,16.87,18.03
2010-03,16.35,17.43
2010-03,17.55,18.01
2010-03,18.4,18.82
2010-03,17.77,18.67
2010-03,17.59,18.6
2010-03,17.13,18.23
2010-03,17.59,18.32
2010-04,17.47,18.76
2010-04,,
2010-04,17.02,18.52
2010-04,16.23,17.83
2010-04,16.62,17.7
2010-04,16.48,17.29
2010-04,16.14,16.54
2010-04,15.58,16.37
2010-04,16.2,15.97
2010-04,15.59,16.02
2010-04,15.89,16.54
2010-04,18.36,17.78
2010-04,17.34,17.89
2010-04,15.73,16.43
2010-04,16.32,16.3
2010-04,16.47,16.83
2010-04,16.62,16.6
2010-04,17.47,17.81
2010-04,22.81,17.81
2010-04,21.08,20.51
2010-04,18.44,18.96
2010-04,22.05,22.06
2010-05,20.19,21.16
2010-05,23.84,26.09
2010-05,24.91,26.32
2010-05,32.8,31.25
2010-05,40.95,41.52
2010-05,28.84,30.36
2010-05,28.32,29.59
2010-05,25.52,27.0
2010-05,26.68,28.05
2010-05,31.24,31.55
2010-05,30.84,31.78
2010-05,33.55,35.48
2010-05,35.32,37.79
2010-05,45.79,46.63
2010-05,40.1,42.81
2010-05,38.32,39.84
2010-05,34.61,36.28
2010-05,35.02,36.32
2010-05,29.68,30.3
2010-05,32.07,31.61
2010-05,,
2010-06,35.54,36.23
2010-06,30.17,31.0
2010-06,29.46,29.38
2010-06,35.48,34.16
2010-06,36.57,37.29
2010-06,33.7,35.22
2010-06,33.73,34.82
2010-06,30.57,31.3
2010-06,28.79,28.8
2010-06,28.58,28.94
2010-06,25.87,26.37
2010-06,25.92,25.92
2010-06,25.05,25.15
2010-06,23.95,24.15
2010-06,24.88,25.57
2010-06,27.05,26.83
2010-06,26.91,26.57
2010-06,29.74,29.09
2010-06,28.53,28.58
2010-06,29.0,29.37
2010-06,34.13,35.02
2010-06,34.54,35.14
2010-07,32.86,34.56
2010-07,30.12,32.19
2010-07,,
2010-07,29.65,31.65
2010-07,26.84,28.06
2010-07,25.71,27.05
2010-07,24.98,25.99
2010-07,24.43,25.5
2010-07,24.56,25.37
2010-07,24.89,25.96
2010-07,25.14,26.57
2010-07,26.25,26.87
2010-07,25.97,27.25
2010-07,23.93,25.21
2010-07,25.64,26.7
2010-07,24.63,25.22
2010-07,23.47,24.16
2010-07,22.73,24.11
2010-07,23.19,24.33
2010-07,24.25,25.03
2010-07,24.13,25.18
2010-07,23.5,24.52
2010-08,22.01,23.48
2010-08,22.63,23.61
2010-08,22.21,23.22
2010-08,22.1,23.27
2010-08,21.74,22.84
2010-08,22.14,22.97
2010-08,22.37,23.56
2010-08,25.39,26.9
2010-08,25.73,27.63
2010-08,26.24,28.07
2010-08,26.1,27.08
2010-08,24.33,25.92
2010-08,24.59,25.98
2010-08,26.44,26.9
2010-08,25.49,25.76
2010-08,25.66,26.49
2010-08,27.46,28.47
2010-08,26.7,27.77
2010-08,27.37,28.88
2010-08,24.45,26.31
2010-08,27.21,27.89
2010-08,26.05,27.45
2010-09,23.89,24.93
2010-09,23.19,23.93
2010-09,21.31,21.95
2010-09,,
2010-09,23.8,23.99
2010-09,23.25,23.53
2010-09,22.81,23.29
2010-09,21.99,22.98
2010-09,21.21,22.32
2010-09,21.56,21.63
2010-09,22.1,22.15
2010-09,21.72,21.81
2010-09,22.01,22.26
2010-09,21.5,22.43
2010-09,22.35,23.26
2010-09,22.51,23.63
2010-09,23.87,24.26
2010-09,21.71,22.72
2010-09,22.54,23.64
2010-09,22.6,23.86
2010-09,23.25,24.48
2010-09,23.7,24.96
2010-10,22.5,23.98
2010-10,23.53,25.16
2010-10,21.76,23.43
2010-10,21.49,23.53
2010-10,21.56,23.06
2010-10,20.71,21.98
2010-10,18.96,20.4
2010-10,18.93,20.54
2010-10,19.07,20.47
2010-10,19.88,20.63
2010-10,19.03,20.44
2010-10,19.09,21.25
2010-10,20.63,21.91
2010-10,19.79,21.65
2010-10,19.27,21.18
2010-10,18.78,20.42
2010-10,19.85,21.48
2010-10,20.22,21.81
2010-10,20.71,21.57
2010-10,20.88,21.65
2010-10,21.2,22.24
2010-11,21.83,22.92
2010-11,21.57,22.88
2010-11,19.56,20.41
2010-11,18.52,19.54
2010-11,18.26,18.67
2010-11,18.29,18.7
2010-11,19.08,18.99
2010-11,18.47,19.46
2010-11,18.64,19.37
2010-11,20.61,22.55
2010-11,20.2,21.69
2010-11,22.58,23.73
2010-11,21.76,23.25
2010-11,18.75,20.26
2010-11,18.04,19.78
2010-11,18.37,19.73
2010-11,20.63,21.77
2010-11,19.56,20.85
2010-11,,
2010-11,22.22,20.84
2010-11,21.53,23.28
2010-11,23.54,25.39
2010-12,21.36,23.09
2010-12,19.39,21.42
2010-12,18.01,19.77
2010-12,18.02,19.91
2010-12,17.99,20.16
2010-12,17.74,19.7
2010-12,17.25,19.06
2010-12,17.61,18.77
2010-12,17.55,18.26
2010-12,17.61,18.4
2010-12,17.94,18.86
2010-12,17.39,18.25
2010-12,16.11,17.31
2010-12,16.41,17.18
2010-12,16.49,16.83
2010-12,15.45,16.57
2010-12,16.47,17.43
2010-12,,
2010-12,17.67,18.94
2010-12,17.52,18.89
2010-12,17.28,18.27
2010-12,17.52,18.66
2010-12,17.75,19.48
2011-01,17.61,19.07
2011-01,17.38,18.9
2011-01,17.02,18.35
2011-01,17.4,18.41
2011-01,17.14,18.72
2011-01,17.54,18.67
2011-01,16.89,18.07
2011-01,16.24,17.42
2011-01,16.39,17.45
2011-01,15.46,16.49
2011-01,,
2011-01,15.87,16.42
2011-01,17.31,18.43
2011-01,17.99,19.63
2011-01,18.47,20.17
2011-01,17.65,18.83
2011-01,17.59,18.84
2011-01,16.64,17.93
2011-01,16.15,17.83
2011-01,20.04,21.66
2011-01,19.53,21.79
2011-02,17.63,19.96
2011-02,17.3,19.84
2011-02,16.69,19.09
2011-02,15.93,17.91
2011-02,16.28,18.22
2011-02,15.81,17.68
2011-02,15.87,17.72
2011-02,16.09,17.91
2011-02,15.69,17.18
2011-02,15.95,17.46
2011-02,16.37,17.98
2011-02,16.72,18.23
2011-02,16.59,18.22
2011-02,16.43,17.9
2011-02,,
2011-02,20.8,23.39
2011-02,22.13,24.37
2011-02,21.32,23.67
2011-02,19.22,20.64
2011-02,18.35,20.55
2011-03,21.01,22.82
2011-03,20.7,22.74
2011-03,18.6,20.1
2011-03,19.06,20.47
2011-03,20.66,23.22
2011-03,19.82,22.74
2011-03,20.22,23.43
2011-03,21.88,24.27
2011-03,20.08,22.49
2011-03,21.13,23.1
2011-03,24.32,26.79
2011-03,29.4,30.7
2011-03,26.37,28.41
2011-03,24.44,26.6
2011-03,20.61,23.82
2011-03,20.21,22.35
2011-03,19.17,21.96
2011-03,18.0,20.59
2011-03,17.91,20.78
2011-03,19.44,22.23
2011-03,18.16,21.34
2011-03,17.71,20.38
2011-03,17.74,19.74
2011-04,17.4,19.41
2011-04,17.5,20.05
2011-04,17.25,19.46
2011-04,16.9,19.32
2011-04,17.11,19.34
2011-04,17.87,19.76
2011-04,16.59,19.09
2011-04,17.09,19.39
2011-04,16.92,18.5
2011-04,16.27,17.7
2011-04,15.32,17.48
2011-04,16.96,18.47
2011-04,15.83,16.23
2011-04,15.07,16.49
2011-04,14.69,15.85
2011-04,,
2011-04,15.77,17.22
2011-04,15.62,17.78
2011-04,15.35,17.03
2011-04,14.62,16.2
2011-04,14.75,16.54
2011-05,15.99,18.13
2011-05,16.7,18.62
2011-05,17.08,18.59
2011-05,18.2,19.12
2011-05,18.4,19.26
2011-05,17.16,18.38
2011-05,15.91,17.1
2011-05,16.95,17.41
2011-05,16.03,16.99
2011-05,17.07,18.4
2011-05,18.24,19.5
2011-05,17.55,19.12
2011-05,16.23,17.65
2011-05,15.52,17.06
2011-05,17.43,18.16
2011-05,18.27,19.21
2011-05,17.82,19.4
2011-05,17.07,18.16
2011-05,16.09,17.26
2011-05,15.98,16.87
2011-05,,
2011-05,15.45,16.44
2011-06,18.3,19.24
2011-06,18.09,18.71
2011-06,17.95,18.9
2011-06,18.49,19.58
2011-06,18.07,19.14
2011-06,18.79,19.97
2011-06,17.77,18.88
2011-06,18.86,19.85
2011-06,19.61,20.22
2011-06,18.26,18.74
2011-06,21.32,22.29
2011-06,22.73,24.47
2011-06,21.85,23.58
2011-06,19.99,22.07
2011-06,18.86,20.36
2011-06,18.52,20.2
2011-06,19.29,20.76
2011-06,21.1,22.58
2011-06,20.56,21.96
2011-06,19.17,20.71
2011-06,17.27,18.84
2011-06,16.52,17.86
2011-07,15.87,17.37
2011-07,,
2011-07,16.06,17.76
2011-07,16.34,17.85
2011-07,15.95,17.71
2011-07,15.95,17.45
2011-07,18.39,20.22
2011-07,19.87,21.93
2011-07,19.91,21.82
2011-07,20.8,21.87
2011-07,19.53,20.95
2011-07,20.95,22.48
2011-07,19.21,20.46
2011-07,19.09,21.06
2011-07,17.56,19.71
2011-07,17.52,19.17
2011-07,19.35,20.95
2011-07,20.23,21.58
2011-07,22.98,24.7
2011-07,23.74,25.12
2011-07,25.25,26.08
2011-08,23.66,24.26
2011-08,24.79,25.69
2011-08,23.38,24.73
2011-08,31.66,31.68
2011-08,32.0,33.77
2011-08,48.0,44.74
2011-08,35.06,34.63
2011-08,42.99,41.76
2011-08,39.0,37.85
2011-08,36.36,35.22
2011-08,31.87,30.44
2011-08,32.85,31.55
2011-08,31.58,31.17
2011-08,42.67,41.61
2011-08,43.05,43.47
2011-08,42.44,42.03
2011-08,36.27,35.45
2011-08,35.9,35.65
2011-08,39.76,39.43
2011-08,35.59,34.49
2011-08,32.28,32.11
2011-08,32.89,32.02
2011-08,31.62,31.37
2011-09,31.82,31.36
2011-09,33.92,33.0
2011-09,,
2011-09,37.0,35.86
2011-09,33.38,33.12
2011-09,34.32,33.65
2011-09,38.52,37.99
2011-09,38.59,37.97
2011-09,36.91,36.0
2011-09,34.6,33.36
2011-09,31.97,30.67
2011-09,30.98,29.36
2011-09,32.73,31.42
2011-09,32.86,31.3
2011-09,37.32,34.68
2011-09,41.35,40.25
2011-09,41.25,39.88
2011-09,39.02,39.24
2011-09,37.71,37.65
2011-09,41.08,40.76
2011-09,38.84,41.16
2011-09,42.96,44.98
2011-10,45.45,46.61
2011-10,40.82,42.47
2011-10,37.81,39.12
2011-10,36.27,37.32
2011-10,36.2,37.08
2011-10,33.02,34.48
2011-10,32.86,34.1
2011-10,31.26,32.34
2011-10,30.7,30.3
2011-10,28.24,28.69
2011-10,33.39,32.92
2011-10,31.56,30.48
2011-10,34.44,33.84
2011-10,34.78,34.78
2011-10,31.32,31.42
2011-10,29.26,28.45
2011-10,32.22,31.54
2011-10,29.86,30.47
2011-10,25.46,26.28
2011-10,24.53,25.0
2011-10,29.96,28.82
2011-11,34.77,33.49
2011-11,32.74,32.03
2011-11,30.5,29.3
2011-11,30.16,29.35
2011-11,29.85,28.83
2011-11,27.48,27.31
2011-11,36.16,34.61
2011-11,32.81,32.67
2011-11,30.04,29.35
2011-11,31.13,30.73
2011-11,31.22,30.04
2011-11,33.51,31.94
2011-11,34.51,34.34
2011-11,32.0,31.83
2011-11,32.91,32.93
2011-11,31.97,31.07
2011-11,33.98,33.07
2011-11,,
2011-11,34.47,33.04
2011-11,32.13,31.56
2011-11,30.64,31.06
2011-11,27.8,27.77
2011-12,27.41,27.2
2011-12,27.52,27.69
2011-12,27.84,27.89
2011-12,28.13,27.94
2011-12,28.67,28.45
2011-12,30.59,30.0
2011-12,26.38,25.99
2011-12,25.67,24.56
2011-12,25.41,25.29
2011-12,26.04,26.08
2011-12,25.11,24.79
2011-12,24.29,23.48
2011-12,24.92,24.15
2011-12,23.22,22.5
2011-12,21.43,22.29
2011-12,21.16,21.89
2011-12,20.73,21.37
2011-12,,
2011-12,21.91,22.49
2011-12,23.52,23.54
2011-12,22.65,23.07
2011-12,23.4,23.13
2012-01,,
2012-01,22.97,23.02
2012-01,22.22,21.98
2012-01,21.48,21.4
2012-01,20.63,20.52
2012-01,21.07,21.22
2012-01,20.69,20.93
2012-01,21.05,21.18
2012-01,20.47,20.79
2012-01,20.91,21.38
2012-01,,
2012-01,22.2,22.21
2012-01,20.89,21.29
2012-01,19.87,20.27
2012-01,18.28,18.97
2012-01,18.67,19.42
2012-01,18.91,19.74
2012-01,18.31,19.36
2012-01,18.57,19.56
2012-01,18.53,19.31
2012-01,19.4,19.75
2012-01,19.44,19.89
2012-02,18.55,19.04
2012-02,17.98,18.89
2012-02,17.1,18.21
2012-02,17.76,18.65
2012-02,17.65,18.75
2012-02,18.16,18.99
2012-02,18.63,18.9
2012-02,20.79,20.94
2012-02,19.04,19.6
2012-02,19.54,20.18
2012-02,21.14,22.35
2012-02,19.22,20.89
2012-02,17.78,19.76
2012-02,,
2012-02,18.19,19.92
2012-02,18.19,19.72
2012-02,16.8,18.41
2012-02,17.31,18.27
2012-02,18.19,19.42
2012-02,17.96,19.55
2012-02,18.43,19.83
2012-03,17.26,18.68
2012-03,17.29,18.23
2012-03,18.05,19.57
2012-03,20.87,21.42
2012-03,19.07,20.42
2012-03,17.95,19.05
2012-03,17.11,18.11
2012-03,15.64,16.71
2012-03,14.8,16.44
2012-03,15.31,17.59
2012-03,15.42,17.25
2012-03,14.47,16.47
2012-03,15.04,16.55
2012-03,15.58,16.35
2012-03,15.13,16.23
2012-03,15.57,16.83
2012-03,14.82,16.57
2012-03,14.26,15.92
2012-03,15.59,17.02
2012-03,15.47,17.28
2012-03,15.48,17.27
2012-03,15.5,17.19
2012-04,15.64,16.7
2012-04,15.66,16.82
2012-04,16.44,17.95
2012-04,16.7,17.96
2012-04,,
2012-04,18.81,20.18
2012-04,20.39,21.59
2012-04,20.02,21.3
2012-04,17.2,19.34
2012-04,19.55,21.44
2012-04,19.55,22.57
2012-04,18.46,20.63
2012-04,18.64,21.26
2012-04,18.36,20.99
2012-04,17.44,20.17
2012-04,18.97,21.31
2012-04,18.1,21.03
2012-04,16.82,18.47
2012-04,16.24,17.83
2012-04,16.32,17.52
2012-04,17.15,18.77
2012-05,16.6,18.66
2012-05,16.88,18.41
2012-05,17.56,19.19
2012-05,19.16,21.1
2012-05,18.94,21.06
2012-05,19.05,21.28
2012-05,20.08,21.98
2012-05,18.83,21.33
2012-05,19.89,21.79
2012-05,21.87,23.48
2012-05,21.97,23.59
2012-05,22.27,24.17
2012-05,24.49,26.5
2012-05,25.1,27.55
2012-05,22.01,24.3
2012-05,22.48,24.52
2012-05,22.33,24.09
2012-05,21.54,24.2
2012-05,21.76,23.99
2012-05,,
2012-05,21.03,23.33
2012-05,24.14,25.35
2012-05,24.06,25.89
2012-06,26.66,28.63
2012-06,26.12,28.17
2012-06,24.68,26.39
2012-06,22.16,23.75
2012-06,21.72,23.81
2012-06,21.23,22.55
2012-06,23.56,24.6
2012-06,22.09,23.15
2012-06,24.27,24.52
2012-06,21.68,24.02
2012-06,21.11,21.86
2012-06,18.32,19.64
2012-06,18.38,19.2
2012-06,17.24,17.81
2012-06,20.08,20.78
2012-06,18.11,19.12
2012-06,20.38,21.28
2012-06,19.72,20.87
2012-06,19.45,20.68
2012-06,19.71,21.51
2012-06,17.08,18.65
2012-07,16.8,18.55
2012-07,16.66,18.56
2012-07,,
2012-07,17.5,18.43
2012-07,17.1,18.65
2012-07,17.98,19.6
2012-07,18.72,20.67
2012-07,17.95,20.34
2012-07,18.33,20.97
2012-07,16.74,19.09
2012-07,17.11,19.54
2012-07,16.48,18.91
2012-07,16.16,18.3
2012-07,15.45,17.49
2012-07,16.27,18.2
2012-07,18.62,20.61
2012-07,20.47,22.83
2012-07,19.34,21.44
2012-07,17.53,20.11
2012-07,16.7,18.58
2012-07,18.03,19.74
2012-07,18.93,20.3
2012-08,18.96,20.19
2012-08,17.57,19.08
2012-08,15.64,17.46
2012-08,15.95,17.57
2012-08,15.99,17.41
2012-08,15.32,16.97
2012-08,15.28,16.41
2012-08,14.74,15.89
2012-08,13.7,14.48
2012-08,14.85,15.4
2012-08,14.63,14.77
2012-08,14.29,14.81
2012-08,13.45,13.79
2012-08,14.02,14.62
2012-08,15.02,15.36
2012-08,15.11,15.58
2012-08,15.96,16.68
2012-08,15.18,16.6
2012-08,16.35,17.19
2012-08,16.49,17.64
2012-08,17.06,18.11
2012-08,17.83,19.03
2012-08,17.47,18.35
2012-09,,
2012-09,17.98,19.09
2012-09,17.74,19.02
2012-09,15.6,17.01
2012-09,14.38,15.44
2012-09,16.28,17.8
2012-09,16.41,18.01
2012-09,15.8,17.18
2012-09,14.05,16.15
2012-09,14.51,15.89
2012-09,14.59,15.79
2012-09,14.18,15.05
2012-09,13.88,14.84
2012-09,14.07,14.58
2012-09,13.98,14.44
2012-09,14.15,15.34
2012-09,15.43,16.7
2012-09,16.81,17.94
2012-09,14.84,16.45
2012-09,15.73,17.01
2012-10,16.32,17.75
2012-10,15.71,17.3
2012-10,15.43,16.76
2012-10,14.55,16.65
2012-10,14.33,16.48
2012-10,15.11,17.52
2012-10,16.37,18.87
2012-10,16.29,18.48
2012-10,15.59,18.33
2012-10,16.14,17.84
2012-10,15.27,17.55
2012-10,15.22,17.17
2012-10,15.07,16.89
2012-10,15.03,17.61
2012-10,17.06,20.05
2012-10,16.62,19.2
2012-10,18.83,20.66
2012-10,18.33,21.67
2012-10,18.12,20.28
2012-10,17.81,19.58
2012-10,,
2012-10,,
2012-10,18.6,20.33
2012-11,16.69,18.44
2012-11,17.59,19.95
2012-11,18.42,19.54
2012-11,17.58,19.1
2012-11,19.08,20.42
2012-11,18.49,20.14
2012-11,18.61,19.41
2012-11,16.68,18.62
2012-11,16.65,19.05
2012-11,17.92,19.5
2012-11,17.99,19.23
2012-11,16.41,18.13
2012-11,15.24,15.92
2012-11,15.08,16.18
2012-11,15.31,16.21
2012-11,,
2012-11,15.14,16.21
2012-11,15.5,16.81
2012-11,15.92,16.9
2012-11,15.51,16.75
2012-11,15.06,16.4
2012-11,15.87,16.96
2012-12,16.64,17.69
2012-12,17.12,18.37
2012-12,16.46,18.63
2012-12,16.58,18.49
2012-12,15.9,18.35
2012-12,16.05,18.74
2012-12,15.57,17.96
2012-12,15.95,18.58
2012-12,16.56,19.47
2012-12,17.0,20.19
2012-12,16.34,19.47
2012-12,15.57,18.63
2012-12,17.36,19.27
2012-12,17.67,19.32
2012-12,17.84,20.16
2012-12,17.84,20.15
2012-12,,
2012-12,19.48,21.18
2012-12,19.47,21.57
2012-12,22.72,23.32
2012-12,18.02,20.56
2013-01,,
2013-01,14.68,16.95
2013-01,14.56,17.11
2013-01,13.83,15.51
2013-01,13.79,16.55
2013-01,13.62,16.43
2013-01,13.81,16.08
2013-01,13.49,16.08
2013-01,13.36,15.87
2013-01,13.52,16.13
2013-01,13.55,16.12
2013-01,13.42,15.32
2013-01,13.57,15.07
2013-01,12.46,14.17
2013-01,,
2013-01,12.43,14.08
2013-01,12.46,14.28
2013-01,12.69,14.17
2013-01,12.89,14.06
2013-01,13.57,14.39
2013-01,13.31,14.02
2013-01,14.32,14.38
2013-01,14.28,14.83
2013-02,12.9,13.89
2013-02,14.67,15.73
2013-02,13.72,14.83
2013-02,13.41,14.02
2013-02,13.5,14.77
2013-02,13.02,14.14
2013-02,12.94,14.11
2013-02,12.64,13.06
2013-02,12.98,14.41
2013-02,12.66,13.66
2013-02,12.46,13.47
2013-02,,
2013-02,12.31,13.42
2013-02,14.68,15.28
2013-02,15.22,16.49
2013-02,14.17,15.68
2013-02,18.99,19.35
2013-02,16.87,17.91
2013-02,14.73,16.34
2013-02,15.51,16.3
2013-03,15.36,15.64
2013-03,14.01,15.39
2013-03,13.48,14.6
2013-03,13.53,14.6
2013-03,13.06,14.23
2013-03,12.59,13.72
2013-03,11.56,12.41
2013-03,12.27,12.84
2013-03,11.83,12.65
2013-03,11.3,12.33
2013-03,11.3,12.03
2013-03,13.36,13.69
2013-03,14.39,14.45
2013-03,12.67,13.42
2013-03,13.99,14.24
2013-03,13.57,13.88
2013-03,13.74,14.35
2013-03,12.77,13.42
2013-03,13.15,13.57
2013-03,12.7,13.28
2013-03,,
2013-04,13.58,14.48
2013-04,12.78,14.02
2013-04,14.21,14.94
2013-04,13.89,15.26
2013-04,13.92,15.52
2013-04,13.19,14.89
2013-04,12.84,14.46
2013-04,12.36,13.71
2013-04,12.24,14.09
2013-04,12.06,13.88
2013-04,17.27,17.16
2013-04,13.96,15.72
2013-04,16.51,18.2
2013-04,17.56,18.75
2013-04,14.97,17.17
2013-04,14.39,16.13
2013-04,13.48,15.72
2013-04,13.61,15.4
2013-04,13.62,15.32
2013-04,13.61,15.48
2013-04,13.71,15.32
2013-04,13.52,15.34
2013-05,14.49,16.0
2013-05,13.59,15.19
2013-05,12.85,14.66
2013-05,12.66,14.6
2013-05,12.83,14.27
2013-05,12.66,14.49
2013-05,13.13,14.49
2013-05,12.59,14.34
2013-05,12.55,14.59
2013-05,12.77,14.78
2013-05,12.81,13.88
2013-05,13.07,13.72
2013-05,12.45,13.3
2013-05,13.02,13.53
2013-05,13.37,14.41
2013-05,13.82,14.73
2013-05,14.07,14.89
2013-05,13.99,14.48
2013-05,,
2013-05,14.48,14.99
2013-05,14.83,15.18
2013-05,14.53,14.99
2013-05,16.3,15.99
2013-06,16.28,16.79
2013-06,16.27,16.84
2013-06,17.5,17.49
2013-06,16.63,17.4
2013-06,15.14,15.88
2013-06,15.44,15.86
2013-06,17.07,16.88
2013-06,18.59,18.7
2013-06,16.41,17.13
2013-06,17.15,17.28
2013-06,16.8,16.95
2013-06,16.61,16.47
2013-06,16.64,15.12
2013-06,20.49,20.06
2013-06,18.9,19.44
2013-06,20.11,19.83
2013-06,18.47,18.8
2013-06,17.21,17.38
2013-06,16.86,16.72
2013-06,16.86,16.47
2013-07,16.37,16.16
2013-07,16.44,15.94
2013-07,16.2,15.8
2013-07,,
2013-07,14.89,14.91
2013-07,14.78,14.77
2013-07,14.35,14.26
2013-07,14.21,13.95
2013-07,14.01,13.87
2013-07,13.84,13.96
2013-07,13.79,14.03
2013-07,14.42,14.25
2013-07,13.78,13.92
2013-07,13.77,13.47
2013-07,12.54,13.75
2013-07,12.29,13.39
2013-07,12.66,13.37
2013-07,13.18,13.27
2013-07,12.97,13.32
2013-07,12.72,12.93
2013-07,13.39,13.65
2013-07,13.39,13.87
2013-07,13.45,14.25
2013-08,12.94,13.88
2013-08,11.98,12.77
2013-08,11.84,12.83
2013-08,12.72,13.35
2013-08,12.98,13.44
2013-08,12.73,13.26
2013-08,13.41,13.63
2013-08,12.81,12.86
2013-08,12.31,12.5
2013-08,13.04,13.3
2013-08,14.73,14.9
2013-08,14.37,14.73
2013-08,15.1,15.53
2013-08,14.91,15.15
2013-08,15.94,15.99
2013-08,14.76,15.44
2013-08,13.98,14.62
2013-08,14.99,15.32
2013-08,16.77,17.63
2013-08,16.49,17.42
2013-08,16.81,17.4
2013-08,17.01,17.53
2013-09,,
2013-09,16.61,17.89
2013-09,15.88,16.77
2013-09,15.77,16.51
2013-09,15.85,16.32
2013-09,15.63,16.16
2013-09,14.53,15.24
2013-09,13.82,14.73
2013-09,14.29,14.75
2013-09,14.16,14.7
2013-09,14.38,15.16
2013-09,14.53,14.72
2013-09,13.59,14.15
2013-09,13.16,13.77
2013-09,13.12,12.97
2013-09,14.31,14.64
2013-09,14.08,14.37
2013-09,14.01,14.66
2013-09,14.06,14.36
2013-09,15.46,15.65
2013-09,16.6,16.73
2013-10,15.54,15.97
2013-10,16.6,16.72
2013-10,17.67,18.3
2013-10,16.74,17.32
2013-10,19.41,19.84
2013-10,20.34,22.07
2013-10,19.6,21.68
2013-10,16.48,18.45
2013-10,15.72,17.19
2013-10,16.07,17.47
2013-10,18.66,18.77
2013-10,14.71,16.4
2013-10,13.48,14.49
2013-10,13.04,13.69
2013-10,13.16,14.4
2013-10,13.33,14.96
2013-10,13.42,15.33
2013-10,13.2,14.5
2013-10,13.09,14.91
2013-10,13.31,14.97
2013-10,13.41,14.83
2013-10,13.65,14.72
2013-10,13.75,14.88
2013-11,13.28,14.76
2013-11,12.93,14.37
2013-11,13.27,14.4
2013-11,12.67,14.76
2013-11,13.91,15.67
2013-11,12.9,14.67
2013-11,12.53,14.37
2013-11,12.82,14.14
2013-11,12.52,13.66
2013-11,12.37,13.26
2013-11,12.19,13.13
2013-11,13.1,14.37
2013-11,13.39,14.52
2013-11,13.4,14.44
2013-11,12.66,14.01
2013-11,12.26,13.65
2013-11,12.79,13.74
2013-11,12.81,13.6
2013-11,12.98,13.36
2013-11,,
2013-11,13.7,13.93
2013-12,14.23,14.81
2013-12,14.55,14.93
2013-12,14.7,15.08
2013-12,15.08,16.11
2013-12,13.79,14.85
2013-12,13.49,14.8
2013-12,13.91,14.8
2013-12,15.42,15.88
2013-12,15.54,16.0
2013-12,15.76,15.98
2013-12,16.03,16.54
2013-12,16.21,16.47
2013-12,13.8,15.01
2013-12,14.15,14.92
2013-12,13.79,14.48
2013-12,13.04,14.11
2013-12,12.48,13.91
2013-12,,
2013-12,12.33,13.93
2013-12,12.46,14.51
2013-12,13.56,15.16
2013-12,13.72,15.44
2014-01,,
2014-01,14.23,15.88
2014-01,13.76,15.85
2014-01,13.55,15.82
2014-01,12.92,15.1
2014-01,12.87,14.88
2014-01,12.89,15.1
2014-01,12.14,14.09
2014-01,13.28,15.05
2014-01,12.28,13.52
2014-01,12.28,13.63
2014-01,12.53,14.11
2014-01,12.44,14.2
2014-01,,
2014-01,12.87,14.34
2014-01,12.84,14.43
2014-01,13.77,15.33
2014-01,18.14,18.84
2014-01,17.42,18.87
2014-01,15.8,17.65
2014-01,17.35,18.69
2014-01,17.29,18.65
2014-01,18.41,18.97
2014-02,21.44,21.44
2014-02,19.11,20.1
2014-02,19.95,21.15
2014-02,17.23,19.48
2014-02,15.29,16.71
2014-02,15.26,16.53
2014-02,14.51,15.84
2014-02,14.3,15.93
2014-02,14.14,15.49
2014-02,13.57,14.8
2014-02,,
2014-02,13.87,15.23
2014-02,15.5,16.32
2014-02,14.79,15.91
2014-02,14.68,15.81
2014-02,14.23,15.24
2014-02,13.67,15.15
2014-02,14.35,15.29
2014-02,14.04,14.79
2014-02,14.0,15.01
2014-03,16.0,16.85
2014-03,14.1,15.41
2014-03,13.89,15.22
2014-03,14.21,14.94
2014-03,14.11,15.23
2014-03,14.2,15.52
2014-03,14.8,15.78
2014-03,14.47,15.54
2014-03,16.22,17.47
2014-03,17.82,18.89
2014-03,15.64,17.47
2014-03,14.52,15.93
2014-03,15.12,16.23
2014-03,14.52,16.18
2014-03,15.0,17.35
2014-03,15.09,18.12
2014-03,14.02,17.12
2014-03,14.93,18.14
2014-03,14.62,18.49
2014-03,14.41,18.09
2014-03,13.88,18.12
2014-04,13.1,16.74
2014-04,13.09,16.37
2014-04,13.37,16.96
2014-04,13.96,18.79
2014-04,15.57,20.05
2014-04,14.89,19.11
2014-04,13.82,17.72
2014-04,15.89,20.59
2014-04,17.03,22.65
2014-04,16.11,21.7
2014-04,15.61,21.91
2014-04,14.18,20.41
2014-04,13.36,19.39
2014-04,,
2014-04,13.25,18.53
2014-04,13.19,17.18
2014-04,13.27,16.9
2014-04,13.32,17.17
2014-04,14.06,18.59
2014-04,13.97,18.74
2014-04,13.71,18.33
2014-04,13.41,17.68
2014-05,13.25,17.15
2014-05,12.91,17.03
2014-05,13.29,16.78
2014-05,13.8,17.09
2014-05,13.4,17.4
2014-05,13.43,17.42
2014-05,12.92,16.52
2014-05,12.23,15.49
2014-05,12.13,15.37
2014-05,12.17,15.16
2014-05,13.17,16.06
2014-05,12.44,15.25
2014-05,12.42,15.1
2014-05,12.96,15.34
2014-05,11.91,14.5
2014-05,12.03,14.2
2014-05,11.36,13.45
2014-05,,
2014-05,11.51,13.72
2014-05,11.68,14.04
2014-05,11.57,13.84
2014-05,11.4,13.77
2014-06,11.58,14.33
2014-06,11.87,14.35
2014-06,12.08,14.21
2014-06,11.68,13.66
2014-06,10.73,13.21
2014-06,11.15,13.79
2014-06,10.99,13.57
2014-06,11.6,13.37
2014-06,12.56,13.85
2014-06,12.18,13.61
2014-06,12.65,13.7
2014-06,12.06,13.51
2014-06,10.61,12.65
2014-06,10.62,12.51
2014-06,10.85,12.27
2014-06,10.98,12.3
2014-06,12.13,12.61
2014-06,11.59,12.54
2014-06,11.63,12.2
2014-06,11.26,12.03
2014-06,11.57,12.21
2014-07,11.15,11.98
2014-07,10.82,11.59
2014-07,10.32,11.36
2014-07,,
2014-07,11.33,12.44
2014-07,11.98,13.74
2014-07,11.65,13.22
2014-07,12.59,14.13
2014-07,12.08,13.66
2014-07,11.82,13.59
2014-07,11.96,14.33
2014-07,11.0,13.38
2014-07,14.54,15.85
2014-07,12.06,13.4
2014-07,12.81,14.17
2014-07,12.24,13.26
2014-07,11.52,12.91
2014-07,11.84,13.08
2014-07,12.69,13.36
2014-07,12.56,13.84
2014-07,13.28,14.2
2014-07,13.33,13.93
2014-07,16.95,16.82
2014-08,17.03,17.26
2014-08,15.12,16.08
2014-08,16.87,17.02
2014-08,16.37,17.07
2014-08,16.66,17.37
2014-08,15.77,17.02
2014-08,14.23,15.27
2014-08,14.13,15.13
2014-08,12.9,13.81
2014-08,12.42,12.95
2014-08,13.15,13.37
2014-08,12.32,12.85
2014-08,12.21,12.66
2014-08,11.78,12.66
2014-08,11.76,12.5
2014-08,11.47,12.23
2014-08,11.7,12.45
2014-08,11.63,12.34
2014-08,11.78,12.34
2014-08,12.05,12.65
2014-08,11.98,12.71
2014-09,,
2014-09,12.25,12.98
2014-09,12.36,13.56
2014-09,12.64,13.78
2014-09,12.09,13.24
2014-09,12.66,13.66
2014-09,13.5,14.53
2014-09,12.88,14.12
2014-09,12.8,14.03
2014-09,13.31,14.67
2014-09,14.12,16.19
2014-09,12.73,14.92
2014-09,12.65,13.85
2014-09,12.03,13.51
2014-09,12.11,13.8
2014-09,13.69,15.51
2014-09,14.93,16.46
2014-09,13.27,15.25
2014-09,15.64,18.12
2014-09,14.85,16.85
2014-09,15.98,18.03
2014-09,16.31,18.26
2014-10,16.71,19.21
2014-10,16.16,18.63
2014-10,14.55,17.54
2014-10,15.46,17.98
2014-10,17.2,19.17
2014-10,15.11,17.26
2014-10,18.76,19.77
2014-10,21.24,22.62
2014-10,24.64,25.72
2014-10,22.79,25.0
2014-10,26.25,27.05
2014-10,25.2,26.73
2014-10,21.99,23.13
2014-10,18.57,20.32
2014-10,16.08,18.22
2014-10,17.87,19.96
2014-10,16.53,18.78
2014-10,16.11,17.93
2014-10,16.04,17.94
2014-10,14.39,16.6
2014-10,15.15,16.78
2014-10,14.52,16.61
2014-10,14.03,15.81
2014-11,14.73,16.42
2014-11,14.89,16.58
2014-11,14.17,16.34
2014-11,13.67,15.68
2014-11,13.12,14.71
2014-11,12.67,14.3
2014-11,12.92,14.32
2014-11,13.02,14.33
2014-11,13.79,14.55
2014-11,13.31,15.16
2014-11,13.99,15.53
2014-11,13.86,15.38
2014-11,13.96,15.71
2014-11,13.58,14.87
2014-11,12.9,14.71
2014-11,12.62,14.25
2014-11,12.25,14.12
2014-11,12.07,13.64
2014-11,,
2014-11,13.33,14.74
2014-12,14.29,16.57
2014-12,12.85,15.66
2014-12,12.47,15.08
2014-12,12.38,14.98
2014-12,11.82,14.37
2014-12,14.21,16.03
2014-12,14.89,16.43
2014-12,18.53,19.47
2014-12,20.08,20.4
2014-12,21.08,22.51
2014-12,20.42,22.08
2014-12,23.57,24.06
2014-12,19.44,20.86
2014-12,16.81,17.23
2014-12,16.49,16.89
2014-12,15.25,16.56
2014-12,14.8,16.81
2014-12,14.37,16.47
2014-12,,
2014-12,14.5,16.27
2014-12,15.06,16.8
2014-12,15.92,16.97
2014-12,19.2,19.64
2015-01,,
2015-01,17.79,19.2
2015-01,19.92,20.72
2015-01,21.12,21.85
2015-01,19.31,20.16
2015-01,17.01,18.15
2015-01,17.55,18.4
2015-01,19.6,19.87
2015-01,20.56,20.71
2015-01,21.48,21.41
2015-01,22.39,22.72
2015-01,20.95,21.22
2015-01,,
2015-01,19.89,20.69
2015-01,18.85,20.02
2015-01,16.4,17.08
2015-01,16.66,17.06
2015-01,15.52,16.97
2015-01,17.22,19.22
2015-01,20.44,21.39
2015-01,18.76,19.48
2015-01,20.97,21.59
2015-02,19.43,20.79
2015-02,17.33,18.81
2015-02,18.33,19.16
2015-02,16.85,18.18
2015-02,17.29,18.41
2015-02,18.55,19.12
2015-02,17.23,17.46
2015-02,16.96,17.39
2015-02,15.34,16.1
2015-02,14.69,15.15
2015-02,,
2015-02,15.8,15.96
2015-02,15.45,15.9
2015-02,15.29,15.44
2015-02,14.3,14.67
2015-02,14.56,14.87
2015-02,13.69,14.26
2015-02,13.84,14.38
2015-02,13.91,14.33
2015-02,13.34,14.62
2015-03,13.04,14.27
2015-03,13.86,14.98
2015-03,14.23,15.59
2015-03,14.04,15.22
2015-03,15.2,16.75
2015-03,15.06,16.44
2015-03,16.69,18.02
2015-03,16.87,18.42
2015-03,15.42,17.15
2015-03,16.0,17.55
2015-03,15.61,16.91
2015-03,15.66,16.6
2015-03,13.97,14.99
2015-03,14.07,14.71
2015-03,13.02,13.82
2015-03,13.41,14.44
2015-03,13.62,14.62
2015-03,15.44,17.33
2015-03,15.8,17.5
2015-03,15.07,16.89
2015-03,14.51,16.06
2015-03,15.29,17.29
2015-04,15.11,17.35
2015-04,14.67,16.72
2015-04,,
2015-04,14.74,16.58
2015-04,14.78,16.39
2015-04,13.98,15.45
2015-04,13.09,14.7
2015-04,12.58,14.1
2015-04,13.94,15.45
2015-04,13.67,15.46
2015-04,12.84,14.63
2015-04,12.6,14.5
2015-04,13.89,16.03
2015-04,13.3,14.86
2015-04,13.25,14.93
2015-04,12.71,14.68
2015-04,12.48,14.22
2015-04,12.29,14.2
2015-04,13.12,15.18
2015-04,12.41,14.88
2015-04,13.39,15.47
2015-04,14.55,16.51
2015-05,12.7,15.07
2015-05,12.85,15.15
2015-05,14.31,16.66
2015-05,15.15,17.79
2015-05,15.13,17.37
2015-05,12.86,15.38
2015-05,13.85,15.56
2015-05,13.86,15.96
2015-05,13.76,15.62
2015-05,12.74,14.31
2015-05,12.38,13.89
2015-05,12.73,13.95
2015-05,12.85,14.15
2015-05,12.88,14.0
2015-05,12.11,13.38
2015-05,12.13,13.23
2015-05,,
2015-05,14.06,15.15
2015-05,13.27,13.96
2015-05,13.31,14.22
2015-05,13.84,14.75
2015-06,13.97,14.98
2015-06,14.24,15.46
2015-06,13.66,15.03
2015-06,14.71,15.79
2015-06,14.21,15.77
2015-06,15.29,16.94
2015-06,14.47,16.49
2015-06,13.22,15.07
2015-06,12.85,14.64
2015-06,13.78,15.16
2015-06,15.39,16.34
2015-06,14.81,16.0
2015-06,14.5,15.41
2015-06,13.19,13.88
2015-06,13.96,14.61
2015-06,12.74,13.83
2015-06,12.11,13.52
2015-06,13.26,14.24
2015-06,14.01,14.85
2015-06,14.02,15.33
2015-06,18.85,19.81
2015-06,18.23,19.34
2015-07,16.09,17.56
2015-07,16.79,17.66
2015-07,,
2015-07,17.01,17.91
2015-07,16.09,17.34
2015-07,19.66,20.07
2015-07,19.97,20.32
2015-07,16.83,17.92
2015-07,13.9,15.02
2015-07,13.37,14.27
2015-07,13.23,14.17
2015-07,12.11,12.59
2015-07,11.95,12.93
2015-07,12.25,14.03
2015-07,12.22,14.49
2015-07,12.12,14.17
2015-07,12.64,14.14
2015-07,13.74,15.85
2015-07,15.6,17.49
2015-07,13.44,15.51
2015-07,12.5,14.96
2015-07,12.13,14.44
2015-07,12.12,14.59
2015-08,12.56,15.18
2015-08,13.0,15.67
2015-08,12.51,15.13
2015-08,13.77,16.9
2015-08,13.39,16.9
2015-08,12.23,15.87
2015-08,13.71,17.45
2015-08,13.61,17.24
2015-08,13.49,16.95
2015-08,12.83,16.41
2015-08,13.02,15.55
2015-08,13.79,16.0
2015-08,15.25,17.36
2015-08,19.14,21.61
2015-08,28.03,30.2
2015-08,40.74,42.95
2015-08,36.02,38.32
2015-08,30.32,31.37
2015-08,26.1,28.46
2015-08,26.05,28.75
2015-08,28.43,29.92
2015-09,31.4,32.95
2015-09,26.09,28.41
2015-09,25.61,28.1
2015-09,27.8,28.92
2015-09,,
2015-09,24.9,26.56
2015-09,26.23,27.51
2015-09,24.37,26.44
2015-09,23.2,25.02
2015-09,24.25,25.44
2015-09,22.54,24.02
2015-09,21.35,22.58
2015-09,21.14,22.63
2015-09,22.28,23.6
2015-09,20.14,22.5
2015-09,22.44,24.58
2015-09,22.13,23.78
2015-09,23.47,24.72
2015-09,23.62,25.16
2015-09,27.63,28.99
2015-09,26.83,28.94
2015-09,24.5,26.82
2015-10,22.55,25.58
2015-10,20.94,23.71
2015-10,19.54,22.82
2015-10,19.4,22.65
2015-10,18.4,21.78
2015-10,17.42,20.91
2015-10,17.08,20.5
2015-10,16.17,19.01
2015-10,17.67,20.15
2015-10,18.03,20.71
2015-10,16.05,18.07
2015-10,15.05,17.2
2015-10,14.98,16.86
2015-10,15.75,17.95
2015-10,16.7,18.98
2015-10,14.45,15.63
2015-10,14.46,16.6
2015-10,15.29,17.75
2015-10,15.43,17.92
2015-10,14.33,16.94
2015-10,14.61,17.17
2015-10,15.07,17.3
2015-11,14.15,16.56
2015-11,14.54,16.77
2015-11,15.51,17.22
2015-11,15.05,17.2
2015-11,14.33,16.36
2015-11,16.52,18.03
2015-11,15.29,17.32
2015-11,16.06,17.72
2015-11,18.37,18.92
2015-11,20.08,21.24
2015-11,18.16,18.79
2015-11,18.84,19.34
2015-11,16.85,17.76
2015-11,16.99,17.94
2015-11,15.47,17.03
2015-11,15.62,17.31
2015-11,15.93,17.48
2015-11,15.19,16.98
2015-11,,
2015-11,15.12,17.13
2015-11,16.13,18.1
2015-12,14.67,17.15
2015-12,15.91,17.83
2015-12,18.11,19.72
2015-12,14.81,16.66
2015-12,15.84,17.6
2015-12,17.6,18.84
2015-12,19.61,20.45
2015-12,19.34,20.11
2015-12,24.39,24.38
2015-12,22.73,23.11
2015-12,20.95,21.51
2015-12,17.86,18.79
2015-12,18.94,20.28
2015-12,20.7,21.5
2015-12,18.7,20.22
2015-12,16.6,18.38
2015-12,15.57,17.68
2015-12,15.74,17.81
2015-12,,
2015-12,16.91,18.87
2015-12,16.08,17.84
2015-12,17.29,18.88
2015-12,18.21,19.63
2016-01,,
2016-01,20.7,22.42
2016-01,19.34,21.56
2016-01,20.59,22.48
2016-01,24.99,26.77
2016-01,27.01,28.33
2016-01,24.3,26.41
2016-01,22.47,24.16
2016-01,25.22,27.11
2016-01,23.95,25.96
2016-01,27.02,29.13
2016-01,,
2016-01,26.05,29.32
2016-01,27.59,30.84
2016-01,26.69,30.23
2016-01,22.34,25.74
2016-01,24.15,27.54
2016-01,22.5,26.42
2016-01,23.11,27.27
2016-01,22.42,26.32
2016-01,20.2,23.64
2016-02,19.98,23.06
2016-02,21.98,25.08
2016-02,21.65,25.05
2016-02,21.84,25.35
2016-02,23.38,27.65
2016-02,26.0,31.46
2016-02,26.54,31.91
2016-02,26.29,31.26
2016-02,28.14,31.87
2016-02,25.4,29.74
2016-02,,
2016-02,24.11,28.67
2016-02,22.31,27.19
2016-02,21.64,26.6
2016-02,20.53,24.91
2016-02,19.38,23.81
2016-02,20.98,25.3
2016-02,20.72,24.0
2016-02,19.11,22.62
2016-02,19.81,23.08
2016-02,20.55,23.55
2016-03,17.7,20.77
2016-03,17.09,20.6
2016-03,16.7,20.75
2016-03,16.86,20.81
2016-03,17.35,21.61
2016-03,18.67,22.72
2016-03,18.34,21.89
2016-03,18.05,21.49
2016-03,16.5,19.65
2016-03,16.92,19.57
2016-03,16.84,19.46
2016-03,14.99,17.8
2016-03,14.44,17.65
2016-03,14.02,17.2
2016-03,13.79,17.17
2016-03,14.17,16.98
2016-03,14.94,17.75
2016-03,14.74,17.31
2016-03,,
2016-03,15.24,18.39
2016-03,13.82,16.9
2016-03,13.56,16.53
2016-03,13.95,16.85
2016-04,13.1,15.84
2016-04,14.12,16.85
2016-04,15.42,18.02
2016-04,14.09,16.64
2016-04,16.16,18.62
2016-04,15.36,18.48
2016-04,16.26,18.59
2016-04,14.85,17.48
2016-04,13.84,16.26
2016-04,13.72,16.6
2016-04,13.62,16.05
2016-04,13.35,16.04
2016-04,13.24,16.43
2016-04,13.28,16.31
2016-04,13.95,16.57
2016-04,13.22,16.61
2016-04,14.08,17.21
2016-04,13.96,17.26
2016-04,13.77,17.06
2016-04,15.22,18.07
2016-04,15.7,19.3
2016-05,14.68,18.28
2016-05,15.6,19.02
2016-05,16.05,19.32
2016-05,15.91,19.14
2016-05,14.72,17.54
2016-05,14.57,17.38
2016-05,13.63,16.27
2016-05,14.69,17.16
2016-05,14.41,17.26
2016-05,15.04,17.1
2016-05,14.68,16.37
2016-05,15.57,17.6
2016-05,15.95,17.41
2016-05,16.33,17.88
2016-05,15.2,16.4
2016-05,15.82,16.85
2016-05,14.42,15.32
2016-05,13.9,15.01
2016-05,13.43,14.71
2016-05,13.12,14.55
2016-05,,
2016-05,14.19,15.25
2016-06,14.2,15.39
2016-06,13.63,15.15
2016-06,13.47,15.03
2016-06,13.65,15.25
2016-06,14.05,15.26
2016-06,14.08,15.27
2016-06,14.64,15.68
2016-06,17.03,17.64
2016-06,20.97,20.61
2016-06,20.5,20.43
2016-06,20.14,20.19
2016-06,19.37,19.83
2016-06,19.41,20.25
2016-06,18.37,19.31
2016-06,18.48,19.59
2016-06,21.17,21.64
2016-06,17.25,18.21
2016-06,25.76,24.88
2016-06,23.85,24.39
2016-06,18.75,20.11
2016-06,16.64,18.47
2016-06,15.63,17.58
2016-07,14.77,16.83
2016-07,,
2016-07,15.58,17.92
2016-07,14.96,17.49
2016-07,14.76,17.28
2016-07,13.2,15.74
2016-07,13.54,15.11
2016-07,13.55,15.09
2016-07,13.04,15.24
2016-07,12.82,14.66
2016-07,12.67,14.29
2016-07,12.44,14.71
2016-07,11.97,14.57
2016-07,11.77,14.27
2016-07,12.74,14.98
2016-07,12.02,14.59
2016-07,12.87,15.6
2016-07,13.05,15.93
2016-07,12.83,15.14
2016-07,12.72,14.84
2016-07,11.87,13.97
2016-08,12.44,14.52
2016-08,13.37,15.41
2016-08,12.86,15.18
2016-08,12.42,14.47
2016-08,11.39,13.77
2016-08,11.5,14.06
2016-08,11.66,14.19
2016-08,12.05,14.55
2016-08,11.68,14.31
2016-08,11.55,13.99
2016-08,11.81,14.01
2016-08,12.64,14.92
2016-08,12.19,14.76
2016-08,11.43,14.15
2016-08,11.34,13.42
2016-08,12.27,14.0
2016-08,12.38,14.21
2016-08,13.45,15.26
2016-08,13.63,15.36
2016-08,13.65,15.16
2016-08,12.94,15.0
2016-08,13.12,15.11
2016-08,13.42,15.34
2016-09,13.48,15.39
2016-09,11.98,14.32
2016-09,,
2016-09,12.02,14.32
2016-09,11.94,13.89
2016-09,12.51,14.48
2016-09,17.5,17.96
2016-09,15.16,15.31
2016-09,17.85,17.95
2016-09,18.14,18.3
2016-09,16.3,16.39
2016-09,15.37,15.14
2016-09,15.53,16.11
2016-09,15.92,16.55
2016-09,13.3,14.98
2016-09,12.02,13.66
2016-09,12.29,13.98
2016-09,14.5,16.44
2016-09,13.1,15.09
2016-09,12.39,15.03
2016-09,14.02,16.23
2016-09,13.29,15.45
2016-10,13.57,15.86
2016-10,13.63,16.25
2016-10,12.99,15.86
2016-10,12.84,15.7
2016-10,13.48,15.66
2016-10,13.38,15.5
2016-10,15.36,17.02
2016-10,15.91,17.23
2016-10,16.69,17.65
2016-10,16.12,17.4
2016-10,16.21,17.58
2016-10,15.28,16.97
2016-10,14.41,16.41
2016-10,13.75,15.63
2016-10,13.34,15.37
2016-10,13.02,14.93
2016-10,13.46,15.88
2016-10,14.24,16.51
2016-10,15.36,17.33
2016-10,16.19,18.23
2016-10,17.06,19.32
2016-11,18.56,20.66
2016-11,19.32,21.24
2016-11,22.08,22.36
2016-11,22.51,23.03
2016-11,18.71,19.66
2016-11,18.74,20.2
2016-11,14.38,17.15
2016-11,14.74,19.07
2016-11,14.17,18.95
2016-11,14.48,19.7
2016-11,13.37,17.6
2016-11,13.72,17.3
2016-11,13.35,16.02
2016-11,12.85,15.51
2016-11,12.42,14.74
2016-11,12.41,14.28
2016-11,12.43,14.26
2016-11,,
2016-11,12.34,14.39
2016-11,13.15,15.12
2016-11,12.9,14.94
2016-11,13.33,15.13
2016-12,14.07,17.18
2016-12,14.12,16.99
2016-12,12.14,15.87
2016-12,11.79,15.26
2016-12,12.22,15.2
2016-12,12.64,14.82
2016-12,11.75,14.27
2016-12,12.64,13.87
2016-12,12.72,14.33
2016-12,13.19,14.53
2016-12,12.79,14.21
2016-12,12.2,13.23
2016-12,11.71,13.11
2016-12,11.45,13.08
2016-12,11.27,13.26
2016-12,11.43,13.42
2016-12,11.44,13.24
2016-12,,
2016-12,11.99,14.24
2016-12,12.95,15.4
2016-12,13.37,15.56
2016-12,14.04,16.68
2017-01,,
2017-01,12.85,16.06
2017-01,11.85,15.18
2017-01,11.67,14.63
2017-01,11.32,13.85
2017-01,11.56,14.22
2017-01,11.49,14.13
2017-01,11.26,13.94
2017-01,11.54,13.86
2017-01,11.23,13.34
2017-01,,
2017-01,11.87,13.88
2017-01,12.48,13.51
2017-01,12.78,14.06
2017-01,11.54,13.04
2017-01,11.77,13.49
2017-01,11.07,12.64
2017-01,10.81,12.65
2017-01,10.63,12.64
2017-01,10.58,12.3
2017-01,11.88,13.71
2017-01,11.99,14.29
2017-02,11.81,13.09
2017-02,11.93,13.63
2017-02,10.97,12.78
2017-02,11.37,13.01
2017-02,11.29,13.03
2017-02,11.45,12.92
2017-02,10.88,12.65
2017-02,10.85,12.31
2017-02,11.07,12.18
2017-02,10.74,11.69
2017-02,11.97,12.23
2017-02,11.76,12.74
2017-02,11.49,12.07
2017-02,,
2017-02,11.57,12.98
2017-02,11.74,12.56
2017-02,11.71,13.29
2017-02,11.47,12.75
2017-02,12.09,13.19
2017-02,12.92,13.6
2017-03,12.54,12.9
2017-03,11.81,12.71
2017-03,10.96,11.77
2017-03,11.24,12.19
2017-03,11.45,12.13
2017-03,11.86,12.25
2017-03,12.3,12.47
2017-03,11.66,11.9
2017-03,11.35,11.19
2017-03,12.3,11.7
2017-03,11.63,11.28
2017-03,11.21,10.96
2017-03,11.28,10.57
2017-03,11.34,10.31
2017-03,12.47,12.5
2017-03,12.81,12.78
2017-03,13.12,13.7
2017-03,12.96,12.66
2017-03,12.5,12.78
2017-03,11.53,12.12
2017-03,11.42,11.53
2017-03,11.54,11.54
2017-03,12.37,11.75
2017-04,12.38,12.37
2017-04,11.79,12.15
2017-04,12.89,13.14
2017-04,12.39,12.73
2017-04,12.87,13.49
2017-04,14.05,14.22
2017-04,15.07,15.13
2017-04,15.77,15.56
2017-04,15.96,15.9
2017-04,,
2017-04,14.66,15.24
2017-04,14.42,15.47
2017-04,14.93,15.47
2017-04,14.15,14.46
2017-04,14.63,14.87
2017-04,10.84,12.06
2017-04,10.76,12.01
2017-04,10.85,11.95
2017-04,10.36,11.11
2017-04,10.82,11.53
2017-05,10.11,12.2
2017-05,10.59,12.95
2017-05,10.68,11.98
2017-05,10.46,12.18
2017-05,10.57,12.31
2017-05,9.77,11.86
2017-05,9.96,12.67
2017-05,10.21,12.34
2017-05,10.6,12.76
2017-05,10.4,12.3
2017-05,10.42,12.03
2017-05,10.65,11.59
2017-05,15.59,16.46
2017-05,14.66,15.66
2017-05,12.04,13.86
2017-05,10.93,12.88
2017-05,10.72,12.75
2017-05,10.02,12.37
2017-05,9.99,12.58
2017-05,9.81,12.26
2017-05,,
2017-05,10.38,12.9
2017-05,10.41,12.94
2017-06,9.89,12.69
2017-06,9.75,12.91
2017-06,10.07,13.2
2017-06,10.45,13.96
2017-06,10.39,14.05
2017-06,10.16,13.66
2017-06,10.7,18.13
2017-06,11.46,16.98
2017-06,10.42,15.1
2017-06,10.64,16.01
2017-06,10.9,16.2
2017-06,10.38,16.3
2017-06,10.37,14.6
2017-06,10.86,15.29
2017-06,10.75,14.76
2017-06,10.48,14.8
2017-06,10.02,14.47
2017-06,9.9,15.44
2017-06,11.06,17.26
2017-06,10.03,16.05
2017-06,11.44,18.43
2017-06,11.18,17.61
2017-07,11.22,18.74
2017-07,,
2017-07,11.07,17.26
2017-07,12.54,18.0
2017-07,11.19,16.81
2017-07,11.11,16.7
2017-07,10.89,16.42
2017-07,10.3,15.1
2017-07,9.9,14.62
2017-07,9.51,13.8
2017-07,9.82,14.5
2017-07,9.89,13.9
2017-07,9.79,13.95
2017-07,9.58,14.36
2017-07,9.36,14.36
2017-07,9.43,14.59
2017-07,9.43,13.82
2017-07,9.6,13.89
2017-07,10.11,15.89
2017-07,10.29,15.91
2017-07,10.26,15.87
2017-08,10.09,14.83
2017-08,10.28,14.61
2017-08,10.44,14.69
2017-08,10.03,14.09
2017-08,9.93,14.21
2017-08,10.96,15.23
2017-08,11.11,15.43
2017-08,16.04,19.06
2017-08,15.51,17.77
2017-08,12.33,15.06
2017-08,12.04,14.36
2017-08,11.74,14.22
2017-08,15.55,18.6
2017-08,14.26,17.85
2017-08,13.19,17.37
2017-08,11.35,15.21
2017-08,12.25,15.8
2017-08,12.23,15.97
2017-08,11.28,15.52
2017-08,11.32,15.18
2017-08,11.7,15.98
2017-08,11.22,15.12
2017-08,10.59,14.33
2017-09,10.13,14.1
2017-09,,
2017-09,12.23,16.13
2017-09,11.63,15.56
2017-09,11.55,15.4
2017-09,12.12,16.07
2017-09,10.73,14.07
2017-09,10.58,13.37
2017-09,10.5,12.8
2017-09,10.44,13.4
2017-09,10.17,12.51
2017-09,10.15,13.61
2017-09,10.18,13.3
2017-09,9.78,13.42
2017-09,9.67,13.71
2017-09,9.59,13.81
2017-09,10.21,15.65
2017-09,10.17,15.28
2017-09,9.87,15.32
2017-09,9.55,14.98
2017-09,9.51,13.85
2017-10,9.45,13.88
2017-10,9.51,13.62
2017-10,9.63,13.45
2017-10,9.19,12.88
2017-10,9.65,13.33
2017-10,10.33,14.04
2017-10,10.08,14.29
2017-10,9.85,14.09
2017-10,9.91,14.33
2017-10,9.61,13.97
2017-10,9.91,14.49
2017-10,10.31,14.4
2017-10,10.07,14.32
2017-10,10.05,14.64
2017-10,9.97,14.32
2017-10,11.07,15.74
2017-10,11.16,15.51
2017-10,11.23,16.31
2017-10,11.3,15.82
2017-10,9.8,14.3
2017-10,10.5,15.05
2017-10,10.18,15.06
2017-11,10.2,14.95
2017-11,9.93,14.7
2017-11,9.14,13.9
2017-11,9.4,13.9
2017-11,9.89,14.12
2017-11,9.78,14.06
2017-11,10.5,15.04
2017-11,11.29,15.03
2017-11,11.5,14.84
2017-11,11.59,15.0
2017-11,13.13,16.09
2017-11,11.76,14.31
2017-11,11.43,13.79
2017-11,10.65,13.82
2017-11,9.73,12.78
2017-11,9.88,12.74
2017-11,,
2017-11,9.67,12.38
2017-11,9.87,13.04
2017-11,10.03,13.41
2017-11,10.7,16.38
2017-11,11.28,15.93
2017-12,11.43,16.57
2017-12,11.68,18.03
2017-12,11.33,17.12
2017-12,11.02,16.71
2017-12,10.16,15.86
2017-12,9.58,14.42
2017-12,9.34,12.59
2017-12,9.92,12.86
2017-12,10.18,12.74
2017-12,10.49,12.39
2017-12,9.42,11.88
2017-12,9.53,12.53
2017-12,10.03,12.82
2017-12,9.72,12.78
2017-12,9.62,12.65
2017-12,9.9,12.54
2017-12,,
2017-12,10.25,13.64
2017-12,10.47,14.29
2017-12,10.18,14.62
2017-12,11.04,15.68
2018-01,,
2018-01,9.77,14.93
2018-01,9.15,14.16
2018-01,9.22,13.97
2018-01,9.22,13.48
2018-01,9.52,13.84
2018-01,10.08,14.63
2018-01,9.82,15.28
2018-01,9.88,14.77
2018-01,10.16,14.57
2018-01,,
2018-01,11.66,16.34
2018-01,11.91,16.2
2018-01,12.22,16.95
2018-01,11.27,16.17
2018-01,11.03,16.29
2018-01,11.1,16.75
2018-01,11.47,17.9
2018-01,11.58,18.25
2018-01,11.08,17.52
2018-01,13.84,19.22
2018-01,14.79,20.35
2018-01,13.54,19.65
2018-02,13.47,19.15
2018-02,17.31,20.66
2018-02,37.32,33.02
2018-02,29.98,26.7
2018-02,27.73,24.73
2018-02,33.46,33.89
2018-02,29.06,29.62
2018-02,25.61,24.94
2018-02,24.97,23.71
2018-02,19.26,20.87
2018-02,19.13,20.85
2018-02,19.46,20.46
2018-02,,
2018-02,20.6,21.67
2018-02,20.02,22.49
2018-02,18.72,20.91
2018-02,16.49,18.16
2018-02,15.8,18.12
2018-02,18.59,20.49
2018-02,19.85,22.01
2018-03,22.47,24.74
2018-03,19.59,21.53
2018-03,18.73,20.6
2018-03,18.36,20.6
2018-03,17.76,20.43
2018-03,16.54,19.26
2018-03,14.64,17.3
2018-03,15.78,17.56
2018-03,16.35,19.24
2018-03,17.23,19.52
2018-03,16.59,18.45
2018-03,15.8,17.64
2018-03,19.02,22.06
2018-03,18.2,22.13
2018-03,17.86,22.06
2018-03,23.34,26.63
2018-03,24.87,28.35
2018-03,21.03,25.15
2018-03,22.5,29.01
2018-03,22.87,30.19
2018-03,19.97,26.68
2018-03,,
2018-04,23.62,29.92
2018-04,21.1,28.05
2018-04,20.06,26.29
2018-04,18.94,25.03
2018-04,21.49,27.43
2018-04,21.77,26.95
2018-04,20.47,25.15
2018-04,20.24,24.69
2018-04,18.49,22.9
2018-04,17.41,22.06
2018-04,16.56,20.45
2018-04,15.25,19.43
2018-04,15.6,19.38
2018-04,15.96,20.16
2018-04,16.88,21.63
2018-04,16.34,22.12
2018-04,18.02,23.62
2018-04,17.84,23.07
2018-04,16.24,20.36
2018-04,15.41,20.52
2018-04,15.93,21.06
2018-05,15.49,19.71
2018-05,15.97,19.76
2018-05,15.9,19.65
2018-05,14.77,18.41
2018-05,14.75,18.71
2018-05,14.71,18.48
2018-05,13.42,17.62
2018-05,13.23,16.38
2018-05,12.65,16.19
2018-05,12.93,16.08
2018-05,14.63,17.51
2018-05,13.42,16.71
2018-05,13.43,17.19
2018-05,13.42,16.87
2018-05,13.08,16.92
2018-05,13.22,16.92
2018-05,12.58,16.27
2018-05,12.53,15.82
2018-05,13.22,16.06
2018-05,,
2018-05,17.02,18.42
2018-05,14.94,17.07
2018-05,15.43,16.78
2018-06,13.46,15.11
2018-06,12.74,15.49
2018-06,12.4,15.33
2018-06,11.64,15.51
2018-06,12.13,16.45
2018-06,12.18,16.51
2018-06,12.35,16.45
2018-06,12.34,15.7
2018-06,12.94,16.32
2018-06,12.12,15.94
2018-06,11.98,15.42
2018-06,12.31,16.82
2018-06,13.35,17.29
2018-06,12.79,16.89
2018-06,14.64,18.89
2018-06,13.77,18.38
2018-06,17.33,21.94
2018-06,15.92,20.51
2018-06,17.91,22.75
2018-06,16.85,21.76
2018-06,16.09,20.88
2018-07,15.6,20.81
2018-07,16.14,21.79
2018-07,,
2018-07,14.97,20.35
2018-07,13.37,18.72
2018-07,12.69,17.91
2018-07,12.64,17.9
2018-07,13.63,18.27
2018-07,12.58,17.12
2018-07,12.18,16.88
2018-07,12.83,17.72
2018-07,12.06,16.71
2018-07,12.1,16.53
2018-07,12.87,17.35
2018-07,12.86,17.11
2018-07,12.62,16.49
2018-07,12.41,17.13
2018-07,12.29,16.67
2018-07,12.14,16.87
2018-07,13.03,18.72
2018-07,14.26,20.44
2018-07,12.83,19.17
2018-08,13.15,18.49
2018-08,12.19,16.31
2018-08,11.64,15.81
2018-08,11.27,15.47
2018-08,10.93,14.76
2018-08,10.85,14.83
2018-08,11.27,14.91
2018-08,13.16,16.22
2018-08,14.78,16.52
2018-08,13.31,15.16
2018-08,14.64,17.19
2018-08,13.45,16.43
2018-08,12.64,15.86
2018-08,12.49,16.29
2018-08,12.86,16.22
2018-08,12.25,15.64
2018-08,12.41,15.79
2018-08,11.99,15.16
2018-08,12.16,15.6
2018-08,12.5,15.42
2018-08,12.25,15.27
2018-08,13.53,16.02
2018-08,12.86,16.04
2018-09,,
2018-09,13.16,17.1
2018-09,13.91,18.65
2018-09,14.65,19.17
2018-09,14.88,19.76
2018-09,14.16,19.04
2018-09,13.22,17.83
2018-09,13.14,17.47
2018-09,12.37,16.45
2018-09,12.07,16.12
2018-09,13.68,18.5
2018-09,12.79,17.35
2018-09,11.75,16.9
2018-09,11.8,16.2
2018-09,11.68,16.84
2018-09,12.2,17.25
2018-09,12.42,17.07
2018-09,12.89,17.4
2018-09,12.41,16.75
2018-09,12.12,16.58
2018-10,12.0,17.09
2018-10,12.05,17.55
2018-10,11.61,17.5
2018-10,14.22,20.12
2018-10,14.82,21.5
2018-10,15.69,22.19
2018-10,15.95,21.62
2018-10,22.96,27.53
2018-10,24.98,27.76
2018-10,21.31,24.69
2018-10,21.3,26.81
2018-10,17.62,22.51
2018-10,17.4,22.93
2018-10,20.06,26.08
2018-10,19.89,25.77
2018-10,19.64,25.16
2018-10,20.71,25.26
2018-10,25.23,30.25
2018-10,24.22,29.54
2018-10,24.16,29.87
2018-10,24.7,31.75
2018-10,23.35,30.73
2018-10,21.23,29.12
2018-11,19.34,26.12
2018-11,19.51,26.65
2018-11,19.96,27.26
2018-11,19.91,26.17
2018-11,16.36,22.39
2018-11,16.72,22.86
2018-11,17.36,24.27
2018-11,20.45,28.11
2018-11,20.02,27.68
2018-11,21.25,28.37
2018-11,19.98,26.05
2018-11,18.14,24.38
2018-11,20.1,27.44
2018-11,22.48,28.77
2018-11,20.8,26.96
2018-11,,
2018-11,21.52,27.93
2018-11,18.9,26.02
2018-11,19.02,24.73
2018-11,18.49,24.11
2018-11,18.79,24.33
2018-11,18.07,24.02
2018-12,16.44,21.7
2018-12,20.74,25.38
2018-12,,
2018-12,21.19,25.97
2018-12,23.23,28.03
2018-12,22.64,27.2
2018-12,21.76,26.77
2018-12,21.46,26.3
2018-12,20.65,25.8
2018-12,21.63,27.62
2018-12,24.52,30.07
2018-12,25.58,29.31
2018-12,25.58,29.43
2018-12,28.38,31.0
2018-12,30.11,33.87
2018-12,36.07,38.68
2018-12,,
2018-12,30.41,33.7
2018-12,29.96,34.37
2018-12,28.34,34.2
2018-12,25.42,31.44
2019-01,,
2019-01,23.22,30.09
2019-01,25.45,32.18
2019-01,21.38,28.57
2019-01,21.4,28.53
2019-01,20.47,27.66
2019-01,19.98,26.42
2019-01,19.5,25.91
2019-01,18.19,24.78
2019-01,19.07,25.74
2019-01,18.6,23.66
2019-01,19.04,24.07
2019-01,18.06,23.34
2019-01,17.8,21.89
2019-01,,
2019-01,20.8,25.02
2019-01,19.52,24.5
2019-01,18.89,23.49
2019-01,17.42,21.78
2019-01,18.87,23.43
2019-01,19.13,23.86
2019-01,17.66,21.18
2019-01,16.57,20.24
2019-02,16.14,19.8
2019-02,15.73,19.68
2019-02,15.57,19.47
2019-02,15.38,19.74
2019-02,16.37,20.92
2019-02,15.72,20.04
2019-02,15.97,20.07
2019-02,15.43,18.69
2019-02,15.65,19.0
2019-02,16.22,19.02
2019-02,14.91,17.7
2019-02,,
2019-02,14.88,18.1
2019-02,14.02,18.02
2019-02,14.46,18.19
2019-02,13.51,16.95
2019-02,14.85,17.81
2019-02,15.17,18.11
2019-02,14.7,17.6
2019-02,14.78,17.17
2019-03,13.57,16.12
2019-03,14.63,17.36
2019-03,14.74,17.51
2019-03,15.74,18.23
2019-03,16.59,19.59
2019-03,16.05,19.12
2019-03,14.33,16.36
2019-03,13.77,15.76
2019-03,13.41,15.38
2019-03,13.5,15.65
2019-03,12.88,15.12
2019-03,13.1,16.18
2019-03,13.56,16.73
2019-03,13.91,16.64
2019-03,13.63,16.59
2019-03,16.48,19.83
2019-03,16.33,19.44
2019-03,14.68,18.63
2019-03,15.15,18.74
2019-03,14.43,17.99
2019-03,13.71,16.62
2019-04,13.4,16.31
2019-04,13.36,16.33
2019-04,13.74,16.62
2019-04,13.58,16.79
2019-04,12.82,16.17
2019-04,13.18,16.82
2019-04,14.28,17.65
2019-04,13.3,16.76
2019-04,13.02,16.66
2019-04,12.01,15.63
2019-04,12.32,15.93
2019-04,12.18,15.88
2019-04,12.6,15.86
2019-04,12.09,15.15
2019-04,,
2019-04,12.42,15.74
2019-04,12.28,16.15
2019-04,13.14,16.67
2019-04,13.25,16.49
2019-04,12.73,15.79
2019-04,13.11,16.44
2019-04,13.12,16.6
2019-05,14.8,17.93
2019-05,14.42,17.62
2019-05,12.87,15.98
2019-05,15.44,18.7
2019-05,19.32,22.86
2019-05,19.4,22.52
2019-05,19.1,22.03
2019-05,16.04,19.1
2019-05,20.55,25.25
2019-05,18.06,22.23
2019-05,16.44,19.92
2019-05,15.29,18.4
2019-05,15.96,19.39
2019-05,16.31,21.64
2019-05,14.95,19.58
2019-05,14.75,19.84
2019-05,16.92,21.31
2019-05,15.85,20.63
2019-05,,
2019-05,17.5,21.83
2019-05,17.9,22.23
2019-05,17.3,21.68
2019-05,18.71,23.23
2019-06,18.86,24.22
2019-06,16.97,21.49
2019-06,16.09,20.87
2019-06,15.93,20.32
2019-06,16.3,19.93
2019-06,15.94,19.98
2019-06,15.99,20.22
2019-06,15.91,20.58
2019-06,15.82,20.03
2019-06,15.28,19.85
2019-06,15.35,20.04
2019-06,15.15,19.51
2019-06,14.33,18.8
2019-06,14.75,18.71
2019-06,15.4,19.18
2019-06,15.26,19.46
2019-06,16.28,20.77
2019-06,16.21,20.46
2019-06,15.82,20.07
2019-06,15.08,19.76
2019-07,14.06,17.64
2019-07,12.93,16.29
2019-07,12.57,16.15
2019-07,,
2019-07,13.28,16.47
2019-07,13.96,17.77
2019-07,14.09,17.42
2019-07,13.03,16.43
2019-07,12.93,16.64
2019-07,12.39,16.25
2019-07,12.68,16.22
2019-07,12.86,16.66
2019-07,13.97,18.0
2019-07,13.53,17.01
2019-07,14.45,17.69
2019-07,13.53,17.07
2019-07,12.61,16.07
2019-07,12.07,15.41
2019-07,12.74,16.02
2019-07,12.16,15.42
2019-07,12.83,16.35
2019-07,13.94,17.53
2019-07,16.12,18.78
2019-08,17.87,21.06
2019-08,17.61,21.37
2019-08,24.59,27.56
2019-08,20.17,24.27
2019-08,19.49,23.47
2019-08,16.91,21.14
2019-08,17.97,21.77
2019-08,21.09,25.18
2019-08,17.52,21.82
2019-08,22.1,26.38
2019-08,21.18,24.79
2019-08,18.47,21.51
2019-08,16.88,20.43
2019-08,17.5,21.27
2019-08,15.8,19.81
2019-08,16.68,20.83
2019-08,19.87,23.66
2019-08,19.32,23.24
2019-08,20.31,24.11
2019-08,19.35,23.12
2019-08,17.88,21.25
2019-08,18.98,22.39
2019-09,,
2019-09,19.66,23.37
2019-09,17.33,21.44
2019-09,16.27,19.91
2019-09,15.0,18.82
2019-09,15.27,19.42
2019-09,15.2,19.57
2019-09,14.61,18.6
2019-09,14.22,17.88
2019-09,13.74,18.13
2019-09,14.67,19.04
2019-09,14.44,18.58
2019-09,13.95,18.04
2019-09,14.05,17.55
2019-09,15.32,19.11
2019-09,14.91,18.64
2019-09,17.05,20.45
2019-09,15.96,19.14
2019-09,16.07,19.41
2019-09,17.22,20.89
2019-09,16.24,20.03
2019-10,18.56,21.95
2019-10,20.56,23.71
2019-10,19.12,22.33
2019-10,17.04,20.24
2019-10,17.86,21.63
2019-10,20.28,23.4
2019-10,18.64,21.88
2019-10,17.57,21.0
2019-10,15.58,19.44
2019-10,14.57,18.61
2019-10,13.54,17.18
2019-10,13.68,17.58
2019-10,13.79,17.39
2019-10,14.25,17.82
2019-10,14.0,17.39
2019-10,14.46,18.34
2019-10,14.01,17.78
2019-10,13.71,17.35
2019-10,12.65,16.17
2019-10,13.11,16.81
2019-10,13.2,17.47
2019-10,12.33,16.71
2019-10,13.22,17.36
2019-11,12.3,16.27
2019-11,12.83,16.56
2019-11,13.1,17.08
2019-11,12.62,16.45
2019-11,12.73,16.66
2019-11,12.07,16.17
2019-11,12.69,16.04
2019-11,12.68,15.86
2019-11,13.0,16.24
2019-11,13.05,15.85
2019-11,12.05,14.57
2019-11,12.46,14.94
2019-11,12.86,15.25
2019-11,12.78,15.61
2019-11,13.13,16.07
2019-11,12.34,15.6
2019-11,11.87,15.08
2019-11,11.54,14.78
2019-11,11.75,14.86
2019-11,,
2019-11,12.62,15.84
2019-12,14.91,18.07
2019-12,15.96,19.16
2019-12,14.8,18.33
2019-12,14.52,17.97
2019-12,13.62,16.44
2019-12,15.86,18.15
2019-12,15.68,18.02
2019-12,14.99,17.41
2019-12,13.94,16.55
2019-12,12.63,15.09
2019-12,12.14,14.02
2019-12,12.29,14.42
2019-12,12.58,14.75
2019-12,12.5,14.42
2019-12,12.51,14.47
2019-12,12.61,15.16
2019-12,12.67,15.14
2019-12,,
2019-12,12.65,15.07
2019-12,13.43,16.36
2019-12,14.82,17.9
2019-12,13.78,16.89
2020-01,,
2020-01,12.47,16.0
2020-01,14.02,16.95
2020-01,13.85,17.19
2020-01,13.79,17.15
2020-01,13.45,16.93
2020-01,12.54,16.04
2020-01,12.56,16.48
2020-01,12.32,15.57
2020-01,12.39,15.83
2020-01,12.42,15.54
2020-01,12.32,14.95
2020-01,12.1,14.97
2020-01,,
2020-01,12.85,16.22
2020-01,12.91,16.49
2020-01,12.98,16.23
2020-01,14.56,18.07
2020-01,18.23,21.46
2020-01,16.28,19.61
2020-01,16.39,19.57
2020-01,15.49,17.75
2020-01,18.84,21.33
2020-02,17.97,20.4
2020-02,16.05,18.45
2020-02,15.15,18.52
2020-02,14.96,18.41
2020-02,15.47,19.42
2020-02,15.04,19.31
2020-02,15.18,19.66
2020-02,13.74,18.04
2020-02,14.15,18.46
2020-02,13.68,17.95
2020-02,,
2020-02,14.83,19.12
2020-02,14.38,18.58
2020-02,15.56,20.33
2020-02,17.08,22.46
2020-02,25.03,29.23
2020-02,27.85,31.03
2020-02,27.56,30.38
2020-02,39.16,41.0
2020-02,40.11,43.13
2020-03,33.42,35.1
2020-03,36.82,39.33
2020-03,31.99,33.54
2020-03,39.62,41.4
2020-03,41.94,43.97
2020-03,54.46,53.68
2020-03,47.3,47.43
2020-03,53.9,50.7
2020-03,75.47,67.83
2020-03,57.83,51.84
2020-03,82.69,80.08
2020-03,75.91,71.55
2020-03,76.45,74.22
2020-03,72.0,69.12
2020-03,66.04,63.85
2020-03,61.59,58.36
2020-03,61.67,56.95
2020-03,63.95,60.99
2020-03,61.0,57.6
2020-03,65.54,61.38
2020-03,57.08,55.04
2020-03,53.54,51.29
2020-04,57.06,54.29
2020-04,50.91,48.91
2020-04,46.8,44.87
2020-04,45.24,42.93
2020-04,46.7,44.69
2020-04,43.35,42.34
2020-04,41.67,41.36
2020-04,,
2020-04,41.17,41.34
2020-04,37.76,38.33
2020-04,40.84,40.85
2020-04,40.11,40.36
2020-04,38.15,38.37
2020-04,43.83,43.85
2020-04,45.41,45.37
2020-04,41.98,42.37
2020-04,41.38,41.66
2020-04,35.93,36.5
2020-04,33.29,35.26
2020-04,33.57,36.61
2020-04,31.23,32.85
2020-04,34.15,35.28
2020-05,37.19,37.76
2020-05,35.97,36.86
2020-05,33.61,35.37
2020-05,34.12,35.6
2020-05,31.44,33.58
2020-05,27.98,30.64
2020-05,27.57,28.82
2020-05,33.04,33.3
2020-05,35.28,36.12
2020-05,32.61,33.79
2020-05,31.89,33.49
2020-05,29.3,30.22
2020-05,30.53,30.74
2020-05,27.99,29.12
2020-05,29.53,30.73
2020-05,28.16,29.36
2020-05,,
2020-05,28.01,29.42
2020-05,27.62,29.52
2020-05,28.59,29.68
2020-05,27.51,27.96
2020-06,28.23,28.99
2020-06,26.84,27.68
2020-06,25.66,27.45
2020-06,25.81,27.43
2020-06,24.52,25.53
2020-06,25.81,26.8
2020-06,27.57,28.7
2020-06,27.57,29.32
2020-06,40.79,36.81
2020-06,36.09,35.49
2020-06,34.4,33.67
2020-06,33.67,32.69
2020-06,33.47,32.91
2020-06,32.94,31.57
2020-06,35.12,32.54
2020-06,31.77,31.38
2020-06,31.37,31.23
2020-06,33.84,33.58
2020-06,32.22,31.81
2020-06,34.73,33.81
2020-06,31.78,32.3
2020-06,30.43,30.75
2020-07,28.62,29.51
2020-07,27.68,28.6
2020-07,,
2020-07,27.94,30.2
2020-07,29.43,31.72
2020-07,28.08,31.05
2020-07,29.26,32.68
2020-07,27.29,32.02
2020-07,32.19,37.6
2020-07,29.52,37.61
2020-07,27.76,35.84
2020-07,28.0,34.42
2020-07,25.68,30.77
2020-07,24.46,30.91
2020-07,24.84,30.91
2020-07,24.32,30.46
2020-07,26.08,32.75
2020-07,25.84,32.61
2020-07,24.74,31.55
2020-07,25.44,31.83
2020-07,24.1,30.13
2020-07,24.76,30.2
2020-07,24.46,27.93
2020-08,24.28,29.27
2020-08,23.76,29.12
2020-08,22.99,28.5
2020-08,22.65,28.53
2020-08,22.21,29.76
2020-08,22.13,29.86
2020-08,24.03,31.87
2020-08,22.28,30.16
2020-08,22.13,29.84
2020-08,22.05,29.15
2020-08,21.35,27.73
2020-08,21.51,26.9
2020-08,22.54,28.88
2020-08,22.72,28.44
2020-08,22.54,28.62
2020-08,22.37,29.83
2020-08,22.03,29.11
2020-08,23.27,32.1
2020-08,24.47,33.32
2020-08,22.96,32.8
2020-08,26.41,34.55
2020-09,26.12,34.67
2020-09,26.57,36.8
2020-09,33.6,42.09
2020-09,30.75,41.74
2020-09,,
2020-09,31.46,41.02
2020-09,28.81,38.25
2020-09,29.71,37.92
2020-09,26.87,35.27
2020-09,25.85,33.56
2020-09,25.59,33.79
2020-09,26.04,35.48
2020-09,26.46,36.27
2020-09,25.83,36.04
2020-09,27.78,36.43
2020-09,26.86,35.24
2020-09,28.58,37.25
2020-09,28.51,36.99
2020-09,26.38,34.93
2020-09,26.19,34.66
2020-09,26.27,35.25
2020-09,26.37,35.42
2020-10,26.7,34.99
2020-10,27.63,36.44
2020-10,27.96,35.67
2020-10,29.48,36.67
2020-10,28.06,35.61
2020-10,26.36,34.43
2020-10,25.0,32.6
2020-10,25.07,33.44
2020-10,26.07,34.48
2020-10,26.4,34.04
2020-10,26.97,34.54
2020-10,27.41,35.02
2020-10,29.18,36.14
2020-10,29.35,35.25
2020-10,28.65,35.08
2020-10,28.11,34.28
2020-10,27.55,33.45
2020-10,32.46,37.41
2020-10,33.35,36.56
2020-10,40.28,43.39
2020-10,37.59,40.08
2020-10,38.02,41.3
2020-11,37.13,40.9
2020-11,35.55,38.38
2020-11,29.57,33.36
2020-11,27.58,32.82
2020-11,24.86,30.01
2020-11,25.75,31.32
2020-11,24.8,32.53
2020-11,23.45,30.29
2020-11,25.35,30.91
2020-11,23.1,29.03
2020-11,22.45,27.37
2020-11,22.71,27.31
2020-11,23.84,27.47
2020-11,23.11,26.81
2020-11,23.7,26.91
2020-11,22.66,26.64
2020-11,21.64,25.99
2020-11,21.25,25.69
2020-11,,
2020-11,20.84,26.12
2020-11,20.57,26.68
2020-12,20.77,27.41
2020-12,21.17,27.55
2020-12,21.28,27.39
2020-12,20.79,27.02
2020-12,21.3,27.2
2020-12,20.68,26.08
2020-12,22.27,29.32
2020-12,22.52,29.15
2020-12,23.31,29.0
2020-12,24.72,29.44
2020-12,22.89,28.1
2020-12,22.5,27.85
2020-12,21.93,27.04
2020-12,21.57,26.91
2020-12,25.16,28.35
2020-12,24.23,27.94
2020-12,23.31,27.33
2020-12,21.53,25.94
2020-12,,
2020-12,21.7,25.91
2020-12,23.08,26.82
2020-12,22.77,26.29
2020-12,22.75,26.93
2021-01,,
2021-01,26.97,30.13
2021-01,25.34,28.42
2021-01,25.07,29.27
2021-01,22.37,26.99
2021-01,21.56,27.93
2021-01,24.08,28.92
2021-01,23.33,28.33
2021-01,22.21,27.36
2021-01,23.25,28.55
2021-01,24.34,29.17
2021-01,,
2021-01,23.24,27.71
2021-01,21.58,26.79
2021-01,21.32,27.01
2021-01,21.91,28.07
2021-01,23.19,28.73
2021-01,23.02,29.2
2021-01,37.21,39.61
2021-01,30.21,35.05
2021-01,33.09,37.44
2021-02,30.24,34.24
2021-02,25.56,29.49
2021-02,22.91,29.03
2021-02,21.77,27.09
2021-02,20.87,25.46
2021-02,21.24,26.18
2021-02,21.63,26.6
2021-02,21.99,27.41
2021-02,21.25,27.07
2021-02,19.97,26.36
2021-02,,
2021-02,21.46,28.52
2021-02,21.5,28.26
2021-02,22.49,27.59
2021-02,22.05,27.74
2021-02,23.45,31.02
2021-02,23.11,30.62
2021-02,21.34,28.67
2021-02,28.89,36.16
2021-02,27.95,34.06
2021-03,23.35,28.67
2021-03,24.1,30.11
2021-03,26.67,33.92
2021-03,28.57,34.83
2021-03,24.66,31.89
2021-03,25.47,33.87
2021-03,24.03,32.15
2021-03,22.56,31.52
2021-03,21.91,30.04
2021-03,20.69,30.1
2021-03,20.03,28.72
2021-03,19.79,29.27
2021-03,19.23,27.98
2021-03,21.58,30.61
2021-03,20.95,29.65
2021-03,18.88,26.7
2021-03,20.3,27.83
2021-03,21.2,28.97
2021-03,19.81,27.63
2021-03,18.86,25.64
2021-03,20.74,26.94
2021-03,19.61,26.39
2021-03,19.4,24.89
2021-04,17.33,23.21
2021-04,,23.21
2021-04,17.91,23.93
2021-04,18.12,23.86
2021-04,17.16,23.43
2021-04,16.95,23.49
2021-04,16.69,23.23
2021-04,16.91,22.49
2021-04,16.65,22.11
2021-04,16.99,22.64
2021-04,16.57,21.68
2021-04,16.25,20.51
2021-04,17.29,22.82
2021-04,18.68,24.37
2021-04,17.5,22.82
2021-04,18.71,24.0
2021-04,17.33,22.32
2021-04,17.64,22.57
2021-04,17.56,22.71
2021-04,17.28,22.36
2021-04,17.61,22.42
2021-04,18.61,22.9
2021-05,18.31,23.34
2021-05,19.48,25.7
2021-05,19.15,25.66
2021-05,18.39,24.83
2021-05,16.69,22.79
2021-05,19.66,26.59
2021-05,21.84,27.86
2021-05,27.59,31.87
2021-05,23.13,29.02
2021-05,18.81,24.99
2021-05,19.72,25.59
2021-05,21.34,26.14
2021-05,22.18,26.66
2021-05,20.67,24.24
2021-05,20.15,24.3
2021-05,18.4,22.76
2021-05,18.84,23.4
2021-05,17.36,22.35
2021-05,16.74,22.12
2021-05,16.76,21.44
2021-05,,
2021-06,17.9,22.68
2021-06,17.48,22.01
2021-06,18.04,23.25
2021-06,16.42,21.22
2021-06,16.42,21.37
2021-06,17.07,21.58
2021-06,17.89,22.01
2021-06,16.1,19.98
2021-06,15.65,19.16
2021-06,16.39,20.06
2021-06,17.02,20.93
2021-06,18.15,21.46
2021-06,17.75,20.35
2021-06,20.7,22.43
2021-06,17.89,20.78
2021-06,16.66,20.0
2021-06,16.32,19.82
2021-06,15.97,19.6
2021-06,15.62,19.31
2021-06,15.76,19.58
2021-06,16.02,20.09
2021-06,15.83,20.14
2021-07,15.48,20.07
2021-07,15.07,19.28
2021-07,,
2021-07,16.44,21.0
2021-07,16.2,21.11
2021-07,19.0,23.6
2021-07,16.18,21.23
2021-07,16.17,19.68
2021-07,17.12,20.87
2021-07,16.33,19.99
2021-07,17.01,20.11
2021-07,18.45,21.06
2021-07,22.5,23.44
2021-07,19.73,21.68
2021-07,17.91,20.4
2021-07,17.69,19.78
2021-07,17.2,19.06
2021-07,17.58,20.37
2021-07,19.36,22.84
2021-07,18.31,20.96
2021-07,17.7,20.55
2021-07,18.24,20.81
2021-08,19.46,21.49
2021-08,18.04,20.52
2021-08,17.97,20.68
2021-08,17.28,20.19
2021-08,16.15,19.61
2021-08,16.72,19.69
2021-08,16.79,20.38
2021-08,16.06,20.45
2021-08,15.59,19.4
2021-08,15.45,18.52
2021-08,16.12,19.05
2021-08,17.91,21.17
2021-08,21.57,24.35
2021-08,21.67,23.52
2021-08,18.56,20.97
2021-08,17.15,19.8
2021-08,17.22,19.86
2021-08,16.79,19.6
2021-08,18.84,21.37
2021-08,16.39,18.54
2021-08,16.19,19.08
2021-08,16.48,19.48
2021-09,16.11,19.84
2021-09,16.41,20.03
2021-09,16.41,19.75
2021-09,,
2021-09,18.14,20.96
2021-09,17.96,20.81
2021-09,18.8,21.45
2021-09,20.95,22.75
2021-09,19.37,21.6
2021-09,19.46,21.68
2021-09,18.18,20.12
2021-09,18.69,20.17
2021-09,20.81,22.27
2021-09,25.71,27.23
2021-09,24.36,26.42
2021-09,20.87,22.97
2021-09,18.63,21.22
2021-09,17.75,20.93
2021-09,18.76,21.83
2021-09,23.25,27.35
2021-09,22.56,26.71
2021-09,23.14,26.65
2021-10,21.15,24.84
2021-10,22.96,27.72
2021-10,21.3,25.45
2021-10,21.0,24.87
2021-10,19.54,23.22
2021-10,18.77,23.16
2021-10,20.0,23.49
2021-10,19.85,23.41
2021-10,18.64,21.23
2021-10,16.86,19.09
2021-10,16.3,18.51
2021-10,16.31,18.83
2021-10,15.7,18.31
2021-10,15.49,18.73
2021-10,15.01,18.63
2021-10,15.43,19.12
2021-10,15.24,18.8
2021-10,15.98,19.38
2021-10,16.98,20.12
2021-10,16.53,19.75
2021-10,16.26,19.64
2021-11,16.41,19.73
2021-11,16.03,19.73
2021-11,15.1,19.43
2021-11,15.44,20.26
2021-11,16.48,21.57
2021-11,17.22,21.88
2021-11,17.78,22.69
2021-11,18.73,23.27
2021-11,17.66,22.37
2021-11,16.29,21.42
2021-11,16.49,21.71
2021-11,16.37,21.28
2021-11,17.11,21.56
2021-11,17.59,21.39
2021-11,17.91,21.75
2021-11,19.17,23.5
2021-11,19.38,24.43
2021-11,18.58,23.82
2021-11,,
2021-11,28.62,28.45
2021-11,22.96,24.63
2021-11,27.19,27.39
2021-12,31.12,30.95
2021-12,27.95,29.78
2021-12,30.67,33.41
2021-12,27.18,30.17
2021-12,21.89,25.79
2021-12,19.9,24.82
2021-12,21.58,26.42
2021-12,18.69,23.95
2021-12,20.31,24.04
2021-12,21.89,25.31
2021-12,19.29,23.42
2021-12,20.57,25.24
2021-12,21.57,26.55
2021-12,22.87,27.88
2021-12,21.01,24.96
2021-12,18.63,22.15
2021-12,17.96,21.32
2021-12,,21.32
2021-12,17.68,21.72
2021-12,17.54,21.54
2021-12,16.95,21.28
2021-12,17.33,21.38
2021-12,17.22,21.2
2022-01,16.6,21.17
2022-01,16.91,22.32
2022-01,19.73,25.98
2022-01,19.61,25.81
2022-01,18.76,25.65
2022-01,19.4,25.83
2022-01,18.41,24.28
2022-01,17.62,23.44
2022-01,20.31,27.05
2022-01,19.19,25.72
2022-01,,
2022-01,22.79,29.36
2022-01,23.85,29.02
2022-01,25.59,30.61
2022-01,28.85,34.06
2022-01,29.9,35.55
2022-01,31.16,38.2
2022-01,31.96,38.1
2022-01,30.49,36.64
2022-01,27.66,33.31
2022-01,24.83,30.16
2022-02,21.96,28.0
2022-02,22.09,29.58
2022-02,24.35,31.24
2022-02,23.22,30.32
2022-02,22.86,30.02
2022-02,21.44,28.33
2022-02,19.96,26.87
2022-02,23.91,30.07
2022-02,27.36,34.16
2022-02,28.33,34.07
2022-02,25.7,31.16
2022-02,24.29,29.45
2022-02,28.11,33.21
2022-02,27.75,33.05
2022-02,,
2022-02,28.81,33.13
2022-02,31.02,35.27
2022-02,30.32,34.02
2022-02,27.59,31.19
2022-02,30.15,32.72
2022-03,33.32,35.22
2022-03,30.74,33.05
2022-03,30.48,33.34
2022-03,31.98,34.89
2022-03,36.45,38.73
2022-03,35.13,38.02
2022-03,32.45,35.34
2022-03,30.23,34.23
2022-03,30.75,34.85
2022-03,31.77,36.55
2022-03,29.83,34.65
2022-03,26.67,30.81
2022-03,25.67,29.51
2022-03,23.87,27.76
2022-03,23.53,28.66
2022-03,22.94,27.71
2022-03,23.57,28.84
2022-03,21.67,27.89
2022-03,20.81,27.34
2022-03,19.63,26.53
2022-03,18.9,25.87
2022-03,19.33,26.4
2022-03,20.56,26.99
2022-04,19.63,25.91
2022-04,18.57,24.93
2022-04,21.03,27.4
2022-04,22.1,28.91
2022-04,21.55,28.48
2022-04,21.16,28.06
2022-04,24.37,30.75
2022-04,24.26,30.38
2022-04,21.82,26.85
2022-04,22.7,28.86
2022-04,,
2022-04,22.17,29.53
2022-04,21.37,29.1
2022-04,20.32,28.47
2022-04,22.68,31.37
2022-04,28.21,35.39
2022-04,27.02,33.83
2022-04,33.52,38.93
2022-04,31.6,36.91
2022-04,29.99,35.49
2022-04,33.4,38.25
2022-05,32.34,37.81
2022-05,29.25,36.0
2022-05,25.42,31.98
2022-05,31.2,37.19
2022-05,30.19,37.4
2022-05,34.75,41.43
2022-05,32.99,40.08
2022-05,32.56,40.67
2022-05,31.77,41.36
2022-05,28.87,37.61
2022-05,27.47,37.44
2022-05,26.1,33.88
2022-05,30.96,38.81
2022-05,29.35,36.15
2022-05,29.43,36.18
2022-05,28.48,35.18
2022-05,29.45,36.17
2022-05,28.37,35.38
2022-05,27.5,33.63
2022-05,25.72,32.0
2022-05,26.54,
2022-05,26.19,33.01
2022-06,25.69,32.6
2022-06,24.72,31.44
2022-06,24.79,31.75
2022-06,25.07,32.16
2022-06,24.02,31.03
2022-06,23.96,30.69
2022-06,26.09,32.73
2022-06,27.75,33.97
2022-06,34.02,40.36
2022-06,32.69,38.51
2022-06,29.62,35.35
2022-06,32.95,38.67
2022-06,31.13,36.66
2022-06,31.03,
2022-06,30.19,36.06
2022-06,28.95,35.94
2022-06,29.05,35.3
2022-06,27.23,33.77
2022-06,26.95,33.56
2022-06,28.36,35.43
2022-06,28.16,35.33
2022-06,28.71,36.21
2022-07,26.7,34.27
2022-07,27.53,
2022-07,27.54,34.86
2022-07,26.73,33.75
2022-07,26.08,32.81
2022-07,24.64,31.18
2022-07,26.17,32.93
2022-07,27.29,33.97
2022-07,26.82,33.67
2022-07,26.4,32.64
2022-07,24.23,30.39
2022-07,25.3,31.58
2022-07,24.5,30.66
2022-07,23.88,30.58
2022-07,23.11,29.31
2022-07,23.03,29.19
2022-07,23.36,29.42
2022-07,24.69,30.91
2022-07,23.24,29.59
2022-07,22.33,28.48
2022-07,21.33,27.25
2022-08,22.84,28.75
2022-08,23.93,30.0
2022-08,21.95,27.98
2022-08,21.44,27.81
2022-08,21.15,27.13
2022-08,21.29,27.65
2022-08,21.77,28.41
2022-08,19.74,25.72
2022-08,20.2,26.13
2022-08,19.53,25.18
2022-08,19.95,25.4
2022-08,19.69,25.55
2022-08,19.9,26.33
2022-08,19.56,25.52
2022-08,20.6,26.74
2022-08,23.8,29.65
2022-08,24.11,29.69
2022-08,22.82,28.96
2022-08,21.78,28.08
2022-08,25.56,31.72
2022-08,26.21,32.3
2022-08,26.21,32.12
2022-08,25.87,32.19
2022-09,25.56,32.26
2022-09,25.47,32.32
2022-09,25.99,
2022-09,26.91,33.59
2022-09,24.64,31.56
2022-09,23.61,30.48
2022-09,22.79,29.23
2022-09,23.87,29.81
2022-09,27.27,33.18
2022-09,26.16,32.57
2022-09,26.27,32.65
2022-09,26.3,32.83
2022-09,25.76,32.36
2022-09,27.16,33.3
2022-09,27.99,33.87
2022-09,27.35,32.92
2022-09,29.92,34.88
2022-09,32.26,36.93
2022-09,32.6,37.15
2022-09,30.18,35.51
2022-09,31.84,36.91
2022-09,31.62,36.61
2022-10,30.1,35.56
2022-10,29.07,34.42
2022-10,28.55,34.33
2022-10,30.52,35.84
2022-10,31.36,36.86
2022-10,32.45,38.57
2022-10,33.63,39.38
2022-10,33.57,39.51
2022-10,31.94,38.27
2022-10,32.02,37.75
2022-10,31.37,37.07
2022-10,30.5,36.11
2022-10,30.76,36.37
2022-10,29.98,35.77
2022-10,29.69,35.25
2022-10,29.85,35.5
2022-10,28.46,34.14
2022-10,27.28,33.28
2022-10,27.39,33.82
2022-10,25.75,31.86
2022-10,25.88,31.16
2022-11,25.81,31.99
2022-11,25.86,32.1
2022-11,25.3,31.79
2022-11,24.55,30.86
2022-11,24.35,30.84
2022-11,25.54,31.53
2022-11,26.09,32.49
2022-11,23.53,30.35
2022-11,22.52,28.97
2022-11,23.73,30.02
2022-11,24.54,30.3
2022-11,24.11,30.05
2022-11,23.93,30.02
2022-11,23.12,29.25
2022-11,22.36,29.0
2022-11,21.29,27.79
2022-11,20.35,26.66
2022-11,20.42,
2022-11,20.5,26.79
2022-11,22.21,28.31
2022-11,21.89,28.36
2022-11,20.58,26.46
2022-12,19.84,26.09
2022-12,19.06,24.78
2022-12,20.75,26.16
2022-12,22.17,27.53
2022-12,22.68,28.11
2022-12,22.29,27.59
2022-12,22.83,27.94
2022-12,25.0,30.06
2022-12,22.55,26.91
2022-12,21.14,25.75
2022-12,22.83,27.34
2022-12,22.62,27.33
2022-12,22.42,27.41
2022-12,21.48,26.65
2022-12,20.07,25.15
2022-12,21.97,27.35
2022-12,20.87,26.33
2022-12,,
2022-12,21.65,27.78
2022-12,22.14,28.38
2022-12,21.44,27.36
2022-12,21.67,27.6
2023-01,,
2023-01,22.9,29.11
2023-01,22.01,28.36
2023-01,22.46,28.81
2023-01,21.13,26.96
2023-01,21.97,27.86
2023-01,20.58,26.94
2023-01,21.09,27.34
2023-01,18.83,24.76
2023-01,18.35,23.82
2023-01,19.49,
2023-01,19.36,24.75
2023-01,20.34,25.51
2023-01,20.52,25.28
2023-01,19.85,24.54
2023-01,19.81,24.61
2023-01,19.2,24.55
2023-01,19.08,24.54
2023-01,18.73,25.01
2023-01,18.51,24.57
2023-01,19.94,26.25
2023-01,19.4,25.79
2023-02,17.87,24.04
2023-02,18.73,25.06
2023-02,18.33,25.4
2023-02,19.43,25.89
2023-02,18.66,25.46
2023-02,19.63,26.45
2023-02,20.71,27.64
2023-02,20.53,27.09
2023-02,20.34,27.26
2023-02,18.91,25.06
2023-02,18.23,24.09
2023-02,20.17,26.06
2023-02,20.02,25.82
2023-02,21.23,
2023-02,22.87,28.57
2023-02,22.29,28.02
2023-02,21.14,26.83
2023-02,21.67,27.18
2023-02,20.95,26.65
2023-02,20.7,26.4
2023-03,20.58,26.48
2023-03,19.59,25.7
2023-03,18.49,24.36
2023-03,18.61,24.25
2023-03,19.59,24.65
2023-03,19.11,24.08
2023-03,22.61,26.55
2023-03,24.8,27.94
2023-03,26.52,29.39
2023-03,23.73,26.72
2023-03,26.14,28.69
2023-03,22.99,26.62
2023-03,25.51,28.35
2023-03,24.15,27.55
2023-03,21.38,25.68
2023-03,22.26,26.6
2023-03,22.61,26.56
2023-03,21.74,25.78
2023-03,20.6,25.07
2023-03,19.97,24.5
2023-03,19.12,23.99
2023-03,19.02,23.99
2023-03,18.7,23.6
2023-04,18.55,23.67
2023-04,19.0,24.28
2023-04,19.08,24.62
2023-04,18.4,23.86
2023-04,,
2023-04,18.97,24.56
2023-04,19.1,24.71
2023-04,19.09,24.49
2023-04,17.8,23.28
2023-04,17.07,22.22
2023-04,16.95,21.91
2023-04,16.83,21.41
2023-04,16.46,21.24
2023-04,17.17,21.77
2023-04,16.77,21.29
2023-04,16.89,21.52
2023-04,18.76,22.97
2023-04,18.84,22.77
2023-04,17.03,21.05
2023-04,15.78,20.12
2023-05,16.08,20.19
2023-05,17.78,21.63
2023-05,18.34,22.03
2023-05,20.09,23.14
2023-05,17.19,20.36
2023-05,16.98,20.31
2023-05,17.71,20.85
2023-05,16.94,19.76
2023-05,16.93,19.4
2023-05,17.03,19.53
2023-05,17.12,19.55
2023-05,17.99,19.84
2023-05,16.87,19.16
2023-05,16.05,19.32
2023-05,16.81,19.68
2023-05,17.21,19.97
2023-05,18.53,20.99
2023-05,20.03,22.4
2023-05,19.14,21.69
2023-05,17.95,22.21
2023-05,17.46,
2023-05,17.46,22.42
2023-05,17.94,22.12
2023-06,15.65,20.46
2023-06,14.6,19.29
2023-06,14.73,19.42
2023-06,13.96,18.54
2023-06,13.94,19.21
2023-06,13.65,18.66
2023-06,13.83,18.89
2023-06,15.01,20.46
2023-06,14.61,20.06
2023-06,13.88,19.72
2023-06,14.5,20.28
2023-06,13.54,19.55
2023-06,14.19,
2023-06,13.88,19.95
2023-06,13.2,19.29
2023-06,12.91,18.82
2023-06,13.44,19.29
2023-06,14.25,20.37
2023-06,13.74,20.08
2023-06,13.43,20.02
2023-06,13.54,19.98
2023-06,13.59,19.55
2023-07,13.57,19.87
2023-07,13.7,
2023-07,14.18,19.91
2023-07,15.44,21.11
2023-07,14.83,20.6
2023-07,15.07,21.08
2023-07,14.84,20.9
2023-07,13.54,19.48
2023-07,13.61,19.78
2023-07,13.34,19.65
2023-07,13.48,19.43
2023-07,13.3,19.29
2023-07,13.76,19.68
2023-07,13.99,20.2
2023-07,13.6,19.61
2023-07,13.91,19.83
2023-07,13.86,19.71
2023-07,13.19,18.99
2023-07,14.41,19.83
2023-07,13.33,18.92
2023-07,13.63,19.32
2023-08,13.93,19.67
2023-08,16.09,22.13
2023-08,15.92,22.08
2023-08,17.1,22.02
2023-08,15.77,20.82
2023-08,15.99,21.07
2023-08,15.96,21.5
2023-08,15.85,21.03
2023-08,14.84,20.45
2023-08,14.82,20.2
2023-08,16.46,21.37
2023-08,16.78,22.08
2023-08,17.89,22.71
2023-08,17.3,22.01
2023-08,17.13,21.89
2023-08,16.97,21.82
2023-08,15.98,21.36
2023-08,17.2,22.58
2023-08,15.68,20.88
2023-08,15.08,20.39
2023-08,14.45,19.33
2023-08,13.88,19.07
2023-08,13.57,18.74
2023-09,13.09,18.41
2023-09,13.82,
2023-09,14.01,19.4
2023-09,14.45,19.79
2023-09,14.4,19.95
2023-09,13.84,19.15
2023-09,13.8,18.84
2023-09,14.23,19.21
2023-09,13.48,18.07
2023-09,12.82,17.25
2023-09,13.79,18.69
2023-09,14.0,18.96
2023-09,14.11,19.21
2023-09,15.14,20.46
2023-09,17.54,22.48
2023-09,17.2,22.01
2023-09,16.9,21.65
2023-09,18.94,22.87
2023-09,18.22,22.34
2023-09,17.34,21.53
2023-09,17.52,21.28
2023-10,17.61,21.51
2023-10,19.78,23.77
2023-10,18.58,22.68
2023-10,18.49,22.76
2023-10,17.45,21.41
2023-10,17.7,21.82
2023-10,17.03,21.13
2023-10,16.09,20.16
2023-10,16.69,20.63
2023-10,19.32,22.75
2023-10,17.21,21.39
2023-10,17.88,21.96
2023-10,19.22,23.44
2023-10,21.4,24.74
2023-10,21.71,25.31
2023-10,20.37,23.97
2023-10,18.97,22.34
2023-10,20.19,24.34
2023-10,20.68,24.85
2023-10,21.27,24.44
2023-10,19.75,23.61
2023-10,18.14,22.46
2023-11,16.87,20.68
2023-11,15.66,19.54
2023-11,14.91,18.62
2023-11,14.89,18.65
2023-11,14.81,18.45
2023-11,14.45,18.16
2023-11,15.29,19.01
2023-11,14.17,17.95
2023-11,14.76,18.82
2023-11,14.16,17.89
2023-11,14.18,18.09
2023-11,14.32,17.83
2023-11,13.8,17.41
2023-11,13.41,17.14
2023-11,13.35,17.55
2023-11,12.85,16.66
2023-11,12.8,
2023-11,12.46,16.12
2023-11,12.69,16.44
2023-11,12.69,16.15
2023-11,12.98,16.52
2023-11,12.92,16.72
2023-12,12.63,16.21
2023-12,13.08,17.21
2023-12,12.85,16.99
2023-12,12.97,17.03
2023-12,13.06,17.08
2023-12,12.35,15.94
2023-12,12.63,16.27
2023-12,12.07,15.38
2023-12,12.19,15.35
2023-12,12.48,15.42
2023-12,12.28,15.47
2023-12,12.56,15.87
2023-12,12.53,15.8
2023-12,13.67,16.98
2023-12,13.65,17.18
2023-12,13.03,16.62
2023-12,,
2023-12,12.99,17.0
2023-12,12.43,16.22
2023-12,12.47,16.36
2023-12,12.45,16.2
2024-01,,
2024-01,13.2,17.59
2024-01,14.04,18.02
2024-01,14.13,17.89
2024-01,13.35,17.13
2024-01,13.08,16.86
2024-01,12.76,16.55
2024-01,12.69,16.6
2024-01,12.44,16.4
2024-01,12.7,16.54
2024-01,13.25,
2024-01,13.84,17.87
2024-01,14.79,18.7
2024-01,14.13,17.95
2024-01,13.3,17.4
2024-01,13.19,17.2
2024-01,12.55,16.55
2024-01,13.14,16.96
2024-01,13.45,17.26
2024-01,13.26,17.03
2024-01,13.6,17.39
2024-01,13.31,17.57
2024-01,14.35,18.25
2024-02,13.88,11.2
2024-02,13.85,17.22
2024-02,13.67,17.57
2024-02,13.06,17.31
2024-02,12.83,16.94
2024-02,12.79,16.96
2024-02,12.93,16.86
2024-02,13.93,18.09
2024-02,15.85,19.49
2024-02,14.38,18.26
2024-02,14.01,17.85
2024-02,14.24,18.6
2024-02,14.71,
2024-02,15.42,19.78
2024-02,15.34,19.6
2024-02,14.54,18.39
2024-02,13.75,17.7
2024-02,13.74,17.83
2024-02,13.43,17.58
2024-02,13.84,17.86
2024-02,13.4,17.21
2024-03,13.11,17.2
2024-03,13.49,17.6
2024-03,14.46,18.46
2024-03,14.5,18.54
2024-03,14.44,18.61
2024-03,14.74,19.04
2024-03,15.22,19.37
2024-03,13.84,18.13
2024-03,13.75,17.91
2024-03,14.4,18.61
2024-03,14.41,19.25
2024-03,14.33,19.4
2024-03,13.82,18.78
2024-03,13.04,17.55
2024-03,12.92,17.38
2024-03,13.06,17.04
2024-03,13.19,17.23
2024-03,13.24,17.1
2024-03,12.78,16.61
2024-03,13.01,16.66
2024-03,,
2024-04,13.65,17.56
2024-04,14.61,18.18
2024-04,14.33,18.04
2024-04,16.35,19.95
2024-04,16.03,19.23
2024-04,15.19,18.77
2024-04,14.98,18.56
2024-04,15.8,18.99
2024-04,14.91,18.4
2024-04,17.31,20.39
2024-04,19.23,22.84
2024-04,18.4,22.01
2024-04,18.21,22.21
2024-04,18.0,21.64
2024-04,18.71,22.95
2024-04,16.94,21.11
2024-04,15.69,19.84
2024-04,15.97,20.43
2024-04,15.37,20.37
2024-04,15.03,19.33
2024-04,14.67,19.22
2024-04,15.65,18.43
2024-05,15.39,19.43
2024-05,14.68,18.73
2024-05,13.49,17.4
2024-05,13.49,17.42
2024-05,13.23,16.91
2024-05,13.0,16.8
2024-05,12.69,16.67
2024-05,12.55,16.46
2024-05,13.6,17.4
2024-05,13.42,17.29
2024-05,12.45,16.34
2024-05,12.42,16.26
2024-05,11.99,15.85
2024-05,12.15,15.92
2024-05,11.86,15.51
2024-05,12.29,16.4
2024-05,12.77,16.46
2024-05,11.93,15.66
2024-05,12.36,
2024-05,12.92,16.57
2024-05,14.28,17.49
2024-05,14.47,17.77
2024-05,12.92,16.7
2024-06,13.11,16.89
2024-06,13.16,16.86
2024-06,12.63,16.63
2024-06,12.58,16.43
2024-06,12.22,15.88
2024-06,12.74,16.0
2024-06,12.85,15.83
2024-06,12.04,13.59
2024-06,11.94,15.1
2024-06,12.66,16.05
2024-06,12.75,16.83
2024-06,12.3,16.7
2024-06,12.48,
2024-06,13.28,17.26
2024-06,13.2,16.95
2024-06,13.33,17.24
2024-06,12.84,16.7
2024-06,12.55,16.5
2024-06,12.24,16.29
2024-06,12.44,16.24
2024-07,12.22,16.08
2024-07,12.03,16.07
2024-07,12.09,16.28
2024-07,12.26,
2024-07,12.48,16.76
2024-07,12.37,17.03
2024-07,12.51,17.02
2024-07,12.85,17.28
2024-07,12.92,17.92
2024-07,12.46,17.26
2024-07,13.12,18.35
2024-07,13.19,18.35
2024-07,14.48,20.46
2024-07,15.93,21.26
2024-07,16.52,21.51
2024-07,14.91,19.97
2024-07,14.72,20.02
2024-07,18.04,23.06
2024-07,18.46,24.11
2024-07,16.39,22.41
2024-07,16.6,22.83
2024-07,17.69,23.94
2024-07,16.36,22.29
2024-08,18.59,24.71
2024-08,23.39,27.71
2024-08,38.57,35.1
2024-08,27.71,29.2
2024-08,27.85,29.02
2024-08,23.79,26.88
2024-08,20.37,24.94
2024-08,20.71,24.93
2024-08,18.12,23.26
2024-08,16.19,21.19
2024-08,15.23,20.28
2024-08,14.8,19.94
2024-08,14.65,19.93
2024-08,15.88,21.11
2024-08,16.27,21.22
2024-08,17.55,22.83
2024-08,15.86,21.11
2024-08,16.15,21.57
2024-08,15.43,20.91
2024-08,17.11,22.58
2024-08,15.65,20.58
2024-08,15.0,19.29
2024-09,15.55,
2024-09,20.72,23.59
2024-09,21.32,24.2
2024-09,19.9,23.54
2024-09,22.38,25.64
2024-09,19.45,23.92
2024-09,19.08,23.62
2024-09,17.69,22.16
2024-09,17.07,21.73
2024-09,16.56,21.28
2024-09,17.14,22.51
2024-09,17.61,22.69
2024-09,18.23,22.71
2024-09,16.33,21.09
2024-09,16.15,20.35
2024-09,15.89,19.54
2024-09,15.39,19.25
2024-09,15.41,19.07
2024-09,15.37,19.29
2024-09,16.96,20.04
2024-09,16.73,20.19
2024-10,19.26,21.67
2024-10,18.9,21.35
2024-10,20.49,22.48
2024-10,19.21,21.64
2024-10,22.64,24.34
2024-10,21.42,23.62
2024-10,20.86,23.42
2024-10,20.93,23.6
2024-10,20.46,23.29
2024-10,19.7,23.32
2024-10,20.64,24.54
2024-10,19.58,23.64
2024-10,19.11,22.85
2024-10,18.03,21.76
2024-10,18.37,21.96
2024-10,18.2,22.03
2024-10,19.24,22.92
2024-10,19.08,22.47
2024-10,20.33,23.24
2024-10,19.8,22.93
2024-10,19.34,22.44
2024-10,20.35,23.09
2024-10,23.16,24.86
2024-11,21.88,23.74
2024-11,21.98,23.88
2024-11,20.49,22.5
2024-11,16.27,18.86
2024-11,15.2,18.35
2024-11,14.94,17.88
2024-11,14.97,18.37
2024-11,14.71,18.12
2024-11,14.02,17.5
2024-11,14.31,17.7
2024-11,16.14,19.83
2024-11,15.58,19.77
2024-11,16.35,19.99
2024-11,17.16,20.85
2024-11,16.87,20.21
2024-11,15.24,18.57
2024-11,14.6,17.59
2024-11,14.1,16.8
2024-11,14.1,16.68
2024-11,13.9,
2024-11,13.51,16.07
2024-12,13.34,16.12
2024-12,13.3,15.76
2024-12,13.45,15.69
2024-12,13.54,15.69
2024-12,12.77,15.15
2024-12,14.19,16.55
2024-12,14.18,16.54
2024-12,13.58,15.88
2024-12,13.92,16.36
2024-12,13.81,16.61
2024-12,14.69,18.44
2024-12,15.87,19.44
2024-12,27.62,27.63
2024-12,24.09,26.33
2024-12,18.36,21.49
2024-12,16.78,19.03
2024-12,14.27,17.03
2024-12,,
2024-12,14.73,17.53
2024-12,15.95,18.54
2024-12,17.4,19.79
2024-12,17.35,19.92
2025-01,,
2025-01,17.93,20.5
2025-01,16.13,19.12
2025-01,16.04,19.0
2025-01,17.82,20.73
2025-01,17.7,20.69
2025-01,18.07,
2025-01,19.54,21.73
2025-01,19.19,21.8
2025-01,18.71,21.45
2025-01,16.12,19.29
2025-01,16.6,19.61
2025-01,15.97,18.96
2025-01,15.81,
2025-01,15.06,18.64
2025-01,15.1,18.68
2025-01,15.02,18.38
2025-01,14.85,18.22
2025-01,17.9,21.61
2025-01,16.41,20.31
2025-01,16.56,20.6
2025-01,15.84,19.8
2025-01,16.43,20.11
2025-02,18.62,21.28
2025-02,17.21,20.03
2025-02,15.77,19.18
2025-02,15.5,18.58
2025-02,16.54,19.18
2025-02,15.81,18.84
2025-02,16.02,18.77
2025-02,15.89,18.69
2025-02,15.1,18.41
2025-02,14.77,18.03
2025-02,15.37,
2025-02,15.35,19.23
2025-02,15.27,19.0
2025-02,15.66,18.9
2025-02,18.21,20.96
2025-02,18.98,21.46
2025-02,19.43,21.98
2025-02,19.1,21.94
2025-02,21.13,24.09
2025-02,19.63,22.66
2025-03,22.78,24.96
2025-03,23.51,25.22
2025-03,21.93,24.26
2025-03,24.87,26.23
2025-03,23.37,25.55
2025-03,27.86,28.84
2025-03,26.92,28.7
2025-03,24.23,26.82
2025-03,24.66,27.58
2025-03,21.77,25.79
2025-03,20.51,25.04
2025-03,21.7,25.85
2025-03,19.9,23.62
2025-03,19.8,23.38
2025-03,19.28,22.92
2025-03,17.48,21.27
2025-03,17.15,20.57
2025-03,18.33,22.04
2025-03,18.69,22.41
2025-03,21.65,25.06
2025-03,22.28,25.37
2025-04,21.77,24.8
2025-04,21.51,23.65
2025-04,30.02,30.57
2025-04,45.31,37.65
2025-04,46.98,38.64
2025-04,52.33,39.56
2025-04,33.62,34.8
2025-04,40.72,43.25
2025-04,37.56,39.95
2025-04,30.89,34.33
2025-04,30.12,32.71
2025-04,32.64,35.38
2025-04,29.65,32.83
2025-04,,
2025-04,33.82,36.87
2025-04,30.57,33.98
2025-04,28.45,31.83
2025-04,26.47,29.96
2025-04,24.84,28.37
2025-04,25.15,28.54
2025-04,24.17,27.6
2025-04,24.7,27.8
2025-05,24.6,27.69
2025-05,22.68,25.73
2025-05,23.64,26.54
2025-05,24.76,27.11
2025-05,23.55,26.49
2025-05,22.48,25.97
2025-05,21.9,25.5
2025-05,18.39,22.28
2025-05,18.22,22.28
2025-05,18.62,22.66
2025-05,17.83,21.89
2025-05,17.24,21.2
2025-05,18.14,21.95
