"","Estimate","Std..Error","t.value","Pr...t..","c.nm_var..nm_var..nm_var..nm_var..nm_var..nm_var.","model_diagnostics"
"alpha",0.000152,8e-06,17.982086,0,"Financial HousingStart",1.34062616804552
"gamma",-0.083464,0.080505,-1.036759,0.299848,"Financial HousingStart",0.162435887320105
"beta",0.9975,0.000159,6274.401952,0,"Financial HousingStart",0.00217765801171026
"m",6.849632,0.836367,8.189744,0,"Financial HousingStart",52856.988832
"theta",-0.018758,0.003956,-4.741704,2e-06,"Financial HousingStart",52894.921738
"w2",1.001001,0.412563,2.426296,0.015254,"Financial HousingStart",-26422.49441599
"alpha1",0.000176,7e-06,26.281533,0,"Financial IndProd",0.666195910146278
"gamma1",-0.04601,0.008425,-5.461016,0,"Financial IndProd",0.185084241051362
"beta1",0.997748,0.000108,9230.400563,0,"Financial IndProd",0.00123302364420945
"m1",7.176858,0.109827,65.346756,0,"Financial IndProd",52855.582136
"theta1",-0.059151,0.011039,-5.358194,0,"Financial IndProd",52893.515042
"w21",1.001027,0.136451,7.336185,0,"Financial IndProd",-26421.7910678185
"alpha2",0.000187,7e-06,24.907407,0,"Financial CoreInflation",0.0568986974632905
"gamma2",-0.056821,0.013774,-4.125322,3.7e-05,"Financial CoreInflation",0.174558473362342
"beta2",0.997569,0.000121,8265.345633,0,"Financial CoreInflation",9.93214976549774e-05
"m2",7.054001,0.170115,41.465966,0,"Financial CoreInflation",52869.791826
"theta2",0.001981,0.001108,1.787437,0.073867,"Financial CoreInflation",52907.724733
"w22",1.833726,0.197313,9.29347,0,"Financial CoreInflation",-26428.8959130704
"alpha3",0.000171,6e-06,30.367963,0,"Financial PPI",3.13359845157782
"gamma3",7.4e-05,0.000398,0.185373,0.852937,"Financial PPI",0.176010276640043
"beta3",0.998792,0.000146,6822.530835,0,"Financial PPI",0.00551545530341023
"m3",9.062574,0.048982,185.017052,0,"Financial PPI",52812.685189
"theta3",-0.063241,0.011382,-5.556134,0,"Financial PPI",52850.618095
"w23",4.215574,2.850727,1.478772,0.139201,"Financial PPI",-26400.3425943342
"alpha4",0.053168,0.005502,9.662953,0,"Financial GDP",44.4661615248367
"gamma4",-6.542804,0.281311,-23.258235,0,"Financial GDP",0.0734460308178439
"beta4",0.001441,0.085267,0.016895,0.98652,"Financial GDP",0.0326586306970438
"m4",8.56552,0.084533,101.327142,0,"Financial GDP",53038.782717
"theta4",-0.431435,0.117692,-3.665791,0.000247,"Financial GDP",53076.715623
"w24",1.228143,0.266033,4.6165,4e-06,"Financial GDP",-26513.3913583429
"alpha5",0.000253,6e-06,39.462429,0,"Financial UMich",8.45769132996222
"gamma5",0.000299,0.000358,0.834543,0.403975,"Financial UMich",0.456470701410177
"beta5",0.998598,3.2e-05,31080.229602,0,"Financial UMich",0.0386068829369863
"m5",7.589663,0.132154,57.430632,0,"Financial UMich",52716.750428
"theta5",0.43511,0.027964,15.559814,0,"Financial UMich",52754.683334
"w25",1.418863,0.067549,21.004992,0,"Financial UMich",-26352.3752139721
"alpha6",0.000163,5e-06,32.611807,0,"Financial StLouisStress",3.82625271784548
"gamma6",-0.021066,0.006528,-3.227051,0.001251,"Financial StLouisStress",0.196256434411894
"beta6",0.99812,0.000134,7450.420223,0,"Financial StLouisStress",0.00750926715563174
"m6",7.628358,0.166274,45.878327,0,"Financial StLouisStress",52805.936991
"theta6",0.149265,0.010603,14.077246,0,"Financial StLouisStress",52843.869897
"w26",39.828861,0.010601,3756.996698,0,"Financial StLouisStress",-26396.9684953204
"alpha7",0.00019,8e-06,22.776506,0,"Financial GEPU",0.842573399377399
"gamma7",-0.046596,0.00886,-5.258906,0,"Financial GEPU",0.187698040734439
"beta7",0.997746,0.000117,8552.638583,0,"Financial GEPU",0.00158149376238093
"m7",7.08419,0.108009,65.588914,0,"Financial GEPU",52860.935471
"theta7",-0.030415,0.006816,-4.462551,8e-06,"Financial GEPU",52898.868377
"w27",1.001,0.268188,3.732457,0.00019,"Financial GEPU",-26424.4677354982
"alpha8",0.000136,6e-06,24.563464,0,"Financial GPR",6.53880018628999
"gamma8",0.000169,3.6e-05,4.709498,2e-06,"Financial GPR",0.124053860461108
"beta8",0.998779,4.9e-05,20482.313124,0,"Financial GPR",0.00811163405893085
"m8",9.499766,0.03947,240.685876,0,"Financial GPR",52797.72059
"theta8",0.070022,0.005136,13.633278,0,"Financial GPR",52835.653496
"w28",1.114021,0.09516,11.706858,0,"Financial GPR",-26392.8602949305
"alpha9",0.000206,8e-06,25.382953,0,"Financial BKK",1.31481615095608
"gamma9",-0.053748,0.004955,-10.846559,0,"Financial BKK",0.179028725790021
"beta9",0.997589,0.000102,9796.128378,0,"Financial BKK",0.00235389860153807
"m9",7.001313,4e-06,1761163.442002,0,"Financial BKK",52855.875425
"theta9",-0.095747,0.019052,-5.025473,1e-06,"Financial BKK",52893.808332
"w29",38.058282,0.293929,129.481051,0,"Financial BKK",-26421.9377125965
"alpha10",0.000172,9e-06,18.17164,0,"Financial Unemployment",2.4397112077465
"gamma10",-0.05748,0.014165,-4.058026,4.9e-05,"Financial Unemployment",0.192991291364989
"beta10",0.997613,0.000109,9173.96226,0,"Financial Unemployment",0.00470843016540633
"m10",7.066101,0.183694,38.466591,0,"Financial Unemployment",52861.898891
"theta10",0.437846,0.236296,1.852959,0.063888,"Financial Unemployment",52899.831797
"w210",25.083113,0.000504,49806.39576,0,"Financial Unemployment",-26424.9494453847
"alpha11",0.00012,4e-06,27.799953,0,"Financial CFNAI",8.58379803322693
"gamma11",-0.000497,9.7e-05,-5.122424,0,"Financial CFNAI",0.188406000219882
"beta11",0.999129,4.5e-05,22267.052096,0,"Financial CFNAI",0.0161723905413558
"m11",8.835986,0.048874,180.791315,0,"Financial CFNAI",52707.443196
"theta11",-0.401921,0.01618,-24.840292,0,"Financial CFNAI",52745.376102
"w211",1.001,0.144403,6.931981,0,"Financial CFNAI",-26347.721597934
"alpha12",0.046907,0.066405,0.706377,0.479954,"Financial VIX",47.122761386871
"gamma12",-1.572449,1.075526,-1.462028,0.143734,"Financial VIX",0.273053790734698
"beta12",0.001055,1.41287,0.000747,0.999404,"Financial VIX",0.128670486265718
"m12",6.510509,0.934409,6.967519,0,"Financial VIX",52478.169054
"theta12",0.11535,0.002884,39.994873,0,"Financial VIX",52516.10196
"w212",1.001,0.095581,10.472763,0,"Financial VIX",-26233.0845269815
"alpha13",0.040555,0.012603,3.217912,0.001291,"Financial VXN",36.4514256364493
"gamma13",-3.641285,0.189728,-19.192143,0,"Financial VXN",0.233773072248674
"beta13",0.001087,0.312389,0.00348,0.997224,"Financial VXN",0.0852136175887683
"m13",6.348165,0.169346,37.486393,0,"Financial VXN",52614.709841
"theta13",0.095643,0.002556,37.412007,0,"Financial VXN",52652.642747
"w213",1.001,0.126849,7.891298,0,"Financial VXN",-26301.354920361
"alpha14",0.000173,6e-06,26.714824,0,"Financial TermSpread",1.263628490057
"gamma14",-0.055499,0.016889,-3.286044,0.001016,"Financial TermSpread",0.174257797989635
"beta14",0.997635,0.000116,8570.10988,0,"Financial TermSpread",0.00220197118154301
"m14",7.079748,0.228808,30.941918,0,"Financial TermSpread",52842.709117
"theta14",1.628383,0.210687,7.728924,0,"Financial TermSpread",52880.642023
"w214",1.538297,0.47495,3.238858,0.0012,"Financial TermSpread",-26415.3545584485
"alpha15",0.00018,1.3e-05,13.742539,0,"Financial NewOrders",0.99684979448035
"gamma15",-0.039031,0.081847,-0.476875,0.633451,"Financial NewOrders",0.19299717952302
"beta15",0.997849,0.000407,2451.01125,0,"Financial NewOrders",0.0019238919874281
"m15",7.242316,1.664758,4.350372,1.4e-05,"Financial NewOrders",52845.970661
"theta15",-0.030721,0.004407,-6.970324,0,"Financial NewOrders",52883.903568
"w215",1.511999,1.131618,1.336139,0.181504,"Financial NewOrders",-26416.9853305536
"alpha16",0.05289,0.015928,3.320597,0.000898,"Financial DefaultSpread",49.2216232095611
"gamma16",-2.697942,0.366135,-7.368717,0,"Financial DefaultSpread",0.211858517276628
"beta16",0.001067,0.30123,0.003541,0.997175,"Financial DefaultSpread",0.104280201111265
"m16",6.967935,0.266567,26.139566,0,"Financial DefaultSpread",52559.272852
"theta16",0.2541,0.007041,36.088498,0,"Financial DefaultSpread",52597.205758
"w216",1.001,0.09599,10.428123,0,"Financial DefaultSpread",-26273.6364260321
"alpha17",1e-04,1.5e-05,6.765941,0,"Financial EquityVolMeasure",22.2178430748383
"gamma17",-0.106867,0.024531,-4.356386,1.3e-05,"Financial EquityVolMeasure",0.426987101678325
"beta17",0.997413,0.000118,8483.853597,0,"Financial EquityVolMeasure",0.0948673242006906
"m17",7.441768,0.162813,45.707343,0,"Financial EquityVolMeasure",52338.366368
"theta17",-1.499607,0.220063,-6.814438,0,"Financial EquityVolMeasure",52376.299274
"w217",1.001003,1.051893,0.951621,0.341289,"Financial EquityVolMeasure",-26163.1831840047
"alpha18",0.025396,0.018283,1.389057,0.164815,"Financial RecessionSpread",30.565245454038
"gamma18",-7.180278,0.540486,-13.284856,0,"Financial RecessionSpread",0.114177662724781
"beta18",0.001341,0.704515,0.001903,0.998482,"Financial RecessionSpread",0.0348986828655128
"m18",7.820886,0.478202,16.35478,0,"Financial RecessionSpread",52854.409919
"theta18",9.332975,0.394098,23.68188,0,"Financial RecessionSpread",52892.342826
"w218",1.092851,0.07371,14.826435,0,"Financial RecessionSpread",-26421.2049595865
"alpha19",0.000179,8e-06,22.303825,0,"Financial CitiSurprise",6.09136546160663
"gamma19",-0.042808,0.028814,-1.485677,0.137365,"Financial CitiSurprise",0.214954074005134
"beta19",0.99776,0.000132,7556.368953,0,"Financial CitiSurprise",0.0130936382222651
"m19",7.229635,0.563901,12.820752,0,"Financial CitiSurprise",52810.930582
"theta19",-0.008532,0.000998,-8.55145,0,"Financial CitiSurprise",52848.863489
"w219",2.388968,0.375173,6.367646,0,"Financial CitiSurprise",-26399.4652912479
"alpha20",0.003717,0.005872,0.633,0.526733,"Financial MOVE",36.5885886425767
"gamma20",-1.386744,0.249515,-5.557763,0,"Financial MOVE",0.330386197780238
"beta20",0.881607,0.183791,4.796791,2e-06,"Financial MOVE",0.120883646837661
"m20",5.652766,1.207574,4.681092,3e-06,"Financial MOVE",52430.689046
"theta20",0.021189,0.000565,37.523453,0,"Financial MOVE",52468.621953
"w220",1.001,0.30303,3.303307,0.000956,"Financial MOVE",-26209.3445231466
"alpha21",0.060274,0.012099,4.981827,1e-06,"MidCap HousingStart",31.0105109227041
"gamma21",0.928441,0.05964,15.567356,0,"MidCap HousingStart",0.178976252859895
"beta21",0.002423,0.199227,0.012164,0.990295,"MidCap HousingStart",0.0555014504421641
"m21",13.214002,0.203072,65.07058,0,"MidCap HousingStart",65184.231611
"theta21",-0.094698,0.002743,-34.521507,0,"MidCap HousingStart",65222.164517
"w221",1.001,0.075677,13.227296,0,"MidCap HousingStart",-32586.1158054507
"alpha22",0.001492,0.000254,5.864095,0,"MidCap IndProd",8.16660678932925
"gamma22",0.038296,0.006602,5.800525,0,"MidCap IndProd",0.0930232908804799
"beta22",0.974863,0.004159,234.382114,0,"MidCap IndProd",0.00759684638870277
"m22",14.369643,0.073231,196.224307,0,"MidCap IndProd",65471.322839
"theta22",-0.146831,0.011151,-13.168078,0,"MidCap IndProd",65509.255746
"w222",1.010391,0.214692,4.706243,3e-06,"MidCap IndProd",-32729.6614195453
"alpha23",0.001133,0.000216,5.249388,0,"MidCap CoreInflation",6.50786292518822
"gamma23",0.028943,0.006505,4.449035,9e-06,"MidCap CoreInflation",0.0745025326303398
"beta23",0.980269,0.00373,262.832125,0,"MidCap CoreInflation",0.00484852269937614
"m23",14.251096,0.139542,102.127882,0,"MidCap CoreInflation",65510.112509
"theta23",-0.013331,0.001334,-9.996257,0,"MidCap CoreInflation",65548.045415
"w223",2.504339,0.522132,4.796368,2e-06,"MidCap CoreInflation",-32749.0562543499
"alpha24",0.043728,0.011316,3.864225,0.000111,"MidCap PPI",4.46523702158998
"gamma24",0.70034,0.475195,1.473795,0.140537,"MidCap PPI",0.0552567033472897
"beta24",0.00202,0.242064,0.008345,0.993342,"MidCap PPI",0.00246734277477333
"m24",13.272989,0.45352,29.266622,0,"MidCap PPI",65532.850562
"theta24",0.054496,0.022285,2.445408,0.014469,"MidCap PPI",65570.783468
"w224",1.001,0.752866,1.329587,0.183655,"MidCap PPI",-32760.4252809578
"alpha25",0.000152,1.3e-05,11.631384,0,"MidCap GDP",5.04802997201449
"gamma25",0.002624,4e-05,65.387432,0,"MidCap GDP",0.074593422361358
"beta25",0.997536,3.5e-05,28827.609943,0,"MidCap GDP",0.00376549831795271
"m25",13.334845,0.040683,327.773338,0,"MidCap GDP",65361.990319
"theta25",0.142313,0.040264,3.53447,0.000409,"MidCap GDP",65399.923225
"w225",1.579877,0.201877,7.825941,0,"MidCap GDP",-32674.995159532
"alpha26",0.048984,0.007249,6.757749,0,"MidCap UMich",5.20547423988764
"gamma26",0.677738,0.054284,12.485129,0,"MidCap UMich",0.063658450848436
"beta26",0.001599,0.145385,0.011001,0.991223,"MidCap UMich",0.00331372426042687
"m26",13.247998,0.059521,222.577967,0,"MidCap UMich",65527.56468
"theta26",-0.129546,0.01796,-7.213064,0,"MidCap UMich",65565.497586
"w226",1.001,0.221125,4.526861,6e-06,"MidCap UMich",-32757.782339878
"alpha27",0.000286,9e-06,33.229577,0,"MidCap StLouisStress",17.3288936552482
"gamma27",0.004405,0.000182,24.201001,0,"MidCap StLouisStress",0.126724213314896
"beta27",0.996512,9.9e-05,10062.410778,0,"MidCap StLouisStress",0.0219599041607883
"m27",13.527241,0.019547,692.026567,0,"MidCap StLouisStress",65183.606986
"theta27",0.30627,0.007766,39.437192,0,"MidCap StLouisStress",65221.539892
"w227",1.001,0.08679,11.53365,0,"MidCap StLouisStress",-32585.8034928461
"alpha28",0.000185,5e-06,34.738846,0,"MidCap GEPU",1.70925720328213
"gamma28",0.002788,4e-05,70.383565,0,"MidCap GEPU",0.070968988144151
"beta28",0.997421,3.4e-05,29432.680557,0,"MidCap GEPU",0.00121304254195034
"m28",13.473199,0.013209,1019.963569,0,"MidCap GEPU",65364.757317
"theta28",0.011915,0.002651,4.49464,7e-06,"MidCap GEPU",65402.690224
"w228",6.614396,0.032791,201.715126,0,"MidCap GEPU",-32676.378658569
"alpha29",0.046122,0.006776,6.806835,0,"MidCap GPR",23.6792910756029
"gamma29",0.700955,0.193986,3.613423,0.000302,"MidCap GPR",0.0869529543141644
"beta29",0.001189,0.144044,0.008254,0.993415,"MidCap GPR",0.020589843150887
"m29",13.449628,0.0829,162.238923,0,"MidCap GPR",65489.434974
"theta29",0.111559,0.009173,12.162025,0,"MidCap GPR",65527.367881
"w229",1.029534,0.085537,12.036064,0,"MidCap GPR",-32738.7174870768
"alpha30",0.000168,6e-06,27.462028,0,"MidCap BKK",6.09653590649376
"gamma30",0.002748,5.2e-05,52.498368,0,"MidCap BKK",0.090759128404326
"beta30",0.997458,3.9e-05,25607.533678,0,"MidCap BKK",0.00553316285159051
"m30",13.509738,0.015408,876.813701,0,"MidCap BKK",65327.593078
"theta30",0.175199,0.02798,6.261552,0,"MidCap BKK",65365.525985
"w230",1.001,1.261575,0.793453,0.427514,"MidCap BKK",-32657.7965392033
"alpha31",0.047157,0.092296,0.510932,0.609399,"MidCap Unemployment",30.3769426052687
"gamma31",1.039607,1.69394,0.613721,0.5394,"MidCap Unemployment",0.160334055551
"beta31",0.272537,1.433487,0.190122,0.849214,"MidCap Unemployment",0.0487045840314269
"m31",14.058947,1.108231,12.685933,0,"MidCap Unemployment",65376.761055
"theta31",3.027713,0.294518,10.280241,0,"MidCap Unemployment",65414.693961
"w231",1.001,0.322113,3.107608,0.001886,"MidCap Unemployment",-32682.3805273541
"alpha32",0.001371,0.000152,9.027642,0,"MidCap CFNAI",26.9291952166964
"gamma32",0.033102,0.003644,9.083732,0,"MidCap CFNAI",0.178924791067812
"beta32",0.980549,0.002025,484.102841,0,"MidCap CFNAI",0.0481830062777172
"m32",14.709952,0.101874,144.394167,0,"MidCap CFNAI",65214.21004
"theta32",-0.693746,0.015574,-44.544264,0,"MidCap CFNAI",65252.142947
"w232",1.001,0.100413,9.968862,0,"MidCap CFNAI",-32601.1050201877
"alpha33",0.000899,6.8e-05,13.191801,0,"MidCap VIX",38.8030135590857
"gamma33",0.024013,0.001791,13.406114,0,"MidCap VIX",0.234917819308831
"beta33",0.986095,0.001549,636.781207,0,"MidCap VIX",0.091155193279114
"m33",13.02963,0.283752,45.919035,0,"MidCap VIX",65030.143245
"theta33",0.096781,0.010572,9.154348,0,"MidCap VIX",65068.076151
"w233",1.273046,0.133498,9.53607,0,"MidCap VIX",-32509.0716222556
"alpha34",0.000997,0.000103,9.702534,0,"MidCap VXN",33.7591464115063
"gamma34",0.032788,0.00267,12.281219,0,"MidCap VXN",0.312813706218108
"beta34",0.981608,0.001491,658.489194,0,"MidCap VXN",0.10560323707743
"m34",12.94007,0.084413,153.295294,0,"MidCap VXN",65023.50071
"theta34",0.106472,0.002879,36.982912,0,"MidCap VXN",65061.433617
"w234",1.001,0.074478,13.440235,0,"MidCap VXN",-32505.7503551726
"alpha35",0.000203,6e-06,35.840362,0,"MidCap TermSpread",5.89659254788081
"gamma35",0.002924,5.6e-05,52.620766,0,"MidCap TermSpread",0.0830169606284471
"beta35",0.997335,4.3e-05,23344.702006,0,"MidCap TermSpread",0.00489517191389416
"m35",13.441048,0.011925,1127.094953,0,"MidCap TermSpread",65319.219175
"theta35",2.455956,0.215761,11.382779,0,"MidCap TermSpread",65357.152082
"w235",1.445374,0.115756,12.486376,0,"MidCap TermSpread",-32653.6095876716
"alpha36",0.000198,6e-06,33.051115,0,"MidCap NewOrders",0.764223529389285
"gamma36",0.00283,4.5e-05,62.278734,0,"MidCap NewOrders",0.0708281476469171
"beta36",0.997387,3.7e-05,27187.267749,0,"MidCap NewOrders",0.000541285369748324
"m36",13.45061,0.012036,1117.51848,0,"MidCap NewOrders",65367.162525
"theta36",-0.016256,0.004023,-4.040815,5.3e-05,"MidCap NewOrders",65405.095431
"w236",1.543685,0.170082,9.076149,0,"MidCap NewOrders",-32677.581262358
"alpha37",0.000332,1e-05,34.672009,0,"MidCap DefaultSpread",24.1009981740264
"gamma37",0.005226,0.000209,25.00938,0,"MidCap DefaultSpread",0.132546509161298
"beta37",0.996055,0.000117,8504.601022,0,"MidCap DefaultSpread",0.0319450317527001
"m37",12.789609,0.023372,547.22107,0,"MidCap DefaultSpread",65140.726618
"theta37",0.140639,0.003055,46.031719,0,"MidCap DefaultSpread",65178.659524
"w237",1.001002,0.117134,8.545756,0,"MidCap DefaultSpread",-32564.3633089047
"alpha38",0.033631,0.002808,11.97824,0,"MidCap EquityVolMeasure",163.456947840268
"gamma38",0.085015,0.235984,0.360259,0.718653,"MidCap EquityVolMeasure",0.389014013157297
"beta38",0.001007,0.068529,0.0147,0.988272,"MidCap EquityVolMeasure",0.635870432577857
"m38",14.715723,0.243216,60.504866,0,"MidCap EquityVolMeasure",64770.387015
"theta38",-3.881298,0.270756,-14.335045,0,"MidCap EquityVolMeasure",64808.319922
"w238",1.031962,0.074248,13.898917,0,"MidCap EquityVolMeasure",-32379.1935076066
"alpha39",0.000185,6e-06,29.689553,0,"MidCap RecessionSpread",13.8063935449079
"gamma39",0.003276,5.4e-05,60.272694,0,"MidCap RecessionSpread",0.0863339961127015
"beta39",0.997177,4e-05,24737.276156,0,"MidCap RecessionSpread",0.011919611266365
"m39",13.294676,0.015455,860.216679,0,"MidCap RecessionSpread",65277.470708
"theta39",5.368343,0.192372,27.90602,0,"MidCap RecessionSpread",65315.403615
"w239",1.327017,0.098243,13.507457,0,"MidCap RecessionSpread",-32632.7353540398
"alpha40",0.000197,6e-06,35.764131,0,"MidCap CitiSurprise",5.89391360761428
"gamma40",0.002742,9.3e-05,29.506073,0,"MidCap CitiSurprise",0.0875542698412866
"beta40",0.997432,6.7e-05,14834.804284,0,"MidCap CitiSurprise",0.00516037302422291
"m40",13.433,0.024575,546.60644,0,"MidCap CitiSurprise",65344.565977
"theta40",-0.004236,0.00075,-5.649924,0,"MidCap CitiSurprise",65382.498883
"w240",5.141075,1.957307,2.626607,0.008624,"MidCap CitiSurprise",-32666.2829885382
"alpha41",0.000689,4.1e-05,16.916982,0,"MidCap MOVE",37.2780186935659
"gamma41",0.025263,0.001008,25.061364,0,"MidCap MOVE",0.437285569032447
"beta41",0.98568,0.000533,1850.80168,0,"MidCap MOVE",0.163011396168181
"m41",12.692834,0.121772,104.234678,0,"MidCap MOVE",64751.913227
"theta41",0.024337,0.000719,33.864609,0,"MidCap MOVE",64789.846134
"w241",1.84431,0.155082,11.892517,0,"MidCap MOVE",-32369.9566136555
"alpha42",0.023081,0.005744,4.018333,5.9e-05,"RealEstate HousingStart",41.8775891500292
"gamma42",-0.503177,0.595878,-0.844429,0.39843,"RealEstate HousingStart",0.145279316781313
"beta42",0.001185,0.210919,0.005618,0.995517,"RealEstate HousingStart",0.0608394754016476
"m42",7.311713,0.221046,33.077842,0,"RealEstate HousingStart",44366.862269
"theta42",-0.099148,0.005373,-18.454246,0,"RealEstate HousingStart",44404.795176
"w242",1.001,0.098131,10.200602,0,"RealEstate HousingStart",-22177.4311347138
"alpha43",1e-04,1.7e-05,5.763972,0,"RealEstate IndProd",13.0166881585495
"gamma43",-0.024649,0.003216,-7.66448,0,"RealEstate IndProd",0.0992838965727343
"beta43",0.995026,0.000603,1649.10497,0,"RealEstate IndProd",0.0129234752085296
"m43",6.539191,0.097466,67.091936,0,"RealEstate IndProd",44518.99834
"theta43",-0.191498,0.014667,-13.056366,0,"RealEstate IndProd",44556.931246
"w243",1.001,0.17734,5.644517,0,"RealEstate IndProd",-22253.4991699713
"alpha44",1e-04,1.3e-05,7.545629,0,"RealEstate CoreInflation",1.22618482144285
"gamma44",-0.053772,0.007865,-6.836917,0,"RealEstate CoreInflation",0.0528876776368394
"beta44",0.994249,0.000419,2370.823878,0,"RealEstate CoreInflation",0.000648500675596552
"m44",6.146093,0.125345,49.033346,0,"RealEstate CoreInflation",44712.263556
"theta44",-0.005211,0.001321,-3.945938,7.9e-05,"RealEstate CoreInflation",44750.196463
"w244",1.003167,0.175942,5.701677,0,"RealEstate CoreInflation",-22350.1317781336
"alpha45",1e-04,2.9e-05,3.506078,0.000455,"RealEstate PPI",0.984790681756004
"gamma45",-0.034344,0.004183,-8.210817,0,"RealEstate PPI",0.0462189998109407
"beta45",0.994501,0.000455,2186.107251,0,"RealEstate PPI",0.000455160403338969
"m45",6.466471,0.094219,68.632546,0,"RealEstate PPI",44710.854908
"theta45",-0.017605,0.013101,-1.343754,0.179028,"RealEstate PPI",44748.787814
"w245",4.811926,6.874472,0.69997,0.483946,"RealEstate PPI",-22349.4274538173
"alpha46",0.024469,0.005181,4.722483,2e-06,"RealEstate GDP",81.0267001911328
"gamma46",0.87678,0.089676,9.777222,0,"RealEstate GDP",0.450372447134489
"beta46",0.377459,0.128751,2.931688,0.003371,"RealEstate GDP",0.36492193248313
"m46",9.890347,0.670714,14.745988,0,"RealEstate GDP",44454.456771
"theta46",-1.430445,0.122003,-11.724665,0,"RealEstate GDP",44492.389678
"w246",1.360328,0.157707,8.625692,0,"RealEstate GDP",-22221.2283855506
"alpha47",1e-04,0.002475,0.040414,0.967763,"RealEstate UMich",24.7415218106805
"gamma47",-6.859437,4.341916,-1.579818,0.114149,"RealEstate UMich",0.0381259943224991
"beta47",0.001012,0.519884,0.001947,0.998446,"RealEstate UMich",0.00943295120083993
"m47",6.514964,0.855768,7.613004,0,"RealEstate UMich",44674.173515
"theta47",-0.217913,0.020345,-10.710903,0,"RealEstate UMich",44712.106421
"w247",1.23517,0.165445,7.465753,0,"RealEstate UMich",-22331.0867575083
"alpha48",0.003299,0.000433,7.626119,0,"RealEstate StLouisStress",79.7825119149743
"gamma48",0.042131,0.008444,4.989424,1e-06,"RealEstate StLouisStress",0.412527157777043
"beta48",0.974636,0.003751,259.806716,0,"RealEstate StLouisStress",0.329124528805974
"m48",5.646338,0.12152,46.46443,0,"RealEstate StLouisStress",46303.496967
"theta48",-0.988188,0.13715,-7.20518,0,"RealEstate StLouisStress",46341.429874
"w248",42.278103,0.003918,10791.830445,0,"RealEstate StLouisStress",-23145.74848357
"alpha49",1e-04,0.000534,0.187097,0.851585,"RealEstate GEPU",3.39318795046721
"gamma49",-0.111893,0.333916,-0.335093,0.737555,"RealEstate GEPU",0.0203683007936209
"beta49",0.987393,0.047679,20.708988,0,"RealEstate GEPU",0.000691134728244061
"m49",6.269762,5.171911,1.212272,0.225408,"RealEstate GEPU",44736.680345
"theta49",-0.020107,0.112423,-0.178847,0.858058,"RealEstate GEPU",44774.613252
"w249",1.001023,5.936515,0.168621,0.866095,"RealEstate GEPU",-22362.3401725902
"alpha50",1e-04,5.7e-05,1.759778,0.078445,"RealEstate GPR",19.2868660933585
"gamma50",-0.046191,0.018792,-2.457955,0.013973,"RealEstate GPR",0.11625078939246
"beta50",0.993571,0.00258,385.168978,0,"RealEstate GPR",0.0224211340825958
"m50",6.52211,0.10298,63.333695,0,"RealEstate GPR",44538.203144
"theta50",0.116486,0.005742,20.285125,0,"RealEstate GPR",44576.136051
"w250",1.059388,0.058931,17.976774,0,"RealEstate GPR",-22263.1015722429
"alpha51",1e-04,5.7e-05,1.759778,0.078445,"RealEstate GPR",19.2868660933585
"gamma51",-0.046191,0.018792,-2.457955,0.013973,"RealEstate GPR",0.11625078939246
"beta51",0.993571,0.00258,385.168978,0,"RealEstate GPR",0.0224211340825958
"m51",6.52211,0.10298,63.333695,0,"RealEstate GPR",44538.203144
"theta51",0.116486,0.005742,20.285125,0,"RealEstate GPR",44576.136051
"w251",1.059388,0.058931,17.976774,0,"RealEstate GPR",-22263.1015722429
"alpha52",0.029662,0.01032,2.874212,0.00405,"RealEstate Unemployment",56.8646087659743
"gamma52",0.573913,0.225605,2.543883,0.010963,"RealEstate Unemployment",0.306736983385127
"beta52",0.134213,0.303853,0.441705,0.658702,"RealEstate Unemployment",0.174424785542504
"m52",7.648124,0.157176,48.659595,0,"RealEstate Unemployment",44277.61806
"theta52",5.729726,0.282385,20.290465,0,"RealEstate Unemployment",44315.550967
"w252",1.001,0.152622,6.55867,0,"RealEstate Unemployment",-22132.8090302378
"alpha53",1e-04,1e-05,10.180973,0,"RealEstate CFNAI",22.884999525591
"gamma53",-0.006386,0.001666,-3.833585,0.000126,"RealEstate CFNAI",0.212412998526864
"beta53",0.996934,0.000391,2551.983732,0,"RealEstate CFNAI",0.0486107137051664
"m53",6.543886,0.084844,77.128251,0,"RealEstate CFNAI",44138.268135
"theta53",-0.696819,0.018931,-36.808412,0,"RealEstate CFNAI",44176.201041
"w253",1.001,0.15623,6.407235,0,"RealEstate CFNAI",-22063.1340674159
"alpha54",0.020864,0.010425,2.001442,0.045345,"RealEstate VIX",54.0021260994289
"gamma54",1.62309,0.647805,2.505521,0.012227,"RealEstate VIX",0.650931933259701
"beta54",0.055623,0.465025,0.119614,0.904789,"RealEstate VIX",0.351517083420354
"m54",5.31086,0.676422,7.851397,0,"RealEstate VIX",43156.439137
"theta54",0.190657,0.003049,62.528269,0,"RealEstate VIX",43194.372044
"w254",1.001,0.060075,16.662566,0,"RealEstate VIX",-21572.2195686375
"alpha55",0.012475,0.010775,1.157739,0.246971,"RealEstate VXN",38.723992460194
"gamma55",1.433707,1.310391,1.094106,0.273908,"RealEstate VXN",0.756077194537192
"beta55",0.103424,0.75735,0.13656,0.891378,"RealEstate VXN",0.292783275805828
"m55",4.975597,0.313636,15.864217,0,"RealEstate VXN",43201.113728
"theta55",0.177284,0.002888,61.37583,0,"RealEstate VXN",43239.046634
"w255",1.001,0.067306,14.872466,0,"RealEstate VXN",-21594.5568638317
"alpha56",1e-04,1.3e-05,7.813446,0,"RealEstate TermSpread",17.9230567787105
"gamma56",-0.026652,0.003884,-6.862099,0,"RealEstate TermSpread",0.0921250206350981
"beta56",0.994975,0.000305,3264.142797,0,"RealEstate TermSpread",0.0165116197558274
"m56",6.488184,0.105416,61.548363,0,"RealEstate TermSpread",44498.62441
"theta56",4.65922,0.763777,6.100236,0,"RealEstate TermSpread",44536.557316
"w256",1.001,0.065352,15.317038,0,"RealEstate TermSpread",-22243.3122049102
"alpha57",0.021244,0.003735,5.687148,0,"RealEstate NewOrders",30.7288918195714
"gamma57",-0.286946,0.074342,-3.859789,0.000113,"RealEstate NewOrders",0.047703542119111
"beta57",0.001397,0.184263,0.007582,0.99395,"RealEstate NewOrders",0.0146587698518853
"m57",7.610584,0.054869,138.704863,0,"RealEstate NewOrders",44635.768336
"theta57",-0.086859,0.009689,-8.9647,0,"RealEstate NewOrders",44673.701242
"w257",1.001,0.158867,6.300866,0,"RealEstate NewOrders",-22311.884167885
"alpha58",0.033084,0.053733,0.615706,0.538089,"RealEstate DefaultSpread",59.751342526436
"gamma58",1.539224,1.765714,0.871729,0.383356,"RealEstate DefaultSpread",0.416485775094783
"beta58",0.001178,1.622026,0.000726,0.999421,"RealEstate DefaultSpread",0.248855842050766
"m58",6.093658,1.873432,3.252671,0.001143,"RealEstate DefaultSpread",43537.089582
"theta58",0.392535,0.007329,53.562594,0,"RealEstate DefaultSpread",43575.022488
"w258",1.001,0.061436,16.293258,0,"RealEstate DefaultSpread",-21762.5447907685
"alpha59",0.023143,0.000545,42.448332,0,"RealEstate EquityVolMeasure",313.907539700926
"gamma59",-1.618472,0.242572,-6.672122,0,"RealEstate EquityVolMeasure",0.32836097225155
"beta59",0.00101,0.005113,0.197627,0.843337,"RealEstate EquityVolMeasure",1.03074984933288
"m59",9.230062,0.237317,38.893411,0,"RealEstate EquityVolMeasure",43795.582205
"theta59",-4.943059,0.759534,-6.508013,0,"RealEstate EquityVolMeasure",43833.515112
"w259",1.001,0.051701,19.361486,0,"RealEstate EquityVolMeasure",-21891.7911027453
"alpha60",1e-04,0.000383,0.261106,0.79401,"RealEstate RecessionSpread",25.0457825922236
"gamma60",-0.474626,0.315831,-1.502782,0.132895,"RealEstate RecessionSpread",0.185500544224104
"beta60",0.001726,0.374244,0.004612,0.99632,"RealEstate RecessionSpread",0.0464600630137606
"m60",7.212081,0.17133,42.094702,0,"RealEstate RecessionSpread",44320.546898
"theta60",10.783138,0.543974,19.822891,0,"RealEstate RecessionSpread",44358.479804
"w260",1.035445,0.048524,21.338608,0,"RealEstate RecessionSpread",-22154.2734489094
"alpha61",1e-04,1.1e-05,9.457894,0,"RealEstate CitiSurprise",17.7427451540289
"gamma61",-0.024008,0.003652,-6.574165,0,"RealEstate CitiSurprise",0.0994314681833067
"beta61",0.995383,0.000161,6164.44004,0,"RealEstate CitiSurprise",0.0176418720026734
"m61",6.561921,0.104565,62.754533,0,"RealEstate CitiSurprise",44613.960638
"theta61",-0.010572,0.001277,-8.281209,0,"RealEstate CitiSurprise",44651.893545
"w261",1.816198,0.187967,9.662309,0,"RealEstate CitiSurprise",-22300.9803192489
"alpha62",0.001175,0.000131,8.975525,0,"RealEstate MOVE",56.2013543457907
"gamma62",0.066621,0.007782,8.56046,0,"RealEstate MOVE",0.590188003509163
"beta62",0.952894,0.004441,214.573793,0,"RealEstate MOVE",0.331693651158532
"m62",4.923002,0.08287,59.406444,0,"RealEstate MOVE",43348.084899
"theta62",0.0351,0.000524,66.928297,0,"RealEstate MOVE",43386.017805
"w262",1.001,0.100439,9.96623,0,"RealEstate MOVE",-21668.0424493035
"alpha63",0.006091,0.002901,2.099237,0.035796,"Healthcare HousingStart",19.8274858580763
"gamma63",0.116253,0.057104,2.035808,0.04177,"Healthcare HousingStart",0.134823089732995
"beta63",0.909353,0.042985,21.154941,0,"Healthcare HousingStart",0.0267320290502311
"m63",12.914937,0.081191,159.069029,0,"Healthcare HousingStart",61461.943681
"theta63",-0.065721,0.002076,-31.654591,0,"Healthcare HousingStart",61499.876587
"w263",1.001,0.079117,12.652148,0,"Healthcare HousingStart",-30724.9718403118
"alpha64",0.000235,1e-05,23.073719,0,"Healthcare IndProd",0.272579845803129
"gamma64",0.002381,0.000276,8.616768,0,"Healthcare IndProd",0.0868006515890272
"beta64",0.997574,0.000181,5502.716013,0,"Healthcare IndProd",0.000236601082257482
"m64",12.45357,0.063369,196.523445,0,"Healthcare IndProd",61463.41605
"theta64",-0.025911,0.011586,-2.23638,0.025327,"Healthcare IndProd",61501.348956
"w264",1.001003,5.188989,0.192909,0.84703,"Healthcare IndProd",-30725.7080250359
"alpha65",0.000235,5e-06,44.259417,0,"Healthcare CoreInflation",0.133535493891742
"gamma65",0.002393,4.2e-05,57.390339,0,"Healthcare CoreInflation",0.0857379820379104
"beta65",0.997568,3.7e-05,27015.84829,0,"Healthcare CoreInflation",0.000114490637767137
"m65",12.458739,0.011287,1103.82695,0,"Healthcare CoreInflation",61464.698544
"theta65",-0.002189,0.000661,-3.311767,0.000927,"Healthcare CoreInflation",61502.631451
"w265",1.017238,1.201176,0.846868,0.397069,"Healthcare CoreInflation",-30726.3492721667
"alpha66",0.045057,0.040436,1.114295,0.265152,"Healthcare PPI",8.87121516714468
"gamma66",0.603908,0.60335,1.000924,0.316863,"Healthcare PPI",0.0788888043813457
"beta66",0.183829,0.722873,0.254304,0.799261,"Healthcare PPI",0.00699839557945704
"m66",12.353021,0.111972,110.322159,0,"Healthcare PPI",61627.341053
"theta66",0.09178,0.012476,7.356394,0,"Healthcare PPI",61665.273959
"w266",1.001,0.426054,2.349468,0.0188,"Healthcare PPI",-30807.6705264711
"alpha67",0.000219,8e-05,2.731448,0.006306,"Healthcare GDP",0.504858114010448
"gamma67",0.002312,0.004651,0.497017,0.619177,"Healthcare GDP",0.0850522648526381
"beta67",0.997625,0.005472,182.321901,0,"Healthcare GDP",0.0004293932602582
"m67",12.404208,0.02981,416.115241,0,"Healthcare GDP",61464.206134
"theta67",0.049266,0.303578,0.162285,0.871082,"Healthcare GDP",61502.13904
"w267",1.302679,1906.031453,0.000683,0.999455,"Healthcare GDP",-30726.1030669828
"alpha68",0.035319,0.019365,1.823911,0.068166,"Healthcare UMich",6.74939444762865
"gamma68",0.53077,0.269337,1.970656,0.048763,"Healthcare UMich",0.0841044268051064
"beta68",0.423236,0.315565,1.3412,0.179855,"Healthcare UMich",0.00567653951299376
"m68",12.552812,0.094243,133.196298,0,"Healthcare UMich",61636.200219
"theta68",-0.169554,0.013597,-12.470128,0,"Healthcare UMich",61674.133125
"w268",1.001001,0.118813,8.425023,0,"Healthcare UMich",-30812.100109294
"alpha69",0.000282,7e-06,42.599612,0,"Healthcare StLouisStress",10.5189723664776
"gamma69",0.002924,9.5e-05,30.686347,0,"Healthcare StLouisStress",0.120800034101685
"beta69",0.997256,6.2e-05,16013.482247,0,"Healthcare StLouisStress",0.0127069222058517
"m69",12.453969,0.011835,1052.326414,0,"Healthcare StLouisStress",61358.242554
"theta69",0.232975,0.006326,36.830561,0,"Healthcare StLouisStress",61396.17546
"w269",1.001,0.194049,5.158499,0,"Healthcare StLouisStress",-30673.1212768974
"alpha70",0.000231,5e-06,44.35229,0,"Healthcare GEPU",0.381047397377029
"gamma70",0.002368,3.8e-05,61.640487,0,"Healthcare GEPU",0.0867162831790513
"beta70",0.997585,3.6e-05,27826.165723,0,"Healthcare GEPU",0.000330430140155869
"m70",12.461141,0.011522,1081.473993,0,"Healthcare GEPU",61463.365242
"theta70",0.00731,0.002651,2.757777,0.00582,"Healthcare GEPU",61501.298149
"w270",4.852784,0.023858,203.402615,0,"Healthcare GEPU",-30725.6826210933
"alpha71",0.059581,0.014294,4.168408,3.1e-05,"Healthcare GPR",14.5626476290563
"gamma71",0.719617,0.091187,7.891624,0,"Healthcare GPR",0.0832897576467666
"beta71",0.016056,0.23363,0.068725,0.945209,"Healthcare GPR",0.0121291939171936
"m71",12.514764,0.129298,96.790101,0,"Healthcare GPR",61632.389105
"theta71",0.085667,0.007746,11.059638,0,"Healthcare GPR",61670.322012
"w271",1.05076,0.102066,10.294924,0,"Healthcare GPR",-30810.194552606
"alpha72",0.000228,5e-06,42.225025,0,"Healthcare BKK",0.161643927209354
"gamma72",0.002352,4.3e-05,55.269412,0,"Healthcare BKK",0.0861783180869997
"beta72",0.997596,3.6e-05,27736.997032,0,"Healthcare BKK",0.000139302017758795
"m72",12.461487,0.012626,986.931489,0,"Healthcare BKK",61464.744772
"theta72",0.027799,0.01019,2.728034,0.006371,"Healthcare BKK",61502.677678
"w272",1.001036,1.769836,0.56561,0.571659,"Healthcare BKK",-30726.3723859207
"alpha73",0.00024,5e-06,44.560676,0,"Healthcare Unemployment",2.73270526731135
"gamma73",0.002412,0.000116,20.825336,0,"Healthcare Unemployment",0.102293735537309
"beta73",0.997554,4.6e-05,21641.619217,0,"Healthcare Unemployment",0.0027953862991576
"m73",12.439881,0.034973,355.695114,0,"Healthcare Unemployment",61446.268706
"theta73",0.724601,0.259869,2.788331,0.005298,"Healthcare Unemployment",61484.201613
"w273",1.120519,3.174655,0.352958,0.72412,"Healthcare Unemployment",-30717.1343531608
"alpha74",0.00026,6e-06,43.726728,0,"Healthcare CFNAI",9.90805339241496
"gamma74",0.002602,7.9e-05,32.834726,0,"Healthcare CFNAI",0.127924449757216
"beta74",0.997439,5.3e-05,18652.012363,0,"Healthcare CFNAI",0.012674822783898
"m74",12.31642,0.011804,1043.394089,0,"Healthcare CFNAI",61360.829863
"theta74",-0.355815,0.012437,-28.609729,0,"Healthcare CFNAI",61398.762769
"w274",1.001005,0.120375,8.315731,0,"Healthcare CFNAI",-30674.4149314349
"alpha75",0.000701,6e-05,11.629116,0,"Healthcare VIX",31.7281786146418
"gamma75",0.014686,0.001135,12.93592,0,"Healthcare VIX",0.237316879835907
"beta75",0.990955,0.00074,1338.450709,0,"Healthcare VIX",0.0752963235170315
"m75",11.916854,0.049921,238.715807,0,"Healthcare VIX",61220.429169
"theta75",0.08824,0.003557,24.808732,0,"Healthcare VIX",61258.362076
"w275",1.001139,0.121062,8.269655,0,"Healthcare VIX",-30604.2145846274
"alpha76",0.000785,7.4e-05,10.612381,0,"Healthcare VXN",28.2639500041622
"gamma76",0.021348,0.001709,12.494462,0,"Healthcare VXN",0.306084664408024
"beta76",0.987494,0.000932,1059.305383,0,"Healthcare VXN",0.0865116165186916
"m76",11.894467,0.081847,145.326049,0,"Healthcare VXN",61245.231599
"theta76",0.096368,0.003123,30.857006,0,"Healthcare VXN",61283.164505
"w276",1.001,0.098008,10.213487,0,"Healthcare VXN",-30616.6157993882
"alpha77",0.000237,5e-06,43.822985,0,"Healthcare TermSpread",0.598732231913004
"gamma77",0.002385,4.2e-05,56.904745,0,"Healthcare TermSpread",0.0871738619348353
"beta77",0.99757,3.8e-05,26469.839333,0,"Healthcare TermSpread",0.0005219380092072
"m77",12.447905,0.010979,1133.821636,0,"Healthcare TermSpread",61459.557684
"theta77",0.742864,0.135602,5.478258,0,"Healthcare TermSpread",61497.490591
"w277",1.98132,0.147135,13.466018,0,"Healthcare TermSpread",-30723.7788420509
"alpha78",0.000232,5e-06,42.40202,0,"Healthcare NewOrders",0.0318110289274735
"gamma78",0.002367,3.9e-05,61.216341,0,"Healthcare NewOrders",0.0840369116852134
"beta78",0.997585,3.5e-05,28385.330281,0,"Healthcare NewOrders",2.67330062859386e-05
"m78",12.453951,0.011258,1106.265449,0,"Healthcare NewOrders",61465.612757
"theta78",0.003417,0.003323,1.028463,0.303732,"Healthcare NewOrders",61503.545664
"w278",2.151429,0.024873,86.497354,0,"Healthcare NewOrders",-30726.8063785938
"alpha79",0.000317,7e-06,43.523323,0,"Healthcare DefaultSpread",16.7132685461593
"gamma79",0.003453,0.000124,27.78957,0,"Healthcare DefaultSpread",0.134984542771317
"beta79",0.996956,8e-05,12516.730963,0,"Healthcare DefaultSpread",0.0225603291291754
"m79",11.829625,0.021077,561.251803,0,"Healthcare DefaultSpread",61306.292134
"theta79",0.118189,0.00292,40.477756,0,"Healthcare DefaultSpread",61344.22504
"w279",1.001016,0.080759,12.395095,0,"Healthcare DefaultSpread",-30647.1460668707
"alpha80",0.052694,0.00158,33.344002,0,"Healthcare EquityVolMeasure",154.787720790619
"gamma80",0.226237,0.057989,3.901389,9.6e-05,"Healthcare EquityVolMeasure",0.263517388943425
"beta80",0.00128,0.01376,0.093037,0.925874,"Healthcare EquityVolMeasure",0.407892560232477
"m80",13.518413,0.057394,235.537432,0,"Healthcare EquityVolMeasure",61202.949512
"theta80",-3.102411,0.141221,-21.968451,0,"Healthcare EquityVolMeasure",61240.882419
"w280",1.160801,0.083236,13.945846,0,"Healthcare EquityVolMeasure",-30595.4747562264
"alpha81",0.000235,3.1e-05,7.563245,0,"Healthcare RecessionSpread",5.61722098379276
"gamma81",0.002671,0.001181,2.262557,0.023663,"Healthcare RecessionSpread",0.0919253296298001
"beta81",0.997429,0.00071,1404.205036,0,"Healthcare RecessionSpread",0.0051636489053858
"m81",12.345258,0.023749,519.816392,0,"Healthcare RecessionSpread",61426.723215
"theta81",3.550542,5.487046,0.647077,0.517582,"Healthcare RecessionSpread",61464.656121
"w281",1.274721,1.842995,0.691657,0.489152,"Healthcare RecessionSpread",-30707.3616073343
"alpha82",0.000237,5e-06,43.647026,0,"Healthcare CitiSurprise",1.22075778230735
"gamma82",0.002328,8.1e-05,28.78282,0,"Healthcare CitiSurprise",0.0896116435906785
"beta82",0.997599,5.9e-05,16789.872673,0,"Healthcare CitiSurprise",0.00109394111298673
"m82",12.441981,0.020884,595.756938,0,"Healthcare CitiSurprise",61459.229894
"theta82",-0.00225,0.000596,-3.777328,0.000159,"Healthcare CitiSurprise",61497.162801
"w282",3.243683,1.458488,2.224004,0.026148,"Healthcare CitiSurprise",-30723.6149472182
"alpha83",0.000185,7e-06,26.948099,0,"Healthcare MOVE",22.36794410566
"gamma83",0.003159,0.000171,18.442566,0,"Healthcare MOVE",0.413416453720422
"beta83",0.997235,9.5e-05,10454.16183,0,"Healthcare MOVE",0.0924727612917857
"m83",10.719199,0.052266,205.091258,0,"Healthcare MOVE",60962.452272
"theta83",0.018533,0.000525,35.291955,0,"Healthcare MOVE",61000.385178
"w283",1.001006,0.114792,8.720158,0,"Healthcare MOVE",-30475.2261358284
"alpha84",0.075842,0.005269,14.395181,0,"VentureComposite HousingStart",3.0428473599828
"gamma84",0.955258,0.06564,14.553064,0,"VentureComposite HousingStart",0.385234436533379
"beta84",0.429234,0.037854,11.339223,0,"VentureComposite HousingStart",0.0117220958818005
"m84",15.398062,0.272378,56.53198,0,"VentureComposite HousingStart",63734.621614
"theta84",-0.037359,0.005247,-7.119716,0,"VentureComposite HousingStart",63772.554521
"w284",2.648508,0.241496,10.967107,0,"VentureComposite HousingStart",-31861.3108071477
"alpha85",0.020989,0.057338,0.366055,0.714324,"VentureComposite IndProd",4.23923330559147
"gamma85",0.251207,0.722921,0.347489,0.728224,"VentureComposite IndProd",0.418721968412016
"beta85",0.84989,0.407641,2.084896,0.037079,"VentureComposite IndProd",0.0177506011427503
"m85",15.552251,5.872253,2.64843,0.008087,"VentureComposite IndProd",63692.270194
"theta85",-0.175118,0.059467,-2.944801,0.003232,"VentureComposite IndProd",63730.2031
"w285",3.621538,2.655805,1.363631,0.172684,"VentureComposite IndProd",-31840.1350968075
"alpha86",0.079824,0.023442,3.405111,0.000661,"VentureComposite CoreInflation",0.213969676980747
"gamma86",0.949627,0.270265,3.51369,0.000442,"VentureComposite CoreInflation",0.384629987174462
"beta86",0.4303,0.164091,2.622321,0.008733,"VentureComposite CoreInflation",0.000822991541128285
"m86",15.492372,0.132917,116.55702,0,"VentureComposite CoreInflation",63763.795138
"theta86",0.005871,0.00099,5.931237,0,"VentureComposite CoreInflation",63801.728044
"w286",1.001001,0.423003,2.366415,0.017961,"VentureComposite CoreInflation",-31875.897569024
"alpha87",0.146295,0.029546,4.951393,1e-06,"VentureComposite PPI",14.3148453747004
"gamma87",1.634376,0.347983,4.696712,3e-06,"VentureComposite PPI",0.427066398596991
"beta87",0.001339,0.193969,0.006904,0.994491,"VentureComposite PPI",0.061133894606461
"m87",15.127917,1.309148,11.555541,0,"VentureComposite PPI",63649.642165
"theta87",-0.230232,0.048909,-4.707322,3e-06,"VentureComposite PPI",63687.575072
"w287",2.966996,1.944513,1.52583,0.127052,"VentureComposite PPI",-31818.8210825551
"alpha88",0.079313,0.006194,12.804617,0,"VentureComposite GDP",1.51716054334024
"gamma88",0.93584,0.063603,14.713706,0,"VentureComposite GDP",0.403809230297373
"beta88",0.438952,0.040074,10.953581,0,"VentureComposite GDP",0.00612643431243766
"m88",15.657155,0.133509,117.273923,0,"VentureComposite GDP",63727.637968
"theta88",-0.099929,0.005058,-19.756284,0,"VentureComposite GDP",63765.570875
"w288",8.271155,0.261529,31.626134,0,"VentureComposite GDP",-31857.8189842115
"alpha89",0.080703,0.034385,2.347041,0.018923,"VentureComposite UMich",1.34021901638271
"gamma89",0.976536,0.436226,2.238599,0.025182,"VentureComposite UMich",0.387527120824438
"beta89",0.415145,0.248199,1.67263,0.0944,"VentureComposite UMich",0.00519371216692952
"m89",15.477825,0.800533,19.334404,0,"VentureComposite UMich",63749.74757
"theta89",-0.137187,0.024157,-5.678969,0,"VentureComposite UMich",63787.680476
"w289",2.459383,0.55583,4.424705,1e-05,"VentureComposite UMich",-31868.8737848773
"alpha90",0.133609,0.029975,4.457373,8e-06,"VentureComposite StLouisStress",11.1459618315804
"gamma90",1.587539,0.318422,4.985639,1e-06,"VentureComposite StLouisStress",0.376605791141061
"beta90",0.001081,0.218574,0.004947,0.996053,"VentureComposite StLouisStress",0.041976337736104
"m90",14.487164,0.228661,63.356438,0,"VentureComposite StLouisStress",63702.576767
"theta90",-0.423439,0.019645,-21.554087,0,"VentureComposite StLouisStress",63740.509674
"w290",1.001,0.101674,9.845165,0,"VentureComposite StLouisStress",-31845.2883837039
"alpha91",0.110914,0.01132,9.798013,0,"VentureComposite GEPU",10.3976680446281
"gamma91",1.428994,0.128172,11.149005,0,"VentureComposite GEPU",0.414101278119655
"beta91",0.151578,0.080901,1.87362,0.060983,"VentureComposite GEPU",0.0430568762674438
"m91",15.632195,0.177355,88.140741,0,"VentureComposite GEPU",63645.611991
"theta91",0.158892,0.007197,22.078488,0,"VentureComposite GEPU",63683.544898
"w291",1.028457,0.046936,21.91178,0,"VentureComposite GEPU",-31816.8059956816
"alpha92",0.109026,0.025031,4.355669,1.3e-05,"VentureComposite GPR",4.18688926416098
"gamma92",1.30463,0.28831,4.525097,6e-06,"VentureComposite GPR",0.39171348674216
"beta92",0.220267,0.175855,1.252552,0.210369,"VentureComposite GPR",0.0164006099226781
"m92",15.410555,0.182182,84.588769,0,"VentureComposite GPR",63711.015972
"theta92",-0.092291,0.006541,-14.108911,0,"VentureComposite GPR",63748.948878
"w292",1.580134,0.054401,29.045962,0,"VentureComposite GPR",-31849.5079858072
"alpha93",0.084707,0.011023,7.684367,0,"VentureComposite BKK",5.67963761949922
"gamma93",0.981151,0.120051,8.172816,0,"VentureComposite BKK",0.396276459639181
"beta93",0.414184,0.072141,5.741313,0,"VentureComposite BKK",0.0225070668788866
"m93",15.831972,0.22044,71.819723,0,"VentureComposite BKK",63694.173735
"theta93",0.35335,0.028002,12.618862,0,"VentureComposite BKK",63732.106641
"w293",1.001,0.41193,2.430027,0.015098,"VentureComposite BKK",-31841.0868674482
"alpha94",0.090004,0.011973,7.517075,0,"VentureComposite Unemployment",2.08052121995897
"gamma94",1.064936,0.136175,7.820352,0,"VentureComposite Unemployment",0.404469236985961
"beta94",0.361856,0.081763,4.425688,1e-05,"VentureComposite Unemployment",0.00841506830369905
"m94",15.539342,0.241032,64.470089,0,"VentureComposite Unemployment",63715.557393
"theta94",0.584724,1e-06,538840.928577,0,"VentureComposite Unemployment",63753.4903
"w294",43.816028,0.897963,48.794917,0,"VentureComposite Unemployment",-31851.7786966719
"alpha95",0.090004,0.011973,7.517075,0,"VentureComposite Unemployment",2.08052121995897
"gamma95",1.064936,0.136175,7.820352,0,"VentureComposite Unemployment",0.404469236985961
"beta95",0.361856,0.081763,4.425688,1e-05,"VentureComposite Unemployment",0.00841506830369905
"m95",15.539342,0.241032,64.470089,0,"VentureComposite Unemployment",63715.557393
"theta95",0.584724,1e-06,538840.928577,0,"VentureComposite Unemployment",63753.4903
"w295",43.816028,0.897963,48.794917,0,"VentureComposite Unemployment",-31851.7786966719
"alpha96",0.135649,0.040395,3.358027,0.000785,"VentureComposite VIX",4.18438430852893
"gamma96",1.593328,0.428557,3.717885,0.000201,"VentureComposite VIX",0.372459722124595
"beta96",0.001974,0.305319,0.006466,0.994841,"VentureComposite VIX",0.015585146168172
"m96",15.361646,0.38191,40.223193,0,"VentureComposite VIX",63729.616406
"theta96",-0.040145,0.005371,-7.474247,0,"VentureComposite VIX",63767.549312
"w296",1.001,0.167143,5.988877,0,"VentureComposite VIX",-31858.808202956
"alpha97",0.093584,0.033859,2.763894,0.005712,"VentureComposite VXN",0.408232007399728
"gamma97",1.116038,0.379902,2.937701,0.003307,"VentureComposite VXN",0.381454588098966
"beta97",0.328941,0.238361,1.380016,0.167582,"VentureComposite VXN",0.00155721972231477
"m97",15.70207,0.575525,27.283044,0,"VentureComposite VXN",63761.764572
"theta97",-0.012929,0.003805,-3.397965,0.000679,"VentureComposite VXN",63799.697478
"w297",1.001,0.106227,9.423187,0,"VentureComposite VXN",-31874.8822859482
"alpha98",0.063589,0.022347,2.845558,0.004433,"VentureComposite TermSpread",1.82815323985741
"gamma98",0.764832,0.270983,2.822438,0.004766,"VentureComposite TermSpread",0.388651152473687
"beta98",0.542215,0.157636,3.439657,0.000582,"VentureComposite TermSpread",0.00710513863569085
"m98",15.510447,0.491249,31.573514,0,"VentureComposite TermSpread",63742.153442
"theta98",-2.774133,0.187077,-14.828804,0,"VentureComposite TermSpread",63780.086349
"w298",1.903862,0.391405,4.864179,1e-06,"VentureComposite TermSpread",-31865.0767211686
"alpha99",0.087769,0.034014,2.58037,0.009869,"VentureComposite NewOrders",7.00815109983487
"gamma99",1.031068,0.387681,2.659576,0.007824,"VentureComposite NewOrders",0.413418121637606
"beta99",0.383171,0.236427,1.62067,0.105088,"VentureComposite NewOrders",0.0289729666384626
"m99",15.598806,0.510284,30.568879,0,"VentureComposite NewOrders",63691.356879
"theta99",-0.102644,0.009397,-10.92344,0,"VentureComposite NewOrders",63729.289786
"w299",3.154647,0.479254,6.582409,0,"VentureComposite NewOrders",-31839.6784396656
"alpha100",0.418705,0.009912,42.241439,0,"VentureComposite DefaultSpread",52.746867584852
"gamma100",1.157988,0.023552,49.166356,0,"VentureComposite DefaultSpread",1.12480599148722
"beta100",0.001301,0.014733,0.088272,0.92966,"VentureComposite DefaultSpread",0.593299926916246
"m100",8.353981,1.159334,7.205842,0,"VentureComposite DefaultSpread",64863.360814
"theta100",0.527606,0.057101,9.239854,0,"VentureComposite DefaultSpread",64901.293721
"w2100",19.283207,0.056803,339.474215,0,"VentureComposite DefaultSpread",-32425.6804071442
"alpha101",0.066925,0.010707,6.250704,0,"VentureComposite EquityVolMeasure",4.69702171888899
"gamma101",0.789031,0.121218,6.509173,0,"VentureComposite EquityVolMeasure",0.413245224477315
"beta101",0.529664,0.072651,7.290528,0,"VentureComposite EquityVolMeasure",0.0194102179459711
"m101",15.309993,0.079629,192.26723,0,"VentureComposite EquityVolMeasure",63651.359249
"theta101",0.67832,0.020644,32.85767,0,"VentureComposite EquityVolMeasure",63689.292156
"w2101",1.001016,0.117698,8.504981,0,"VentureComposite EquityVolMeasure",-31819.6796247484
"alpha102",0.132263,0.017512,7.552876,0,"VentureComposite RecessionSpread",4.32534305796042
"gamma102",1.596182,0.175237,9.108681,0,"VentureComposite RecessionSpread",0.375715896768741
"beta102",0.00295,0.130304,0.02264,0.981938,"VentureComposite RecessionSpread",0.0162510014585405
"m102",14.900895,0.356177,41.83563,0,"VentureComposite RecessionSpread",63727.050834
"theta102",-6.379183,0.407069,-15.671011,0,"VentureComposite RecessionSpread",63764.98374
"w2102",1.001,0.247791,4.0397,5.4e-05,"VentureComposite RecessionSpread",-31857.5254168316
"alpha103",0.097599,0.10035,0.972593,0.330755,"VentureComposite CitiSurprise",3.73117401107387
"gamma103",1.181033,1.218157,0.969525,0.332283,"VentureComposite CitiSurprise",0.397864446570159
"beta103",0.295578,0.72256,0.409071,0.682488,"VentureComposite CitiSurprise",0.0148450148297287
"m103",15.670981,0.467761,33.502077,0,"VentureComposite CitiSurprise",63720.24764
"theta103",-0.010213,0.000832,-12.282227,0,"VentureComposite CitiSurprise",63758.180547
"w2103",1.001,0.336765,2.972399,0.002955,"VentureComposite CitiSurprise",-31854.1238202041
"alpha104",0.055134,0.005158,10.689065,0,"VentureComposite MOVE",1.07761231359477
"gamma104",0.664182,0.056843,11.684503,0,"VentureComposite MOVE",0.393404833614376
"beta104",0.603203,0.034506,17.481214,0,"VentureComposite MOVE",0.00423937892930553
"m104",15.258281,0.153054,99.692285,0,"VentureComposite MOVE",63754.293311
"theta104",0.003637,0.000506,7.183227,0,"VentureComposite MOVE",63792.226218
"w2104",9.300414,0.037686,246.788192,0,"VentureComposite MOVE",-31871.1466557238
"alpha105",0.096898,0.010091,9.602261,0,"SP100 HousingStart",11.7644787582834
"gamma105",0.537076,0.104041,5.162182,0,"SP100 HousingStart",0.228636975099245
"beta105",0.00114,0.100468,0.011349,0.990945,"SP100 HousingStart",0.0268979483691324
"m105",12.308603,0.069252,177.736852,0,"SP100 HousingStart",63177.002828
"theta105",-0.065925,0.002486,-26.522772,0,"SP100 HousingStart",63214.935734
"w2105",1.001,0.096151,10.410673,0,"SP100 HousingStart",-31582.5014139883
"alpha106",0.096989,0.026213,3.699984,0.000216,"SP100 IndProd",3.76603533012377
"gamma106",0.779429,0.137131,5.683811,0,"SP100 IndProd",0.202645202847863
"beta106",0.001304,0.269292,0.004844,0.996135,"SP100 IndProd",0.0076316899340515
"m106",12.627503,0.123196,102.498938,0,"SP100 IndProd",63290.037932
"theta106",-0.147158,0.010953,-13.435677,0,"SP100 IndProd",63327.970838
"w2106",1.001,0.177223,5.648256,0,"SP100 IndProd",-31639.018966002
"alpha107",0.09423,0.025758,3.658303,0.000254,"SP100 CoreInflation",2.25904766140725
"gamma107",0.76574,0.107973,7.091936,0,"SP100 CoreInflation",0.182619382267003
"beta107",0.001433,0.270839,0.005291,0.995778,"SP100 CoreInflation",0.00412545888437909
"m107",12.65239,0.155716,81.253143,0,"SP100 CoreInflation",63328.047251
"theta107",-0.012377,0.001367,-9.054688,0,"SP100 CoreInflation",63365.980157
"w2107",2.39017,0.179383,13.324402,0,"SP100 CoreInflation",-31658.0236253778
"alpha108",0.090858,0.062675,1.449669,0.147151,"SP100 PPI",0.102097598725996
"gamma108",0.615557,0.255597,2.408313,0.016026,"SP100 PPI",0.172476844600647
"beta108",0.001335,0.681528,0.001958,0.998437,"SP100 PPI",0.000176094716695629
"m108",12.524758,0.153972,81.344596,0,"SP100 PPI",63347.596667
"theta108",0.014559,0.008242,1.766442,0.077322,"SP100 PPI",63385.529574
"w2108",1.001,0.131645,7.603809,0,"SP100 PPI",-31667.7983335803
"alpha109",0.080466,2.222382,0.036207,0.971117,"SP100 GDP",20.4348694687879
"gamma109",0.998504,24.293809,0.041101,0.967215,"SP100 GDP",0.237209961350983
"beta109",0.274832,20.079012,0.013688,0.989079,"SP100 GDP",0.0484735459690357
"m109",13.946436,11.60557,1.201702,0.229479,"SP100 GDP",63276.551557
"theta109",-0.527649,0.136777,-3.857729,0.000114,"SP100 GDP",63314.484464
"w2109",1.001,0.685181,1.460929,0.144035,"SP100 GDP",-31632.2757785649
"alpha110",0.091698,0.109001,0.841259,0.400203,"SP100 UMich",0.883799839806787
"gamma110",0.544041,4.543957,0.119728,0.904698,"SP100 UMich",0.179230694549064
"beta110",0.001281,1.112952,0.001151,0.999081,"SP100 UMich",0.00158404059130922
"m110",12.464632,3.02031,4.126939,3.7e-05,"SP100 UMich",63341.547117
"theta110",-0.089567,0.291314,-0.307459,0.758494,"SP100 UMich",63379.480023
"w2110",1.001,10.08451,0.099261,0.920931,"SP100 UMich",-31664.7735584603
"alpha111",0.007027,0.001655,4.246827,2.2e-05,"SP100 StLouisStress",14.8628507209314
"gamma111",0.105345,0.024685,4.26749,2e-05,"SP100 StLouisStress",0.268499239005645
"beta111",0.934466,0.015434,60.546693,0,"SP100 StLouisStress",0.0399066410802457
"m111",14.111563,0.104676,134.811402,0,"SP100 StLouisStress",63091.310329
"theta111",0.412868,0.007631,54.106444,0,"SP100 StLouisStress",63129.243235
"w2111",1.001,0.059022,16.959778,0,"SP100 StLouisStress",-31539.6551644252
"alpha112",0.091512,0.016022,5.711773,0,"SP100 GEPU",0.0874386178845275
"gamma112",0.637672,0.110027,5.795581,0,"SP100 GEPU",0.173358636914654
"beta112",0.001307,0.174376,0.007494,0.994021,"SP100 GEPU",0.00015158239610163
"m112",12.538197,0.040518,309.445929,0,"SP100 GEPU",63347.771043
"theta112",-0.009416,0.006808,-1.383097,0.166635,"SP100 GEPU",63385.703949
"w2112",1.001015,0.076304,13.118742,0,"SP100 GEPU",-31667.8855212945
"alpha113",0.086199,0.020999,4.104847,4e-05,"SP100 GPR",12.8478687450844
"gamma113",0.524897,0.156148,3.361548,0.000775,"SP100 GPR",0.18941780531862
"beta113",0.001147,0.240845,0.004764,0.996199,"SP100 GPR",0.0243361510071557
"m113",12.642602,0.037236,339.524488,0,"SP100 GPR",63293.217319
"theta113",0.121313,0.007721,15.712862,0,"SP100 GPR",63331.150225
"w2113",1.037951,0.070605,14.700805,0,"SP100 GPR",-31640.6086592594
"alpha114",0.089511,0.011775,7.601911,0,"SP100 BKK",1.03489071673706
"gamma114",0.691439,0.05857,11.8053,0,"SP100 BKK",0.175648099242108
"beta114",0.001401,0.127074,0.011027,0.991202,"SP100 BKK",0.00181776587318166
"m114",12.630306,0.108478,116.431442,0,"SP100 BKK",63339.678382
"theta114",0.100419,0.025003,4.016188,5.9e-05,"SP100 BKK",63377.611289
"w2114",1.001001,0.222569,4.497481,7e-06,"SP100 BKK",-31663.8391911219
"alpha115",0.101253,0.024781,4.085923,4.4e-05,"SP100 Unemployment",15.9716740776065
"gamma115",0.894466,0.074308,12.037239,0,"SP100 Unemployment",0.259890714833361
"beta115",0.001221,0.242666,0.00503,0.995987,"SP100 Unemployment",0.0415088979311461
"m115",12.646353,0.236956,53.370043,0,"SP100 Unemployment",63195.978672
"theta115",2.795119,0.154983,18.034978,0,"SP100 Unemployment",63233.911579
"w2115",1.001,0.156683,6.388703,0,"SP100 Unemployment",-31591.9893361847
"alpha116",0.011074,0.009079,1.219812,0.222536,"SP100 CFNAI",15.6827746995012
"gamma116",0.169988,0.140128,1.213089,0.225096,"SP100 CFNAI",0.263658656866309
"beta116",0.892967,0.088551,10.084203,0,"SP100 CFNAI",0.0413489931320742
"m116",13.857477,0.154141,89.901311,0,"SP100 CFNAI",63084.764003
"theta116",-0.642667,0.015224,-42.214412,0,"SP100 CFNAI",63122.696909
"w2116",1.001,0.071439,14.011909,0,"SP100 CFNAI",-31536.3820014161
"alpha117",0.005497,0.00069,7.965997,0,"SP100 VIX",27.2604294786127
"gamma117",0.092776,0.011352,8.172559,0,"SP100 VIX",0.361567773388936
"beta117",0.94601,0.006532,144.825587,0,"SP100 VIX",0.0985649278820811
"m117",12.898049,0.11373,113.409222,0,"SP100 VIX",62914.089036
"theta117",0.100946,0.002182,46.264497,0,"SP100 VIX",62952.021943
"w2117",1.034691,0.05886,17.578949,0,"SP100 VIX",-31451.0445182466
"alpha118",0.012704,0.00581,2.186715,0.028763,"SP100 VXN",24.0317039818512
"gamma118",0.231869,0.110696,2.094649,0.036202,"SP100 VXN",0.365167703512116
"beta118",0.864246,0.062246,13.884453,0,"SP100 VXN",0.0877560215453558
"m118",12.556842,0.614893,20.421168,0,"SP100 VXN",62948.574765
"theta118",0.097059,0.001994,48.680559,0,"SP100 VXN",62986.507672
"w2118",1.001,0.067026,14.934594,0,"SP100 VXN",-31468.2873827108
"alpha119",0.094333,0.018671,5.052446,0,"SP100 TermSpread",3.47360226162756
"gamma119",0.715402,0.340304,2.102245,0.035532,"SP100 TermSpread",0.183458367836558
"beta119",0.003384,0.199385,0.016974,0.986458,"SP100 TermSpread",0.00637261401431569
"m119",12.579524,0.266386,47.222866,0,"SP100 TermSpread",63310.115441
"theta119",2.81841,0.648386,4.346808,1.4e-05,"SP100 TermSpread",63348.048347
"w2119",1.394342,0.104487,13.344683,0,"SP100 TermSpread",-31649.0577202852
"alpha120",0.095817,0.013538,7.077814,0,"SP100 NewOrders",1.44180126464426
"gamma120",0.738317,0.310211,2.380052,0.01731,"SP100 NewOrders",0.186534152220179
"beta120",0.001441,0.137537,0.010475,0.991642,"SP100 NewOrders",0.00268945176570398
"m120",12.61047,0.210902,59.793144,0,"SP100 NewOrders",63325.509102
"theta120",-0.03719,0.00455,-8.174323,0,"SP100 NewOrders",63363.442009
"w2120",1.029198,0.172501,5.966339,0,"SP100 NewOrders",-31656.7545512071
"alpha121",0.005871,0.000984,5.966302,0,"SP100 DefaultSpread",21.1699296304524
"gamma121",0.087136,0.014645,5.949992,0,"SP100 DefaultSpread",0.292393886236552
"beta121",0.946839,0.008811,107.459162,0,"SP100 DefaultSpread",0.0618995799600231
"m121",13.141252,0.144058,91.222248,0,"SP100 DefaultSpread",63018.912363
"theta121",0.19536,0.003878,50.380213,0,"SP100 DefaultSpread",63056.84527
"w2121",1.180609,0.079196,14.907444,0,"SP100 DefaultSpread",-31503.4561817378
"alpha122",0.05202,0.003234,16.08429,0,"SP100 EquityVolMeasure",189.30944239384
"gamma122",-0.48214,0.080146,-6.0158,0,"SP100 EquityVolMeasure",0.414736429311704
"beta122",0.001017,0.009114,0.111636,0.911112,"SP100 EquityVolMeasure",0.785135221734109
"m122",14.04829,0.103721,135.443099,0,"SP100 EquityVolMeasure",62684.405651
"theta122",-4.298301,0.232542,-18.48399,0,"SP100 EquityVolMeasure",62722.338558
"w2122",1.223207,0.083309,14.682815,0,"SP100 EquityVolMeasure",-31336.2028256549
"alpha123",0.088176,0.006293,14.01148,0,"SP100 RecessionSpread",5.58748080602594
"gamma123",0.879318,0.460397,1.90991,0.056145,"SP100 RecessionSpread",0.189218320390151
"beta123",0.0016,0.062037,0.025792,0.979423,"SP100 RecessionSpread",0.0105725373332843
"m123",12.537254,0.492528,25.45489,0,"SP100 RecessionSpread",63297.420571
"theta123",4.966375,0.372886,13.318747,0,"SP100 RecessionSpread",63335.353477
"w2123",1.481551,0.153317,9.663319,0,"SP100 RecessionSpread",-31642.7102853725
"alpha124",0.087511,0.009829,8.902877,0,"SP100 CitiSurprise",2.54089791835831
"gamma124",0.762246,0.169548,4.495748,7e-06,"SP100 CitiSurprise",0.176847437295763
"beta124",0.094151,0.097441,0.966237,0.333925,"SP100 CitiSurprise",0.00449351285291805
"m124",12.720046,0.138879,91.59062,0,"SP100 CitiSurprise",63337.72323
"theta124",-0.005529,0.001105,-5.004588,1e-06,"SP100 CitiSurprise",63375.656137
"w2124",1.42792,0.206952,6.899772,0,"SP100 CitiSurprise",-31662.8616151536
"alpha125",0.003717,0.000561,6.622416,0,"SP100 MOVE",32.6093541311303
"gamma125",0.075768,0.011067,6.846455,0,"SP100 MOVE",0.411348186819935
"beta125",0.954782,0.00615,155.240022,0,"SP100 MOVE",0.134137986952096
"m125",12.182259,0.351644,34.643764,0,"SP100 MOVE",62783.023166
"theta125",0.022321,0.000532,41.916868,0,"SP100 MOVE",62820.956073
"w2125",1.001,0.144058,6.948576,0,"SP100 MOVE",-31385.5115831581
"alpha126",0.097043,0.48583,0.199748,0.841678,"Consumer HousingStart",17.7687181627406
"gamma126",0.714528,2.765094,0.25841,0.796091,"Consumer HousingStart",0.200616810462975
"beta126",0.00125,5.009344,0.000249,0.999801,"Consumer HousingStart",0.0356470356382455
"m126",12.04402,0.747038,16.122366,0,"Consumer HousingStart",60807.041013
"theta126",-0.075893,0.002531,-29.98169,0,"Consumer HousingStart",60844.973919
"w2126",1.001,0.247323,4.047341,5.2e-05,"Consumer HousingStart",-30397.5205064024
"alpha127",0.090708,0.04722,1.920979,0.054734,"Consumer IndProd",4.10625993359491
"gamma127",0.738275,0.339824,2.172522,0.029816,"Consumer IndProd",0.128069405054519
"beta127",0.00133,0.51842,0.002565,0.997954,"Consumer IndProd",0.0052588626669471
"m127",12.227978,0.041429,295.153214,0,"Consumer IndProd",61021.768821
"theta127",-0.122158,0.009533,-12.813849,0,"Consumer IndProd",61059.701728
"w2127",1.001,0.180819,5.535931,0,"Consumer IndProd",-30504.8844106841
"alpha128",0.087978,0.325074,0.270642,0.786667,"Consumer CoreInflation",3.02660340723514
"gamma128",0.722731,1.504302,0.480443,0.630913,"Consumer CoreInflation",0.113123248247089
"beta128",0.001336,3.745999,0.000357,0.999716,"Consumer CoreInflation",0.00342379208582147
"m128",12.238527,1.073634,11.399166,0,"Consumer CoreInflation",61046.727048
"theta128",-0.011975,0.005213,-2.297088,0.021614,"Consumer CoreInflation",61084.659954
"w2128",1.001,5.547048,0.180456,0.856794,"Consumer CoreInflation",-30517.3635238179
"alpha129",0.076625,0.020468,3.743648,0.000181,"Consumer PPI",5.34362254654591
"gamma129",0.502989,0.088095,5.709614,0,"Consumer PPI",0.110202498884939
"beta129",0.001259,0.263438,0.004778,0.996188,"Consumer PPI",0.00588880557727261
"m129",12.022599,0.034861,344.872672,0,"Consumer PPI",61033.441108
"theta129",0.08419,0.01044,8.063871,0,"Consumer PPI",61071.374015
"w2129",1.001,0.243027,4.118886,3.8e-05,"Consumer PPI",-30510.7205540949
"alpha130",0.088635,0.08497,1.043133,0.296887,"Consumer GDP",14.6367838047535
"gamma130",1.015022,0.98139,1.034269,0.30101,"Consumer GDP",0.142059283710852
"beta130",0.162817,0.806286,0.201935,0.839967,"Consumer GDP",0.0207929102313388
"m130",13.126319,0.035889,365.750459,0,"Consumer GDP",61033.398711
"theta130",-0.345581,0.043845,-7.881892,0,"Consumer GDP",61071.331617
"w2130",1.001,0.213621,4.685865,3e-06,"Consumer GDP",-30510.6993555225
"alpha131",0.083563,0.041146,2.0309,0.042265,"Consumer UMich",6.47563222361058
"gamma131",0.434147,0.052249,8.309234,0,"Consumer UMich",0.129523240463846
"beta131",0.001222,0.491634,0.002485,0.998017,"Consumer UMich",0.00838744869654144
"m131",11.985539,0.1203,99.630605,0,"Consumer UMich",61017.185454
"theta131",-0.206267,0.014759,-13.975756,0,"Consumer UMich",61055.11836
"w2131",1.047225,0.076914,13.615541,0,"Consumer UMich",-30502.5927269359
"alpha132",0.000424,1.1e-05,39.662299,0,"Consumer StLouisStress",10.080142697214
"gamma132",0.003159,0.000111,28.349792,0,"Consumer StLouisStress",0.186651522540259
"beta132",0.996996,7e-05,14263.853487,0,"Consumer StLouisStress",0.0188147398185806
"m132",12.326473,0.012049,1022.989587,0,"Consumer StLouisStress",60760.180098
"theta132",0.28349,0.006602,42.936863,0,"Consumer StLouisStress",60798.113005
"w2132",1.001089,0.091372,10.956242,0,"Consumer StLouisStress",-30374.0900492194
"alpha133",0.085413,0.007166,11.918754,0,"Consumer GEPU",0.620786140487038
"gamma133",0.637131,0.098887,6.443007,0,"Consumer GEPU",0.105708634836994
"beta133",0.001476,0.07877,0.018744,0.985045,"Consumer GEPU",0.000656224554366113
"m133",12.17941,0.075606,161.091324,0,"Consumer GEPU",61064.008378
"theta133",0.016538,0.005799,2.851692,0.004349,"Consumer GEPU",61101.941284
"w2133",2.15455,0.139555,15.438734,0,"Consumer GEPU",-30526.0041888625
"alpha134",0.077794,0.009135,8.516325,0,"Consumer GPR",17.6236947857124
"gamma134",0.512119,0.137604,3.721677,0.000198,"Consumer GPR",0.132492940230385
"beta134",0.001149,0.111793,0.010277,0.9918,"Consumer GPR",0.0233501513988193
"m134",12.24399,0.065937,185.691624,0,"Consumer GPR",60999.199362
"theta134",0.118294,0.007104,16.652288,0,"Consumer GPR",61037.132269
"w2134",1.189283,0.068382,17.391881,0,"Consumer GPR",-30493.5996811473
"alpha135",0.084592,0.025865,3.270594,0.001073,"Consumer BKK",0.240466536593248
"gamma135",0.660028,0.26083,2.530494,0.01139,"Consumer BKK",0.10557858198729
"beta135",0.001316,0.303628,0.004333,0.996543,"Consumer BKK",0.0002538811594891
"m135",12.195536,0.052127,233.958648,0,"Consumer BKK",61065.393463
"theta135",0.037528,0.025,1.501122,0.133324,"Consumer BKK",61103.32637
"w2135",1.001004,4.068206,0.246055,0.805639,"Consumer BKK",-30526.6967316926
"alpha136",0.099944,0.498383,0.200537,0.841061,"Consumer Unemployment",21.2707350467041
"gamma136",0.790703,1.234264,0.640628,0.521765,"Consumer Unemployment",0.220674199999728
"beta136",0.001304,4.993448,0.000261,0.999792,"Consumer Unemployment",0.046939024398376
"m136",12.171452,2.705469,4.498833,7e-06,"Consumer Unemployment",60888.865883
"theta136",2.972328,0.228955,12.982144,0,"Consumer Unemployment",60926.798789
"w2136",1.001,0.200227,4.999321,1e-06,"Consumer Unemployment",-30438.4329414173
"alpha137",0.003028,0.000502,6.031438,0,"Consumer CFNAI",18.7108965042731
"gamma137",0.045259,0.007882,5.741963,0,"Consumer CFNAI",0.212179036879207
"beta137",0.971232,0.004722,205.675243,0,"Consumer CFNAI",0.0397005999942318
"m137",13.443896,0.128207,104.861062,0,"Consumer CFNAI",60810.329009
"theta137",-0.629727,0.015383,-40.936178,0,"Consumer CFNAI",60848.261916
"w2137",1.001,0.092389,10.83466,0,"Consumer CFNAI",-30399.1645045741
"alpha138",0.001013,0.000161,6.278616,0,"Consumer VIX",28.2328905120745
"gamma138",0.01482,0.002881,5.143297,0,"Consumer VIX",0.305645011088403
"beta138",0.990577,0.002062,480.322487,0,"Consumer VIX",0.0862924213362067
"m138",11.623393,0.105991,109.663926,0,"Consumer VIX",60599.787852
"theta138",0.094445,0.004724,19.992436,0,"Consumer VIX",60637.720758
"w2138",1.052084,0.181431,5.798822,0,"Consumer VIX",-30293.8939258126
"alpha139",0.001549,0.000381,4.066696,4.8e-05,"Consumer VXN",26.0921819713966
"gamma139",0.029512,0.007603,3.881582,0.000104,"Consumer VXN",0.370843917690093
"beta139",0.982507,0.004373,224.659629,0,"Consumer VXN",0.0967612698335552
"m139",11.792032,0.147693,79.841303,0,"Consumer VXN",60633.344234
"theta139",0.101917,0.002779,36.679046,0,"Consumer VXN",60671.277141
"w2139",1.001,0.097578,10.258419,0,"Consumer VXN",-30310.6721172013
"alpha140",0.08813,0.086796,1.015363,0.309933,"Consumer TermSpread",5.30597395035591
"gamma140",0.707758,0.35086,2.01721,0.043674,"Consumer TermSpread",0.115865612779348
"beta140",0.001909,0.984951,0.001938,0.998454,"Consumer TermSpread",0.00614779923149247
"m140",12.199736,0.340926,35.78412,0,"Consumer TermSpread",61023.90135
"theta140",2.820368,0.085366,33.038398,0,"Consumer TermSpread",61061.834257
"w2140",1.185554,0.069508,17.056342,0,"Consumer TermSpread",-30505.9506750909
"alpha141",0.088158,0.019619,4.493473,7e-06,"Consumer NewOrders",0.523577814898557
"gamma141",0.682195,0.174922,3.900004,9.6e-05,"Consumer NewOrders",0.109521173181038
"beta141",0.001437,0.219753,0.006539,0.994783,"Consumer NewOrders",0.000573428565392543
"m141",12.195831,0.022025,553.721123,0,"Consumer NewOrders",61061.243304
"theta141",-0.017179,0.004043,-4.249432,2.1e-05,"Consumer NewOrders",61099.176211
"w2141",1.001005,0.130753,7.655708,0,"Consumer NewOrders",-30524.6216521124
"alpha142",0.000478,1.2e-05,40.390314,0,"Consumer DefaultSpread",14.1776808456486
"gamma142",0.003777,0.000137,27.583606,0,"Consumer DefaultSpread",0.19570002607635
"beta142",0.996633,8.6e-05,11605.744151,0,"Consumer DefaultSpread",0.0277457251119559
"m142",11.642237,0.022422,519.228602,0,"Consumer DefaultSpread",60718.659314
"theta142",0.131043,0.002976,44.035121,0,"Consumer DefaultSpread",60756.59222
"w2142",1.025126,0.100317,10.218857,0,"Consumer DefaultSpread",-30353.3296568428
"alpha143",0.065516,0.003142,20.849398,0,"Consumer EquityVolMeasure",161.092739276724
"gamma143",-0.015998,0.190209,-0.084107,0.932971,"Consumer EquityVolMeasure",0.312395143097425
"beta143",0.008764,0.032203,0.272159,0.7855,"Consumer EquityVolMeasure",0.503245893383085
"m143",13.371265,0.031398,425.860445,0,"Consumer EquityVolMeasure",60520.926742
"theta143",-3.426628,0.245277,-13.970462,0,"Consumer EquityVolMeasure",60558.859648
"w2143",1.371676,0.098397,13.940194,0,"Consumer EquityVolMeasure",-30254.4633710167
"alpha144",0.078718,0.011387,6.912683,0,"Consumer RecessionSpread",4.65813557179015
"gamma144",0.799675,0.178226,4.486871,7e-06,"Consumer RecessionSpread",0.109451573977521
"beta144",0.001565,0.145461,0.010759,0.991415,"Consumer RecessionSpread",0.00509840270133111
"m144",12.159522,0.118899,102.267428,0,"Consumer RecessionSpread",61039.599428
"theta144",3.401861,0.113603,29.945252,0,"Consumer RecessionSpread",61077.532334
"w2144",1.580551,0.100823,15.676432,0,"Consumer RecessionSpread",-30513.7997139317
"alpha145",0.08208,0.028136,2.917202,0.003532,"Consumer CitiSurprise",0.371512230058716
"gamma145",0.607521,0.112796,5.386016,0,"Consumer CitiSurprise",0.10405401841579
"beta145",0.001241,0.320006,0.003879,0.996905,"Consumer CitiSurprise",0.000386573404282209
"m145",12.143065,0.208327,58.288437,0,"Consumer CitiSurprise",61065.906351
"theta145",0.001648,0.001047,1.574126,0.115458,"Consumer CitiSurprise",61103.839258
"w2145",1.001,0.817462,1.224522,0.220755,"Consumer CitiSurprise",-30526.9531756389
"alpha146",0.001282,0.000111,11.554692,0,"Consumer MOVE",29.4924735716571
"gamma146",0.023307,0.00204,11.423131,0,"Consumer MOVE",0.420662482183959
"beta146",0.986064,0.001119,881.21421,0,"Consumer MOVE",0.124063771383981
"m146",11.870923,0.12421,95.571549,0,"Consumer MOVE",60499.934022
"theta146",0.021327,0.00051,41.842399,0,"Consumer MOVE",60537.866928
"w2146",1.591394,0.269905,5.896118,0,"Consumer MOVE",-30243.9670109874
"alpha147",0.01065,0.004175,2.55102,0.010741,"Materials HousingStart",35.0276769917274
"gamma147",0.311474,0.122555,2.541498,0.011038,"Materials HousingStart",0.194515825760156
"beta147",0.813993,0.071605,11.367848,0,"Materials HousingStart",0.0681343751450587
"m147",10.770681,0.367846,29.280388,0,"Materials HousingStart",50313.944405
"theta147",-0.104924,0.004718,-22.237877,0,"Materials HousingStart",50351.877311
"w2147",1.001,0.089196,11.222445,0,"Materials HousingStart",-25150.9722023141
"alpha148",0.002253,0.000508,4.432902,9e-06,"Materials IndProd",16.0676979306195
"gamma148",0.0667,0.01613,4.135121,3.5e-05,"Materials IndProd",0.159189852852296
"beta148",0.961263,0.008321,115.528844,0,"Materials IndProd",0.0255781446925046
"m148",11.171739,0.330787,33.773181,0,"Materials IndProd",50459.796341
"theta148",-0.269407,0.0218,-12.358201,0,"Materials IndProd",50497.729247
"w2148",1.001,0.152811,6.550591,0,"Materials IndProd",-25223.8981705039
"alpha149",0.001358,0.000217,6.260445,0,"Materials CoreInflation",18.9192125798112
"gamma149",0.0376,0.007146,5.261654,0,"Materials CoreInflation",0.145571902538717
"beta149",0.977259,0.003637,268.710277,0,"Materials CoreInflation",0.0275410576977753
"m149",10.852341,0.222981,48.669461,0,"Materials CoreInflation",50541.18711
"theta149",-0.029092,0.004123,-7.055626,0,"Materials CoreInflation",50579.120017
"w2149",4.338682,0.764106,5.678116,0,"Materials CoreInflation",-25264.5935550491
"alpha150",0.000232,8e-06,30.447957,0,"Materials PPI",3.72187812348494
"gamma150",0.003687,0.000127,28.945558,0,"Materials PPI",0.138616160724267
"beta150",0.996924,7.1e-05,13954.689597,0,"Materials PPI",0.0051591245616112
"m150",9.594032,0.01849,518.864861,0,"Materials PPI",50452.298264
"theta150",-0.061216,0.007449,-8.218179,0,"Materials PPI",50490.23117
"w2150",4.200925,0.174173,24.119212,0,"Materials PPI",-25220.1491317982
"alpha151",0.002539,0.000878,2.890225,0.00385,"Materials GDP",38.6816766884364
"gamma151",0.067743,0.02454,2.760469,0.005772,"Materials GDP",0.203185115153655
"beta151",0.961477,0.012448,77.23802,0,"Materials GDP",0.0785954093227641
"m151",12.051046,0.770004,15.650631,0,"Materials GDP",50548.783361
"theta151",-0.649865,0.16724,-3.885817,0.000102,"Materials GDP",50586.716268
"w2151",1.58419,0.245776,6.445655,0,"Materials GDP",-25268.3916806571
"alpha152",0.000229,8e-06,28.562138,0,"Materials UMich",4.59080032353048
"gamma152",0.003598,0.000114,31.462008,0,"Materials UMich",0.133211665446894
"beta152",0.996972,6.6e-05,15135.063944,0,"Materials UMich",0.00611548156831635
"m152",9.569882,0.022345,428.279931,0,"Materials UMich",50461.367042
"theta152",0.171491,0.02595,6.608539,0,"Materials UMich",50499.299948
"w2152",1.514963,0.104105,14.552292,0,"Materials UMich",-25224.6835207812
"alpha153",0.001897,0.000138,13.749203,0,"Materials StLouisStress",35.1514168597331
"gamma153",0.054855,0.003642,15.063399,0,"Materials StLouisStress",0.223614433186297
"beta153",0.969676,0.001884,514.681213,0,"Materials StLouisStress",0.0786036415678446
"m153",11.628191,0.206031,56.438962,0,"Materials StLouisStress",50142.434214
"theta153",0.579442,0.015258,37.976749,0,"Materials StLouisStress",50180.367121
"w2153",1.001,0.056944,17.578594,0,"Materials StLouisStress",-25065.2171072364
"alpha154",0.000194,1.4e-05,14.328346,0,"Materials GEPU",3.76296816894278
"gamma154",0.003018,0.000248,12.159744,0,"Materials GEPU",0.106798606374972
"beta154",0.997297,0.000135,7401.235494,0,"Materials GEPU",0.00401879756276471
"m154",9.502103,0.115004,82.623806,0,"Materials GEPU",50467.091543
"theta154",-0.048485,0.044649,-1.085893,0.277527,"Materials GEPU",50505.02445
"w2154",1.001,1.323779,0.756168,0.449548,"Materials GEPU",-25227.5457717246
"alpha155",0.041034,0.178941,0.229316,0.818623,"Materials GPR",29.2646018055129
"gamma155",0.831174,3.446921,0.241135,0.80945,"Materials GPR",0.11335751860269
"beta155",0.00132,4.358662,0.000303,0.999758,"Materials GPR",0.0331736264356874
"m155",9.828819,6.490914,1.514243,0.129964,"Materials GPR",50581.960471
"theta155",0.14143,0.022387,6.317472,0,"Materials GPR",50619.893378
"w2155",1.001,0.257396,3.888955,0.000101,"Materials GPR",-25284.9802356949
"alpha156",0.000171,6e-06,29.701389,0,"Materials BKK",7.16235319159504
"gamma156",0.003115,0.000106,29.422443,0,"Materials BKK",0.142374026811545
"beta156",0.997271,6.4e-05,15680.016059,0,"Materials BKK",0.0101973306533391
"m156",9.682881,0.023058,419.931681,0,"Materials BKK",50410.577911
"theta156",0.237842,0.023939,9.935199,0,"Materials BKK",50448.510817
"w2156",1.001,0.335959,2.979531,0.002887,"Materials BKK",-25199.2889554022
"alpha157",0.00985,0.022227,0.443126,0.657675,"Materials Unemployment",37.9810806572256
"gamma157",0.297654,0.676854,0.439761,0.66011,"Materials Unemployment",0.21540085092499
"beta157",0.832351,0.379748,2.191854,0.02839,"Materials Unemployment",0.0818115709261706
"m157",11.492596,0.306476,37.499142,0,"Materials Unemployment",50398.888799
"theta157",3.924073,0.266433,14.728159,0,"Materials Unemployment",50436.821705
"w2157",1.001,0.363453,2.75414,0.005885,"Materials Unemployment",-25193.444399482
"alpha158",0.002265,0.000176,12.860912,0,"Materials CFNAI",34.9857493378287
"gamma158",0.066558,0.004823,13.799684,0,"Materials CFNAI",0.231914052777891
"beta158",0.963412,0.002524,381.697827,0,"Materials CFNAI",0.0811368691840729
"m158",11.588322,0.155644,74.453989,0,"Materials CFNAI",50161.301968
"theta158",-0.900249,0.022977,-39.18032,0,"Materials CFNAI",50199.234874
"w2158",1.001,0.121489,8.239443,0,"Materials CFNAI",-25074.6509839679
"alpha159",0.001759,0.000192,9.166897,0,"Materials VIX",50.2962736588475
"gamma159",0.06004,0.006669,9.002294,0,"Materials VIX",0.273470942830313
"beta159",0.967221,0.002589,373.577238,0,"Materials VIX",0.137545693783365
"m159",9.469382,0.798752,11.855221,0,"Materials VIX",49957.349287
"theta159",0.11897,0.013487,8.820926,0,"Materials VIX",49995.282193
"w2159",1.23557,0.063359,19.501093,0,"Materials VIX",-24972.6746435204
"alpha160",0.001813,0.000162,11.162208,0,"Materials VXN",43.9274195230058
"gamma160",0.072089,0.005365,13.436693,0,"Materials VXN",0.340306649353973
"beta160",0.961143,0.002734,351.61215,0,"Materials VXN",0.149487929526404
"m160",9.310725,0.216039,43.097406,0,"Materials VXN",49956.412483
"theta160",0.126678,0.003125,40.542597,0,"Materials VXN",49994.345389
"w2160",1.001,0.083728,11.955403,0,"Materials VXN",-24972.2062412524
"alpha161",0.000198,5e-06,36.66476,0,"Materials TermSpread",2.91417311442487
"gamma161",0.003226,8.3e-05,39.065858,0,"Materials TermSpread",0.103721444880358
"beta161",0.997189,5.6e-05,17740.147163,0,"Materials TermSpread",0.00302262246059641
"m161",9.593725,0.017175,558.600864,0,"Materials TermSpread",50457.349614
"theta161",0.954009,0.096796,9.855866,0,"Materials TermSpread",50495.28252
"w2161",44.657071,4.3e-05,1042276.981664,0,"Materials TermSpread",-25222.6748067665
"alpha162",0.001463,0.000111,13.139934,0,"Materials NewOrders",12.770188509886
"gamma162",0.039434,0.002857,13.800134,0,"Materials NewOrders",0.151374176707782
"beta162",0.975991,0.00154,633.910533,0,"Materials NewOrders",0.0193307677208716
"m162",10.766208,0.076821,140.147339,0,"Materials NewOrders",50477.73344
"theta162",-0.099745,0.007438,-13.40987,0,"Materials NewOrders",50515.666346
"w2162",1.001001,0.094354,10.609019,0,"Materials NewOrders",-25232.8667199256
"alpha163",0.001792,0.000121,14.760394,0,"Materials DefaultSpread",47.3162542543633
"gamma163",0.050999,0.003118,16.35727,0,"Materials DefaultSpread",0.234820737563795
"beta163",0.971708,0.001693,573.855917,0,"Materials DefaultSpread",0.111108377227656
"m163",9.937689,0.495673,20.048869,0,"Materials DefaultSpread",50038.19849
"theta163",0.261789,0.015846,16.520423,0,"Materials DefaultSpread",50076.131397
"w2163",1.167208,0.071038,16.430698,0,"Materials DefaultSpread",-25013.0992450464
"alpha164",0.025387,0.002106,12.052065,0,"Materials EquityVolMeasure",215.116744057435
"gamma164",0.096576,1.093968,0.08828,0.929654,"Materials EquityVolMeasure",0.464066019484055
"beta164",0.001004,0.034773,0.028865,0.976972,"Materials EquityVolMeasure",0.998283711391041
"m164",11.410565,0.689087,16.558967,0,"Materials EquityVolMeasure",49650.371992
"theta164",-4.863615,0.325582,-14.938197,0,"Materials EquityVolMeasure",49688.304898
"w2164",1.023112,0.076202,13.42634,0,"Materials EquityVolMeasure",-24819.1859959064
"alpha165",0.000184,6e-06,31.086992,0,"Materials RecessionSpread",11.7564486475096
"gamma165",0.003443,9.8e-05,34.990969,0,"Materials RecessionSpread",0.114637964923001
"beta165",0.997094,6.5e-05,15352.419026,0,"Materials RecessionSpread",0.0134773534767227
"m165",9.398387,0.035511,264.661333,0,"Materials RecessionSpread",50382.158076
"theta165",5.769393,0.588034,9.811329,0,"Materials RecessionSpread",50420.090982
"w2165",1.198766,0.100919,11.878538,0,"Materials RecessionSpread",-25185.0790379964
"alpha166",0.000195,5e-06,36.482827,0,"Materials CitiSurprise",6.96990685658812
"gamma166",0.003106,8e-05,38.768721,0,"Materials CitiSurprise",0.131287763363816
"beta166",0.997252,5.6e-05,17672.821161,0,"Materials CitiSurprise",0.00915063482055583
"m166",9.572338,0.018579,515.219682,0,"Materials CitiSurprise",50445.801027
"theta166",-0.006282,0.001139,-5.513391,0,"Materials CitiSurprise",50483.733933
"w2166",3.62565,1.28794,2.815076,0.004877,"Materials CitiSurprise",-25216.9005135203
"alpha167",0.000991,7.1e-05,13.927188,0,"Materials MOVE",45.7247033273853
"gamma167",0.043823,0.002185,20.056106,0,"Materials MOVE",0.430489798142524
"beta167",0.976098,0.001111,878.266214,0,"Materials MOVE",0.196840183055329
"m167",9.081096,0.148989,60.951283,0,"Materials MOVE",49771.958148
"theta167",0.027039,0.000548,49.30158,0,"Materials MOVE",49809.891055
"w2167",1.001,0.132997,7.526482,0,"Materials MOVE",-24879.9790741336
"alpha168",0.086422,0.015708,5.501769,0,"SP500 HousingStart",13.7966139656216
"gamma168",0.671525,0.107358,6.255016,0,"SP500 HousingStart",0.192780811244765
"beta168",0.001291,0.180802,0.007142,0.994302,"SP500 HousingStart",0.0265972243272338
"m168",14.07275,0.04146,339.430975,0,"SP500 HousingStart",72674.096768
"theta168",-0.065905,0.002313,-28.493669,0,"SP500 HousingStart",72712.276823
"w2168",1.001,0.086908,11.517964,0,"SP500 HousingStart",-36331.0483839725
"alpha169",0.086536,0.014907,5.804947,0,"SP500 IndProd",4.4570621472627
"gamma169",0.759168,0.134315,5.652128,0,"SP500 IndProd",0.162430861984182
"beta169",0.001896,0.17103,0.011089,0.991153,"SP500 IndProd",0.00723964446496949
"m169",14.254733,0.021648,658.465731,0,"SP500 IndProd",72805.573135
"theta169",-0.143174,0.010296,-13.906169,0,"SP500 IndProd",72843.75319
"w2169",1.001,0.174953,5.721531,0,"SP500 IndProd",-36396.786567369
"alpha170",0.0836,0.003876,21.565892,0,"SP500 CoreInflation",2.44179279730398
"gamma170",0.758282,0.013053,58.094398,0,"SP500 CoreInflation",0.143135232538533
"beta170",0.003242,0.037326,0.086843,0.930796,"SP500 CoreInflation",0.0034950657985302
"m170",14.290552,0.020914,683.290795,0,"SP500 CoreInflation",72847.90023
"theta170",-0.009904,0.001153,-8.58813,0,"SP500 CoreInflation",72886.080285
"w2170",5.398341,0.098015,55.076524,0,"SP500 CoreInflation",-36417.9501152349
"alpha171",0.082749,0.004366,18.955029,0,"SP500 PPI",0.481540631827767
"gamma171",0.650905,0.060988,10.672689,0,"SP500 PPI",0.137409151256814
"beta171",0.001898,0.044319,0.042817,0.965847,"SP500 PPI",0.000661680895151232
"m171",14.205413,0.028286,502.21414,0,"SP500 PPI",72861.646194
"theta171",-0.020325,0.015232,-1.334367,0.182084,"SP500 PPI",72899.826249
"w2171",5.82343,19.808172,0.293991,0.768765,"SP500 PPI",-36424.8230971497
"alpha172",0.036416,0.085627,0.425287,0.670628,"SP500 GDP",20.6237233990894
"gamma172",0.538528,1.109716,0.485284,0.627475,"SP500 GDP",0.191231528531481
"beta172",0.641419,0.848765,0.755709,0.449824,"SP500 GDP",0.0394390614961834
"m172",15.877346,1.599928,9.923786,0,"SP500 GDP",72808.499727
"theta172",-0.472276,0.064345,-7.33977,0,"SP500 GDP",72846.679782
"w2172",1.001007,0.332823,3.00763,0.002633,"SP500 GDP",-36398.2498634497
"alpha173",0.081195,0.0034,23.877951,0,"SP500 UMich",1.19045551944157
"gamma173",0.525618,0.03407,15.427444,0,"SP500 UMich",0.140469119881074
"beta173",0.001428,0.032617,0.043782,0.965078,"SP500 UMich",0.00167222239073524
"m173",14.097022,0.032797,429.820667,0,"SP500 UMich",72857.992103
"theta173",-0.09122,0.018697,-4.878916,1e-06,"SP500 UMich",72896.172158
"w2173",1.001,0.13379,7.48187,0,"SP500 UMich",-36422.996051522
"alpha174",0.003869,0.000859,4.505602,7e-06,"SP500 StLouisStress",17.1862045152406
"gamma174",0.062506,0.017395,3.593344,0.000326,"SP500 StLouisStress",0.231813377190351
"beta174",0.960957,0.008637,111.256263,0,"SP500 StLouisStress",0.0398399210976197
"m174",15.642998,0.537605,29.097569,0,"SP500 StLouisStress",72591.136266
"theta174",0.414709,0.011121,37.289642,0,"SP500 StLouisStress",72629.316321
"w2174",1.001,0.078869,12.691997,0,"SP500 StLouisStress",-36289.5681331812
"alpha175",0.081037,0.004118,19.676517,0,"SP500 GEPU",0.00058425540043516
"gamma175",0.620914,0.19629,3.163257,0.00156,"SP500 GEPU",0.133678136798369
"beta175",0.001732,0.03858,0.044906,0.964182,"SP500 GEPU",7.81021733445573e-07
"m175",14.180885,0.179484,79.008983,0,"SP500 GEPU",72866.096219
"theta175",0.000446,0.004747,0.093888,0.925198,"SP500 GEPU",72904.276274
"w2175",3.29915,0.193604,17.040682,0,"SP500 GEPU",-36427.0481094873
"alpha176",0.075501,0.00745,10.134257,0,"SP500 GPR",15.9074836854895
"gamma176",0.496484,0.06978,7.115041,0,"SP500 GPR",0.156409739232399
"beta176",0.00118,0.096369,0.012245,0.99023,"SP500 GPR",0.0248808537509105
"m176",14.274035,0.052766,270.516119,0,"SP500 GPR",72802.93606
"theta176",0.122556,0.007639,16.042939,0,"SP500 GPR",72841.116114
"w2176",1.001001,0.057942,17.275783,0,"SP500 GPR",-36395.4680298351
"alpha177",0.077261,0.012768,6.051299,0,"SP500 BKK",2.20813399874988
"gamma177",0.690065,0.335488,2.056898,0.039696,"SP500 BKK",0.137913425896762
"beta177",0.002037,0.1644,0.012393,0.990112,"SP500 BKK",0.00304531324606712
"m177",14.288071,0.222783,64.134614,0,"SP500 BKK",72850.303975
"theta177",0.128221,0.018057,7.100691,0,"SP500 BKK",72888.48403
"w2177",1.001,0.393171,2.54597,0.010897,"SP500 BKK",-36419.1519876954
"alpha178",0.091776,0.02363,3.883887,0.000103,"SP500 Unemployment",17.7197414579129
"gamma178",0.873866,0.252006,3.467644,0.000525,"SP500 Unemployment",0.220820297136039
"beta178",0.001506,0.253072,0.005951,0.995251,"SP500 Unemployment",0.0391287857391011
"m178",14.270983,0.15064,94.735736,0,"SP500 Unemployment",72713.264592
"theta178",2.701993,0.152254,17.746556,0,"SP500 Unemployment",72751.444647
"w2178",1.001,0.201674,4.963466,1e-06,"SP500 Unemployment",-36350.6322961365
"alpha179",0.005343,0.0015,3.563386,0.000366,"SP500 CFNAI",18.1132123153869
"gamma179",0.088991,0.033333,2.669735,0.007591,"SP500 CFNAI",0.228993696285503
"beta179",0.943852,0.015812,59.693164,0,"SP500 CFNAI",0.0414781143970455
"m179",15.416801,0.76182,20.236814,0,"SP500 CFNAI",72584.229113
"theta179",-0.645663,0.021717,-29.731188,0,"SP500 CFNAI",72622.409168
"w2179",1.001,0.227192,4.405962,1.1e-05,"SP500 CFNAI",-36286.1145565621
"alpha180",0.00335,0.000556,6.02497,0,"SP500 VIX",29.7876240491128
"gamma180",0.061812,0.011242,5.498328,0,"SP500 VIX",0.330134917609102
"beta180",0.964184,0.005838,165.149947,0,"SP500 VIX",0.0983393481122474
"m180",14.429693,0.446043,32.350417,0,"SP500 VIX",72407.601074
"theta180",0.101237,0.002316,43.705721,0,"SP500 VIX",72445.781129
"w2180",1.055434,0.147604,7.150439,0,"SP500 VIX",-36197.8005369651
"alpha181",0.006449,0.001354,4.764931,2e-06,"SP500 VXN",25.7154035783879
"gamma181",0.129661,0.026943,4.812394,1e-06,"SP500 VXN",0.332078413748527
"beta181",0.924093,0.015775,58.578734,0,"SP500 VXN",0.0853953042921425
"m181",14.085326,0.108873,129.3744,0,"SP500 VXN",72447.785608
"theta181",0.095896,0.002044,46.922223,0,"SP500 VXN",72485.965663
"w2181",1.001,0.087499,11.440119,0,"SP500 VXN",-36217.8928039223
"alpha182",0.000288,6e-06,44.915174,0,"SP500 TermSpread",3.43142808477795
"gamma182",0.001991,4.8e-05,41.232171,0,"SP500 TermSpread",0.153426011773481
"beta182",0.997717,4.1e-05,24562.875381,0,"SP500 TermSpread",0.00526470325734994
"m182",14.236695,0.011704,1216.372501,0,"SP500 TermSpread",72705.711881
"theta182",2.582599,0.207608,12.439806,0,"SP500 TermSpread",72743.891936
"w2182",1.210492,0.096152,12.589351,0,"SP500 TermSpread",-36346.8559405626
"alpha183",0.085199,0.003806,22.383182,0,"SP500 NewOrders",1.74644849559359
"gamma183",0.713424,0.044755,15.940653,0,"SP500 NewOrders",0.146579287305767
"beta183",0.002458,0.033993,0.072324,0.942344,"SP500 NewOrders",0.00255993175800338
"m183",14.234664,0.021908,649.739088,0,"SP500 NewOrders",72841.775112
"theta183",-0.035984,0.004276,-8.414567,0,"SP500 NewOrders",72879.955166
"w2183",1.234028,0.15411,8.007475,0,"SP500 NewOrders",-36414.8875558229
"alpha184",0.003312,0.000495,6.69249,0,"SP500 DefaultSpread",24.0370359458094
"gamma184",0.052413,0.008278,6.331266,0,"SP500 DefaultSpread",0.256014418995383
"beta184",0.967918,0.004731,204.604597,0,"SP500 DefaultSpread",0.0615382779203752
"m184",14.654034,0.199231,73.553112,0,"SP500 DefaultSpread",72518.340245
"theta184",0.195801,0.003901,50.193044,0,"SP500 DefaultSpread",72556.5203
"w2184",1.215447,0.05956,20.406995,0,"SP500 DefaultSpread",-36253.1701225271
"alpha185",0.044126,0.002354,18.745613,0,"SP500 EquityVolMeasure",174.194227142674
"gamma185",-0.460312,0.110782,-4.155135,3.3e-05,"SP500 EquityVolMeasure",0.417169743270548
"beta185",0.001022,0.012684,0.080592,0.935767,"SP500 EquityVolMeasure",0.726685610163208
"m185",15.606643,0.162338,96.136873,0,"SP500 EquityVolMeasure",72138.259025
"theta185",-4.081578,0.256901,-15.887774,0,"SP500 EquityVolMeasure",72176.43908
"w2185",1.200932,0.072122,16.651343,0,"SP500 EquityVolMeasure",-36063.1295124746
"alpha186",0.076708,0.007319,10.480903,0,"SP500 RecessionSpread",6.52516030170218
"gamma186",0.86212,0.026724,32.260223,0,"SP500 RecessionSpread",0.149168029699154
"beta186",0.008715,0.090129,0.096698,0.922966,"SP500 RecessionSpread",0.00973345305676051
"m186",14.177778,0.068189,207.920337,0,"SP500 RecessionSpread",72814.262586
"theta186",4.826474,0.075236,64.151222,0,"SP500 RecessionSpread",72852.442641
"w2186",1.422328,0.113256,12.558527,0,"SP500 RecessionSpread",-36401.1312931921
"alpha187",0.002556,0.00066,3.870739,0.000109,"SP500 CitiSurprise",6.60179458697407
"gamma187",0.030182,0.016959,1.779746,0.075118,"SP500 CitiSurprise",0.150199007247537
"beta187",0.972209,0.007534,129.034957,0,"SP500 CitiSurprise",0.0099158299301567
"m187",14.630385,0.456355,32.059218,0,"SP500 CitiSurprise",72845.093877
"theta187",-0.008172,0.000944,-8.658143,0,"SP500 CitiSurprise",72883.273932
"w2187",1.378162,0.258914,5.322861,0,"SP500 CitiSurprise",-36416.5469386982
"alpha188",0.001915,0.000205,9.331185,0,"SP500 MOVE",34.3444347194247
"gamma188",0.045635,0.003903,11.692478,0,"SP500 MOVE",0.419562159449177
"beta188",0.973041,0.002359,412.508664,0,"SP500 MOVE",0.144096251959431
"m188",13.718769,0.091308,150.24759,0,"SP500 MOVE",72230.052031
"theta188",0.023187,0.000551,42.043086,0,"SP500 MOVE",72268.232086
"w2188",1.001,0.147959,6.765382,0,"SP500 MOVE",-36109.0260155727
"alpha189",0.066382,0.005741,11.561926,0,"DowJones HousingStart",21.6943636916617
"gamma189",0.841372,0.13986,6.015834,0,"DowJones HousingStart",0.160050029386292
"beta189",0.001707,0.084818,0.020123,0.983946,"DowJones HousingStart",0.0347218354636737
"m189",18.259092,0.091245,200.109995,0,"DowJones HousingStart",90032.140034
"theta189",-0.075301,0.00245,-30.734334,0,"DowJones HousingStart",90070.320089
"w2189",1.001,0.078568,12.740505,0,"DowJones HousingStart",-45010.0700169581
"alpha190",0.003998,0.002087,1.916146,0.055347,"DowJones IndProd",7.14830562273095
"gamma190",0.087116,0.049887,1.746273,0.080764,"DowJones IndProd",0.115383578343062
"beta190",0.939387,0.031856,29.488545,0,"DowJones IndProd",0.00824797081840527
"m190",19.246218,0.286059,67.280675,0,"DowJones IndProd",90192.243902
"theta190",-0.15282,0.010454,-14.617928,0,"DowJones IndProd",90230.423957
"w2190",1.001,0.125443,7.979735,0,"DowJones IndProd",-45090.1219508546
"alpha191",0.001933,0.00046,4.200717,2.7e-05,"DowJones CoreInflation",4.34038037738179
"gamma191",0.040113,0.010981,3.652923,0.000259,"DowJones CoreInflation",0.0949283794288515
"beta191",0.969854,0.007113,136.340137,0,"DowJones CoreInflation",0.0041202527532964
"m191",19.059712,0.112718,169.091377,0,"DowJones CoreInflation",90236.517242
"theta191",-0.012238,0.001276,-9.593939,0,"DowJones CoreInflation",90274.697297
"w2191",2.375522,0.059571,39.876844,0,"DowJones CoreInflation",-45112.25862112
"alpha192",0.000204,6e-06,35.21765,0,"DowJones PPI",0.00839767809553309
"gamma192",0.002176,3.3e-05,66.640991,0,"DowJones PPI",0.0932255122583695
"beta192",0.997708,3.3e-05,29949.583648,0,"DowJones PPI",7.82877842236961e-06
"m192",18.36898,0.014305,1284.087416,0,"DowJones PPI",90112.350576
"theta192",0.003064,0.009283,0.33006,0.741355,"DowJones PPI",90150.53063
"w2192",1.003318,0.167336,5.995838,0,"DowJones PPI",-45050.1752878318
"alpha193",0.005302,0.002807,1.888487,0.058961,"DowJones GDP",20.2878825408424
"gamma193",0.105266,0.051961,2.025852,0.04278,"DowJones GDP",0.132072697437669
"beta193",0.932386,0.035649,26.154611,0,"DowJones GDP",0.0267947537246764
"m193",19.924824,0.371766,53.595056,0,"DowJones GDP",90225.015733
"theta193",-0.385734,0.062881,-6.134316,0,"DowJones GDP",90263.195788
"w2193",1.313611,0.749065,1.753668,0.079487,"DowJones GDP",-45106.5078666422
"alpha194",0.058117,0.015384,3.77768,0.000158,"DowJones UMich",1.55012538276883
"gamma194",0.683869,0.117119,5.83911,0,"DowJones UMich",0.0870993056054649
"beta194",0.005394,0.26199,0.02059,0.983573,"DowJones UMich",0.00135014844440571
"m194",18.309504,0.071213,257.110468,0,"DowJones UMich",90255.31894
"theta194",-0.081966,0.019325,-4.241559,2.2e-05,"DowJones UMich",90293.498995
"w2194",1.001,0.175695,5.697366,0,"DowJones UMich",-45121.6594699511
"alpha195",0.001695,0.000149,11.389754,0,"DowJones StLouisStress",22.9618822597802
"gamma195",0.035269,0.00294,11.997232,0,"DowJones StLouisStress",0.186088125549648
"beta195",0.978668,0.001728,566.201258,0,"DowJones StLouisStress",0.0427293362881421
"m195",19.743997,0.065376,302.007484,0,"DowJones StLouisStress",89976.561982
"theta195",0.429484,0.007322,58.65852,0,"DowJones StLouisStress",90014.742037
"w2195",1.001,0.056751,17.638556,0,"DowJones StLouisStress",-44982.2809909695
"alpha196",0.000199,5e-06,42.259601,0,"DowJones GEPU",1.15147910702014
"gamma196",0.002188,3.3e-05,65.443282,0,"DowJones GEPU",0.0974193364545879
"beta196",0.997707,3.3e-05,30436.228416,0,"DowJones GEPU",0.00112176330547223
"m196",18.389202,0.013529,1359.223441,0,"DowJones GEPU",90103.262913
"theta196",0.010933,0.002132,5.127741,0,"DowJones GEPU",90141.442968
"w2196",7.314311,0.010966,666.989694,0,"DowJones GEPU",-45045.6314566011
"alpha197",0.055353,0.00656,8.437743,0,"DowJones GPR",18.1106768271535
"gamma197",0.667527,0.065689,10.161856,0,"DowJones GPR",0.10291307247369
"beta197",0.001297,0.113311,0.011447,0.990867,"DowJones GPR",0.0186382539686042
"m197",18.463615,0.026923,685.794849,0,"DowJones GPR",90211.43735
"theta197",0.106073,0.007569,14.013407,0,"DowJones GPR",90249.617404
"w2197",1.001,0.070324,14.234113,0,"DowJones GPR",-45099.7186748352
"alpha198",0.000175,6e-06,27.483422,0,"DowJones BKK",4.31146970465345
"gamma198",0.002022,3.7e-05,54.022919,0,"DowJones BKK",0.112921459414852
"beta198",0.997814,4.2e-05,23954.531729,0,"DowJones BKK",0.00486857451272389
"m198",18.407887,0.013855,1328.644756,0,"DowJones BKK",90073.139718
"theta198",0.162122,0.021238,7.633738,0,"DowJones BKK",90111.319772
"w2198",1.001001,0.962153,1.040377,0.298165,"DowJones BKK",-45030.5698588377
"alpha199",0.070876,0.001825,38.839792,0,"DowJones Unemployment",23.1952541504044
"gamma199",1.844664,0.022988,80.243481,0,"DowJones Unemployment",0.182921570558801
"beta199",0.003938,0.009019,0.436648,0.662367,"DowJones Unemployment",0.0424291231870253
"m199",23.454849,0.819489,28.621306,0,"DowJones Unemployment",90108.125543
"theta199",2.813637,0.272023,10.343396,0,"DowJones Unemployment",90146.305598
"w2199",1.001,0.34139,2.932133,0.003366,"DowJones Unemployment",-45048.0627714811
"alpha200",0.00261,0.000294,8.883963,0,"DowJones CFNAI",23.3785898693678
"gamma200",0.056822,0.006871,8.269274,0,"DowJones CFNAI",0.184658347100656
"beta200",0.965433,0.00372,259.554669,0,"DowJones CFNAI",0.043170517628216
"m200",19.558507,0.166408,117.533696,0,"DowJones CFNAI",89972.132554
"theta200",-0.658703,0.013825,-47.644752,0,"DowJones CFNAI",90010.312609
"w2200",1.001,0.120339,8.318188,0,"DowJones CFNAI",-44980.066276875
"alpha201",0.001764,0.000144,12.212255,0,"DowJones VIX",35.7202838263463
"gamma201",0.042193,0.003197,13.199301,0,"DowJones VIX",0.28149763413819
"beta201",0.97614,0.001721,567.087487,0,"DowJones VIX",0.100551753878611
"m201",18.48886,0.116135,159.201008,0,"DowJones VIX",89804.817528
"theta201",0.102352,0.00213,48.051819,0,"DowJones VIX",89842.997583
"w2201",1.072374,0.057139,18.767844,0,"DowJones VIX",-44896.4087639609
"alpha202",0.002685,0.000305,8.801354,0,"DowJones VXN",30.6882837134711
"gamma202",0.072812,0.007857,9.267638,0,"DowJones VXN",0.289812203664451
"beta202",0.958529,0.004357,220.011809,0,"DowJones VXN",0.0889383912968095
"m202",18.170813,0.11115,163.480397,0,"DowJones VXN",89829.146495
"theta202",0.097866,0.001938,50.491652,0,"DowJones VXN",89867.32655
"w2202",1.001,0.069798,14.341408,0,"DowJones VXN",-44908.5732476776
"alpha203",0.002685,0.000305,8.801354,0,"DowJones VXN",30.6882837134711
"gamma203",0.072812,0.007857,9.267638,0,"DowJones VXN",0.289812203664451
"beta203",0.958529,0.004357,220.011809,0,"DowJones VXN",0.0889383912968095
"m203",18.170813,0.11115,163.480397,0,"DowJones VXN",89829.146495
"theta203",0.097866,0.001938,50.491652,0,"DowJones VXN",89867.32655
"w2203",1.001,0.069798,14.341408,0,"DowJones VXN",-44908.5732476776
"alpha204",0.001871,0.000328,5.703491,0,"DowJones NewOrders",3.52090506011245
"gamma204",0.036506,0.007232,5.047995,0,"DowJones NewOrders",0.101099175526183
"beta204",0.97177,0.004887,198.861845,0,"DowJones NewOrders",0.00355960598683333
"m204",18.972443,0.083565,227.03934,0,"DowJones NewOrders",90226.32455
"theta204",-0.042745,0.004345,-9.837458,0,"DowJones NewOrders",90264.504605
"w2204",1.005796,0.131165,7.668183,0,"DowJones NewOrders",-45107.1622750601
"alpha205",0.001334,0.000189,7.06978,0,"DowJones DefaultSpread",31.2040092049932
"gamma205",0.026176,0.003824,6.845333,0,"DowJones DefaultSpread",0.208467641171883
"beta205",0.984339,0.002149,458.138792,0,"DowJones DefaultSpread",0.0650502619407065
"m205",18.624598,0.121473,153.323313,0,"DowJones DefaultSpread",89912.022941
"theta205",0.201914,0.003737,54.037824,0,"DowJones DefaultSpread",89950.202995
"w2205",1.056218,0.14719,7.175908,0,"DowJones DefaultSpread",-44950.0114703057
"alpha206",0.046918,0.001579,29.719529,0,"DowJones EquityVolMeasure",217.07047122527
"gamma206",0.076549,0.037536,2.039363,0.041414,"DowJones EquityVolMeasure",0.299442246561331
"beta206",0.001016,0.025253,0.040225,0.967913,"DowJones EquityVolMeasure",0.650000695658215
"m206",19.72715,0.148328,132.996979,0,"DowJones EquityVolMeasure",89644.419453
"theta206",-3.871331,0.282775,-13.690484,0,"DowJones EquityVolMeasure",89682.599508
"w2206",1.020204,0.077439,13.17425,0,"DowJones EquityVolMeasure",-44816.2097266023
"alpha207",0.000205,6e-06,35.012915,0,"DowJones RecessionSpread",8.8413584013031
"gamma207",0.00254,7.4e-05,34.2188,0,"DowJones RecessionSpread",0.116069737629602
"beta207",0.997525,5.4e-05,18385.00662,0,"DowJones RecessionSpread",0.0102621414992853
"m207",18.198298,0.013544,1343.632376,0,"DowJones RecessionSpread",90029.534222
"theta207",5.010136,0.342883,14.611782,0,"DowJones RecessionSpread",90067.714277
"w2207",1.32267,0.110098,12.013608,0,"DowJones RecessionSpread",-45008.7671110116
"alpha208",0.000208,6e-06,34.512291,0,"DowJones CitiSurprise",3.25706855801066
"gamma208",0.002128,5.5e-05,38.658984,0,"DowJones CitiSurprise",0.107451053308394
"beta208",0.997728,3.7e-05,26704.6528,0,"DowJones CitiSurprise",0.00349975447255898
"m208",18.346956,0.012825,1430.591998,0,"DowJones CitiSurprise",90090.92332
"theta208",-0.004017,0.000799,-5.024828,1e-06,"DowJones CitiSurprise",90129.103375
"w2208",3.170299,1.312146,2.416118,0.015687,"DowJones CitiSurprise",-45039.461660201
"alpha209",0.001006,6.7e-05,15.077918,0,"DowJones MOVE",37.5242756310529
"gamma209",0.03179,0.001546,20.563665,0,"DowJones MOVE",0.382542260923687
"beta209",0.981694,0.000861,1139.884314,0,"DowJones MOVE",0.143546212394266
"m209",17.842017,0.060805,293.427903,0,"DowJones MOVE",89610.529897
"theta209",0.023142,0.000463,50.030237,0,"DowJones MOVE",89648.709952
"w2209",1.001001,0.140901,7.104291,0,"DowJones MOVE",-44799.264948642
"alpha210",0.034241,0.002505,13.671264,0,"Canada HousingStart",248.585485528539
"gamma210",1.73337,0.135953,12.749733,0,"Canada HousingStart",0.206649610888832
"beta210",0.033042,0.066527,0.496672,0.619421,"Canada HousingStart",0.51370093857084
"m210",15.864922,0.198984,79.729711,0,"Canada HousingStart",81180.297248
"theta210",-0.289687,0.02267,-12.778456,0,"Canada HousingStart",81218.477303
"w2210",1.052175,0.087595,12.011843,0,"Canada HousingStart",-40584.1486239752
"alpha211",0.034403,0.005391,6.381088,0,"Canada IndProd",115.431302761833
"gamma211",1.79237,0.278416,6.437731,0,"Canada IndProd",0.216342483001587
"beta211",0.002121,0.155835,0.013613,0.989139,"Canada IndProd",0.249726946556029
"m211",16.736464,0.079569,210.339838,0,"Canada IndProd",81266.172965
"theta211",-0.839511,0.061394,-13.674149,0,"Canada IndProd",81304.35302
"w2211",1.139229,0.135318,8.418897,0,"Canada IndProd",-40627.0864826043
"alpha212",0.000159,7e-06,21.469441,0,"Canada CoreInflation",12.1386885268136
"gamma212",0.006282,0.000384,16.379507,0,"Canada CoreInflation",0.133332753909425
"beta212",0.9957,0.000201,4958.782257,0,"Canada CoreInflation",0.0161848477012879
"m212",16.032041,0.044762,358.163993,0,"Canada CoreInflation",81498.628713
"theta212",-0.019395,0.002161,-8.975875,0,"Canada CoreInflation",81536.808768
"w2212",10.913802,0.039964,273.090255,0,"Canada CoreInflation",-40743.3143566968
"alpha213",0.033883,0.000988,34.301929,0,"Canada PPI",236.022636436095
"gamma213",1.795553,0.038036,47.206274,0,"Canada PPI",0.194039205187583
"beta213",0.004662,0.012709,0.366856,0.713727,"Canada PPI",0.457976447803377
"m213",17.119667,0.150775,113.544162,0,"Canada PPI",81297.407809
"theta213",-0.663968,0.0448,-14.82085,0,"Canada PPI",81335.587863
"w2213",2.37469,0.116103,20.453261,0,"Canada PPI",-40642.7039042686
"alpha214",0.001597,0.000871,1.833021,0.066799,"Canada GDP",72.2605883578167
"gamma214",0.09117,0.050572,1.802769,0.071425,"Canada GDP",0.246476118466286
"beta214",0.950129,0.02672,35.559023,0,"Canada GDP",0.178105093365247
"m214",18.659753,0.456062,40.914905,0,"Canada GDP",81599.226758
"theta214",-0.952121,0.209996,-4.534004,6e-06,"Canada GDP",81637.406813
"w2214",1.734996,0.16819,10.315684,0,"Canada GDP",-40793.6133790275
"alpha215",0.022001,0.251662,0.087421,0.930337,"Canada UMich",9.19758119799978
"gamma215",0.80187,27.780828,0.028864,0.976973,"Canada UMich",0.0516932732632818
"beta215",0.001906,9.130114,0.000209,0.999833,"Canada UMich",0.00475453078229425
"m215",16.138905,15.327739,1.052921,0.292377,"Canada UMich",81738.623769
"theta215",-0.153814,2.906938,-0.052913,0.957801,"Canada UMich",81776.803824
"w2215",1.001,33.798871,0.029616,0.976373,"Canada UMich",-40863.3118844157
"alpha216",0.033904,0.001578,21.484618,0,"Canada StLouisStress",130.450261449943
"gamma216",1.891391,0.063634,29.722901,0,"Canada StLouisStress",0.226137147592336
"beta216",0.001112,0.035719,0.031121,0.975173,"Canada StLouisStress",0.294996500269646
"m216",17.290626,0.205035,84.32996,0,"Canada StLouisStress",81003.958409
"theta216",1.124048,0.035154,31.975171,0,"Canada StLouisStress",81042.138464
"w2216",1.252911,0.037504,33.407224,0,"Canada StLouisStress",-40495.9792044515
"alpha217",0.020998,0.010627,1.97593,0.048163,"Canada GEPU",9.76562193092351
"gamma217",0.887514,0.281931,3.147983,0.001644,"Canada GEPU",0.0472266750301178
"beta217",0.007287,0.445885,0.016343,0.986961,"Canada GEPU",0.00461197853398716
"m217",16.20459,0.155369,104.297417,0,"Canada GEPU",81741.005637
"theta217",-0.052148,0.010291,-5.067193,0,"Canada GEPU",81779.185692
"w2217",1.001,0.837394,1.195375,0.23194,"Canada GEPU",-40864.5028185299
"alpha218",0.018515,0.002229,8.306774,0,"Canada GPR",45.0062699750006
"gamma218",0.716943,0.150503,4.763647,2e-06,"Canada GPR",0.0886090192685023
"beta218",0.001113,0.10807,0.010295,0.991786,"Canada GPR",0.0398796144341824
"m218",16.398919,0.103806,157.975915,0,"Canada GPR",81664.071884
"theta218",0.155159,0.016069,9.656052,0,"Canada GPR",81702.251939
"w2218",1.001,0.121019,8.271443,0,"Canada GPR",-40826.0359419737
"alpha219",0.032307,0.006182,5.226226,0,"Canada BKK",296.970954459378
"gamma219",1.910754,0.325806,5.864697,0,"Canada BKK",0.391569258016862
"beta219",0.001076,0.174382,0.006173,0.995075,"Canada BKK",1.16284696290218
"m219",18.359266,0.737929,24.879435,0,"Canada BKK",81166.195022
"theta219",2.505549,0.433901,5.774466,0,"Canada BKK",81204.375076
"w2219",1.001,0.153379,6.526299,0,"Canada BKK",-40577.0975108177
"alpha220",0.003607,0.001435,2.513411,0.011957,"Canada Unemployment",64.7737235753445
"gamma220",0.230433,0.090857,2.536211,0.011206,"Canada Unemployment",0.26774388817602
"beta220",0.875636,0.048856,17.922832,0,"Canada Unemployment",0.173427686017015
"m220",17.916285,0.490544,36.523319,0,"Canada Unemployment",81388.865824
"theta220",5.546738,0.214045,25.913828,0,"Canada Unemployment",81427.045878
"w2220",1.45719,0.182353,7.991022,0,"Canada Unemployment",-40688.4329117626
"alpha221",0.006972,0.000674,10.347883,0,"Canada CFNAI",118.155236313931
"gamma221",0.407672,0.034002,11.989543,0,"Canada CFNAI",0.22303070861837
"beta221",0.788192,0.017656,44.642077,0,"Canada CFNAI",0.26352246082067
"m221",18.642807,0.130641,142.70226,0,"Canada CFNAI",81039.033508
"theta221",-1.623739,0.077696,-20.898687,0,"Canada CFNAI",81077.213563
"w2221",1.175907,0.074802,15.720186,0,"Canada CFNAI",-40513.516754159
"alpha222",0.006999,0.000554,12.626823,0,"Canada VIX",130.234370144213
"gamma222",0.461266,0.03505,13.16011,0,"Canada VIX",0.229333878495038
"beta222",0.761368,0.017892,42.552363,0,"Canada VIX",0.298671532185309
"m222",16.226106,0.176839,91.75621,0,"Canada VIX",80951.516786
"theta222",0.173445,0.004143,41.866167,0,"Canada VIX",80989.696841
"w2222",1.678868,0.064041,26.215541,0,"Canada VIX",-40469.7583930194
"alpha223",0.006841,0.000477,14.35041,0,"Canada VXN",106.823151962348
"gamma223",0.480055,0.027435,17.498181,0,"Canada VXN",0.249794064943211
"beta223",0.751917,0.014066,53.45506,0,"Canada VXN",0.266837893587213
"m223",16.022344,0.220047,72.813171,0,"Canada VXN",80987.456233
"theta223",0.168284,0.003943,42.674858,0,"Canada VXN",81025.636288
"w2223",1.395924,0.079885,17.474276,0,"Canada VXN",-40487.7281167232
"alpha224",0.000142,1.1e-05,13.217217,0,"Canada TermSpread",12.4059179586511
"gamma224",0.005438,0.000729,7.462448,0,"Canada TermSpread",0.11456346690953
"beta224",0.996139,0.000268,3714.878482,0,"Canada TermSpread",0.0142126497153826
"m224",15.977975,0.11375,140.466253,0,"Canada TermSpread",81452.703603
"theta224",3.935871,0.89935,4.376349,1.2e-05,"Canada TermSpread",81490.883658
"w2224",1.805235,0.124999,14.442011,0,"Canada TermSpread",-40720.3518017231
"alpha225",0.036623,0.004694,7.801635,0,"Canada NewOrders",203.651556229901
"gamma225",1.883311,0.216208,8.710644,0,"Canada NewOrders",0.221377316967777
"beta225",0.001051,0.124232,0.008461,0.993249,"Canada NewOrders",0.450838351144878
"m225",17.020061,0.588562,28.918045,0,"Canada NewOrders",81166.18269
"theta225",-0.48026,0.0613,-7.834588,0,"Canada NewOrders",81204.362745
"w2225",1.083664,0.052079,20.80788,0,"Canada NewOrders",-40577.0913451188
"alpha226",0.031648,0.002672,11.843099,0,"Canada DefaultSpread",120.563877401098
"gamma226",1.868553,0.151395,12.342208,0,"Canada DefaultSpread",0.227216130118635
"beta226",0.001277,0.080381,0.015884,0.987327,"Canada DefaultSpread",0.27394057655175
"m226",14.882321,0.17718,83.995679,0,"Canada DefaultSpread",80948.505453
"theta226",0.404389,0.007748,52.194608,0,"Canada DefaultSpread",80986.685508
"w2226",1.939183,0.059059,32.834818,0,"Canada DefaultSpread",-40468.2527265244
"alpha227",0.011596,0.000848,13.67115,0,"Canada EquityVolMeasure",269.023337839829
"gamma227",-0.177682,0.150701,-1.179038,0.238383,"Canada EquityVolMeasure",0.446532323430375
"beta227",0.001002,0.01348,0.074307,0.940766,"Canada EquityVolMeasure",1.20127616102614
"m227",18.109913,0.233601,77.525009,0,"Canada EquityVolMeasure",80649.532187
"theta227",-5.256348,0.451261,-11.648144,0,"Canada EquityVolMeasure",80687.712242
"w2227",1.11714,0.072755,15.354716,0,"Canada EquityVolMeasure",-40318.7660937418
"alpha228",0.000107,5e-06,22.30901,0,"Canada RecessionSpread",13.7358357098898
"gamma228",0.004162,0.00016,25.93235,0,"Canada RecessionSpread",0.0931430291355095
"beta228",0.996812,9.1e-05,10921.014213,0,"Canada RecessionSpread",0.0127939734572684
"m228",15.816443,0.038735,408.322217,0,"Canada RecessionSpread",81473.100787
"theta228",5.68219,0.183413,30.980341,0,"Canada RecessionSpread",81511.280842
"w2228",1.073873,0.081174,13.229289,0,"Canada RecessionSpread",-40730.5503933739
"alpha229",0.034746,0.00152,22.852177,0,"Canada CitiSurprise",405.242213287755
"gamma229",1.80401,0.045224,39.890538,0,"Canada CitiSurprise",0.163324781956417
"beta229",0.01647,0.018567,0.887037,0.375059,"Canada CitiSurprise",0.661860961247585
"m229",17.378486,0.026351,659.494476,0,"Canada CitiSurprise",81485.774476
"theta229",-0.067728,0.008548,-7.923535,0,"Canada CitiSurprise",81523.954531
"w2229",1.001,0.094045,10.643853,0,"Canada CitiSurprise",-40736.8872382204
"alpha230",0.000568,6.8e-05,8.372286,0,"Canada MOVE",56.292573002302
"gamma230",0.063954,0.005004,12.77934,0,"Canada MOVE",0.442932968608262
"beta230",0.965916,0.002487,388.420433,0,"Canada MOVE",0.249338364705069
"m230",15.374016,0.196945,78.062448,0,"Canada MOVE",80698.751396
"theta230",0.030439,0.000497,61.259218,0,"Canada MOVE",80736.931451
"w2230",1.259597,0.17832,7.063703,0,"Canada MOVE",-40343.3756980175
"alpha231",0.126769,0.018397,6.890721,0,"NASDAQ HousingStart",8.21064990325224
"gamma231",0.703304,0.023807,29.541427,0,"NASDAQ HousingStart",0.261797075164508
"beta231",0.043347,0.137604,0.315012,0.752752,"NASDAQ HousingStart",0.0214952412987119
"m231",16.803684,0.128989,130.271973,0,"NASDAQ HousingStart",83549.807995
"theta231",-0.059247,0.001657,-35.748942,0,"NASDAQ HousingStart",83587.988049
"w2231",1.001,0.064136,15.60757,0,"NASDAQ HousingStart",-41768.9039972677
"alpha232",0.087993,0.013448,6.54304,0,"NASDAQ IndProd",1.43130855841439
"gamma232",0.73127,0.129764,5.635375,0,"NASDAQ IndProd",0.215703634440909
"beta232",0.319149,0.104284,3.060369,0.002211,"NASDAQ IndProd",0.00308738458056362
"m232",17.318151,0.073876,234.421409,0,"NASDAQ IndProd",83696.18467
"theta232",-0.093498,0.00782,-11.956171,0,"NASDAQ IndProd",83734.364724
"w2232",1.001,0.082044,12.200721,0,"NASDAQ IndProd",-41842.0923348064
"alpha233",0.079172,0.003432,23.068026,0,"NASDAQ CoreInflation",0.881837302348488
"gamma233",0.673085,0.021732,30.972464,0,"NASDAQ CoreInflation",0.204814012916386
"beta233",0.378953,0.02262,16.753268,0,"NASDAQ CoreInflation",0.00180612636633354
"m233",17.344919,0.061796,280.678435,0,"NASDAQ CoreInflation",83711.710083
"theta233",-0.008129,0.000907,-8.967092,0,"NASDAQ CoreInflation",83749.890138
"w2233",2.316525,0.038888,59.568635,0,"NASDAQ CoreInflation",-41849.8550417112
"alpha234",0.120753,0.050161,2.407323,0.01607,"NASDAQ PPI",1.5088226330588
"gamma234",0.569827,0.184945,3.081066,0.002063,"NASDAQ PPI",0.204256956989321
"beta234",0.006302,0.415264,0.015175,0.987892,"NASDAQ PPI",0.00308187519665205
"m234",16.740934,0.047434,352.933216,0,"NASDAQ PPI",83706.682317
"theta234",0.060795,0.009954,6.107669,0,"NASDAQ PPI",83744.862372
"w2234",1.001,0.477114,2.098033,0.035902,"NASDAQ PPI",-41847.341158447
"alpha235",0.00862,0.008974,0.960641,0.336733,"NASDAQ GDP",5.10817074600552
"gamma235",0.084104,0.091126,0.922942,0.356038,"NASDAQ GDP",0.228218173308972
"beta235",0.939896,0.063716,14.751268,0,"NASDAQ GDP",0.0116577739660371
"m235",18.26073,0.159537,114.460527,0,"NASDAQ GDP",83696.643877
"theta235",-0.256768,0.04173,-6.153063,0,"NASDAQ GDP",83734.823932
"w2235",1.001001,0.185343,5.400807,0,"NASDAQ GDP",-41842.3219384324
"alpha236",0.125596,0.0075,16.746794,0,"NASDAQ UMich",1.74100528288421
"gamma236",0.51965,0.074015,7.02083,0,"NASDAQ UMich",0.215893611401183
"beta236",0.002058,0.054585,0.037701,0.969926,"NASDAQ UMich",0.0037587191799041
"m236",16.715332,0.037095,450.602989,0,"NASDAQ UMich",83701.980021
"theta236",-0.136761,0.012807,-10.678929,0,"NASDAQ UMich",83740.160076
"w2236",1.001004,0.079331,12.61812,0,"NASDAQ UMich",-41844.9900104045
"alpha237",0.000609,1.4e-05,43.592351,0,"NASDAQ StLouisStress",4.21977429474907
"gamma237",0.002878,0.000126,22.929747,0,"NASDAQ StLouisStress",0.260487874179755
"beta237",0.996952,7.4e-05,13538.295246,0,"NASDAQ StLouisStress",0.0109920003555756
"m237",16.999994,0.014983,1134.653798,0,"NASDAQ StLouisStress",83504.805538
"theta237",0.217832,0.006392,34.076983,0,"NASDAQ StLouisStress",83542.985593
"w2237",1.001,0.113456,8.822783,0,"NASDAQ StLouisStress",-41746.4027690856
"alpha238",0.002352,0.000329,7.142203,0,"NASDAQ GEPU",0.630832853837362
"gamma238",0.020251,0.003075,6.586292,0,"NASDAQ GEPU",0.215650388994961
"beta238",0.98279,0.002496,393.673214,0,"NASDAQ GEPU",0.00136039350320829
"m238",17.504758,0.044698,391.626189,0,"NASDAQ GEPU",83713.527574
"theta238",0.022387,0.004159,5.382607,0,"NASDAQ GEPU",83751.707629
"w2238",2.409853,0.059582,40.445897,0,"NASDAQ GEPU",-41850.7637871901
"alpha239",0.1179,0.06428,1.83415,0.066632,"NASDAQ GPR",10.4521919398823
"gamma239",0.54262,0.587114,0.924217,0.355374,"NASDAQ GPR",0.218159367476047
"beta239",0.001389,0.54415,0.002554,0.997963,"NASDAQ GPR",0.0228024358234297
"m239",16.920864,0.241281,70.12942,0,"NASDAQ GPR",83662.471568
"theta239",0.117309,0.006976,16.816694,0,"NASDAQ GPR",83700.651622
"w2239",1.118455,0.090855,12.31036,0,"NASDAQ GPR",-41825.2357838327
"alpha240",0.003577,0.001032,3.465944,0.000528,"NASDAQ BKK",0.152384624598192
"gamma240",0.032667,0.01058,3.087583,0.002018,"NASDAQ BKK",0.207087472235585
"beta240",0.972962,0.008013,121.422316,0,"NASDAQ BKK",0.000315569467156082
"m240",17.557493,0.11986,146.483082,0,"NASDAQ BKK",83719.295343
"theta240",0.041275,0.017979,2.295753,0.02169,"NASDAQ BKK",83757.475398
"w2240",1.001002,0.047683,20.992637,0,"NASDAQ BKK",-41853.6476714994
"alpha241",0.134857,0.026751,5.0412,0,"NASDAQ Unemployment",9.88795166813424
"gamma241",0.773779,0.195958,3.948706,7.9e-05,"NASDAQ Unemployment",0.272030716821401
"beta241",0.002079,0.192776,0.010785,0.991395,"NASDAQ Unemployment",0.0268982658017793
"m241",16.887569,0.357299,47.264544,0,"NASDAQ Unemployment",83613.21553
"theta241",2.240259,0.119341,18.771907,0,"NASDAQ Unemployment",83651.395585
"w2241",1.001,0.169344,5.911041,0,"NASDAQ Unemployment",-41800.6077651266
"alpha242",0.002816,0.000513,5.494825,0,"NASDAQ CFNAI",10.204979085447
"gamma242",0.027896,0.005556,5.020941,1e-06,"NASDAQ CFNAI",0.286479092882691
"beta242",0.980914,0.003588,273.352862,0,"NASDAQ CFNAI",0.0292351315128568
"m242",17.974156,0.097773,183.83636,0,"NASDAQ CFNAI",83517.861174
"theta242",-0.542062,0.018077,-29.986929,0,"NASDAQ CFNAI",83556.041229
"w2242",1.001,0.306013,3.271099,0.001071,"NASDAQ CFNAI",-41752.930586946
"alpha243",0.001861,0.000187,9.959639,0,"NASDAQ VIX",17.2496713495214
"gamma243",0.019174,0.002143,8.947886,0,"NASDAQ VIX",0.35701628651485
"beta243",0.987552,0.001273,775.883993,0,"NASDAQ VIX",0.0615841360880772
"m243",16.86638,0.162278,103.93537,0,"NASDAQ VIX",83390.194792
"theta243",0.08011,0.00273,29.343429,0,"NASDAQ VIX",83428.374847
"w2243",1.061237,0.158637,6.689713,0,"NASDAQ VIX",-41689.0973959312
"alpha244",0.002843,0.000437,6.509707,0,"NASDAQ VXN",14.5354373890737
"gamma244",0.033315,0.005422,6.144536,0,"NASDAQ VXN",0.360351222924445
"beta244",0.978809,0.00332,294.832949,0,"NASDAQ VXN",0.0523786263889442
"m244",16.907338,0.132594,127.511706,0,"NASDAQ VXN",83450.902546
"theta244",0.075104,0.002225,33.760662,0,"NASDAQ VXN",83489.082601
"w2244",1.001,0.164107,6.099671,0,"NASDAQ VXN",-41719.451273246
"alpha245",0.000496,1e-05,51.337471,0,"NASDAQ TermSpread",2.45480719464913
"gamma245",0.002092,5.6e-05,37.639304,0,"NASDAQ TermSpread",0.231494959301878
"beta245",0.997458,4.4e-05,22561.918015,0,"NASDAQ TermSpread",0.0056827549161926
"m245",16.918536,0.010258,1649.228808,0,"NASDAQ TermSpread",83543.915923
"theta245",2.691074,0.083931,32.062917,0,"NASDAQ TermSpread",83582.095978
"w2245",1.168583,0.125427,9.316875,0,"NASDAQ TermSpread",-41765.9579617439
"alpha246",0.004188,0.000869,4.817354,1e-06,"NASDAQ NewOrders",0.253130557330328
"gamma246",0.03838,0.008343,4.60034,4e-06,"NASDAQ NewOrders",0.210955014170526
"beta246",0.968958,0.006566,147.581572,0,"NASDAQ NewOrders",0.000533991603086126
"m246",17.601277,0.093669,187.908831,0,"NASDAQ NewOrders",83715.692181
"theta246",-0.016543,0.00364,-4.545261,5e-06,"NASDAQ NewOrders",83753.872236
"w2246",1.048884,0.124985,8.392058,0,"NASDAQ NewOrders",-41851.8460904155
"alpha247",0.000713,7.2e-05,9.969569,0,"NASDAQ DefaultSpread",7.88465696185114
"gamma247",0.003904,0.000681,5.729918,0,"NASDAQ DefaultSpread",0.274685427360321
"beta247",0.996335,5e-04,1991.349236,0,"NASDAQ DefaultSpread",0.0216580036715561
"m247",16.468701,0.074987,219.620898,0,"NASDAQ DefaultSpread",83453.116179
"theta247",0.116602,0.021264,5.483481,0,"NASDAQ DefaultSpread",83491.296234
"w2247",1.001,2.103771,0.475812,0.634208,"NASDAQ DefaultSpread",-41720.5580894311
"alpha248",0.069574,0.003834,18.144754,0,"NASDAQ EquityVolMeasure",141.496376132616
"gamma248",-0.217108,0.028008,-7.751595,0,"NASDAQ EquityVolMeasure",0.431424004836031
"beta248",0.007682,0.02555,0.30065,0.763681,"NASDAQ EquityVolMeasure",0.610449332609186
"m248",18.146875,0.083593,217.085235,0,"NASDAQ EquityVolMeasure",83122.97341
"theta248",-3.718084,0.138189,-26.905813,0,"NASDAQ EquityVolMeasure",83161.153465
"w2248",1.413968,0.073792,19.161655,0,"NASDAQ EquityVolMeasure",-41555.4867052107
"alpha249",0.069574,0.003834,18.144754,0,"NASDAQ EquityVolMeasure",141.496376132616
"gamma249",-0.217108,0.028008,-7.751595,0,"NASDAQ EquityVolMeasure",0.431424004836031
"beta249",0.007682,0.02555,0.30065,0.763681,"NASDAQ EquityVolMeasure",0.610449332609186
"m249",18.146875,0.083593,217.085235,0,"NASDAQ EquityVolMeasure",83122.97341
"theta249",-3.718084,0.138189,-26.905813,0,"NASDAQ EquityVolMeasure",83161.153465
"w2249",1.413968,0.073792,19.161655,0,"NASDAQ EquityVolMeasure",-41555.4867052107
"alpha250",0.000504,1e-05,48.336003,0,"NASDAQ CitiSurprise",0.407600831204789
"gamma250",0.002066,4.6e-05,44.616885,0,"NASDAQ CitiSurprise",0.229534052628024
"beta250",0.997463,3.6e-05,27403.883516,0,"NASDAQ CitiSurprise",0.000935582706409862
"m250",16.929216,0.009456,1790.392495,0,"NASDAQ CitiSurprise",83593.230035
"theta250",-0.001657,0.000272,-6.080511,0,"NASDAQ CitiSurprise",83631.41009
"w2250",6.91642,0.012563,550.548848,0,"NASDAQ CitiSurprise",-41790.6150174753
"alpha251",0.001905,0.000114,16.674958,0,"NASDAQ MOVE",20.9599035153934
"gamma251",0.024051,0.00138,17.430503,0,"NASDAQ MOVE",0.430471167984918
"beta251",0.98503,0.000778,1265.847643,0,"NASDAQ MOVE",0.0902263414712258
"m251",16.895749,0.096964,174.247496,0,"NASDAQ MOVE",83286.230597
"theta251",0.018311,0.000433,42.299645,0,"NASDAQ MOVE",83324.410652
"w2251",1.257525,0.118235,10.635783,0,"NASDAQ MOVE",-41637.1152986396
"alpha252",0.086422,0.015708,5.501769,0,"SP500 HousingStart",13.7966139656216
"gamma252",0.671525,0.107358,6.255016,0,"SP500 HousingStart",0.192780811244765
"beta252",0.001291,0.180802,0.007142,0.994302,"SP500 HousingStart",0.0265972243272338
"m252",14.07275,0.04146,339.430975,0,"SP500 HousingStart",72674.096768
"theta252",-0.065905,0.002313,-28.493669,0,"SP500 HousingStart",72712.276823
"w2252",1.001,0.086908,11.517964,0,"SP500 HousingStart",-36331.0483839725
"alpha253",0.086536,0.014907,5.804947,0,"SP500 IndProd",4.4570621472627
"gamma253",0.759168,0.134315,5.652128,0,"SP500 IndProd",0.162430861984182
"beta253",0.001896,0.17103,0.011089,0.991153,"SP500 IndProd",0.00723964446496949
"m253",14.254733,0.021648,658.465731,0,"SP500 IndProd",72805.573135
"theta253",-0.143174,0.010296,-13.906169,0,"SP500 IndProd",72843.75319
"w2253",1.001,0.174953,5.721531,0,"SP500 IndProd",-36396.786567369
"alpha254",0.0836,0.003876,21.565892,0,"SP500 CoreInflation",2.44179279730398
"gamma254",0.758282,0.013053,58.094398,0,"SP500 CoreInflation",0.143135232538533
"beta254",0.003242,0.037326,0.086843,0.930796,"SP500 CoreInflation",0.0034950657985302
"m254",14.290552,0.020914,683.290795,0,"SP500 CoreInflation",72847.90023
"theta254",-0.009904,0.001153,-8.58813,0,"SP500 CoreInflation",72886.080285
"w2254",5.398341,0.098015,55.076524,0,"SP500 CoreInflation",-36417.9501152349
"alpha255",0.082749,0.004366,18.955029,0,"SP500 PPI",0.481540631827767
"gamma255",0.650905,0.060988,10.672689,0,"SP500 PPI",0.137409151256814
"beta255",0.001898,0.044319,0.042817,0.965847,"SP500 PPI",0.000661680895151232
"m255",14.205413,0.028286,502.21414,0,"SP500 PPI",72861.646194
"theta255",-0.020325,0.015232,-1.334367,0.182084,"SP500 PPI",72899.826249
"w2255",5.82343,19.808172,0.293991,0.768765,"SP500 PPI",-36424.8230971497
"alpha256",0.036416,0.085627,0.425287,0.670628,"SP500 GDP",20.6237233990894
"gamma256",0.538528,1.109716,0.485284,0.627475,"SP500 GDP",0.191231528531481
"beta256",0.641419,0.848765,0.755709,0.449824,"SP500 GDP",0.0394390614961834
"m256",15.877346,1.599928,9.923786,0,"SP500 GDP",72808.499727
"theta256",-0.472276,0.064345,-7.33977,0,"SP500 GDP",72846.679782
"w2256",1.001007,0.332823,3.00763,0.002633,"SP500 GDP",-36398.2498634497
"alpha257",0.081195,0.0034,23.877951,0,"SP500 UMich",1.19045551944157
"gamma257",0.525618,0.03407,15.427444,0,"SP500 UMich",0.140469119881074
"beta257",0.001428,0.032617,0.043782,0.965078,"SP500 UMich",0.00167222239073524
"m257",14.097022,0.032797,429.820667,0,"SP500 UMich",72857.992103
"theta257",-0.09122,0.018697,-4.878916,1e-06,"SP500 UMich",72896.172158
"w2257",1.001,0.13379,7.48187,0,"SP500 UMich",-36422.996051522
"alpha258",0.003869,0.000859,4.505602,7e-06,"SP500 StLouisStress",17.1862045152406
"gamma258",0.062506,0.017395,3.593344,0.000326,"SP500 StLouisStress",0.231813377190351
"beta258",0.960957,0.008637,111.256263,0,"SP500 StLouisStress",0.0398399210976197
"m258",15.642998,0.537605,29.097569,0,"SP500 StLouisStress",72591.136266
"theta258",0.414709,0.011121,37.289642,0,"SP500 StLouisStress",72629.316321
"w2258",1.001,0.078869,12.691997,0,"SP500 StLouisStress",-36289.5681331812
"alpha259",0.081037,0.004118,19.676517,0,"SP500 GEPU",0.00058425540043516
"gamma259",0.620914,0.19629,3.163257,0.00156,"SP500 GEPU",0.133678136798369
"beta259",0.001732,0.03858,0.044906,0.964182,"SP500 GEPU",7.81021733445573e-07
"m259",14.180885,0.179484,79.008983,0,"SP500 GEPU",72866.096219
"theta259",0.000446,0.004747,0.093888,0.925198,"SP500 GEPU",72904.276274
"w2259",3.29915,0.193604,17.040682,0,"SP500 GEPU",-36427.0481094873
"alpha260",0.075501,0.00745,10.134257,0,"SP500 GPR",15.9074836854895
"gamma260",0.496484,0.06978,7.115041,0,"SP500 GPR",0.156409739232399
"beta260",0.00118,0.096369,0.012245,0.99023,"SP500 GPR",0.0248808537509105
"m260",14.274035,0.052766,270.516119,0,"SP500 GPR",72802.93606
"theta260",0.122556,0.007639,16.042939,0,"SP500 GPR",72841.116114
"w2260",1.001001,0.057942,17.275783,0,"SP500 GPR",-36395.4680298351
"alpha261",0.077261,0.012768,6.051299,0,"SP500 BKK",2.20813399874988
"gamma261",0.690065,0.335488,2.056898,0.039696,"SP500 BKK",0.137913425896762
"beta261",0.002037,0.1644,0.012393,0.990112,"SP500 BKK",0.00304531324606712
"m261",14.288071,0.222783,64.134614,0,"SP500 BKK",72850.303975
"theta261",0.128221,0.018057,7.100691,0,"SP500 BKK",72888.48403
"w2261",1.001,0.393171,2.54597,0.010897,"SP500 BKK",-36419.1519876954
"alpha262",0.091776,0.02363,3.883887,0.000103,"SP500 Unemployment",17.7197414579129
"gamma262",0.873866,0.252006,3.467644,0.000525,"SP500 Unemployment",0.220820297136039
"beta262",0.001506,0.253072,0.005951,0.995251,"SP500 Unemployment",0.0391287857391011
"m262",14.270983,0.15064,94.735736,0,"SP500 Unemployment",72713.264592
"theta262",2.701993,0.152254,17.746556,0,"SP500 Unemployment",72751.444647
"w2262",1.001,0.201674,4.963466,1e-06,"SP500 Unemployment",-36350.6322961365
"alpha263",0.005343,0.0015,3.563386,0.000366,"SP500 CFNAI",18.1132123153869
"gamma263",0.088991,0.033333,2.669735,0.007591,"SP500 CFNAI",0.228993696285503
"beta263",0.943852,0.015812,59.693164,0,"SP500 CFNAI",0.0414781143970455
"m263",15.416801,0.76182,20.236814,0,"SP500 CFNAI",72584.229113
"theta263",-0.645663,0.021717,-29.731188,0,"SP500 CFNAI",72622.409168
"w2263",1.001,0.227192,4.405962,1.1e-05,"SP500 CFNAI",-36286.1145565621
"alpha264",0.00335,0.000556,6.02497,0,"SP500 VIX",29.7876240491128
"gamma264",0.061812,0.011242,5.498328,0,"SP500 VIX",0.330134917609102
"beta264",0.964184,0.005838,165.149947,0,"SP500 VIX",0.0983393481122474
"m264",14.429693,0.446043,32.350417,0,"SP500 VIX",72407.601074
"theta264",0.101237,0.002316,43.705721,0,"SP500 VIX",72445.781129
"w2264",1.055434,0.147604,7.150439,0,"SP500 VIX",-36197.8005369651
"alpha265",0.006449,0.001354,4.764931,2e-06,"SP500 VXN",25.7154035783879
"gamma265",0.129661,0.026943,4.812394,1e-06,"SP500 VXN",0.332078413748527
"beta265",0.924093,0.015775,58.578734,0,"SP500 VXN",0.0853953042921425
"m265",14.085326,0.108873,129.3744,0,"SP500 VXN",72447.785608
"theta265",0.095896,0.002044,46.922223,0,"SP500 VXN",72485.965663
"w2265",1.001,0.087499,11.440119,0,"SP500 VXN",-36217.8928039223
"alpha266",0.000288,6e-06,44.915174,0,"SP500 TermSpread",3.43142808477795
"gamma266",0.001991,4.8e-05,41.232171,0,"SP500 TermSpread",0.153426011773481
"beta266",0.997717,4.1e-05,24562.875381,0,"SP500 TermSpread",0.00526470325734994
"m266",14.236695,0.011704,1216.372501,0,"SP500 TermSpread",72705.711881
"theta266",2.582599,0.207608,12.439806,0,"SP500 TermSpread",72743.891936
"w2266",1.210492,0.096152,12.589351,0,"SP500 TermSpread",-36346.8559405626
"alpha267",0.085199,0.003806,22.383182,0,"SP500 NewOrders",1.74644849559359
"gamma267",0.713424,0.044755,15.940653,0,"SP500 NewOrders",0.146579287305767
"beta267",0.002458,0.033993,0.072324,0.942344,"SP500 NewOrders",0.00255993175800338
"m267",14.234664,0.021908,649.739088,0,"SP500 NewOrders",72841.775112
"theta267",-0.035984,0.004276,-8.414567,0,"SP500 NewOrders",72879.955166
"w2267",1.234028,0.15411,8.007475,0,"SP500 NewOrders",-36414.8875558229
"alpha268",0.003312,0.000495,6.69249,0,"SP500 DefaultSpread",24.0370359458094
"gamma268",0.052413,0.008278,6.331266,0,"SP500 DefaultSpread",0.256014418995383
"beta268",0.967918,0.004731,204.604597,0,"SP500 DefaultSpread",0.0615382779203752
"m268",14.654034,0.199231,73.553112,0,"SP500 DefaultSpread",72518.340245
"theta268",0.195801,0.003901,50.193044,0,"SP500 DefaultSpread",72556.5203
"w2268",1.215447,0.05956,20.406995,0,"SP500 DefaultSpread",-36253.1701225271
"alpha269",0.044126,0.002354,18.745613,0,"SP500 EquityVolMeasure",174.194227142674
"gamma269",-0.460312,0.110782,-4.155135,3.3e-05,"SP500 EquityVolMeasure",0.417169743270548
"beta269",0.001022,0.012684,0.080592,0.935767,"SP500 EquityVolMeasure",0.726685610163208
"m269",15.606643,0.162338,96.136873,0,"SP500 EquityVolMeasure",72138.259025
"theta269",-4.081578,0.256901,-15.887774,0,"SP500 EquityVolMeasure",72176.43908
"w2269",1.200932,0.072122,16.651343,0,"SP500 EquityVolMeasure",-36063.1295124746
"alpha270",0.076708,0.007319,10.480903,0,"SP500 RecessionSpread",6.52516030170218
"gamma270",0.86212,0.026724,32.260223,0,"SP500 RecessionSpread",0.149168029699154
"beta270",0.008715,0.090129,0.096698,0.922966,"SP500 RecessionSpread",0.00973345305676051
"m270",14.177778,0.068189,207.920337,0,"SP500 RecessionSpread",72814.262586
"theta270",4.826474,0.075236,64.151222,0,"SP500 RecessionSpread",72852.442641
"w2270",1.422328,0.113256,12.558527,0,"SP500 RecessionSpread",-36401.1312931921
"alpha271",0.002556,0.00066,3.870739,0.000109,"SP500 CitiSurprise",6.60179458697407
"gamma271",0.030182,0.016959,1.779746,0.075118,"SP500 CitiSurprise",0.150199007247537
"beta271",0.972209,0.007534,129.034957,0,"SP500 CitiSurprise",0.0099158299301567
"m271",14.630385,0.456355,32.059218,0,"SP500 CitiSurprise",72845.093877
"theta271",-0.008172,0.000944,-8.658143,0,"SP500 CitiSurprise",72883.273932
"w2271",1.378162,0.258914,5.322861,0,"SP500 CitiSurprise",-36416.5469386982
"alpha272",0.001915,0.000205,9.331185,0,"SP500 MOVE",34.3444347194247
"gamma272",0.045635,0.003903,11.692478,0,"SP500 MOVE",0.419562159449177
"beta272",0.973041,0.002359,412.508664,0,"SP500 MOVE",0.144096251959431
"m272",13.718769,0.091308,150.24759,0,"SP500 MOVE",72230.052031
"theta272",0.023187,0.000551,42.043086,0,"SP500 MOVE",72268.232086
"w2272",1.001,0.147959,6.765382,0,"SP500 MOVE",-36109.0260155727
"alpha273",0.066382,0.005741,11.561926,0,"DowJones HousingStart",21.6943636916617
"gamma273",0.841372,0.13986,6.015834,0,"DowJones HousingStart",0.160050029386292
"beta273",0.001707,0.084818,0.020123,0.983946,"DowJones HousingStart",0.0347218354636737
"m273",18.259092,0.091245,200.109995,0,"DowJones HousingStart",90032.140034
"theta273",-0.075301,0.00245,-30.734334,0,"DowJones HousingStart",90070.320089
"w2273",1.001,0.078568,12.740505,0,"DowJones HousingStart",-45010.0700169581
"alpha274",0.003998,0.002087,1.916146,0.055347,"DowJones IndProd",7.14830562273095
"gamma274",0.087116,0.049887,1.746273,0.080764,"DowJones IndProd",0.115383578343062
"beta274",0.939387,0.031856,29.488545,0,"DowJones IndProd",0.00824797081840527
"m274",19.246218,0.286059,67.280675,0,"DowJones IndProd",90192.243902
"theta274",-0.15282,0.010454,-14.617928,0,"DowJones IndProd",90230.423957
"w2274",1.001,0.125443,7.979735,0,"DowJones IndProd",-45090.1219508546
"alpha275",0.001933,0.00046,4.200717,2.7e-05,"DowJones CoreInflation",4.34038037738179
"gamma275",0.040113,0.010981,3.652923,0.000259,"DowJones CoreInflation",0.0949283794288515
"beta275",0.969854,0.007113,136.340137,0,"DowJones CoreInflation",0.0041202527532964
"m275",19.059712,0.112718,169.091377,0,"DowJones CoreInflation",90236.517242
"theta275",-0.012238,0.001276,-9.593939,0,"DowJones CoreInflation",90274.697297
"w2275",2.375522,0.059571,39.876844,0,"DowJones CoreInflation",-45112.25862112
"alpha276",0.000204,6e-06,35.21765,0,"DowJones PPI",0.00839767809553309
"gamma276",0.002176,3.3e-05,66.640991,0,"DowJones PPI",0.0932255122583695
"beta276",0.997708,3.3e-05,29949.583648,0,"DowJones PPI",7.82877842236961e-06
"m276",18.36898,0.014305,1284.087416,0,"DowJones PPI",90112.350576
"theta276",0.003064,0.009283,0.33006,0.741355,"DowJones PPI",90150.53063
"w2276",1.003318,0.167336,5.995838,0,"DowJones PPI",-45050.1752878318
"alpha277",0.005302,0.002807,1.888487,0.058961,"DowJones GDP",20.2878825408424
"gamma277",0.105266,0.051961,2.025852,0.04278,"DowJones GDP",0.132072697437669
"beta277",0.932386,0.035649,26.154611,0,"DowJones GDP",0.0267947537246764
"m277",19.924824,0.371766,53.595056,0,"DowJones GDP",90225.015733
"theta277",-0.385734,0.062881,-6.134316,0,"DowJones GDP",90263.195788
"w2277",1.313611,0.749065,1.753668,0.079487,"DowJones GDP",-45106.5078666422
"alpha278",0.058117,0.015384,3.77768,0.000158,"DowJones UMich",1.55012538276883
"gamma278",0.683869,0.117119,5.83911,0,"DowJones UMich",0.0870993056054649
"beta278",0.005394,0.26199,0.02059,0.983573,"DowJones UMich",0.00135014844440571
"m278",18.309504,0.071213,257.110468,0,"DowJones UMich",90255.31894
"theta278",-0.081966,0.019325,-4.241559,2.2e-05,"DowJones UMich",90293.498995
"w2278",1.001,0.175695,5.697366,0,"DowJones UMich",-45121.6594699511
"alpha279",0.001695,0.000149,11.389754,0,"DowJones StLouisStress",22.9618822597802
"gamma279",0.035269,0.00294,11.997232,0,"DowJones StLouisStress",0.186088125549648
"beta279",0.978668,0.001728,566.201258,0,"DowJones StLouisStress",0.0427293362881421
"m279",19.743997,0.065376,302.007484,0,"DowJones StLouisStress",89976.561982
"theta279",0.429484,0.007322,58.65852,0,"DowJones StLouisStress",90014.742037
"w2279",1.001,0.056751,17.638556,0,"DowJones StLouisStress",-44982.2809909695
"alpha280",0.000199,5e-06,42.259601,0,"DowJones GEPU",1.15147910702014
"gamma280",0.002188,3.3e-05,65.443282,0,"DowJones GEPU",0.0974193364545879
"beta280",0.997707,3.3e-05,30436.228416,0,"DowJones GEPU",0.00112176330547223
"m280",18.389202,0.013529,1359.223441,0,"DowJones GEPU",90103.262913
"theta280",0.010933,0.002132,5.127741,0,"DowJones GEPU",90141.442968
"w2280",7.314311,0.010966,666.989694,0,"DowJones GEPU",-45045.6314566011
"alpha281",0.055353,0.00656,8.437743,0,"DowJones GPR",18.1106768271535
"gamma281",0.667527,0.065689,10.161856,0,"DowJones GPR",0.10291307247369
"beta281",0.001297,0.113311,0.011447,0.990867,"DowJones GPR",0.0186382539686042
"m281",18.463615,0.026923,685.794849,0,"DowJones GPR",90211.43735
"theta281",0.106073,0.007569,14.013407,0,"DowJones GPR",90249.617404
"w2281",1.001,0.070324,14.234113,0,"DowJones GPR",-45099.7186748352
"alpha282",0.000175,6e-06,27.483422,0,"DowJones BKK",4.31146970465345
"gamma282",0.002022,3.7e-05,54.022919,0,"DowJones BKK",0.112921459414852
"beta282",0.997814,4.2e-05,23954.531729,0,"DowJones BKK",0.00486857451272389
"m282",18.407887,0.013855,1328.644756,0,"DowJones BKK",90073.139718
"theta282",0.162122,0.021238,7.633738,0,"DowJones BKK",90111.319772
"w2282",1.001001,0.962153,1.040377,0.298165,"DowJones BKK",-45030.5698588377
"alpha283",0.070876,0.001825,38.839792,0,"DowJones Unemployment",23.1952541504044
"gamma283",1.844664,0.022988,80.243481,0,"DowJones Unemployment",0.182921570558801
"beta283",0.003938,0.009019,0.436648,0.662367,"DowJones Unemployment",0.0424291231870253
"m283",23.454849,0.819489,28.621306,0,"DowJones Unemployment",90108.125543
"theta283",2.813637,0.272023,10.343396,0,"DowJones Unemployment",90146.305598
"w2283",1.001,0.34139,2.932133,0.003366,"DowJones Unemployment",-45048.0627714811
"alpha284",0.00261,0.000294,8.883963,0,"DowJones CFNAI",23.3785898693678
"gamma284",0.056822,0.006871,8.269274,0,"DowJones CFNAI",0.184658347100656
"beta284",0.965433,0.00372,259.554669,0,"DowJones CFNAI",0.043170517628216
"m284",19.558507,0.166408,117.533696,0,"DowJones CFNAI",89972.132554
"theta284",-0.658703,0.013825,-47.644752,0,"DowJones CFNAI",90010.312609
"w2284",1.001,0.120339,8.318188,0,"DowJones CFNAI",-44980.066276875
"alpha285",0.001764,0.000144,12.212255,0,"DowJones VIX",35.7202838263463
"gamma285",0.042193,0.003197,13.199301,0,"DowJones VIX",0.28149763413819
"beta285",0.97614,0.001721,567.087487,0,"DowJones VIX",0.100551753878611
"m285",18.48886,0.116135,159.201008,0,"DowJones VIX",89804.817528
"theta285",0.102352,0.00213,48.051819,0,"DowJones VIX",89842.997583
"w2285",1.072374,0.057139,18.767844,0,"DowJones VIX",-44896.4087639609
"alpha286",0.002685,0.000305,8.801354,0,"DowJones VXN",30.6882837134711
"gamma286",0.072812,0.007857,9.267638,0,"DowJones VXN",0.289812203664451
"beta286",0.958529,0.004357,220.011809,0,"DowJones VXN",0.0889383912968095
"m286",18.170813,0.11115,163.480397,0,"DowJones VXN",89829.146495
"theta286",0.097866,0.001938,50.491652,0,"DowJones VXN",89867.32655
"w2286",1.001,0.069798,14.341408,0,"DowJones VXN",-44908.5732476776
"alpha287",0.002685,0.000305,8.801354,0,"DowJones VXN",30.6882837134711
"gamma287",0.072812,0.007857,9.267638,0,"DowJones VXN",0.289812203664451
"beta287",0.958529,0.004357,220.011809,0,"DowJones VXN",0.0889383912968095
"m287",18.170813,0.11115,163.480397,0,"DowJones VXN",89829.146495
"theta287",0.097866,0.001938,50.491652,0,"DowJones VXN",89867.32655
"w2287",1.001,0.069798,14.341408,0,"DowJones VXN",-44908.5732476776
"alpha288",0.001871,0.000328,5.703491,0,"DowJones NewOrders",3.52090506011245
"gamma288",0.036506,0.007232,5.047995,0,"DowJones NewOrders",0.101099175526183
"beta288",0.97177,0.004887,198.861845,0,"DowJones NewOrders",0.00355960598683333
"m288",18.972443,0.083565,227.03934,0,"DowJones NewOrders",90226.32455
"theta288",-0.042745,0.004345,-9.837458,0,"DowJones NewOrders",90264.504605
"w2288",1.005796,0.131165,7.668183,0,"DowJones NewOrders",-45107.1622750601
"alpha289",0.001334,0.000189,7.06978,0,"DowJones DefaultSpread",31.2040092049932
"gamma289",0.026176,0.003824,6.845333,0,"DowJones DefaultSpread",0.208467641171883
"beta289",0.984339,0.002149,458.138792,0,"DowJones DefaultSpread",0.0650502619407065
"m289",18.624598,0.121473,153.323313,0,"DowJones DefaultSpread",89912.022941
"theta289",0.201914,0.003737,54.037824,0,"DowJones DefaultSpread",89950.202995
"w2289",1.056218,0.14719,7.175908,0,"DowJones DefaultSpread",-44950.0114703057
"alpha290",0.046918,0.001579,29.719529,0,"DowJones EquityVolMeasure",217.07047122527
"gamma290",0.076549,0.037536,2.039363,0.041414,"DowJones EquityVolMeasure",0.299442246561331
"beta290",0.001016,0.025253,0.040225,0.967913,"DowJones EquityVolMeasure",0.650000695658215
"m290",19.72715,0.148328,132.996979,0,"DowJones EquityVolMeasure",89644.419453
"theta290",-3.871331,0.282775,-13.690484,0,"DowJones EquityVolMeasure",89682.599508
"w2290",1.020204,0.077439,13.17425,0,"DowJones EquityVolMeasure",-44816.2097266023
"alpha291",0.000205,6e-06,35.012915,0,"DowJones RecessionSpread",8.8413584013031
"gamma291",0.00254,7.4e-05,34.2188,0,"DowJones RecessionSpread",0.116069737629602
"beta291",0.997525,5.4e-05,18385.00662,0,"DowJones RecessionSpread",0.0102621414992853
"m291",18.198298,0.013544,1343.632376,0,"DowJones RecessionSpread",90029.534222
"theta291",5.010136,0.342883,14.611782,0,"DowJones RecessionSpread",90067.714277
"w2291",1.32267,0.110098,12.013608,0,"DowJones RecessionSpread",-45008.7671110116
"alpha292",0.000208,6e-06,34.512291,0,"DowJones CitiSurprise",3.25706855801066
"gamma292",0.002128,5.5e-05,38.658984,0,"DowJones CitiSurprise",0.107451053308394
"beta292",0.997728,3.7e-05,26704.6528,0,"DowJones CitiSurprise",0.00349975447255898
"m292",18.346956,0.012825,1430.591998,0,"DowJones CitiSurprise",90090.92332
"theta292",-0.004017,0.000799,-5.024828,1e-06,"DowJones CitiSurprise",90129.103375
"w2292",3.170299,1.312146,2.416118,0.015687,"DowJones CitiSurprise",-45039.461660201
"alpha293",0.001006,6.7e-05,15.077918,0,"DowJones MOVE",37.5242756310529
"gamma293",0.03179,0.001546,20.563665,0,"DowJones MOVE",0.382542260923687
"beta293",0.981694,0.000861,1139.884314,0,"DowJones MOVE",0.143546212394266
"m293",17.842017,0.060805,293.427903,0,"DowJones MOVE",89610.529897
"theta293",0.023142,0.000463,50.030237,0,"DowJones MOVE",89648.709952
"w2293",1.001001,0.140901,7.104291,0,"DowJones MOVE",-44799.264948642
"alpha294",0.034241,0.002505,13.671264,0,"Canada HousingStart",248.585485528539
"gamma294",1.73337,0.135953,12.749733,0,"Canada HousingStart",0.206649610888832
"beta294",0.033042,0.066527,0.496672,0.619421,"Canada HousingStart",0.51370093857084
"m294",15.864922,0.198984,79.729711,0,"Canada HousingStart",81180.297248
"theta294",-0.289687,0.02267,-12.778456,0,"Canada HousingStart",81218.477303
"w2294",1.052175,0.087595,12.011843,0,"Canada HousingStart",-40584.1486239752
"alpha295",0.034403,0.005391,6.381088,0,"Canada IndProd",115.431302761833
"gamma295",1.79237,0.278416,6.437731,0,"Canada IndProd",0.216342483001587
"beta295",0.002121,0.155835,0.013613,0.989139,"Canada IndProd",0.249726946556029
"m295",16.736464,0.079569,210.339838,0,"Canada IndProd",81266.172965
"theta295",-0.839511,0.061394,-13.674149,0,"Canada IndProd",81304.35302
"w2295",1.139229,0.135318,8.418897,0,"Canada IndProd",-40627.0864826043
"alpha296",0.000159,7e-06,21.469441,0,"Canada CoreInflation",12.1386885268136
"gamma296",0.006282,0.000384,16.379507,0,"Canada CoreInflation",0.133332753909425
"beta296",0.9957,0.000201,4958.782257,0,"Canada CoreInflation",0.0161848477012879
"m296",16.032041,0.044762,358.163993,0,"Canada CoreInflation",81498.628713
"theta296",-0.019395,0.002161,-8.975875,0,"Canada CoreInflation",81536.808768
"w2296",10.913802,0.039964,273.090255,0,"Canada CoreInflation",-40743.3143566968
"alpha297",0.033883,0.000988,34.301929,0,"Canada PPI",236.022636436095
"gamma297",1.795553,0.038036,47.206274,0,"Canada PPI",0.194039205187583
"beta297",0.004662,0.012709,0.366856,0.713727,"Canada PPI",0.457976447803377
"m297",17.119667,0.150775,113.544162,0,"Canada PPI",81297.407809
"theta297",-0.663968,0.0448,-14.82085,0,"Canada PPI",81335.587863
"w2297",2.37469,0.116103,20.453261,0,"Canada PPI",-40642.7039042686
"alpha298",0.001597,0.000871,1.833021,0.066799,"Canada GDP",72.2605883578167
"gamma298",0.09117,0.050572,1.802769,0.071425,"Canada GDP",0.246476118466286
"beta298",0.950129,0.02672,35.559023,0,"Canada GDP",0.178105093365247
"m298",18.659753,0.456062,40.914905,0,"Canada GDP",81599.226758
"theta298",-0.952121,0.209996,-4.534004,6e-06,"Canada GDP",81637.406813
"w2298",1.734996,0.16819,10.315684,0,"Canada GDP",-40793.6133790275
"alpha299",0.022001,0.251662,0.087421,0.930337,"Canada UMich",9.19758119799978
"gamma299",0.80187,27.780828,0.028864,0.976973,"Canada UMich",0.0516932732632818
"beta299",0.001906,9.130114,0.000209,0.999833,"Canada UMich",0.00475453078229425
"m299",16.138905,15.327739,1.052921,0.292377,"Canada UMich",81738.623769
"theta299",-0.153814,2.906938,-0.052913,0.957801,"Canada UMich",81776.803824
"w2299",1.001,33.798871,0.029616,0.976373,"Canada UMich",-40863.3118844157
"alpha300",0.033904,0.001578,21.484618,0,"Canada StLouisStress",130.450261449943
"gamma300",1.891391,0.063634,29.722901,0,"Canada StLouisStress",0.226137147592336
"beta300",0.001112,0.035719,0.031121,0.975173,"Canada StLouisStress",0.294996500269646
"m300",17.290626,0.205035,84.32996,0,"Canada StLouisStress",81003.958409
"theta300",1.124048,0.035154,31.975171,0,"Canada StLouisStress",81042.138464
"w2300",1.252911,0.037504,33.407224,0,"Canada StLouisStress",-40495.9792044515
"alpha301",0.020998,0.010627,1.97593,0.048163,"Canada GEPU",9.76562193092351
"gamma301",0.887514,0.281931,3.147983,0.001644,"Canada GEPU",0.0472266750301178
"beta301",0.007287,0.445885,0.016343,0.986961,"Canada GEPU",0.00461197853398716
"m301",16.20459,0.155369,104.297417,0,"Canada GEPU",81741.005637
"theta301",-0.052148,0.010291,-5.067193,0,"Canada GEPU",81779.185692
"w2301",1.001,0.837394,1.195375,0.23194,"Canada GEPU",-40864.5028185299
"alpha302",0.018515,0.002229,8.306774,0,"Canada GPR",45.0062699750006
"gamma302",0.716943,0.150503,4.763647,2e-06,"Canada GPR",0.0886090192685023
"beta302",0.001113,0.10807,0.010295,0.991786,"Canada GPR",0.0398796144341824
"m302",16.398919,0.103806,157.975915,0,"Canada GPR",81664.071884
"theta302",0.155159,0.016069,9.656052,0,"Canada GPR",81702.251939
"w2302",1.001,0.121019,8.271443,0,"Canada GPR",-40826.0359419737
"alpha303",0.032307,0.006182,5.226226,0,"Canada BKK",296.970954459378
"gamma303",1.910754,0.325806,5.864697,0,"Canada BKK",0.391569258016862
"beta303",0.001076,0.174382,0.006173,0.995075,"Canada BKK",1.16284696290218
"m303",18.359266,0.737929,24.879435,0,"Canada BKK",81166.195022
"theta303",2.505549,0.433901,5.774466,0,"Canada BKK",81204.375076
"w2303",1.001,0.153379,6.526299,0,"Canada BKK",-40577.0975108177
"alpha304",0.003607,0.001435,2.513411,0.011957,"Canada Unemployment",64.7737235753445
"gamma304",0.230433,0.090857,2.536211,0.011206,"Canada Unemployment",0.26774388817602
"beta304",0.875636,0.048856,17.922832,0,"Canada Unemployment",0.173427686017015
"m304",17.916285,0.490544,36.523319,0,"Canada Unemployment",81388.865824
"theta304",5.546738,0.214045,25.913828,0,"Canada Unemployment",81427.045878
"w2304",1.45719,0.182353,7.991022,0,"Canada Unemployment",-40688.4329117626
"alpha305",0.006972,0.000674,10.347883,0,"Canada CFNAI",118.155236313931
"gamma305",0.407672,0.034002,11.989543,0,"Canada CFNAI",0.22303070861837
"beta305",0.788192,0.017656,44.642077,0,"Canada CFNAI",0.26352246082067
"m305",18.642807,0.130641,142.70226,0,"Canada CFNAI",81039.033508
"theta305",-1.623739,0.077696,-20.898687,0,"Canada CFNAI",81077.213563
"w2305",1.175907,0.074802,15.720186,0,"Canada CFNAI",-40513.516754159
"alpha306",0.006999,0.000554,12.626823,0,"Canada VIX",130.234370144213
"gamma306",0.461266,0.03505,13.16011,0,"Canada VIX",0.229333878495038
"beta306",0.761368,0.017892,42.552363,0,"Canada VIX",0.298671532185309
"m306",16.226106,0.176839,91.75621,0,"Canada VIX",80951.516786
"theta306",0.173445,0.004143,41.866167,0,"Canada VIX",80989.696841
"w2306",1.678868,0.064041,26.215541,0,"Canada VIX",-40469.7583930194
"alpha307",0.006841,0.000477,14.35041,0,"Canada VXN",106.823151962348
"gamma307",0.480055,0.027435,17.498181,0,"Canada VXN",0.249794064943211
"beta307",0.751917,0.014066,53.45506,0,"Canada VXN",0.266837893587213
"m307",16.022344,0.220047,72.813171,0,"Canada VXN",80987.456233
"theta307",0.168284,0.003943,42.674858,0,"Canada VXN",81025.636288
"w2307",1.395924,0.079885,17.474276,0,"Canada VXN",-40487.7281167232
"alpha308",0.000142,1.1e-05,13.217217,0,"Canada TermSpread",12.4059179586511
"gamma308",0.005438,0.000729,7.462448,0,"Canada TermSpread",0.11456346690953
"beta308",0.996139,0.000268,3714.878482,0,"Canada TermSpread",0.0142126497153826
"m308",15.977975,0.11375,140.466253,0,"Canada TermSpread",81452.703603
"theta308",3.935871,0.89935,4.376349,1.2e-05,"Canada TermSpread",81490.883658
"w2308",1.805235,0.124999,14.442011,0,"Canada TermSpread",-40720.3518017231
"alpha309",0.036623,0.004694,7.801635,0,"Canada NewOrders",203.651556229901
"gamma309",1.883311,0.216208,8.710644,0,"Canada NewOrders",0.221377316967777
"beta309",0.001051,0.124232,0.008461,0.993249,"Canada NewOrders",0.450838351144878
"m309",17.020061,0.588562,28.918045,0,"Canada NewOrders",81166.18269
"theta309",-0.48026,0.0613,-7.834588,0,"Canada NewOrders",81204.362745
"w2309",1.083664,0.052079,20.80788,0,"Canada NewOrders",-40577.0913451188
"alpha310",0.031648,0.002672,11.843099,0,"Canada DefaultSpread",120.563877401098
"gamma310",1.868553,0.151395,12.342208,0,"Canada DefaultSpread",0.227216130118635
"beta310",0.001277,0.080381,0.015884,0.987327,"Canada DefaultSpread",0.27394057655175
"m310",14.882321,0.17718,83.995679,0,"Canada DefaultSpread",80948.505453
"theta310",0.404389,0.007748,52.194608,0,"Canada DefaultSpread",80986.685508
"w2310",1.939183,0.059059,32.834818,0,"Canada DefaultSpread",-40468.2527265244
"alpha311",0.011596,0.000848,13.67115,0,"Canada EquityVolMeasure",269.023337839829
"gamma311",-0.177682,0.150701,-1.179038,0.238383,"Canada EquityVolMeasure",0.446532323430375
"beta311",0.001002,0.01348,0.074307,0.940766,"Canada EquityVolMeasure",1.20127616102614
"m311",18.109913,0.233601,77.525009,0,"Canada EquityVolMeasure",80649.532187
"theta311",-5.256348,0.451261,-11.648144,0,"Canada EquityVolMeasure",80687.712242
"w2311",1.11714,0.072755,15.354716,0,"Canada EquityVolMeasure",-40318.7660937418
"alpha312",0.000107,5e-06,22.30901,0,"Canada RecessionSpread",13.7358357098898
"gamma312",0.004162,0.00016,25.93235,0,"Canada RecessionSpread",0.0931430291355095
"beta312",0.996812,9.1e-05,10921.014213,0,"Canada RecessionSpread",0.0127939734572684
"m312",15.816443,0.038735,408.322217,0,"Canada RecessionSpread",81473.100787
"theta312",5.68219,0.183413,30.980341,0,"Canada RecessionSpread",81511.280842
"w2312",1.073873,0.081174,13.229289,0,"Canada RecessionSpread",-40730.5503933739
"alpha313",0.034746,0.00152,22.852177,0,"Canada CitiSurprise",405.242213287755
"gamma313",1.80401,0.045224,39.890538,0,"Canada CitiSurprise",0.163324781956417
"beta313",0.01647,0.018567,0.887037,0.375059,"Canada CitiSurprise",0.661860961247585
"m313",17.378486,0.026351,659.494476,0,"Canada CitiSurprise",81485.774476
"theta313",-0.067728,0.008548,-7.923535,0,"Canada CitiSurprise",81523.954531
"w2313",1.001,0.094045,10.643853,0,"Canada CitiSurprise",-40736.8872382204
"alpha314",0.000568,6.8e-05,8.372286,0,"Canada MOVE",56.292573002302
"gamma314",0.063954,0.005004,12.77934,0,"Canada MOVE",0.442932968608262
"beta314",0.965916,0.002487,388.420433,0,"Canada MOVE",0.249338364705069
"m314",15.374016,0.196945,78.062448,0,"Canada MOVE",80698.751396
"theta314",0.030439,0.000497,61.259218,0,"Canada MOVE",80736.931451
"w2314",1.259597,0.17832,7.063703,0,"Canada MOVE",-40343.3756980175
"alpha315",0.126769,0.018397,6.890721,0,"NASDAQ HousingStart",8.21064990325224
"gamma315",0.703304,0.023807,29.541427,0,"NASDAQ HousingStart",0.261797075164508
"beta315",0.043347,0.137604,0.315012,0.752752,"NASDAQ HousingStart",0.0214952412987119
"m315",16.803684,0.128989,130.271973,0,"NASDAQ HousingStart",83549.807995
"theta315",-0.059247,0.001657,-35.748942,0,"NASDAQ HousingStart",83587.988049
"w2315",1.001,0.064136,15.60757,0,"NASDAQ HousingStart",-41768.9039972677
"alpha316",0.087993,0.013448,6.54304,0,"NASDAQ IndProd",1.43130855841439
"gamma316",0.73127,0.129764,5.635375,0,"NASDAQ IndProd",0.215703634440909
"beta316",0.319149,0.104284,3.060369,0.002211,"NASDAQ IndProd",0.00308738458056362
"m316",17.318151,0.073876,234.421409,0,"NASDAQ IndProd",83696.18467
"theta316",-0.093498,0.00782,-11.956171,0,"NASDAQ IndProd",83734.364724
"w2316",1.001,0.082044,12.200721,0,"NASDAQ IndProd",-41842.0923348064
"alpha317",0.079172,0.003432,23.068026,0,"NASDAQ CoreInflation",0.881837302348488
"gamma317",0.673085,0.021732,30.972464,0,"NASDAQ CoreInflation",0.204814012916386
"beta317",0.378953,0.02262,16.753268,0,"NASDAQ CoreInflation",0.00180612636633354
"m317",17.344919,0.061796,280.678435,0,"NASDAQ CoreInflation",83711.710083
"theta317",-0.008129,0.000907,-8.967092,0,"NASDAQ CoreInflation",83749.890138
"w2317",2.316525,0.038888,59.568635,0,"NASDAQ CoreInflation",-41849.8550417112
"alpha318",0.120753,0.050161,2.407323,0.01607,"NASDAQ PPI",1.5088226330588
"gamma318",0.569827,0.184945,3.081066,0.002063,"NASDAQ PPI",0.204256956989321
"beta318",0.006302,0.415264,0.015175,0.987892,"NASDAQ PPI",0.00308187519665205
"m318",16.740934,0.047434,352.933216,0,"NASDAQ PPI",83706.682317
"theta318",0.060795,0.009954,6.107669,0,"NASDAQ PPI",83744.862372
"w2318",1.001,0.477114,2.098033,0.035902,"NASDAQ PPI",-41847.341158447
"alpha319",0.00862,0.008974,0.960641,0.336733,"NASDAQ GDP",5.10817074600552
"gamma319",0.084104,0.091126,0.922942,0.356038,"NASDAQ GDP",0.228218173308972
"beta319",0.939896,0.063716,14.751268,0,"NASDAQ GDP",0.0116577739660371
"m319",18.26073,0.159537,114.460527,0,"NASDAQ GDP",83696.643877
"theta319",-0.256768,0.04173,-6.153063,0,"NASDAQ GDP",83734.823932
"w2319",1.001001,0.185343,5.400807,0,"NASDAQ GDP",-41842.3219384324
"alpha320",0.125596,0.0075,16.746794,0,"NASDAQ UMich",1.74100528288421
"gamma320",0.51965,0.074015,7.02083,0,"NASDAQ UMich",0.215893611401183
"beta320",0.002058,0.054585,0.037701,0.969926,"NASDAQ UMich",0.0037587191799041
"m320",16.715332,0.037095,450.602989,0,"NASDAQ UMich",83701.980021
"theta320",-0.136761,0.012807,-10.678929,0,"NASDAQ UMich",83740.160076
"w2320",1.001004,0.079331,12.61812,0,"NASDAQ UMich",-41844.9900104045
"alpha321",0.000609,1.4e-05,43.592351,0,"NASDAQ StLouisStress",4.21977429474907
"gamma321",0.002878,0.000126,22.929747,0,"NASDAQ StLouisStress",0.260487874179755
"beta321",0.996952,7.4e-05,13538.295246,0,"NASDAQ StLouisStress",0.0109920003555756
"m321",16.999994,0.014983,1134.653798,0,"NASDAQ StLouisStress",83504.805538
"theta321",0.217832,0.006392,34.076983,0,"NASDAQ StLouisStress",83542.985593
"w2321",1.001,0.113456,8.822783,0,"NASDAQ StLouisStress",-41746.4027690856
"alpha322",0.002352,0.000329,7.142203,0,"NASDAQ GEPU",0.630832853837362
"gamma322",0.020251,0.003075,6.586292,0,"NASDAQ GEPU",0.215650388994961
"beta322",0.98279,0.002496,393.673214,0,"NASDAQ GEPU",0.00136039350320829
"m322",17.504758,0.044698,391.626189,0,"NASDAQ GEPU",83713.527574
"theta322",0.022387,0.004159,5.382607,0,"NASDAQ GEPU",83751.707629
"w2322",2.409853,0.059582,40.445897,0,"NASDAQ GEPU",-41850.7637871901
"alpha323",0.1179,0.06428,1.83415,0.066632,"NASDAQ GPR",10.4521919398823
"gamma323",0.54262,0.587114,0.924217,0.355374,"NASDAQ GPR",0.218159367476047
"beta323",0.001389,0.54415,0.002554,0.997963,"NASDAQ GPR",0.0228024358234297
"m323",16.920864,0.241281,70.12942,0,"NASDAQ GPR",83662.471568
"theta323",0.117309,0.006976,16.816694,0,"NASDAQ GPR",83700.651622
"w2323",1.118455,0.090855,12.31036,0,"NASDAQ GPR",-41825.2357838327
"alpha324",0.003577,0.001032,3.465944,0.000528,"NASDAQ BKK",0.152384624598192
"gamma324",0.032667,0.01058,3.087583,0.002018,"NASDAQ BKK",0.207087472235585
"beta324",0.972962,0.008013,121.422316,0,"NASDAQ BKK",0.000315569467156082
"m324",17.557493,0.11986,146.483082,0,"NASDAQ BKK",83719.295343
"theta324",0.041275,0.017979,2.295753,0.02169,"NASDAQ BKK",83757.475398
"w2324",1.001002,0.047683,20.992637,0,"NASDAQ BKK",-41853.6476714994
"alpha325",0.134857,0.026751,5.0412,0,"NASDAQ Unemployment",9.88795166813424
"gamma325",0.773779,0.195958,3.948706,7.9e-05,"NASDAQ Unemployment",0.272030716821401
"beta325",0.002079,0.192776,0.010785,0.991395,"NASDAQ Unemployment",0.0268982658017793
"m325",16.887569,0.357299,47.264544,0,"NASDAQ Unemployment",83613.21553
"theta325",2.240259,0.119341,18.771907,0,"NASDAQ Unemployment",83651.395585
"w2325",1.001,0.169344,5.911041,0,"NASDAQ Unemployment",-41800.6077651266
"alpha326",0.002816,0.000513,5.494825,0,"NASDAQ CFNAI",10.204979085447
"gamma326",0.027896,0.005556,5.020941,1e-06,"NASDAQ CFNAI",0.286479092882691
"beta326",0.980914,0.003588,273.352862,0,"NASDAQ CFNAI",0.0292351315128568
"m326",17.974156,0.097773,183.83636,0,"NASDAQ CFNAI",83517.861174
"theta326",-0.542062,0.018077,-29.986929,0,"NASDAQ CFNAI",83556.041229
"w2326",1.001,0.306013,3.271099,0.001071,"NASDAQ CFNAI",-41752.930586946
"alpha327",0.001861,0.000187,9.959639,0,"NASDAQ VIX",17.2496713495214
"gamma327",0.019174,0.002143,8.947886,0,"NASDAQ VIX",0.35701628651485
"beta327",0.987552,0.001273,775.883993,0,"NASDAQ VIX",0.0615841360880772
"m327",16.86638,0.162278,103.93537,0,"NASDAQ VIX",83390.194792
"theta327",0.08011,0.00273,29.343429,0,"NASDAQ VIX",83428.374847
"w2327",1.061237,0.158637,6.689713,0,"NASDAQ VIX",-41689.0973959312
"alpha328",0.002843,0.000437,6.509707,0,"NASDAQ VXN",14.5354373890737
"gamma328",0.033315,0.005422,6.144536,0,"NASDAQ VXN",0.360351222924445
"beta328",0.978809,0.00332,294.832949,0,"NASDAQ VXN",0.0523786263889442
"m328",16.907338,0.132594,127.511706,0,"NASDAQ VXN",83450.902546
"theta328",0.075104,0.002225,33.760662,0,"NASDAQ VXN",83489.082601
"w2328",1.001,0.164107,6.099671,0,"NASDAQ VXN",-41719.451273246
"alpha329",0.000496,1e-05,51.337471,0,"NASDAQ TermSpread",2.45480719464913
"gamma329",0.002092,5.6e-05,37.639304,0,"NASDAQ TermSpread",0.231494959301878
"beta329",0.997458,4.4e-05,22561.918015,0,"NASDAQ TermSpread",0.0056827549161926
"m329",16.918536,0.010258,1649.228808,0,"NASDAQ TermSpread",83543.915923
"theta329",2.691074,0.083931,32.062917,0,"NASDAQ TermSpread",83582.095978
"w2329",1.168583,0.125427,9.316875,0,"NASDAQ TermSpread",-41765.9579617439
"alpha330",0.004188,0.000869,4.817354,1e-06,"NASDAQ NewOrders",0.253130557330328
"gamma330",0.03838,0.008343,4.60034,4e-06,"NASDAQ NewOrders",0.210955014170526
"beta330",0.968958,0.006566,147.581572,0,"NASDAQ NewOrders",0.000533991603086126
"m330",17.601277,0.093669,187.908831,0,"NASDAQ NewOrders",83715.692181
"theta330",-0.016543,0.00364,-4.545261,5e-06,"NASDAQ NewOrders",83753.872236
"w2330",1.048884,0.124985,8.392058,0,"NASDAQ NewOrders",-41851.8460904155
"alpha331",0.000713,7.2e-05,9.969569,0,"NASDAQ DefaultSpread",7.88465696185114
"gamma331",0.003904,0.000681,5.729918,0,"NASDAQ DefaultSpread",0.274685427360321
"beta331",0.996335,5e-04,1991.349236,0,"NASDAQ DefaultSpread",0.0216580036715561
"m331",16.468701,0.074987,219.620898,0,"NASDAQ DefaultSpread",83453.116179
"theta331",0.116602,0.021264,5.483481,0,"NASDAQ DefaultSpread",83491.296234
"w2331",1.001,2.103771,0.475812,0.634208,"NASDAQ DefaultSpread",-41720.5580894311
"alpha332",0.069574,0.003834,18.144754,0,"NASDAQ EquityVolMeasure",141.496376132616
"gamma332",-0.217108,0.028008,-7.751595,0,"NASDAQ EquityVolMeasure",0.431424004836031
"beta332",0.007682,0.02555,0.30065,0.763681,"NASDAQ EquityVolMeasure",0.610449332609186
"m332",18.146875,0.083593,217.085235,0,"NASDAQ EquityVolMeasure",83122.97341
"theta332",-3.718084,0.138189,-26.905813,0,"NASDAQ EquityVolMeasure",83161.153465
"w2332",1.413968,0.073792,19.161655,0,"NASDAQ EquityVolMeasure",-41555.4867052107
"alpha333",0.069574,0.003834,18.144754,0,"NASDAQ EquityVolMeasure",141.496376132616
"gamma333",-0.217108,0.028008,-7.751595,0,"NASDAQ EquityVolMeasure",0.431424004836031
"beta333",0.007682,0.02555,0.30065,0.763681,"NASDAQ EquityVolMeasure",0.610449332609186
"m333",18.146875,0.083593,217.085235,0,"NASDAQ EquityVolMeasure",83122.97341
"theta333",-3.718084,0.138189,-26.905813,0,"NASDAQ EquityVolMeasure",83161.153465
"w2333",1.413968,0.073792,19.161655,0,"NASDAQ EquityVolMeasure",-41555.4867052107
"alpha334",0.000504,1e-05,48.336003,0,"NASDAQ CitiSurprise",0.407600831204789
"gamma334",0.002066,4.6e-05,44.616885,0,"NASDAQ CitiSurprise",0.229534052628024
"beta334",0.997463,3.6e-05,27403.883516,0,"NASDAQ CitiSurprise",0.000935582706409862
"m334",16.929216,0.009456,1790.392495,0,"NASDAQ CitiSurprise",83593.230035
"theta334",-0.001657,0.000272,-6.080511,0,"NASDAQ CitiSurprise",83631.41009
"w2334",6.91642,0.012563,550.548848,0,"NASDAQ CitiSurprise",-41790.6150174753
"alpha335",0.001905,0.000114,16.674958,0,"NASDAQ MOVE",20.9599035153934
"gamma335",0.024051,0.00138,17.430503,0,"NASDAQ MOVE",0.430471167984918
"beta335",0.98503,0.000778,1265.847643,0,"NASDAQ MOVE",0.0902263414712258
"m335",16.895749,0.096964,174.247496,0,"NASDAQ MOVE",83286.230597
"theta335",0.018311,0.000433,42.299645,0,"NASDAQ MOVE",83324.410652
"w2335",1.257525,0.118235,10.635783,0,"NASDAQ MOVE",-41637.1152986396
"alpha336",0.086422,0.015708,5.501769,0,"SP500 HousingStart",13.7966139656216
"gamma336",0.671525,0.107358,6.255016,0,"SP500 HousingStart",0.192780811244765
"beta336",0.001291,0.180802,0.007142,0.994302,"SP500 HousingStart",0.0265972243272338
"m336",14.07275,0.04146,339.430975,0,"SP500 HousingStart",72674.096768
"theta336",-0.065905,0.002313,-28.493669,0,"SP500 HousingStart",72712.276823
"w2336",1.001,0.086908,11.517964,0,"SP500 HousingStart",-36331.0483839725
"alpha337",0.086536,0.014907,5.804947,0,"SP500 IndProd",4.4570621472627
"gamma337",0.759168,0.134315,5.652128,0,"SP500 IndProd",0.162430861984182
"beta337",0.001896,0.17103,0.011089,0.991153,"SP500 IndProd",0.00723964446496949
"m337",14.254733,0.021648,658.465731,0,"SP500 IndProd",72805.573135
"theta337",-0.143174,0.010296,-13.906169,0,"SP500 IndProd",72843.75319
"w2337",1.001,0.174953,5.721531,0,"SP500 IndProd",-36396.786567369
"alpha338",0.0836,0.003876,21.565892,0,"SP500 CoreInflation",2.44179279730398
"gamma338",0.758282,0.013053,58.094398,0,"SP500 CoreInflation",0.143135232538533
"beta338",0.003242,0.037326,0.086843,0.930796,"SP500 CoreInflation",0.0034950657985302
"m338",14.290552,0.020914,683.290795,0,"SP500 CoreInflation",72847.90023
"theta338",-0.009904,0.001153,-8.58813,0,"SP500 CoreInflation",72886.080285
"w2338",5.398341,0.098015,55.076524,0,"SP500 CoreInflation",-36417.9501152349
"alpha339",0.082749,0.004366,18.955029,0,"SP500 PPI",0.481540631827767
"gamma339",0.650905,0.060988,10.672689,0,"SP500 PPI",0.137409151256814
"beta339",0.001898,0.044319,0.042817,0.965847,"SP500 PPI",0.000661680895151232
"m339",14.205413,0.028286,502.21414,0,"SP500 PPI",72861.646194
"theta339",-0.020325,0.015232,-1.334367,0.182084,"SP500 PPI",72899.826249
"w2339",5.82343,19.808172,0.293991,0.768765,"SP500 PPI",-36424.8230971497
"alpha340",0.036416,0.085627,0.425287,0.670628,"SP500 GDP",20.6237233990894
"gamma340",0.538528,1.109716,0.485284,0.627475,"SP500 GDP",0.191231528531481
"beta340",0.641419,0.848765,0.755709,0.449824,"SP500 GDP",0.0394390614961834
"m340",15.877346,1.599928,9.923786,0,"SP500 GDP",72808.499727
"theta340",-0.472276,0.064345,-7.33977,0,"SP500 GDP",72846.679782
"w2340",1.001007,0.332823,3.00763,0.002633,"SP500 GDP",-36398.2498634497
"alpha341",0.081195,0.0034,23.877951,0,"SP500 UMich",1.19045551944157
"gamma341",0.525618,0.03407,15.427444,0,"SP500 UMich",0.140469119881074
"beta341",0.001428,0.032617,0.043782,0.965078,"SP500 UMich",0.00167222239073524
"m341",14.097022,0.032797,429.820667,0,"SP500 UMich",72857.992103
"theta341",-0.09122,0.018697,-4.878916,1e-06,"SP500 UMich",72896.172158
"w2341",1.001,0.13379,7.48187,0,"SP500 UMich",-36422.996051522
"alpha342",0.003869,0.000859,4.505602,7e-06,"SP500 StLouisStress",17.1862045152406
"gamma342",0.062506,0.017395,3.593344,0.000326,"SP500 StLouisStress",0.231813377190351
"beta342",0.960957,0.008637,111.256263,0,"SP500 StLouisStress",0.0398399210976197
"m342",15.642998,0.537605,29.097569,0,"SP500 StLouisStress",72591.136266
"theta342",0.414709,0.011121,37.289642,0,"SP500 StLouisStress",72629.316321
"w2342",1.001,0.078869,12.691997,0,"SP500 StLouisStress",-36289.5681331812
"alpha343",0.081037,0.004118,19.676517,0,"SP500 GEPU",0.00058425540043516
"gamma343",0.620914,0.19629,3.163257,0.00156,"SP500 GEPU",0.133678136798369
"beta343",0.001732,0.03858,0.044906,0.964182,"SP500 GEPU",7.81021733445573e-07
"m343",14.180885,0.179484,79.008983,0,"SP500 GEPU",72866.096219
"theta343",0.000446,0.004747,0.093888,0.925198,"SP500 GEPU",72904.276274
"w2343",3.29915,0.193604,17.040682,0,"SP500 GEPU",-36427.0481094873
"alpha344",0.075501,0.00745,10.134257,0,"SP500 GPR",15.9074836854895
"gamma344",0.496484,0.06978,7.115041,0,"SP500 GPR",0.156409739232399
"beta344",0.00118,0.096369,0.012245,0.99023,"SP500 GPR",0.0248808537509105
"m344",14.274035,0.052766,270.516119,0,"SP500 GPR",72802.93606
"theta344",0.122556,0.007639,16.042939,0,"SP500 GPR",72841.116114
"w2344",1.001001,0.057942,17.275783,0,"SP500 GPR",-36395.4680298351
"alpha345",0.077261,0.012768,6.051299,0,"SP500 BKK",2.20813399874988
"gamma345",0.690065,0.335488,2.056898,0.039696,"SP500 BKK",0.137913425896762
"beta345",0.002037,0.1644,0.012393,0.990112,"SP500 BKK",0.00304531324606712
"m345",14.288071,0.222783,64.134614,0,"SP500 BKK",72850.303975
"theta345",0.128221,0.018057,7.100691,0,"SP500 BKK",72888.48403
"w2345",1.001,0.393171,2.54597,0.010897,"SP500 BKK",-36419.1519876954
"alpha346",0.091776,0.02363,3.883887,0.000103,"SP500 Unemployment",17.7197414579129
"gamma346",0.873866,0.252006,3.467644,0.000525,"SP500 Unemployment",0.220820297136039
"beta346",0.001506,0.253072,0.005951,0.995251,"SP500 Unemployment",0.0391287857391011
"m346",14.270983,0.15064,94.735736,0,"SP500 Unemployment",72713.264592
"theta346",2.701993,0.152254,17.746556,0,"SP500 Unemployment",72751.444647
"w2346",1.001,0.201674,4.963466,1e-06,"SP500 Unemployment",-36350.6322961365
"alpha347",0.005343,0.0015,3.563386,0.000366,"SP500 CFNAI",18.1132123153869
"gamma347",0.088991,0.033333,2.669735,0.007591,"SP500 CFNAI",0.228993696285503
"beta347",0.943852,0.015812,59.693164,0,"SP500 CFNAI",0.0414781143970455
"m347",15.416801,0.76182,20.236814,0,"SP500 CFNAI",72584.229113
"theta347",-0.645663,0.021717,-29.731188,0,"SP500 CFNAI",72622.409168
"w2347",1.001,0.227192,4.405962,1.1e-05,"SP500 CFNAI",-36286.1145565621
"alpha348",0.00335,0.000556,6.02497,0,"SP500 VIX",29.7876240491128
"gamma348",0.061812,0.011242,5.498328,0,"SP500 VIX",0.330134917609102
"beta348",0.964184,0.005838,165.149947,0,"SP500 VIX",0.0983393481122474
"m348",14.429693,0.446043,32.350417,0,"SP500 VIX",72407.601074
"theta348",0.101237,0.002316,43.705721,0,"SP500 VIX",72445.781129
"w2348",1.055434,0.147604,7.150439,0,"SP500 VIX",-36197.8005369651
"alpha349",0.006449,0.001354,4.764931,2e-06,"SP500 VXN",25.7154035783879
"gamma349",0.129661,0.026943,4.812394,1e-06,"SP500 VXN",0.332078413748527
"beta349",0.924093,0.015775,58.578734,0,"SP500 VXN",0.0853953042921425
"m349",14.085326,0.108873,129.3744,0,"SP500 VXN",72447.785608
"theta349",0.095896,0.002044,46.922223,0,"SP500 VXN",72485.965663
"w2349",1.001,0.087499,11.440119,0,"SP500 VXN",-36217.8928039223
"alpha350",0.000288,6e-06,44.915174,0,"SP500 TermSpread",3.43142808477795
"gamma350",0.001991,4.8e-05,41.232171,0,"SP500 TermSpread",0.153426011773481
"beta350",0.997717,4.1e-05,24562.875381,0,"SP500 TermSpread",0.00526470325734994
"m350",14.236695,0.011704,1216.372501,0,"SP500 TermSpread",72705.711881
"theta350",2.582599,0.207608,12.439806,0,"SP500 TermSpread",72743.891936
"w2350",1.210492,0.096152,12.589351,0,"SP500 TermSpread",-36346.8559405626
"alpha351",0.085199,0.003806,22.383182,0,"SP500 NewOrders",1.74644849559359
"gamma351",0.713424,0.044755,15.940653,0,"SP500 NewOrders",0.146579287305767
"beta351",0.002458,0.033993,0.072324,0.942344,"SP500 NewOrders",0.00255993175800338
"m351",14.234664,0.021908,649.739088,0,"SP500 NewOrders",72841.775112
"theta351",-0.035984,0.004276,-8.414567,0,"SP500 NewOrders",72879.955166
"w2351",1.234028,0.15411,8.007475,0,"SP500 NewOrders",-36414.8875558229
"alpha352",0.003312,0.000495,6.69249,0,"SP500 DefaultSpread",24.0370359458094
"gamma352",0.052413,0.008278,6.331266,0,"SP500 DefaultSpread",0.256014418995383
"beta352",0.967918,0.004731,204.604597,0,"SP500 DefaultSpread",0.0615382779203752
"m352",14.654034,0.199231,73.553112,0,"SP500 DefaultSpread",72518.340245
"theta352",0.195801,0.003901,50.193044,0,"SP500 DefaultSpread",72556.5203
"w2352",1.215447,0.05956,20.406995,0,"SP500 DefaultSpread",-36253.1701225271
"alpha353",0.044126,0.002354,18.745613,0,"SP500 EquityVolMeasure",174.194227142674
"gamma353",-0.460312,0.110782,-4.155135,3.3e-05,"SP500 EquityVolMeasure",0.417169743270548
"beta353",0.001022,0.012684,0.080592,0.935767,"SP500 EquityVolMeasure",0.726685610163208
"m353",15.606643,0.162338,96.136873,0,"SP500 EquityVolMeasure",72138.259025
"theta353",-4.081578,0.256901,-15.887774,0,"SP500 EquityVolMeasure",72176.43908
"w2353",1.200932,0.072122,16.651343,0,"SP500 EquityVolMeasure",-36063.1295124746
"alpha354",0.076708,0.007319,10.480903,0,"SP500 RecessionSpread",6.52516030170218
"gamma354",0.86212,0.026724,32.260223,0,"SP500 RecessionSpread",0.149168029699154
"beta354",0.008715,0.090129,0.096698,0.922966,"SP500 RecessionSpread",0.00973345305676051
"m354",14.177778,0.068189,207.920337,0,"SP500 RecessionSpread",72814.262586
"theta354",4.826474,0.075236,64.151222,0,"SP500 RecessionSpread",72852.442641
"w2354",1.422328,0.113256,12.558527,0,"SP500 RecessionSpread",-36401.1312931921
"alpha355",0.002556,0.00066,3.870739,0.000109,"SP500 CitiSurprise",6.60179458697407
"gamma355",0.030182,0.016959,1.779746,0.075118,"SP500 CitiSurprise",0.150199007247537
"beta355",0.972209,0.007534,129.034957,0,"SP500 CitiSurprise",0.0099158299301567
"m355",14.630385,0.456355,32.059218,0,"SP500 CitiSurprise",72845.093877
"theta355",-0.008172,0.000944,-8.658143,0,"SP500 CitiSurprise",72883.273932
"w2355",1.378162,0.258914,5.322861,0,"SP500 CitiSurprise",-36416.5469386982
"alpha356",0.001915,0.000205,9.331185,0,"SP500 MOVE",34.3444347194247
"gamma356",0.045635,0.003903,11.692478,0,"SP500 MOVE",0.419562159449177
"beta356",0.973041,0.002359,412.508664,0,"SP500 MOVE",0.144096251959431
"m356",13.718769,0.091308,150.24759,0,"SP500 MOVE",72230.052031
"theta356",0.023187,0.000551,42.043086,0,"SP500 MOVE",72268.232086
"w2356",1.001,0.147959,6.765382,0,"SP500 MOVE",-36109.0260155727
"alpha357",0.066382,0.005741,11.561926,0,"DowJones HousingStart",21.6943636916617
"gamma357",0.841372,0.13986,6.015834,0,"DowJones HousingStart",0.160050029386292
"beta357",0.001707,0.084818,0.020123,0.983946,"DowJones HousingStart",0.0347218354636737
"m357",18.259092,0.091245,200.109995,0,"DowJones HousingStart",90032.140034
"theta357",-0.075301,0.00245,-30.734334,0,"DowJones HousingStart",90070.320089
"w2357",1.001,0.078568,12.740505,0,"DowJones HousingStart",-45010.0700169581
"alpha358",0.003998,0.002087,1.916146,0.055347,"DowJones IndProd",7.14830562273095
"gamma358",0.087116,0.049887,1.746273,0.080764,"DowJones IndProd",0.115383578343062
"beta358",0.939387,0.031856,29.488545,0,"DowJones IndProd",0.00824797081840527
"m358",19.246218,0.286059,67.280675,0,"DowJones IndProd",90192.243902
"theta358",-0.15282,0.010454,-14.617928,0,"DowJones IndProd",90230.423957
"w2358",1.001,0.125443,7.979735,0,"DowJones IndProd",-45090.1219508546
"alpha359",0.001933,0.00046,4.200717,2.7e-05,"DowJones CoreInflation",4.34038037738179
"gamma359",0.040113,0.010981,3.652923,0.000259,"DowJones CoreInflation",0.0949283794288515
"beta359",0.969854,0.007113,136.340137,0,"DowJones CoreInflation",0.0041202527532964
"m359",19.059712,0.112718,169.091377,0,"DowJones CoreInflation",90236.517242
"theta359",-0.012238,0.001276,-9.593939,0,"DowJones CoreInflation",90274.697297
"w2359",2.375522,0.059571,39.876844,0,"DowJones CoreInflation",-45112.25862112
"alpha360",0.000204,6e-06,35.21765,0,"DowJones PPI",0.00839767809553309
"gamma360",0.002176,3.3e-05,66.640991,0,"DowJones PPI",0.0932255122583695
"beta360",0.997708,3.3e-05,29949.583648,0,"DowJones PPI",7.82877842236961e-06
"m360",18.36898,0.014305,1284.087416,0,"DowJones PPI",90112.350576
"theta360",0.003064,0.009283,0.33006,0.741355,"DowJones PPI",90150.53063
"w2360",1.003318,0.167336,5.995838,0,"DowJones PPI",-45050.1752878318
"alpha361",0.005302,0.002807,1.888487,0.058961,"DowJones GDP",20.2878825408424
"gamma361",0.105266,0.051961,2.025852,0.04278,"DowJones GDP",0.132072697437669
"beta361",0.932386,0.035649,26.154611,0,"DowJones GDP",0.0267947537246764
"m361",19.924824,0.371766,53.595056,0,"DowJones GDP",90225.015733
"theta361",-0.385734,0.062881,-6.134316,0,"DowJones GDP",90263.195788
"w2361",1.313611,0.749065,1.753668,0.079487,"DowJones GDP",-45106.5078666422
"alpha362",0.058117,0.015384,3.77768,0.000158,"DowJones UMich",1.55012538276883
"gamma362",0.683869,0.117119,5.83911,0,"DowJones UMich",0.0870993056054649
"beta362",0.005394,0.26199,0.02059,0.983573,"DowJones UMich",0.00135014844440571
"m362",18.309504,0.071213,257.110468,0,"DowJones UMich",90255.31894
"theta362",-0.081966,0.019325,-4.241559,2.2e-05,"DowJones UMich",90293.498995
"w2362",1.001,0.175695,5.697366,0,"DowJones UMich",-45121.6594699511
"alpha363",0.001695,0.000149,11.389754,0,"DowJones StLouisStress",22.9618822597802
"gamma363",0.035269,0.00294,11.997232,0,"DowJones StLouisStress",0.186088125549648
"beta363",0.978668,0.001728,566.201258,0,"DowJones StLouisStress",0.0427293362881421
"m363",19.743997,0.065376,302.007484,0,"DowJones StLouisStress",89976.561982
"theta363",0.429484,0.007322,58.65852,0,"DowJones StLouisStress",90014.742037
"w2363",1.001,0.056751,17.638556,0,"DowJones StLouisStress",-44982.2809909695
"alpha364",0.000199,5e-06,42.259601,0,"DowJones GEPU",1.15147910702014
"gamma364",0.002188,3.3e-05,65.443282,0,"DowJones GEPU",0.0974193364545879
"beta364",0.997707,3.3e-05,30436.228416,0,"DowJones GEPU",0.00112176330547223
"m364",18.389202,0.013529,1359.223441,0,"DowJones GEPU",90103.262913
"theta364",0.010933,0.002132,5.127741,0,"DowJones GEPU",90141.442968
"w2364",7.314311,0.010966,666.989694,0,"DowJones GEPU",-45045.6314566011
"alpha365",0.055353,0.00656,8.437743,0,"DowJones GPR",18.1106768271535
"gamma365",0.667527,0.065689,10.161856,0,"DowJones GPR",0.10291307247369
"beta365",0.001297,0.113311,0.011447,0.990867,"DowJones GPR",0.0186382539686042
"m365",18.463615,0.026923,685.794849,0,"DowJones GPR",90211.43735
"theta365",0.106073,0.007569,14.013407,0,"DowJones GPR",90249.617404
"w2365",1.001,0.070324,14.234113,0,"DowJones GPR",-45099.7186748352
"alpha366",0.000175,6e-06,27.483422,0,"DowJones BKK",4.31146970465345
"gamma366",0.002022,3.7e-05,54.022919,0,"DowJones BKK",0.112921459414852
"beta366",0.997814,4.2e-05,23954.531729,0,"DowJones BKK",0.00486857451272389
"m366",18.407887,0.013855,1328.644756,0,"DowJones BKK",90073.139718
"theta366",0.162122,0.021238,7.633738,0,"DowJones BKK",90111.319772
"w2366",1.001001,0.962153,1.040377,0.298165,"DowJones BKK",-45030.5698588377
"alpha367",0.070876,0.001825,38.839792,0,"DowJones Unemployment",23.1952541504044
"gamma367",1.844664,0.022988,80.243481,0,"DowJones Unemployment",0.182921570558801
"beta367",0.003938,0.009019,0.436648,0.662367,"DowJones Unemployment",0.0424291231870253
"m367",23.454849,0.819489,28.621306,0,"DowJones Unemployment",90108.125543
"theta367",2.813637,0.272023,10.343396,0,"DowJones Unemployment",90146.305598
"w2367",1.001,0.34139,2.932133,0.003366,"DowJones Unemployment",-45048.0627714811
"alpha368",0.00261,0.000294,8.883963,0,"DowJones CFNAI",23.3785898693678
"gamma368",0.056822,0.006871,8.269274,0,"DowJones CFNAI",0.184658347100656
"beta368",0.965433,0.00372,259.554669,0,"DowJones CFNAI",0.043170517628216
"m368",19.558507,0.166408,117.533696,0,"DowJones CFNAI",89972.132554
"theta368",-0.658703,0.013825,-47.644752,0,"DowJones CFNAI",90010.312609
"w2368",1.001,0.120339,8.318188,0,"DowJones CFNAI",-44980.066276875
"alpha369",0.001764,0.000144,12.212255,0,"DowJones VIX",35.7202838263463
"gamma369",0.042193,0.003197,13.199301,0,"DowJones VIX",0.28149763413819
"beta369",0.97614,0.001721,567.087487,0,"DowJones VIX",0.100551753878611
"m369",18.48886,0.116135,159.201008,0,"DowJones VIX",89804.817528
"theta369",0.102352,0.00213,48.051819,0,"DowJones VIX",89842.997583
"w2369",1.072374,0.057139,18.767844,0,"DowJones VIX",-44896.4087639609
"alpha370",0.002685,0.000305,8.801354,0,"DowJones VXN",30.6882837134711
"gamma370",0.072812,0.007857,9.267638,0,"DowJones VXN",0.289812203664451
"beta370",0.958529,0.004357,220.011809,0,"DowJones VXN",0.0889383912968095
"m370",18.170813,0.11115,163.480397,0,"DowJones VXN",89829.146495
"theta370",0.097866,0.001938,50.491652,0,"DowJones VXN",89867.32655
"w2370",1.001,0.069798,14.341408,0,"DowJones VXN",-44908.5732476776
"alpha371",0.002685,0.000305,8.801354,0,"DowJones VXN",30.6882837134711
"gamma371",0.072812,0.007857,9.267638,0,"DowJones VXN",0.289812203664451
"beta371",0.958529,0.004357,220.011809,0,"DowJones VXN",0.0889383912968095
"m371",18.170813,0.11115,163.480397,0,"DowJones VXN",89829.146495
"theta371",0.097866,0.001938,50.491652,0,"DowJones VXN",89867.32655
"w2371",1.001,0.069798,14.341408,0,"DowJones VXN",-44908.5732476776
"alpha372",0.001871,0.000328,5.703491,0,"DowJones NewOrders",3.52090506011245
"gamma372",0.036506,0.007232,5.047995,0,"DowJones NewOrders",0.101099175526183
"beta372",0.97177,0.004887,198.861845,0,"DowJones NewOrders",0.00355960598683333
"m372",18.972443,0.083565,227.03934,0,"DowJones NewOrders",90226.32455
"theta372",-0.042745,0.004345,-9.837458,0,"DowJones NewOrders",90264.504605
"w2372",1.005796,0.131165,7.668183,0,"DowJones NewOrders",-45107.1622750601
"alpha373",0.001334,0.000189,7.06978,0,"DowJones DefaultSpread",31.2040092049932
"gamma373",0.026176,0.003824,6.845333,0,"DowJones DefaultSpread",0.208467641171883
"beta373",0.984339,0.002149,458.138792,0,"DowJones DefaultSpread",0.0650502619407065
"m373",18.624598,0.121473,153.323313,0,"DowJones DefaultSpread",89912.022941
"theta373",0.201914,0.003737,54.037824,0,"DowJones DefaultSpread",89950.202995
"w2373",1.056218,0.14719,7.175908,0,"DowJones DefaultSpread",-44950.0114703057
"alpha374",0.046918,0.001579,29.719529,0,"DowJones EquityVolMeasure",217.07047122527
"gamma374",0.076549,0.037536,2.039363,0.041414,"DowJones EquityVolMeasure",0.299442246561331
"beta374",0.001016,0.025253,0.040225,0.967913,"DowJones EquityVolMeasure",0.650000695658215
"m374",19.72715,0.148328,132.996979,0,"DowJones EquityVolMeasure",89644.419453
"theta374",-3.871331,0.282775,-13.690484,0,"DowJones EquityVolMeasure",89682.599508
"w2374",1.020204,0.077439,13.17425,0,"DowJones EquityVolMeasure",-44816.2097266023
"alpha375",0.000205,6e-06,35.012915,0,"DowJones RecessionSpread",8.8413584013031
"gamma375",0.00254,7.4e-05,34.2188,0,"DowJones RecessionSpread",0.116069737629602
"beta375",0.997525,5.4e-05,18385.00662,0,"DowJones RecessionSpread",0.0102621414992853
"m375",18.198298,0.013544,1343.632376,0,"DowJones RecessionSpread",90029.534222
"theta375",5.010136,0.342883,14.611782,0,"DowJones RecessionSpread",90067.714277
"w2375",1.32267,0.110098,12.013608,0,"DowJones RecessionSpread",-45008.7671110116
"alpha376",0.000208,6e-06,34.512291,0,"DowJones CitiSurprise",3.25706855801066
"gamma376",0.002128,5.5e-05,38.658984,0,"DowJones CitiSurprise",0.107451053308394
"beta376",0.997728,3.7e-05,26704.6528,0,"DowJones CitiSurprise",0.00349975447255898
"m376",18.346956,0.012825,1430.591998,0,"DowJones CitiSurprise",90090.92332
"theta376",-0.004017,0.000799,-5.024828,1e-06,"DowJones CitiSurprise",90129.103375
"w2376",3.170299,1.312146,2.416118,0.015687,"DowJones CitiSurprise",-45039.461660201
"alpha377",0.001006,6.7e-05,15.077918,0,"DowJones MOVE",37.5242756310529
"gamma377",0.03179,0.001546,20.563665,0,"DowJones MOVE",0.382542260923687
"beta377",0.981694,0.000861,1139.884314,0,"DowJones MOVE",0.143546212394266
"m377",17.842017,0.060805,293.427903,0,"DowJones MOVE",89610.529897
"theta377",0.023142,0.000463,50.030237,0,"DowJones MOVE",89648.709952
"w2377",1.001001,0.140901,7.104291,0,"DowJones MOVE",-44799.264948642
"alpha378",0.034241,0.002505,13.671264,0,"Canada HousingStart",248.585485528539
"gamma378",1.73337,0.135953,12.749733,0,"Canada HousingStart",0.206649610888832
"beta378",0.033042,0.066527,0.496672,0.619421,"Canada HousingStart",0.51370093857084
"m378",15.864922,0.198984,79.729711,0,"Canada HousingStart",81180.297248
"theta378",-0.289687,0.02267,-12.778456,0,"Canada HousingStart",81218.477303
"w2378",1.052175,0.087595,12.011843,0,"Canada HousingStart",-40584.1486239752
"alpha379",0.034403,0.005391,6.381088,0,"Canada IndProd",115.431302761833
"gamma379",1.79237,0.278416,6.437731,0,"Canada IndProd",0.216342483001587
"beta379",0.002121,0.155835,0.013613,0.989139,"Canada IndProd",0.249726946556029
"m379",16.736464,0.079569,210.339838,0,"Canada IndProd",81266.172965
"theta379",-0.839511,0.061394,-13.674149,0,"Canada IndProd",81304.35302
"w2379",1.139229,0.135318,8.418897,0,"Canada IndProd",-40627.0864826043
"alpha380",0.000159,7e-06,21.469441,0,"Canada CoreInflation",12.1386885268136
"gamma380",0.006282,0.000384,16.379507,0,"Canada CoreInflation",0.133332753909425
"beta380",0.9957,0.000201,4958.782257,0,"Canada CoreInflation",0.0161848477012879
"m380",16.032041,0.044762,358.163993,0,"Canada CoreInflation",81498.628713
"theta380",-0.019395,0.002161,-8.975875,0,"Canada CoreInflation",81536.808768
"w2380",10.913802,0.039964,273.090255,0,"Canada CoreInflation",-40743.3143566968
"alpha381",0.033883,0.000988,34.301929,0,"Canada PPI",236.022636436095
"gamma381",1.795553,0.038036,47.206274,0,"Canada PPI",0.194039205187583
"beta381",0.004662,0.012709,0.366856,0.713727,"Canada PPI",0.457976447803377
"m381",17.119667,0.150775,113.544162,0,"Canada PPI",81297.407809
"theta381",-0.663968,0.0448,-14.82085,0,"Canada PPI",81335.587863
"w2381",2.37469,0.116103,20.453261,0,"Canada PPI",-40642.7039042686
"alpha382",0.001597,0.000871,1.833021,0.066799,"Canada GDP",72.2605883578167
"gamma382",0.09117,0.050572,1.802769,0.071425,"Canada GDP",0.246476118466286
"beta382",0.950129,0.02672,35.559023,0,"Canada GDP",0.178105093365247
"m382",18.659753,0.456062,40.914905,0,"Canada GDP",81599.226758
"theta382",-0.952121,0.209996,-4.534004,6e-06,"Canada GDP",81637.406813
"w2382",1.734996,0.16819,10.315684,0,"Canada GDP",-40793.6133790275
"alpha383",0.022001,0.251662,0.087421,0.930337,"Canada UMich",9.19758119799978
"gamma383",0.80187,27.780828,0.028864,0.976973,"Canada UMich",0.0516932732632818
"beta383",0.001906,9.130114,0.000209,0.999833,"Canada UMich",0.00475453078229425
"m383",16.138905,15.327739,1.052921,0.292377,"Canada UMich",81738.623769
"theta383",-0.153814,2.906938,-0.052913,0.957801,"Canada UMich",81776.803824
"w2383",1.001,33.798871,0.029616,0.976373,"Canada UMich",-40863.3118844157
"alpha384",0.033904,0.001578,21.484618,0,"Canada StLouisStress",130.450261449943
"gamma384",1.891391,0.063634,29.722901,0,"Canada StLouisStress",0.226137147592336
"beta384",0.001112,0.035719,0.031121,0.975173,"Canada StLouisStress",0.294996500269646
"m384",17.290626,0.205035,84.32996,0,"Canada StLouisStress",81003.958409
"theta384",1.124048,0.035154,31.975171,0,"Canada StLouisStress",81042.138464
"w2384",1.252911,0.037504,33.407224,0,"Canada StLouisStress",-40495.9792044515
"alpha385",0.020998,0.010627,1.97593,0.048163,"Canada GEPU",9.76562193092351
"gamma385",0.887514,0.281931,3.147983,0.001644,"Canada GEPU",0.0472266750301178
"beta385",0.007287,0.445885,0.016343,0.986961,"Canada GEPU",0.00461197853398716
"m385",16.20459,0.155369,104.297417,0,"Canada GEPU",81741.005637
"theta385",-0.052148,0.010291,-5.067193,0,"Canada GEPU",81779.185692
"w2385",1.001,0.837394,1.195375,0.23194,"Canada GEPU",-40864.5028185299
"alpha386",0.018515,0.002229,8.306774,0,"Canada GPR",45.0062699750006
"gamma386",0.716943,0.150503,4.763647,2e-06,"Canada GPR",0.0886090192685023
"beta386",0.001113,0.10807,0.010295,0.991786,"Canada GPR",0.0398796144341824
"m386",16.398919,0.103806,157.975915,0,"Canada GPR",81664.071884
"theta386",0.155159,0.016069,9.656052,0,"Canada GPR",81702.251939
"w2386",1.001,0.121019,8.271443,0,"Canada GPR",-40826.0359419737
"alpha387",0.032307,0.006182,5.226226,0,"Canada BKK",296.970954459378
"gamma387",1.910754,0.325806,5.864697,0,"Canada BKK",0.391569258016862
"beta387",0.001076,0.174382,0.006173,0.995075,"Canada BKK",1.16284696290218
"m387",18.359266,0.737929,24.879435,0,"Canada BKK",81166.195022
"theta387",2.505549,0.433901,5.774466,0,"Canada BKK",81204.375076
"w2387",1.001,0.153379,6.526299,0,"Canada BKK",-40577.0975108177
"alpha388",0.003607,0.001435,2.513411,0.011957,"Canada Unemployment",64.7737235753445
"gamma388",0.230433,0.090857,2.536211,0.011206,"Canada Unemployment",0.26774388817602
"beta388",0.875636,0.048856,17.922832,0,"Canada Unemployment",0.173427686017015
"m388",17.916285,0.490544,36.523319,0,"Canada Unemployment",81388.865824
"theta388",5.546738,0.214045,25.913828,0,"Canada Unemployment",81427.045878
"w2388",1.45719,0.182353,7.991022,0,"Canada Unemployment",-40688.4329117626
"alpha389",0.006972,0.000674,10.347883,0,"Canada CFNAI",118.155236313931
"gamma389",0.407672,0.034002,11.989543,0,"Canada CFNAI",0.22303070861837
"beta389",0.788192,0.017656,44.642077,0,"Canada CFNAI",0.26352246082067
"m389",18.642807,0.130641,142.70226,0,"Canada CFNAI",81039.033508
"theta389",-1.623739,0.077696,-20.898687,0,"Canada CFNAI",81077.213563
"w2389",1.175907,0.074802,15.720186,0,"Canada CFNAI",-40513.516754159
"alpha390",0.006999,0.000554,12.626823,0,"Canada VIX",130.234370144213
"gamma390",0.461266,0.03505,13.16011,0,"Canada VIX",0.229333878495038
"beta390",0.761368,0.017892,42.552363,0,"Canada VIX",0.298671532185309
"m390",16.226106,0.176839,91.75621,0,"Canada VIX",80951.516786
"theta390",0.173445,0.004143,41.866167,0,"Canada VIX",80989.696841
"w2390",1.678868,0.064041,26.215541,0,"Canada VIX",-40469.7583930194
"alpha391",0.006841,0.000477,14.35041,0,"Canada VXN",106.823151962348
"gamma391",0.480055,0.027435,17.498181,0,"Canada VXN",0.249794064943211
"beta391",0.751917,0.014066,53.45506,0,"Canada VXN",0.266837893587213
"m391",16.022344,0.220047,72.813171,0,"Canada VXN",80987.456233
"theta391",0.168284,0.003943,42.674858,0,"Canada VXN",81025.636288
"w2391",1.395924,0.079885,17.474276,0,"Canada VXN",-40487.7281167232
"alpha392",0.000142,1.1e-05,13.217217,0,"Canada TermSpread",12.4059179586511
"gamma392",0.005438,0.000729,7.462448,0,"Canada TermSpread",0.11456346690953
"beta392",0.996139,0.000268,3714.878482,0,"Canada TermSpread",0.0142126497153826
"m392",15.977975,0.11375,140.466253,0,"Canada TermSpread",81452.703603
"theta392",3.935871,0.89935,4.376349,1.2e-05,"Canada TermSpread",81490.883658
"w2392",1.805235,0.124999,14.442011,0,"Canada TermSpread",-40720.3518017231
"alpha393",0.036623,0.004694,7.801635,0,"Canada NewOrders",203.651556229901
"gamma393",1.883311,0.216208,8.710644,0,"Canada NewOrders",0.221377316967777
"beta393",0.001051,0.124232,0.008461,0.993249,"Canada NewOrders",0.450838351144878
"m393",17.020061,0.588562,28.918045,0,"Canada NewOrders",81166.18269
"theta393",-0.48026,0.0613,-7.834588,0,"Canada NewOrders",81204.362745
"w2393",1.083664,0.052079,20.80788,0,"Canada NewOrders",-40577.0913451188
"alpha394",0.031648,0.002672,11.843099,0,"Canada DefaultSpread",120.563877401098
"gamma394",1.868553,0.151395,12.342208,0,"Canada DefaultSpread",0.227216130118635
"beta394",0.001277,0.080381,0.015884,0.987327,"Canada DefaultSpread",0.27394057655175
"m394",14.882321,0.17718,83.995679,0,"Canada DefaultSpread",80948.505453
"theta394",0.404389,0.007748,52.194608,0,"Canada DefaultSpread",80986.685508
"w2394",1.939183,0.059059,32.834818,0,"Canada DefaultSpread",-40468.2527265244
"alpha395",0.011596,0.000848,13.67115,0,"Canada EquityVolMeasure",269.023337839829
"gamma395",-0.177682,0.150701,-1.179038,0.238383,"Canada EquityVolMeasure",0.446532323430375
"beta395",0.001002,0.01348,0.074307,0.940766,"Canada EquityVolMeasure",1.20127616102614
"m395",18.109913,0.233601,77.525009,0,"Canada EquityVolMeasure",80649.532187
"theta395",-5.256348,0.451261,-11.648144,0,"Canada EquityVolMeasure",80687.712242
"w2395",1.11714,0.072755,15.354716,0,"Canada EquityVolMeasure",-40318.7660937418
"alpha396",0.000107,5e-06,22.30901,0,"Canada RecessionSpread",13.7358357098898
"gamma396",0.004162,0.00016,25.93235,0,"Canada RecessionSpread",0.0931430291355095
"beta396",0.996812,9.1e-05,10921.014213,0,"Canada RecessionSpread",0.0127939734572684
"m396",15.816443,0.038735,408.322217,0,"Canada RecessionSpread",81473.100787
"theta396",5.68219,0.183413,30.980341,0,"Canada RecessionSpread",81511.280842
"w2396",1.073873,0.081174,13.229289,0,"Canada RecessionSpread",-40730.5503933739
"alpha397",0.034746,0.00152,22.852177,0,"Canada CitiSurprise",405.242213287755
"gamma397",1.80401,0.045224,39.890538,0,"Canada CitiSurprise",0.163324781956417
"beta397",0.01647,0.018567,0.887037,0.375059,"Canada CitiSurprise",0.661860961247585
"m397",17.378486,0.026351,659.494476,0,"Canada CitiSurprise",81485.774476
"theta397",-0.067728,0.008548,-7.923535,0,"Canada CitiSurprise",81523.954531
"w2397",1.001,0.094045,10.643853,0,"Canada CitiSurprise",-40736.8872382204
"alpha398",0.000568,6.8e-05,8.372286,0,"Canada MOVE",56.292573002302
"gamma398",0.063954,0.005004,12.77934,0,"Canada MOVE",0.442932968608262
"beta398",0.965916,0.002487,388.420433,0,"Canada MOVE",0.249338364705069
"m398",15.374016,0.196945,78.062448,0,"Canada MOVE",80698.751396
"theta398",0.030439,0.000497,61.259218,0,"Canada MOVE",80736.931451
"w2398",1.259597,0.17832,7.063703,0,"Canada MOVE",-40343.3756980175
"alpha399",0.126769,0.018397,6.890721,0,"NASDAQ HousingStart",8.21064990325224
"gamma399",0.703304,0.023807,29.541427,0,"NASDAQ HousingStart",0.261797075164508
"beta399",0.043347,0.137604,0.315012,0.752752,"NASDAQ HousingStart",0.0214952412987119
"m399",16.803684,0.128989,130.271973,0,"NASDAQ HousingStart",83549.807995
"theta399",-0.059247,0.001657,-35.748942,0,"NASDAQ HousingStart",83587.988049
"w2399",1.001,0.064136,15.60757,0,"NASDAQ HousingStart",-41768.9039972677
"alpha400",0.087993,0.013448,6.54304,0,"NASDAQ IndProd",1.43130855841439
"gamma400",0.73127,0.129764,5.635375,0,"NASDAQ IndProd",0.215703634440909
"beta400",0.319149,0.104284,3.060369,0.002211,"NASDAQ IndProd",0.00308738458056362
"m400",17.318151,0.073876,234.421409,0,"NASDAQ IndProd",83696.18467
"theta400",-0.093498,0.00782,-11.956171,0,"NASDAQ IndProd",83734.364724
"w2400",1.001,0.082044,12.200721,0,"NASDAQ IndProd",-41842.0923348064
"alpha401",0.079172,0.003432,23.068026,0,"NASDAQ CoreInflation",0.881837302348488
"gamma401",0.673085,0.021732,30.972464,0,"NASDAQ CoreInflation",0.204814012916386
"beta401",0.378953,0.02262,16.753268,0,"NASDAQ CoreInflation",0.00180612636633354
"m401",17.344919,0.061796,280.678435,0,"NASDAQ CoreInflation",83711.710083
"theta401",-0.008129,0.000907,-8.967092,0,"NASDAQ CoreInflation",83749.890138
"w2401",2.316525,0.038888,59.568635,0,"NASDAQ CoreInflation",-41849.8550417112
"alpha402",0.120753,0.050161,2.407323,0.01607,"NASDAQ PPI",1.5088226330588
"gamma402",0.569827,0.184945,3.081066,0.002063,"NASDAQ PPI",0.204256956989321
"beta402",0.006302,0.415264,0.015175,0.987892,"NASDAQ PPI",0.00308187519665205
"m402",16.740934,0.047434,352.933216,0,"NASDAQ PPI",83706.682317
"theta402",0.060795,0.009954,6.107669,0,"NASDAQ PPI",83744.862372
"w2402",1.001,0.477114,2.098033,0.035902,"NASDAQ PPI",-41847.341158447
"alpha403",0.00862,0.008974,0.960641,0.336733,"NASDAQ GDP",5.10817074600552
"gamma403",0.084104,0.091126,0.922942,0.356038,"NASDAQ GDP",0.228218173308972
"beta403",0.939896,0.063716,14.751268,0,"NASDAQ GDP",0.0116577739660371
"m403",18.26073,0.159537,114.460527,0,"NASDAQ GDP",83696.643877
"theta403",-0.256768,0.04173,-6.153063,0,"NASDAQ GDP",83734.823932
"w2403",1.001001,0.185343,5.400807,0,"NASDAQ GDP",-41842.3219384324
"alpha404",0.125596,0.0075,16.746794,0,"NASDAQ UMich",1.74100528288421
"gamma404",0.51965,0.074015,7.02083,0,"NASDAQ UMich",0.215893611401183
"beta404",0.002058,0.054585,0.037701,0.969926,"NASDAQ UMich",0.0037587191799041
"m404",16.715332,0.037095,450.602989,0,"NASDAQ UMich",83701.980021
"theta404",-0.136761,0.012807,-10.678929,0,"NASDAQ UMich",83740.160076
"w2404",1.001004,0.079331,12.61812,0,"NASDAQ UMich",-41844.9900104045
"alpha405",0.000609,1.4e-05,43.592351,0,"NASDAQ StLouisStress",4.21977429474907
"gamma405",0.002878,0.000126,22.929747,0,"NASDAQ StLouisStress",0.260487874179755
"beta405",0.996952,7.4e-05,13538.295246,0,"NASDAQ StLouisStress",0.0109920003555756
"m405",16.999994,0.014983,1134.653798,0,"NASDAQ StLouisStress",83504.805538
"theta405",0.217832,0.006392,34.076983,0,"NASDAQ StLouisStress",83542.985593
"w2405",1.001,0.113456,8.822783,0,"NASDAQ StLouisStress",-41746.4027690856
"alpha406",0.002352,0.000329,7.142203,0,"NASDAQ GEPU",0.630832853837362
"gamma406",0.020251,0.003075,6.586292,0,"NASDAQ GEPU",0.215650388994961
"beta406",0.98279,0.002496,393.673214,0,"NASDAQ GEPU",0.00136039350320829
"m406",17.504758,0.044698,391.626189,0,"NASDAQ GEPU",83713.527574
"theta406",0.022387,0.004159,5.382607,0,"NASDAQ GEPU",83751.707629
"w2406",2.409853,0.059582,40.445897,0,"NASDAQ GEPU",-41850.7637871901
"alpha407",0.1179,0.06428,1.83415,0.066632,"NASDAQ GPR",10.4521919398823
"gamma407",0.54262,0.587114,0.924217,0.355374,"NASDAQ GPR",0.218159367476047
"beta407",0.001389,0.54415,0.002554,0.997963,"NASDAQ GPR",0.0228024358234297
"m407",16.920864,0.241281,70.12942,0,"NASDAQ GPR",83662.471568
"theta407",0.117309,0.006976,16.816694,0,"NASDAQ GPR",83700.651622
"w2407",1.118455,0.090855,12.31036,0,"NASDAQ GPR",-41825.2357838327
"alpha408",0.003577,0.001032,3.465944,0.000528,"NASDAQ BKK",0.152384624598192
"gamma408",0.032667,0.01058,3.087583,0.002018,"NASDAQ BKK",0.207087472235585
"beta408",0.972962,0.008013,121.422316,0,"NASDAQ BKK",0.000315569467156082
"m408",17.557493,0.11986,146.483082,0,"NASDAQ BKK",83719.295343
"theta408",0.041275,0.017979,2.295753,0.02169,"NASDAQ BKK",83757.475398
"w2408",1.001002,0.047683,20.992637,0,"NASDAQ BKK",-41853.6476714994
"alpha409",0.134857,0.026751,5.0412,0,"NASDAQ Unemployment",9.88795166813424
"gamma409",0.773779,0.195958,3.948706,7.9e-05,"NASDAQ Unemployment",0.272030716821401
"beta409",0.002079,0.192776,0.010785,0.991395,"NASDAQ Unemployment",0.0268982658017793
"m409",16.887569,0.357299,47.264544,0,"NASDAQ Unemployment",83613.21553
"theta409",2.240259,0.119341,18.771907,0,"NASDAQ Unemployment",83651.395585
"w2409",1.001,0.169344,5.911041,0,"NASDAQ Unemployment",-41800.6077651266
"alpha410",0.002816,0.000513,5.494825,0,"NASDAQ CFNAI",10.204979085447
"gamma410",0.027896,0.005556,5.020941,1e-06,"NASDAQ CFNAI",0.286479092882691
"beta410",0.980914,0.003588,273.352862,0,"NASDAQ CFNAI",0.0292351315128568
"m410",17.974156,0.097773,183.83636,0,"NASDAQ CFNAI",83517.861174
"theta410",-0.542062,0.018077,-29.986929,0,"NASDAQ CFNAI",83556.041229
"w2410",1.001,0.306013,3.271099,0.001071,"NASDAQ CFNAI",-41752.930586946
"alpha411",0.001861,0.000187,9.959639,0,"NASDAQ VIX",17.2496713495214
"gamma411",0.019174,0.002143,8.947886,0,"NASDAQ VIX",0.35701628651485
"beta411",0.987552,0.001273,775.883993,0,"NASDAQ VIX",0.0615841360880772
"m411",16.86638,0.162278,103.93537,0,"NASDAQ VIX",83390.194792
"theta411",0.08011,0.00273,29.343429,0,"NASDAQ VIX",83428.374847
"w2411",1.061237,0.158637,6.689713,0,"NASDAQ VIX",-41689.0973959312
"alpha412",0.002843,0.000437,6.509707,0,"NASDAQ VXN",14.5354373890737
"gamma412",0.033315,0.005422,6.144536,0,"NASDAQ VXN",0.360351222924445
"beta412",0.978809,0.00332,294.832949,0,"NASDAQ VXN",0.0523786263889442
"m412",16.907338,0.132594,127.511706,0,"NASDAQ VXN",83450.902546
"theta412",0.075104,0.002225,33.760662,0,"NASDAQ VXN",83489.082601
"w2412",1.001,0.164107,6.099671,0,"NASDAQ VXN",-41719.451273246
"alpha413",0.000496,1e-05,51.337471,0,"NASDAQ TermSpread",2.45480719464913
"gamma413",0.002092,5.6e-05,37.639304,0,"NASDAQ TermSpread",0.231494959301878
"beta413",0.997458,4.4e-05,22561.918015,0,"NASDAQ TermSpread",0.0056827549161926
"m413",16.918536,0.010258,1649.228808,0,"NASDAQ TermSpread",83543.915923
"theta413",2.691074,0.083931,32.062917,0,"NASDAQ TermSpread",83582.095978
"w2413",1.168583,0.125427,9.316875,0,"NASDAQ TermSpread",-41765.9579617439
"alpha414",0.004188,0.000869,4.817354,1e-06,"NASDAQ NewOrders",0.253130557330328
"gamma414",0.03838,0.008343,4.60034,4e-06,"NASDAQ NewOrders",0.210955014170526
"beta414",0.968958,0.006566,147.581572,0,"NASDAQ NewOrders",0.000533991603086126
"m414",17.601277,0.093669,187.908831,0,"NASDAQ NewOrders",83715.692181
"theta414",-0.016543,0.00364,-4.545261,5e-06,"NASDAQ NewOrders",83753.872236
"w2414",1.048884,0.124985,8.392058,0,"NASDAQ NewOrders",-41851.8460904155
"alpha415",0.000713,7.2e-05,9.969569,0,"NASDAQ DefaultSpread",7.88465696185114
"gamma415",0.003904,0.000681,5.729918,0,"NASDAQ DefaultSpread",0.274685427360321
"beta415",0.996335,5e-04,1991.349236,0,"NASDAQ DefaultSpread",0.0216580036715561
"m415",16.468701,0.074987,219.620898,0,"NASDAQ DefaultSpread",83453.116179
"theta415",0.116602,0.021264,5.483481,0,"NASDAQ DefaultSpread",83491.296234
"w2415",1.001,2.103771,0.475812,0.634208,"NASDAQ DefaultSpread",-41720.5580894311
"alpha416",0.069574,0.003834,18.144754,0,"NASDAQ EquityVolMeasure",141.496376132616
"gamma416",-0.217108,0.028008,-7.751595,0,"NASDAQ EquityVolMeasure",0.431424004836031
"beta416",0.007682,0.02555,0.30065,0.763681,"NASDAQ EquityVolMeasure",0.610449332609186
"m416",18.146875,0.083593,217.085235,0,"NASDAQ EquityVolMeasure",83122.97341
"theta416",-3.718084,0.138189,-26.905813,0,"NASDAQ EquityVolMeasure",83161.153465
"w2416",1.413968,0.073792,19.161655,0,"NASDAQ EquityVolMeasure",-41555.4867052107
"alpha417",0.069574,0.003834,18.144754,0,"NASDAQ EquityVolMeasure",141.496376132616
"gamma417",-0.217108,0.028008,-7.751595,0,"NASDAQ EquityVolMeasure",0.431424004836031
"beta417",0.007682,0.02555,0.30065,0.763681,"NASDAQ EquityVolMeasure",0.610449332609186
"m417",18.146875,0.083593,217.085235,0,"NASDAQ EquityVolMeasure",83122.97341
"theta417",-3.718084,0.138189,-26.905813,0,"NASDAQ EquityVolMeasure",83161.153465
"w2417",1.413968,0.073792,19.161655,0,"NASDAQ EquityVolMeasure",-41555.4867052107
"alpha418",0.000504,1e-05,48.336003,0,"NASDAQ CitiSurprise",0.407600831204789
"gamma418",0.002066,4.6e-05,44.616885,0,"NASDAQ CitiSurprise",0.229534052628024
"beta418",0.997463,3.6e-05,27403.883516,0,"NASDAQ CitiSurprise",0.000935582706409862
"m418",16.929216,0.009456,1790.392495,0,"NASDAQ CitiSurprise",83593.230035
"theta418",-0.001657,0.000272,-6.080511,0,"NASDAQ CitiSurprise",83631.41009
"w2418",6.91642,0.012563,550.548848,0,"NASDAQ CitiSurprise",-41790.6150174753
"alpha419",0.001905,0.000114,16.674958,0,"NASDAQ MOVE",20.9599035153934
"gamma419",0.024051,0.00138,17.430503,0,"NASDAQ MOVE",0.430471167984918
"beta419",0.98503,0.000778,1265.847643,0,"NASDAQ MOVE",0.0902263414712258
"m419",16.895749,0.096964,174.247496,0,"NASDAQ MOVE",83286.230597
"theta419",0.018311,0.000433,42.299645,0,"NASDAQ MOVE",83324.410652
"w2419",1.257525,0.118235,10.635783,0,"NASDAQ MOVE",-41637.1152986396
"alpha420",0.101722,0.02303,4.417004,1e-05,"NASDAQ100 HousingStart",6.6488935971824
"gamma420",0.660941,0.158127,4.179805,2.9e-05,"NASDAQ100 HousingStart",0.316221734705519
"beta420",0.361554,0.143594,2.517886,0.011806,"NASDAQ100 HousingStart",0.0210252466717344
"m420",17.418031,0.036921,471.764294,0,"NASDAQ100 HousingStart",84296.855002
"theta420",-0.058596,0.001492,-39.260713,0,"NASDAQ100 HousingStart",84335.035057
"w2420",1.001,0.068869,14.534745,0,"NASDAQ100 HousingStart",-42142.4275011643
"alpha421",0.000654,1.3e-05,49.700944,0,"NASDAQ100 IndProd",0.0973332510922857
"gamma421",0.001988,5.3e-05,37.736747,0,"NASDAQ100 IndProd",0.283164047904913
"beta421",0.997352,3.8e-05,26413.177572,0,"NASDAQ100 IndProd",0.00027561277375037
"m421",17.13826,0.008975,1909.469948,0,"NASDAQ100 IndProd",84318.224296
"theta421",-0.027935,0.007991,-3.496006,0.000472,"NASDAQ100 IndProd",84356.40435
"w2421",1.001005,0.061828,16.190258,0,"NASDAQ100 IndProd",-42153.1121478269
"alpha422",0.000648,1.3e-05,49.953651,0,"NASDAQ100 CoreInflation",0.116607800574846
"gamma422",0.001951,5.1e-05,38.452025,0,"NASDAQ100 CoreInflation",0.283128687589889
"beta422",0.997377,3.8e-05,26263.799525,0,"NASDAQ100 CoreInflation",0.000330150135394995
"m422",17.130677,0.008562,2000.703788,0,"NASDAQ100 CoreInflation",84317.961477
"theta422",-0.002989,0.000701,-4.264202,2e-05,"NASDAQ100 CoreInflation",84356.141532
"w2422",6.047624,0.014689,411.698081,0,"NASDAQ100 CoreInflation",-42152.9807387406
"alpha423",0.000641,1.3e-05,48.018738,0,"NASDAQ100 PPI",0.448756950607453
"gamma423",0.001945,4.6e-05,42.178209,0,"NASDAQ100 PPI",0.282628544914296
"beta423",0.997386,3.5e-05,28583.426704,0,"NASDAQ100 PPI",0.00126831523970361
"m423",17.112035,0.008784,1948.139221,0,"NASDAQ100 PPI",84310.873879
"theta423",0.038686,0.005427,7.128781,0,"NASDAQ100 PPI",84349.053934
"w2423",1.237575,0.117171,10.562146,0,"NASDAQ100 PPI",-42149.4369396256
"alpha424",0.000637,1.3e-05,48.546452,0,"NASDAQ100 GDP",0.192913386029435
"gamma424",0.001946,4.8e-05,40.602459,0,"NASDAQ100 GDP",0.280255179639404
"beta424",0.99739,3.6e-05,27614.685244,0,"NASDAQ100 GDP",0.000540649756565249
"m424",17.105674,0.009609,1780.104671,0,"NASDAQ100 GDP",84318.844481
"theta424",0.027881,0.00303,9.202677,0,"NASDAQ100 GDP",84357.024536
"w2424",10.008029,3.492317,2.865728,0.004161,"NASDAQ100 GDP",-42153.4222405433
"alpha425",0.113633,0.040592,2.799412,0.00512,"NASDAQ100 UMich",1.25749883705592
"gamma425",0.595324,0.22374,2.660786,0.007796,"NASDAQ100 UMich",0.2683316134442
"beta425",0.260708,0.266117,0.979671,0.327249,"NASDAQ100 UMich",0.00337426691851421
"m425",17.208323,0.015246,1128.717758,0,"NASDAQ100 UMich",84451.925936
"theta425",-0.129718,0.012482,-10.3926,0,"NASDAQ100 UMich",84490.105991
"w2425",1.056357,0.364197,2.900507,0.003726,"NASDAQ100 UMich",-42219.9629680781
"alpha426",0.000779,3.9e-05,20.065058,0,"NASDAQ100 StLouisStress",3.05640797037447
"gamma426",0.002805,0.000294,9.536416,0,"NASDAQ100 StLouisStress",0.314706363654999
"beta426",0.996818,0.000183,5452.864442,0,"NASDAQ100 StLouisStress",0.00961871038202704
"m426",17.226841,0.04881,352.933603,0,"NASDAQ100 StLouisStress",84239.686969
"theta426",0.203771,0.021252,9.588432,0,"NASDAQ100 StLouisStress",84277.867024
"w2426",1.001,1.407514,0.711183,0.476971,"NASDAQ100 StLouisStress",-42113.8434845814
"alpha427",0.000638,1.2e-05,52.640872,0,"NASDAQ100 GEPU",0.287570689152447
"gamma427",0.001969,5e-05,39.663007,0,"NASDAQ100 GEPU",0.283550179201294
"beta427",0.997378,3.8e-05,26190.476864,0,"NASDAQ100 GEPU",0.000815407204422158
"m427",17.143607,0.008655,1980.715894,0,"NASDAQ100 GEPU",84314.200812
"theta427",0.009653,0.001804,5.350602,0,"NASDAQ100 GEPU",84352.380867
"w2427",6.755806,0.00919,735.126027,0,"NASDAQ100 GEPU",-42151.1004062079
"alpha428",0.144759,0.029909,4.840032,1e-06,"NASDAQ100 GPR",8.55754561713154
"gamma428",0.542891,0.123746,4.387131,1.1e-05,"NASDAQ100 GPR",0.270217793668511
"beta428",0.002262,0.204634,0.011053,0.991181,"NASDAQ100 GPR",0.0231240109587892
"m428",17.131748,0.014419,1188.168204,0,"NASDAQ100 GPR",84409.651172
"theta428",0.11814,0.006934,17.038882,0,"NASDAQ100 GPR",84447.831227
"w2428",1.117189,0.063057,17.717233,0,"NASDAQ100 GPR",-42198.8255859438
"alpha429",0.00066,1.4e-05,45.961879,0,"NASDAQ100 BKK",0.048385886586818
"gamma429",0.001994,4.9e-05,40.356695,0,"NASDAQ100 BKK",0.279167052143449
"beta429",0.997343,3.6e-05,27471.643169,0,"NASDAQ100 BKK",0.000135077453237892
"m429",17.134186,0.008545,2005.255391,0,"NASDAQ100 BKK",84320.216395
"theta429",-0.022834,0.013211,-1.728392,0.083918,"NASDAQ100 BKK",84358.39645
"w2429",22.727642,0.013196,1722.262046,0,"NASDAQ100 BKK",-42154.1081976394
"alpha430",0.082702,0.013787,5.998778,0,"NASDAQ100 Unemployment",6.97060751664353
"gamma430",0.636729,0.094677,6.725267,0,"NASDAQ100 Unemployment",0.314898392967738
"beta430",0.488876,0.084976,5.753133,0,"NASDAQ100 Unemployment",0.0219503310499988
"m430",17.87223,0.121108,147.572239,0,"NASDAQ100 Unemployment",84379.083995
"theta430",2.023749,0.111005,18.231152,0,"NASDAQ100 Unemployment",84417.26405
"w2430",1.001,0.137665,7.271298,0,"NASDAQ100 Unemployment",-42183.5419975742
"alpha431",0.000722,1.5e-05,48.75091,0,"NASDAQ100 CFNAI",3.50500824275066
"gamma431",0.002445,1e-04,24.365061,0,"NASDAQ100 CFNAI",0.32484151145293
"beta431",0.997056,6.1e-05,16469.627814,0,"NASDAQ100 CFNAI",0.011385721752301
"m431",17.073244,0.009812,1739.954548,0,"NASDAQ100 CFNAI",84226.653678
"theta431",-0.33828,0.012107,-27.941007,0,"NASDAQ100 CFNAI",84264.833733
"w2431",1.001,0.13836,7.234752,0,"NASDAQ100 CFNAI",-42107.3268389301
"alpha432",0.001851,0.000134,13.821149,0,"NASDAQ100 VIX",11.9006178501202
"gamma432",0.013756,0.001018,13.507449,0,"NASDAQ100 VIX",0.39329918639912
"beta432",0.990271,0.000744,1331.515151,0,"NASDAQ100 VIX",0.0468050331809911
"m432",17.00162,0.056206,302.485559,0,"NASDAQ100 VIX",84165.244278
"theta432",0.06987,0.00229,30.516498,0,"NASDAQ100 VIX",84203.424333
"w2432",1.002982,0.093095,10.77378,0,"NASDAQ100 VIX",-42076.6221390133
"alpha433",0.002236,0.000241,9.285244,0,"NASDAQ100 VXN",9.87441474552013
"gamma433",0.018453,0.002309,7.991706,0,"NASDAQ100 VXN",0.407106355776482
"beta433",0.987401,0.001437,687.317978,0,"NASDAQ100 VXN",0.0401993700247426
"m433",17.126802,0.099822,171.57332,0,"NASDAQ100 VXN",84238.035588
"theta433",0.065795,0.001777,37.015832,0,"NASDAQ100 VXN",84276.215643
"w2433",1.001,0.153665,6.514181,0,"NASDAQ100 VXN",-42113.0177941665
"alpha434",0.000638,1.1e-05,57.134842,0,"NASDAQ100 TermSpread",2.04119157402978
"gamma434",0.001983,5.8e-05,33.923958,0,"NASDAQ100 TermSpread",0.28889012533196
"beta434",0.997371,4.5e-05,22399.108065,0,"NASDAQ100 TermSpread",0.00589680089648004
"m434",17.11813,0.008727,1961.40144,0,"NASDAQ100 TermSpread",84264.398719
"theta434",2.738517,0.159241,17.197295,0,"NASDAQ100 TermSpread",84302.578773
"w2434",1.183728,0.123618,9.575661,0,"NASDAQ100 TermSpread",-42126.1993592706
"alpha435",0.000648,1.3e-05,49.790505,0,"NASDAQ100 NewOrders",0.025958422915959
"gamma435",0.001966,4.9e-05,40.159844,0,"NASDAQ100 NewOrders",0.279000252818121
"beta435",0.997369,3.6e-05,27562.490094,0,"NASDAQ100 NewOrders",7.24240655631228e-05
"m435",17.135468,0.008526,2009.877315,0,"NASDAQ100 NewOrders",84320.24732
"theta435",0.003868,0.002103,1.83894,0.065924,"NASDAQ100 NewOrders",84358.427375
"w2435",16.794673,0.002217,7575.645077,0,"NASDAQ100 NewOrders",-42154.1236601328
"alpha436",0.000909,2.3e-05,40.271829,0,"NASDAQ100 DefaultSpread",6.02227715179994
"gamma436",0.003882,0.000197,19.72594,0,"NASDAQ100 DefaultSpread",0.327641626724664
"beta436",0.996149,0.000121,8244.444518,0,"NASDAQ100 DefaultSpread",0.0197314868260251
"m436",16.739627,0.020169,829.971878,0,"NASDAQ100 DefaultSpread",84190.828008
"theta436",0.111295,0.003235,34.400179,0,"NASDAQ100 DefaultSpread",84229.008063
"w2436",1.001,0.111752,8.957331,0,"NASDAQ100 DefaultSpread",-42089.4140042406
"alpha437",0.08765,0.004974,17.622188,0,"NASDAQ100 EquityVolMeasure",130.333510178387
"gamma437",-0.171481,0.033471,-5.123262,0,"NASDAQ100 EquityVolMeasure",0.45975207949888
"beta437",0.006216,0.022341,0.278242,0.780826,"NASDAQ100 EquityVolMeasure",0.599211023329018
"m437",18.341047,0.036743,499.17213,0,"NASDAQ100 EquityVolMeasure",83899.069572
"theta437",-3.686645,0.094651,-38.950015,0,"NASDAQ100 EquityVolMeasure",83937.249627
"w2437",1.390466,0.06363,21.852219,0,"NASDAQ100 EquityVolMeasure",-41943.5347859175
"alpha438",0.000653,1.5e-05,43.408235,0,"NASDAQ100 RecessionSpread",3.54024229833026
"gamma438",0.00246,8.1e-05,30.404767,0,"NASDAQ100 RecessionSpread",0.280886728136863
"beta438",0.997117,6e-05,16720.355555,0,"NASDAQ100 RecessionSpread",0.00994407075989716
"m438",16.996188,0.010139,1676.318912,0,"NASDAQ100 RecessionSpread",84246.225609
"theta438",5.006075,0.27018,18.528633,0,"NASDAQ100 RecessionSpread",84284.405664
"w2438",1.098451,0.100299,10.951745,0,"NASDAQ100 RecessionSpread",-42117.1128045918
"alpha439",0.000648,1.2e-05,52.853543,0,"NASDAQ100 CitiSurprise",0.281014077762308
"gamma439",0.001934,5.2e-05,36.963725,0,"NASDAQ100 CitiSurprise",0.285463707972568
"beta439",0.997385,3.7e-05,26695.955375,0,"NASDAQ100 CitiSurprise",0.000802193206305199
"m439",17.126518,0.008895,1925.446611,0,"NASDAQ100 CitiSurprise",84315.205611
"theta439",-0.001601,0.000435,-3.676863,0.000236,"NASDAQ100 CitiSurprise",84353.385666
"w2439",5.84999,4.165592,1.40436,0.160212,"NASDAQ100 CitiSurprise",-42151.6028057074
"alpha440",0.001894,0.000289,6.548505,0,"NASDAQ100 MOVE",16.743536211107
"gamma440",0.01808,0.003409,5.304162,0,"NASDAQ100 MOVE",0.477210798926103
"beta440",0.988066,0.001973,500.828594,0,"NASDAQ100 MOVE",0.0799019629215049
"m440",16.979694,0.201467,84.280298,0,"NASDAQ100 MOVE",84044.425636
"theta440",0.017262,0.000425,40.62778,0,"NASDAQ100 MOVE",84082.60569
"w2440",1.049885,0.604125,1.737861,0.082235,"NASDAQ100 MOVE",-42016.2128178296
"alpha441",0.083796,0.025216,3.323115,0.00089,"SP1500 HousingStart",15.239479691769
"gamma441",0.697515,0.159144,4.382921,1.2e-05,"SP1500 HousingStart",0.188793807919619
"beta441",0.001336,0.299294,0.004463,0.996439,"SP1500 HousingStart",0.0287711940172276
"m441",11.138252,0.056152,198.357741,0,"SP1500 HousingStart",59983.01816
"theta441",-0.068545,0.002341,-29.275954,0,"SP1500 HousingStart",60021.198215
"w2441",1.001,0.096112,10.41498,0,"SP1500 HousingStart",-29985.5090800436
"alpha442",0.083658,0.208748,0.40076,0.688597,"SP1500 IndProd",4.77376656496708
"gamma442",0.778259,2.790712,0.278875,0.780341,"SP1500 IndProd",0.153553299362081
"beta442",0.002194,2.488521,0.000882,0.999297,"SP1500 IndProd",0.00733027606435084
"m442",11.324186,0.808383,14.008446,0,"SP1500 IndProd",60129.238705
"theta442",-0.144068,0.015744,-9.150795,0,"SP1500 IndProd",60167.41876
"w2442",1.001,0.677022,1.478535,0.139265,"SP1500 IndProd",-30058.6193525888
"alpha443",0.080191,0.003589,22.343447,0,"SP1500 CoreInflation",2.73158778049334
"gamma443",0.78235,0.057159,13.687137,0,"SP1500 CoreInflation",0.134514909413229
"beta443",0.010065,0.036097,0.278824,0.78038,"SP1500 CoreInflation",0.00367439282847344
"m443",11.369848,0.029709,382.707884,0,"SP1500 CoreInflation",60171.851358
"theta443",-0.01012,0.001145,-8.838032,0,"SP1500 CoreInflation",60210.031413
"w2443",5.513291,0.116929,47.150871,0,"SP1500 CoreInflation",-30079.9256790001
"alpha444",0.079628,0.006428,12.388074,0,"SP1500 PPI",0.462471793652776
"gamma444",0.668205,0.206739,3.232126,0.001229,"SP1500 PPI",0.127962884645096
"beta444",0.002046,0.075825,0.026988,0.978469,"SP1500 PPI",0.000591792247828006
"m444",11.273147,0.134358,83.903759,0,"SP1500 PPI",60186.870734
"theta444",-0.01906,0.013733,-1.387921,0.165161,"SP1500 PPI",60225.050789
"w2444",6.073542,18.581578,0.326858,0.743775,"SP1500 PPI",-30087.4353670433
"alpha445",0.02537,0.025945,0.977839,0.328154,"SP1500 GDP",20.2329018125634
"gamma445",0.394506,0.402574,0.97996,0.327106,"SP1500 GDP",0.179183132059542
"beta445",0.742584,0.264357,2.80902,0.004969,"SP1500 GDP",0.036253947174283
"m445",13.007448,0.15157,85.81797,0,"SP1500 GDP",60138.99535
"theta445",-0.452932,0.049803,-9.094516,0,"SP1500 GDP",60177.175405
"w2445",1.031601,0.192685,5.353828,0,"SP1500 GDP",-30063.4976749648
"alpha446",0.078161,0.011566,6.757532,0,"SP1500 UMich",1.41320250842474
"gamma446",0.539456,0.120522,4.475998,8e-06,"SP1500 UMich",0.131761936493825
"beta446",0.001577,0.146741,0.010747,0.991425,"SP1500 UMich",0.00186206299167974
"m446",11.16032,0.039772,280.606302,0,"SP1500 UMich",60181.711101
"theta446",-0.096259,0.021066,-4.569329,5e-06,"SP1500 UMich",60219.891155
"w2446",1.001,0.371719,2.692898,0.007083,"SP1500 UMich",-30084.8555502571
"alpha447",0.003072,0.000378,8.122926,0,"SP1500 StLouisStress",18.1190229889223
"gamma447",0.051017,0.006279,8.124837,0,"SP1500 StLouisStress",0.224707549881856
"beta447",0.968361,0.003767,257.086749,0,"SP1500 StLouisStress",0.0407148126209376
"m447",12.723727,0.124263,102.393636,0,"SP1500 StLouisStress",59910.754006
"theta447",0.419238,0.007883,53.180206,0,"SP1500 StLouisStress",59948.93406
"w2447",1.001,0.065037,15.391251,0,"SP1500 StLouisStress",-29949.3770027557
"alpha448",0.077886,0.00409,19.044948,0,"SP1500 GEPU",0.0106627973042347
"gamma448",0.635934,0.069609,9.135786,0,"SP1500 GEPU",0.124326347902396
"beta448",0.002196,0.043296,0.050722,0.959547,"SP1500 GEPU",1.32566664725902e-05
"m448",11.248445,0.034319,327.764824,0,"SP1500 GEPU",60190.91115
"theta448",0.001858,0.004842,0.383685,0.701212,"SP1500 GEPU",60229.091205
"w2448",3.235344,0.007588,426.394395,0,"SP1500 GEPU",-30089.4555752184
"alpha449",0.072514,0.090742,0.799125,0.424218,"SP1500 GPR",16.8548693346202
"gamma449",0.517542,1.535493,0.337053,0.736077,"SP1500 GPR",0.148983906058513
"beta449",0.001166,1.249354,0.000933,0.999256,"SP1500 GPR",0.0251110426957756
"m449",11.344236,0.667311,16.999925,0,"SP1500 GPR",60126.556028
"theta449",0.123121,0.007844,15.697134,0,"SP1500 GPR",60164.736083
"w2449",1.001001,0.078532,12.746362,0,"SP1500 GPR",-30057.278014089
"alpha450",0.073824,0.012153,6.074581,0,"SP1500 BKK",2.6980926165548
"gamma450",0.713557,0.155053,4.602019,4e-06,"SP1500 BKK",0.129714465957964
"beta450",0.002481,0.161033,0.015405,0.987709,"SP1500 BKK",0.00349981642861531
"m450",11.365075,0.121728,93.364138,0,"SP1500 BKK",60172.589929
"theta450",0.137456,0.020107,6.836259,0,"SP1500 BKK",60210.769984
"w2450",1.001,0.041116,24.345924,0,"SP1500 BKK",-30080.2949646044
"alpha451",0.089157,0.019191,4.645833,3e-06,"SP1500 Unemployment",18.7612755010029
"gamma451",0.895903,0.292332,3.064671,0.002179,"SP1500 Unemployment",0.21385970409055
"beta451",0.001823,0.21314,0.008552,0.993177,"SP1500 Unemployment",0.0401228082700577
"m451",11.34254,0.335409,33.817071,0,"SP1500 Unemployment",60034.697918
"theta451",2.736098,0.162369,16.85108,0,"SP1500 Unemployment",60072.877973
"w2451",1.001,0.139678,7.166475,0,"SP1500 Unemployment",-30011.3489592303
"alpha452",0.004427,0.000653,6.775536,0,"SP1500 CFNAI",18.986229531998
"gamma452",0.076192,0.011824,6.443804,0,"SP1500 CFNAI",0.222136760378009
"beta452",0.952333,0.006886,138.295564,0,"SP1500 CFNAI",0.0421753952003132
"m452",12.503449,0.19246,64.966391,0,"SP1500 CFNAI",59903.335366
"theta452",-0.651067,0.013829,-47.080667,0,"SP1500 CFNAI",59941.51542
"w2452",1.001,0.109954,9.103833,0,"SP1500 CFNAI",-29945.6676827621
"alpha453",0.002767,0.000259,10.67407,0,"SP1500 VIX",30.8053072948658
"gamma453",0.05266,0.004699,11.206967,0,"SP1500 VIX",0.324459980250264
"beta453",0.969643,0.002624,369.578189,0,"SP1500 VIX",0.0999508939649548
"m453",11.503715,0.121905,94.366419,0,"SP1500 VIX",59727.361994
"theta453",0.102026,0.002252,45.303157,0,"SP1500 VIX",59765.542049
"w2453",1.090032,0.065445,16.655724,0,"SP1500 VIX",-29857.680997132
"alpha454",0.005066,0.000847,5.983472,0,"SP1500 VXN",26.5381836852095
"gamma454",0.105947,0.017469,6.064903,0,"SP1500 VXN",0.326436158147147
"beta454",0.938352,0.010013,93.716465,0,"SP1500 VXN",0.0866302272640309
"m454",11.160301,0.181826,61.379048,0,"SP1500 VXN",59765.307982
"theta454",0.096587,0.002054,47.034139,0,"SP1500 VXN",59803.488037
"w2454",1.001,0.067204,14.894867,0,"SP1500 VXN",-29876.653991116
"alpha455",0.000279,6e-06,45.993444,0,"SP1500 TermSpread",3.63806685624415
"gamma455",0.002088,4.5e-05,46.484703,0,"SP1500 TermSpread",0.145098889772868
"beta455",0.997677,3.9e-05,25727.756067,0,"SP1500 TermSpread",0.00527879461760493
"m455",11.311306,0.011483,985.007394,0,"SP1500 TermSpread",60022.082459
"theta455",2.585501,0.206152,12.541719,0,"SP1500 TermSpread",60060.262513
"w2455",1.213316,0.114627,10.584929,0,"SP1500 TermSpread",-30005.0412293032
"alpha456",0.082034,0.054613,1.502102,0.133071,"SP1500 NewOrders",1.86920098869627
"gamma456",0.734371,0.352414,2.083832,0.037175,"SP1500 NewOrders",0.13745543155568
"beta456",0.005282,0.662056,0.007978,0.993635,"SP1500 NewOrders",0.0025693182856555
"m456",11.307672,0.21829,51.801251,0,"SP1500 NewOrders",60166.283373
"theta456",-0.036018,0.0045,-8.00324,0,"SP1500 NewOrders",60204.463428
"w2456",1.251583,0.442438,2.82883,0.004672,"SP1500 NewOrders",-30077.1416863715
"alpha457",0.002582,0.000356,7.245645,0,"SP1500 DefaultSpread",25.0105516606569
"gamma457",0.041681,0.005826,7.154003,0,"SP1500 DefaultSpread",0.24774560362129
"beta457",0.9746,0.003428,284.2929,0,"SP1500 DefaultSpread",0.061962542180709
"m457",11.715946,0.119354,98.161452,0,"SP1500 DefaultSpread",59842.552988
"theta457",0.196343,0.004011,48.948533,0,"SP1500 DefaultSpread",59880.733043
"w2457",1.24583,0.075176,16.57222,0,"SP1500 DefaultSpread",-29915.2764940751
"alpha458",0.042413,0.002356,18.002167,0,"SP1500 EquityVolMeasure",172.030284780493
"gamma458",-0.409343,0.084485,-4.845146,1e-06,"SP1500 EquityVolMeasure",0.418697073526272
"beta458",0.00102,0.015657,0.065173,0.948036,"SP1500 EquityVolMeasure",0.720285767954835
"m458",12.668812,0.152887,82.86396,0,"SP1500 EquityVolMeasure",59446.590404
"theta458",-4.064383,0.239099,-16.998769,0,"SP1500 EquityVolMeasure",59484.770459
"w2458",1.191795,0.071037,16.777183,0,"SP1500 EquityVolMeasure",-29717.295202175
"alpha459",0.000279,8e-06,36.432657,0,"SP1500 RecessionSpread",8.51038472990594
"gamma459",0.00248,4.8e-05,52.202347,0,"SP1500 RecessionSpread",0.157546841728928
"beta459",0.997481,3.8e-05,26086.79988,0,"SP1500 RecessionSpread",0.0134078423609478
"m459",11.134008,0.01405,792.476599,0,"SP1500 RecessionSpread",59976.839027
"theta459",5.789974,0.157904,36.667774,0,"SP1500 RecessionSpread",60015.019082
"w2459",1.184351,0.082819,14.300443,0,"SP1500 RecessionSpread",-29982.4195134811
"alpha460",0.002216,0.000254,8.726415,0,"SP1500 CitiSurprise",7.08008611589523
"gamma460",0.027434,0.003535,7.761566,0,"SP1500 CitiSurprise",0.143100374050525
"beta460",0.975189,0.00285,342.167118,0,"SP1500 CitiSurprise",0.0101316297149454
"m460",11.704522,0.033351,350.948471,0,"SP1500 CitiSurprise",60167.655468
"theta460",-0.008222,0.001023,-8.036481,0,"SP1500 CitiSurprise",60205.835523
"w2460",1.442448,0.191112,7.547664,0,"SP1500 CitiSurprise",-30077.8277339059
"alpha461",0.001588,0.000148,10.751543,0,"SP1500 MOVE",34.8526385414167
"gamma461",0.039701,0.002868,13.842511,0,"SP1500 MOVE",0.427589843756082
"beta461",0.97681,0.001677,582.434081,0,"SP1500 MOVE",0.149026342684115
"m461",10.808778,0.087028,124.198309,0,"SP1500 MOVE",59536.329429
"theta461",0.02358,0.000565,41.705477,0,"SP1500 MOVE",59574.509484
"w2461",1.001001,0.104049,9.620457,0,"SP1500 MOVE",-29762.1647146233
