Date,.OEX,.5SP25,.5SP40,.5SP35,.5SP55,.5SP60,.5SP15,.TRCCRBTR,.MID,.SPCY,.SPCDNX
2004-09-01,538.6,240.1875,385.0318,341.3248,126.8553,108.097,164.0367,238.009,581.37,279.84,1533.34
2004-09-02,544.15,244.1554,389.4517,344.9158,127.446,108.8322,166.1383,236.668,586.57,283.82,1529.05
2004-09-03,541.06,243.7452,389.3707,344.5652,127.0344,109.6158,165.8816,233.624,583.81,282.42,1527.59
2004-09-07,545.0,245.7821,393.8463,346.6139,127.7313,110.6127,167.2127,231.343,588.16,285.87,1505.62
2004-09-08,543.12,244.9338,390.9336,345.9761,126.5715,110.0319,165.4216,230.791,582.54,283.25,1510.47
2004-09-09,543.89,243.5662,390.4121,344.6389,126.9728,107.5839,166.0493,234.513,586.68,286.87,1506.16
2004-09-10,546.25,245.7894,392.191,343.7551,127.2629,107.5229,164.5584,231.115,589.05,288.66,1520.82
2004-09-13,546.11,246.5269,391.4655,345.1049,126.3876,106.6186,164.2271,234.221,592.7,290.39,1513.65
2004-09-14,546.93,247.738,392.014,346.9318,126.3368,105.1506,163.9742,235.069,591.28,289.43,1517.63
2004-09-15,542.63,246.4356,390.0821,345.7824,126.2901,105.17,163.4151,233.188,588.11,288.0,1525.78
2004-09-16,543.35,247.6842,392.5278,345.4419,127.3837,106.8413,164.0498,233.148,592.17,290.81,1526.25
2004-09-17,545.8,248.0596,392.8743,346.4564,127.7874,106.6695,163.4308,236.502,592.1,290.62,1532.94
2004-09-20,541.93,246.5863,389.1417,343.0679,127.4244,105.6989,163.6017,237.499,589.42,289.59,1528.12
2004-09-21,544.74,248.0509,392.3142,344.6798,127.8861,105.9123,164.2605,241.426,594.32,293.22,1530.12
2004-09-22,536.84,245.1989,385.1792,339.9796,127.4112,105.1035,162.9269,245.352,587.12,287.55,1538.57
2004-09-23,534.2,245.38,381.505,338.0876,126.4099,104.3496,161.5473,245.408,585.29,287.65,1544.4
2004-09-24,534.37,246.4608,383.3096,338.8916,126.4495,104.9296,162.9485,243.892,588.5,287.96,1553.94
2004-09-27,531.02,244.5757,380.7854,336.9762,126.6899,105.0731,162.8774,246.71,582.76,284.36,1556.14
2004-09-28,534.19,244.5061,382.7914,339.8259,127.4603,105.378,166.4901,247.174,586.77,287.76,1583.36
2004-09-29,536.56,245.7231,383.9641,340.9529,127.0085,104.8122,167.352,248.778,589.02,291.18,1598.49
2004-09-30,534.86,246.5684,383.4848,334.296,127.409,105.7265,169.6595,249.254,593.2,291.59,1629.38
2004-10-01,543.11,249.7388,389.1946,337.6563,128.4278,107.8701,170.5756,249.85,601.79,297.52,1649.65
2004-10-05,544.48,251.2832,387.6325,337.7373,129.0847,108.4195,170.8138,251.614,602.12,298.39,1658.91
2004-10-06,547.89,252.9027,390.1874,337.1436,129.8588,109.1224,173.4508,253.664,605.9,301.0,1669.91
2004-10-07,542.28,251.0438,388.8724,329.3799,128.9358,107.5805,171.332,254.827,598.33,296.18,1677.19
2004-10-08,538.47,249.0066,387.5532,325.8123,129.4589,108.5658,170.4579,257.415,594.16,292.45,1696.15
2004-10-12,539.22,249.5173,388.8258,327.0224,130.0592,109.6078,168.5108,253.365,592.46,292.85,1675.87
2004-10-13,535.48,248.9488,385.9104,323.7749,128.4837,109.01,164.6407,252.076,587.43,289.3,1662.35
2004-10-14,529.58,246.6988,376.1806,321.3346,128.4258,109.7437,164.3634,254.333,583.0,286.76,1656.63
2004-10-15,531.8,247.8873,377.3642,321.2869,129.7467,110.5098,165.7511,254.97,585.26,288.98,1662.72
2004-10-18,535.18,250.1572,379.1185,324.8278,129.0435,111.4922,165.6081,251.973,588.14,289.51,1658.11
2004-10-19,530.99,248.4439,372.5012,318.8572,128.2864,110.3421,161.6463,253.525,583.86,287.53,1650.26
2004-10-20,530.72,247.3581,370.2458,318.9331,128.9868,110.0403,162.742,256.905,586.43,288.92,1663.17
2004-10-21,531.26,249.7034,370.4729,316.1661,129.1136,111.1928,163.7389,257.051,592.09,292.56,1657.45
2004-10-22,525.16,247.3844,368.0681,313.4555,130.0898,110.3898,162.9073,258.353,586.73,288.34,1663.23
2004-10-25,524.0,246.7655,368.0142,311.9669,132.1614,109.3456,164.4736,257.1,588.44,290.08,1663.21
2004-10-26,531.69,250.987,376.9736,317.926,133.8415,111.8857,166.247,259.516,592.52,293.92,1652.62
2004-10-27,537.78,254.9858,381.3427,326.8244,133.1618,112.3704,167.6353,254.192,601.61,298.49,1632.09
2004-10-28,539.48,256.5726,383.6988,326.7107,132.528,112.7784,165.8317,250.538,600.9,297.05,1622.91
2004-10-29,540.65,256.541,384.3298,326.8684,133.3209,112.6628,168.2743,252.07,602.22,296.84,1630.02
2004-11-01,540.5,257.2575,385.1563,323.5006,133.9443,114.8755,168.4224,247.592,602.25,298.44,1607.65
2004-11-03,546.73,259.3213,389.0163,330.7627,134.3323,113.9165,169.8561,249.414,609.61,302.78,1604.56
2004-11-04,555.62,264.724,395.5699,331.8659,137.2084,115.3242,173.8135,246.315,618.33,306.63,1621.33
2004-11-05,557.9,265.8172,394.8968,333.3509,136.4572,111.7558,174.7667,248.011,619.98,308.26,1636.67
2004-11-08,557.3,265.4217,394.1805,333.1197,137.5947,113.0454,174.6849,248.109,617.66,306.93,1627.27
2004-11-09,556.9,265.556,393.6034,332.7999,137.5123,112.9921,176.2721,245.5,619.84,308.77,1631.05
2004-11-10,555.54,265.4629,394.3105,332.2086,137.3061,113.3233,176.0315,248.569,621.31,309.82,1632.67
2004-11-11,560.18,267.9452,398.0558,333.7583,138.7857,114.3704,177.4357,246.287,627.28,312.91,1645.36
2004-11-12,566.22,270.2722,400.4718,334.732,140.5702,117.2147,179.3967,246.101,634.28,315.67,1658.95
2004-11-15,566.09,270.9823,401.3942,336.0248,139.6824,117.8228,178.3684,248.037,633.75,316.23,1654.6
2004-11-16,562.26,267.9951,397.7698,333.6009,139.5636,116.6983,177.2763,245.414,629.92,313.13,1660.08
2004-11-17,565.72,268.7383,398.7436,333.9305,138.4258,113.6318,178.6518,249.157,635.05,316.13,1680.12
2004-11-18,565.97,269.5035,397.683,332.8157,138.5556,114.0101,179.0183,247.671,634.62,315.75,1686.4
2004-11-19,559.69,266.0409,392.2931,329.0483,138.0972,112.6211,177.9704,251.1,627.23,311.64,1707.07
2004-11-23,561.29,269.6516,396.1419,328.6005,140.8496,114.3832,178.8767,251.628,634.51,317.69,1700.6
2004-11-24,562.7,271.0364,397.5444,329.3654,141.3087,116.1463,180.4887,254.892,639.95,320.21,1702.94
2004-11-26,562.65,271.1981,397.2319,331.087,141.6889,115.6655,182.3775,253.9026,640.43,320.83,1744.17
2004-11-29,560.15,269.4391,395.7212,331.1952,140.113,114.8709,182.0244,254.639,639.03,322.48,1765.56
2004-11-30,557.47,266.6551,395.0082,331.867,138.3408,114.8576,180.9629,252.762,637.27,321.98,1754.39
2004-12-01,566.21,270.9423,402.5982,337.7013,137.1828,117.4014,182.9368,246.451,645.68,326.22,1755.85
2004-12-02,566.45,271.1297,402.0199,340.8204,135.6811,116.4665,180.5837,239.951,643.07,324.83,1718.77
2004-12-03,567.08,270.1468,401.6481,339.1441,136.6725,118.9012,180.3946,239.286,644.83,324.44,1732.44
2004-12-06,566.59,269.7186,401.8802,337.5315,137.8035,119.9298,179.7222,240.48,642.96,322.72,1725.23
2004-12-07,560.94,267.7025,398.0392,334.1522,136.4386,118.1428,176.1643,236.244,633.92,315.79,1712.19
2004-12-08,563.81,269.3199,399.3467,339.391,135.8602,118.6342,176.7194,236.397,637.71,318.15,1681.3
2004-12-09,566.37,271.4442,401.2237,342.174,136.0292,119.9086,178.0427,237.355,640.5,317.7,1697.88
2004-12-10,565.5,270.8895,401.5211,341.1175,136.3511,121.1132,177.8824,233.851,641.3,318.73,1714.38
2004-12-13,570.41,272.087,404.7913,342.9474,138.541,120.6203,180.4433,236.695,645.8,321.35,1722.97
2004-12-14,572.42,273.5063,405.854,345.6835,138.9057,119.9535,180.3145,238.153,651.83,323.65,1721.79
2004-12-15,573.45,274.4913,407.6784,346.7564,139.8266,120.4051,181.9884,243.934,655.9,326.04,1723.09
2004-12-16,573.46,273.8505,405.4866,351.9231,139.7278,118.9418,180.7824,242.725,651.88,323.68,1726.97
2004-12-17,567.37,272.3011,403.36,344.9172,139.7921,120.0976,180.1412,248.728,651.66,323.77,1738.63
2004-12-20,567.8,272.3618,403.4807,340.9235,140.9751,120.1037,181.0826,247.118,648.72,321.75,1736.91
2004-12-21,573.36,274.0245,408.0952,343.9199,142.1008,121.4648,183.3114,247.159,655.5,325.87,1746.68
2004-12-22,575.34,275.7389,411.1276,346.4779,142.4705,121.9883,183.4591,243.576,657.65,327.27,1751.54
2004-12-23,576.06,275.2778,410.9627,347.4878,142.2277,120.5334,183.8612,243.901,658.41,327.41,1775.19
2004-12-29,576.53,278.955,410.7562,351.667,142.1654,121.5019,184.3224,242.212,662.97,329.29,1785.42
2004-12-31,575.29,278.9004,411.094,350.4813,141.5954,121.4046,183.1779,249.8469,663.31,328.79,1825.47
2005-01-04,566.77,274.0071,405.5828,344.2478,138.7953,118.4197,177.1135,237.749,642.02,317.16,1787.62
2005-01-05,565.21,272.85,404.7311,343.1532,137.4161,114.0027,175.7111,237.125,635.07,312.04,1765.46
2005-01-07,566.38,271.242,404.7739,345.7193,137.3118,115.0344,177.1457,240.69,634.73,310.0,1784.9
2005-01-10,568.27,272.3911,405.3963,348.3383,138.286,114.8556,177.8526,241.118,638.36,313.0,1781.05
2005-01-11,564.68,270.6525,403.2867,346.3522,137.6959,113.5135,175.9841,242.146,634.52,310.45,1772.53
2005-01-12,567.31,272.3226,402.2778,348.4539,138.1733,113.1287,177.0364,243.193,636.05,311.24,1779.64
2005-01-13,561.56,270.143,398.7077,342.7906,138.9164,113.5487,176.4156,247.163,634.86,310.44,1784.38
2005-01-14,564.44,272.6199,400.2048,344.6828,139.9272,114.6255,178.1684,246.845,640.38,314.38,1792.12
2005-01-18,569.53,274.8363,406.2372,347.0291,141.1168,115.9166,178.9001,246.68,646.26,318.16,1796.75
2005-01-19,563.89,272.295,402.2441,344.921,140.6483,116.0071,177.5843,246.596,640.41,315.27,1793.73
2005-01-21,557.32,266.1685,396.9639,340.6924,139.5336,115.5029,175.7434,247.89,633.74,312.44,1809.03
2005-01-24,556.29,263.9263,397.3725,337.9174,140.7562,114.5431,173.5499,249.315,629.91,309.73,1806.8
2005-01-25,559.87,264.6128,397.9651,340.4818,139.7085,111.976,174.1683,251.019,631.22,310.69,1804.07
2005-01-26,561.78,265.9254,399.2244,342.314,141.8715,112.106,174.7833,251.076,637.64,316.16,1799.61
2005-01-27,562.36,265.3047,397.4696,341.8546,142.5191,110.7904,175.4266,249.284,639.65,316.66,1803.96
2005-01-28,560.95,264.304,396.5339,338.9584,142.7494,111.194,175.5745,246.215,636.66,314.7,1809.49
2005-01-31,564.88,267.2353,401.5638,339.1301,144.3069,110.8169,177.462,248.077,645.97,321.11,1795.79
2005-02-01,568.19,266.8776,406.3048,342.5069,145.4533,111.7001,178.8533,245.677,650.82,323.81,1805.09
2005-02-02,570.28,268.0993,405.4582,343.9182,145.9312,112.7276,180.5074,244.436,654.08,326.02,1817.3
2005-02-03,568.21,267.5669,403.7882,342.9619,146.1655,112.563,179.4047,242.9,652.75,325.4,1813.51
2005-02-04,575.09,269.9474,408.6857,345.9395,147.9084,115.1074,181.673,242.948,661.7,329.61,1827.4
2005-02-07,575.27,270.3167,408.3378,346.5583,147.4139,115.0513,181.6671,241.871,660.35,329.43,1823.16
2005-02-08,576.34,269.6371,406.8866,347.059,147.8938,115.3529,181.366,242.354,662.4,330.69,1812.67
2005-02-09,571.97,266.8853,405.8678,342.7963,147.206,116.5304,178.9611,242.371,653.66,324.28,1823.21
2005-02-10,574.63,267.7557,407.3349,343.8998,147.3497,116.9952,181.3155,247.313,655.93,325.46,1852.15
2005-02-11,577.18,269.583,410.1757,347.2534,147.2525,117.5519,182.8652,247.536,662.66,328.51,1887.43
2005-02-15,578.86,271.173,410.713,347.3604,148.0805,117.8389,184.1843,249.804,664.18,328.8,1892.93
2005-02-16,578.24,270.7062,408.1106,346.4519,148.8298,117.5641,186.2846,250.901,667.07,330.81,1900.37
2005-02-17,573.99,269.2073,404.252,346.0512,148.38,117.4076,185.8574,250.87,662.09,327.29,1919.49
2005-02-18,575.42,268.4834,399.9485,351.5579,146.5097,116.7696,187.7187,252.548,661.35,327.26,1941.17
2005-02-22,567.25,263.4092,393.8542,346.6513,142.8477,113.9026,185.0282,260.002,650.62,320.84,1956.06
2005-02-23,570.43,264.875,397.0528,348.7857,143.8388,114.1508,187.5819,261.215,654.25,322.41,1951.4
2005-02-24,573.77,265.4311,398.111,351.5486,145.1835,114.2499,190.0517,260.274,662.39,326.27,1977.28
2005-02-25,578.57,266.6653,401.6852,354.5475,147.8354,116.907,192.628,262.094,670.32,331.49,1996.76
2005-02-28,574.41,265.8659,398.5025,348.9465,146.7288,115.8639,190.9146,265.329,666.85,330.07,1995.85
2005-03-01,577.8,268.4228,401.9603,352.0527,147.415,116.703,191.0803,263.98,672.48,332.29,1994.81
2005-03-02,577.79,268.376,400.3435,352.0284,147.3074,115.9844,190.5844,267.101,672.11,332.06,2005.39
2005-03-03,577.93,268.1785,399.4698,351.8988,147.5731,116.6409,190.6087,268.479,671.69,332.53,2025.3
2005-03-04,583.23,270.0847,404.3241,354.5669,150.0945,119.0796,196.0199,269.874,679.06,336.51,2037.77
2005-03-07,584.43,271.0225,405.288,355.7688,151.0821,119.7934,194.3786,270.246,682.42,336.39,2040.29
2005-03-08,582.21,269.0452,404.412,353.2863,150.1444,118.8351,193.9559,273.715,677.04,333.46,2018.39
2005-03-09,576.73,266.1195,399.308,351.3087,147.31,114.8811,194.0716,274.814,669.73,329.5,2009.96
2005-03-10,578.4,266.7823,401.3413,352.3817,148.5708,116.4043,192.0191,274.123,668.67,326.67,1954.69
2005-03-11,573.55,265.7565,397.1346,348.6748,147.2915,113.9964,192.6524,277.205,668.5,327.33,1988.19
2005-03-14,576.18,266.9331,400.108,350.1291,149.9629,116.1302,192.7186,276.967,673.51,328.7,1977.29
2005-03-15,571.8,267.119,397.0247,346.0545,149.1957,115.6811,191.8186,279.45,670.46,327.42,1972.18
2005-03-16,567.41,265.1397,393.6713,343.3185,147.8311,113.7145,188.1511,282.212,664.63,325.66,1964.92
2005-03-17,568.03,265.1954,392.0375,343.849,148.7273,115.278,189.9623,280.864,666.0,326.76,1967.29
2005-03-18,567.94,264.287,390.6809,344.0583,148.3446,114.9265,190.3836,280.068,663.38,325.97,2000.8
2005-03-21,564.35,262.9942,386.9238,342.0834,148.1145,114.1429,188.8704,277.164,662.18,325.26,1978.77
2005-03-22,558.07,260.8088,379.5311,341.5944,145.3817,111.6934,188.188,275.416,658.95,323.85,1973.33
2005-03-23,558.87,259.717,379.9201,345.9656,144.2806,112.003,186.4244,268.614,654.16,319.84,1939.17
2005-03-24,557.71,259.7632,378.4144,346.2362,145.9764,112.3429,186.2853,270.024,655.24,321.3,1934.98
2005-03-28,559.65,261.3761,380.8867,345.7158,146.231,111.7251,185.3255,269.558,655.66,321.46,1902.35
2005-03-29,555.9,258.9602,379.2877,344.5783,144.304,112.06,181.2451,270.698,648.29,316.17,1855.81
2005-03-30,562.89,262.3821,383.3502,349.4852,146.3736,113.7727,183.776,272.115,656.31,321.43,1844.35
2005-03-31,561.86,262.4552,382.4665,346.9179,147.8871,113.2151,185.5007,275.743,658.87,321.34,1886.46
2005-04-01,557.49,259.9837,376.9585,344.1268,148.4458,113.4713,184.8737,277.175,656.67,319.91,1904.51
2005-04-04,559.49,260.7863,379.3253,345.8559,148.7247,112.8092,183.8535,275.771,657.56,321.06,1886.28
2005-04-05,562.11,262.5188,380.0371,352.1723,149.7943,112.334,184.3369,273.807,658.25,321.41,1872.36
2005-04-06,562.76,261.3547,382.7843,352.8712,149.5279,113.1217,185.3109,273.459,659.44,321.56,1856.07
2005-04-07,566.29,262.5249,383.784,356.1695,150.4305,114.3916,187.0811,269.872,662.42,323.67,1846.25
2005-04-08,562.18,260.2027,381.0608,353.3982,149.2801,113.5342,184.5129,267.357,655.57,319.27,1848.81
2005-04-11,562.12,259.1409,381.5502,353.3544,150.8539,113.9065,183.8686,267.972,653.26,317.88,1838.55
2005-04-12,565.88,261.1213,386.2068,355.4258,152.3535,115.304,183.8568,265.355,656.53,320.74,1807.73
2005-04-13,560.32,257.3652,380.8606,357.0688,151.302,115.3538,178.9047,261.513,647.69,315.26,1773.07
2005-04-14,555.6,253.8351,376.5146,356.1765,149.7189,114.5035,173.9474,261.081,638.41,309.51,1741.49
2005-04-15,547.25,248.4223,372.3879,357.7375,147.0267,114.0594,169.6047,259.933,627.38,303.52,1728.64
2005-04-18,548.15,249.1574,375.4913,354.8803,147.8164,114.1917,172.1531,259.023,631.25,306.16,1699.68
2005-04-19,550.97,249.3585,376.6325,354.9486,149.6557,114.4228,174.528,265.905,639.2,311.27,1742.38
2005-04-20,543.6,245.6084,371.4704,350.46,148.2844,113.951,171.2701,268.069,629.1,306.01,1735.44
2005-04-22,551.4,247.6783,372.4673,354.4365,150.6584,115.4178,172.6439,269.717,634.54,308.34,1751.47
2005-04-25,555.33,249.839,377.222,354.8253,151.7305,116.9796,174.2929,269.391,642.7,312.1,1743.26
2005-04-26,550.52,247.9041,375.4035,352.5495,150.0382,116.6376,170.9942,269.425,636.11,307.59,1735.33
2005-04-27,552.86,248.3989,380.1644,355.6854,151.1007,117.6316,169.7151,263.267,636.51,307.51,1710.3
2005-04-28,546.12,244.9574,375.9479,353.208,150.062,116.3148,168.063,262.606,628.23,301.13,1685.51
2005-04-29,552.74,245.4175,381.8022,358.5663,152.2109,119.1536,172.4441,259.338,632.76,303.13,1702.62
2005-05-02,554.77,246.6873,382.8156,359.8464,152.8525,119.1159,173.559,260.108,637.49,307.12,1677.56
2005-05-03,554.41,247.5313,383.1564,360.5876,152.0762,119.1433,174.5277,255.563,635.3,306.22,1666.06
2005-05-04,560.61,252.6569,390.2604,363.6292,152.3161,120.2541,177.1889,256.773,643.85,311.51,1683.27
2005-05-05,559.03,251.4359,388.3082,363.5772,151.4334,120.9295,176.3329,257.175,645.37,311.43,1683.4
2005-05-06,558.2,251.0365,386.0617,362.5236,151.1504,119.7297,176.6465,257.764,647.25,312.35,1695.45
2005-05-09,561.32,252.7487,389.319,364.6102,152.3074,122.2944,176.6032,259.326,650.77,315.16,1697.47
2005-05-10,555.21,249.8458,383.9595,362.4034,151.2577,122.1553,173.8955,259.975,646.2,311.04,1686.02
2005-05-11,556.82,249.9331,386.0747,363.3444,151.4187,122.7969,173.8905,257.738,648.78,311.82,1668.27
2005-05-12,551.88,248.4715,382.0252,362.5891,149.9979,121.3022,168.995,252.237,639.8,307.66,1637.79
2005-05-13,550.16,248.2388,378.539,360.2858,147.5579,119.5146,165.7845,250.423,636.06,305.01,1633.14
2005-05-16,554.99,251.1233,384.9532,364.152,148.2208,120.909,166.3886,249.51,644.42,310.25,1597.81
2005-05-17,558.14,253.2778,387.6484,364.5555,150.0587,121.903,168.7973,250.733,649.94,312.14,1593.63
2005-05-18,563.51,258.1337,391.8561,364.7764,150.3064,122.8801,172.7743,249.685,660.23,318.75,1593.83
2005-05-19,566.31,260.382,392.4074,365.1346,150.8494,124.4547,172.14,248.365,663.14,319.99,1598.1
2005-05-20,565.75,259.6011,392.2907,364.1326,150.8773,125.3245,170.7951,248.17,662.93,319.22,1603.53
2005-05-24,567.68,260.7526,391.534,365.4942,150.5395,123.3946,171.9063,251.219,666.67,321.4,1606.55
2005-05-25,566.12,259.6813,389.7285,363.5245,150.4462,122.1229,169.9775,254.599,661.46,317.83,1605.51
2005-05-26,569.14,261.1665,392.6918,364.8568,150.9106,121.6435,171.1825,255.262,667.98,322.18,1621.88
2005-05-27,568.95,261.4028,393.2052,363.7944,151.6916,122.1077,171.7682,255.993,669.94,323.29,1640.18
2005-05-31,564.64,259.658,391.6749,361.4679,151.8956,122.7035,170.3972,255.959,670.05,323.06,1650.38
2005-06-01,569.45,261.4359,395.092,363.2602,153.4281,124.5306,173.0231,261.312,675.49,326.68,1664.4
2005-06-02,569.85,262.9353,394.3924,363.8135,153.2321,124.2531,172.5582,260.558,678.28,327.62,1676.81
2005-06-03,565.3,260.6013,391.6835,361.5429,153.3999,124.3866,171.686,264.685,674.58,325.28,1680.73
2005-06-06,565.56,261.037,392.6412,361.9185,153.4447,124.6593,171.7052,264.692,677.16,326.93,1677.27
2005-06-08,564.9,260.3279,392.8178,359.6034,153.9991,126.7935,171.5944,260.011,674.36,325.77,1653.82
2005-06-09,566.99,261.4555,393.8094,361.4741,154.1857,126.427,170.9084,262.644,679.65,328.43,1659.25
2005-06-13,567.13,262.1054,392.9182,362.0052,155.5009,126.8863,173.3191,263.989,681.75,329.22,1675.7
2005-06-14,567.85,264.74,393.6937,364.8847,156.0688,128.0424,173.8462,263.688,684.13,331.95,1677.52
2005-06-15,569.15,264.866,394.9848,364.0336,155.3282,127.8014,175.2924,266.188,686.19,333.59,1695.16
2005-06-16,570.42,265.6471,396.3242,365.5789,155.0674,127.8374,177.5315,268.511,692.12,336.57,1713.02
2005-06-17,572.34,266.3324,398.305,367.5373,156.7024,129.5082,177.4066,272.9086,693.27,336.04,1726.35
2005-06-20,571.94,266.3973,398.2217,367.6512,157.087,129.3199,175.3557,275.4118,691.09,335.12,1728.99
2005-06-21,571.03,266.3492,398.7402,366.4723,157.1607,127.9699,174.5185,273.0372,688.88,334.4,1712.79
2005-06-22,571.0,266.3968,399.0054,365.5697,158.5404,127.7702,174.2842,271.7867,689.52,335.33,1711.36
2005-06-23,564.53,262.0391,394.827,362.9514,159.1239,127.3398,170.4188,273.4591,683.32,330.99,1715.71
2005-06-24,559.91,259.8881,394.278,361.1935,157.9332,126.5402,168.4136,274.1716,676.43,327.04,1718.95
2005-06-27,559.46,258.663,394.1034,359.7298,158.8475,126.4871,167.8464,273.4767,677.58,326.97,1713.32
2005-06-28,563.99,262.0987,397.4055,363.3929,160.449,127.1911,170.1898,267.4445,686.01,332.8,1709.37
2005-06-29,563.8,260.5077,398.9171,362.6221,160.0101,127.0392,169.6598,266.2544,687.78,334.07,1715.25
2005-07-05,563.34,262.2031,399.6649,361.3484,161.9905,129.6887,167.2049,272.2456,696.53,340.38,1723.89
2005-07-06,558.58,260.0381,397.1564,358.7511,159.2877,129.1276,166.5029,275.4043,692.03,337.74,1725.54
2005-07-07,559.09,260.5449,397.9054,358.9253,160.4751,129.7721,166.848,274.2725,694.59,338.8,1726.2
2005-07-08,566.47,264.2298,401.4791,363.3529,162.1387,131.8434,170.0304,272.4393,702.83,344.63,1731.99
2005-07-11,569.61,266.2257,403.1406,364.3723,163.3797,133.7888,172.4656,271.6389,708.63,348.54,1727.88
2005-07-12,570.73,267.6049,404.0266,364.3249,163.8211,134.0431,172.0033,274.1009,709.69,348.64,1724.26
2005-07-13,571.96,267.1475,405.1118,362.1116,164.1124,133.3847,171.5433,274.0006,707.63,346.77,1716.31
2005-07-14,574.96,268.1886,406.9329,363.9292,162.5204,131.7219,171.7922,271.8882,705.23,344.71,1710.97
2005-07-15,575.53,269.7705,407.956,365.3296,162.4678,132.3697,171.3661,272.3221,706.39,344.84,1719.91
2005-07-18,571.01,269.6715,403.7282,363.1938,162.0804,132.9229,170.9238,270.0648,704.73,342.32,1717.94
2005-07-19,574.31,271.2694,404.0187,363.6309,162.5852,133.8263,173.8306,268.2114,712.32,347.67,1728.02
2005-07-20,576.47,272.5222,405.2067,368.4534,163.2882,134.9426,176.6268,266.9834,716.44,352.37,1745.39
2005-07-21,572.47,271.7332,403.125,364.9716,160.4814,133.0523,175.7916,264.7068,709.44,346.56,1755.5
2005-07-22,574.42,273.388,405.2945,364.7031,162.0179,133.8873,176.9087,267.8028,715.71,351.87,1771.2
2005-07-25,572.13,271.337,403.783,362.4249,161.6655,134.2725,175.4796,268.798,711.63,348.89,1772.89
2005-07-26,572.62,272.9987,404.2236,363.4009,161.824,136.0162,172.8385,269.5571,714.11,349.82,1765.55
2005-07-27,575.08,273.8454,404.4465,366.9142,162.4884,136.2057,174.5355,270.4396,715.74,350.27,1774.43
2005-07-28,577.51,276.4402,405.304,370.267,163.5854,138.4357,176.6145,273.4804,722.25,354.93,1783.75
2005-07-29,572.61,273.7606,401.5966,368.0887,163.5171,138.3606,175.9138,274.8058,720.38,353.25,1803.73
2005-08-02,577.02,275.0279,404.3513,371.6622,165.0784,138.9193,177.5849,279.8106,725.02,358.2,1806.4
2005-08-03,577.43,274.1313,405.0121,372.1613,165.7218,138.341,178.3355,277.8595,723.12,356.14,1821.78
2005-08-04,573.44,271.5062,402.3467,368.7303,164.3889,135.4963,176.5215,278.2463,716.32,351.2,1826.8
2005-08-05,570.32,269.3701,397.5956,365.7897,161.4796,130.4755,175.5441,279.1022,708.49,346.59,1832.11
2005-08-08,568.77,268.7898,395.8925,364.3334,158.1987,125.2749,175.5994,280.5755,704.83,344.98,1839.29
2005-08-09,573.15,271.6355,398.0982,368.436,159.7395,126.8264,176.4556,277.4427,707.31,345.38,1832.75
2005-08-10,571.12,271.2839,397.6562,367.6978,159.7616,127.7961,176.997,282.1209,708.2,346.36,1835.95
2005-08-11,575.3,272.7211,399.8871,370.1413,160.8575,129.34,178.5831,284.4769,713.25,349.43,1908.69
2005-08-12,570.65,272.0682,398.1071,367.661,160.3507,129.5334,177.0197,284.8306,711.77,346.11,1916.77
2005-08-15,572.04,273.6011,400.1664,368.0628,160.8631,130.2504,176.9387,281.3465,713.18,347.98,1910.67
2005-08-16,566.32,268.7013,398.2463,365.3094,158.5911,130.9557,173.8661,281.9678,703.53,342.85,1901.09
2005-08-17,567.28,269.7745,398.1461,366.261,158.17,129.4181,173.1962,276.7812,703.27,342.11,1888.83
2005-08-18,567.02,269.0015,398.4018,366.5427,158.856,128.249,172.044,275.1042,701.65,340.83,1891.32
2005-08-19,566.67,267.6187,398.894,363.6207,159.8387,127.8071,172.3368,278.1648,702.95,341.18,1909.73
2005-08-23,565.41,266.4797,397.6827,361.1425,162.0562,128.2513,169.5453,280.3712,703.16,341.82,1922.26
2005-08-24,560.96,264.3028,393.6205,359.9745,161.1869,128.6071,167.9352,282.5674,702.36,341.24,1918.38
2005-08-25,561.89,265.3545,394.8678,360.6834,162.755,129.3999,167.971,281.1024,704.85,342.31,1916.93
2005-08-26,558.79,263.7551,391.2612,359.056,162.1321,127.982,166.9658,280.0468,698.24,337.92,1914.34
2005-08-29,562.23,264.6274,393.3322,362.64,163.0481,127.7756,167.9557,285.5438,702.94,341.2,1914.84
2005-08-30,560.11,262.1512,390.865,362.102,162.9275,128.1141,166.6336,292.6054,700.15,340.46,1912.25
2005-09-01,564.38,261.5481,394.7485,365.8283,166.538,131.6853,168.8478,297.0867,711.46,348.63,1944.5
2005-09-02,563.17,260.5658,394.3279,365.9011,166.3729,131.3553,168.2999,292.8315,707.56,345.84,1951.63
2005-09-06,570.63,264.9858,398.7647,371.6033,168.2449,134.3791,169.5222,291.1872,715.21,351.02,1949.73
2005-09-07,572.15,267.2542,398.9401,374.1984,168.0967,133.4036,170.6112,286.6413,718.35,352.1,1952.45
2005-09-08,570.33,264.8016,396.7565,373.2111,166.5406,132.8899,169.8502,287.1243,714.81,350.16,1972.27
2005-09-09,574.13,266.6084,399.6505,374.982,168.5323,133.6704,171.5876,285.9288,720.56,353.1,1991.22
2005-09-12,573.53,267.4519,400.2894,373.7026,168.203,132.7369,172.1076,283.0537,720.85,354.02,1998.16
2005-09-13,569.51,263.7954,398.0089,369.162,166.998,131.527,170.1524,281.3335,715.65,350.71,1987.78
2005-09-15,568.29,261.6169,397.2207,368.5291,169.0892,132.5571,170.4165,282.8929,712.44,348.22,2025.19
2005-09-16,573.37,261.8693,402.9067,371.381,170.6773,132.6314,171.8111,279.1056,715.86,350.83,2046.52
2005-09-19,570.1,258.4756,399.7036,368.5895,170.3741,131.4479,170.3229,289.8192,711.89,349.25,2069.8
2005-09-20,566.06,253.9681,397.6513,365.7908,169.2732,130.5822,167.8513,287.8584,705.47,345.24,2062.18
2005-09-21,560.78,250.1426,391.1073,364.0825,166.7359,127.6389,166.0338,289.5511,696.37,340.6,2084.8
2005-09-22,562.85,254.1738,393.0302,364.5209,165.4977,128.1247,166.7539,290.6848,697.89,340.76,2082.38
2005-09-23,562.28,254.7758,394.0319,364.6947,165.9977,128.0568,167.0422,286.1247,700.77,343.05,2074.73
2005-09-27,561.61,254.2434,393.2504,362.1749,167.3779,128.1278,166.872,289.7067,703.97,346.08,2078.33
2005-09-28,562.64,252.6056,391.5151,362.2388,168.9835,126.8186,167.083,295.3175,702.71,345.03,2108.3
2005-09-29,566.79,254.7712,397.7219,363.4528,170.7007,128.6548,168.1194,296.69,711.44,349.26,2140.73
2005-09-30,566.8,256.4098,396.7006,363.7711,170.4303,130.1517,169.2491,295.0571,716.33,350.2,2159.1
2005-10-03,564.96,255.8843,396.0824,363.4903,172.1697,130.8403,168.5976,295.3652,720.35,352.05,2174.92
2005-10-04,559.81,253.9664,391.7999,365.2433,169.3748,128.3973,166.9987,292.297,712.88,348.07,2170.63
2005-10-05,552.55,249.9556,389.892,359.4283,164.3669,126.084,163.1407,290.9697,696.18,338.41,2124.09
2005-10-06,551.26,250.0172,390.8093,356.9693,162.2182,125.6101,162.2083,287.2147,689.85,335.51,2080.88
2005-10-07,552.92,250.3371,391.2919,356.0664,163.8259,124.4094,163.9466,288.3753,692.86,338.67,2117.97
2005-10-11,549.31,247.3558,386.5299,353.0225,160.9983,122.3153,163.1684,293.158,683.91,331.48,2120.27
2005-10-12,547.39,244.549,384.432,353.5322,158.3327,120.0938,161.8849,294.629,675.03,327.07,2089.87
2005-10-14,550.49,247.8798,390.0274,357.3804,156.4494,122.484,162.2367,290.7385,681.12,332.38,2057.9
2005-10-17,551.56,248.6493,390.7985,357.0333,158.5806,123.1103,163.2477,295.0903,684.29,333.0,2063.15
2005-10-18,546.66,245.571,388.6247,356.3298,155.4873,122.06,161.5078,292.2198,675.96,328.83,2035.21
2005-10-19,554.06,250.3479,396.2936,360.5847,156.0629,123.8006,163.1289,290.0988,685.16,335.31,1992.82
2005-10-20,545.13,247.3273,392.1457,352.6431,152.0407,121.6813,161.6999,286.2268,676.05,329.04,1962.94
2005-10-21,544.5,246.855,394.0725,350.3887,153.97,122.7979,163.274,286.3931,682.2,331.67,1986.78
2005-10-24,553.25,251.4275,401.6543,353.232,157.9552,125.2968,166.9397,285.4562,695.43,339.03,1993.22
2005-10-25,552.71,249.4577,400.0289,350.9911,158.1074,125.0484,166.8909,292.4493,693.9,337.15,2005.13
2005-10-26,550.39,248.1141,401.6775,346.9288,156.0652,124.0942,168.1587,288.0755,690.41,334.46,1991.83
2005-10-27,545.27,242.8875,400.1011,345.182,154.4043,122.6334,166.8805,287.3777,678.33,326.84,1992.57
2005-10-28,554.48,247.4761,406.7895,350.7949,157.6837,126.9018,169.6422,286.2651,689.51,333.44,1996.53
2005-10-31,556.74,251.2437,408.5136,352.769,159.4621,127.6662,170.0716,281.1667,700.38,338.97,1993.56
2005-11-01,554.38,251.3846,406.7927,351.011,156.2643,124.3519,170.418,280.7884,700.5,338.12,1985.51
2005-11-02,559.12,255.8253,410.7125,351.2878,157.1073,124.8703,172.3856,281.3766,712.78,345.28,2003.97
2005-11-03,561.4,256.0675,409.6838,353.708,156.7897,124.093,171.6734,285.7062,715.1,345.63,2015.48
2005-11-04,561.97,256.8757,411.2356,355.1964,156.6211,123.6185,171.6067,283.4939,714.16,345.07,2030.63
2005-11-07,563.3,258.7179,414.2603,355.8661,156.2814,124.4408,172.3198,282.4105,715.78,346.42,2030.33
2005-11-08,561.6,255.5896,412.5598,354.5064,156.0495,124.2179,171.3208,283.149,710.53,344.0,2032.87
2005-11-10,567.18,259.7959,422.1283,359.3694,156.4334,129.1066,173.4777,279.9103,716.98,347.02,2015.6
2005-11-11,569.01,260.5285,424.2879,360.0756,154.9556,130.4007,175.7663,280.8827,719.47,347.97,2020.5
2005-11-14,568.81,260.5571,424.2771,356.7537,153.791,129.8074,177.3793,280.518,719.88,347.01,2013.78
2005-11-15,566.91,256.9079,420.2325,359.3421,154.15,129.7433,177.2457,278.4531,715.99,343.32,1996.75
2005-11-16,566.93,256.342,418.546,358.3626,155.2965,129.3711,177.4076,280.7869,716.88,343.09,2001.98
2005-11-17,571.17,260.0997,423.2752,360.3986,157.6284,131.0118,179.7398,278.9421,727.06,349.36,2020.77
2005-11-18,574.69,261.5295,425.2836,361.2705,157.6609,131.644,180.2126,278.5562,728.9,351.23,2028.42
2005-11-21,577.15,262.7273,427.501,361.8426,157.9883,132.3455,181.2567,279.4381,735.07,354.59,2031.54
2005-11-22,579.83,263.9125,430.7562,360.1669,158.1683,134.1377,181.9699,281.1393,739.77,356.73,2034.69
2005-11-23,582.01,265.4175,434.4181,360.5049,159.4226,134.7948,181.1738,280.1727,741.14,357.2,2054.03
2005-11-25,583.24,265.4714,434.9298,361.0386,160.2163,135.1938,182.4457,280.4882,742.7,357.58,2064.67
2005-11-28,579.13,262.8467,432.1512,357.3186,159.6432,133.9608,181.8782,278.8468,730.76,350.97,2050.11
2005-11-29,578.84,262.3494,431.9834,357.5245,159.8953,134.0931,183.7673,277.543,733.66,352.94,2046.94
2005-12-01,580.22,263.8191,429.2365,358.7889,159.4422,134.5169,185.6373,286.0615,745.42,360.65,2072.39
2005-12-02,579.61,264.7321,429.4708,360.1999,159.1507,134.33,185.2233,288.4722,745.34,360.71,2088.9
2005-12-05,578.54,263.1929,428.649,360.4669,159.2073,133.0662,185.3849,290.5416,742.21,359.03,2088.81
2005-12-06,578.65,264.1852,427.7707,359.9592,158.8983,132.3762,186.8306,289.4128,742.04,360.02,2093.27
2005-12-07,575.85,263.8442,424.2646,358.6584,157.6774,131.689,186.2573,289.7737,738.9,357.09,2120.64
2005-12-08,573.87,262.152,423.4947,359.6013,159.3911,132.2388,186.1463,294.9664,741.06,358.01,2130.16
2005-12-12,574.97,263.397,425.2464,360.1078,160.0447,132.6955,185.755,298.0077,745.22,359.74,2140.37
2005-12-13,578.23,264.5429,429.7677,364.4278,162.0634,133.4127,187.1953,299.7515,746.29,359.9,2141.63
2005-12-14,581.22,265.748,431.3662,365.2856,163.8338,132.6931,186.0769,296.0107,749.61,361.46,2129.53
2005-12-15,580.85,264.9386,429.4543,366.6129,164.0687,131.2968,185.2826,293.5544,745.99,357.34,2138.09
2005-12-16,579.08,264.1087,430.1278,367.1508,164.2463,131.6069,184.5614,291.578,742.16,355.32,2143.95
2005-12-19,577.14,261.3924,427.2368,370.7911,161.9865,130.0672,183.7528,291.427,733.91,350.64,2142.72
2005-12-21,577.01,260.9637,429.953,371.5594,160.6385,131.181,186.4307,291.8859,741.24,354.56,2142.52
2005-12-23,579.41,261.8108,432.9769,374.1879,161.7498,132.5453,188.8737,291.7493,748.48,357.16,2190.56
2005-12-28,574.22,259.934,428.7458,371.3404,160.5608,132.1614,188.895,294.6049,744.13,354.12,2204.08
2005-12-30,570.0,258.389,426.399,367.4853,159.6647,130.3282,187.1247,296.9142,738.05,350.67,2236.55
2006-01-03,579.25,260.9373,433.4778,372.2614,162.7876,133.5964,190.7637,301.1056,749.02,356.02,2274.47
2006-01-04,580.69,260.9745,432.6337,375.3393,162.9144,134.2233,191.9327,303.0406,754.08,358.21,2273.48
2006-01-05,580.76,261.3715,434.1864,374.7745,161.8579,135.4019,191.7379,300.6667,754.3,358.89,2263.94
2006-01-06,585.02,263.7328,436.43,377.4948,163.3342,137.1597,194.1003,303.9807,762.78,362.3,2307.4
2006-01-09,586.69,265.9446,438.294,379.3754,162.5994,138.1391,193.8243,302.1698,768.71,366.32,2312.48
2006-01-10,586.1,266.4048,438.2674,377.6429,162.6718,139.4033,192.7099,301.4181,771.34,369.24,2312.64
2006-01-11,588.36,267.5191,440.1406,376.7229,162.2218,139.0475,191.1413,300.7903,772.41,368.56,2326.08
2006-01-12,584.25,265.3118,437.149,376.3942,162.1857,138.6934,188.4581,299.9283,767.04,366.31,2343.49
2006-01-13,584.62,265.5147,437.222,375.7156,163.4205,136.5298,188.863,301.8731,766.73,366.62,2369.67
2006-01-17,581.8,263.6963,433.1373,374.6768,165.1016,136.101,189.2085,307.0408,763.44,364.6,2392.26
2006-01-18,579.33,263.1707,431.6345,375.6268,165.4478,136.1253,187.1406,303.8068,761.8,364.79,2376.1
2006-01-19,582.51,265.1702,430.2558,377.6118,166.9196,137.9208,189.0589,306.1175,771.48,369.77,2421.18
2006-01-20,571.51,260.3347,421.033,370.3333,165.6971,135.8689,186.0688,309.5738,758.61,364.97,2423.12
2006-01-23,572.54,260.3297,422.7634,369.5824,165.8992,137.2339,188.3865,309.3491,761.34,365.28,2459.55
2006-01-24,572.52,262.9494,423.909,368.236,167.1495,138.1411,190.5044,308.4362,767.95,370.51,2465.71
2006-01-25,572.56,261.9027,424.7408,368.055,164.7872,138.2392,191.5162,307.3963,762.96,369.89,2473.6
2006-01-26,576.07,263.0729,431.571,369.8389,163.3706,138.7051,193.4207,308.281,771.75,375.67,2490.31
2006-01-27,580.8,264.2153,432.3695,374.4241,164.3044,141.1746,195.145,311.452,775.27,377.56,2521.99
2006-01-30,581.67,263.6175,431.2545,372.5973,163.2164,140.2715,195.6448,314.3529,776.56,378.21,2547.72
2006-01-31,578.77,262.8309,429.5126,372.6522,163.3999,140.3461,195.8665,313.1338,781.02,379.84,2555.86
2006-02-01,580.61,263.7564,429.3741,374.9172,163.8104,141.2941,196.4539,309.5152,781.93,379.98,2564.13
2006-02-02,575.15,262.9907,425.5578,371.5996,161.441,139.8635,193.4919,308.25,774.99,376.1,2554.27
2006-02-03,572.24,262.0411,423.4605,370.6032,160.3957,137.8704,191.8902,310.7649,772.55,374.6,2571.63
2006-02-06,572.55,261.8159,424.4823,367.329,161.2495,138.5027,195.2056,308.5047,776.02,376.42,2606.49
2006-02-07,568.76,260.1315,422.046,366.6325,160.4686,137.4197,190.1808,302.4082,765.86,370.98,2542.05
2006-02-08,574.99,262.3319,424.9367,371.0295,160.1279,137.1683,190.2792,302.1222,768.26,372.55,2531.41
2006-02-09,574.91,262.1438,425.8256,371.2357,160.8492,137.8266,190.9387,302.9573,765.22,370.25,2566.42
2006-02-10,576.65,262.7942,427.7788,370.4262,160.8465,137.8922,190.5658,298.1766,765.47,370.15,2532.23
2006-02-13,574.86,262.1875,426.4068,370.1607,160.5509,138.1853,188.8106,294.6618,759.52,366.43,2439.81
2006-02-14,580.26,265.1421,431.8967,373.6872,160.3557,139.01,193.3881,292.4329,765.51,371.1,2458.6
2006-02-15,582.42,266.4611,433.8521,376.4183,160.5505,139.7688,192.9054,288.5998,767.94,373.89,2437.12
2006-02-16,585.79,267.2385,436.6903,378.3721,161.7187,140.977,194.8959,290.297,774.73,377.02,2461.69
2006-02-17,585.04,265.7881,435.0186,378.2039,163.3656,141.9414,194.8405,293.5303,774.61,376.74,2513.19
2006-02-21,582.91,264.1718,433.8102,375.8431,163.6971,142.4387,194.8706,297.3769,772.6,375.65,2539.32
2006-02-22,585.8,266.0197,441.6894,379.3288,164.5315,144.6715,195.5591,293.6035,779.44,378.58,2527.26
2006-02-23,583.19,264.9113,440.2145,377.8605,163.7826,144.4249,195.0425,291.9158,777.3,377.95,2518.8
2006-02-24,583.75,264.2029,441.144,377.7204,164.2418,143.4942,195.5067,296.2636,780.65,380.0,2558.38
2006-02-27,586.15,266.6819,441.4595,380.6392,165.7787,143.6979,193.828,289.2494,782.39,381.29,2543.33
2006-02-28,580.82,264.4261,437.1452,375.5274,164.4864,143.2516,191.662,292.3155,773.6,376.76,2531.81
2006-03-01,585.25,266.2949,438.8591,376.3656,163.9158,143.7992,193.9274,292.7912,785.15,382.06,2560.97
2006-03-02,584.0,264.6629,436.391,375.1024,163.7023,143.5177,195.0528,296.7669,782.31,381.58,2611.87
2006-03-03,583.92,264.1567,435.2869,374.0337,163.4581,142.936,195.1374,298.7205,779.87,380.28,2651.23
2006-03-07,580.67,261.6651,435.6293,372.5315,159.3844,143.8275,191.2386,289.9477,763.33,371.49,2592.15
2006-03-08,582.25,262.0759,435.7947,374.7939,159.5739,144.3719,189.8849,286.7629,763.87,371.84,2550.34
2006-03-09,579.62,260.8674,433.1996,372.9823,158.7974,145.6906,189.4876,288.6576,760.26,370.23,2565.87
2006-03-10,584.22,263.1609,436.6963,374.6692,159.6938,146.9076,192.8678,288.2334,765.2,374.76,2568.83
2006-03-13,584.85,263.0033,436.6912,375.0993,160.5137,145.8379,192.9262,291.5583,768.54,375.63,2588.93
2006-03-14,589.69,265.9795,441.7938,377.2424,162.0447,146.9247,196.245,295.1931,776.7,379.8,2592.85
2006-03-15,591.74,267.1459,442.5066,378.2766,162.6786,149.5488,198.6988,294.0195,782.13,382.76,2624.32
2006-03-17,593.49,268.467,445.147,379.5221,162.9797,152.7087,199.4176,294.27,784.59,385.03,2664.73
2006-03-20,593.41,267.722,445.3318,380.0042,161.0419,150.0966,198.5319,289.6989,781.94,385.16,2675.33
2006-03-21,590.9,266.3559,441.3208,377.3215,159.4739,148.3077,196.1219,291.6556,775.28,382.04,2667.32
2006-03-22,594.79,267.1028,444.504,381.2835,160.5664,148.5629,197.5295,289.4367,781.33,386.53,2682.72
2006-03-23,592.5,266.8951,442.3823,379.2999,160.2001,148.8432,197.9112,294.5991,782.28,387.82,2700.99
2006-03-24,592.78,266.8342,442.3897,378.875,159.9613,148.0647,198.0133,295.5688,786.29,389.9,2739.56
2006-03-27,592.15,266.5978,442.3729,375.9961,158.7425,146.5758,199.2143,296.3463,785.94,389.69,2770.56
2006-03-28,587.32,265.399,438.141,372.6244,157.9999,148.3443,198.2345,299.9568,783.53,388.33,2790.15
2006-03-29,590.91,267.3036,439.9098,373.4356,159.1887,151.0732,200.5958,301.1312,791.64,393.88,2847.43
2006-03-30,590.26,266.4246,437.7322,372.6585,157.529,148.3547,201.2428,305.1434,791.85,393.21,2899.5
2006-03-31,587.75,265.3356,437.4468,370.6611,156.3964,148.4722,199.858,301.4442,792.11,394.83,2912.98
2006-04-03,589.38,264.7102,437.9288,370.6814,156.7511,146.1477,201.7432,303.7527,791.11,392.34,2939.85
2006-04-04,592.88,265.9846,442.5368,371.176,158.4889,144.7193,202.5416,300.9192,793.65,394.52,2934.9
2006-04-05,594.75,267.7794,443.7063,369.7885,159.9008,146.2622,204.7415,304.2899,799.51,396.21,2989.72
2006-04-06,592.91,268.5534,442.3644,367.1598,157.5113,145.1301,205.5338,307.2536,799.9,395.79,3036.92
2006-04-07,586.71,267.2545,437.9335,362.6074,155.0941,142.4721,202.8018,305.3341,792.04,391.01,3037.37
2006-04-10,587.68,266.942,438.6379,361.5913,155.3902,141.2201,202.7043,307.9913,789.2,389.65,3047.3
2006-04-12,583.97,264.5623,435.4904,359.7197,154.0543,140.5701,202.4602,308.6529,783.66,386.62,3004.7
2006-04-13,584.51,265.3655,436.2787,359.3915,153.2885,138.5817,203.3171,310.2187,784.3,387.56,3030.84
2006-04-17,582.46,263.5635,436.1327,357.3734,153.2287,138.1111,204.989,315.9445,784.01,387.76,3091.31
2006-04-18,592.18,267.3693,443.6772,360.6787,156.3545,142.1745,210.4744,321.8185,801.53,397.39,3105.84
2006-04-19,592.34,266.6377,444.3837,358.8472,156.5821,143.8871,211.9429,324.0392,809.31,401.51,3117.6
2006-04-20,593.39,267.6027,445.2151,361.5202,157.9071,143.9534,210.0544,321.0403,809.65,400.46,3053.56
2006-04-21,593.13,265.8751,444.8677,360.7085,158.4923,144.1162,211.7876,325.298,808.31,399.06,3123.41
2006-04-24,592.11,265.2472,444.5004,359.4191,159.6481,143.3683,211.2686,319.9545,805.22,396.68,3095.85
2006-04-25,590.25,265.1199,441.8652,357.0494,157.5249,142.7876,209.9969,320.3304,802.27,395.15,3094.99
2006-04-27,596.19,268.9036,450.8634,355.3135,158.0809,142.8505,205.9054,313.8379,799.56,392.74,3051.87
2006-04-28,595.89,268.7149,455.2114,358.7272,158.609,142.9988,206.9314,317.6898,802.69,394.58,3103.07
2006-05-01,593.46,267.7709,448.3496,356.4535,157.1282,141.0288,208.4611,322.6615,801.14,394.02,3129.99
2006-05-02,597.1,267.861,451.3608,356.0019,159.9411,139.4728,210.0443,324.3316,804.99,396.57,3140.32
2006-05-03,594.32,268.1723,450.7146,352.4409,158.9504,139.776,209.9928,319.9949,803.95,396.71,3114.68
2006-05-04,596.66,269.7113,451.7066,353.3188,159.353,142.2176,212.0615,317.9396,808.55,400.37,3137.74
2006-05-05,603.04,273.0401,458.091,356.4818,162.7049,144.3677,213.5003,319.8275,816.69,404.47,3176.43
2006-05-08,602.91,273.225,456.0943,356.3451,161.6251,145.299,214.2494,318.5296,817.95,404.89,3179.73
2006-05-09,603.82,274.0854,456.8698,354.1789,160.3039,145.1478,215.9983,322.7355,816.14,404.73,3251.03
2006-05-10,601.98,274.2854,456.9968,353.7951,161.234,145.7068,215.7033,327.5807,814.54,403.21,3271.57
2006-05-11,594.72,271.617,449.8153,352.4463,159.6089,142.2541,212.5334,332.2935,803.86,394.13,3292.49
2006-05-12,588.7,269.1678,445.3551,351.4699,158.0218,140.1257,208.1227,329.0599,789.75,386.69,3225.86
2006-05-15,591.12,269.638,448.0083,356.3864,158.8044,142.4736,205.6079,320.376,784.67,384.96,3029.49
2006-05-16,590.75,267.4987,447.4949,357.7271,158.1458,141.3681,205.1965,321.4611,782.77,385.45,2996.29
2006-05-17,580.53,263.9557,438.5037,353.7684,155.4157,138.2956,199.7392,318.0193,768.8,379.62,2869.35
2006-05-18,577.26,263.7133,434.8065,352.1209,155.6529,137.1371,197.5617,317.405,761.63,376.01,2777.58
2006-05-19,578.88,265.7163,436.78,350.5883,156.9775,137.5313,198.1418,311.6507,763.25,377.68,2770.73
2006-05-23,575.7,261.9565,433.6968,347.1321,155.9708,135.683,194.6551,320.9471,753.56,372.78,2825.02
2006-05-24,577.48,262.0183,433.9212,348.6141,156.6903,136.0322,193.444,312.0577,752.36,373.09,2734.47
2006-05-25,583.16,264.4465,437.8613,351.3993,158.1135,139.5913,197.4754,315.5948,761.46,379.34,2806.28
2006-05-26,586.45,265.6133,441.1757,353.385,159.8478,141.1738,200.1612,316.9776,766.44,380.64,2840.19
2006-05-30,577.21,261.6746,434.6256,348.072,158.2519,139.8811,195.6345,317.2042,754.17,371.34,2826.2
2006-05-31,581.2,264.3695,437.2885,350.623,160.4027,139.8181,197.995,314.4966,765.56,376.31,2835.1
2006-06-01,587.25,268.5981,442.8934,355.6417,162.2454,142.9587,200.1878,312.9471,777.13,382.95,2827.68
2006-06-02,588.44,267.4867,444.6395,356.8162,164.0551,144.4477,201.7938,319.3101,780.03,383.44,2856.98
2006-06-05,578.55,263.354,437.4926,351.56,162.5309,144.9836,195.8925,318.27,760.99,372.76,2830.23
2006-06-06,578.44,261.9892,436.3755,352.0544,162.4547,144.3259,194.31,314.6665,756.72,370.28,2757.17
2006-06-08,575.94,261.8828,439.1887,354.4409,162.4548,144.2728,189.7378,309.6863,746.8,368.04,2640.67
2006-06-09,572.75,260.9238,437.9356,352.0013,163.5442,145.4271,188.4892,310.5115,745.36,366.22,2654.48
2006-06-12,566.97,257.5391,432.4508,348.3593,163.9734,143.7801,185.1177,309.0829,728.63,357.23,2549.03
2006-06-13,560.7,255.46,424.1375,347.3766,161.8678,142.7132,181.5115,301.6624,716.62,352.77,2354.77
2006-06-14,563.94,256.9055,421.6095,348.2282,160.91,141.7578,184.3869,303.3519,720.23,354.41,2415.57
2006-06-15,574.17,262.3299,430.8819,352.8054,163.0822,143.969,190.2825,308.4423,743.3,365.46,2551.29
2006-06-16,572.76,261.3538,427.9065,351.8003,163.0183,143.8337,189.0675,310.0037,740.24,362.67,2579.93
2006-06-20,568.72,259.2853,426.4829,347.7351,161.2799,142.4407,186.0617,304.5707,725.56,355.04,2522.27
2006-06-21,573.71,261.7291,429.6893,349.3688,161.1267,143.9916,190.5301,307.9501,738.75,361.43,2550.9
2006-06-22,570.82,259.8877,428.0739,347.3645,160.405,142.7707,189.7555,307.4532,734.43,360.4,2555.85
2006-06-23,569.47,259.2497,425.5901,347.4978,160.5048,141.8427,191.0519,306.469,741.19,361.72,2589.93
2006-06-26,572.29,260.7389,428.9162,346.8368,161.2357,142.9946,191.6958,308.724,745.24,365.6,2574.2
2006-06-27,567.83,257.3306,424.7333,342.3315,160.5557,142.3475,189.1439,308.4947,738.3,359.83,2549.18
2006-06-28,570.88,257.699,426.7479,343.2125,161.2868,142.9021,189.5445,309.5657,739.17,360.7,2539.72
2006-06-29,582.2,263.1441,436.0854,348.9578,163.3436,145.5197,196.8645,313.3688,760.92,373.05,2576.89
2006-06-30,579.56,263.4077,434.1301,350.6886,163.8001,146.3856,197.7872,317.1536,764.87,375.97,2635.2
2006-07-05,581.79,261.3618,435.6317,350.735,164.5653,148.7608,197.92,320.5516,758.51,374.14,2659.69
2006-07-06,584.16,261.5168,436.8918,352.2292,163.8577,148.9145,198.1208,323.3465,760.49,375.13,2664.22
2006-07-07,580.62,259.5992,434.9873,352.7106,165.0265,148.311,196.1496,318.9791,753.38,369.78,2668.16
2006-07-10,581.6,259.7672,437.2858,354.2586,165.8443,150.0132,196.7463,317.8519,752.08,369.94,2644.04
2006-07-11,583.68,259.6678,437.8143,355.2297,166.9309,150.0087,196.5107,321.2012,754.96,372.17,2637.37
2006-07-12,576.96,255.4023,433.019,352.8483,165.74,151.0756,195.0993,323.3945,745.87,365.83,2659.7
2006-07-13,570.08,251.1253,426.9565,350.0276,165.4156,148.8261,189.5721,326.459,732.92,358.78,2630.37
2006-07-14,567.32,247.8197,425.0881,347.5371,165.4756,146.659,189.8068,327.6951,727.64,355.53,2630.52
2006-07-17,566.62,249.3504,425.3216,348.8398,165.9888,146.3454,187.5247,318.7439,722.51,352.47,2556.73
2006-07-18,568.35,247.7091,426.1903,349.1517,166.4199,147.9314,188.2276,313.7788,722.73,353.91,2509.1
2006-07-19,578.96,252.6679,437.6929,357.6712,168.6296,151.4943,193.2955,314.792,740.22,364.06,2534.57
2006-07-21,572.5,247.4396,433.771,358.8425,169.9017,147.8502,185.4388,311.8543,712.86,348.69,2497.29
2006-07-24,581.66,252.5826,438.9918,366.0947,171.3049,150.4176,188.3296,314.8293,728.43,357.53,2500.61
2006-07-25,584.31,254.9691,439.991,369.2273,172.0559,151.0714,191.042,313.065,737.25,361.23,2521.37
2006-07-26,584.5,252.0623,439.5721,370.5056,172.6916,151.7813,190.7281,314.2172,736.81,359.21,2545.08
2006-07-27,583.55,251.421,437.4346,369.1675,171.4205,151.8795,186.7425,316.4966,729.27,354.74,2576.32
2006-07-28,590.2,254.5993,445.4928,371.4379,172.3045,154.5066,189.8486,316.0308,741.0,361.71,2590.62
2006-07-31,588.74,254.4825,444.1522,369.6232,171.6949,153.4667,190.8826,321.6832,742.51,362.82,2613.77
2006-08-01,586.32,252.0619,443.0645,369.9746,173.5298,152.8532,189.3421,321.4748,736.44,358.23,2627.12
2006-08-02,589.52,254.3031,443.5762,372.1885,173.3733,151.7584,192.0124,325.3235,741.2,360.99,2650.44
2006-08-04,589.05,256.2518,446.0831,369.1805,172.2802,155.4211,192.2864,322.0612,743.06,363.79,2646.62
2006-08-08,586.13,252.6661,442.0211,368.0916,171.8787,150.7069,191.192,322.8703,732.16,357.67,2634.15
2006-08-09,584.48,249.3959,436.6252,367.7694,171.8654,149.8222,191.3121,325.6426,726.77,354.46,2649.17
2006-08-10,587.04,252.8096,438.9167,367.8591,171.7801,150.4904,191.7,320.4718,731.29,356.61,2632.24
2006-08-11,585.6,252.5387,437.4669,365.6273,171.3505,149.146,189.4586,317.2919,725.1,353.52,2629.36
2006-08-14,586.76,253.2608,437.6814,366.3647,172.0838,150.4371,189.0595,312.1621,725.38,354.43,2603.29
2006-08-16,597.24,259.6488,447.5109,372.4526,171.7517,152.4427,195.8304,311.0703,749.19,367.36,2614.93
2006-08-17,598.11,261.0013,448.8361,373.3691,171.248,152.4282,194.995,305.7262,749.09,368.02,2602.27
2006-08-18,601.5,260.6005,449.4645,374.0975,173.2494,152.7959,195.0897,306.3511,750.58,368.46,2609.74
2006-08-21,599.93,258.1197,447.7555,372.8288,173.4639,153.7211,194.9222,309.4061,743.94,365.12,2617.07
2006-08-22,600.26,257.6713,447.3606,373.9281,174.6121,154.8853,195.8434,310.5321,744.77,366.1,2634.17
2006-08-23,598.44,255.5253,446.8753,374.0095,172.8496,153.1739,195.4374,308.767,737.75,360.92,2641.91
2006-08-24,599.74,254.3105,447.951,376.7078,173.3886,154.3554,193.7728,310.1065,735.95,360.28,2646.21
2006-08-25,599.41,253.8736,445.6828,376.1732,173.2836,154.1563,194.366,310.2841,735.52,360.53,2685.42
2006-08-28,602.13,256.6143,448.4623,378.8605,174.6782,155.5471,194.0839,304.3488,741.26,363.8,2692.88
2006-08-29,603.11,258.2228,447.0575,380.1538,174.8788,155.3159,195.1316,303.2442,744.97,367.31,2675.79
2006-08-30,602.82,258.4719,447.2281,380.1404,173.4972,156.3274,195.0424,302.0356,746.67,368.78,2680.53
2006-08-31,602.03,259.2472,447.629,379.5353,175.645,155.9247,196.0301,303.8599,749.96,368.82,2724.76
2006-09-01,605.59,261.9195,448.5235,381.4618,175.4086,155.462,198.1858,300.5687,753.6,369.85,2761.29
2006-09-06,601.2,259.3778,448.4342,377.813,172.8438,156.3359,196.8454,300.7933,743.62,365.21,2798.8
2006-09-07,598.5,259.4227,445.0874,375.6089,172.7872,155.1538,194.6122,299.1464,738.96,363.23,2738.54
2006-09-08,600.43,262.1419,447.5688,378.1848,173.0682,156.4825,195.1213,296.2095,739.36,364.15,2717.82
2006-09-11,600.76,264.1964,448.2317,380.8017,172.5415,157.7395,189.8799,290.1773,738.41,363.25,2604.43
2006-09-12,606.24,270.5508,453.6738,385.201,171.394,159.3522,191.9457,287.416,750.81,371.29,2601.47
2006-09-14,607.78,271.0909,457.2467,383.943,170.9068,159.9424,192.603,284.1082,752.29,372.69,2570.22
2006-09-15,609.01,271.9098,459.4817,384.7017,171.3511,161.0561,193.1323,283.4709,751.64,373.91,2566.24
2006-09-18,610.17,270.4661,458.5939,384.3092,170.5415,160.133,195.2482,285.2828,751.43,374.15,2577.52
2006-09-19,609.5,270.9128,459.3247,384.775,171.1782,161.3808,193.0277,280.5928,748.87,372.4,2537.44
2006-09-21,610.24,271.3693,460.2641,384.3306,170.4014,159.0498,192.7724,281.8814,748.25,372.81,2475.45
2006-09-22,609.38,271.074,460.1494,381.8903,170.2102,160.0233,192.3891,278.6872,742.69,369.08,2482.1
2006-09-25,614.56,275.773,464.8216,383.3749,172.6011,160.0574,193.5129,278.655,749.95,373.12,2425.76
2006-09-26,619.82,277.7869,466.9609,383.6452,172.5804,159.6685,197.0718,279.6204,756.14,375.03,2428.89
2006-09-27,620.35,277.2739,465.3106,384.2778,174.6912,161.3249,196.448,282.0793,758.18,376.16,2455.3
2006-09-28,621.54,277.2945,466.7076,384.3377,174.0883,160.5794,197.0668,282.8706,758.77,375.56,2466.05
2006-09-29,620.03,275.8396,465.8266,384.9249,172.3327,160.6497,195.559,283.324,754.25,371.78,2479.52
2006-10-02,619.24,276.0391,464.1752,382.6918,173.4875,160.3782,195.434,279.5182,750.18,368.16,2453.81
2006-10-03,621.44,278.927,469.0307,384.0747,174.3193,162.5633,193.1947,273.7811,748.13,367.99,2363.14
2006-10-04,628.33,282.9719,474.3335,386.7598,175.0623,164.7547,193.5065,275.6994,760.01,375.0,2322.91
2006-10-06,627.54,283.1568,472.5772,385.8501,173.29,164.5369,197.4563,278.5963,764.1,377.37,2365.66
2006-10-10,628.71,286.5975,474.0047,383.2676,174.5141,165.5406,199.9704,277.9968,771.32,380.68,2361.74
2006-10-11,627.11,286.0201,472.6671,382.9436,174.8889,165.7736,198.064,276.5558,769.62,379.19,2343.48
2006-10-13,633.61,288.8424,476.3012,383.9144,175.1789,168.4613,202.322,281.8195,784.65,388.79,2393.35
2006-10-16,634.58,289.112,475.1974,384.2871,175.8568,169.318,203.8593,286.7324,790.45,392.83,2422.18
2006-10-17,632.79,287.6233,474.446,385.3746,177.0908,168.4984,202.3705,286.4071,783.82,389.86,2413.09
2006-10-19,634.27,287.6723,471.9633,390.1192,179.6625,169.4694,203.2022,286.3072,785.76,390.17,2453.41
2006-10-20,636.01,287.5624,472.0737,392.6077,180.7516,169.8175,202.1515,284.2692,780.32,387.59,2456.69
2006-10-23,639.93,290.9525,475.1711,393.3259,181.3585,170.754,203.0816,284.7286,784.17,388.5,2461.27
2006-10-24,639.83,292.159,474.8806,392.1447,181.1596,169.7064,205.59,286.1078,786.15,389.29,2482.44
2006-10-25,642.54,291.354,476.2953,390.3866,182.7986,170.7393,205.0505,291.01,789.56,392.1,2514.04
2006-10-26,645.42,295.2946,480.2137,391.4783,182.1665,172.1568,206.0537,290.127,796.53,395.42,2529.25
2006-10-27,640.57,292.6074,475.6032,389.7765,181.1861,171.2398,206.002,290.7223,787.24,390.56,2540.43
2006-10-30,640.28,294.3273,476.9877,387.9319,181.2428,172.1146,206.742,285.1116,788.76,392.07,2559.73
2006-11-01,636.91,291.1734,472.2073,383.739,182.8271,171.2956,205.379,285.318,775.49,383.8,2585.25
2006-11-02,636.74,290.7562,471.3771,385.529,181.4416,167.7073,206.1569,286.5551,775.04,382.61,2596.95
2006-11-06,642.72,292.6638,476.391,388.472,179.3816,167.2721,207.9049,290.5201,785.1,388.81,2653.95
2006-11-07,644.19,293.0696,477.4287,390.9739,178.9633,165.5422,207.4145,290.1237,786.97,389.76,2638.82
2006-11-08,645.36,294.4273,478.8532,385.0493,180.5382,166.0139,207.7427,292.0084,791.61,392.35,2631.78
2006-11-09,642.71,293.2317,475.841,375.3633,180.6386,166.4849,209.5937,296.4299,787.05,388.91,2669.36
2006-11-10,643.32,294.3449,478.6434,376.4551,181.8196,167.5895,208.0037,289.7614,792.27,391.69,2674.25
2006-11-13,644.68,294.5506,479.3215,376.9733,181.805,167.5035,209.5898,287.3575,793.71,393.07,2648.89
2006-11-14,648.54,297.781,481.832,379.8619,182.2432,169.6582,209.5004,287.7708,801.99,399.13,2608.83
2006-11-15,649.24,298.6201,481.7493,381.7894,181.3941,169.015,210.0241,290.0685,806.56,402.31,2625.48
2006-11-16,651.06,300.7528,484.7815,383.6337,181.9453,170.4963,209.2372,284.5091,806.75,400.99,2617.79
2006-11-17,652.6,300.0175,483.7601,384.9019,182.1837,169.8449,209.1059,285.4243,805.73,399.86,2613.58
2006-11-20,652.02,299.4509,485.1206,383.5056,181.7316,175.8889,212.0042,286.0232,807.03,400.87,2630.5
2006-11-21,652.66,299.8372,484.5317,382.9822,181.8763,178.9988,213.1815,289.8154,808.63,402.37,2663.89
2006-11-22,653.52,300.5038,485.0596,383.8939,182.3646,179.7393,215.8856,287.4251,812.39,402.71,2666.62
2006-11-24,650.58,298.8503,483.3717,381.5579,182.6311,180.6322,216.0514,288.8534,811.63,402.51,2736.88
2006-11-27,642.47,294.612,475.5151,379.0965,180.9973,175.8466,212.7843,292.5672,795.25,393.37,2748.41
2006-11-28,644.92,294.0639,475.8595,380.6014,182.0813,176.0643,213.0276,294.4376,797.44,394.3,2724.44
2006-11-29,650.12,296.4197,478.667,382.982,184.3894,178.4529,215.2607,297.4709,807.11,399.4,2761.31
2006-11-30,649.64,296.5003,477.4579,384.4252,184.8973,180.3005,215.61,300.6589,809.2,400.5,2831.48
2006-12-01,648.33,296.0945,475.4017,384.8859,185.5305,179.7189,214.202,300.4189,809.28,398.71,2850.66
2006-12-04,652.21,299.5185,481.3127,383.0126,187.312,182.349,217.3775,295.0704,818.62,404.88,2837.67
2006-12-05,654.06,301.9864,483.4983,384.2694,187.7183,180.7478,217.9409,296.0858,820.37,406.47,2834.34
2006-12-06,652.67,301.7047,484.5711,384.7625,186.5875,179.582,217.7576,292.9792,819.64,406.3,2817.66
2006-12-07,650.52,300.1457,482.9056,383.7431,185.748,178.9783,218.6335,293.039,816.01,404.36,2808.35
2006-12-08,652.22,300.87,484.3536,384.6125,185.3812,179.442,219.0889,292.4223,816.04,403.98,2820.17
2006-12-11,654.19,302.0564,487.4163,385.0072,186.1938,179.775,218.6198,292.2571,814.99,403.8,2805.52
2006-12-12,654.22,300.4944,487.476,384.8875,187.0624,179.0349,216.0715,291.1314,810.8,401.77,2772.32
2006-12-13,655.45,301.4666,487.8786,384.4955,187.8091,177.8477,216.6061,291.8398,811.91,401.69,2786.61
2006-12-14,661.71,304.7553,491.5535,386.6474,188.341,178.4247,218.3796,294.5471,818.32,404.02,2813.99
2006-12-15,663.11,303.5224,493.543,388.1003,187.9629,177.4089,220.2457,293.5928,816.07,403.07,2812.77
2006-12-18,662.4,303.2187,495.8043,388.1871,186.5346,177.6591,218.0376,290.9456,807.73,398.23,2821.05
2006-12-19,663.81,303.507,495.3316,390.3208,187.5526,175.9383,219.5519,292.9289,808.28,398.79,2826.03
2006-12-20,662.47,303.2454,496.0615,390.3758,186.8859,177.5283,218.6316,291.6109,808.84,400.29,2846.28
2006-12-21,660.01,302.2298,494.5726,389.614,186.4885,175.6795,215.8031,289.8632,805.23,398.73,2830.53
2006-12-22,656.21,301.7449,492.5822,387.2628,186.0689,174.3481,214.5192,289.6689,802.16,396.96,2856.64
2006-12-27,664.42,304.7386,499.8696,389.8306,187.5671,177.318,218.5064,287.2201,813.54,404.92,2915.86
2006-12-28,663.64,304.0857,498.3218,390.0036,186.8878,177.8081,217.8682,287.8909,810.53,403.56,2960.14
2006-12-29,660.41,302.9157,495.31,388.7357,186.6012,178.232,216.5645,288.4439,804.37,400.02,2987.08
2007-01-03,660.29,303.8407,496.6284,388.9799,187.38,178.5665,215.5715,280.4069,807.23,399.2,2916.34
2007-01-04,661.0,304.0877,495.8613,392.8932,186.7863,178.1059,213.8343,274.9212,809.05,399.78,2843.5
2007-01-05,657.5,301.7055,491.7566,390.8903,183.4356,175.4071,212.6063,273.5437,800.4,393.7,2822.23
2007-01-08,659.15,302.312,493.6557,391.545,183.0075,175.5586,212.8179,273.3075,801.01,394.51,2831.65
2007-01-09,657.89,303.8721,492.8618,390.9377,183.232,177.8513,212.7473,272.1905,803.38,395.08,2799.91
2007-01-10,658.35,305.5189,494.2265,391.4152,183.6695,180.6163,213.9426,272.0585,806.09,395.11,2766.45
2007-01-11,661.64,308.9815,496.7085,395.6705,183.4595,183.3167,216.432,269.0213,814.71,399.67,2794.3
2007-01-12,665.67,309.8883,497.7946,397.2424,182.1027,183.7395,218.8647,273.3512,820.43,402.61,2848.02
2007-01-16,666.03,310.9322,499.0766,398.5547,182.7479,187.4833,219.4952,270.2941,819.16,401.46,2865.23
2007-01-17,665.2,310.9671,497.8126,400.9082,182.8862,187.4494,219.9671,272.1018,818.87,401.01,2855.75
2007-01-18,664.04,312.8002,496.3047,402.0468,182.6203,187.1367,218.9235,269.1191,811.16,396.48,2838.63
2007-01-19,665.38,312.8057,497.41,402.4218,183.3684,189.0968,222.2475,273.4841,816.49,399.62,2842.43
2007-01-22,662.41,311.0257,496.9964,399.5895,183.0572,187.3908,220.0239,273.129,812.66,395.91,2846.88
2007-01-23,664.12,311.6478,496.938,397.9599,183.8755,188.4005,222.7508,279.816,818.72,400.12,2877.8
2007-01-24,669.94,312.8167,501.5503,401.2396,185.2442,191.5851,225.396,278.96,826.95,404.0,2884.25
2007-01-25,661.34,307.8516,494.845,399.0376,184.1041,192.5672,224.1604,276.5479,817.23,399.65,2869.85
2007-01-26,660.35,306.5345,495.4802,396.6608,184.5206,192.9467,224.1859,278.8213,819.28,401.21,2902.0
2007-01-29,659.55,307.1175,492.958,396.3167,184.4961,193.3953,223.0829,274.2774,822.73,402.96,2905.51
2007-01-30,662.79,307.9603,495.5039,398.6001,185.2113,194.2577,223.7897,281.2809,827.45,405.7,2919.58
2007-01-31,666.78,311.2896,498.794,400.4387,185.9011,195.5717,226.2511,284.0652,833.02,408.01,2940.28
2007-02-01,668.89,312.5132,501.4955,403.6946,187.4157,195.4622,227.7892,282.2236,840.79,412.61,2986.21
2007-02-02,669.59,313.2475,502.5908,402.9851,188.2211,196.0435,227.5116,284.2484,842.9,413.62,2971.62
2007-02-05,669.21,312.3425,502.0173,402.875,190.3228,196.2826,226.5724,284.2391,843.06,411.78,2974.8
2007-02-06,668.91,313.3923,504.4505,401.9532,191.7593,198.9134,228.1145,284.1663,847.24,413.85,2990.62
2007-02-07,668.46,314.7961,506.5251,401.8292,191.8458,202.4178,228.3254,282.1262,850.55,416.45,2985.41
2007-02-08,667.16,314.1202,504.2402,401.3512,192.7578,201.6051,228.32,286.4892,851.07,415.88,2976.69
2007-02-09,663.18,311.2183,499.3284,399.5192,192.9204,198.8547,227.6785,288.1727,845.03,411.58,2997.73
2007-02-12,661.02,309.7143,497.8505,398.5949,192.5862,194.5526,228.012,283.1043,842.15,410.29,3004.39
2007-02-13,665.82,312.5309,502.5287,399.7888,193.7834,197.8282,232.5287,287.6721,849.96,413.66,3007.37
2007-02-14,670.21,314.2245,506.4905,402.0568,194.4759,197.3395,233.6897,285.2913,855.52,415.12,3041.78
2007-02-15,669.73,315.0167,506.756,403.5558,193.3331,198.9293,234.8975,287.1015,857.67,415.93,3064.26
2007-02-16,668.84,314.7321,507.2468,402.2984,193.4149,198.0994,235.47,289.8917,858.69,417.35,3090.7
2007-02-20,670.05,317.057,509.5531,402.6054,194.2792,200.1976,235.8794,286.9869,864.49,421.18,3124.15
2007-02-21,668.4,316.2499,508.0784,400.8749,193.2942,199.6704,238.39,291.6603,866.65,422.49,3136.63
2007-02-22,667.22,315.2415,506.8637,399.6977,193.8397,198.3122,237.4533,295.9519,867.61,422.69,3191.72
2007-02-23,664.01,314.1733,501.4039,398.1585,195.6786,194.7729,237.7058,297.6693,867.56,421.47,3229.97
2007-02-26,663.38,311.4641,497.4543,399.4117,200.484,193.2548,239.8209,298.2486,864.0,420.02,3274.64
2007-02-27,639.71,300.1187,479.7778,388.5918,194.7952,186.3618,229.7883,296.5484,837.38,405.3,3109.97
2007-02-28,643.74,301.8318,482.4223,390.3784,194.7706,187.8259,230.8377,295.7587,838.1,405.53,3171.54
2007-03-01,642.05,300.3633,481.5131,388.4955,195.4049,185.8362,229.5274,295.6595,836.45,404.34,3137.42
2007-03-02,635.28,297.9308,476.5982,385.4237,192.4528,181.8125,225.5287,293.6826,823.69,397.06,3066.76
2007-03-05,630.47,294.2712,469.0812,383.3273,189.894,175.2331,222.6874,288.7819,809.07,389.75,2955.39
2007-03-06,639.96,298.6064,478.8581,387.547,192.5267,181.6995,227.2791,290.8129,822.16,397.74,3075.19
2007-03-07,638.16,298.3434,475.6945,386.4727,192.3522,178.9904,226.3183,294.4248,823.95,397.43,3109.89
2007-03-08,642.28,301.0149,480.0263,388.4894,192.7093,182.1751,229.2546,295.2743,829.95,400.49,3134.19
2007-03-09,642.42,301.1644,480.8542,389.0058,192.825,184.2325,230.3355,292.0307,832.84,402.14,3127.69
2007-03-13,631.17,295.0231,465.4828,383.3403,192.2492,179.2998,225.7419,288.8334,819.48,394.55,3032.87
2007-03-14,635.15,295.159,468.4312,384.5413,193.338,180.4894,227.4938,288.4425,822.81,397.64,3009.47
2007-03-16,633.94,295.1534,469.4787,384.0394,194.4152,180.5864,229.2733,288.8828,823.89,399.88,3065.62
2007-03-19,640.69,298.4295,474.9905,388.2926,196.6519,182.9094,232.5569,289.137,832.57,404.01,3075.74
2007-03-20,644.71,301.1033,478.3877,390.2653,199.3423,182.6731,234.0529,289.5353,839.49,407.31,3078.44
2007-03-21,655.51,305.7867,489.9144,394.9388,201.6762,185.9313,236.68,290.8753,851.51,413.7,3097.62
2007-03-22,656.07,304.7991,486.8353,395.2345,201.3701,185.3687,235.6734,295.2673,853.44,414.56,3123.52
2007-03-23,655.98,304.9205,487.6501,394.1862,202.2816,185.7544,236.5866,295.3323,855.68,416.16,3154.54
2007-03-26,656.92,304.4897,485.8466,395.0357,203.3661,183.1541,238.8369,296.7145,855.28,415.52,3175.03
2007-03-27,653.07,301.9805,481.9721,392.0747,203.1221,180.6927,236.0374,296.3646,851.2,412.41,3168.23
2007-03-28,647.87,298.8892,476.1669,389.6832,202.9852,179.1272,233.7249,298.7966,847.44,410.63,3170.5
2007-03-29,650.93,299.543,478.8933,390.7031,203.6439,179.3964,234.8215,302.031,847.45,412.05,3181.72
2007-03-30,649.89,299.9269,478.274,391.1459,202.3377,181.8466,234.706,301.2667,848.47,411.92,3186.83
2007-04-02,650.65,301.0442,475.6818,392.7995,206.2728,183.491,235.159,299.67,852.41,413.76,3190.06
2007-04-03,656.66,304.7475,481.2809,397.1725,206.5629,185.322,237.8823,298.4846,858.71,417.33,3214.47
2007-04-04,657.77,304.5711,480.2606,399.0539,205.8113,184.2776,237.8908,301.3216,859.35,417.18,3240.97
2007-04-05,659.73,306.1854,481.1009,401.6437,206.502,184.1604,237.6895,302.1947,861.79,418.17,3257.43
2007-04-09,660.13,306.7211,481.0156,401.657,207.8442,184.326,240.7017,299.4506,862.53,417.65,3283.63
2007-04-10,662.08,306.8375,482.0605,402.2495,208.4735,184.8177,239.2646,301.3034,865.48,419.2,3274.67
2007-04-11,658.13,305.052,478.3742,401.3906,207.476,181.4246,237.4444,301.4714,860.31,416.14,3252.45
2007-04-12,662.38,306.7351,478.5195,405.4485,206.7536,180.2325,239.5386,302.2719,866.1,418.97,3264.81
2007-04-13,665.35,306.9063,480.861,410.8829,206.3974,182.2307,240.1706,302.841,868.11,420.93,3319.4
2007-04-16,672.01,309.8425,491.0516,415.0395,207.6836,182.1003,242.8507,299.9421,877.31,426.48,3349.73
2007-04-17,673.56,311.183,491.8294,416.8746,209.3268,184.8885,241.4442,298.499,876.31,425.27,3334.86
2007-04-18,674.1,310.5652,496.7868,415.7299,209.8768,183.878,239.6203,298.1321,875.29,423.23,3335.19
2007-04-19,673.99,309.0947,496.0936,417.6242,208.8968,182.7551,239.0319,295.8945,871.92,421.57,3296.62
2007-04-20,680.82,311.993,499.5317,420.0308,210.7016,183.8896,241.6425,297.5217,880.2,426.43,3361.41
2007-04-23,677.59,311.1471,497.5309,419.863,212.2502,186.126,241.4066,299.9584,881.59,425.89,3351.83
2007-04-24,677.16,310.5391,495.661,420.1731,213.5886,184.3195,240.3399,296.5302,881.12,425.45,3300.81
2007-04-25,684.37,313.613,502.4656,421.653,215.2162,184.6984,244.2045,300.2442,888.0,428.57,3302.18
2007-04-26,683.66,313.5224,501.2539,422.0613,213.8184,184.1194,243.5709,296.7616,890.06,429.43,3285.09
2007-04-27,684.42,311.5039,500.6809,420.6517,212.4901,183.813,243.0044,299.8633,886.43,428.25,3298.79
2007-04-30,680.65,307.4123,497.2909,418.9024,210.6961,180.2697,239.2345,298.5611,873.66,420.83,3265.92
2007-05-01,683.22,308.2443,498.05,420.2295,213.0102,178.5871,237.5763,297.5245,876.14,422.78,3227.1
2007-05-02,686.42,311.117,500.955,422.1903,214.1453,181.1293,240.335,296.544,886.09,429.57,3262.34
2007-05-03,689.4,310.6978,503.937,423.1244,213.6492,181.6349,242.0532,297.7852,888.47,429.69,3322.29
2007-05-04,690.95,311.1023,505.2674,425.4627,213.7095,179.5569,243.501,297.319,892.3,431.72,3347.73
2007-05-07,692.79,311.424,506.6135,426.9271,215.5218,180.3252,246.6558,295.2172,892.41,431.77,3369.79
2007-05-08,692.05,310.856,505.4751,425.6372,214.2903,178.6965,246.5169,295.241,892.81,431.15,3350.84
2007-05-09,693.43,312.0982,508.5841,425.7973,214.7387,181.1297,247.7509,295.0755,898.83,433.45,3356.96
2007-05-10,683.73,308.2089,501.5483,417.7219,212.4317,178.0837,243.3069,294.302,886.36,425.69,3322.21
2007-05-11,690.04,309.8976,505.9591,420.1742,214.0961,181.116,245.4011,297.4856,894.11,430.6,3345.58
2007-05-14,689.31,309.7548,503.0997,420.2009,214.8412,180.0775,244.3667,295.6391,890.61,427.62,3309.65
2007-05-15,689.18,308.3819,501.8904,419.4056,215.2473,176.8573,246.7872,297.0234,887.02,424.17,3272.63
2007-05-16,695.95,310.4189,507.2863,423.6251,216.5402,174.9658,247.3579,296.715,892.4,426.84,3242.97
2007-05-17,695.16,310.4046,505.7719,421.87,215.4887,171.8181,247.5596,299.6576,893.26,425.02,3236.55
2007-05-18,699.8,313.7647,507.5061,424.2073,216.4854,169.8318,248.998,299.7177,898.19,428.2,3279.6
2007-05-22,699.12,314.5724,508.2488,424.5722,215.8686,173.4619,247.7302,298.2039,907.46,436.31,3274.68
2007-05-23,699.01,314.6233,507.4148,425.4221,213.2536,171.4431,248.2959,298.4299,904.5,434.22,3278.92
2007-05-24,693.47,312.0235,502.8032,423.8056,207.4642,168.2466,245.4157,296.3805,890.34,427.95,3205.99
2007-05-25,697.27,313.0169,503.6684,424.2566,207.14,170.4904,248.3218,299.9308,896.28,431.16,3242.2
2007-05-29,697.7,312.7592,505.6797,424.2753,208.4338,177.5149,247.7652,294.6919,901.21,434.91,3207.55
2007-05-30,702.99,315.2679,508.6519,423.6954,210.5415,183.2031,251.0285,296.4384,911.22,437.87,3181.82
2007-05-31,702.43,315.8921,506.9856,424.2784,211.2923,182.4308,252.1448,298.5926,916.3,439.92,3241.69
2007-06-01,704.71,317.5725,508.8593,425.4708,210.0731,182.3135,255.0225,301.1846,921.77,443.3,3274.87
2007-06-04,705.57,318.5443,508.1628,425.1507,209.3028,183.127,254.3298,302.654,925.9,444.3,3279.01
2007-06-05,702.28,316.2808,504.9623,423.1603,206.1914,179.7112,253.4059,301.8427,919.99,440.72,3279.13
2007-06-06,696.57,313.1621,501.0726,419.2436,203.3545,178.0821,249.8968,300.9426,908.55,435.99,3249.2
2007-06-07,685.33,307.3193,492.5338,412.5921,196.7299,172.2165,244.3955,301.2365,889.48,427.76,3193.77
2007-06-08,693.11,310.5418,498.2072,415.1268,198.7353,174.6801,248.7577,295.1228,899.18,432.24,3190.55
2007-06-11,693.73,309.8274,500.0556,415.0391,200.8153,171.7634,246.8745,299.6025,899.75,431.65,3193.69
2007-06-12,686.16,306.4587,494.3877,411.5663,197.7898,168.7096,244.1924,297.3904,889.72,426.52,3129.92
2007-06-13,696.06,310.37,503.0551,415.455,201.7632,173.1456,249.6373,299.3215,899.68,431.85,3126.89
2007-06-14,699.82,312.4362,501.9917,415.7906,202.5761,171.3674,251.2907,304.0257,906.42,435.03,3162.95
2007-06-15,704.53,313.9059,504.1366,418.5506,205.7819,173.4206,254.033,306.7117,911.99,440.3,3202.87
2007-06-18,704.18,313.4163,503.8614,416.6965,203.6695,170.7297,253.9942,308.3726,910.04,439.35,3226.18
2007-06-19,705.79,313.9374,505.5275,417.3507,204.0827,171.1182,255.2284,305.4518,908.65,440.77,3237.08
2007-06-20,696.78,313.084,497.0637,411.272,198.831,167.019,251.9565,305.3146,899.35,435.23,3234.39
2007-06-21,700.78,312.9626,498.0853,412.3047,200.2588,166.4209,254.4361,303.9229,905.65,436.56,3251.36
2007-06-22,690.77,310.1725,489.4611,405.6609,196.6971,165.0144,252.6873,302.6138,896.42,432.75,3235.09
2007-06-25,689.72,309.4632,486.6014,405.6622,197.7154,162.1209,250.135,301.2803,890.1,429.81,3189.89
2007-06-26,687.78,308.1541,485.7399,408.2928,197.0345,161.8762,247.05,298.9033,887.48,427.6,3119.55
2007-06-27,693.94,310.9887,489.7693,410.6668,199.8471,165.9564,248.1274,300.4523,897.31,433.73,3129.86
2007-06-28,693.86,310.8408,489.0281,410.718,199.3915,164.3519,248.5204,300.9324,897.8,434.18,3134.03
2007-06-29,692.77,310.2139,485.4127,409.0136,200.1026,163.5374,250.0976,303.8439,895.51,432.31,3174.39
2007-07-03,702.93,312.5342,493.9042,413.2024,204.0299,167.2687,254.2144,304.8642,910.66,438.6,3202.79
2007-07-05,702.82,314.5779,491.4605,413.5675,203.2606,170.1437,254.9013,306.7591,910.99,439.83,3225.01
2007-07-06,704.5,317.0704,492.2733,413.7624,202.1338,169.988,256.5717,309.0563,916.26,440.19,3249.35
2007-07-09,705.58,315.9076,490.9173,412.6477,202.6658,169.5067,257.4909,309.5345,917.27,441.63,3271.88
2007-07-10,696.21,309.938,480.1343,408.5653,199.9615,164.9038,253.0797,311.3218,903.69,433.87,3248.29
2007-07-11,700.6,311.2028,482.0848,411.3137,201.0768,164.5713,255.7119,311.1984,908.28,436.25,3268.75
2007-07-12,714.74,315.4322,492.4392,418.2456,204.3635,167.5022,262.5972,311.3229,922.95,443.76,3305.11
2007-07-13,717.17,316.445,493.3792,417.5802,206.8483,169.319,265.4442,313.4251,926.23,444.9,3330.39
2007-07-16,717.01,315.0764,491.7841,417.6973,203.9057,168.7028,263.5707,309.2526,920.21,442.12,3304.45
2007-07-17,717.22,314.8708,492.3262,415.7671,203.792,167.449,265.2134,307.319,921.96,443.08,3279.3
2007-07-18,714.92,314.5461,486.4888,414.2655,205.4427,166.5576,266.5606,312.1972,919.46,441.49,3293.34
2007-07-19,718.11,315.8121,485.0789,412.6128,209.405,167.8069,267.3732,314.5484,923.67,445.19,3318.99
2007-07-20,709.92,311.5683,476.2642,408.4818,205.761,164.4252,263.6243,313.0945,914.05,437.75,3325.86
2007-07-23,714.76,311.8503,476.0733,412.6591,207.0601,162.3023,264.3381,308.0533,911.94,437.74,3322.76
2007-07-24,701.2,306.1402,462.4294,407.2139,199.8369,158.9447,258.1936,306.9341,890.9,426.97,3253.08
2007-07-26,689.84,297.3246,454.9284,399.3885,194.6469,154.8177,246.0254,305.8407,870.19,416.35,3152.3
2007-07-27,679.14,292.9661,449.3033,391.6871,191.1481,150.6601,241.1938,308.7211,858.76,410.05,3163.25
2007-07-30,685.09,296.6855,454.8145,394.3529,192.8373,152.8886,246.6347,310.1869,866.31,413.86,3179.96
2007-07-31,675.75,292.1279,446.821,390.9784,192.4566,152.6413,244.3847,313.2277,856.33,410.2,3192.72
2007-08-01,681.85,292.4486,448.6267,394.0445,197.6822,153.8743,244.6808,309.1848,858.65,410.97,3090.12
2007-08-02,684.51,294.9985,449.4575,397.1982,199.3339,155.7458,244.1702,309.5268,865.8,414.95,3104.82
2007-08-07,687.82,292.944,456.6528,401.0254,202.7839,156.4152,241.9211,302.5544,858.46,408.78,3003.47
2007-08-08,698.14,296.1045,466.4948,404.8294,204.8004,162.7014,247.6392,302.8809,869.71,414.99,3030.63
2007-08-09,676.02,287.8724,449.0113,394.7742,199.52,162.3855,240.6751,300.9726,849.8,409.26,2934.22
2007-08-10,675.62,288.3035,448.4708,394.7529,198.455,155.9471,240.2405,300.8868,851.44,413.39,2883.83
2007-08-13,674.51,288.7932,444.8308,395.7767,198.5389,154.7479,239.5168,301.6434,853.26,409.86,2885.88
2007-08-14,663.96,280.973,434.1867,391.1014,194.392,148.8385,233.2582,301.3933,837.24,402.17,2784.6
2007-08-15,655.83,276.8329,429.9139,389.9116,191.5241,146.8316,225.9737,302.0308,819.97,396.35,2660.84
2007-08-17,674.53,281.8628,461.1666,393.0753,196.2131,155.6821,228.8957,296.5527,838.3,412.35,2544.69
2007-08-20,674.12,282.3998,457.4497,393.0203,195.9999,158.7784,231.9165,292.6357,842.23,413.57,2548.45
2007-08-21,673.85,284.3694,459.6237,393.1241,197.0251,160.9049,233.2518,290.5131,844.06,414.45,2530.84
2007-08-22,681.28,288.4325,463.4354,396.5384,199.2862,161.6526,240.5853,291.3635,856.18,419.39,2588.11
2007-08-23,681.84,287.1672,461.3695,397.4861,199.4186,160.0258,238.367,293.7882,852.34,414.5,2586.6
2007-08-24,689.47,290.9543,463.8756,400.448,201.0048,159.1989,242.8481,296.269,864.35,420.45,2639.48
2007-08-27,684.74,288.6895,457.5464,398.4678,194.2788,156.404,241.0646,296.2931,855.34,415.95,2632.68
2007-08-29,683.02,289.3191,450.7387,397.7379,196.6859,155.5086,239.636,297.571,854.85,413.92,2589.46
2007-08-30,680.46,288.0604,445.6972,397.1444,194.8569,156.677,239.2793,297.9787,850.68,412.32,2586.0
2007-08-31,687.47,292.8249,452.457,399.8401,195.9897,160.1939,242.4821,299.519,863.0,417.61,2647.81
2007-09-04,694.23,293.1108,457.7359,402.6893,199.6917,162.5549,244.5571,302.0434,873.03,420.52,2675.28
2007-09-05,686.63,289.3116,448.1873,400.1474,197.122,158.2368,241.9393,301.8111,864.88,416.76,2645.02
2007-09-06,688.91,290.0719,447.2258,402.7467,199.4658,159.6699,244.4917,302.6537,869.17,417.64,2704.46
2007-09-07,677.74,283.4524,440.7404,397.211,196.4617,155.8939,238.863,303.2422,853.3,409.28,2697.07
2007-09-11,687.65,285.3112,446.1984,401.8376,199.1539,156.8238,239.6758,307.8977,857.63,413.05,2715.63
2007-09-12,688.42,284.4733,445.3136,403.179,199.7429,156.9013,239.4178,312.0271,856.71,411.18,2727.63
2007-09-13,695.0,288.5111,452.3842,404.9405,200.3573,160.0123,242.5418,311.2147,859.05,411.98,2758.25
2007-09-14,694.38,289.6161,452.1906,404.017,201.1357,160.0827,244.3331,311.8322,862.46,414.05,2755.53
2007-09-17,691.12,287.4613,448.8081,401.1518,199.922,159.4957,243.9822,315.7696,855.97,410.27,2749.28
2007-09-18,710.08,297.1245,468.7904,408.5819,204.0168,165.2753,254.3199,317.675,881.38,425.6,2765.56
2007-09-19,713.53,297.9597,471.5432,411.5691,206.9155,168.3719,257.7819,320.4093,886.06,430.9,2758.45
2007-09-20,709.81,293.4444,463.351,409.401,204.7974,165.3862,256.992,324.0961,879.86,427.57,2800.85
2007-09-21,713.35,293.3124,464.451,411.6465,205.811,165.7043,258.4367,323.9674,881.85,427.94,2818.24
2007-09-24,710.14,290.8632,458.7286,410.4167,205.8639,168.5351,257.6044,324.6556,875.57,424.13,2834.44
2007-09-25,710.52,287.3498,457.2719,410.0851,205.5332,165.3232,257.5641,322.6917,874.6,422.55,2801.39
2007-09-28,714.49,289.9452,461.4944,411.5781,202.4251,167.2341,260.9899,324.7209,885.06,423.43,2883.56
2007-10-01,723.78,293.8527,471.0768,416.3845,205.5996,170.2945,265.2717,323.5135,897.18,433.09,2872.66
2007-10-02,723.53,294.8227,475.0239,414.8966,205.2193,172.9889,263.6642,319.9375,902.0,436.48,2843.4
2007-10-03,719.73,295.5489,475.073,415.4159,205.0635,172.7297,260.3745,319.5951,899.72,433.39,2839.77
2007-10-04,720.59,294.588,476.1909,416.9163,206.7033,173.5516,261.0423,321.5839,899.4,434.4,2834.66
2007-10-05,725.83,299.9888,482.0069,420.2739,207.8007,177.0006,265.6064,320.6192,913.91,442.34,2857.57
2007-10-09,729.79,299.4314,481.9443,421.2702,210.2404,175.6422,268.9928,317.5178,917.18,441.87,2872.2
2007-10-10,728.03,299.0405,477.1553,421.0991,208.6102,174.9614,267.2403,320.9131,916.5,440.99,2899.24
2007-10-11,724.9,297.132,476.0596,418.5398,209.4113,173.0743,265.7281,324.1338,910.77,435.75,2918.97
2007-10-12,727.77,298.4363,475.86,420.2292,210.1108,171.932,268.5068,325.0438,912.38,438.68,2961.9
2007-10-15,722.09,294.408,467.0967,416.2762,207.8136,167.3929,265.8948,329.6789,905.78,432.81,3014.41
2007-10-16,717.81,292.8535,458.4261,413.1972,207.2399,165.0142,261.9066,330.871,898.08,428.92,3014.84
2007-10-17,719.7,292.4177,457.7708,413.2866,206.804,165.161,261.3499,330.4095,898.34,428.8,3009.89
2007-10-18,718.31,290.9695,452.8536,414.456,206.5227,165.5716,264.5525,333.7324,900.45,428.22,3047.31
2007-10-19,700.31,284.0348,439.5781,408.8258,201.6278,159.7074,258.2028,331.7494,879.07,415.48,3010.02
2007-10-22,702.63,286.8547,443.7802,407.8291,203.1925,161.7504,256.639,328.1949,884.82,421.44,2978.81
2007-10-23,708.86,288.0241,446.5997,412.8192,203.2429,163.8693,260.5413,327.2475,890.94,425.54,3018.26
2007-10-24,707.86,287.6858,443.1202,411.276,204.0813,162.9352,261.9549,328.0544,889.05,422.34,3018.68
2007-10-25,706.62,284.9832,440.3241,412.8433,208.0495,163.5851,263.1965,334.1344,884.83,420.36,3052.18
2007-10-26,717.18,287.8803,451.5011,414.3854,211.2195,164.8054,267.5936,337.6331,895.29,428.03,3091.62
2007-10-29,720.74,288.8083,451.2291,415.711,212.8675,163.5482,270.7229,341.223,897.82,427.86,3150.62
2007-10-30,716.52,288.1456,448.7858,415.4514,212.6874,164.9687,264.8501,336.1385,892.62,425.41,3106.9
2007-10-31,724.4,289.9718,452.2976,419.2118,215.8119,168.1829,271.4237,342.8349,907.7,431.0,3135.62
2007-11-01,705.46,282.1795,431.2959,412.1342,210.9951,161.8174,262.1393,341.0967,887.81,413.24,3131.68
2007-11-02,704.95,281.5968,424.24,411.2425,212.4627,158.3225,264.01,345.4156,886.52,413.87,3170.59
2007-11-05,701.71,278.452,418.2822,410.6353,214.9315,156.1292,261.7274,341.8066,879.45,409.66,3153.22
2007-11-06,709.91,280.5422,425.4677,412.2684,215.1199,157.2665,268.1722,347.5702,890.47,415.24,3173.64
2007-11-08,686.13,274.3823,405.7705,406.1537,213.9917,152.2191,262.7581,345.9046,873.26,404.78,3068.86
2007-11-09,675.68,268.304,406.3176,404.617,212.2749,151.2201,257.88,346.6148,861.55,399.92,3048.54
2007-11-12,670.37,267.5005,406.9138,406.4225,208.8455,151.1981,248.2717,341.7994,848.55,396.7,2952.62
2007-11-14,685.76,269.6475,424.2466,411.1738,209.7841,154.27,254.5962,343.772,863.02,404.28,2988.76
2007-11-15,676.59,267.9094,411.2401,410.1625,210.0621,152.8805,248.9107,338.9385,854.0,400.11,2944.57
2007-11-16,680.61,268.2255,408.1282,412.8295,211.0608,150.9193,249.5453,341.8522,852.27,398.58,2937.2
2007-11-20,674.01,261.8499,390.7394,410.3974,214.524,143.7054,244.982,345.0506,834.66,389.61,2870.91
2007-11-21,662.89,259.3005,382.0036,403.5549,212.0802,142.8815,240.3344,343.3714,823.66,384.71,2800.96
2007-11-23,673.71,263.9878,393.7439,409.0434,212.5727,146.2796,244.802,346.836,834.48,392.22,2846.37
2007-11-26,657.79,257.9197,377.7992,404.575,211.1008,138.4969,240.1554,346.028,821.32,382.6,2777.0
2007-11-27,668.08,261.7718,387.7335,413.2189,212.7985,142.1313,242.9144,340.5774,830.39,385.94,2721.28
2007-11-29,687.59,269.6545,404.1926,421.3916,214.9528,148.1582,255.385,336.542,854.93,397.0,2731.95
2007-11-30,692.03,273.0328,415.8859,422.8057,216.0279,151.5526,257.5929,332.9051,860.74,398.77,2736.98
2007-12-04,682.18,270.8975,403.4601,418.8406,219.6892,146.3343,254.8484,333.2538,854.21,392.31,2694.44
2007-12-05,692.85,270.1647,411.5931,423.9328,223.1436,151.6936,259.2741,332.7265,866.69,397.59,2692.22
2007-12-06,702.62,273.1262,422.3636,426.0558,222.821,156.6635,264.3616,336.2874,884.46,408.65,2716.37
2007-12-07,701.18,273.8115,418.1096,425.2049,223.2769,155.5051,266.45,336.122,885.52,407.74,2730.49
2007-12-11,691.11,266.605,405.6197,419.3953,218.8384,149.462,259.2812,340.0721,866.17,398.25,2725.07
2007-12-12,694.94,266.4444,401.8535,420.0233,219.1166,149.8266,262.3785,347.2059,869.13,400.24,2735.58
2007-12-13,696.56,265.562,399.8844,418.9949,221.7824,147.8651,264.1986,342.7963,868.96,398.7,2694.63
2007-12-14,687.38,261.7346,392.5315,415.0099,218.3496,142.879,258.9356,341.8924,855.21,390.33,2692.34
2007-12-17,677.46,259.2306,388.9524,410.5689,215.5758,139.2678,250.8035,341.3773,840.8,383.2,2607.95
2007-12-18,681.05,261.4845,389.336,413.4195,218.7339,140.587,253.1284,340.487,846.87,389.15,2595.28
2007-12-19,679.89,259.0818,389.7699,411.6445,217.3191,142.5533,252.4941,343.5875,846.25,389.78,2601.48
2007-12-20,682.72,259.4699,387.2243,413.3422,217.5528,141.3962,257.0955,343.0758,856.21,394.98,2624.23
2007-12-21,693.57,263.1439,395.1336,417.9006,219.1914,143.84,263.2506,347.6141,869.54,404.35,2687.52
2007-12-27,690.14,260.7134,391.2564,413.2039,216.3302,142.1846,261.9802,353.246,863.64,398.22,2759.43
2007-12-28,691.31,260.2194,389.4301,413.3643,217.9975,140.4832,262.1135,352.0281,863.13,398.01,2790.26
2007-12-31,685.65,259.5309,392.0778,409.704,216.1099,141.7056,259.8416,352.326,858.2,395.14,2839.66
2008-01-02,675.95,254.1522,382.3955,406.1946,213.1706,140.7081,257.6255,360.3955,847.56,390.41,2870.49
2008-01-03,676.12,251.1497,379.9188,408.704,213.8473,135.8728,261.3809,362.1451,841.58,386.18,2885.6
2008-01-04,660.73,243.5782,369.0686,404.1625,214.5957,130.3035,254.0245,359.8363,817.51,373.67,2858.66
2008-01-07,662.94,244.755,370.6818,412.9228,219.9626,131.5498,251.2923,356.102,815.34,375.09,2819.98
2008-01-08,651.02,240.0225,357.159,416.3504,219.7757,126.1869,247.248,361.8835,796.63,365.17,2820.21
2008-01-09,661.08,241.9823,363.1566,422.9972,222.5743,128.6294,249.4274,360.3454,800.41,369.02,2774.52
2008-01-10,665.64,245.0117,371.6199,423.5241,221.4874,131.115,252.7619,357.7324,807.61,372.11,2778.66
2008-01-11,656.03,238.8593,370.876,423.6816,219.8829,131.4261,249.6237,359.0033,796.22,364.54,2797.76
2008-01-14,663.48,241.1609,374.6298,421.6494,220.4771,130.9605,258.3287,364.0845,804.4,368.65,2818.56
2008-01-15,647.35,235.6246,360.7332,414.9657,217.9029,126.6171,250.52,359.5481,785.34,361.35,2769.82
2008-01-16,642.77,238.6203,365.3576,417.7982,214.4865,129.1003,242.4541,355.3399,781.58,362.88,2724.21
2008-01-17,625.13,234.3303,348.2423,409.6381,206.3643,126.5267,229.3565,355.5181,758.93,353.37,2656.74
2008-01-18,620.43,234.3394,342.0323,403.1156,202.8297,125.3919,233.6615,355.0183,756.21,350.6,2618.21
2008-01-22,612.82,238.2263,349.6689,390.4091,196.0072,130.4526,231.0203,351.1445,752.64,350.52,2465.93
2008-01-23,626.5,246.9201,373.3318,388.8307,202.8027,142.3367,233.7947,343.7257,769.65,362.03,2440.34
2008-01-24,632.68,248.4352,375.4801,388.6631,197.2041,139.3253,240.4484,351.7341,778.83,362.45,2533.72
2008-01-25,621.53,243.5551,366.1877,382.2329,193.815,137.123,239.8958,355.967,771.87,360.15,2554.06
2008-01-28,631.74,248.1372,378.4223,388.0825,196.6451,141.7364,244.7562,358.5137,789.78,367.55,2557.8
2008-01-29,634.96,249.3232,383.8638,389.217,197.3924,140.5175,246.0615,361.5288,795.56,369.84,2552.38
2008-01-30,632.36,247.7324,379.5049,385.9976,196.9856,137.7352,245.9765,362.8544,787.02,365.68,2555.38
2008-01-31,643.06,256.1268,389.705,389.6049,201.064,140.5612,249.3818,363.8061,804.64,375.51,2564.69
2008-02-01,646.3,259.8689,397.2129,393.5315,204.2512,147.0457,254.8813,358.7896,823.43,384.64,2576.3
2008-02-04,638.43,254.3909,387.1405,395.0046,207.3701,144.6437,251.3298,362.3109,817.34,379.92,2567.73
2008-02-05,618.66,247.4062,369.4431,387.1961,200.037,138.4127,242.0952,358.344,793.88,369.2,2509.97
2008-02-06,614.23,245.8705,365.5238,387.3103,199.7337,136.379,240.7887,358.6735,784.49,365.41,2505.66
2008-02-07,618.18,250.0427,371.6067,387.7809,198.8895,139.446,242.2342,361.7931,792.63,370.35,2493.04
2008-02-11,617.69,251.721,356.2084,383.1723,199.4252,132.1691,250.4993,372.4655,798.61,369.93,2541.53
2008-02-12,622.86,252.9951,361.0679,387.8029,201.6957,136.576,250.9806,369.9187,800.24,372.53,2536.79
2008-02-13,631.51,255.7317,364.0298,390.0033,201.7061,136.8553,253.5351,371.4647,810.37,380.17,2561.31
2008-02-14,623.12,252.2011,357.0078,384.9069,199.5799,134.2285,251.673,378.8463,797.54,371.99,2573.01
2008-02-19,621.99,251.7004,356.5182,388.6925,199.9717,133.8234,255.9832,389.6668,796.27,370.58,2622.6
2008-02-20,625.92,254.0317,362.1149,388.44,199.8908,136.1498,259.0782,389.8862,807.18,375.01,2642.49
2008-02-21,618.97,249.4154,357.2646,384.1777,196.5244,133.1309,255.0003,391.141,796.47,368.37,2660.81
2008-02-25,630.58,256.9072,367.092,390.0609,199.6465,141.6229,262.9195,395.741,817.39,376.51,2686.24
2008-02-26,634.78,259.9979,367.844,391.3666,201.305,141.522,262.9553,399.9098,825.38,380.46,2715.49
2008-02-27,635.56,259.3255,370.8455,388.3711,197.5834,140.4308,263.8112,399.8821,821.31,379.37,2754.46
2008-02-28,630.06,253.1906,359.5856,385.273,196.2744,137.4073,263.0648,407.9773,813.06,374.51,2809.5
2008-02-29,613.62,245.677,345.1588,379.6938,190.3786,134.4504,254.006,407.1745,788.51,363.69,2782.07
2008-03-03,613.24,246.2919,340.9211,379.8982,192.6079,135.77,257.9367,411.1714,789.82,363.5,2794.57
2008-03-05,613.73,246.5077,335.7703,379.7192,195.6239,136.0145,258.4597,414.1867,789.98,363.04,2803.34
2008-03-06,601.48,239.998,323.5273,371.6698,191.2842,130.241,255.2411,409.7947,768.27,354.01,2770.18
2008-03-07,596.79,237.8222,324.6219,367.5825,190.501,132.3548,245.8125,406.2378,760.81,352.19,2728.46
2008-03-10,589.15,234.179,314.6668,363.1428,189.2211,129.4819,237.8159,406.801,744.89,344.69,2664.13
2008-03-11,610.95,241.41,338.0197,362.4721,195.215,138.8091,252.1322,410.0667,769.42,357.86,2667.37
2008-03-12,606.16,239.7654,330.8625,361.0955,192.6375,135.814,251.2166,412.098,765.7,354.1,2673.22
2008-03-13,608.19,240.701,332.0041,362.4878,192.9915,137.5919,256.4452,415.2208,775.51,361.52,2680.67
2008-03-14,595.5,236.1913,318.5222,355.6021,191.2821,134.2698,253.7493,411.0471,761.09,353.32,2642.04
2008-03-18,618.64,242.7734,340.2476,363.1998,194.5356,141.1815,257.0102,399.63,775.06,362.93,2556.22
2008-03-19,604.19,239.596,333.3668,361.4096,190.3404,139.8479,240.8527,383.3778,755.8,353.55,2484.99
2008-03-20,620.38,247.2591,356.5142,364.3837,191.4373,146.7821,239.5499,376.9115,769.85,362.29,2462.33
2008-03-24,628.39,254.9817,359.0285,366.5248,190.9015,149.4971,247.2514,378.7148,787.48,371.98,2481.75
2008-03-25,627.96,254.3295,358.0129,366.7772,190.7697,150.4215,254.1787,384.9007,795.39,374.06,2529.53
2008-03-27,614.73,245.3224,338.5534,364.7029,192.7894,145.1082,251.0962,395.3408,779.54,365.91,2521.09
2008-03-28,610.31,239.8691,331.75,362.7659,191.1358,143.8508,250.6866,389.6521,772.48,361.96,2526.49
2008-03-31,613.71,243.3185,334.5627,360.7903,193.0381,144.4331,250.6173,382.1346,779.51,364.59,2517.56
2008-04-02,633.36,254.3783,357.228,365.9262,199.3624,152.625,258.8544,386.605,808.56,378.08,2504.85
2008-04-03,633.52,253.5979,358.606,366.0049,198.4669,155.7131,263.4405,386.1508,811.84,378.63,2509.03
2008-04-04,632.84,252.5001,353.6085,369.6771,199.3885,152.6822,267.2435,390.3,815.17,378.12,2532.55
2008-04-07,634.17,252.2813,357.0866,371.3083,199.6708,153.1013,265.7315,396.9435,817.38,377.3,2551.32
2008-04-08,630.48,250.7843,351.0863,370.2212,200.4841,150.2362,267.0729,394.284,816.75,376.93,2545.9
2008-04-09,625.85,245.9841,344.8786,368.2682,200.4895,146.9151,264.7583,403.6219,804.06,369.9,2561.87
2008-04-10,628.87,248.1609,343.5161,371.4481,199.3106,148.3528,265.3597,403.6697,814.08,373.43,2567.45
2008-04-11,614.59,243.308,337.2812,365.9122,199.3073,146.3571,261.6353,402.6225,799.36,363.99,2557.34
2008-04-16,627.39,246.3173,343.6099,366.6233,205.5463,153.2723,274.621,413.8667,825.19,376.52,2574.55
2008-04-18,640.6,252.8343,354.8106,368.01,206.0499,153.9143,276.1729,414.4868,834.7,380.25,2572.19
2008-04-21,640.14,252.6054,348.7614,366.094,204.7654,152.2295,276.3891,410.809,835.06,377.44,2559.82
2008-04-22,635.57,248.4253,345.7024,361.2768,203.6318,151.4836,272.6667,417.2534,823.01,371.07,2557.48
2008-04-23,637.75,249.2485,343.0873,365.4252,205.2423,154.0232,269.2465,417.0579,825.87,372.47,2516.92
2008-04-25,644.85,255.0919,362.2849,369.6517,204.3317,158.0668,273.7469,413.0418,843.82,381.38,2489.2
2008-04-28,643.93,255.2276,361.718,370.7366,203.944,157.8492,270.4554,414.6335,845.51,383.51,2483.17
2008-04-29,643.0,256.4938,359.4018,367.625,202.8061,154.9742,262.1379,406.9937,839.9,380.08,2432.89
2008-04-30,641.0,253.5988,355.7841,365.9186,203.0931,152.0081,263.9701,404.6871,838.84,378.9,2455.06
2008-05-01,652.01,261.9457,369.6967,372.4212,205.2043,156.3303,262.1114,395.6322,849.76,385.35,2463.91
2008-05-02,653.47,261.4411,370.849,372.7396,207.3891,156.6959,265.5663,403.5874,850.84,383.92,2495.51
2008-05-05,650.39,258.1641,365.4844,371.3788,204.6043,156.1728,269.6009,409.3007,849.99,382.59,2493.76
2008-05-06,653.49,259.5193,368.7435,371.2292,204.6374,157.4242,272.3614,413.951,856.8,384.23,2499.14
2008-05-07,641.79,255.8645,355.2453,365.5749,201.6187,152.2913,268.5481,415.5943,846.79,378.54,2504.58
2008-05-12,644.89,259.2463,353.4238,367.0593,204.9073,154.3693,275.8162,420.2627,863.83,385.56,2576.11
2008-05-13,643.31,259.8781,348.4329,365.0692,203.9611,154.8288,276.6934,420.229,869.08,388.49,2555.95
2008-05-14,646.03,262.428,351.6932,366.9234,205.7059,156.1024,278.3006,417.5259,870.82,388.62,2567.68
2008-05-15,652.38,265.7339,356.0392,366.5041,205.1356,158.3115,282.2251,417.1673,881.1,392.63,2576.08
2008-05-16,652.15,263.355,351.2242,367.1248,206.4152,157.1357,285.9061,421.9505,883.65,392.16,2611.32
2008-05-20,645.53,258.3579,341.6689,368.1439,209.4785,154.8123,285.303,422.8264,879.59,389.16,2661.14
2008-05-21,635.32,253.2968,332.8635,366.0337,209.3785,150.5336,276.5133,429.9507,866.05,384.63,2671.76
2008-05-22,637.11,253.804,335.8662,368.259,210.3502,149.5557,275.5813,424.3942,868.84,387.2,2680.33
2008-05-23,628.79,249.4409,329.643,363.8679,206.2509,148.2324,271.821,426.6986,858.5,382.96,2706.37
2008-05-27,633.03,252.2102,332.3801,366.4056,207.7709,150.6505,270.3959,421.0164,865.6,388.15,2650.5
2008-05-28,634.38,253.2452,330.2325,365.7328,207.7053,151.0588,277.9653,423.7674,873.05,390.01,2648.25
2008-05-29,638.8,255.7309,335.5617,371.2833,209.1533,153.4217,274.2988,413.7674,876.0,393.18,2628.6
2008-05-30,639.15,254.7795,333.1251,372.137,208.9647,152.4227,276.1491,418.0399,881.96,395.31,2657.0
2008-06-02,631.94,251.8287,327.1986,368.1507,206.8121,149.2646,274.5079,421.6686,874.55,391.39,2651.89
2008-06-03,627.42,251.7735,325.2012,369.3086,205.5987,150.4414,274.2631,415.7122,874.79,390.47,2640.1
2008-06-04,627.0,253.1291,322.58,370.3319,207.9168,151.2325,272.9842,412.7786,877.08,392.73,2642.57
2008-06-06,619.26,246.0818,312.7876,363.5962,204.8299,147.9789,275.3706,437.3473,873.75,390.19,2681.35
2008-06-09,619.36,245.7484,305.5696,361.8838,208.0058,145.0022,278.9567,431.2494,872.84,388.07,2667.31
2008-06-10,618.99,246.8202,308.8993,359.7257,208.2448,146.4285,275.3752,428.5285,866.6,387.07,2648.94
2008-06-11,608.66,241.3653,298.7793,354.5306,206.2747,143.0515,270.4401,440.1416,851.45,379.27,2638.56
2008-06-12,610.39,242.9717,304.8235,356.0394,206.1664,144.8395,270.097,441.1626,851.98,380.04,2634.26
2008-06-13,618.86,249.1639,311.0598,360.4684,209.1998,148.2184,277.3308,441.8254,865.63,387.05,2639.4
2008-06-16,618.06,248.8615,314.3335,358.8513,209.1812,150.1437,277.483,445.7558,872.7,391.52,2636.07
2008-06-17,613.86,245.566,305.1277,357.3377,209.2608,144.8807,277.9841,447.1783,872.28,389.22,2638.03
2008-06-18,607.34,240.9161,301.4328,354.3049,208.5454,142.5725,276.1943,452.7931,865.65,386.27,2628.8
2008-06-20,597.13,236.4965,296.3573,351.1973,206.9812,142.3331,272.0402,451.4224,854.4,384.45,2616.31
2008-06-24,597.61,232.0979,292.5721,353.6239,208.0569,140.0265,267.891,450.7518,843.27,374.98,2559.68
2008-06-25,601.45,235.491,293.7018,356.5468,209.048,142.6716,268.627,448.3348,849.13,378.96,2534.39
2008-06-26,583.38,227.2489,280.6598,349.056,203.3935,136.4346,260.2022,459.3944,826.61,370.33,2553.37
2008-06-30,581.09,223.5727,270.9538,354.5365,206.7404,135.3803,260.3431,458.958,818.99,364.94,2635.78
2008-07-02,575.37,219.6384,269.7752,354.8065,206.8147,132.1646,244.0855,469.6981,795.5,355.33,2596.59
2008-07-03,578.13,220.2204,268.8873,355.307,205.2928,132.0033,246.048,468.5752,786.8,351.95,2559.71
2008-07-07,573.76,218.7254,260.4033,353.5887,203.517,128.7204,245.6026,455.4561,780.63,348.13,2478.37
2008-07-08,582.75,223.6455,275.2872,363.9988,204.3838,137.491,244.0444,444.5797,798.07,359.13,2399.7
2008-07-09,569.91,217.7066,260.8966,362.7254,206.2093,127.6413,242.0509,446.1544,786.61,350.12,2372.49
2008-07-10,573.81,213.9713,258.4716,364.3685,207.2152,130.4639,248.1299,453.987,790.75,352.9,2383.65
2008-07-14,561.84,210.1777,239.2207,359.3969,202.8296,124.9041,247.1485,455.3126,779.96,349.21,2378.34
2008-07-15,555.99,210.7762,232.1472,364.0022,201.849,124.4795,244.4044,446.169,772.8,347.3,2310.08
2008-07-16,571.29,220.0237,260.7028,366.5758,197.9996,133.4031,246.8757,441.3062,791.52,359.37,2308.76
2008-07-18,580.57,225.0839,280.6379,367.4843,196.4672,136.8362,245.2735,424.0716,800.38,363.49,2298.74
2008-07-22,588.69,226.8589,296.5985,366.3977,198.5731,140.6079,250.126,418.1752,816.16,374.57,2263.66
2008-07-23,593.02,231.4928,302.1728,370.294,194.0149,144.1116,245.9418,411.2364,816.89,376.47,2223.13
2008-07-24,579.09,224.9783,281.7865,369.7,192.7124,133.1768,240.4494,410.0061,792.1,366.54,2184.77
2008-07-29,582.16,225.7718,287.3666,371.0561,191.9196,141.3865,246.6411,408.7273,802.84,373.04,2168.04
2008-07-31,583.91,224.5165,289.3898,372.0263,193.7665,137.4071,249.4938,413.611,803.01,372.13,2224.14
2008-08-01,582.09,223.3225,291.1783,368.3755,187.3251,136.9031,243.141,413.2603,801.07,372.66,2238.11
2008-08-05,596.26,234.4939,302.0467,382.5426,187.7958,142.2783,236.042,395.8391,802.68,378.45,2142.44
2008-08-06,597.45,233.4288,299.0392,383.0944,187.0654,141.5022,239.7962,394.6989,808.53,380.21,2148.46
2008-08-07,586.52,228.7139,284.0314,378.1973,186.7416,137.1445,236.2378,397.0015,796.34,375.25,2130.19
2008-08-08,601.05,240.5732,294.0771,387.2775,189.3102,143.6484,238.2618,384.9702,813.94,386.23,2091.47
2008-08-11,604.47,246.6615,299.5708,387.571,191.0167,146.9172,237.2504,382.7493,821.48,394.95,2015.35
2008-08-12,596.76,243.0145,284.0121,386.5255,187.0534,142.3848,238.4111,381.6508,813.35,391.51,1976.52
2008-08-13,593.47,239.0814,275.5879,384.9129,188.489,138.8693,244.1382,390.7704,815.82,392.2,1996.89
2008-08-14,596.51,243.7973,282.6152,386.5819,186.0494,141.38,241.6641,387.1028,822.23,395.13,1991.18
2008-08-15,598.88,246.2509,285.7756,390.1843,187.1926,141.599,240.6227,380.0218,821.84,395.8,1937.33
2008-08-18,589.81,241.9325,275.5582,386.2339,187.3818,138.3493,238.5164,382.1174,811.08,389.8,1923.64
2008-08-19,583.96,236.5119,267.1726,383.4912,187.5706,135.0286,238.0046,386.2766,803.0,383.52,1901.73
2008-08-20,587.65,235.2161,271.637,381.594,188.7605,135.6433,243.071,389.1014,806.3,383.85,1919.75
2008-08-21,588.89,236.3449,268.7353,382.5197,190.7547,133.7845,244.8124,403.6212,807.41,380.85,1949.68
2008-08-25,584.92,235.6989,268.46,379.8262,189.0797,133.6396,238.2789,392.9721,798.43,378.91,1940.01
2008-08-26,586.5,236.3117,270.3816,379.9747,191.239,135.3603,239.8071,395.9808,802.14,380.57,1942.6
2008-08-27,590.55,237.3207,274.8983,379.7762,192.6222,136.3707,242.5663,398.873,812.21,384.81,1949.92
2008-08-28,599.84,242.8039,287.2652,383.0138,193.7783,141.047,245.8986,391.2588,824.99,391.31,1963.85
2008-08-29,590.83,240.2835,285.5923,378.4697,190.1848,139.3371,242.4642,389.6527,815.6,387.35,1983.64
2008-09-03,589.28,246.112,294.7148,379.1553,184.7148,142.7999,234.6194,374.7683,802.12,388.37,1874.9
2008-09-04,571.42,237.8929,280.8874,369.5568,182.4833,138.2635,225.6281,372.6864,782.76,376.87,1829.43
2008-09-05,573.49,238.4533,289.9635,367.7622,178.9194,139.0303,228.1772,365.8856,785.67,377.45,1812.11
2008-09-08,587.1,248.2083,303.4262,375.3274,183.2545,145.9685,227.3932,365.3951,795.96,385.18,1771.63
2008-09-10,571.73,242.1353,281.3892,369.6193,178.8119,139.3791,220.9626,356.5927,775.67,378.52,1596.73
2008-09-12,577.71,244.2394,282.6332,373.8652,183.4535,143.0505,233.0867,358.3585,788.48,381.09,1607.53
2008-09-15,549.44,237.3961,252.8223,366.4696,177.6576,128.1666,220.8799,350.52,753.78,366.78,1534.81
2008-09-18,554.02,236.7178,273.224,362.2781,172.0673,145.6776,223.4668,349.4835,772.36,384.32,1477.88
2008-09-19,577.91,240.8578,303.5731,364.4495,176.9237,147.0266,236.1251,358.0162,805.08,397.34,1549.22
2008-09-23,549.13,225.218,273.6054,353.6388,171.3431,133.8009,221.5601,365.8746,758.75,375.53,1538.6
2008-09-24,548.29,223.7033,269.5439,355.6051,171.627,132.0215,219.8919,364.9079,750.22,369.25,1550.64
2008-09-25,560.9,228.0432,276.602,361.3078,176.1369,134.5536,218.9145,367.4915,758.62,373.14,1540.68
2008-09-26,565.12,230.3236,284.9779,362.6207,174.487,139.0869,213.076,363.0742,753.27,373.51,1515.64
2008-09-29,515.52,213.0735,239.3609,341.5979,165.9308,127.5179,194.884,341.8509,698.21,351.66,1382.03
2008-09-30,543.49,221.2532,270.6847,354.517,167.9996,136.5408,200.6604,344.1691,727.29,360.68,1415.0
2008-10-01,545.6,219.5491,276.5091,354.3854,168.6754,132.7965,197.1023,341.8926,718.88,358.79,1406.65
2008-10-02,528.49,210.288,264.5663,348.9391,164.1756,123.2553,181.3756,327.1431,678.87,340.42,1311.96
2008-10-03,521.38,204.5086,254.0723,346.7464,163.0742,117.5179,181.2837,325.2499,661.97,331.47,1300.23
2008-10-06,502.78,197.1303,243.4658,330.6679,154.4202,114.1183,173.3554,308.539,632.81,320.07,1134.1
2008-10-07,473.61,185.8424,215.388,319.2127,148.5888,103.9717,164.1471,311.6392,598.61,302.2,1094.46
2008-10-08,467.79,183.2143,208.9063,315.0995,145.7451,103.983,168.4571,310.4978,591.42,295.84,1056.39
2008-10-09,432.19,169.954,184.3802,292.5776,136.7725,92.9844,156.8464,309.3702,548.7,271.4,1041.67
2008-10-10,427.45,167.1183,197.2159,282.8626,130.0712,108.36,153.4871,288.8112,549.85,282.23,975.81
2008-10-14,474.19,179.1586,231.3319,317.8435,145.9091,103.3791,168.6431,295.3367,593.73,298.94,1054.7
2008-10-15,434.44,161.9467,210.2276,296.5251,133.9821,89.6565,148.1845,282.0131,536.26,271.22,991.21
2008-10-16,453.0,169.3423,213.7175,307.4839,139.0771,94.1571,153.9575,274.6573,557.16,286.82,937.79
2008-10-17,448.99,170.0801,208.7927,307.6484,140.4573,94.1924,153.5143,281.1155,555.01,282.32,946.12
2008-10-20,470.5,176.3788,214.6615,320.1339,151.7824,94.672,166.0193,282.2649,579.52,293.21,984.94
2008-10-21,456.77,170.9837,210.7112,315.2672,146.1595,90.4542,156.627,277.7086,563.3,284.48,969.39
2008-10-22,430.3,160.2401,196.022,300.2408,137.4398,82.5175,143.6734,265.2092,530.19,268.73,900.63
2008-10-23,439.08,159.3862,194.3313,304.9931,144.0185,82.5966,141.9255,263.5945,516.38,261.51,858.0
2008-10-24,423.52,152.766,186.8519,296.9631,139.3562,76.998,136.5025,255.1199,501.54,251.54,830.96
2008-10-27,411.9,148.9708,179.2188,287.2395,134.5776,73.5622,130.0015,257.3284,479.99,240.59,808.99
2008-10-28,456.57,168.4946,201.6188,308.8109,149.0583,88.8183,146.4358,258.1644,521.31,258.64,816.94
2008-10-29,449.32,168.3783,195.8323,301.6859,144.2933,84.431,150.4534,273.4407,530.68,264.1,858.32
2008-10-30,458.62,173.8915,198.267,308.5986,150.5159,87.1412,154.8185,265.6714,552.71,275.4,879.75
2008-10-31,464.19,178.6244,209.1344,312.6664,148.0623,92.7331,156.1619,267.5259,568.49,287.67,915.3
2008-11-03,463.84,175.8665,209.7415,314.8008,148.4927,88.9745,154.655,263.2736,568.44,287.9,935.59
2008-11-04,481.64,182.4932,221.1811,319.827,151.8478,95.8158,163.4566,277.3478,581.44,290.88,975.27
2008-11-05,455.47,172.0882,201.7744,308.4361,145.7949,85.0811,152.9378,267.1302,551.73,275.51,951.42
2008-11-06,433.21,162.849,188.1776,298.9617,140.0016,80.3842,144.3947,256.2997,526.35,265.94,920.13
2008-11-07,445.94,166.0245,192.2177,307.5519,147.0985,85.7731,149.5754,256.046,539.49,269.95,921.88
2008-11-10,441.26,161.7629,183.7553,305.9518,142.776,77.8827,149.0166,260.4662,526.12,263.63,914.02
2008-11-11,433.32,157.139,179.3847,301.345,143.0564,76.4139,142.7003,251.3096,513.75,257.98,872.33
2008-11-12,411.15,147.361,166.988,290.7248,139.1165,69.3067,133.5294,244.6933,485.71,243.18,822.5
2008-11-13,438.02,157.9674,178.8291,308.5339,149.3166,77.3489,144.5904,246.8768,525.52,262.29,813.59
2008-11-14,421.34,150.6905,169.5515,297.9047,144.8915,69.2953,135.658,246.8348,497.52,245.36,801.61
2008-11-17,410.91,146.1746,159.3897,291.4424,144.2541,66.3359,132.2011,243.114,489.81,241.8,785.79
2008-11-18,416.63,146.2451,158.1291,293.9645,144.4963,65.8488,132.005,241.6234,488.49,240.51,750.25
2008-11-19,392.23,136.1852,139.8431,280.3324,139.8983,57.3055,122.1899,239.8464,452.39,222.33,730.09
2008-11-21,389.88,137.6563,129.3636,273.294,144.8563,56.8205,120.3876,230.697,441.51,220.1,704.17
2008-11-24,413.54,148.3236,153.6435,281.8312,146.9335,68.2757,128.3496,243.0712,474.51,235.12,722.79
2008-11-25,414.89,151.1236,157.4607,283.3301,148.0144,68.5469,132.4766,237.3261,483.64,238.48,719.96
2008-11-26,428.46,159.5224,165.2309,286.7178,148.8342,71.6652,137.6208,245.0537,509.48,251.51,731.39
2008-11-28,432.89,161.1484,169.9468,290.213,151.6604,68.8566,138.643,244.2207,514.56,253.76,766.35
2008-12-01,395.85,146.8669,141.0463,272.3599,141.7375,56.1446,125.1018,232.6697,458.54,225.91,739.12
2008-12-02,412.19,153.1471,152.2364,281.5829,144.7693,63.8725,130.848,228.2035,480.47,237.81,731.1
2008-12-03,423.0,159.7073,160.7537,288.9268,147.9486,67.5955,130.6455,225.7792,492.35,244.24,712.08
2008-12-04,411.26,160.144,157.7454,282.2603,141.1857,65.5312,127.4101,217.3577,475.28,237.24,697.86
2008-12-05,424.48,166.007,171.3577,292.1184,144.4245,72.622,130.8736,207.9927,498.12,247.49,684.31
2008-12-08,441.53,171.9407,183.0862,295.0651,145.5674,79.4188,140.9541,218.7236,517.09,257.5,698.18
2008-12-09,430.24,166.9545,174.1313,288.5091,142.907,72.5479,139.926,215.02,503.66,249.63,686.02
2008-12-10,433.25,170.9395,172.9505,290.1738,145.5308,78.3325,143.6623,220.7266,517.24,255.34,705.54
2008-12-11,422.32,164.1166,158.2864,290.6063,144.3059,65.7935,137.2893,230.1536,493.03,241.98,713.44
2008-12-12,425.22,164.792,161.5317,291.658,144.9879,72.9051,138.1339,226.2973,507.52,250.74,718.54
2008-12-15,420.53,162.4115,155.0919,290.4447,142.6434,69.6452,137.6039,225.0446,494.33,242.78,716.81
2008-12-16,439.87,171.5395,172.5337,302.7932,147.7346,79.4825,145.9386,225.6556,524.64,258.2,723.46
2008-12-18,424.31,169.031,165.2211,301.7657,144.5754,72.8923,139.8586,219.4423,519.84,256.39,700.45
2008-12-19,424.18,168.5305,165.931,304.1964,144.4414,76.5808,138.0375,218.2377,523.39,260.54,699.04
2008-12-22,418.48,163.4165,159.2424,302.2361,143.9056,73.7542,132.8005,214.7232,510.64,255.2,692.02
2008-12-23,414.51,161.2322,156.1217,300.9552,141.4907,73.6532,132.2283,214.5813,506.11,251.68,698.31
2008-12-24,416.87,162.5529,159.0439,301.1726,142.462,74.6117,132.4979,210.0363,508.21,253.01,697.0
2008-12-29,417.46,161.6827,157.5903,299.9953,143.0871,71.4255,131.9859,217.039,507.44,251.52,742.99
2008-12-30,426.47,166.7958,164.0878,307.2056,145.4169,74.4402,135.6373,216.5719,524.62,260.84,773.06
2009-01-02,444.52,177.3327,171.3643,316.2165,151.2916,76.026,142.9414,233.245,551.34,272.28,846.69
2009-01-05,440.83,177.372,167.1501,313.2968,152.3845,74.2461,142.9269,236.642,550.51,270.2,874.49
2009-01-06,442.72,180.5621,170.3854,308.7576,151.1619,78.5472,145.6125,242.0824,559.37,274.79,913.11
2009-01-07,429.84,174.206,161.6434,305.7927,148.6371,75.1297,143.2389,230.8255,541.15,265.1,888.32
2009-01-08,430.38,174.7828,161.3086,307.4787,149.2011,74.4761,144.4293,228.0886,545.37,266.49,899.47
2009-01-09,421.62,169.8408,155.7911,304.7122,147.7699,70.5799,141.2284,229.422,530.51,256.16,908.9
2009-01-12,413.47,165.58,146.9008,300.8772,147.9895,66.0309,136.1771,220.117,515.75,249.69,878.35
2009-01-13,414.13,163.4312,148.8801,303.3466,145.0122,68.0193,136.2669,221.5592,521.49,251.56,868.9
2009-01-14,400.9,157.3207,140.4028,298.7496,143.1211,64.5041,130.9277,218.5803,500.71,240.79,849.53
2009-01-15,399.1,160.5385,133.2765,300.8819,144.023,66.6905,134.6682,218.2911,509.32,245.19,844.3
2009-01-16,400.96,162.7977,130.0997,303.9618,146.9834,69.3514,136.5075,220.4623,516.75,247.89,865.65
2009-01-20,381.32,152.537,108.3308,296.2066,144.165,60.8789,128.8812,215.2701,485.77,230.78,856.68
2009-01-21,397.63,157.6695,124.1605,302.8295,146.1253,67.6961,133.407,219.3254,508.16,241.74,851.55
2009-01-22,392.88,155.6459,116.904,303.5691,146.0347,63.5053,131.4532,218.0768,496.63,234.75,850.21
2009-01-23,394.44,154.7904,120.9126,303.8498,146.4444,65.2758,133.5954,225.1558,501.4,235.42,859.69
2009-01-26,396.62,156.0689,118.4101,303.1268,149.8923,64.6126,131.6509,226.5324,504.38,238.0,867.16
2009-01-27,400.2,155.9573,122.844,309.0576,150.4119,65.4051,132.4854,218.147,511.54,241.09,867.87
2009-01-29,399.51,155.9618,127.1208,309.0878,150.2948,65.4934,132.4914,219.4397,512.17,239.4,880.54
2009-01-30,391.28,151.3762,123.9844,305.4064,146.7104,63.2161,127.6282,219.7546,498.68,234.32,882.63
2009-02-02,391.36,150.6861,124.21,308.2964,147.4613,63.862,125.6842,215.6855,500.27,236.24,872.82
2009-02-03,397.31,154.9989,121.0838,315.8151,148.7648,63.3053,128.2071,216.2706,504.16,237.59,869.25
2009-02-04,393.01,151.0884,119.8777,312.8762,149.9165,62.4275,130.1607,216.8569,503.09,236.17,890.05
2009-02-05,398.49,154.1373,121.509,315.7452,150.736,60.7016,133.5209,220.7265,511.1,239.48,898.22
2009-02-06,409.43,158.8438,131.3895,318.6515,152.2096,65.2413,137.2205,223.7423,530.58,248.09,909.34
2009-02-09,410.18,158.1604,133.1336,317.7335,150.6841,66.0037,136.6911,223.3026,529.37,245.81,901.1
2009-02-11,393.33,151.4704,124.8059,310.8625,145.3635,60.9234,130.745,215.5289,506.89,235.06,911.26
2009-02-12,393.53,151.9312,123.1679,313.9091,144.0216,59.719,132.23,213.9661,509.51,236.5,915.87
2009-02-13,389.4,149.6381,117.9795,311.0097,143.6223,55.4667,130.2325,212.5678,505.52,235.03,925.64
2009-02-17,372.74,143.6449,106.3939,304.7175,136.5779,51.4015,124.1501,202.7153,484.11,225.14,919.16
2009-02-18,373.02,142.5304,106.1915,304.4842,134.8214,52.5916,123.89,200.024,478.12,222.65,915.82
2009-02-19,368.95,141.5695,100.6685,303.8693,135.6796,50.015,122.8315,204.6047,470.55,219.66,902.1
2009-02-20,363.75,140.375,99.1863,300.4863,132.1578,53.4143,123.3243,201.9364,466.62,217.62,892.9
2009-02-23,351.92,136.7165,96.1753,292.8807,128.9241,49.0816,115.616,199.8812,447.93,208.6,878.94
2009-02-24,365.39,143.2818,107.5655,298.6146,133.4364,53.4321,119.7722,203.305,467.85,217.16,853.59
2009-02-25,362.23,141.6141,107.0739,292.6649,131.8473,52.1792,117.8318,207.7562,461.21,212.02,854.97
2009-02-26,357.22,138.477,109.2178,277.7514,129.6199,49.245,117.5635,212.7952,452.97,207.67,862.81
2009-02-27,348.21,138.2183,101.1502,266.1889,127.714,48.5802,116.3376,211.0236,449.44,205.97,861.66
2009-03-02,333.83,132.3299,94.2356,255.0903,122.9333,44.7424,108.3342,199.831,422.07,195.07,828.24
2009-03-03,331.57,130.8235,92.7648,254.5445,118.5318,45.3281,108.9978,203.1568,419.26,191.56,824.07
2009-03-04,337.95,134.4958,92.0631,261.1459,120.7486,46.2675,113.1836,210.9194,432.02,196.56,830.95
2009-03-05,324.25,128.2473,82.9091,252.8436,116.3576,43.1306,108.9266,206.0101,411.09,185.75,829.69
2009-03-06,325.12,127.2974,81.7427,255.573,116.6996,42.946,110.0106,209.0647,408.13,185.66,829.12
2009-03-09,322.13,125.7232,83.7657,253.2741,113.813,44.4241,108.8182,207.891,404.62,181.79,814.19
2009-03-10,342.22,134.8675,96.8191,262.8894,116.5196,51.2744,116.2685,207.1231,432.69,194.17,818.55
2009-03-11,342.89,135.9625,99.141,257.5616,115.8899,49.7498,119.0063,203.0,434.27,194.09,823.9
2009-03-12,356.71,141.5266,109.0698,270.8931,117.5975,53.7687,121.9658,211.2893,454.72,205.16,843.42
2009-03-13,359.58,142.6797,109.4137,279.8731,119.2292,52.1546,122.9757,210.5576,456.71,207.17,848.97
2009-03-16,358.26,140.0794,107.3874,276.461,122.2942,47.6061,124.601,213.3735,450.2,204.11,847.32
2009-03-20,363.4,146.0438,109.7413,274.8462,128.9636,46.6799,127.9253,225.5376,464.38,210.24,901.8
2009-03-23,388.73,156.6802,129.209,285.5104,134.1529,54.9078,135.5711,228.9961,498.6,227.15,924.03
2009-03-24,381.21,154.3223,120.7493,280.7323,131.1351,50.0458,135.0733,228.2553,486.2181,218.87,924.29
2009-03-25,385.05,155.9508,126.2705,282.4571,130.8244,50.9613,136.5451,225.7906,492.18,223.58,949.04
2009-03-26,392.83,162.1662,127.5731,286.2761,132.8589,52.318,141.9471,227.1414,511.43,233.52,974.02
2009-03-27,385.48,158.8348,123.123,283.5422,130.8544,49.2592,138.7042,221.734,498.83,225.69,961.02
2009-03-30,372.96,153.5272,111.5209,281.6374,128.2597,45.6164,132.6725,214.6653,481.41,218.82,945.2
2009-03-31,377.35,154.8165,119.0114,283.0447,130.3858,49.5806,133.7086,219.8831,489.0,222.43,956.81
2009-04-01,384.14,157.9859,122.0857,282.2424,130.692,48.8472,137.3417,217.297,494.45,225.9,970.09
2009-04-02,393.13,166.2554,125.6539,282.6398,132.2607,52.6839,141.5563,225.764,515.52,237.13,978.27
2009-04-06,393.55,166.8106,127.1092,279.7804,131.504,57.0385,140.5807,224.0125,517.99,236.57,963.17
2009-04-07,385.24,161.6409,122.9896,277.6021,130.8119,51.53,136.2644,222.3842,500.87,228.03,952.48
2009-04-08,388.55,166.2048,124.0549,279.8871,132.5474,52.7763,138.0797,223.1965,508.45,232.91,950.7
2009-04-09,402.07,173.2441,143.2908,281.5987,132.5206,60.3143,144.5685,227.3618,536.43,248.11,968.97
2009-04-13,402.95,172.481,150.1813,282.5418,130.6586,60.7778,146.0219,226.2657,536.07,247.94,980.86
2009-04-14,395.31,168.6399,138.6475,281.7968,128.8759,55.2452,142.9018,225.4079,522.02,240.42,976.92
2009-04-15,399.8,169.5809,146.3555,283.5048,130.8097,60.5702,145.8152,225.0661,529.2,243.93,987.94
2009-04-16,405.38,175.3955,147.2839,284.5297,130.9966,62.9587,146.7271,224.5734,543.59,251.31,982.13
2009-04-17,406.33,177.5983,149.1774,287.2612,131.1826,64.0872,147.078,225.3449,550.2,254.88,989.23
2009-04-20,389.82,169.7795,132.1491,281.6901,129.4012,56.814,139.4237,216.6268,520.35,240.85,975.43
2009-04-21,397.11,173.7072,142.9677,279.2972,130.038,63.1279,143.2143,217.8208,536.38,249.82,974.38
2009-04-22,392.73,175.2146,137.5062,275.5452,128.4422,59.8492,144.3353,218.1741,537.9281,251.38,979.12
2009-04-24,402.46,180.0325,147.2053,276.6299,128.509,67.0519,150.2906,222.3674,550.32,255.74,1006.81
2009-04-27,399.78,176.7813,142.5305,279.1512,129.6113,62.2123,147.2766,217.7132,543.53,250.78,1002.98
2009-04-28,398.97,177.1933,139.9152,279.4878,130.0853,63.1493,145.7111,216.7395,546.33,252.76,993.1
2009-04-29,406.89,181.1819,146.5838,281.1918,131.2917,65.8768,149.3983,220.6826,561.68,262.01,1013.97
2009-04-30,406.0,183.5143,145.3952,280.5299,130.9356,66.8155,153.8912,221.9,561.14,260.93,1008.98
2009-05-04,421.02,188.4694,157.4377,285.6953,136.4161,69.5748,163.0446,231.8771,582.06,271.13,1027.19
2009-05-05,419.52,188.5542,155.5208,287.9754,136.0716,67.0086,162.1002,231.3355,577.38,268.32,1030.36
2009-05-06,426.98,190.2127,168.1366,286.1641,135.6361,69.9069,162.5789,236.9616,582.32,270.32,1047.86
2009-05-07,422.54,186.7948,162.3443,293.2244,136.4308,65.3427,157.2721,239.0154,567.77,264.43,1053.11
2009-05-08,431.29,188.6597,175.8445,295.7418,138.4613,70.3734,161.5122,242.7033,586.91,273.91,1069.75
2009-05-13,414.96,174.8516,152.4973,296.0665,134.651,61.8745,152.8506,240.3067,542.71,250.67,1053.53
2009-05-14,418.45,176.2023,158.568,296.3834,134.1411,64.3148,154.7406,241.2741,551.6,254.93,1060.52
2009-05-15,414.23,174.9933,154.6011,292.8731,130.9293,61.5831,153.8645,235.7353,545.72,252.86,1063.09
2009-05-19,424.24,182.2198,161.3896,294.4179,133.1853,65.6873,160.9034,240.9452,567.78,261.98,1076.49
2009-05-20,422.12,180.4891,157.459,295.4351,131.0642,64.7557,161.7037,244.3297,564.26,259.78,1085.64
2009-05-21,415.63,176.2879,157.806,291.639,129.5547,64.7817,157.6101,241.8526,554.09,255.5,1089.85
2009-05-22,414.48,176.8844,155.8988,291.441,130.4258,63.421,157.837,243.5957,551.28,253.23,1096.51
2009-05-26,424.26,183.573,162.3469,295.8529,134.0284,67.4911,160.3895,244.9358,572.17,265.51,1097.16
2009-05-27,416.39,179.4047,156.1027,292.7033,131.3701,64.8682,155.4492,245.9485,561.9,259.69,1092.99
2009-05-28,422.6,179.0727,161.6658,294.2924,133.9764,66.7614,157.7485,249.3189,566.53,260.43,1105.16
2009-05-29,427.56,181.5661,164.4422,298.8579,135.0028,68.6554,162.4251,252.5333,575.52,264.89,1124.08
2009-06-01,436.31,189.9491,165.3077,300.1908,139.4966,71.4809,167.3277,260.2792,596.51,275.85,1140.55
2009-06-02,437.7,191.6787,163.3183,303.4419,137.9085,69.5697,169.545,259.6776,598.71,278.68,1141.74
2009-06-03,433.4,189.7757,160.8805,302.0974,135.4568,69.6269,163.5555,252.5368,588.88,276.04,1107.96
2009-06-04,438.04,189.2667,167.2632,298.3608,136.5986,71.9586,167.1824,259.2685,596.94,280.79,1133.16
2009-06-05,437.17,188.7969,164.8365,297.6325,136.7718,70.424,165.2779,257.3946,596.1,280.09,1137.99
2009-06-08,437.35,189.5688,166.6334,294.5566,135.7475,70.6041,163.7039,255.4118,592.22,277.68,1131.82
2009-06-09,437.89,191.0489,167.517,293.8211,135.1044,70.5238,167.4791,259.8628,598.17,279.15,1143.96
2009-06-10,436.34,189.0567,164.9171,292.7452,137.2546,69.1563,167.6184,260.3515,595.09,276.73,1142.39
2009-06-11,439.25,187.2367,166.3873,295.5161,140.0001,67.7418,169.7869,265.6378,598.64,276.7,1148.32
2009-06-12,440.3,187.5517,167.5405,296.9978,141.9618,70.0988,167.6657,261.7302,597.02,276.6,1154.81
2009-06-15,430.82,183.4805,162.6137,288.5874,138.9299,66.1785,161.7872,255.8668,581.51,269.0,1132.95
2009-06-16,425.67,179.1707,159.9474,289.1675,138.4273,65.4086,157.9307,255.3432,571.87,264.51,1139.19
2009-06-17,425.09,180.9036,155.8433,295.0931,138.2546,63.6216,155.9649,256.3119,571.66,266.25,1115.37
2009-06-18,429.03,180.4094,159.7108,301.6807,141.3855,64.2464,157.168,256.3454,575.4,267.94,1114.31
2009-06-19,430.43,182.0156,162.425,303.2451,139.7022,64.8922,156.9448,252.3011,577.98,269.7,1118.8
2009-06-22,418.32,177.1132,152.4045,297.2429,139.703,60.9558,148.6482,245.5907,556.81,259.22,1078.66
2009-06-23,419.4,175.7827,155.0145,297.156,138.3256,62.0433,151.1894,249.3124,554.45,256.98,1074.18
2009-06-24,421.04,176.7401,156.729,298.92,139.3782,63.2473,152.4,249.3619,561.77,259.03,1090.66
2009-06-25,429.51,181.9025,159.3784,307.049,141.7772,64.2512,155.5727,252.892,575.69,266.15,1103.05
2009-06-26,428.87,181.1143,160.3519,307.2614,141.1001,64.673,155.4105,250.8321,576.73,269.49,1111.56
2009-06-29,433.27,182.9312,162.5798,308.6787,142.8835,64.6851,156.509,253.8236,580.63,269.35,1105.56
2009-07-02,420.1,176.0792,153.5505,299.3032,139.0738,61.5706,150.2947,245.3962,565.03,263.12,1092.58
2009-07-06,421.52,176.3528,154.7656,301.5636,140.451,63.8437,149.3091,239.6846,562.01,261.89,1064.63
2009-07-07,413.68,171.915,151.8,300.8022,137.4155,61.0076,145.5728,236.1132,549.41,257.24,1069.56
2009-07-08,413.52,173.1517,149.24,303.071,136.9372,60.3378,145.1232,230.7772,546.53,255.51,1034.02
2009-07-09,414.15,174.2949,151.2623,299.986,137.4631,59.4592,146.5342,234.0995,548.03,255.62,1042.82
2009-07-10,412.29,173.7529,149.3267,298.5017,136.9386,59.407,145.925,233.0797,547.08,256.35,1045.55
2009-07-13,422.87,177.058,159.0568,303.1464,139.1499,62.0675,149.8866,233.1814,560.39,263.26,1047.63
2009-07-14,424.59,179.7531,158.5575,304.243,140.1567,62.6771,150.9704,235.7686,564.99,265.12,1055.39
2009-07-15,437.29,184.7092,165.0654,306.7287,142.9742,64.9131,157.0646,239.2758,582.41,274.85,1082.55
2009-07-16,440.78,186.9168,164.6662,309.1861,143.2473,65.3661,159.0797,240.5135,590.65,278.1,1097.8
2009-07-17,441.14,187.1151,163.3942,307.7799,142.1753,63.6265,159.7491,244.6082,589.0,276.75,1095.62
2009-07-20,444.88,191.4654,164.7291,309.1716,143.4477,66.3788,163.2054,247.6326,597.8,280.45,1118.09
2009-07-21,447.14,190.7266,163.4216,313.7272,145.0312,66.0205,165.3501,246.388,598.05,279.71,1114.64
2009-07-22,446.28,192.5536,163.1759,311.7582,144.2089,66.1075,165.9846,246.435,600.7,281.0,1123.45
2009-07-23,455.61,197.1153,168.0244,318.9608,147.917,68.9904,171.5431,250.8247,617.73,289.7,1137.79
2009-07-24,456.41,196.7781,167.4469,323.9447,150.104,69.3192,172.7027,251.4669,621.7,290.96,1143.95
2009-07-27,457.34,197.2266,169.938,324.049,149.8309,70.6686,173.3387,252.0484,624.49,291.79,1147.04
2009-07-28,456.38,197.2809,169.3052,324.7586,147.3052,70.026,171.8756,249.7735,623.37,292.34,1128.11
2009-07-29,455.18,195.6445,168.883,325.6544,146.818,69.1332,168.342,243.1237,619.13,290.51,1131.74
2009-07-31,460.26,199.2198,174.8825,324.1082,147.1318,71.9184,175.0403,257.0028,628.05,295.73,1179.57
2009-08-04,467.31,203.6238,183.256,325.7824,146.4799,76.9607,180.9176,266.5719,645.76,302.79,1195.98
2009-08-05,466.21,202.4202,189.3667,321.7204,145.1184,79.9257,182.2829,267.9749,643.64,300.25,1194.99
2009-08-06,463.47,202.1869,188.0591,318.499,145.3822,78.966,181.2122,264.3143,638.5,296.16,1188.12
2009-08-07,468.07,208.8877,193.1442,321.1538,146.5813,83.4371,182.0724,263.902,655.1,304.25,1192.58
2009-08-10,467.21,206.4442,191.8843,323.5587,146.8684,81.3183,179.1018,264.1309,650.69,303.98,1185.21
2009-08-11,461.3,204.3063,185.0959,322.6337,146.5404,78.9763,178.7066,262.0377,641.78,299.01,1176.84
2009-08-12,466.17,206.285,188.83,323.683,147.2431,79.534,180.102,264.3809,650.2,303.68,1186.02
2009-08-13,469.18,206.6833,192.5333,323.8713,147.0137,79.5491,183.9093,264.7075,655.15,304.76,1200.5
2009-08-14,466.22,203.4831,191.5783,323.0142,146.9744,78.8033,178.9667,257.3221,645.99,299.18,1193.42
2009-08-17,455.5,197.039,183.4243,322.9163,145.0043,73.9893,172.2956,252.9089,627.81,291.22,1159.82
2009-08-18,459.62,199.7277,186.9519,322.6097,145.2136,75.3264,174.8348,255.4986,636.03,294.97,1166.5
2009-08-19,462.98,201.6301,186.8542,326.5656,146.1654,74.6761,176.6847,259.5169,640.28,297.14,1176.95
2009-08-20,467.94,203.2095,191.7025,328.5566,147.1285,77.7082,177.3504,256.5096,647.07,300.88,1184.39
2009-08-21,476.11,207.342,195.805,332.3332,150.0161,79.411,181.9306,258.8228,659.6,307.7,1191.95
2009-08-24,476.64,205.3881,193.9967,333.572,150.2816,78.635,180.4099,260.8015,656.93,307.2,1186.36
2009-08-25,477.49,207.8782,196.1726,334.7518,149.5609,79.5552,179.7501,256.9456,660.17,308.47,1183.67
2009-08-26,477.95,208.8143,195.9294,333.9082,149.3317,79.906,178.8888,255.766,659.48,308.29,1186.09
2009-08-27,479.28,209.4956,197.8268,334.6204,148.9418,80.6583,179.9503,256.1143,661.89,308.37,1182.15
2009-08-28,477.75,209.2816,198.1349,331.563,148.9215,81.0695,181.0562,257.3984,663.15,306.64,1188.71
2009-08-31,474.73,205.8569,197.3733,330.7793,147.3818,79.9129,178.4711,253.2768,654.54,302.22,1175.24
2009-09-02,462.83,200.6909,185.1563,326.1477,145.0678,74.3211,174.6755,249.2369,636.71,294.07,1184.89
2009-09-03,466.12,203.3179,189.4031,325.9456,145.5395,75.6755,177.523,248.3535,645.31,297.24,1215.51
2009-09-04,472.17,206.2875,190.972,330.0715,146.0291,76.7023,180.0226,247.1965,653.35,300.87,1229.25
2009-09-08,476.18,208.3773,192.163,328.8863,146.194,79.5236,182.7088,252.1778,661.79,303.97,1241.06
2009-09-09,478.95,210.6916,194.9213,332.0819,146.0338,81.1998,183.6944,252.8318,670.93,308.24,1235.65
2009-09-10,483.27,213.6811,196.711,334.2634,146.0937,82.3,184.8715,254.7886,678.69,312.51,1249.49
2009-09-11,482.3,212.707,195.0979,334.0729,145.574,82.1441,184.5592,250.7353,679.41,311.96,1261.89
2009-09-14,484.52,213.6534,197.9306,335.9916,147.8209,84.6178,187.3875,252.2868,686.88,314.54,1253.83
2009-09-15,485.13,214.5301,198.106,333.296,148.944,86.215,191.7024,257.7736,692.55,317.25,1269.35
2009-09-17,491.16,217.8081,204.0665,335.3252,150.3257,89.4128,193.4099,261.5363,701.94,322.99,1272.74
2009-09-18,492.7,219.4697,203.9424,334.9191,150.8457,89.9161,193.1983,259.6018,701.53,323.53,1281.8
2009-09-21,491.34,218.2672,202.0782,337.0931,150.2065,88.0378,191.5248,253.9264,699.66,322.32,1265.0
2009-09-22,494.35,218.8799,206.6164,335.9996,149.8951,90.9972,193.7293,258.7592,704.2,324.48,1281.63
2009-09-23,490.36,215.9633,202.3232,332.3555,149.3175,87.5138,189.9614,256.1403,693.97,321.07,1277.85
2009-09-24,486.99,213.989,198.7334,331.2888,149.138,84.3438,186.1711,250.8787,682.48,315.7,1256.36
2009-09-25,484.11,212.1331,196.5304,330.8906,148.6325,84.4075,184.0237,250.1293,678.31,314.63,1259.64
2009-09-28,491.69,216.3755,203.2814,335.646,149.9597,88.3269,187.7666,251.564,692.72,322.15,1269.73
2009-09-29,490.25,217.4201,202.1955,335.3032,150.2208,86.4113,187.8574,251.7586,695.04,320.99,1272.31
2009-09-30,488.35,216.4767,201.1801,333.757,148.9339,85.7244,186.9228,259.0055,691.02,317.43,1277.21
2009-10-01,476.71,211.5007,192.3779,328.2427,146.2754,81.6167,179.7334,255.1738,669.89,307.53,1248.71
2009-10-02,475.48,208.7707,192.23,327.3991,144.9875,80.7756,178.6659,255.175,663.43,305.07,1244.12
2009-10-05,481.75,212.4153,198.5715,329.0907,146.767,83.0505,182.3225,255.8545,677.44,310.41,1254.25
2009-10-06,488.23,215.5945,201.024,331.6454,147.8022,83.1078,185.8337,259.0947,686.98,316.12,1281.4
2009-10-07,489.8,215.7652,203.0346,332.4561,147.5294,83.0851,186.251,257.9903,687.27,316.07,1289.82
2009-10-08,492.63,219.0799,203.4485,332.2844,147.833,84.7065,189.9914,263.5282,697.12,319.5,1306.18
2009-10-09,495.15,219.1115,205.0999,335.5866,148.7664,85.6319,190.4512,262.1682,702.19,323.35,1307.35
2009-10-13,496.43,220.2295,204.6722,333.6839,148.6571,84.4411,191.8692,267.659,699.85,322.57,1322.28
2009-10-14,504.88,223.6168,211.6913,338.5133,149.1914,87.9988,195.7379,269.5406,712.58,328.81,1336.7
2009-10-15,507.07,223.8882,210.2856,340.6596,150.5036,87.4198,196.5581,273.3309,714.65,329.06,1328.4
2009-10-16,502.89,222.6433,204.7515,339.3393,150.8828,84.7997,193.8425,275.7034,707.87,325.38,1331.57
2009-10-19,506.75,225.7115,205.6867,342.7287,153.1252,86.7413,196.5025,279.2543,715.6,328.66,1338.77
2009-10-20,504.52,223.263,204.3004,339.2963,151.3554,85.2052,194.3167,277.7287,708.93,324.32,1339.59
2009-10-21,500.24,220.0291,200.4144,334.7509,151.6253,84.2779,191.7338,283.6879,701.43,319.97,1342.59
2009-10-23,500.0,222.068,203.0515,333.7142,149.5579,85.5257,190.4339,279.9377,701.33,317.65,1333.91
2009-10-26,494.21,220.8868,197.9522,330.0918,147.6149,85.2517,185.7748,275.4945,693.57,314.44,1305.95
2009-10-27,494.16,217.2146,196.5798,331.9544,147.1184,83.8893,184.1203,275.5795,685.81,311.07,1306.46
2009-10-28,486.5,211.2079,190.231,327.7872,145.5993,80.0965,178.2995,270.0139,663.37,301.57,1263.41
2009-10-29,496.05,216.9627,198.4691,330.9769,146.9719,84.2133,183.9805,275.7758,678.23,307.91,1310.42
2009-10-30,482.31,211.1043,189.0322,326.0598,144.1458,82.6071,176.9607,269.9967,659.15,299.07,1291.41
2009-11-02,485.15,213.006,190.6145,327.8734,143.7523,83.2011,178.758,273.1181,662.16,298.69,1289.62
2009-11-03,484.9,213.5752,191.4327,327.6269,143.4423,84.2778,180.9744,276.1017,670.03,302.67,1326.75
2009-11-05,494.63,218.7947,193.322,337.0417,146.8485,83.7775,185.2116,273.9165,682.37,307.76,1331.55
2009-11-06,496.19,221.0234,192.4513,338.4018,146.4826,82.2016,185.7797,269.0654,681.35,307.07,1340.62
2009-11-09,506.71,225.8839,199.4335,344.2319,149.0144,86.4252,191.7797,273.7073,697.77,313.76,1355.48
2009-11-10,507.27,226.0175,198.5358,345.9113,149.4868,85.9336,192.0737,271.9322,696.75,311.54,1345.13
2009-11-11,509.92,227.1037,201.3146,346.4793,149.1224,87.7205,193.8255,273.0613,701.98,314.35,1353.94
2009-11-12,505.45,224.8022,197.6048,344.6211,147.1162,86.5269,192.6076,268.8273,691.44,307.68,1350.75
2009-11-13,508.08,228.2853,197.0544,345.1759,148.3042,87.7932,193.6572,268.745,698.26,310.46,1359.9
2009-11-17,516.09,230.421,199.6199,350.3647,149.6634,88.4469,199.9089,276.8654,709.35,318.31,1386.04
2009-11-18,516.54,229.6331,201.4042,351.653,148.9926,90.3279,199.6964,277.1498,705.89,317.12,1394.06
2009-11-19,510.35,226.9389,197.3267,349.794,147.1547,88.1101,196.6678,273.8935,691.39,309.38,1400.94
2009-11-20,508.79,225.6766,196.1982,351.7261,147.4956,87.5796,196.4429,274.2025,687.54,309.07,1408.06
2009-11-23,516.0,227.6783,199.0769,355.4215,149.5251,88.7252,198.2917,274.5747,694.8,314.85,1416.63
2009-11-24,515.8,227.2732,197.5848,358.2153,150.043,87.3007,197.7308,271.8859,692.89,313.48,1412.41
2009-11-25,517.14,229.517,197.1702,360.1362,151.4003,87.766,200.6297,278.0322,697.78,312.76,1435.15
2009-11-27,508.98,226.1104,191.7613,356.4111,148.9492,85.0002,195.725,274.872,683.79,305.38,1405.6
2009-11-30,510.74,225.3074,197.0182,355.4296,150.1634,88.7931,197.0355,277.0205,684.77,306.62,1415.06
2009-12-01,516.38,228.3101,197.2117,359.903,152.8575,89.8569,200.2112,278.9644,695.31,311.17,1450.49
2009-12-02,515.63,228.9619,196.9755,360.9919,154.87,91.4459,202.4964,276.4247,699.84,314.65,1461.79
2009-12-03,511.98,227.2899,192.9217,358.9665,155.3518,90.3216,199.0903,276.1803,692.54,310.34,1461.61
2009-12-04,513.89,228.9716,196.3263,359.2103,154.702,92.8873,196.6972,273.5014,702.14,317.54,1450.46
2009-12-07,512.45,229.9937,193.1677,358.6458,155.8344,90.8067,196.8453,273.8078,701.4,317.81,1434.4
2009-12-08,507.03,228.2156,191.4472,355.9679,155.2156,90.3267,193.4801,271.5321,695.73,315.54,1402.24
2009-12-09,509.33,227.8045,192.2031,358.1047,155.7766,90.2822,196.0612,267.3914,696.14,315.64,1410.08
2009-12-10,511.88,230.9687,191.8129,362.2636,157.6012,90.2631,195.4354,269.1645,700.55,314.23,1417.6
2009-12-11,513.66,233.3313,193.1424,362.0434,160.2053,91.501,195.7241,270.4975,705.94,317.22,1417.11
2009-12-14,515.35,235.3987,194.2724,365.3226,160.8718,92.9625,198.5541,273.1511,716.41,322.7,1425.08
2009-12-16,511.97,235.017,192.2328,363.6225,159.6304,92.478,198.3082,278.3822,719.46,323.96,1439.79
2009-12-17,505.71,232.2003,188.7522,360.2051,158.6815,91.825,193.7618,275.7651,711.26,321.01,1421.15
2009-12-18,508.73,233.4216,191.3674,361.1311,159.3938,92.4247,193.9455,275.7677,714.89,324.57,1430.2
2009-12-21,513.94,236.3539,194.2011,365.1112,159.9838,93.9337,196.2095,274.4132,724.57,329.17,1428.17
2009-12-22,515.15,236.7126,194.7857,366.3873,158.8988,94.984,197.5359,274.5264,730.54,331.85,1422.41
2009-12-24,518.16,237.9503,195.7747,366.004,160.2566,97.6534,202.0345,280.5505,739.71,337.41,1469.86
2009-12-29,518.75,238.3914,194.3533,366.8599,160.3165,96.4597,202.1246,283.3547,737.84,337.12,1483.56
2009-12-30,518.91,237.4016,194.4952,366.4436,160.4256,96.4982,202.3439,283.2607,736.17,337.33,1494.88
2009-12-31,514.09,235.0728,193.7793,362.2208,157.9897,94.1799,199.8102,283.0121,726.67,332.63,1520.72
2010-01-04,522.73,236.4644,197.7855,367.2577,158.3297,93.7918,205.355,288.9698,738.15,339.64,1543.93
2010-01-05,524.6,237.6243,201.1468,365.1482,156.5058,94.0433,206.432,289.0151,740.11,338.48,1551.68
2010-01-06,524.31,237.5877,201.9998,366.8946,157.2798,93.8363,209.57,293.3993,744.01,338.15,1578.59
2010-01-07,526.34,239.6324,206.211,368.2567,156.4289,94.9518,208.611,290.1583,747.77,340.39,1591.53
2010-01-11,528.61,239.356,205.146,370.8753,157.946,94.2109,210.3437,289.0189,751.53,340.99,1608.53
2010-01-14,529.6,238.6529,205.5374,376.4098,158.2923,94.0382,206.1284,284.0703,753.02,342.56,1595.29
2010-01-15,524.11,236.5079,201.3488,374.8416,157.2729,92.96,203.9264,281.0494,743.11,338.54,1593.47
2010-01-19,530.21,239.2855,203.6392,382.4675,159.1065,94.9905,207.1623,282.8898,752.77,343.99,1612.86
2010-01-20,524.73,236.4812,203.367,380.4454,157.4332,93.4962,204.0421,279.1305,746.75,338.98,1590.69
2010-01-21,514.13,233.4249,197.3512,372.1236,155.2092,90.4537,195.2112,277.1567,736.92,334.71,1558.91
2010-01-22,502.35,229.098,190.9345,367.688,151.8354,88.2016,190.8026,275.2093,721.64,329.05,1549.67
2010-01-25,504.54,229.8792,191.9408,367.535,152.6945,89.0904,192.2855,276.3956,723.23,329.52,1546.85
2010-01-27,505.54,230.8976,193.0674,368.0118,152.4736,89.1946,188.716,268.4256,721.88,330.17,1509.38
2010-01-29,495.09,228.1301,190.9164,363.7521,149.9258,88.1292,182.5038,265.2536,702.8,321.14,1492.15
2010-02-01,501.33,230.6479,193.9774,365.3759,151.036,90.0373,189.1888,267.6462,713.55,324.35,1509.94
2010-02-03,505.19,234.3714,193.5109,368.1415,151.1382,90.1284,188.0917,270.2497,718.63,324.34,1513.98
2010-02-04,490.07,227.676,185.4833,358.413,147.1466,86.4094,180.8677,263.3469,695.81,314.07,1452.18
2010-02-10,492.29,227.8308,187.1475,356.4965,145.6841,86.2473,184.357,265.9075,700.59,316.89,1476.78
2010-02-11,496.58,230.3247,187.5553,358.8746,146.454,86.9459,187.2539,269.3869,710.49,321.47,1492.67
2010-02-12,494.9,230.2919,187.0225,357.9407,145.4768,87.392,187.0974,267.5991,715.96,324.04,1498.75
2010-02-16,503.35,234.0702,191.627,361.0786,148.1827,90.1731,191.7178,274.4428,727.68,328.97,1520.14
2010-02-17,505.27,235.9758,192.3625,364.0017,147.8036,90.9027,191.815,273.5145,732.14,331.01,1518.72
2010-02-19,508.57,238.2636,194.5994,365.0799,150.7761,92.712,194.9285,277.4712,740.16,335.57,1531.9
2010-02-23,502.49,236.6317,193.3079,360.7508,148.5758,91.7756,190.6691,272.043,730.35,332.79,1519.99
2010-02-24,507.53,239.7748,196.6754,363.4821,148.6749,92.5894,190.4925,274.385,737.18,336.03,1519.41
2010-02-25,505.3,239.6494,196.0321,363.2644,148.2372,93.0136,190.1283,270.548,737.89,335.65,1517.94
2010-02-26,506.06,240.2187,197.4268,363.7852,147.1399,93.0023,190.1981,274.4515,738.36,334.7,1531.19
2010-03-01,510.33,244.1005,198.1625,367.2616,149.0919,93.6582,193.1874,272.3965,751.02,341.53,1537.61
2010-03-02,511.27,243.3745,198.73,368.713,149.7842,93.7463,195.0963,274.8138,756.88,344.39,1548.15
2010-03-03,511.77,243.4347,198.8334,367.0358,149.6362,93.3723,197.0866,277.3925,758.4,344.79,1553.13
2010-03-04,514.1,245.8031,200.6532,366.1843,149.7714,93.9328,197.5818,274.4874,759.16,346.32,1541.84
2010-03-05,520.45,249.6763,204.7309,370.5873,151.4194,96.5236,200.2638,276.6154,770.47,352.88,1557.93
2010-03-08,520.43,250.5647,205.0394,368.9903,151.3077,97.3716,200.0006,276.393,772.07,353.86,1561.93
2010-03-09,521.42,250.3537,205.6026,368.5431,150.8908,97.971,198.9659,274.4737,772.59,355.48,1558.76
2010-03-10,523.47,251.1654,207.9135,368.8786,151.0683,98.6001,198.8617,274.3059,778.8,357.79,1556.8
2010-03-12,525.52,253.164,208.9367,368.9678,150.4005,100.0988,200.9663,273.0012,783.88,358.93,1568.29
2010-03-15,526.39,253.479,208.784,370.7962,151.1158,99.8525,200.4094,270.4865,782.29,358.16,1561.51
2010-03-16,529.97,254.9028,211.4315,371.6039,152.7057,102.393,203.4722,273.2381,790.22,360.89,1578.53
2010-03-17,532.51,256.1391,213.74,372.0417,153.2372,104.1616,204.824,275.9926,796.1,363.78,1577.78
2010-03-18,533.03,256.2421,212.7641,374.4078,152.5709,103.5688,203.3881,275.3757,792.75,362.75,1574.86
2010-03-19,530.53,254.6793,211.1866,374.4821,152.2578,102.4731,201.3809,272.3269,785.13,359.43,1564.06
2010-03-22,532.76,258.0221,212.4062,376.7062,151.3057,103.7763,203.9812,271.9858,793.79,364.39,1554.59
2010-03-23,536.97,259.1407,214.0352,378.1313,151.7799,103.5407,206.5428,271.4137,799.95,368.0,1561.36
2010-03-25,534.47,259.3114,215.3204,372.9242,149.2654,104.3559,201.8601,267.5765,787.74,361.63,1550.56
2010-03-29,537.09,260.6483,215.9579,373.7703,151.4145,104.1541,205.2482,272.281,793.17,362.53,1572.23
2010-03-30,536.81,260.7199,214.3945,373.9474,151.1735,104.1859,205.621,273.438,794.13,363.62,1570.38
2010-03-31,534.91,258.6931,214.7536,372.6823,150.7045,103.0505,204.6249,273.059,789.9,360.3,1576.55
2010-04-01,538.4,260.5955,216.7355,374.7467,152.6614,103.5902,208.3072,276.143,797.29,363.42,1602.54
2010-04-06,542.48,264.0664,221.1912,373.0592,154.8547,107.7818,211.2732,278.233,814.17,372.2,1635.79
2010-04-07,539.59,262.6887,219.9984,371.4917,153.4204,104.901,209.7704,277.309,808.77,371.22,1647.18
2010-04-08,542.02,265.3801,221.8298,370.6799,152.5301,105.0417,210.3384,274.9766,807.45,370.61,1652.93
2010-04-09,545.46,267.7171,222.8175,372.173,153.3741,106.8759,210.952,275.8508,814.48,372.41,1680.57
2010-04-12,546.7,267.7051,223.8348,371.4107,153.9085,105.8695,209.9413,275.9232,815.42,373.47,1673.67
2010-04-13,546.88,269.2574,223.8329,371.5133,153.3575,108.5603,209.2451,277.0796,818.69,374.52,1664.95
2010-04-14,553.02,273.1775,229.7477,369.9049,153.4053,108.4073,210.6227,279.686,831.07,382.32,1674.88
2010-04-15,553.87,274.2379,228.6381,368.9523,153.131,105.4529,210.5646,279.4809,830.62,382.88,1679.5
2010-04-16,544.68,270.4938,219.9263,366.8477,151.4795,102.8035,206.8462,276.0182,820.62,378.78,1666.84
2010-04-19,547.99,271.2002,222.3482,369.7305,151.7398,103.4871,207.3505,272.9645,818.08,378.27,1653.96
2010-04-20,551.08,274.2509,225.262,370.6692,153.4659,105.2757,207.7151,275.5127,828.57,383.02,1652.2
2010-04-21,550.05,275.792,224.0465,364.2047,153.6998,107.2896,207.4271,276.4874,831.78,386.09,1647.5
2010-04-22,549.36,280.3829,225.3293,359.4768,154.2415,109.2873,209.0198,276.8626,841.6,390.71,1652.05
2010-04-23,552.66,281.6413,226.2196,363.5019,155.5337,110.5692,211.6936,278.7912,849.82,394.65,1670.92
2010-04-26,550.18,283.2366,222.3135,359.4702,154.9318,111.6344,211.8482,278.122,846.05,392.92,1672.85
2010-04-27,538.13,275.0774,214.8725,355.4611,152.1782,107.7206,205.0356,272.9278,825.61,384.05,1658.49
2010-04-28,542.05,274.2817,217.6425,357.8439,153.5964,108.218,207.0676,274.2544,827.42,384.51,1660.35
2010-04-29,548.76,279.9323,223.0588,362.5917,153.6493,113.4827,208.7329,275.0355,839.55,394.03,1659.97
2010-05-03,547.05,279.9179,221.5362,360.1557,156.4299,113.6538,205.4191,277.8455,836.24,389.54,1665.54
2010-05-04,534.79,271.711,215.526,357.4376,153.5733,110.9422,198.1531,271.3559,812.17,378.36,1622.41
2010-05-05,531.45,267.7984,214.5116,358.1909,152.4435,109.0811,196.5343,267.7095,803.2,373.3,1597.14
2010-05-06,513.8,258.3542,205.6891,348.9114,148.3271,104.8546,190.4736,262.52,776.21,360.95,1562.68
2010-05-10,527.41,266.789,214.4978,353.5148,151.8359,110.5097,196.9795,265.2115,796.14,368.92,1590.76
2010-05-11,525.55,266.7981,213.4716,352.8905,152.1262,110.412,194.7893,264.7178,798.34,371.65,1612.58
2010-05-12,531.75,270.3888,215.8433,355.3491,153.4209,111.7136,198.4903,266.5881,816.1,382.44,1625.73
2010-05-14,516.19,260.2011,206.4731,346.5248,151.3122,106.0933,191.0336,258.3327,789.31,372.0,1593.11
2010-05-17,516.33,261.8331,206.4595,346.8271,151.4515,106.3911,190.7396,252.9853,790.8,374.19,1554.67
2010-05-18,509.19,257.057,200.6918,344.1364,149.9523,103.315,187.9349,254.7202,778.94,366.41,1540.46
2010-05-19,507.23,255.0715,201.0368,343.6787,148.5208,102.5201,187.2247,252.4321,771.22,362.87,1486.09
2010-05-20,487.93,245.3577,191.557,332.185,143.7516,97.9867,178.9609,249.8689,738.14,345.06,1421.81
2010-05-21,494.31,249.9162,198.4975,333.1118,144.5496,101.7173,183.3969,251.2156,749.97,349.52,1453.39
2010-05-25,487.97,250.0555,194.3933,330.7353,142.2792,100.5788,183.1909,248.594,741.28,343.4,1450.15
2010-05-26,484.12,249.3947,193.145,328.8629,142.0534,99.9113,181.7418,252.6268,743.2,344.33,1469.68
2010-05-27,499.08,258.1798,201.7447,335.1873,144.9571,105.5792,188.8432,257.5183,771.43,358.1,1502.84
2010-05-28,493.06,254.6774,197.416,333.0816,144.9177,103.6794,185.64,254.5974,762.76,353.31,1503.44
2010-06-01,486.24,250.6552,193.3076,329.6211,141.6539,102.064,179.8082,252.2152,742.58,343.1,1488.0
2010-06-02,498.04,256.7107,199.1894,337.3666,144.6557,104.3323,185.2652,252.7433,762.24,352.63,1484.11
2010-06-03,499.16,257.6495,198.1456,338.8857,146.0583,103.6988,183.156,254.701,767.72,356.68,1483.17
2010-06-04,483.42,247.9002,190.2959,328.7929,141.7378,97.7672,175.9566,248.7535,736.27,339.53,1464.92
2010-06-07,476.87,243.3442,186.4299,328.6693,142.4725,97.143,173.0321,248.7902,721.31,331.72,1453.32
2010-06-09,478.61,245.2357,188.346,327.3512,143.3805,99.4847,176.8278,252.8734,727.17,331.55,1444.57
2010-06-10,491.42,253.1971,194.6327,333.992,147.2174,104.2717,183.0362,254.8923,750.6,342.28,1452.71
2010-06-11,493.02,253.609,195.3356,336.7007,147.1875,105.0794,185.2031,255.7317,758.57,346.87,1460.4
2010-06-15,502.59,260.0643,199.015,342.974,150.7805,108.7781,188.0794,263.312,779.79,356.64,1461.51
2010-06-16,502.6,258.4464,199.063,344.0233,151.666,107.9701,187.941,263.9657,776.73,354.89,1462.0
2010-06-17,503.54,256.7891,198.778,344.3824,152.7976,108.2421,187.3667,263.1099,774.9,354.75,1481.38
2010-06-18,504.7,256.1409,199.8417,343.2343,152.9919,107.6873,188.3118,262.7413,774.27,355.07,1488.18
2010-06-21,502.86,253.8552,199.3009,341.79,151.8069,107.1115,189.1387,263.5061,768.5,351.81,1473.03
2010-06-23,494.4,248.3049,195.6991,337.8996,146.4905,104.4557,185.042,259.5346,750.66,343.84,1455.89
2010-06-24,486.67,242.1685,191.65,335.202,146.0235,101.6438,180.6231,261.4391,737.33,338.33,1451.75
2010-06-25,486.62,242.4826,197.0325,335.7676,146.4673,104.7568,183.1626,265.4257,745.27,344.18,1458.72
2010-06-28,486.18,241.1789,195.2729,335.8757,147.4715,103.1327,181.1353,263.3524,743.59,343.46,1451.31
2010-06-29,472.39,232.4447,187.6893,329.5882,144.4593,99.5582,174.7338,256.0965,717.42,331.1,1409.74
2010-06-30,467.65,229.7118,185.6397,326.8772,143.4359,98.3103,172.4648,258.3441,711.73,327.97,1415.89
2010-07-06,467.12,228.8417,183.1181,326.654,144.7105,94.5706,170.8261,253.6348,700.16,318.17,1347.52
2010-07-07,481.0,235.3337,191.2439,333.0935,149.2237,99.3656,177.5064,258.0728,724.5,329.2,1361.48
2010-07-08,485.64,237.1017,192.4738,336.1067,150.3719,100.4725,180.1728,259.3489,732.41,334.01,1353.01
2010-07-09,488.78,239.3616,195.5059,336.6365,151.3169,101.9783,184.4412,260.4591,739.89,338.56,1369.55
2010-07-12,490.08,239.7599,195.5457,336.0899,151.8149,102.352,182.5024,258.2405,736.2,334.91,1370.13
2010-07-13,497.0,245.7304,200.6198,338.2895,152.3334,104.7783,186.5167,261.7493,753.96,345.79,1384.11
2010-07-14,497.47,244.407,198.7856,338.4705,152.425,104.2882,186.6361,262.0389,752.53,344.32,1384.56
2010-07-15,498.12,245.2307,198.5953,339.6741,153.375,104.1948,186.4399,264.0457,751.66,341.37,1386.86
2010-07-19,486.76,238.7888,189.966,333.7126,153.0855,102.2418,181.3142,261.0453,731.38,330.85,1362.1
2010-07-20,491.63,242.3188,192.1542,332.9396,154.3699,104.2283,186.576,261.3661,742.35,336.71,1363.2
2010-07-21,485.96,237.9942,188.7126,328.0283,152.1857,101.7924,185.7453,261.376,731.22,330.53,1365.56
2010-07-22,496.67,245.2712,194.5607,329.675,154.679,106.0272,190.0871,266.7019,752.56,341.94,1388.42
2010-07-23,499.83,248.4455,195.9375,329.9344,154.8169,107.2977,193.8366,266.4715,763.51,349.22,1394.98
2010-07-26,504.91,252.1718,198.9816,334.6931,155.8415,110.0093,194.8465,266.5066,777.47,356.57,1403.46
2010-07-27,505.89,249.1299,199.1926,334.7638,158.348,109.4523,193.6072,264.3092,772.33,355.22,1396.26
2010-07-29,501.02,245.8813,197.9741,330.1178,154.9494,108.1856,192.6112,270.0482,758.11,348.94,1422.29
2010-07-30,500.56,247.4768,197.9157,330.9995,153.9749,108.9074,193.563,274.2012,760.27,348.5,1427.36
2010-08-03,509.85,249.2885,200.7312,340.0919,156.5929,111.6452,195.3751,276.4802,768.79,350.39,1441.08
2010-08-04,512.02,253.0547,201.2823,343.1249,156.7318,112.4625,196.8364,278.829,777.04,354.26,1453.46
2010-08-05,511.24,253.6666,200.5205,342.8398,156.8032,111.0798,197.5012,277.5218,773.43,349.92,1459.07
2010-08-06,509.46,252.4949,198.8669,344.1395,156.9663,110.4905,196.8665,274.5697,771.93,347.43,1465.48
2010-08-09,511.84,254.6891,200.0603,345.0072,157.614,111.9149,197.7281,274.4534,779.45,351.71,1469.03
2010-08-10,509.0,252.6226,197.9945,345.8244,158.2888,110.9609,195.8063,272.1451,769.37,345.29,1464.15
2010-08-11,495.48,245.7471,190.8846,336.6897,155.1079,108.2268,189.2417,268.6954,743.01,332.16,1441.43
2010-08-13,490.59,242.2663,189.0947,336.6267,155.0024,106.7423,189.3933,268.6633,734.59,326.46,1457.05
2010-08-16,490.73,242.2887,188.6935,335.3113,155.0753,106.7352,190.2401,267.9794,735.84,328.73,1457.16
2010-08-17,495.68,245.886,190.0834,339.606,156.4719,109.7218,194.6422,270.0659,748.08,334.63,1463.6
2010-08-18,496.45,248.1648,190.8475,339.1607,155.6581,109.6777,195.3543,269.7799,750.13,335.93,1469.97
2010-08-23,484.36,241.2954,184.7199,333.2491,154.7035,105.966,188.4751,265.9134,729.61,322.89,1475.35
2010-08-24,477.44,237.1824,181.5623,326.4966,155.1478,105.1419,184.0936,262.3482,718.25,319.63,1456.85
2010-08-25,478.67,239.4897,182.08,329.6026,154.7119,106.9503,184.6059,261.6917,723.62,324.12,1462.78
2010-08-27,481.95,241.4634,184.7103,330.0813,156.9213,108.0055,190.0671,267.1534,734.3,330.22,1488.85
2010-08-30,475.35,237.156,180.6092,326.416,154.7123,106.9245,187.4135,267.652,721.47,322.23,1497.17
2010-09-03,498.96,253.6192,195.1889,337.3645,159.4757,114.7826,197.986,272.6574,766.52,343.82,1565.96
2010-09-07,493.68,249.5346,190.5567,335.3664,158.5917,112.9143,196.3217,273.7054,755.1,336.79,1594.96
2010-09-08,496.78,251.2124,192.7297,336.9802,157.8672,113.3078,197.6212,274.1625,759.92,338.94,1588.06
2010-09-09,499.8,251.3707,194.9535,340.8769,159.0308,111.9815,197.064,273.1059,761.51,338.93,1582.0
2010-09-10,502.26,253.669,195.0987,344.0781,158.2912,112.6671,198.3977,275.0419,763.79,339.45,1596.5
2010-09-14,506.66,256.9049,197.5444,345.5729,158.6225,113.7481,201.317,280.0259,777.6,346.1,1622.2
2010-09-15,508.56,257.5042,198.2704,348.4763,157.7954,114.945,201.1942,278.951,780.79,348.18,1630.24
2010-09-16,508.93,257.3258,197.5552,347.4416,157.0758,114.0245,201.9895,278.5952,778.58,345.43,1650.34
2010-09-17,509.04,258.129,196.5347,347.5355,156.8808,114.3332,202.0455,279.552,780.82,347.1,1661.96
2010-09-21,515.53,261.9655,198.4511,352.5534,158.106,114.9296,202.4109,278.2694,789.05,353.58,1680.77
2010-09-22,513.83,260.2345,195.2598,352.9306,159.1232,113.8148,203.1356,278.8025,782.64,349.66,1688.7
2010-09-24,519.34,265.6442,196.7243,355.8928,159.9932,114.1314,206.0082,283.5417,796.29,357.06,1699.55
2010-09-27,516.49,263.956,194.3937,353.1207,160.2146,112.4405,204.5332,284.0551,794.5,355.54,1694.63
2010-09-28,518.01,265.9356,194.9975,356.1505,160.5324,112.9371,204.5948,284.2661,801.0,358.81,1703.11
2010-09-29,516.31,264.2026,193.386,354.9315,159.9585,111.5132,202.8291,285.8516,800.89,359.93,1713.14
2010-09-30,514.66,263.5279,193.1757,353.7525,159.366,111.5454,202.2063,286.7763,802.1,358.55,1708.26
2010-10-01,517.22,263.763,195.2067,353.9315,160.4064,112.3009,204.6423,285.6085,803.89,360.12,1744.79
2010-10-05,523.66,268.5547,198.3388,356.9227,161.6666,114.7305,207.325,288.3479,812.13,365.85,1768.03
2010-10-06,524.47,267.1133,198.2675,355.6107,160.9471,114.4537,208.9413,289.0701,805.85,363.38,1774.06
2010-10-07,523.39,267.7733,197.4151,355.8898,161.1293,114.6213,207.0838,287.2264,805.39,362.96,1765.76
2010-10-08,526.27,270.6711,197.6181,356.9443,161.5527,114.8172,211.2708,295.0385,811.37,367.63,1784.88
2010-10-12,528.54,271.43,199.9092,358.0003,161.0723,115.9905,211.5179,297.7557,815.4,369.16,1803.34
2010-10-14,530.02,271.5683,196.2747,359.8436,161.335,116.7302,213.1757,299.8614,818.67,374.64,1822.03
2010-10-15,530.78,273.3942,192.9239,361.204,161.8846,116.5746,213.8924,295.996,819.76,373.82,1822.53
2010-10-18,535.23,272.9682,197.4323,364.2909,163.2799,117.8395,214.4636,298.6748,824.5,377.17,1838.21
2010-10-19,526.98,268.9492,194.6598,357.923,162.2941,116.1607,209.6317,292.9191,809.93,369.55,1814.91
2010-10-20,532.44,272.1455,196.844,360.8152,163.5632,118.7486,213.7618,298.9394,820.46,373.02,1871.3
2010-10-25,534.88,277.0085,195.8136,363.9603,161.2995,118.4652,216.2231,300.253,829.4,375.75,1900.53
2010-10-26,535.37,278.0933,196.0606,362.8521,161.0092,117.66,215.7337,301.2278,828.04,374.88,1908.07
2010-10-27,533.49,276.7415,196.2426,361.0196,160.2832,116.5849,213.8903,299.0811,827.52,373.55,1908.03
2010-11-01,533.85,277.4319,195.7978,361.625,159.481,117.5559,215.4955,301.4837,828.64,371.04,1934.08
2010-11-02,537.54,280.3542,196.3083,364.4277,161.3672,118.3851,217.4576,304.9348,837.82,378.68,1942.41
2010-11-03,540.21,281.662,198.282,364.8224,160.9129,118.1287,216.8814,305.0215,839.75,379.68,1948.64
2010-11-04,550.78,286.0274,205.0573,366.2619,162.5521,121.4205,224.066,312.2549,855.86,389.52,1994.46
2010-11-05,552.7,287.5348,209.4126,364.3138,162.5426,122.775,224.8136,313.5085,861.09,391.16,2008.92
2010-11-08,551.66,287.17,207.7944,363.2153,161.5322,122.3183,225.3614,315.2082,860.59,391.19,2041.84
2010-11-09,547.76,284.6174,203.2727,361.5453,160.6351,117.5016,221.7246,319.0634,850.89,386.43,2005.03
2010-11-10,549.72,286.9879,206.0152,361.497,159.6018,119.2457,222.7516,317.0645,858.49,391.09,2022.33
2010-11-11,546.44,286.5764,204.0919,362.1367,159.5769,118.0059,224.7678,314.8071,856.57,389.17,2039.28
2010-11-12,540.22,283.8276,200.9714,358.0014,158.3564,116.6886,219.8455,303.5584,843.87,383.18,2007.09
2010-11-15,539.62,283.097,201.7862,357.3192,158.7967,115.7376,217.9622,305.9821,845.91,383.27,1982.18
2010-11-16,531.42,279.3655,198.102,352.721,156.9231,111.6443,213.2707,296.1875,830.83,375.91,1922.87
2010-11-17,530.81,281.4239,196.9566,353.1627,156.8321,112.6113,213.1164,295.3939,835.69,376.34,1953.99
2010-11-18,539.04,283.8475,199.7822,357.9062,157.7039,113.72,217.2073,302.4797,847.25,382.9,1987.63
2010-11-19,539.99,285.4218,199.4631,358.2955,157.2805,114.4324,218.723,298.8544,850.33,384.1,1995.87
2010-11-22,538.17,286.3553,196.6515,358.2767,157.6595,114.7598,219.0829,297.9874,856.02,385.78,2014.05
2010-11-24,537.8,287.9725,196.6315,356.3922,156.6007,116.0975,219.1971,302.3126,864.02,391.98,2023.58
2010-11-29,533.43,284.8859,195.5194,352.4664,155.1512,115.19,217.505,302.8735,857.6,389.35,2050.8
2010-11-30,529.73,284.1824,194.1352,349.6197,155.0829,114.8245,217.511,301.3895,852.59,386.56,2072.44
2010-12-01,541.2,290.0012,198.1862,356.206,156.7837,115.8852,223.537,308.8883,870.1,395.09,2087.16
2010-12-02,547.52,293.8583,203.3687,358.6236,157.2781,117.9482,226.8887,312.0789,881.35,398.97,2095.74
2010-12-03,548.82,294.4585,203.9732,358.9361,157.7258,118.2996,228.8438,316.1433,886.74,401.74,2109.93
2010-12-06,548.31,294.4393,203.5275,356.5136,156.9753,118.3431,228.8897,317.28,886.91,404.04,2127.73
2010-12-07,548.78,294.3133,203.461,356.4946,156.189,118.7769,229.0511,315.6145,887.69,406.5,2117.21
2010-12-09,553.94,294.1031,209.8237,357.7686,155.9994,115.9027,227.9646,316.0846,889.83,407.02,2108.99
2010-12-10,557.27,295.0675,211.6669,361.0471,156.6157,116.9616,229.8679,314.906,899.04,411.83,2124.3
2010-12-13,557.81,293.4691,211.4096,361.3111,157.3405,117.0028,231.0738,319.865,896.2,409.87,2130.75
2010-12-14,558.64,293.4399,209.4267,365.0859,157.7905,115.8615,231.1551,319.5098,895.61,409.84,2117.7
2010-12-15,556.23,292.295,207.6495,363.7933,156.4034,114.5706,229.5725,318.8396,891.31,408.35,2100.94
2010-12-16,559.4,294.5439,208.1354,366.4254,157.7728,114.5932,232.0126,317.3393,900.47,412.79,2105.81
2010-12-20,560.54,296.6473,209.501,366.8273,158.8938,117.5019,234.691,324.2733,903.52,415.97,2147.15
2010-12-21,563.69,298.2067,212.9229,366.262,158.8103,118.804,237.0815,326.8091,910.18,420.1,2155.83
2010-12-22,565.96,298.461,215.269,366.92,159.6189,119.3281,237.0681,328.1201,912.51,420.34,2167.34
2010-12-23,565.43,297.2853,213.6201,366.9153,159.7444,118.8419,237.9931,329.3931,910.79,419.88,2175.36
2010-12-29,566.78,296.4734,215.0802,366.2126,159.6477,120.9767,239.5082,330.7318,912.58,420.6,2243.57
2010-12-30,565.62,296.2443,214.3243,365.2309,159.3501,120.8975,239.424,327.1263,913.2,420.32,2261.69
2010-12-31,565.9,295.5369,214.772,364.781,159.3415,120.5798,239.6132,332.8259,907.25,415.73,2287.85
2011-01-04,573.23,297.4143,219.1921,369.8536,160.938,120.74,239.9947,327.759,909.76,416.25,2275.12
2011-01-05,576.0,299.7656,221.8008,370.3022,159.9505,121.5514,240.0073,329.2303,914.97,420.11,2262.48
2011-01-06,574.73,297.7225,220.4147,371.6565,159.958,120.2833,238.9946,325.1021,912.83,418.06,2217.18
2011-01-07,573.38,297.6142,218.3754,371.3669,160.5527,120.3993,238.7653,323.9768,910.53,416.06,2225.39
2011-01-10,572.1,297.6135,217.7301,370.0276,159.6653,120.3039,239.0574,326.8858,915.72,416.85,2233.4
2011-01-11,573.84,297.4611,218.8279,372.1611,159.8882,120.3539,240.8703,331.4975,919.29,417.92,2265.74
2011-01-12,579.17,298.1913,222.486,373.8978,160.7027,121.2655,243.028,334.925,925.2,421.96,2303.46
2011-01-13,577.74,297.6722,221.595,371.8823,160.6339,121.6388,241.0553,333.0412,924.53,422.04,2289.0
2011-01-14,582.32,299.5502,225.4158,372.2261,161.3321,122.8757,241.3377,333.1015,931.07,426.04,2270.96
2011-01-18,582.34,300.326,223.6834,373.6531,161.7153,123.9171,242.869,333.8285,939.56,425.58,2292.51
2011-01-19,577.47,297.3611,218.7557,371.3474,161.533,122.2712,237.4205,333.4852,923.93,416.21,2285.02
2011-01-21,579.55,298.3322,221.6801,372.3975,162.4351,123.5411,233.3198,334.0461,914.36,410.43,2265.58
2011-01-24,582.96,299.9768,221.486,372.2884,163.3027,123.7393,235.6947,332.7566,921.83,413.53,2248.6
2011-01-25,583.3,299.9898,220.9799,372.1228,163.0789,125.0541,235.9122,327.6237,923.25,414.9,2202.68
2011-01-26,584.88,300.3618,220.735,371.1923,162.4802,125.3833,240.7717,332.8868,930.78,422.0,2250.5
2011-01-27,585.72,302.6719,222.6645,372.3101,163.0453,127.2513,239.046,331.4467,935.33,423.82,2233.97
2011-01-28,575.64,293.1291,218.5615,365.6972,160.8802,125.0467,235.5067,335.5058,917.72,413.37,2268.32
2011-01-31,579.23,293.4183,220.7012,366.1758,161.0313,127.1112,239.2617,341.4926,924.77,416.12,2274.55
2011-02-01,589.54,297.0246,225.5081,372.8081,162.7888,127.8631,246.0196,342.2407,939.1,424.57,2301.99
2011-02-02,587.78,296.3282,223.5031,371.4059,161.9511,127.7601,245.2839,343.8678,937.03,422.73,2324.17
2011-02-03,589.1,299.7672,223.6124,371.8256,162.3129,128.3455,246.2204,341.071,939.66,423.56,2363.91
2011-02-07,593.68,303.3673,226.9299,373.1105,162.4827,128.4855,247.57,337.5366,953.13,428.56,2375.03
2011-02-08,596.27,306.963,228.4368,374.0427,162.3473,129.1044,248.3914,337.3333,957.67,430.92,2380.88
2011-02-09,594.86,308.7715,226.7617,373.2577,162.2465,129.2981,246.061,339.5147,954.88,428.9,2353.77
2011-02-10,593.67,309.4104,226.7569,373.5979,162.3906,129.7645,246.6941,340.0329,960.18,430.76,2347.83
2011-02-11,596.6,312.3369,229.903,373.7828,162.0927,130.8237,247.8308,337.8652,969.5,435.28,2357.56
2011-02-14,598.26,311.0797,230.0599,374.9901,160.8025,130.6866,250.3937,338.7629,974.38,437.39,2380.46
2011-02-15,596.46,311.4967,229.6064,374.7758,161.3453,130.4351,247.7635,336.3765,969.73,432.73,2394.58
2011-02-17,601.32,314.3982,230.6755,377.8714,161.3021,130.7384,252.854,341.3666,981.49,440.08,2421.89
2011-02-18,602.49,315.7902,231.1593,378.8152,161.3041,131.2902,250.2664,341.8776,982.17,441.28,2423.68
2011-02-22,591.37,308.2749,224.0134,373.1438,160.757,129.6338,242.3491,344.4642,958.91,430.53,2363.55
2011-02-23,588.56,303.7053,223.0936,369.5362,160.1884,128.5262,240.7286,347.9117,945.39,422.01,2367.04
2011-02-25,592.25,308.4055,225.7336,373.21,160.5844,130.1869,242.7064,351.3948,964.21,433.51,2375.62
2011-02-28,595.96,310.3665,226.781,376.5761,162.2557,132.8094,245.2321,352.6888,966.59,434.16,2391.54
2011-03-01,587.2,304.9449,221.8329,374.0202,160.7129,128.6432,239.6005,355.2915,950.14,426.23,2404.01
2011-03-03,597.41,311.2266,225.0985,382.4895,162.4945,129.8468,244.8651,360.6778,975.34,437.73,2410.82
2011-03-04,592.54,309.0743,222.1304,382.2698,161.5568,128.2627,243.1014,362.998,968.55,436.23,2439.83
2011-03-07,588.1,306.0557,220.6475,379.0261,162.1376,127.3105,238.8495,363.0072,955.66,429.6,2423.78
2011-03-08,593.37,308.0972,225.566,381.4836,163.7305,129.2808,241.233,361.2134,966.65,436.57,2385.74
2011-03-10,581.73,305.5282,220.7522,375.9441,163.4877,127.5214,232.3993,354.5763,946.4,425.47,2239.62
2011-03-11,585.34,307.118,222.5614,376.9792,163.9826,129.8381,235.5661,352.0034,952.94,426.21,2266.75
2011-03-14,581.93,303.6845,220.373,375.1183,161.7303,128.8811,235.0277,350.7309,948.31,424.26,2193.07
2011-03-15,575.2,301.1387,217.68,370.8896,158.7163,127.9637,234.6818,338.2572,941.69,420.44,2130.21
2011-03-16,562.51,296.0838,213.5567,364.1662,156.0693,125.7362,230.0902,338.2939,932.4,415.26,2131.38
2011-03-17,570.72,297.4409,216.4941,368.5491,156.3692,127.0924,234.0732,348.7972,937.61,417.15,2189.36
2011-03-18,572.93,297.2546,218.9556,371.0511,156.9317,127.985,235.3317,351.2814,942.69,422.06,2243.87
2011-03-21,581.63,301.5522,220.3363,373.2787,158.9393,129.5369,239.4093,353.3693,961.42,431.23,2285.24
2011-03-22,579.68,299.2011,219.1687,373.1912,159.0564,128.3356,238.9166,356.5872,954.94,429.11,2297.13
2011-03-23,581.5,301.7248,218.52,372.8449,158.9994,126.9414,242.2854,357.1679,953.67,429.76,2318.01
2011-03-24,586.37,306.0896,219.5919,377.1759,159.5631,127.7445,243.3366,358.6213,962.82,432.56,2304.58
2011-03-25,587.89,306.7796,220.0557,378.1505,159.5705,128.2685,244.6203,359.7098,970.43,436.2,2314.03
2011-03-28,587.05,303.5046,219.3864,378.0211,159.032,128.2467,243.4551,355.0029,966.24,434.93,2281.63
2011-03-29,590.82,306.3246,220.0676,380.4538,160.4425,129.2008,245.8792,354.146,975.07,438.66,2277.88
2011-03-31,592.72,308.3963,220.7084,382.9987,161.9186,131.2293,249.3608,359.5766,989.05,446.63,2295.99
2011-04-01,595.02,310.6349,222.484,385.2262,163.0756,131.6494,250.2012,361.0327,996.43,448.03,2298.4
2011-04-04,595.33,311.0595,222.3226,387.4702,162.9506,131.4955,251.9429,362.3319,997.02,449.89,2323.72
2011-04-05,595.08,312.2599,222.0935,385.5659,162.4194,131.4462,254.77,363.2624,1000.55,451.64,2354.34
2011-04-07,596.2,310.5431,223.6343,385.6976,162.8551,129.9874,252.2348,364.6299,994.93,449.75,2375.54
2011-04-11,592.9,308.5792,221.5801,387.7534,160.2604,128.8605,247.582,366.1568,980.68,441.8,2346.5
2011-04-12,588.32,308.0921,220.7184,387.2092,159.8937,128.4292,244.2506,359.2004,970.83,435.84,2303.77
2011-04-13,587.7,309.1231,218.9965,386.8499,160.436,128.3405,242.7288,359.7073,974.11,435.59,2301.68
2011-04-18,582.5,307.2903,214.3107,387.6551,161.6283,130.4237,241.9193,359.5782,966.38,435.36,2238.6
2011-04-21,595.8,315.4092,216.8619,396.1302,163.74,133.8877,251.8875,367.6009,995.16,447.51,2281.64
2011-04-25,595.19,314.7529,216.5626,396.6668,163.8449,134.7354,250.2123,366.7178,994.51,446.19,2260.05
2011-04-26,600.62,315.5837,217.7879,401.0975,165.2402,136.0758,252.825,366.3555,1004.59,451.84,2232.5
2011-04-27,604.67,319.1377,219.1778,405.7283,166.5269,136.846,253.25,365.9803,1010.98,455.95,2251.34
2011-04-28,606.66,320.5103,220.9421,407.7766,167.7657,138.3287,253.9108,366.4728,1012.64,457.23,2246.22
2011-04-29,608.33,320.3836,220.4899,407.5916,168.1138,137.0871,254.4841,370.7282,1015.26,457.95,2252.14
2011-05-02,607.06,321.3803,219.6737,411.7507,168.2401,137.2384,252.8841,368.3387,1009.62,453.98,2207.4
2011-05-03,606.28,319.7513,220.5168,410.6151,169.3637,136.2588,250.4042,365.2159,998.97,448.66,2158.9
2011-05-04,602.2,318.5442,218.4534,410.3202,168.9427,135.6059,246.1575,358.7983,990.28,443.95,2125.68
2011-05-05,595.38,317.9567,215.9664,407.6958,167.6984,135.2492,243.0991,341.2275,986.45,442.32,2047.8
2011-05-06,597.32,318.0098,216.6938,410.1203,168.5783,134.3613,244.8812,337.5092,988.9,444.14,2088.6
2011-05-09,599.19,318.4934,216.297,412.599,168.9874,135.1557,248.6607,344.2597,998.1,448.31,2119.75
2011-05-10,603.24,322.4776,218.3386,414.9996,171.2245,137.1361,250.398,348.733,1008.98,456.2,2126.08
2011-05-11,596.49,319.8371,215.4372,413.7325,170.8332,135.2962,243.5536,338.2595,997.87,449.06,2070.22
2011-05-12,598.83,322.5849,215.25,417.5167,172.2881,135.3284,243.6272,338.717,1004.58,452.99,2049.99
2011-05-13,594.2,320.3942,212.0793,416.7515,171.5364,133.6891,240.3201,338.6921,993.92,447.11,2038.22
2011-05-17,590.51,316.2772,213.3382,417.3254,172.807,134.0275,236.8424,336.641,978.12,439.7,1968.82
2011-05-19,596.17,320.9795,214.5125,419.674,172.5759,135.8216,241.9404,339.4652,994.69,446.7,2002.22
2011-05-20,591.35,317.9318,211.3613,416.2492,172.5319,134.2726,239.5531,341.7207,986.83,443.25,2031.44
2011-05-24,584.76,313.2876,208.2403,410.7767,170.1758,133.1823,238.2987,339.2607,968.62,433.59,2027.07
2011-05-26,587.93,315.8557,209.3543,411.118,169.5258,135.5937,242.0149,343.4989,984.17,443.79,2072.04
2011-05-27,590.43,316.8479,211.0466,411.4514,169.6816,135.5777,244.5009,346.4402,990.19,446.54,2100.67
2011-06-01,584.26,311.6333,205.6652,410.656,168.9859,133.765,239.4903,346.0874,975.32,439.88,2067.42
2011-06-03,578.5,306.6227,204.5965,405.9352,167.3303,133.5652,236.6818,348.7821,961.25,432.15,2055.62
2011-06-07,571.05,303.9941,200.1394,404.3258,166.7425,133.4785,235.2112,346.5424,951.0,427.5,2004.02
2011-06-08,569.89,301.5215,198.2589,404.5855,166.9745,132.9493,232.9618,348.5104,941.94,422.79,1951.66
2011-06-09,574.0,303.8413,200.6247,408.5403,167.0567,131.6635,236.6461,351.0157,946.26,424.88,1958.57
2011-06-10,566.53,298.2449,199.1971,401.2924,166.0986,128.4047,233.6875,348.2133,931.94,418.19,1934.93
2011-06-13,567.74,297.7679,201.2672,402.8024,166.7328,128.7881,232.3967,344.7315,929.57,417.32,1916.29
2011-06-15,564.13,298.4607,197.8617,401.0066,165.3546,128.4305,231.3507,339.1359,931.2,419.65,1924.22
2011-06-16,565.64,297.8324,198.9856,401.6067,166.701,129.4423,229.1772,337.0649,930.72,421.11,1889.35
2011-06-17,567.04,299.8845,200.8178,402.4899,167.7592,130.8346,229.0967,335.6501,932.75,421.28,1897.94
2011-06-20,569.59,302.4843,200.6721,406.6188,168.692,132.2472,230.9336,336.1619,940.45,425.14,1882.27
2011-06-22,572.46,306.0881,202.1026,406.5767,167.6601,132.6928,236.0163,338.0816,953.94,429.96,1935.88
2011-06-24,563.62,304.2044,198.7669,401.2327,166.5996,129.964,234.4798,330.0656,946.0,427.54,1905.33
2011-06-27,569.2,307.9399,201.0217,403.4694,167.8811,130.9983,234.8217,328.922,950.34,431.66,1867.72
2011-06-28,576.11,313.6905,201.8457,409.3412,168.6468,131.9501,239.0056,334.6364,964.88,438.03,1865.68
2011-06-29,581.05,314.9959,206.0805,409.555,169.4014,133.5226,242.6852,338.9804,972.23,439.67,1892.39
2011-06-30,587.31,317.89,206.8722,410.9335,170.0266,134.0634,245.9348,338.2248,978.64,444.69,1904.18
2011-07-06,595.56,324.4866,207.5419,415.9687,171.4341,137.9041,249.3529,340.3769,1001.64,454.71,1954.16
2011-07-07,601.81,328.8142,210.8062,415.6836,172.0267,139.7107,253.0536,346.4864,1011.65,461.01,1985.91
2011-07-08,598.03,326.7867,208.0569,414.0016,171.4398,139.0276,251.3425,343.7328,1004.98,457.88,1984.81
2011-07-11,588.15,320.3661,202.2188,408.1838,169.5288,136.4032,246.1828,340.8056,983.26,448.69,1945.23
2011-07-12,585.3,319.0295,201.6498,408.3889,170.3132,136.9038,245.3452,344.445,979.66,447.19,1951.89
2011-07-13,587.57,320.6689,201.9848,409.5286,169.9054,135.5586,247.3778,349.3594,982.45,450.73,1989.13
2011-07-15,587.72,318.4794,199.9267,407.1076,169.4114,135.7729,247.4872,346.4818,976.11,445.89,2007.38
2011-07-18,584.06,315.0948,197.1747,403.8753,167.8084,134.614,244.5798,343.9979,963.12,439.85,2004.5
2011-07-19,593.42,321.3286,199.8516,407.5569,169.1776,137.0375,247.9972,346.722,981.86,450.09,1993.47
2011-07-20,593.64,319.4749,201.9964,406.1161,170.1567,137.7182,247.9441,346.4709,980.4,448.37,2017.86
2011-07-21,601.89,323.1952,206.998,412.1856,172.7752,139.1987,250.817,345.4592,989.72,453.43,2039.05
2011-07-22,602.51,324.4908,206.4492,411.6046,171.8093,139.8481,249.7307,348.1203,991.79,452.61,2059.6
2011-07-26,596.88,321.8873,204.3628,403.9302,171.6413,138.3114,246.5061,348.9428,977.36,443.93,2023.52
2011-07-28,584.27,314.5824,199.6922,396.3856,169.8231,134.4438,240.3218,344.8396,945.98,430.34,1983.95
2011-07-29,579.72,313.2105,199.1836,394.7051,168.147,134.6734,237.5888,342.2703,943.42,430.16,1979.1
2011-08-02,565.03,300.01,193.0183,379.0093,165.9441,128.1644,229.8309,342.0078,908.98,414.76,1978.85
2011-08-03,567.57,302.0025,194.0278,379.4417,165.7411,127.5907,230.8234,337.5049,913.1,417.68,1965.67
2011-08-04,541.84,287.369,183.9782,364.9185,160.3815,121.2721,215.4976,328.1576,859.59,395.87,1853.34
2011-08-08,508.63,268.5714,162.7417,348.4575,152.9348,108.8516,199.3528,317.9253,775.07,356.83,1682.29
2011-08-09,531.1,281.536,176.0981,361.5617,157.8521,118.7642,211.1322,316.302,824.6,379.18,1711.23
2011-08-10,506.61,269.2197,163.5809,346.3841,154.6079,115.2181,204.1792,320.6189,796.98,360.43,1752.13
2011-08-11,528.67,281.379,173.8283,362.5364,161.1384,121.1701,214.1581,326.5304,839.28,379.45,1793.81
2011-08-12,531.37,284.7153,171.7476,365.3757,160.1492,120.9696,215.4987,326.7233,843.08,380.75,1817.36
2011-08-15,542.82,288.8101,177.3073,372.0783,165.715,124.8605,218.8025,330.7166,865.79,391.58,1828.89
2011-08-17,539.25,286.7034,174.9481,371.3764,166.5791,124.7607,216.096,334.387,848.85,383.62,1820.19
2011-08-23,525.48,279.9681,166.1941,369.7584,166.0005,120.044,207.4464,334.6326,821.24,374.22,1760.87
2011-08-24,532.04,284.5784,170.8863,374.0449,169.2895,121.6751,210.2127,331.785,832.77,379.07,1735.58
2011-08-25,524.82,279.0354,170.1073,367.6218,166.7246,119.3224,208.1648,332.2666,814.27,369.38,1739.48
2011-08-26,531.51,284.9543,171.8247,371.9031,166.5497,121.2018,212.5232,335.4496,835.92,377.96,1752.31
2011-08-29,545.11,293.1985,178.9854,381.4426,169.784,124.7564,218.8543,337.3186,868.7,395.23,1769.86
2011-08-30,545.77,294.364,177.6723,382.7991,169.7448,125.2415,220.6828,341.1561,872.39,397.05,1802.76
2011-09-01,541.98,292.3059,175.5566,382.4519,169.9351,125.2017,218.3554,340.8494,860.48,388.04,1812.47
2011-09-02,528.88,284.2514,168.5303,373.979,167.9869,122.2487,213.1237,338.2594,832.99,374.05,1810.36
2011-09-06,524.83,283.1032,165.5523,374.9165,167.0196,122.0517,211.7074,335.4199,827.58,373.24,1789.82
2011-09-09,519.54,278.8636,164.2105,368.5799,165.1103,121.5167,207.9538,334.442,823.36,369.26,1785.1
2011-09-14,533.76,290.1381,169.3236,376.8212,168.7103,123.0997,212.9467,334.3168,855.23,384.7,1753.84
2011-09-15,543.13,295.2099,173.6581,380.3897,170.9721,125.1964,216.5025,332.8049,866.39,389.79,1764.3
2011-09-16,546.43,298.1549,174.0035,382.1659,172.736,126.4013,217.2756,329.7535,866.09,389.64,1762.85
2011-09-20,540.81,296.2657,168.8117,382.101,174.2641,123.8892,211.9995,325.0448,843.22,376.95,1727.87
2011-09-23,512.53,282.378,157.4811,365.0325,169.8062,115.508,190.6633,302.0573,794.43,357.89,1546.08
2011-09-27,529.82,290.8171,165.0986,376.1879,171.6527,118.0088,200.5928,311.628,823.77,373.63,1570.43
2011-09-28,520.51,286.0209,160.2962,369.7014,170.0791,115.0381,191.5796,303.7654,796.05,359.05,1502.68
2011-09-30,513.37,275.5344,159.0532,367.7257,170.7663,113.2466,184.5464,298.3319,781.26,355.39,1467.17
2011-10-03,500.09,267.5813,151.846,356.0955,166.814,108.4745,179.7834,296.564,744.98,337.42,1389.4
2011-10-06,526.73,287.2402,165.1433,369.2896,168.7692,114.864,199.0441,304.9365,812.04,373.27,1480.19
2011-10-07,523.36,286.7378,159.0847,368.8066,169.4706,111.6882,196.0016,303.7025,799.18,363.75,1472.5
2011-10-11,541.31,297.7073,167.1533,376.7064,171.0472,115.3338,204.5036,310.6991,828.08,380.61,1511.13
2011-10-12,546.63,300.8589,171.6143,377.3652,170.8081,117.3498,206.5038,311.3359,839.89,386.75,1542.77
2011-10-13,544.92,300.3368,167.5328,377.1443,170.8534,116.1246,205.4256,311.1629,840.33,385.62,1532.63
2011-10-14,554.6,305.5225,169.9015,380.4599,172.32,119.1687,210.6656,317.3732,855.84,392.47,1557.61
2011-10-17,544.1,299.6422,164.224,374.0431,171.8745,116.0215,204.1402,314.7511,830.98,379.85,1541.49
2011-10-18,554.59,305.1291,172.3832,376.9914,173.0771,120.2804,209.1013,315.1053,852.58,389.98,1551.75
2011-10-20,549.83,302.0549,172.4885,376.0645,174.251,119.3744,204.7862,307.8689,842.57,384.2,1512.79
2011-10-21,558.47,310.5193,176.5723,383.0917,177.1164,123.4651,210.0075,311.2786,861.26,392.99,1532.91
2011-10-24,564.24,314.8741,180.4218,388.4248,176.3886,126.369,214.9108,318.77,886.22,405.9,1560.33
2011-10-25,553.95,307.8351,174.8675,380.7594,174.1849,124.2002,209.5087,320.1823,864.71,393.59,1565.45
2011-10-26,559.44,306.7424,178.2811,386.24,175.3279,125.701,213.5639,316.3429,875.31,400.66,1570.8
2011-10-27,577.3,314.8675,189.2708,394.822,179.0589,131.7105,224.9234,324.4692,912.99,421.21,1614.8
2011-10-28,577.38,312.8149,188.8591,395.9818,177.9271,132.5442,226.5257,323.2771,910.64,418.56,1629.89
2011-10-31,563.37,308.0648,181.5763,388.3338,176.7834,131.0569,217.029,320.0404,887.93,408.38,1614.9
2011-11-01,547.9,301.1636,173.0166,380.627,173.3005,126.3184,211.4662,315.4282,858.68,394.14,1588.88
2011-11-02,556.05,304.5997,177.8824,382.995,176.1563,128.7646,216.1649,316.2605,877.27,404.3,1622.04
2011-11-08,573.03,312.2589,182.9013,392.5353,179.2033,130.5599,224.4713,322.8155,906.84,416.33,1669.67
2011-11-09,553.05,300.94,172.945,381.6545,175.2872,124.3655,213.8207,318.6579,867.76,397.49,1621.0
2011-11-11,567.79,311.3654,177.7743,393.3822,178.8132,127.8789,220.9127,320.4028,892.06,412.08,1641.31
2011-11-14,562.72,309.2082,174.1613,390.7351,176.7225,124.9898,218.9515,318.1191,882.4,405.71,1638.52
2011-11-16,556.18,304.3157,170.5371,384.5848,174.7296,124.451,213.9903,322.7097,878.36,403.73,1633.22
2011-11-17,548.07,299.24,166.9717,380.1736,173.6971,121.9753,207.7688,314.7138,861.83,398.63,1599.21
2011-11-23,524.03,287.8438,157.4402,367.2357,167.9292,116.0584,198.0348,306.9199,815.91,375.98,1522.15
2011-11-25,522.27,286.7172,158.134,365.516,168.704,116.7947,197.1958,305.6455,812.43,371.31,1505.14
2011-11-28,537.21,295.4207,162.7934,375.4472,170.909,119.1712,204.359,308.1572,840.93,388.68,1512.69
2011-11-29,538.95,295.9334,161.8224,377.0638,172.8177,119.0004,204.7427,310.653,842.07,387.81,1505.01
2011-11-30,561.96,305.3886,172.4625,391.1378,177.5913,125.1535,216.8371,314.0234,883.79,410.48,1548.45
2011-12-01,561.13,305.4571,170.8191,391.4697,177.1787,123.647,215.5077,313.511,878.59,407.06,1548.14
2011-12-05,567.4,310.4489,176.7866,387.2469,176.7665,124.2256,216.0315,313.1987,892.95,414.54,1553.35
2011-12-07,570.31,311.2822,178.7296,391.4116,176.6209,125.5068,217.8121,310.2725,888.51,414.39,1539.21
2011-12-09,568.17,309.8044,176.0363,389.8365,176.454,125.3145,213.6696,306.6265,885.38,414.51,1533.9
2011-12-12,560.01,308.8701,171.4853,385.3162,174.7641,122.6154,208.9527,303.0543,870.24,408.4,1490.92
2011-12-13,556.38,302.7755,168.9587,384.7543,175.7088,121.355,205.3767,305.9714,853.45,401.05,1458.43
2011-12-14,550.35,299.1882,168.4478,383.9084,174.2914,122.1587,202.9559,295.4755,840.16,395.17,1405.93
2011-12-15,551.87,299.7153,168.454,388.2381,176.6361,123.8134,204.2521,294.6403,846.9,400.48,1404.93
2011-12-16,553.61,300.1097,169.3157,388.2861,176.0884,124.7666,205.6781,295.192,855.67,403.79,1426.11
2011-12-19,547.54,296.4435,165.3663,387.1124,174.6823,123.3549,201.7918,296.0064,840.77,397.17,1407.39
2011-12-28,566.96,307.008,173.5336,399.3317,182.7258,129.4925,209.4791,305.6904,871.34,413.29,1451.08
2011-12-30,570.79,308.5797,175.2326,401.9033,182.9776,130.1463,211.7123,305.4934,879.16,415.07,1484.66
2012-01-03,580.56,311.4747,180.0617,407.4738,179.8583,130.9665,217.9454,313.5757,887.91,421.55,1506.28
2012-01-05,582.36,315.9856,181.6094,406.1108,179.1394,129.936,219.9891,308.7392,891.66,421.51,1517.46
2012-01-09,581.88,316.5071,181.4893,407.2963,178.4472,129.0221,220.3128,311.7251,896.41,421.63,1527.48
2012-01-11,586.02,318.8256,186.8766,410.7906,177.9478,131.9279,226.4924,313.8114,910.24,428.7,1531.12
2012-01-12,587.0,319.8173,187.6695,411.6625,177.6038,131.1438,229.9005,310.0669,912.33,431.01,1540.5
2012-01-13,584.28,318.8677,186.163,410.0208,177.3477,131.6317,228.4546,307.9031,906.59,427.22,1536.03
2012-01-17,586.26,320.3528,184.7114,412.7499,177.4005,132.521,229.7052,311.0311,909.17,428.47,1537.72
2012-01-18,592.52,325.3474,187.7931,414.8259,177.3505,133.3387,232.3099,310.7162,923.86,435.5,1550.05
2012-01-19,594.93,328.3939,189.4206,414.8873,175.8553,134.0943,232.2987,312.1687,930.95,437.36,1554.2
2012-01-25,599.58,328.4687,191.3449,416.1196,178.2418,137.5458,235.2301,316.5798,943.81,443.82,1604.05
2012-01-26,596.62,328.2003,189.6247,414.3393,178.7853,138.3196,234.8152,317.6293,937.52,442.23,1614.77
2012-01-27,595.37,327.4688,190.3108,414.418,176.3883,138.5986,235.0657,318.0225,942.11,444.83,1628.92
2012-01-30,594.51,326.9118,188.4048,413.9658,175.5204,137.195,235.0311,314.1207,937.62,441.06,1623.51
2012-02-01,598.02,327.6586,192.3083,417.8141,176.9455,138.8721,237.5798,311.7396,954.47,451.62,1637.31
2012-02-02,598.54,327.3557,193.194,416.101,176.3698,139.0107,236.4511,311.1131,955.74,453.83,1660.57
2012-02-03,606.89,333.8867,198.3613,418.3613,176.7942,141.0295,239.6956,314.4277,971.25,463.56,1665.11
2012-02-06,607.83,333.4191,197.4075,416.6446,176.1307,140.3063,238.5647,314.4175,970.23,461.53,1664.22
2012-02-07,608.93,334.7774,197.2333,417.839,177.3416,140.2241,237.8872,315.2101,972.09,460.95,1663.33
2012-02-08,610.38,335.5759,198.7529,417.3216,177.292,140.4369,238.3639,314.9869,973.21,461.81,1665.74
2012-02-09,611.1,336.205,197.9785,415.5019,176.8696,139.4802,238.6857,315.7136,975.21,459.51,1664.82
2012-02-10,607.12,334.6132,195.9974,414.3095,176.6375,138.1466,234.504,312.353,964.49,453.0,1653.55
2012-02-13,611.54,337.0464,197.8636,416.8565,176.0982,139.6869,234.9668,314.2752,974.15,459.02,1649.36
2012-02-14,610.82,336.7489,195.7725,418.2015,176.3984,137.99,232.0345,314.1724,973.6,456.85,1630.03
2012-02-15,606.73,335.0812,194.6261,417.2478,175.352,137.2035,232.0342,315.1726,970.6,453.06,1633.58
2012-02-17,615.06,339.6834,199.0121,418.4392,177.1145,138.5276,236.3282,317.6094,984.6,461.77,1658.15
2012-02-21,616.75,338.624,198.7818,415.7123,176.6663,136.7596,237.6411,322.6799,980.83,458.96,1678.63
2012-02-22,614.53,337.3346,196.2479,415.7758,176.9809,135.7112,237.0002,323.0946,976.46,455.5,1684.95
2012-02-23,616.69,339.0369,198.136,416.0085,176.6255,137.3571,237.3058,323.6295,985.01,461.71,1694.13
2012-02-24,617.67,338.8205,197.2569,417.5632,177.4672,137.4916,237.2853,326.1479,985.36,459.76,1689.52
2012-02-28,621.92,342.1151,199.2745,420.0622,176.4728,136.0489,237.9792,323.3609,983.41,457.69,1693.19
2012-03-01,623.16,343.8636,200.8099,419.7907,176.65,136.612,236.4067,324.5621,985.24,453.67,1688.43
2012-03-02,621.72,343.4713,199.9425,419.049,176.6704,136.6418,235.6236,321.4111,977.05,446.23,1678.9
2012-03-05,619.51,343.2072,199.0861,418.348,177.0032,137.5156,231.8473,319.6901,973.44,447.21,1655.8
2012-03-06,610.56,338.0663,194.19,412.4933,176.1565,135.4597,226.8539,314.6858,954.86,438.5,1604.87
2012-03-07,614.43,341.3438,196.7246,413.9533,176.1112,136.1063,227.6716,314.475,964.02,442.8,1621.67
2012-03-08,619.95,344.8813,198.6583,419.0216,176.7193,135.7302,231.4115,316.2785,975.77,447.96,1634.34
2012-03-09,621.3,346.7508,200.2208,420.7627,177.5578,136.4719,231.5177,317.8514,984.81,453.69,1649.81
2012-03-12,622.22,345.8562,199.6037,420.4947,179.5211,137.3328,230.1366,316.2271,980.71,453.27,1636.1
2012-03-13,633.89,351.1433,207.4175,426.3322,179.8555,140.2588,234.032,318.3137,999.9,462.85,1627.37
2012-03-14,633.86,350.8958,207.4588,426.2517,177.3096,140.0196,232.9593,315.4102,992.59,458.85,1594.35
2012-03-15,637.31,352.1655,211.3479,427.0322,177.1454,140.125,234.7187,316.1483,1001.65,463.3,1601.52
2012-03-19,641.11,352.5393,213.2305,426.8387,175.8001,142.0711,236.6609,319.6716,1003.08,465.97,1598.78
2012-03-20,639.89,353.1373,214.0061,424.9124,175.9957,141.5582,235.3435,315.7781,996.08,461.5,1570.7
2012-03-21,637.9,353.5632,213.0791,424.4063,175.7184,141.1819,235.2932,316.2295,995.53,461.69,1577.6
2012-03-22,633.77,352.7799,210.1545,423.2562,175.7969,139.4053,231.652,312.517,984.93,457.42,1540.75
2012-03-26,644.38,358.908,215.3667,431.4996,177.1659,141.3238,237.1358,315.2648,1005.22,471.29,1581.39
2012-03-27,642.41,358.1668,213.2558,432.7287,177.9342,141.2768,236.6542,315.6863,1001.46,468.08,1575.06
2012-03-28,639.98,355.1151,214.0043,431.5652,176.4428,140.7747,233.0532,311.7248,995.83,465.81,1550.25
2012-03-29,638.47,355.0995,211.7129,432.5346,177.1004,140.743,233.1765,306.1891,994.67,464.64,1549.76
2012-03-30,640.68,356.546,212.8402,435.7561,178.0688,142.0895,234.1429,308.7078,994.3,463.45,1566.39
2012-04-02,645.29,357.5476,214.5111,437.4178,178.814,142.9762,237.3782,312.5011,999.19,469.42,1569.79
2012-04-04,636.19,353.5657,209.6289,434.2148,178.6282,140.4098,232.0627,305.2087,987.96,458.9,1499.14
2012-04-05,635.84,356.0292,209.176,434.4086,177.305,139.9721,230.7655,306.7366,984.28,457.74,1481.04
2012-04-09,629.27,352.5405,205.8146,428.738,176.344,138.3685,227.247,305.0784,971.31,449.66,1448.65
2012-04-10,619.14,343.9533,201.432,423.8505,173.9999,135.5318,222.5005,300.7013,948.43,439.21,1431.1
2012-04-13,622.64,352.288,203.3837,423.3913,174.3228,138.5063,228.3051,303.1074,964.41,446.1,1459.93
2012-04-16,622.27,350.9894,205.2275,423.457,176.0362,140.5276,229.0861,301.0192,965.54,447.65,1432.45
2012-04-17,632.41,354.8208,208.1033,429.5031,177.169,141.8215,232.5647,302.2953,981.43,454.75,1422.3
2012-04-18,629.83,355.353,206.3667,428.4117,176.6679,140.7735,231.7587,299.4094,977.87,450.59,1411.82
2012-04-19,625.29,352.3062,205.4511,429.1757,176.1428,140.6813,231.0475,299.5516,973.82,447.83,1396.77
2012-04-20,626.1,352.9737,204.3957,431.4323,177.9639,142.3043,231.2183,301.454,976.35,450.38,1397.95
2012-04-23,621.42,349.1357,202.8308,428.0749,176.9364,140.3367,227.9837,300.661,965.45,443.29,1371.03
2012-04-24,624.15,347.9426,205.1352,429.6724,178.3193,142.6205,227.9199,301.5546,968.21,446.42,1365.77
2012-04-25,632.86,353.8416,207.0734,434.1773,179.2211,144.2754,233.0879,302.345,985.2,453.86,1371.12
2012-04-27,637.99,362.7272,208.7342,434.5817,180.9235,145.6452,233.4784,305.7808,999.4,462.02,1412.76
2012-04-30,635.45,360.9568,207.5309,434.2566,181.2345,145.525,231.7518,306.2158,991.31,457.32,1424.04
2012-05-01,638.84,362.8755,209.898,435.5493,182.0974,146.9525,232.9975,308.2188,995.11,457.47,1431.68
2012-05-02,637.27,364.8426,207.8867,435.0933,181.0336,146.6793,231.6335,304.3547,997.03,459.88,1431.21
2012-05-03,632.97,362.23,206.1238,433.418,180.0287,145.8392,229.0777,301.7256,980.55,453.5,1416.54
2012-05-04,622.73,355.0624,202.7447,427.8306,180.3075,144.3617,225.3183,297.4185,965.3,445.37,1405.05
2012-05-07,623.36,354.9713,204.131,428.6571,179.8719,145.6129,225.3412,297.7299,968.97,446.37,1397.42
2012-05-08,620.94,350.5507,202.7247,429.2865,180.1969,145.2628,224.1827,295.4012,967.08,446.09,1338.37
2012-05-09,616.13,348.9206,200.3926,425.2541,180.0696,144.5934,222.3988,295.0972,962.85,444.02,1345.69
2012-05-11,615.34,349.8509,199.101,427.9395,181.9274,145.2009,220.879,292.0654,964.52,444.72,1346.33
2012-05-14,608.6,344.8054,194.9521,426.114,181.4064,143.3619,217.7464,288.7125,953.21,438.94,1303.83
2012-05-15,605.32,344.034,193.8598,423.8564,180.388,142.6733,214.4166,289.406,948.98,439.23,1240.07
2012-05-16,603.5,343.7426,191.0537,424.6509,180.307,140.6107,211.9208,289.6213,940.9,435.94,1217.74
2012-05-18,591.61,332.3088,185.1035,417.0598,179.103,135.5747,206.3832,290.7012,905.28,423.1,1227.88
2012-05-23,600.55,340.698,188.9559,417.7068,179.3413,139.2598,213.5635,281.703,933.32,430.33,1256.48
2012-05-24,601.4,342.3688,189.1382,421.0188,180.3173,139.8292,215.3229,282.1886,936.08,430.55,1282.47
2012-05-25,599.18,341.9684,188.4217,420.4774,180.6954,139.2365,214.3501,282.2129,934.56,430.95,1309.27
2012-05-29,605.65,346.4297,191.0594,421.9923,181.4192,141.3701,218.0019,280.0108,946.3,436.8,1309.34
2012-05-30,598.17,340.8866,186.8355,418.8806,179.9323,138.0237,214.2555,275.3112,927.95,428.42,1289.43
2012-06-05,586.4,332.0453,182.4635,413.5173,181.602,136.783,210.8027,270.6448,902.67,418.93,1285.57
2012-06-06,600.13,339.6024,187.8713,419.2217,183.8438,140.0016,216.1311,274.0422,922.49,429.28,1302.64
2012-06-07,600.6,339.1588,187.4316,419.3328,185.1331,139.3669,216.5365,274.2784,918.06,426.38,1296.08
2012-06-08,605.62,342.1999,189.7456,422.4389,185.8096,141.1752,218.1226,273.1514,925.98,431.02,1292.93
2012-06-11,598.73,336.8701,186.1137,418.7472,185.363,138.4398,214.1377,271.019,907.24,420.49,1276.71
2012-06-13,602.44,335.5966,188.3195,421.7566,185.6348,138.953,214.7603,269.5532,903.95,420.07,1243.88
2012-06-14,609.0,340.25,190.6908,427.4925,187.1434,140.8555,216.3351,272.3253,910.78,425.22,1252.33
2012-06-15,614.84,343.5273,193.353,430.1186,187.9574,141.8638,219.1067,272.5025,920.26,430.25,1251.02
2012-06-18,615.29,345.8736,192.2445,432.1092,188.627,142.969,220.106,273.8924,928.02,430.74,1259.75
2012-06-19,620.91,349.0891,195.5438,436.287,188.267,143.6154,224.3983,277.4857,938.05,438.53,1264.38
2012-06-20,620.24,348.8008,195.9537,435.2652,186.2043,143.4609,223.3144,273.1875,936.55,436.98,1254.57
2012-06-21,607.42,341.0184,191.4589,429.173,184.2613,140.8767,215.9849,267.4261,910.94,425.83,1217.35
2012-06-22,611.73,342.6782,193.1873,433.6451,184.4803,140.9123,216.8813,268.2432,916.14,431.3,1206.03
2012-06-25,602.09,337.3986,189.1892,428.4236,183.8988,140.097,214.2858,271.1792,899.43,424.59,1175.65
2012-06-26,605.08,341.3605,190.2709,429.6933,184.3857,140.9906,214.5489,273.0342,905.2,426.32,1168.96
2012-06-27,610.8,341.158,192.605,434.2152,186.3566,141.7221,216.4762,275.4814,913.16,432.0,1171.43
2012-06-28,609.05,339.5168,192.3151,432.7644,186.7604,143.0089,216.6185,272.0899,915.74,432.47,1164.47
2012-06-29,623.82,345.8088,197.3724,440.7583,187.8001,146.6756,222.9399,284.4831,941.64,445.44,1190.99
2012-07-05,625.55,347.5374,196.3682,439.2393,187.6438,147.5774,224.6893,293.5676,959.13,454.3,1226.45
2012-07-06,620.2,346.1687,194.9174,436.0861,186.9644,147.893,222.0732,287.2245,947.27,448.71,1211.35
2012-07-09,620.19,344.3198,194.55,438.8419,186.3836,148.3652,220.4978,293.0069,944.38,448.0,1211.98
2012-07-10,615.76,342.3866,193.1236,436.1628,186.8131,146.2536,217.3035,288.9508,934.32,443.09,1199.36
2012-07-11,615.77,340.5249,194.7063,435.6656,187.8253,147.127,216.6404,291.0947,931.41,441.55,1192.79
2012-07-13,622.83,344.7638,198.073,441.733,189.8023,149.7785,219.2184,294.2748,942.68,447.38,1186.96
2012-07-16,621.83,342.7719,197.4603,442.2922,189.4482,150.1329,218.4071,296.3006,937.24,445.18,1183.35
2012-07-17,626.39,346.1483,198.9675,448.1471,189.9725,151.5997,221.0936,295.963,942.48,446.26,1176.75
2012-07-18,630.26,347.8375,197.8284,449.0449,190.7163,150.2305,222.3407,299.4085,949.47,449.85,1182.34
2012-07-20,626.57,345.8725,193.4211,442.6299,191.353,148.3903,223.2667,304.8984,939.71,443.63,1196.19
2012-07-23,621.74,341.2369,191.94,437.9947,189.9877,147.3697,219.9163,299.21,927.81,437.06,1174.16
2012-07-27,637.17,350.0015,198.8805,449.9943,193.3391,150.3909,221.4201,299.9271,949.15,446.32,1190.64
2012-07-30,637.36,348.7786,198.1869,447.7053,194.1662,150.6214,221.3825,302.8394,946.69,443.53,1184.36
2012-07-31,635.74,344.6408,197.4352,444.8666,192.5133,150.4236,219.9653,299.8427,940.48,441.72,1183.08
2012-08-01,634.28,342.8057,196.5624,444.4164,191.1717,150.1459,219.8948,299.5598,931.75,433.49,1189.63
2012-08-02,629.43,343.5405,194.8008,440.189,189.7656,150.2731,217.2135,294.8274,926.19,433.06,1173.63
2012-08-03,640.64,350.3455,199.785,445.6714,191.9399,151.6329,221.2834,301.0279,944.68,444.17,1186.95
2012-08-07,644.25,354.8049,201.1715,444.8086,189.5228,149.2129,226.0416,304.2117,958.75,450.9,1190.56
2012-08-08,644.61,353.2258,200.9603,446.2322,189.5553,147.8255,226.4331,304.6619,959.26,451.32,1185.68
2012-08-09,644.66,352.849,200.826,445.9142,189.6593,147.2662,227.5703,305.1597,961.37,452.14,1193.05
2012-08-10,646.22,352.9315,200.9609,447.9207,190.277,147.5502,227.5382,302.1599,961.96,451.65,1191.0
2012-08-13,645.58,352.8234,200.9585,446.3376,189.4736,147.4718,225.8199,299.3414,959.83,450.1,1197.37
2012-08-14,645.96,353.4105,200.8437,447.6227,189.4369,147.4355,224.6599,300.663,958.09,448.48,1197.01
2012-08-15,646.13,354.7216,201.4871,448.8517,188.3932,147.8772,225.2796,302.0621,964.05,452.76,1206.62
2012-08-17,651.58,359.283,203.4189,445.0333,187.4537,149.1993,228.1643,303.836,977.85,461.19,1233.42
2012-08-20,652.23,357.5603,203.9798,446.1422,187.6325,148.6913,227.9473,305.1189,974.24,459.46,1229.34
2012-08-21,649.56,356.9401,204.4739,444.6915,186.3618,148.571,227.905,307.9953,975.85,459.06,1239.32
2012-08-22,649.9,357.8765,204.1657,444.7331,185.9848,148.4653,230.1164,308.379,973.92,457.58,1245.66
2012-08-24,649.04,358.3811,203.4192,447.8135,184.9213,147.9696,225.953,306.407,970.16,455.93,1251.88
2012-08-27,649.0,357.8518,203.27,447.7985,185.2496,148.4313,224.5096,306.2519,969.35,456.48,1246.82
2012-08-28,648.51,358.3711,202.9499,447.1144,184.8737,148.6698,223.9595,307.2739,973.31,458.78,1241.88
2012-08-29,648.64,360.0963,203.3683,448.6432,184.2333,148.675,224.7666,307.4867,974.53,460.91,1229.16
2012-08-30,643.25,358.0504,202.2355,447.025,183.4461,148.5051,222.5177,306.8759,966.66,456.35,1217.96
2012-08-31,646.41,359.1246,203.3935,448.2288,183.2696,149.1389,224.8952,309.9594,971.55,457.91,1240.74
2012-09-04,645.55,358.4776,203.6092,449.4093,183.8052,149.9132,221.5877,309.1904,982.34,463.26,1242.58
2012-09-10,656.12,368.2867,208.8281,454.9493,184.1824,149.723,232.2777,313.6261,1000.44,472.8,1270.71
2012-09-11,658.02,368.3285,210.5587,454.9994,183.6157,150.5573,233.1164,315.2932,1001.67,474.25,1274.6
2012-09-12,659.33,369.5908,211.5335,455.1212,182.6461,151.2039,232.7267,316.0953,1005.1,475.28,1282.65
2012-09-13,670.93,374.8611,216.9831,459.8334,185.2791,153.7559,238.6892,317.8478,1015.35,481.13,1302.89
2012-09-14,672.82,376.475,218.784,458.0797,183.8771,154.0865,241.5836,321.325,1026.85,485.66,1318.11
2012-09-17,671.87,374.8061,216.4641,460.428,182.8185,153.7553,238.0085,314.8578,1015.75,482.06,1317.16
2012-09-19,672.38,376.7957,215.3268,462.4281,182.3996,151.1889,238.7039,308.8005,1012.7,479.05,1343.52
2012-09-20,672.65,376.4765,214.1057,464.3274,183.0688,149.233,238.3479,307.322,1006.06,476.53,1334.89
2012-09-21,672.27,376.2648,213.49,466.473,183.1811,149.2594,237.4391,309.3718,1006.04,478.1,1345.72
2012-09-24,670.94,374.93,213.4826,467.207,185.0045,149.1146,236.3642,306.3237,1003.61,475.94,1333.46
2012-09-26,660.9,368.1343,208.701,464.5128,184.8399,146.5961,231.472,304.1328,981.35,465.9,1306.86
2012-09-27,667.3,371.8929,210.8693,467.3272,184.0231,147.4584,234.2553,307.7198,992.14,471.36,1322.31
2012-09-28,663.8,370.2602,210.0741,465.2873,184.8946,147.2121,232.8828,309.696,989.02,468.0,1334.51
2012-10-01,665.86,370.2361,211.051,468.0489,184.1217,146.2414,233.611,311.665,984.19,469.93,1338.7
2012-10-02,666.04,369.3315,211.5739,470.3388,184.9054,147.2745,232.334,311.893,987.57,469.81,1331.78
2012-10-03,668.69,372.3266,213.2103,473.5703,185.9323,148.0021,231.2285,306.9821,987.81,468.29,1325.22
2012-10-04,673.19,375.5523,216.3546,476.6589,187.0575,147.4795,234.1213,310.8582,996.14,471.07,1340.85
2012-10-05,672.57,376.7893,216.4292,477.3551,186.6973,148.1059,235.1834,308.0218,996.36,470.26,1344.98
2012-10-10,659.24,367.4703,214.6328,467.4244,186.2501,147.4963,230.1154,307.4152,978.3,461.2,1302.15
2012-10-12,656.89,365.7787,212.7775,467.1704,185.3253,146.8037,229.7449,306.9509,975.61,458.26,1292.81
2012-10-15,662.23,369.6377,215.3357,473.6898,186.3137,148.7233,231.7045,304.9543,983.85,461.16,1282.73
2012-10-16,668.7,372.7551,216.7537,478.6487,186.8695,149.2584,237.2047,306.6049,994.19,464.88,1299.78
2012-10-17,671.17,375.0012,219.3773,478.5372,189.2097,148.9538,239.226,308.2194,1001.8,468.88,1304.0
2012-10-18,668.47,375.0618,219.7461,478.4937,190.0112,150.9061,239.3733,309.163,1001.24,466.57,1312.34
2012-10-19,657.11,368.7317,216.9298,470.6261,188.7237,149.3761,234.5815,306.4651,987.4,458.8,1315.62
2012-10-22,657.67,367.2088,216.8763,470.6703,187.9999,148.8113,235.4335,303.9195,985.47,458.37,1308.41
2012-10-23,646.92,364.2242,213.3327,464.0858,186.295,147.3262,228.3274,300.2849,979.0,456.4,1289.5
2012-10-26,646.78,363.0526,212.5839,466.692,185.8799,145.8902,228.0172,297.2477,974.74,454.44,1300.84
2012-10-31,646.52,364.2276,213.8761,463.3066,187.4441,147.4274,227.6427,296.253,980.45,458.15,1314.48
2012-11-02,646.88,368.1349,215.1816,464.3215,183.9769,148.4076,227.519,292.6987,987.8,457.34,1310.03
2012-11-05,648.1,369.2352,214.8675,465.0302,180.9221,147.3124,229.2067,292.721,993.38,460.32,1301.93
2012-11-06,653.24,371.3704,217.4646,465.8802,180.8915,148.0559,231.633,297.5898,1002.91,465.1,1303.14
2012-11-07,636.27,366.7974,209.7961,457.0155,176.9636,148.0093,228.0175,291.9021,981.31,453.91,1290.71
2012-11-08,628.56,360.916,208.0239,451.7333,176.7014,146.062,224.8526,292.2759,968.45,447.62,1298.68
2012-11-09,630.03,359.5001,208.5007,453.3519,175.4821,145.8085,224.4948,292.6272,969.82,447.74,1300.92
2012-11-12,630.2,359.5527,208.594,455.3561,173.9358,145.642,224.3131,292.5677,968.82,447.07,1305.46
2012-11-13,627.02,360.4058,207.1904,453.3978,174.5367,145.5576,223.4952,292.571,966.28,444.66,1286.89
2012-11-14,618.14,354.968,203.4612,448.1092,172.9847,142.724,219.7048,294.3432,949.7,436.74,1258.69
2012-11-15,616.63,354.6954,204.0319,447.0022,171.802,141.774,218.7808,293.2584,945.96,434.15,1222.7
2012-11-16,619.03,357.1598,205.2767,450.2115,173.6831,142.9035,219.3911,293.9839,952.93,437.45,1235.34
2012-11-19,632.47,364.8009,209.1305,454.9086,173.6572,144.5773,225.6763,298.7797,971.49,446.65,1249.96
2012-11-20,632.69,366.6746,210.217,457.3526,173.2592,145.199,225.7867,296.9346,974.86,447.64,1242.3
2012-11-21,634.42,367.9262,210.3333,457.537,172.5705,144.9331,225.9776,298.0186,978.6,449.43,1242.66
2012-11-23,643.05,372.7332,212.9209,462.3533,172.1188,146.3316,229.2125,299.5015,989.89,454.28,1258.97
2012-11-26,642.33,371.0348,211.9747,460.1811,174.343,146.2626,229.1423,298.1755,988.48,455.97,1225.75
2012-11-27,638.46,369.4069,209.9944,457.5027,174.7547,145.3967,228.2795,298.2048,986.23,455.75,1206.17
2012-11-28,643.67,374.1159,210.99,461.1451,175.3457,145.2044,229.2364,297.1376,993.12,458.52,1205.37
2012-11-29,646.4,375.018,211.9452,464.0597,176.3459,145.9245,230.6151,299.7832,999.77,463.49,1218.38
2012-11-30,646.39,375.1517,211.5964,464.7185,178.0973,146.3422,230.9543,299.4176,1000.15,462.15,1220.9
2012-12-03,643.37,373.1636,210.8215,463.6264,176.9772,146.6092,226.7151,300.6996,997.15,461.82,1208.0
2012-12-04,641.91,371.7555,210.1933,464.514,176.0489,146.6541,226.8549,297.6668,997.68,462.84,1192.86
2012-12-05,642.09,370.5202,212.878,466.1899,178.8147,145.9982,224.1099,298.3828,999.61,461.54,1184.54
2012-12-06,644.39,372.6637,213.5027,466.1374,178.4733,147.7544,224.6738,296.3469,1001.61,462.01,1186.7
2012-12-07,645.82,373.733,215.1662,467.4464,178.5597,148.4639,226.5283,295.1345,1002.71,462.14,1186.06
2012-12-10,645.66,371.6704,214.5373,469.2394,178.6088,148.3003,228.0457,293.6553,1007.62,463.87,1186.74
2012-12-11,650.29,372.6759,215.5522,474.1395,178.9464,148.6708,229.7375,294.281,1012.94,468.14,1183.93
2012-12-13,646.27,370.6901,215.2817,468.9617,177.9682,147.2143,228.2289,293.1357,1003.86,462.36,1174.01
2012-12-20,655.36,378.3606,223.9203,469.9871,180.5702,151.5959,236.2754,294.9357,1030.15,477.7,1180.5
2012-12-21,648.96,374.5438,221.3563,466.2113,179.6126,150.9155,234.3538,294.5768,1022.36,475.73,1177.71
2012-12-24,646.99,375.2565,221.1166,464.7537,178.9965,151.3644,235.4606,293.503,1020.35,474.17,1185.6
2012-12-27,643.58,371.9651,220.0126,462.2566,176.9653,150.688,235.9482,295.9992,1011.51,470.35,1196.75
2012-12-28,636.17,368.6696,218.221,457.3883,175.2178,149.3278,232.9283,295.2255,1004.33,467.41,1201.84
2012-12-31,646.61,376.0574,221.2434,462.9489,177.6612,151.2589,237.6224,295.4579,1020.43,476.57,1221.3
2013-01-02,663.87,384.2302,227.614,471.5333,180.885,153.3483,243.2109,297.9935,1046.32,489.28,1239.84
2013-01-03,662.33,385.0183,227.2273,472.0866,180.884,152.9028,241.5546,296.1057,1048.21,489.17,1226.17
2013-01-04,664.69,386.3403,230.0878,474.2352,181.8644,153.6307,244.3914,294.5861,1056.07,492.62,1228.22
2013-01-07,663.09,385.2832,229.3373,475.8677,179.7831,153.9247,243.8969,295.6874,1053.25,490.29,1223.89
2013-01-08,661.14,384.2928,228.7437,475.85,179.4464,153.7726,244.3379,295.0614,1050.41,488.98,1225.38
2013-01-09,662.24,384.9591,228.2941,480.9753,179.0459,154.3835,245.8867,294.4304,1056.45,491.43,1229.11
2013-01-10,667.59,387.069,231.4409,484.5814,179.8853,154.9325,246.8776,296.9923,1058.01,492.25,1240.08
2013-01-11,667.88,387.6327,230.651,483.5247,180.0075,154.9158,246.4214,297.1187,1057.91,492.06,1240.25
2013-01-14,666.35,388.485,230.0611,484.5849,179.7466,155.0351,246.6376,298.5867,1059.15,491.51,1229.53
2013-01-16,666.92,390.327,231.253,483.1465,179.4007,155.2578,245.3082,298.6624,1062.13,492.77,1230.2
2013-01-17,669.33,394.5235,231.006,487.1212,180.101,155.7271,247.0897,300.8048,1071.07,498.11,1233.15
2013-01-18,671.37,395.2189,231.3503,488.9192,181.6453,156.4389,248.4623,301.6679,1073.93,500.06,1235.32
2013-01-22,673.58,396.0843,233.4315,490.3048,183.1343,157.1819,250.7003,301.9754,1081.97,503.88,1241.07
2013-01-23,675.77,396.4094,233.3445,489.5365,182.5755,157.3777,249.605,301.0722,1082.24,502.2,1241.53
2013-01-24,673.97,399.2679,234.4357,492.8423,183.4519,157.9482,250.2039,300.8973,1087.06,505.9,1229.46
2013-01-25,677.15,403.3654,235.5389,496.5777,184.4613,158.6325,251.1437,299.7861,1096.7,508.47,1227.24
2013-01-28,676.19,401.5255,234.4864,494.6708,184.1423,158.2823,248.6637,300.6655,1094.99,507.83,1217.88
2013-01-29,679.84,400.0524,235.4831,500.1752,185.5543,158.6588,250.1108,302.3144,1095.35,508.25,1231.92
2013-01-30,677.1,399.3476,234.4295,498.2696,185.6088,156.7749,248.7238,305.2382,1089.07,502.16,1222.35
2013-01-31,674.89,397.2684,234.0186,496.5355,186.037,155.403,246.5515,304.4723,1093.4,503.84,1221.71
2013-02-01,681.74,399.6192,237.2754,500.6541,186.4077,156.0839,249.5183,305.5598,1101.59,509.43,1228.66
2013-02-04,673.77,394.8017,234.2038,494.9191,185.1895,155.8124,247.0175,303.4003,1091.27,503.06,1216.5
2013-02-05,681.16,399.0944,236.875,500.8142,185.5486,155.8048,248.3377,304.6241,1099.3,507.76,1215.27
2013-02-07,679.68,398.7379,236.3286,498.7526,186.2646,155.3549,247.2632,301.4324,1102.62,509.19,1206.11
2013-02-08,683.04,401.8697,237.1775,502.209,186.2399,157.0282,248.7842,301.5484,1109.09,512.24,1205.81
2013-02-11,682.75,400.6607,238.0445,501.228,186.6009,157.2944,248.2487,301.1916,1107.05,511.69,1196.2
2013-02-12,683.6,402.1628,239.8374,500.4814,187.3462,157.9501,248.6539,301.1158,1111.72,513.94,1198.94
2013-02-13,684.02,403.0191,239.2865,500.1719,186.9419,157.4224,249.2992,301.0469,1114.61,515.6,1204.28
2013-02-14,684.94,403.0493,240.0327,501.1092,185.2545,156.7092,248.2812,300.1609,1117.12,517.23,1196.56
2013-02-15,683.97,403.529,239.261,502.2273,185.7646,157.1636,248.0834,298.9366,1115.75,516.43,1185.65
2013-02-19,689.26,405.3149,241.3135,505.5059,187.4589,158.0254,247.0281,298.8696,1123.74,521.94,1171.8
2013-02-20,681.95,398.9714,237.8586,502.1463,187.0415,156.7524,240.0272,297.078,1104.1,511.9,1131.17
2013-02-21,678.36,395.5475,235.7717,499.9831,186.1924,155.4934,237.7892,293.6151,1093.27,507.61,1133.97
2013-02-22,683.62,397.8374,238.6739,501.7923,188.1589,157.2223,240.7579,294.0048,1103.7,512.53,1144.68
2013-02-25,671.75,391.3287,232.2602,495.7371,186.1964,154.1047,235.3581,294.2979,1081.68,501.34,1141.0
2013-02-26,675.9,395.1631,233.382,497.086,186.8305,155.2986,237.923,293.7114,1088.15,503.67,1131.91
2013-02-28,682.53,401.1648,236.671,502.1045,188.9987,156.2555,242.2711,293.4342,1102.64,510.43,1133.36
2013-03-01,683.65,403.5459,237.4025,505.8571,189.425,157.0365,242.4982,290.8405,1098.15,512.4,1120.09
2013-03-04,686.52,407.3828,239.4196,508.8976,191.2221,158.3908,242.737,291.2093,1101.96,511.74,1097.17
2013-03-05,693.27,411.4938,241.4249,513.4606,192.303,159.4273,244.2552,292.0737,1116.67,517.3,1112.23
2013-03-06,694.15,411.1644,243.0431,514.2702,192.0293,158.4704,246.4206,290.3249,1118.67,519.05,1109.74
2013-03-07,695.82,411.7818,244.6423,513.6548,191.1925,157.38,247.0803,293.2217,1121.49,521.48,1116.23
2013-03-08,698.27,416.3134,245.4554,514.9546,191.6409,157.2701,249.1669,294.8797,1131.25,525.72,1117.85
2013-03-11,700.76,417.3751,247.3095,517.3982,192.1942,157.7376,250.1677,295.2284,1132.26,525.48,1116.27
2013-03-12,698.31,415.9368,245.754,519.4897,191.521,157.0166,250.4383,296.1994,1131.13,523.48,1119.15
2013-03-13,698.62,418.0474,246.6063,519.2405,192.2583,157.1,249.8554,295.3079,1135.18,526.08,1115.36
2013-03-14,702.72,418.6791,248.1031,520.1971,192.6946,158.062,251.467,296.7619,1143.51,531.67,1112.61
2013-03-15,701.75,416.9268,248.769,518.4917,193.9258,157.7158,251.6474,296.9445,1141.83,531.73,1117.15
2013-03-18,698.0,413.9056,246.4002,515.4566,192.8193,156.6902,249.8281,294.9517,1137.68,528.58,1111.78
2013-03-19,696.91,410.8666,245.0992,515.4872,193.268,155.8299,248.8412,293.6394,1134.81,527.16,1106.51
2013-03-20,700.56,415.5993,246.5282,519.9839,194.691,156.8525,250.6193,295.4485,1145.88,531.64,1105.97
2013-03-21,694.81,412.1857,243.8517,517.1757,193.7369,156.2815,246.554,294.5623,1135.91,527.21,1102.98
2013-03-22,700.57,417.0045,245.1307,520.9684,194.1096,157.2982,246.7344,295.2044,1139.67,528.62,1106.35
2013-03-25,698.29,416.2591,244.417,519.2692,193.6286,157.2341,244.9117,295.2156,1136.91,528.33,1103.35
2013-03-26,703.74,418.5084,245.9699,525.6608,195.4731,158.2455,246.3111,297.2346,1143.98,530.95,1096.03
2013-03-27,702.92,418.7319,244.836,528.2352,196.2428,158.5072,246.249,298.6903,1145.97,530.65,1097.79
2013-03-28,704.57,420.2655,245.4115,533.4234,198.6947,159.2929,247.5241,296.9078,1153.68,531.38,1099.0
2013-04-01,702.17,417.03,244.233,534.5036,198.2954,159.765,245.1397,295.1081,1142.27,524.78,1089.56
2013-04-02,707.05,420.5867,245.7725,542.0617,199.0225,160.7384,242.8595,294.0387,1137.69,522.25,1069.1
2013-04-03,700.55,416.3147,241.4897,538.7554,198.4482,160.0546,240.6048,290.2744,1119.34,514.45,1038.62
2013-04-04,702.97,418.7099,243.6736,540.917,200.2548,162.634,242.5519,288.981,1125.57,518.71,1026.72
2013-04-08,703.1,421.4964,245.4667,538.3982,202.7278,164.9117,242.4111,289.6943,1133.39,522.18,1041.39
2013-04-09,705.99,420.4715,246.4372,540.2642,202.0612,164.9802,245.0961,291.5088,1133.72,519.71,1054.77
2013-04-11,716.94,428.9482,250.1064,554.4653,204.2092,167.393,247.684,290.4553,1153.42,529.02,1048.54
2013-04-12,715.38,431.0312,249.0435,555.2043,204.846,167.6509,244.0976,287.7214,1149.23,526.64,1022.61
2013-04-15,700.65,419.9678,243.5201,544.8904,201.9627,164.2564,234.675,281.4283,1111.71,508.24,958.26
2013-04-16,710.1,425.8269,247.4456,552.9516,204.3285,167.0031,239.0246,283.7328,1130.04,516.66,960.0
2013-04-17,700.19,421.7349,242.7174,550.6098,203.2466,165.134,235.5581,281.3772,1111.62,508.05,923.6
2013-04-18,695.1,416.7554,240.2131,543.7664,203.9859,164.8261,234.9213,283.4047,1104.79,504.7,932.94
2013-04-19,700.82,421.9527,243.61,551.9671,206.9399,167.4313,237.6507,283.6908,1121.3,510.86,939.07
2013-04-22,704.45,423.7758,243.8339,554.9691,206.8066,167.1731,239.9564,283.3031,1124.44,511.5,944.35
2013-04-23,711.89,428.0827,248.2252,558.3479,207.3158,168.3168,242.0108,281.4975,1137.04,519.56,940.95
2013-04-24,710.37,428.1873,249.923,548.8773,207.9483,168.8602,245.7226,283.4067,1140.25,522.89,951.7
2013-04-25,712.37,431.9182,251.1814,550.9588,208.1251,168.5785,248.2888,287.6478,1146.34,526.35,964.67
2013-04-26,712.4,430.1303,250.1022,550.7853,208.0882,167.7126,244.8609,285.9125,1141.2,523.0,965.22
2013-04-29,717.37,431.6691,251.2054,552.7613,209.79,168.747,248.5582,289.9596,1149.82,526.88,962.08
2013-04-30,718.98,432.5998,251.9951,548.294,210.3981,170.2414,248.8651,288.6527,1160.02,529.6,965.8
2013-05-01,712.79,430.4454,249.2692,542.9096,208.3551,169.3915,244.5069,283.776,1139.19,517.68,961.94
2013-05-02,719.21,434.562,251.3042,548.695,207.8271,170.0331,246.1962,287.2026,1150.43,526.23,962.81
2013-05-03,725.65,440.1032,253.9111,552.3375,207.4502,170.26,250.6573,290.6924,1165.07,535.24,964.68
2013-05-06,727.15,441.3054,256.5379,548.7893,204.4969,170.8134,251.2682,290.5749,1170.87,537.66,967.38
2013-05-07,730.13,444.7259,257.9833,550.3068,206.3438,171.5881,253.509,289.509,1181.2,543.07,961.42
2013-05-08,733.33,445.5501,259.7669,551.6344,204.5143,171.4751,255.76,291.3163,1186.54,545.33,969.32
2013-05-09,730.42,446.1044,257.7462,552.1899,201.2624,170.4352,255.3642,291.9748,1182.72,543.48,969.73
2013-05-10,732.85,449.7356,258.9472,558.143,201.7741,171.0037,255.2835,289.2043,1189.93,548.58,966.73
2013-05-14,739.74,454.2185,264.2786,567.5993,201.8907,172.5563,256.1623,288.1889,1200.86,554.11,949.87
2013-05-15,743.52,456.7771,266.7768,570.7133,203.5102,174.0775,257.5698,287.0517,1206.34,556.01,936.87
2013-05-16,740.8,451.5282,264.8571,564.7996,201.8343,172.9326,256.3096,286.7745,1199.73,553.62,932.86
2013-05-17,747.72,456.066,268.4675,567.9328,203.8751,174.3622,259.3983,288.1189,1211.54,560.6,934.68
2013-05-21,748.89,456.3614,269.6458,570.1248,203.1689,175.8041,258.9684,288.4503,1214.89,562.52,939.41
2013-05-23,741.94,450.7118,265.0837,569.1915,198.3287,168.8907,255.4482,286.5561,1193.14,553.17,942.05
2013-05-24,742.42,449.8578,265.4223,567.9497,196.2991,168.5701,254.7392,285.4095,1188.07,553.18,948.32
2013-05-28,747.09,453.9604,268.1058,573.1093,193.9705,167.1853,256.9834,286.4314,1196.8,560.54,954.41
2013-05-29,742.28,449.4664,268.1836,564.4413,190.9916,163.6131,256.3194,284.7943,1186.46,553.94,953.71
2013-05-30,744.6,448.8465,271.0485,568.288,191.3855,161.7517,256.8875,284.2842,1195.28,557.35,960.74
2013-05-31,733.63,443.9561,266.8018,555.953,190.2476,159.542,253.0064,282.3704,1184.32,551.98,962.41
2013-06-04,736.19,444.1742,264.7861,555.1549,189.8431,158.5349,253.9908,286.4687,1172.07,551.64,958.9
2013-06-05,726.4,436.9194,260.3028,547.4724,188.0662,156.5853,248.6168,286.5022,1156.31,544.56,947.44
2013-06-06,731.48,441.3258,264.0327,555.2578,190.2775,159.4751,250.0818,287.5474,1170.29,549.88,951.43
2013-06-11,733.37,443.6344,263.9898,558.8008,190.018,155.4213,249.8733,285.5337,1167.29,551.26,937.27
2013-06-12,727.71,438.7786,261.4668,553.2185,188.0047,153.1881,248.5785,285.7518,1155.9,546.71,928.2
2013-06-13,737.25,446.5478,266.1771,561.1883,191.1387,157.5992,252.9363,285.8256,1176.34,556.08,930.06
2013-06-14,732.1,445.3968,262.8494,560.3466,191.3416,157.9146,251.3097,286.7071,1172.13,550.98,933.57
2013-06-17,737.6,447.7076,265.3491,561.6175,191.9588,158.7054,253.1919,286.791,1178.85,554.88,934.04
2013-06-18,743.12,452.2962,267.0013,566.4585,193.2962,158.7963,254.4084,286.9673,1188.31,561.72,929.99
2013-06-19,733.49,447.3069,263.2657,557.3603,188.8484,153.4775,252.4846,288.4935,1171.33,554.69,924.25
2013-06-20,715.69,435.3938,257.5933,543.0582,183.438,146.9453,245.8245,280.0901,1140.23,541.11,892.6
2013-06-21,717.58,436.5465,257.9616,547.7345,185.852,149.7545,245.1657,278.5988,1137.19,543.27,895.79
2013-06-24,708.77,432.2941,253.3066,543.5955,185.8069,148.9853,241.0504,277.9958,1124.7,536.32,880.02
2013-06-25,714.45,436.1768,258.0743,545.9074,188.0888,151.8415,242.6785,278.5389,1138.25,541.94,882.36
2013-06-26,721.04,441.7442,260.5481,554.0873,190.5096,153.6679,243.2642,277.31,1146.19,542.75,860.84
2013-06-27,724.52,445.7386,263.8564,555.9343,190.6995,156.2914,242.9953,277.8728,1162.66,552.4,860.24
2013-06-28,720.62,447.288,262.0621,551.1834,191.3956,155.2266,241.6109,276.1363,1160.82,550.52,881.4
2013-07-02,724.57,451.1057,263.4283,551.859,188.7878,156.5527,242.631,280.2124,1170.68,559.16,876.99
2013-07-03,725.42,453.3442,262.5269,551.1077,188.5103,154.9184,242.5013,282.3241,1171.34,559.93,881.18
2013-07-05,732.91,458.015,267.1489,558.3937,187.6017,154.6029,244.1602,281.2458,1186.11,568.15,884.27
2013-07-08,737.01,462.094,269.1774,561.5825,190.2864,154.7803,245.5305,283.173,1188.3,570.12,873.29
2013-07-09,742.13,464.0905,271.4281,563.0107,191.724,156.996,249.4093,284.1329,1201.27,576.17,877.06
2013-07-10,741.57,464.4183,269.734,566.9181,192.6368,157.2626,249.1822,286.7133,1201.13,576.95,879.24
2013-07-11,751.15,471.1007,272.2048,573.9815,195.7723,161.3256,253.2409,287.2204,1217.04,582.68,893.91
2013-07-12,752.94,473.7113,274.3696,577.9052,196.4359,160.6352,252.4377,287.1994,1221.24,583.89,898.42
2013-07-15,754.01,472.1358,275.4064,577.9232,199.5522,160.5893,252.9286,287.3429,1224.84,586.41,896.73
2013-07-17,754.08,470.0991,275.5765,576.1408,198.364,160.858,253.3904,288.5056,1221.67,585.72,910.82
2013-07-18,757.0,472.559,279.2737,577.697,200.2916,162.2255,253.4347,291.0637,1232.64,590.35,914.57
2013-07-19,757.51,472.2264,279.3055,585.6095,200.1365,162.0333,254.6707,291.4768,1234.25,590.25,920.39
2013-07-22,759.38,471.9575,281.2248,588.1997,200.0292,162.2922,255.4513,291.5902,1239.19,591.87,929.38
2013-07-23,758.65,471.1383,280.515,586.2411,200.601,162.0553,256.1384,291.2016,1239.73,591.19,930.48
2013-07-24,757.42,469.7674,278.1451,585.4855,197.4953,159.0478,253.7695,288.2937,1229.85,586.8,924.66
2013-07-26,759.16,471.8453,278.0729,592.1236,199.9491,159.219,255.2086,285.0063,1228.27,588.67,925.29
2013-07-29,756.6,469.2699,275.9918,590.3802,200.3541,157.8842,256.5146,284.1716,1223.06,584.89,924.69
2013-07-30,756.31,468.034,275.7357,590.3238,200.8585,157.463,255.8541,282.219,1226.98,586.52,914.41
2013-07-31,755.23,470.2715,275.8946,590.2494,199.441,155.1252,254.916,284.4861,1231.9,587.76,917.34
2013-08-01,763.74,477.9453,280.5025,593.9033,200.9271,154.3818,257.0805,285.623,1257.72,595.83,921.02
2013-08-02,765.7,481.296,280.431,594.3552,200.7647,153.6685,258.489,284.3125,1253.76,595.68,923.56
2013-08-06,760.05,477.9388,277.3792,590.6523,198.1513,153.0211,255.3594,281.9099,1240.03,592.84,912.83
2013-08-07,757.84,473.9538,275.1526,590.8786,199.0535,152.1584,255.3667,282.0775,1230.88,588.91,907.13
2013-08-08,760.14,477.267,275.812,591.2853,199.8357,151.9235,259.2591,284.0312,1237.08,592.22,915.33
2013-08-09,756.27,475.9477,275.0445,589.2502,198.4837,153.3636,260.7433,285.9295,1237.7,592.07,920.09
2013-08-12,756.08,475.5396,273.7767,586.7618,197.2147,152.0923,260.235,288.7909,1240.59,595.13,925.86
2013-08-13,758.62,475.3513,274.9482,588.3897,196.1064,150.0456,260.8554,288.6318,1239.08,594.97,925.14
2013-08-14,754.94,470.2759,273.9367,583.8048,194.6215,149.5271,260.423,290.5975,1231.07,592.69,926.15
2013-08-15,744.57,461.9785,269.9589,574.2736,191.8846,146.8008,258.4347,293.013,1209.58,582.22,932.1
2013-08-16,742.38,460.288,269.4915,571.1376,189.8173,143.5254,256.4427,293.0563,1205.7,580.24,940.23
2013-08-19,738.7,458.4646,265.9008,572.5014,188.3241,142.1512,254.2975,293.6357,1197.72,575.1,933.65
2013-08-20,739.59,462.6111,268.2588,573.6419,189.9088,145.1408,255.7945,290.9034,1212.38,583.58,932.6
2013-08-21,735.43,458.7147,266.5731,570.7633,187.6968,145.113,253.9834,288.7937,1202.8,579.71,925.32
2013-08-22,740.67,463.5841,269.5531,574.0934,188.9264,145.8028,256.9193,288.9016,1215.73,587.57,935.04
2013-08-23,744.04,463.6656,269.7764,575.213,190.3984,147.5216,259.122,291.3587,1217.43,588.53,946.56
2013-08-26,740.93,462.6446,268.2215,575.9741,188.9034,147.0892,259.11,293.4439,1217.83,588.11,954.58
2013-08-27,729.71,455.199,261.7069,566.2819,188.8244,146.5051,254.4319,295.2834,1192.91,574.93,936.74
2013-08-28,732.02,457.1549,262.0178,568.7218,189.38,145.9835,253.9226,296.2666,1196.07,576.36,933.54
2013-08-29,732.96,459.1495,262.7557,570.5053,188.3817,146.0793,254.7509,294.3662,1201.33,581.52,941.44
2013-08-30,730.92,456.1787,261.4994,568.8047,188.4415,145.4824,254.4264,291.7304,1183.87,572.82,939.31
2013-09-03,733.31,459.5816,263.7019,572.176,186.3079,144.5374,255.8607,293.3616,1181.48,575.12,941.58
2013-09-04,738.87,464.2224,265.699,578.5867,186.0376,145.3936,258.1477,291.1523,1194.37,579.59,947.18
2013-09-05,739.81,464.652,266.2872,579.5283,185.3398,144.1257,258.7883,291.2748,1196.81,581.18,947.78
2013-09-06,739.53,463.6573,266.2039,579.5451,186.3848,147.1757,258.2505,293.9119,1198.69,581.37,954.92
2013-09-09,746.51,467.9328,269.2406,583.3097,187.1383,150.5031,262.1669,292.8396,1217.2,590.24,951.94
2013-09-10,752.12,472.4465,272.4266,586.8638,188.4792,150.3576,264.4788,290.6554,1229.25,595.73,942.85
2013-09-11,754.13,475.7025,272.7938,590.997,186.7501,151.0336,266.0994,291.2513,1230.49,596.09,944.23
2013-09-12,752.19,474.6383,270.8161,589.5749,186.1379,149.7753,263.3911,292.6257,1226.67,591.99,940.39
2013-09-13,754.07,476.1385,271.3268,591.0187,187.5853,149.9786,265.1827,291.5916,1229.4,595.37,941.5
2013-09-16,757.64,478.0015,274.3112,595.9133,188.0013,151.9883,267.9761,290.0307,1235.47,596.77,939.54
2013-09-17,760.88,480.7724,275.5439,596.4008,189.0303,151.6804,267.3173,287.2811,1245.13,601.24,935.42
2013-09-18,769.98,486.4692,278.2666,600.5612,194.7039,156.8912,273.4662,290.1103,1257.39,607.24,952.79
2013-09-19,768.72,486.5063,276.9451,598.5307,193.8106,156.4111,272.4306,291.0828,1254.56,605.96,952.88
2013-09-20,763.23,483.2947,275.6494,597.2913,191.0047,153.437,268.9271,288.0034,1245.4,605.28,946.1
2013-09-23,760.06,479.757,271.6439,593.1123,193.2246,152.2577,267.276,286.7282,1239.92,605.01,944.9
2013-09-25,754.33,477.9426,271.3197,585.3935,191.6235,151.6983,267.6838,286.442,1242.52,605.87,947.7
2013-09-26,756.66,482.2495,271.4264,587.3001,191.3651,152.6112,269.2761,287.3297,1248.91,609.15,948.13
2013-09-27,753.51,482.4879,270.3586,587.5749,190.0688,151.9002,266.063,287.5404,1244.18,606.61,952.86
2013-09-30,748.12,480.3037,268.3705,586.021,189.841,150.1447,265.0056,286.1041,1243.85,607.76,941.15
2013-10-01,753.8,484.5357,270.3025,593.5008,190.5207,151.98,266.2346,284.5799,1262.37,615.34,942.04
2013-10-02,753.13,484.216,270.0696,592.1486,190.7999,152.3561,266.8502,287.0083,1258.39,611.3,947.33
2013-10-03,746.57,479.3042,267.9096,586.4574,188.4355,149.6145,264.5246,286.1153,1247.91,604.51,943.85
2013-10-04,750.81,483.5106,270.2587,593.1029,188.8294,149.2478,268.2922,287.018,1255.44,608.28,955.36
2013-10-07,744.82,476.7588,267.0193,586.7046,187.993,149.748,265.1888,287.9107,1242.2,601.59,947.52
2013-10-08,736.27,468.8879,263.5291,577.879,189.1967,148.1238,260.7977,288.5732,1225.8,593.3,939.36
2013-10-09,737.29,467.1633,264.4344,576.9618,190.0274,148.1872,261.3073,286.0674,1222.86,592.64,933.04
2013-10-10,753.02,477.7755,272.1561,590.3734,192.8444,152.0317,266.7126,287.9431,1250.05,606.77,935.52
2013-10-11,757.73,481.5296,273.7346,592.9809,193.7198,153.5417,268.1744,287.1792,1261.2,615.48,929.37
2013-10-15,756.37,479.4236,272.8736,593.7329,189.9284,152.7496,267.4707,286.8809,1253.44,613.29,929.13
2013-10-16,766.6,485.209,278.7473,605.7258,191.8071,156.2065,270.2443,288.1693,1269.17,619.44,925.88
2013-10-17,770.46,488.8064,281.2258,611.0662,194.8869,158.4304,273.7141,286.9859,1279.63,625.13,951.58
2013-10-18,776.21,491.8136,281.9179,608.8813,195.4177,157.8484,274.6108,287.4894,1290.59,632.74,950.97
2013-10-21,776.33,492.8311,281.3922,605.5225,195.0166,157.1515,274.5753,285.9086,1290.46,631.93,959.9
2013-10-23,777.08,493.3861,279.4428,610.1,197.5607,158.4334,276.6937,282.3068,1289.06,632.08,966.87
2013-10-24,779.95,498.1043,279.7655,610.0262,197.1,158.5459,278.1091,282.2274,1291.33,636.28,972.7
2013-10-25,783.33,501.5486,280.9384,610.8798,199.345,160.472,278.7809,283.1225,1295.1,636.48,973.58
2013-10-28,785.27,500.3876,280.3539,612.6051,198.8879,158.9051,277.2573,282.4368,1294.1,636.95,972.31
2013-10-29,789.61,503.6088,281.2482,616.639,199.1391,157.6961,278.0743,281.2012,1299.79,639.7,968.44
2013-10-30,786.86,501.2601,279.9838,613.3526,197.8297,156.4632,276.4379,280.5786,1290.88,632.33,964.17
2013-10-31,783.39,502.3925,276.8159,610.6617,196.7828,155.2855,275.901,278.4221,1289.18,629.27,958.86
2013-11-01,785.61,503.6254,277.5397,614.7769,198.238,156.4449,275.2548,275.5133,1290.71,626.68,955.33
2013-11-04,787.62,505.4166,277.7938,615.4015,198.6891,156.8157,276.4212,274.2781,1299.93,634.69,952.52
2013-11-05,785.69,505.4622,276.5145,613.5494,197.1626,154.1579,275.3034,273.5774,1290.81,632.88,945.61
2013-11-06,790.27,504.2396,277.4152,611.4979,199.7714,154.4818,277.0421,274.4827,1290.52,632.48,941.31
2013-11-07,780.7,493.8128,274.2465,606.0686,197.8345,152.4705,273.4387,273.7143,1267.71,621.89,931.08
2013-11-08,791.03,501.5957,280.5071,615.2801,197.4168,150.8665,278.4734,274.9409,1285.86,632.84,937.41
2013-11-11,791.27,502.4089,280.7772,616.5088,197.455,150.7142,278.3521,275.3366,1291.37,633.18,935.36
2013-11-12,789.45,501.3017,278.1725,616.1303,195.6271,149.6413,277.5279,273.9821,1289.04,633.45,926.32
2013-11-14,798.69,512.7856,282.8337,624.576,197.8489,151.7044,281.0349,274.3997,1307.73,638.76,931.63
2013-11-15,802.1,514.3223,284.2468,628.1521,199.0428,152.2027,282.8018,274.8957,1311.77,640.92,934.07
2013-11-18,800.15,510.6222,284.0841,625.4874,198.8562,151.1428,280.882,273.4794,1302.2,638.13,921.79
2013-11-19,799.34,508.5244,284.5905,626.123,197.4549,150.127,280.1792,273.0314,1292.87,635.22,923.52
2013-11-20,796.08,505.8653,283.5828,627.701,195.0929,148.5488,277.8955,273.8592,1290.15,634.07,915.02
2013-11-21,801.82,510.4697,287.697,630.6377,195.5922,149.3473,280.082,276.1122,1306.15,645.42,926.71
2013-11-22,804.95,513.5923,289.0492,638.2908,195.5201,148.6692,281.5747,275.7784,1308.81,648.08,932.15
2013-11-25,804.22,513.947,289.3009,640.9054,194.7213,147.8253,279.6141,275.6475,1305.78,647.45,929.26
2013-11-26,804.12,516.7013,289.1115,638.6401,192.7961,147.6053,279.0319,275.3382,1306.4,652.62,928.6
2013-11-27,806.22,518.3788,290.067,638.8377,192.2747,149.3545,279.2758,274.0642,1308.71,656.34,929.53
2013-11-29,806.36,519.1399,288.9245,638.0591,192.1672,147.5292,278.877,275.4496,1304.18,656.85,934.89
2013-12-02,803.62,516.5391,288.3192,638.7226,191.4385,146.9356,278.3213,275.3214,1303.64,648.27,922.49
2013-12-03,801.67,512.0848,285.667,633.433,192.5104,146.5755,274.9067,276.9152,1299.17,645.53,915.29
2013-12-04,801.07,510.8546,286.3127,630.7757,192.9325,147.372,276.2002,278.5925,1297.6,643.23,919.56
2013-12-05,797.16,510.7945,283.709,629.0626,191.4957,147.7237,274.4307,278.1977,1299.05,644.64,914.78
2013-12-06,805.75,515.2667,287.6757,637.7654,193.7721,149.1949,278.3644,279.2372,1309.68,649.58,916.65
2013-12-09,807.36,514.6226,288.7425,638.9468,192.7144,150.1757,279.7301,279.4492,1311.0,648.67,902.07
2013-12-10,804.15,515.1339,287.8208,636.1661,190.7099,150.1791,280.4844,281.3545,1306.97,642.27,903.99
2013-12-11,796.28,510.0066,283.6628,625.8586,189.1704,146.8007,275.7295,281.6041,1285.03,633.23,897.03
2013-12-12,792.32,507.9823,283.6366,620.799,189.3468,145.6387,275.2562,280.7442,1285.16,634.61,886.09
2013-12-13,791.56,509.3573,284.0096,621.0502,189.0884,146.345,276.4291,280.2601,1289.42,636.78,894.47
2013-12-16,796.53,512.9802,285.5688,622.417,190.2015,146.6601,277.6414,281.0906,1299.66,644.09,890.66
2013-12-17,793.42,511.2971,283.8782,619.7005,189.8034,146.8856,279.0784,280.1856,1299.24,643.08,886.07
2013-12-18,807.11,519.3038,290.541,634.5509,192.3229,149.8125,282.7517,280.7765,1314.81,650.99,890.77
2013-12-19,806.94,518.4545,290.1067,633.1464,190.9059,148.1768,283.4635,281.9634,1304.34,645.69,887.17
2013-12-20,809.74,520.4488,291.4398,635.9714,192.6459,148.9652,284.1599,283.7218,1318.85,657.41,888.18
2013-12-23,814.52,523.049,293.1512,638.5883,191.987,149.0125,285.407,282.6892,1328.94,662.97,896.98
2013-12-24,816.79,524.457,293.6763,638.0548,192.6512,149.1347,288.4908,283.4357,1334.42,665.15,903.22
2013-12-27,821.25,526.0,293.9127,641.5008,192.222,149.1334,290.7917,284.7632,1336.3,665.07,919.03
2013-12-30,820.41,527.973,293.5358,642.7068,192.7687,149.58,290.8944,283.1685,1338.21,664.56,921.24
2013-12-31,823.81,530.0987,294.7117,642.2974,193.2129,148.9515,291.6384,280.7686,1342.53,665.54,931.97
2014-01-02,817.05,527.4432,293.1003,638.7494,190.2338,148.4668,289.5596,277.9992,1328.23,657.29,939.21
2014-01-03,816.47,526.1301,294.9884,640.0671,189.6826,149.2773,289.0261,277.1203,1333.78,660.06,944.71
2014-01-06,815.08,523.0031,295.4161,637.7019,189.8584,150.0363,287.2958,277.6971,1325.21,654.39,946.05
2014-01-07,819.63,525.9331,295.5442,644.1293,191.5865,150.6084,286.8408,277.419,1336.58,660.11,949.83
2014-01-08,818.11,525.0337,296.5344,649.7911,190.5441,150.4775,288.4202,275.4449,1338.51,657.97,956.16
2014-01-09,817.49,524.4006,297.5174,654.5227,191.6313,150.7184,287.2245,272.8774,1340.02,657.68,956.7
2014-01-10,817.95,526.3756,297.1239,657.2628,194.3932,152.649,288.2523,276.0139,1349.09,659.8,966.55
2014-01-13,808.93,516.1426,292.7138,651.9941,192.6118,151.4409,284.1748,276.6928,1329.87,650.88,964.88
2014-01-14,816.78,520.0859,295.0061,660.3249,192.7835,152.4293,288.1457,277.368,1346.08,658.69,964.71
2014-01-16,821.3,518.9192,296.6746,660.9444,193.6184,153.5761,290.4186,279.0153,1352.06,663.19,974.54
2014-01-17,817.33,516.4275,295.6229,660.5615,193.57,152.8315,289.7994,279.0093,1347.81,659.81,976.34
2014-01-21,818.82,515.486,295.8567,664.0018,195.7992,153.8631,291.4214,278.9998,1352.93,663.55,979.96
2014-01-22,818.46,516.8643,296.1632,664.4466,196.0215,154.0699,288.7507,281.1386,1359.4,667.22,980.44
2014-01-23,812.13,513.2926,291.2047,659.6255,195.4156,152.9067,284.4991,281.8966,1347.87,662.64,983.39
2014-01-27,792.51,501.4475,282.754,639.1556,193.6388,149.7684,275.7207,280.3162,1302.51,639.17,951.75
2014-01-28,795.5,505.2009,286.3046,647.4346,194.4272,151.285,277.205,282.7908,1314.32,644.34,958.63
2014-01-29,786.9,496.6678,283.2729,641.6768,194.2413,150.3783,278.4762,284.9953,1300.73,635.64,958.76
2014-01-31,789.7,498.4756,283.7253,647.9037,198.7689,153.2394,278.041,283.9267,1313.08,639.51,951.32
2014-02-03,772.29,485.186,276.6955,634.7444,197.234,150.7398,271.3895,284.2308,1265.61,620.26,940.77
2014-02-04,777.41,490.8499,279.3252,641.2411,196.024,152.345,273.7229,287.0603,1280.52,624.31,947.71
2014-02-05,776.02,491.623,278.9642,637.1615,194.9651,152.1193,274.1488,287.7319,1277.06,619.96,942.5
2014-02-06,785.21,501.7936,283.1017,640.354,196.2056,153.2732,278.3182,287.8431,1294.82,626.83,952.8
2014-02-11,805.74,511.5623,289.8501,666.0848,200.5802,156.7177,286.8437,290.8393,1324.74,637.01,980.24
2014-02-12,804.82,511.8178,289.6895,665.5165,200.3211,156.372,285.9599,292.3784,1331.81,638.8,981.73
2014-02-13,808.39,514.0258,290.7821,670.7035,202.6297,157.1318,288.694,293.2085,1341.67,647.49,986.45
2014-02-14,812.57,516.9296,291.213,673.0448,204.0007,157.7399,290.6924,293.8814,1346.86,648.62,996.35
2014-02-18,811.78,517.3619,291.69,679.0122,204.5729,158.2699,291.0015,299.1498,1355.16,653.98,1002.45
2014-02-19,805.88,512.6737,287.9156,674.9405,203.4331,158.2129,288.8825,302.3655,1345.61,647.65,1005.88
2014-02-20,809.88,515.6197,288.6264,681.0793,205.0745,158.0597,291.8566,301.915,1355.54,655.25,1014.93
2014-02-21,807.33,516.5001,288.7219,679.4043,205.3784,157.7047,291.5317,302.2503,1356.56,655.18,1021.66
2014-02-24,812.34,519.3419,291.134,684.4837,204.75,158.1364,290.0452,302.8639,1363.29,660.56,1018.95
2014-02-25,810.8,522.0416,289.3333,682.8786,204.5869,157.6308,291.1646,302.2461,1361.05,659.71,1010.74
2014-02-26,811.01,525.1093,288.9625,682.7727,203.5998,158.1476,293.3031,302.282,1367.69,665.42,1008.16
2014-02-27,815.66,527.0614,290.548,686.2931,203.0501,157.9575,295.2866,302.2585,1371.98,667.49,1019.43
2014-02-28,818.24,528.8311,292.0728,686.4485,204.3286,158.9272,296.6362,303.0965,1375.33,667.33,1025.37
2014-03-03,811.75,524.1686,289.5149,681.6958,202.4007,158.7299,295.994,306.5253,1366.27,663.41,1018.1
2014-03-05,824.63,532.4567,297.3608,693.1799,202.5366,160.3168,301.1798,306.7272,1385.54,679.57,1029.28
2014-03-06,826.14,534.158,299.3789,688.5232,201.2614,159.8668,302.2559,308.2753,1386.56,680.7,1039.36
2014-03-07,826.7,533.5581,300.8696,687.098,201.7645,158.3906,300.891,307.8743,1388.95,681.22,1043.01
2014-03-10,827.1,531.6173,300.9904,689.7794,201.4153,157.6068,300.5396,306.6784,1381.99,680.31,1042.85
2014-03-11,822.81,528.6248,298.7874,687.971,200.7386,158.5669,297.58,305.6142,1372.82,673.45,1043.31
2014-03-12,822.88,528.1062,298.4319,687.8992,203.3147,158.5857,297.3736,303.6707,1374.88,674.94,1046.39
2014-03-13,813.41,520.5096,294.9733,678.32,205.188,157.8133,294.9153,303.3231,1359.71,666.62,1032.11
2014-03-14,809.95,520.6631,293.3055,674.812,206.3708,157.9352,295.2952,303.5614,1364.1,669.63,1033.64
2014-03-17,818.33,524.3415,296.3578,680.9761,207.6555,158.3758,297.6273,301.692,1374.0,674.04,1034.14
2014-03-18,824.66,526.6637,297.7911,688.9629,207.2484,159.0316,299.2936,303.4593,1387.15,682.91,1038.95
2014-03-19,820.0,523.2852,297.3498,686.4427,204.2107,156.1053,296.6506,303.5895,1377.37,677.82,1038.87
2014-03-20,825.53,524.5334,302.251,686.2858,204.4209,156.6996,298.0459,300.1726,1381.73,680.08,1035.26
2014-03-21,823.69,521.1596,302.2946,675.6993,206.0415,157.6573,299.4611,300.0745,1379.87,678.37,1034.76
2014-03-24,821.35,515.7913,301.6127,666.1818,206.5385,156.7482,297.0547,300.2049,1369.29,671.82,1019.14
2014-03-26,820.74,508.4401,298.791,672.0476,206.5046,156.2064,294.379,301.8681,1354.08,659.97,1003.25
2014-03-27,819.43,506.0974,297.0644,671.1974,208.1089,157.091,293.3101,304.6484,1350.91,657.71,985.35
2014-03-28,822.4,510.2146,298.234,668.5266,208.458,158.5288,295.2231,305.9003,1358.2,659.25,989.75
2014-03-31,828.23,513.3583,301.0618,677.0117,210.6363,159.2647,298.3524,305.3542,1378.5,671.12,994.56
2014-04-01,833.14,520.5262,302.2181,681.7169,209.2726,160.1231,300.3287,302.5463,1390.6,679.51,1000.93
2014-04-02,835.08,524.0183,302.5836,684.15,208.8541,160.139,302.2285,301.9792,1394.66,682.33,1006.29
2014-04-03,834.57,521.3481,302.2469,682.2866,209.5341,159.9909,302.5241,303.7856,1389.15,677.9,1001.96
2014-04-04,824.58,512.4588,298.7634,671.7943,210.7144,160.5177,298.5825,305.5258,1367.11,663.44,1007.16
2014-04-07,817.3,502.6807,294.3193,664.6783,210.2988,160.9912,294.3229,305.0373,1343.95,654.79,996.97
2014-04-08,819.73,507.5917,294.6949,659.3387,213.4371,161.8485,295.4609,308.6762,1351.81,660.4,998.79
2014-04-09,828.58,513.0559,297.2245,673.2716,212.8745,161.595,299.9546,310.2229,1365.11,666.9,1003.37
2014-04-10,811.81,500.4325,290.2205,651.7215,212.0545,160.0096,293.9049,310.8912,1335.51,650.77,993.69
2014-04-11,804.9,493.5468,286.8311,644.7392,211.8326,158.9,290.4222,310.0892,1318.5,642.79,997.77
2014-04-14,811.4,497.5309,289.1045,648.048,213.206,160.067,292.5961,311.7987,1324.61,646.08,996.01
2014-04-15,816.85,498.1365,291.669,655.0172,216.0402,161.6901,294.2345,309.9422,1333.19,648.06,992.1
2014-04-16,824.65,504.9539,294.1829,658.598,217.6549,162.8379,298.6141,310.4221,1348.36,654.01,997.97
2014-04-17,825.68,505.6776,294.433,658.5784,215.1318,162.3231,299.4962,312.1706,1351.42,657.73,998.77
2014-04-22,831.79,511.3032,296.3598,673.3857,214.8658,163.2927,300.6778,311.9167,1365.16,665.66,1004.88
2014-04-23,829.56,509.0126,297.0693,670.1158,215.1542,162.9364,300.8197,312.0849,1362.73,661.69,1010.98
2014-04-25,825.56,503.0798,294.3154,663.8841,218.983,162.8312,297.2737,311.397,1347.22,649.73,1013.59
2014-04-28,830.26,501.8478,292.6813,667.8579,220.1052,164.1454,295.8748,310.5462,1342.36,646.44,1009.58
2014-04-29,834.32,503.8843,295.4495,671.9774,219.1381,164.2921,298.0537,312.5666,1348.25,648.26,1000.05
2014-04-30,836.08,506.1065,296.1278,672.9489,219.4895,164.9022,300.4161,310.236,1355.96,651.97,1001.5
2014-05-01,835.41,507.9137,296.3176,674.0139,220.1918,166.3722,298.5122,307.68,1358.57,650.63,1006.52
2014-05-02,833.86,509.4179,296.3201,668.8388,215.8233,166.2399,299.9033,307.8411,1361.57,652.56,1014.46
2014-05-05,835.15,509.7248,295.0731,672.5721,217.5016,167.4792,301.2807,307.9451,1361.69,650.84,1009.45
2014-05-06,827.06,502.7452,290.9525,666.4799,216.5152,166.7304,299.6972,307.9882,1351.56,640.25,1005.62
2014-05-07,832.0,501.8247,294.6651,668.0117,219.9609,168.731,302.2384,307.7034,1357.46,642.91,1001.04
2014-05-08,831.59,503.0473,295.384,664.4754,217.4116,168.7423,300.8968,306.8444,1350.53,637.59,992.01
2014-05-09,832.96,506.0057,295.0812,668.3513,214.3442,168.6767,300.8734,305.2639,1353.79,642.69,991.1
2014-05-12,839.97,512.359,298.1425,675.2924,212.22,168.9614,304.7387,306.2123,1374.58,657.08,988.26
2014-05-13,841.06,510.5949,297.7878,676.3377,212.5609,168.0013,304.6941,307.4672,1368.1,649.2,988.35
2014-05-14,837.33,505.1622,295.4815,676.5709,213.3452,168.2807,304.865,308.6636,1357.06,637.26,991.74
2014-05-15,829.38,501.6346,292.2214,669.5956,212.5747,168.1469,300.3772,307.7813,1345.79,633.97,974.65
2014-05-16,832.32,505.1078,292.5635,671.9341,213.1405,169.4029,301.5864,306.6274,1352.53,639.08,976.55
2014-05-20,830.88,502.9326,292.2034,672.0411,209.8367,168.0069,301.1629,307.6227,1345.3,635.37,970.15
2014-05-21,838.01,508.7921,294.4665,677.3707,209.9806,167.5061,302.6029,308.5562,1352.65,638.16,974.11
2014-05-22,839.41,511.2278,295.5532,680.7808,211.6953,167.1137,303.175,308.3371,1360.48,643.47,978.77
2014-05-23,842.59,515.5274,296.275,681.33,211.1965,168.3678,305.7569,308.9705,1369.66,650.03,987.95
2014-05-27,847.38,518.0947,299.1765,685.1737,212.9167,169.4341,305.7763,307.3291,1378.4,658.32,985.73
2014-05-28,846.35,517.4747,298.4428,683.2562,213.9826,168.4921,305.9129,306.7191,1374.56,654.12,983.58
2014-05-29,850.89,519.468,299.1306,688.4538,214.2463,168.8666,309.0272,308.0486,1380.53,655.41,981.52
2014-05-30,852.69,519.9365,299.7774,690.2404,215.8678,169.9354,308.927,306.1866,1377.98,653.01,983.99
2014-06-02,852.38,521.5766,300.5914,691.4019,215.7592,169.764,310.1505,306.1158,1381.89,651.05,978.47
2014-06-03,851.86,520.5955,300.8925,692.7128,216.4477,169.251,309.3879,305.726,1381.51,649.42,982.02
2014-06-04,853.11,522.8869,301.8528,694.2952,216.4748,169.4961,309.9543,304.8831,1387.91,652.24,982.42
2014-06-05,858.86,526.429,304.6496,695.4003,218.2526,172.1738,311.2146,304.9683,1401.95,665.4,985.92
2014-06-06,862.32,529.2714,306.7166,694.695,217.4363,171.5953,312.8405,305.956,1410.43,671.26,987.45
2014-06-09,863.63,529.7069,307.8172,691.3425,215.875,169.485,312.0337,306.9352,1415.01,676.3,987.99
2014-06-10,864.67,528.3924,307.6892,692.8279,215.2484,168.3351,312.4031,306.1961,1410.84,673.67,986.92
2014-06-11,861.29,526.6436,305.6149,692.4661,212.528,167.7573,310.5786,305.9366,1405.76,670.0,989.2
2014-06-13,857.19,520.0168,303.8813,688.4385,214.5642,167.398,309.0273,310.7038,1402.38,667.29,997.33
2014-06-16,857.18,521.8058,302.5724,689.353,216.0338,166.5585,308.5486,310.5489,1402.55,668.02,998.69
2014-06-17,858.11,523.3615,305.3981,688.848,215.6472,166.7832,309.0405,309.7467,1414.74,673.58,1006.08
2014-06-18,864.62,527.2543,307.3847,694.5062,220.4469,167.7297,312.415,310.1171,1420.73,676.97,1008.82
2014-06-19,865.39,526.2955,306.91,696.7829,222.3491,168.837,311.7352,312.4675,1421.77,677.23,1022.06
2014-06-20,866.15,524.3275,307.8985,702.6574,221.0102,169.3972,313.7161,313.6552,1425.36,679.59,1026.37
2014-06-23,866.69,524.8614,308.7336,700.4124,220.3108,169.1998,314.0787,312.7477,1424.26,678.02,1023.98
2014-06-24,860.9,523.6208,306.5588,700.5525,220.8571,169.4982,311.2947,312.7129,1413.5,672.44,1016.58
2014-06-25,865.96,527.9257,306.8917,708.1502,221.9218,169.3614,313.7507,313.5318,1422.08,677.15,1015.04
2014-06-26,864.88,528.3679,305.8654,708.5431,222.3651,168.9151,313.2309,312.7375,1419.25,675.58,1013.14
2014-06-27,866.54,529.7463,306.5812,707.0569,223.1211,169.8943,312.0325,311.5439,1426.55,680.61,1022.97
2014-06-30,865.47,529.4313,306.6106,704.5184,224.933,169.7853,313.4444,308.9441,1432.94,682.87,1028.41
2014-07-02,873.29,535.8418,308.268,718.4315,218.3688,169.8368,314.452,307.859,1436.41,686.93,1036.07
2014-07-03,878.14,539.9715,310.6351,721.3795,216.0153,169.3898,316.5594,307.4568,1444.14,692.54,1037.79
2014-07-07,875.87,536.6236,309.0738,715.938,216.9224,169.887,313.9935,304.4623,1430.58,681.99,1030.63
2014-07-08,869.43,531.2757,306.419,709.355,218.2583,170.1326,313.0683,304.1557,1420.06,675.63,1027.52
2014-07-09,873.62,537.7653,307.2211,712.0531,217.9264,170.5413,314.3292,301.8936,1422.96,676.23,1032.63
2014-07-10,870.31,532.7783,305.3057,711.8758,219.2479,171.0773,312.9224,300.4049,1413.81,669.21,1022.85
2014-07-11,871.9,534.5425,305.6953,712.9036,217.7298,171.1076,313.2547,297.7713,1411.48,667.14,1022.93
2014-07-14,876.99,535.972,307.5533,715.4808,215.1138,171.898,313.2745,298.1688,1417.16,670.21,1020.22
2014-07-15,875.76,534.0775,309.576,709.0307,216.2018,171.9857,312.4338,296.7202,1412.37,664.68,1006.57
2014-07-16,880.45,535.4111,309.2235,706.9688,217.0568,172.7508,314.672,297.4881,1410.69,663.36,1009.29
2014-07-17,870.69,530.541,305.3468,699.2599,214.9152,171.6307,313.1713,298.624,1395.35,654.69,1005.76
2014-07-18,879.49,535.2658,308.6258,710.6808,217.2371,173.3956,315.2239,298.1163,1412.73,664.04,1012.24
2014-07-21,877.76,532.6131,307.9078,707.9051,217.0237,172.7203,314.3181,299.1421,1407.25,660.83,1006.48
2014-07-22,882.39,535.0627,308.9369,713.7461,216.67,173.6273,314.8151,298.0527,1415.0,666.68,1010.88
2014-07-23,884.49,534.5174,309.5076,719.5395,216.6026,173.7413,316.1685,299.478,1413.28,666.0,1012.23
2014-07-24,884.51,536.0425,310.2981,718.3347,217.3786,173.6564,315.6199,298.8946,1415.28,666.16,1011.65
2014-07-25,879.88,529.7523,308.5522,715.7013,215.6713,172.3429,316.3153,299.0415,1405.72,659.58,1017.44
2014-07-28,880.2,530.7092,308.6991,716.4447,218.8343,173.796,317.1103,299.0162,1403.36,657.32,1019.85
2014-07-29,876.58,529.2495,306.8099,716.3796,216.5151,172.7177,314.7526,297.3421,1395.87,658.29,1016.5
2014-07-30,876.78,532.1836,308.1507,718.9427,212.946,173.1088,313.1957,296.8058,1398.95,659.83,1011.1
2014-07-31,858.84,522.183,301.8525,704.3692,209.3793,170.4617,307.1946,295.1289,1370.7,644.93,1001.52
2014-08-01,855.45,520.3335,299.2064,704.1924,210.2621,170.1733,307.3452,293.1677,1367.2,643.29,1000.63
2014-08-05,853.28,521.9096,298.6086,701.2564,206.36,169.3708,307.7874,293.0915,1368.55,647.86,993.87
2014-08-07,849.1,518.0074,298.107,692.1047,206.0356,169.8553,307.1516,293.7781,1365.31,646.03,995.65
2014-08-08,857.89,526.1093,301.0097,699.9868,210.1229,171.1036,310.4401,293.1246,1379.3,652.14,997.47
2014-08-11,860.2,528.4489,301.4623,700.0378,209.2659,171.9558,310.2174,294.5064,1385.75,657.75,998.87
2014-08-12,859.3,526.8743,301.8616,699.0569,209.0291,171.5171,311.027,292.4704,1380.16,653.36,998.71
2014-08-13,865.42,528.7286,303.4742,707.0791,209.4716,173.4184,312.317,291.9811,1391.5,657.18,999.76
2014-08-14,868.74,532.7812,305.1188,715.4226,211.4839,173.633,312.5669,289.4849,1396.61,657.89,996.22
2014-08-15,868.27,532.021,303.8396,716.2055,212.139,173.6093,313.2369,290.6139,1395.5,657.1,995.9
2014-08-18,875.67,536.5964,307.1137,721.6877,211.7753,175.3197,316.2661,288.8821,1412.49,666.64,990.62
2014-08-19,879.72,540.6878,307.5652,726.4192,214.3916,175.6955,317.3655,287.7264,1420.83,669.33,997.56
2014-08-20,881.29,543.4302,308.4816,726.5068,214.8747,176.2766,317.8173,288.9642,1424.69,665.6,996.7
2014-08-21,884.81,542.9403,311.9233,727.3169,215.3847,176.4178,317.1341,289.7356,1427.04,668.16,1002.2
2014-08-22,882.79,543.6013,310.8257,727.3532,214.7455,175.1496,315.8663,289.3545,1425.93,667.71,1005.58
2014-08-25,887.17,545.0937,313.3937,732.6027,216.0926,175.042,317.0387,289.2283,1430.37,668.42,1008.24
2014-08-26,888.41,545.3916,314.2241,735.6227,213.6521,175.013,317.4048,290.9792,1434.75,673.15,1015.36
2014-08-27,888.72,545.9221,313.7164,735.6284,215.6248,175.3648,317.4309,291.1264,1433.27,671.84,1019.34
2014-08-28,886.61,544.7812,312.3699,734.6447,217.0795,175.2171,317.5812,292.0349,1430.21,667.74,1022.37
2014-08-29,889.08,544.8085,313.9949,737.6004,218.6955,175.9892,318.0888,293.4442,1438.18,671.88,1023.99
2014-09-03,887.5,544.0253,314.7358,740.7466,217.6723,176.2155,317.4234,290.9943,1439.11,672.48,1010.18
2014-09-04,886.18,546.161,314.8033,737.0187,217.6663,175.9086,317.0693,289.3182,1434.37,670.67,995.43
2014-09-05,890.48,548.2429,315.3659,741.2348,220.3687,177.8095,318.6153,288.7086,1440.01,672.04,994.89
2014-09-08,887.73,545.4457,315.3405,741.5867,218.7754,177.4535,317.2288,287.4413,1439.14,672.67,985.2
2014-09-09,882.34,540.0685,312.1983,739.3216,216.1748,176.4045,314.643,286.4747,1427.44,664.97,988.69
2014-09-10,886.71,541.8797,313.5098,744.2501,215.3247,173.7391,314.6705,284.3158,1429.67,667.03,984.0
2014-09-11,887.29,542.1728,314.4912,741.825,217.144,173.8083,314.3044,283.4468,1435.56,671.4,982.28
2014-09-15,883.41,538.2965,314.1928,734.3261,213.8535,168.3066,313.1305,282.5164,1415.87,657.95,981.5
2014-09-16,889.95,540.7276,315.3187,744.2032,216.4761,169.7136,314.7451,285.074,1423.84,660.52,975.7
2014-09-17,891.67,540.9009,316.7109,744.8901,215.9668,169.6482,316.5282,284.7776,1423.54,661.91,972.51
2014-09-18,896.48,543.09,320.0421,750.7496,214.4781,168.4832,318.7716,281.6096,1427.61,665.65,965.79
2014-09-19,897.09,543.5726,318.8923,751.4827,216.3167,168.5118,318.5428,280.0721,1419.19,658.3,955.06
2014-09-22,891.09,535.677,316.6886,747.2746,214.7604,167.2877,318.2195,278.3338,1399.96,650.32,928.09
2014-09-23,886.3,531.4165,314.5195,742.9592,213.9641,166.4685,316.4276,278.4688,1388.21,643.8,925.18
2014-09-24,892.73,536.9401,316.3809,755.4159,213.2683,166.2877,319.6757,281.057,1394.75,648.93,924.09
2014-09-25,877.46,529.2309,311.174,743.4695,212.0716,165.3556,315.0184,279.8446,1376.2,639.53,911.27
2014-09-26,885.25,534.9189,314.0568,745.7284,212.4227,166.9603,317.7796,280.9518,1386.16,643.65,919.42
2014-09-29,882.37,531.7673,312.8343,744.3782,213.5707,166.9787,316.2257,283.8195,1383.4,643.11,912.76
2014-09-30,881.25,528.9012,312.289,739.9607,213.9932,166.5243,312.5746,279.2148,1370.97,634.99,909.29
2014-10-01,869.36,522.2115,308.625,732.3394,215.1381,166.4683,305.3982,278.582,1351.85,626.61,896.35
2014-10-02,869.07,524.2082,309.1714,730.7117,214.8915,166.4888,304.5963,277.983,1355.37,632.09,877.55
2014-10-03,878.77,531.0756,313.656,745.0887,216.2171,167.6844,305.5397,277.0006,1364.4,636.31,882.82
2014-10-06,878.09,528.1108,313.1791,742.1804,216.1993,167.869,305.3226,280.9165,1360.55,630.77,867.98
2014-10-07,864.72,520.3963,307.4387,730.4337,215.9821,166.5269,299.9928,280.6538,1340.29,620.61,854.83
2014-10-09,862.58,516.5457,306.5603,733.9281,217.1502,169.7237,296.1769,277.0748,1327.62,617.5,836.82
2014-10-10,853.36,512.0464,304.0631,728.6177,218.2502,169.9784,291.6821,276.2628,1304.59,610.9,827.13
2014-10-14,840.04,504.8513,302.8228,705.8075,220.155,172.1439,284.9893,274.5597,1300.27,616.68,803.08
2014-10-15,831.64,500.8581,296.7882,700.1492,217.2335,170.7537,286.8555,271.9627,1298.58,620.98,778.36
2014-10-16,829.72,501.6412,296.7561,696.6393,217.3037,170.9029,289.735,273.3513,1311.06,626.52,791.93
2014-10-17,840.94,507.0419,300.6233,707.8816,218.579,172.1718,293.6575,273.2932,1322.12,624.69,810.13
2014-10-20,847.67,514.1144,302.4417,716.3541,221.6336,174.4252,297.8447,271.7845,1335.75,631.88,811.35
2014-10-21,862.76,523.8012,308.1015,735.36,222.4515,176.3678,304.4637,273.6618,1366.74,642.39,822.28
2014-10-22,857.28,519.3741,305.3552,731.3404,223.8563,175.9382,301.8427,271.003,1352.23,634.63,808.0
2014-10-23,867.6,526.7346,308.3383,744.1321,224.287,177.2575,301.9103,273.0865,1372.29,644.65,808.6
2014-10-24,873.33,526.1852,311.1266,754.4245,226.4368,177.3917,303.849,270.8735,1377.33,645.8,805.45
2014-10-27,872.24,527.1456,311.5638,755.3536,225.9646,178.3096,297.5956,271.0603,1376.38,645.21,790.35
2014-10-28,882.13,532.9324,315.0914,760.9084,227.5596,178.7972,300.3738,272.7455,1400.31,664.26,788.02
2014-10-29,881.17,531.1874,315.6983,761.1306,226.1722,177.9716,296.6044,275.5647,1397.73,663.58,781.07
2014-10-30,886.06,534.6989,317.2581,774.9092,230.844,179.7457,298.7832,273.3674,1401.67,668.48,771.65
2014-10-31,895.79,539.953,321.1989,778.8512,230.9258,181.2308,304.3853,272.6181,1418.71,679.5,769.59
2014-11-03,895.17,540.0463,322.2084,779.037,232.5329,182.8534,302.0477,271.1238,1420.67,677.85,766.1
2014-11-04,893.69,533.2785,322.5215,779.7196,231.1527,182.9986,298.9224,268.1315,1414.87,675.72,751.12
2014-11-05,897.99,535.5018,324.5391,778.2156,236.4989,182.8403,301.7563,268.92,1419.88,677.22,747.11
2014-11-06,900.95,540.1947,324.7761,782.6437,232.2392,181.6676,304.2437,269.791,1429.51,678.9,751.54
2014-11-07,901.57,539.1471,324.947,775.2698,234.5827,181.5155,305.7833,271.3131,1430.07,679.06,770.26
2014-11-10,904.35,538.7631,326.5703,783.0001,235.7805,182.8083,306.5759,268.4784,1434.8,681.39,765.5
2014-11-11,905.17,540.8505,325.8267,785.7674,234.9457,182.2041,307.9975,270.8079,1435.05,681.56,772.29
2014-11-12,904.75,543.6241,325.0113,784.5604,230.1833,181.1995,308.581,269.5939,1438.25,686.06,771.37
2014-11-13,906.4,546.9255,324.8462,783.7784,228.2964,182.2212,308.4515,265.1969,1431.36,680.13,764.87
2014-11-14,906.83,548.9893,323.7049,777.2554,227.4414,180.9869,309.43,267.4402,1430.85,679.36,776.63
2014-11-17,906.58,548.4017,323.7665,781.0843,230.5021,181.8135,309.3801,268.0735,1428.81,673.01,777.84
2014-11-18,910.04,549.1712,324.5616,793.4017,231.1135,182.8798,312.8535,266.4758,1436.23,675.87,784.39
2014-11-20,910.46,553.9449,324.1495,786.0721,230.415,182.3481,314.0078,268.7981,1437.99,676.91,783.57
2014-11-21,914.78,555.2099,325.892,789.1555,231.3002,183.9549,317.9686,269.7589,1444.39,677.36,789.13
2014-11-24,916.73,560.4371,327.8583,792.8459,229.2482,184.3694,316.3967,267.8443,1453.92,685.09,787.5
2014-11-25,915.24,561.7496,327.2018,793.3963,228.9964,184.9796,315.246,267.503,1453.72,684.57,780.64
2014-11-26,918.38,561.9116,327.8405,798.9784,230.1578,186.3507,315.6945,267.2957,1454.22,686.48,771.06
2014-11-28,916.24,568.4592,328.0002,803.6493,232.6145,187.0757,308.028,254.9866,1442.63,676.82,741.87
2014-12-01,910.74,562.2881,325.6425,802.0697,232.9956,186.9623,304.8995,259.4143,1424.23,667.41,725.02
2014-12-02,916.58,564.3004,328.8226,810.9125,234.6007,187.3086,306.6307,253.9491,1432.64,674.59,720.27
2014-12-03,918.62,565.3718,330.196,812.1264,233.9378,186.8788,311.0532,253.6553,1445.09,681.41,721.63
2014-12-04,917.75,564.7227,330.5292,811.1191,233.7446,187.1035,312.0058,253.6981,1441.69,678.39,707.38
2014-12-05,919.66,566.1596,333.7909,817.3357,231.8033,185.8048,311.6684,252.9488,1444.31,682.7,701.99
2014-12-08,912.98,561.3758,335.0686,820.0161,233.4524,187.1689,306.6213,248.7377,1434.09,674.26,679.83
2014-12-09,911.77,560.5602,334.2474,816.93,234.6048,187.8499,307.398,251.6733,1441.83,686.09,684.88
2014-12-10,897.62,552.6011,329.7524,803.9815,231.7556,187.6847,300.8645,247.5304,1414.24,670.48,667.91
2014-12-11,901.19,556.4838,330.8406,806.1107,234.0759,187.5186,301.077,246.0209,1421.57,672.79,663.5
2014-12-12,885.88,553.0253,324.056,792.9835,231.8364,185.7874,292.2952,244.3431,1402.36,664.2,653.78
2014-12-15,879.66,549.8058,321.3081,786.8891,229.7679,184.1844,290.7078,241.6431,1392.27,658.48,643.29
2014-12-16,871.68,541.1179,318.0986,776.8801,229.3407,183.0538,288.7179,239.3373,1389.19,657.55,642.3
2014-12-17,888.67,551.5307,325.3397,791.6606,233.777,186.6667,296.7181,240.4798,1421.03,675.56,659.0
2014-12-18,911.51,560.29,333.2338,813.6008,238.3468,188.5149,303.4214,238.4477,1444.92,684.88,665.5
2014-12-19,915.23,562.3149,333.3208,816.9547,238.3801,188.8028,306.9167,240.8821,1449.73,685.48,676.54
2014-12-22,918.57,567.6204,335.3673,807.5312,239.1637,191.7895,307.0739,237.1871,1455.31,690.73,668.36
2014-12-23,919.96,570.9576,337.3171,789.7436,239.8367,191.2049,309.5072,239.1978,1460.77,693.59,677.45
2014-12-24,919.37,569.9097,336.6541,794.9839,244.1735,190.204,308.6228,235.9189,1463.35,695.08,674.32
2014-12-29,922.19,576.9726,337.8398,803.0694,249.8725,191.3465,308.9809,233.8176,1474.4,702.66,681.61
2014-12-30,918.12,574.7868,337.4082,799.7996,244.6499,190.8294,308.3688,234.054,1467.8,700.08,687.12
2015-01-02,907.5,568.6052,333.412,795.067,241.5146,190.5129,305.8206,228.9774,1451.31,690.17,706.82
2015-01-05,891.04,557.3096,326.4271,790.2247,238.3541,190.8761,297.6379,227.2872,1428.48,679.27,693.99
2015-01-06,883.96,552.049,321.4345,788.109,238.6411,192.9312,295.5647,225.9409,1413.07,668.19,685.6
2015-01-07,893.6,560.4981,324.9836,805.9986,240.9727,195.8489,298.5209,225.6114,1430.65,675.27,683.65
2015-01-08,909.87,568.8319,329.7718,819.8636,242.6722,196.8414,305.6047,226.4384,1453.23,687.17,687.48
2015-01-09,902.13,562.3406,325.3608,813.2329,241.0925,197.1259,304.0653,226.1287,1441.28,680.74,687.21
2015-01-12,895.24,559.6765,322.5992,812.6836,240.4496,198.1331,303.1326,221.3727,1433.66,677.88,679.99
2015-01-13,892.93,559.0192,321.5101,808.7305,241.2076,197.5585,299.6127,220.2433,1432.14,680.39,670.65
2015-01-14,887.36,552.5828,316.9482,807.9373,243.4905,198.7018,296.0488,223.8295,1426.49,677.5,659.69
2015-01-15,878.33,545.6797,312.8986,799.2875,245.2309,199.2024,295.6702,220.9714,1410.91,666.51,659.24
2015-01-16,889.8,552.8434,316.6465,814.6243,247.404,200.6701,300.5498,224.792,1430.89,678.28,667.31
2015-01-21,894.5,552.6949,316.0411,814.8961,250.4148,198.7281,303.832,221.7812,1435.72,671.7,679.05
2015-01-22,908.88,563.1863,323.7816,825.2529,249.3103,202.7857,307.793,218.8815,1462.29,685.86,678.97
2015-01-23,903.14,562.2948,320.5082,821.3453,250.1485,202.7925,302.8693,217.1469,1455.79,683.82,678.18
2015-01-26,904.51,565.5215,322.0261,825.0111,250.0435,204.3426,304.2917,216.5845,1471.99,690.16,674.39
2015-01-27,888.99,561.0676,318.5054,818.7991,250.4564,203.9852,302.018,218.4547,1462.52,686.24,676.77
2015-01-29,886.36,560.8358,315.1218,813.7359,251.4048,202.4795,300.5774,213.1721,1455.35,683.97,667.11
2015-01-30,875.8,554.7885,310.0067,801.2571,245.7732,198.7771,299.2166,219.3848,1435.1,670.38,676.81
2015-02-02,888.31,559.7259,315.032,806.216,246.8365,198.9982,302.0429,220.9891,1447.19,677.97,685.25
2015-02-03,900.92,571.7692,320.3546,811.483,247.8815,200.5183,308.6037,227.9843,1473.94,690.53,692.32
2015-02-04,897.12,575.5873,319.3857,800.5368,244.6932,199.6293,306.6897,221.0318,1467.44,688.51,686.67
2015-02-05,906.02,579.0476,322.5755,813.6752,246.8015,202.0113,314.1804,223.726,1482.04,698.03,693.93
2015-02-06,904.06,578.2533,324.9299,806.8095,236.5967,196.4102,313.208,225.4133,1476.89,696.85,693.44
2015-02-09,900.71,576.2148,323.5944,797.5878,234.4747,195.6464,312.9696,228.4746,1469.46,690.49,696.19
2015-02-10,909.73,583.2988,325.924,810.0297,239.3538,196.5671,315.2786,224.2122,1480.59,693.57,691.04
2015-02-11,910.98,583.4533,325.7495,810.9449,233.629,195.7646,314.4092,222.5462,1480.1,692.97,690.22
2015-02-12,919.69,590.128,329.1725,813.6614,232.3933,197.6301,319.9177,226.661,1494.85,701.95,692.44
2015-02-13,923.43,593.495,328.8448,817.783,228.7448,196.3298,322.6335,229.7615,1502.78,705.45,696.51
2015-02-17,924.98,592.4555,330.1418,822.9875,228.5167,195.8866,322.9704,229.3668,1502.69,705.83,697.67
2015-02-18,923.17,591.7757,327.9931,824.3504,233.9172,197.509,323.6924,227.843,1507.93,708.04,697.98
2015-02-19,921.34,593.5733,326.5425,825.0988,231.3597,193.2525,324.5611,226.8192,1505.33,707.27,692.03
2015-02-20,926.63,598.0562,329.1801,833.5892,231.4604,195.2269,325.7932,225.3193,1516.84,708.67,694.94
2015-02-23,926.53,597.6973,328.0062,836.4839,233.013,196.5673,325.2742,222.52,1515.62,709.4,692.23
2015-02-24,930.21,600.0417,329.6667,835.9899,234.4377,192.3862,326.5961,222.8103,1517.72,711.17,692.06
2015-02-25,929.43,604.7764,329.8412,836.1037,230.6078,192.8779,325.7204,224.508,1516.24,710.75,699.49
2015-02-26,928.74,602.4567,328.8631,838.2112,228.8935,191.2492,323.364,221.5046,1512.4,712.84,700.93
2015-02-27,925.47,601.7031,327.5158,834.3579,228.6742,192.6706,322.6102,224.6386,1506.53,709.98,706.73
2015-03-02,931.75,608.9083,330.191,841.4303,224.1953,193.5389,324.8153,222.5347,1517.6,715.06,704.3
2015-03-03,927.68,607.4322,329.3454,834.2493,225.7963,192.8737,322.8121,222.581,1509.73,710.78,702.3
2015-03-04,924.14,603.7005,326.8382,837.5382,224.3844,191.0442,321.6314,223.7592,1503.35,706.44,698.09
2015-03-05,924.22,604.4641,328.2077,840.8335,226.0992,192.0146,320.3477,222.6723,1504.82,707.24,696.92
2015-03-06,912.0,596.9748,325.7311,824.7466,219.1493,186.2107,316.0753,220.6882,1486.62,697.18,688.79
2015-03-09,915.87,600.1512,327.1865,829.1492,219.3886,187.5832,316.4166,219.8615,1492.31,701.82,680.68
2015-03-10,899.27,590.218,320.2587,819.6917,219.0305,186.7007,311.4102,216.5894,1472.44,693.07,669.5
2015-03-11,896.43,587.4089,322.268,819.3546,217.5906,186.5866,311.2025,216.4348,1483.19,697.45,669.63
2015-03-12,907.0,599.2453,329.3064,829.812,221.7098,189.7423,315.1157,215.1983,1500.81,710.2,673.77
2015-03-16,912.95,601.4153,330.8955,846.6337,223.2017,191.3711,311.6587,210.6451,1508.91,709.92,663.84
2015-03-17,909.58,598.2976,330.2115,844.2917,222.8059,190.5988,308.0654,209.5263,1510.63,711.38,659.21
2015-03-18,919.94,603.558,331.9659,855.1701,228.8636,194.5475,312.9183,212.5729,1526.76,718.0,666.36
2015-03-19,914.82,602.5045,328.7288,859.7315,226.5994,194.0435,307.4573,211.5213,1522.35,719.03,667.09
2015-03-20,922.49,608.9501,332.926,866.4746,228.7132,198.5135,309.5643,214.6472,1539.61,727.26,670.59
2015-03-23,921.37,608.2167,331.4709,864.0223,228.976,198.4341,309.3328,216.2986,1537.13,727.86,670.56
2015-03-24,915.73,605.1522,328.6138,856.5514,226.2871,197.1387,308.4507,216.0737,1530.79,728.01,674.2
2015-03-25,901.51,595.3895,323.7125,840.8245,223.5166,193.5861,304.9949,217.7042,1505.24,712.61,677.24
2015-03-26,899.43,591.6115,323.2059,838.5327,221.7335,192.6431,305.5636,220.0417,1501.81,710.89,679.56
2015-03-27,900.19,594.6566,322.8091,844.7393,222.8916,193.0634,305.3365,215.7047,1508.51,714.63,681.43
2015-03-30,911.15,600.5921,327.2042,853.082,225.7958,195.2785,309.2749,214.7943,1529.74,723.2,680.33
2015-03-31,901.99,597.8616,324.951,840.7272,225.6784,193.2435,306.5136,212.3941,1524.03,720.2,680.07
2015-04-01,898.17,595.1677,324.3613,830.2818,225.9305,193.2703,306.8811,216.6667,1518.77,718.81,681.32
2015-04-02,901.1,600.5176,326.2444,832.1868,226.5231,194.6494,307.231,216.6338,1523.94,721.27,683.02
2015-04-06,907.01,603.3466,326.5403,833.302,229.4075,196.8438,309.7193,220.5777,1536.59,723.23,688.66
2015-04-07,906.26,600.1975,325.1148,835.4261,226.9294,193.9874,309.3532,222.4089,1524.62,718.37,689.57
2015-04-08,907.58,605.7284,326.2241,842.5432,226.28,194.1252,310.0102,216.9439,1531.29,722.83,688.88
2015-04-09,912.62,606.2778,326.6484,849.0718,225.1964,190.7729,311.0431,216.6812,1531.16,719.89,691.0
2015-04-10,918.67,608.2173,326.6525,856.2483,226.9687,190.3463,311.8108,217.6734,1534.96,722.79,698.88
2015-04-13,914.72,605.0097,327.5648,850.9368,224.6111,189.7646,310.5641,217.3741,1529.89,723.05,695.62
2015-04-14,916.22,604.5557,327.6675,852.4671,225.8688,190.532,311.8736,219.5914,1531.06,723.02,696.05
2015-04-15,921.39,604.5806,329.0995,854.78,226.3026,189.7303,315.0908,224.1463,1537.67,727.93,705.25
2015-04-16,920.73,605.8561,329.4529,854.2562,224.9274,190.7102,314.1141,226.294,1534.24,726.09,705.59
2015-04-20,919.14,603.3182,326.6532,851.9977,227.4938,189.9941,313.6596,223.285,1528.84,722.6,703.65
2015-04-21,917.05,603.7619,324.8733,857.7592,225.2987,189.83,311.2059,221.601,1528.95,720.86,700.17
2015-04-22,922.85,604.6277,327.1515,859.1172,225.8731,190.2346,311.9798,221.3411,1532.74,722.19,697.55
2015-04-23,924.58,607.4371,327.4971,862.4219,227.2686,190.6012,312.7153,224.2568,1540.2,726.4,699.48
2015-04-24,928.53,615.5841,326.6625,859.6741,229.5076,190.7281,315.3037,224.6221,1533.84,725.08,697.62
2015-04-27,925.6,610.3651,325.636,844.5125,226.6678,190.5346,318.0902,224.536,1521.89,719.78,690.1
2015-04-28,928.86,608.2691,327.5785,847.7867,228.2851,190.4454,318.2954,225.2634,1526.97,724.39,695.22
2015-04-29,926.18,604.2362,327.6332,841.0264,227.5143,186.3961,318.3942,227.8696,1518.59,716.71,697.37
2015-04-30,916.29,597.3031,325.2028,828.8464,224.5849,183.9417,315.932,230.0694,1500.19,702.97,696.0
2015-05-01,926.09,605.6644,327.7932,839.9831,225.8477,185.2778,321.462,228.5307,1513.51,707.33,699.43
2015-05-04,928.88,606.7984,330.9937,844.9366,227.4998,185.4587,320.4058,228.4156,1519.46,709.46,699.12
2015-05-05,918.54,600.5576,328.2281,835.0448,222.3066,181.4869,316.8066,231.4301,1500.0,701.32,696.75
2015-05-07,917.17,600.8955,328.4352,834.9874,221.941,183.6596,318.3205,227.4058,1505.23,706.18,685.51
2015-05-11,925.3,604.8983,331.8596,848.2508,222.0737,183.7576,321.7754,228.8522,1517.98,711.12,690.75
2015-05-12,922.43,603.6877,330.6413,844.0117,221.3963,184.0198,318.454,231.6805,1514.74,708.93,691.82
2015-05-13,922.41,599.9944,330.7469,843.8162,219.0721,182.3104,317.6514,231.7308,1515.92,708.41,693.11
2015-05-14,932.89,602.5652,333.7021,855.7368,221.3848,185.6442,321.1192,232.3601,1531.99,716.06,692.0
2015-05-15,933.12,607.0695,332.254,857.503,224.17,187.2581,322.4372,232.0479,1531.28,715.08,695.31
2015-05-19,935.37,609.4485,336.263,866.2998,225.468,186.3276,319.7191,226.7948,1540.97,721.58,694.99
2015-05-20,934.43,608.5462,335.0419,867.5361,225.8428,185.7267,319.2028,227.0076,1541.38,722.07,695.42
2015-05-21,936.8,610.7404,334.2513,867.1575,225.7236,184.6523,320.5339,228.8217,1542.79,721.79,700.51
2015-05-22,934.08,609.7357,333.9606,864.9071,225.3219,184.7631,319.9705,226.1399,1541.56,718.16,703.48
2015-05-26,924.55,605.9166,330.9626,856.5425,223.7843,183.6585,316.0929,222.2899,1524.7,709.72,691.96
2015-05-27,933.38,610.0017,333.9885,866.2467,224.4849,185.2733,318.2228,220.7479,1537.63,717.78,690.62
2015-05-28,932.52,608.5939,333.6522,866.8264,225.0586,184.7255,318.8968,221.4779,1534.38,718.05,692.16
2015-05-29,926.11,604.4126,330.5334,864.7475,224.6765,182.736,316.7188,223.7462,1524.67,712.88,692.45
2015-06-01,928.16,606.3001,331.1551,867.7393,225.012,184.8118,316.818,224.0493,1526.9,715.27,691.27
2015-06-02,927.17,607.2648,331.688,862.7147,221.8839,183.3419,317.9161,226.3973,1528.05,717.2,689.25
2015-06-03,930.12,611.6167,333.87,863.493,218.7742,180.5429,318.1098,224.1538,1535.64,724.65,691.45
2015-06-04,922.16,607.454,331.2214,857.809,218.2418,180.7072,314.0086,222.2275,1521.44,717.58,684.13
2015-06-05,919.9,605.7601,333.0778,857.3984,215.4356,178.3668,312.8207,223.0986,1526.62,722.12,689.85
2015-06-08,914.39,601.4802,331.0307,853.5872,214.0938,177.9466,311.7804,223.6045,1516.21,718.46,686.38
2015-06-10,926.9,607.0262,336.8116,863.7192,214.725,177.9999,315.3059,228.7681,1530.33,727.24,682.3
2015-06-11,928.47,608.5756,337.7077,868.1459,216.2839,179.0587,315.8652,225.8822,1537.54,727.12,682.13
2015-06-12,921.48,606.022,336.3919,858.2634,214.3647,178.6583,313.9666,224.1017,1530.89,725.95,682.14
2015-06-15,916.85,603.2172,334.9466,858.5514,213.9237,177.7236,311.9029,223.1157,1521.88,723.76,678.39
2015-06-16,922.23,606.5403,336.7183,862.8458,214.85,179.3422,313.7596,224.3475,1532.08,728.76,678.75
2015-06-17,923.95,609.371,336.2849,863.8357,216.8443,180.64,315.0123,224.0885,1531.78,727.56,681.57
2015-06-18,933.16,617.005,339.363,876.6346,219.7784,183.0938,317.7315,224.6945,1544.27,735.56,682.62
2015-06-19,927.63,615.5225,336.0757,875.5346,217.5213,181.1527,315.8521,222.6964,1540.83,736.35,683.89
2015-06-22,933.43,618.4968,338.732,882.2127,217.2192,179.6168,316.6421,223.8045,1547.91,739.92,682.34
2015-06-23,934.97,620.8225,339.7258,883.956,214.2421,178.5066,315.7573,224.9331,1549.44,742.13,683.2
2015-06-24,928.22,616.2273,336.7349,875.3669,212.5483,177.3936,311.742,224.6166,1534.32,736.38,680.48
2015-06-25,925.19,615.9336,334.4298,879.5234,211.1126,175.8065,311.4415,224.9214,1530.41,735.75,679.59
2015-06-26,925.0,618.3917,335.7749,878.204,212.2634,176.7243,310.0045,225.4569,1532.62,734.44,679.38
2015-06-30,908.26,607.2076,328.943,861.193,210.5647,174.212,303.5199,227.7536,1502.17,719.2,671.49
2015-07-02,913.77,612.7187,331.9206,865.8357,214.6842,177.2492,304.4171,225.1287,1505.76,717.55,671.58
2015-07-06,910.78,611.2367,330.7672,864.8371,215.2158,177.7147,301.6863,218.4297,1500.84,716.16,663.33
2015-07-07,915.56,616.175,331.2036,868.4606,220.5645,180.5558,300.6776,216.0884,1507.35,717.06,652.83
2015-07-08,900.8,604.6945,325.378,854.4189,219.438,179.4798,294.1564,215.815,1485.85,707.83,637.69
2015-07-09,902.71,607.207,327.8752,858.7547,217.0932,179.0567,295.1068,218.1492,1487.81,709.22,636.71
2015-07-10,914.3,615.9762,331.8513,870.2124,218.265,180.2698,299.4192,218.8145,1503.73,719.22,640.98
2015-07-13,925.26,625.0219,335.4625,877.3039,218.3269,180.5071,302.559,219.0762,1516.53,725.02,643.46
2015-07-14,929.94,625.8492,336.7771,885.9247,218.0749,180.8618,304.2444,219.9483,1522.99,728.07,645.09
2015-07-15,930.78,625.0721,339.26,886.6471,219.1187,181.1546,301.7112,217.1807,1513.43,722.54,642.51
2015-07-17,943.27,627.9308,341.8366,889.6104,220.126,181.6476,299.0016,215.094,1507.82,723.35,628.81
2015-07-20,945.61,628.1203,342.3891,892.2626,219.1213,182.2242,296.3036,212.3898,1507.49,719.86,616.97
2015-07-21,941.1,626.2518,342.0158,888.8563,217.0077,181.5308,294.6308,212.5515,1496.43,717.72,614.68
2015-07-22,937.16,628.9105,344.4162,890.3725,218.0444,182.1184,293.3818,209.8346,1499.77,719.42,608.76
2015-07-23,931.26,625.1938,341.6331,887.3992,214.8525,181.2758,289.0937,207.5077,1490.39,710.84,598.1
2015-07-24,921.21,625.0543,338.3854,865.1004,214.898,181.943,282.6631,205.5688,1476.74,701.72,592.48
2015-07-27,916.65,620.5654,335.8966,863.82,217.6881,182.5328,279.5788,203.2094,1464.97,696.86,581.71
2015-07-28,928.01,625.7291,337.5526,879.7724,218.7717,183.1138,285.5823,204.9192,1479.83,702.45,586.97
2015-07-29,934.78,631.9405,340.2083,881.8307,219.4867,183.6107,287.6787,206.0174,1497.67,706.27,584.76
2015-07-30,934.67,634.0386,340.4344,880.2827,221.0585,182.5316,289.1308,205.246,1500.29,708.8,588.3
2015-07-31,931.13,635.8098,338.8361,884.7116,223.2192,183.6242,288.2427,203.0962,1502.89,712.64,594.31
2015-08-04,925.22,636.2389,338.5332,884.2095,220.7852,183.8117,287.3243,201.3913,1496.72,708.48,589.88
2015-08-05,927.25,629.3577,339.3553,890.5298,221.4035,183.3827,288.7717,200.2963,1503.62,711.29,584.85
2015-08-06,919.47,620.9537,338.2686,871.9009,222.4174,183.9612,287.5715,199.0561,1490.45,705.22,581.03
2015-08-07,916.32,620.484,338.4076,869.8323,225.2014,184.7802,283.5072,198.8387,1488.16,701.21,576.6
2015-08-10,927.47,625.7882,342.0412,876.8611,224.2926,184.5401,290.6834,202.9793,1510.3,709.67,582.93
2015-08-11,917.65,619.4824,338.7795,869.8102,225.273,185.8257,285.0792,199.8319,1496.14,704.68,577.53
2015-08-12,918.97,616.8953,336.048,870.0497,228.8308,186.4374,285.7844,199.4158,1491.94,701.76,578.58
2015-08-13,917.37,620.4544,337.0847,868.0134,228.6881,186.6255,285.0809,198.3474,1491.89,701.0,576.01
2015-08-14,920.75,621.1779,339.4146,870.2305,230.4424,187.7162,286.352,198.4877,1501.72,706.9,573.21
2015-08-18,922.24,627.7985,339.7596,877.945,230.8556,189.1679,286.1149,197.2893,1507.05,708.02,563.42
2015-08-19,914.48,626.3321,336.8269,874.1822,231.8365,188.0779,282.5666,194.2644,1491.21,701.36,558.17
2015-08-20,895.2,608.8037,329.645,854.1449,230.4715,186.4879,277.5275,195.1715,1457.32,686.3,548.92
2015-08-24,830.79,565.1279,304.28,794.3472,219.2093,174.1759,259.3438,186.7148,1366.11,651.04,518.49
2015-08-25,819.58,562.8909,299.2646,783.1087,212.277,169.3258,254.6827,188.1569,1351.29,644.28,526.54
2015-08-26,854.69,584.5724,310.742,816.6252,215.8436,174.1688,261.8634,185.7681,1386.46,659.31,529.7
2015-08-27,875.38,598.3216,318.9106,832.287,218.4358,177.8802,271.3535,193.1465,1419.72,670.52,545.55
2015-08-28,875.58,598.4561,317.7044,828.83,217.7862,177.4246,273.0357,197.6243,1426.23,674.84,555.67
2015-08-31,868.22,594.0695,315.3129,813.507,214.28,173.6873,271.5851,202.6284,1416.75,674.86,559.16
2015-09-01,841.77,578.5501,304.2973,792.0898,208.5457,170.1391,262.9795,196.5206,1376.69,656.27,547.97
2015-09-02,858.7,590.6927,308.7381,807.7412,208.5746,172.1747,266.7612,197.3002,1396.32,665.34,550.05
2015-09-03,858.37,591.0402,310.1659,802.606,209.6516,172.5954,268.4009,199.0286,1403.21,666.77,553.75
2015-09-04,844.77,584.4314,304.1824,792.0907,206.5117,169.0301,262.9632,197.2247,1386.27,660.68,552.61
2015-09-08,866.03,598.002,312.0266,814.7793,210.735,171.7996,269.634,198.9193,1419.68,674.34,556.62
2015-09-09,853.41,591.3334,307.7573,801.3645,208.0668,169.4121,267.5204,196.3207,1404.21,667.68,550.35
2015-09-10,859.15,592.9426,309.1666,808.7075,207.6669,169.7359,268.084,198.5387,1406.61,668.41,549.28
2015-09-11,863.01,597.3258,310.2657,814.2866,209.3251,172.262,267.6572,197.2497,1414.47,670.37,547.2
2015-09-14,859.75,593.9522,309.3635,811.3844,209.8654,172.0266,264.2367,196.327,1407.93,667.97,544.1
2015-09-15,871.53,600.3658,313.9241,822.4632,210.9106,173.6546,266.4513,196.5437,1424.0,675.5,548.43
2015-09-16,878.47,607.2288,315.9239,825.3073,213.0341,175.7586,270.2968,199.5127,1437.32,681.85,553.38
2015-09-17,875.52,608.7478,311.7721,832.4711,215.832,177.4055,268.9136,198.7503,1436.18,682.98,551.32
2015-09-18,861.37,599.4729,305.7867,820.3138,214.4909,176.9222,263.4057,194.7085,1413.0,671.34,549.91
2015-09-23,854.81,594.719,305.19,802.9365,213.236,176.7294,253.8577,192.897,1397.12,663.72,545.21
2015-09-24,852.34,592.8646,302.9985,794.4701,214.9782,174.935,253.1209,194.1044,1390.62,663.23,544.19
2015-09-28,831.65,575.7589,300.1438,743.3296,215.8667,172.8451,244.6177,193.3261,1352.81,644.88,526.62
2015-09-29,832.55,574.0755,301.289,750.0227,216.0553,175.01,245.6375,194.0988,1351.64,641.76,523.63
2015-09-30,848.26,589.3723,305.3279,766.0641,219.8232,176.7703,250.8971,194.2895,1368.91,650.19,524.58
2015-10-01,850.35,593.6582,305.7497,772.8602,217.2077,177.721,253.5515,193.0317,1366.44,647.03,525.89
2015-10-02,862.27,602.1234,305.5703,788.9998,220.0674,179.1779,259.6708,194.6316,1386.08,654.67,525.56
2015-10-05,877.75,610.8246,312.1588,791.5823,223.0322,182.5463,266.5269,196.9145,1413.26,672.36,529.91
2015-10-06,876.03,606.537,310.7416,773.1296,221.4193,181.8447,269.9324,200.6759,1407.06,668.9,538.69
2015-10-07,882.95,608.6175,313.2036,784.4863,220.7411,183.4563,273.5404,200.1355,1424.53,679.69,542.68
2015-10-08,889.78,615.7525,314.8074,787.4822,223.3978,184.9993,277.4113,201.8485,1440.09,687.57,547.04
2015-10-09,890.85,616.7897,313.0289,790.9771,222.4915,184.5644,277.2598,203.2385,1442.46,687.76,552.26
2015-10-14,882.25,610.0275,308.4925,781.083,223.9125,182.886,276.1619,200.3704,1417.67,672.8,556.76
2015-10-15,896.52,617.7165,315.6164,798.1239,227.0989,185.4699,276.8376,199.5301,1433.71,685.68,556.71
2015-10-16,901.24,621.4,316.9916,806.0783,227.5973,187.3143,276.9085,199.9878,1434.35,685.92,556.29
2015-10-19,901.87,624.2075,316.9018,808.2875,227.5845,189.8172,274.7703,197.2616,1438.14,687.28,551.93
2015-10-20,899.63,622.7875,318.5697,796.0205,228.2921,189.6025,275.3969,197.9597,1438.35,688.53,550.8
2015-10-21,895.57,620.4033,316.1122,789.1706,227.9362,189.3541,272.8471,196.1172,1422.22,678.03,544.44
2015-10-22,911.67,629.0432,321.6731,784.9282,230.6311,192.073,280.3454,196.1414,1432.76,684.0,547.75
2015-10-23,925.72,631.6632,324.9547,800.5219,226.5289,189.7772,282.594,194.2398,1439.84,690.75,551.21
2015-10-26,924.24,636.5173,323.886,804.5538,225.5849,190.1175,280.5882,192.8019,1437.14,688.1,546.87
2015-10-27,922.59,633.1543,321.9439,818.4935,224.9425,190.0193,279.2253,191.8548,1424.65,679.83,542.48
2015-10-28,933.57,639.1356,329.7016,826.405,222.4006,190.3335,283.5576,195.6037,1453.57,698.55,546.15
2015-10-29,933.09,640.8781,328.4062,829.5971,221.0045,190.381,283.8547,194.6855,1445.78,691.7,539.65
2015-10-30,926.74,642.3396,323.9721,824.9919,222.1267,188.9456,284.6385,196.1379,1444.77,689.36,542.03
2015-11-02,937.7,645.1629,329.2146,841.4771,222.4494,193.3779,286.171,195.4433,1465.97,702.01,539.59
2015-11-03,941.18,647.7756,329.0505,838.7386,223.0823,191.3793,287.3869,198.0938,1467.2,705.39,541.28
2015-11-04,938.0,643.5841,327.8109,834.9622,224.0174,190.2781,285.5304,194.6625,1464.49,703.21,542.16
2015-11-05,936.54,645.9851,329.1922,831.8845,222.2153,190.2552,283.9834,192.9598,1464.93,705.01,539.58
2015-11-06,937.57,645.8355,332.6488,829.0171,214.1361,184.0956,284.6476,191.5551,1463.32,708.39,534.28
2015-11-09,928.25,637.1877,328.7283,822.3232,214.7623,181.7217,282.7243,189.741,1450.33,697.86,533.72
2015-11-10,929.09,642.4169,330.1544,827.2995,216.2029,183.1747,280.5023,189.9348,1457.24,699.56,531.5
2015-11-11,926.96,639.2353,329.4603,819.7163,218.1293,183.5983,280.8548,188.8648,1449.04,693.99,528.42
2015-11-13,903.04,616.2009,321.4295,802.9036,214.8483,180.0893,278.5094,185.2755,1406.06,675.85,523.93
2015-11-16,916.5,623.773,325.4477,812.9606,218.4895,182.4272,282.0576,185.929,1423.36,683.88,526.11
2015-11-17,915.45,625.1028,324.6977,816.2604,214.45,182.6748,281.7682,184.2216,1418.54,682.46,519.3
2015-11-18,930.9,635.7498,330.6381,832.5871,216.0453,185.0379,286.6264,184.1132,1442.44,692.62,520.78
2015-11-19,929.98,636.1848,331.0757,818.9766,218.1822,185.6631,286.1955,184.6278,1440.5,690.22,518.35
2015-11-20,932.99,644.0295,331.5107,825.0208,219.1656,187.7882,285.4292,184.2444,1447.05,695.89,520.65
2015-11-23,931.04,646.2593,330.2307,823.408,216.9702,187.9017,285.6031,183.9428,1451.21,698.36,521.16
2015-11-24,931.93,644.9134,329.2212,825.2442,216.3502,186.6445,287.8752,185.7835,1459.03,703.05,518.98
2015-11-25,931.35,648.0883,329.3414,829.7224,215.1256,187.3396,286.1387,186.2201,1464.25,707.25,519.19
2015-11-27,931.53,645.4592,330.369,831.1559,215.6249,188.6838,285.8268,183.7552,1468.98,709.5,522.01
2015-11-30,926.44,640.0183,329.4777,820.0366,216.0094,187.1505,286.312,183.0543,1461.81,706.75,523.47
2015-12-01,936.69,646.4962,333.6618,834.2052,217.6637,190.0834,288.4072,184.9144,1473.14,711.36,520.43
2015-12-02,927.02,640.682,329.5283,826.6,212.8941,186.1912,284.654,181.3589,1456.09,704.54,514.53
2015-12-03,914.07,630.9613,324.2403,808.3366,211.0583,183.5342,282.0438,183.8245,1431.74,693.25,511.72
2015-12-04,933.77,643.4359,332.8621,827.978,214.3019,187.2951,287.0527,183.7632,1449.08,700.33,517.13
2015-12-07,927.76,640.4846,329.9109,823.2163,215.0149,187.128,281.9612,179.0786,1434.44,690.1,507.29
2015-12-08,921.18,638.4176,325.5703,824.7634,214.5034,186.9559,276.4921,177.9023,1424.25,685.69,506.34
2015-12-09,914.38,630.6159,321.8175,816.6751,214.5732,185.517,284.9673,178.0708,1407.84,677.65,505.24
2015-12-10,916.84,632.1635,321.9901,823.03,211.0296,183.9558,282.8104,177.5391,1411.37,679.15,504.28
2015-12-11,898.49,617.4662,314.9942,810.2238,210.3886,183.3033,275.2589,175.3621,1389.16,666.08,502.09
2015-12-14,904.43,620.3042,315.4861,815.1166,211.351,184.3371,271.3937,174.7716,1381.91,662.21,496.18
2015-12-15,914.09,623.8913,322.9858,825.8446,213.2217,186.3044,272.8255,174.7364,1396.45,671.41,495.75
2015-12-16,927.77,634.4441,328.2599,836.5827,218.6848,189.9157,275.7377,172.3157,1411.18,680.95,498.21
2015-12-18,896.05,615.0737,314.9621,815.6651,216.1547,185.8025,266.8715,172.6652,1375.27,662.68,501.3
2015-12-22,910.44,621.4975,320.6424,828.5365,217.9527,187.8534,272.4246,172.4651,1396.83,673.85,502.04
2015-12-24,918.84,623.3911,324.5003,838.3029,221.1254,190.1237,278.2933,176.6208,1416.1,683.25,516.83
2015-12-29,927.4,632.0748,327.2508,844.6278,222.669,192.871,278.6668,177.8807,1424.43,687.44,518.2
2015-12-30,920.77,627.1241,324.6753,840.7795,222.3364,191.7711,275.7775,175.4255,1413.11,680.78,520.86
2015-12-31,911.43,621.0201,321.7279,833.2328,220.0013,190.2187,273.6357,176.6797,1398.58,671.74,525.66
2016-01-04,896.54,609.8854,315.1395,817.3144,219.4144,187.9275,269.0746,175.0216,1379.18,655.78,525.65
2016-01-05,897.66,608.8404,316.1903,821.8653,221.1409,191.7461,269.0132,173.5992,1380.31,657.77,524.26
2016-01-06,886.78,602.7886,311.2848,815.0334,220.7239,190.4752,262.0026,169.9767,1360.83,650.21,520.37
2016-01-07,864.48,590.656,302.4998,798.3168,219.1633,186.604,254.8326,169.0606,1326.49,633.92,513.75
2016-01-08,855.58,584.2697,297.7638,786.8228,219.1163,184.0319,252.2328,169.0998,1308.48,623.42,514.67
2016-01-11,858.07,589.405,298.8182,777.4767,220.4356,184.9881,248.2165,164.7478,1304.0,623.1,507.32
2016-01-12,865.21,595.4668,300.4819,786.719,219.3649,184.0535,248.5807,162.5804,1309.57,624.7,500.32
2016-01-13,844.08,575.3664,292.6561,763.6533,219.3527,181.3855,242.8977,162.8989,1274.37,607.34,495.72
2016-01-14,859.77,579.6225,295.6265,784.0703,222.6365,181.4537,246.2087,163.6332,1288.98,616.34,495.37
2016-01-15,839.89,567.5022,288.6822,773.2103,220.6553,179.1446,241.1361,160.4365,1269.83,608.63,488.96
2016-01-20,829.78,564.3036,282.5064,774.1099,218.8127,174.9318,236.5654,156.8138,1254.93,603.67,473.74
2016-01-21,834.34,572.0422,281.6734,772.0509,218.8111,176.4482,238.6772,159.6456,1256.84,602.2,475.05
2016-01-22,851.34,581.7882,287.1662,784.0349,222.6281,181.1244,242.8964,164.3246,1287.77,614.97,483.67
2016-01-25,838.72,574.9384,280.5994,776.6323,220.6769,179.5053,234.9662,160.9735,1261.38,603.09,482.61
2016-01-26,850.03,583.4036,285.5886,782.7314,222.3504,183.0345,239.1777,163.2016,1289.78,617.76,489.6
2016-01-27,839.84,574.5874,284.4744,774.1136,222.7798,179.7287,237.2286,164.7086,1276.58,608.86,489.87
2016-01-28,847.84,581.621,284.6873,756.2831,226.3759,178.0425,237.7232,165.7519,1276.53,610.51,492.43
2016-01-29,868.34,588.7802,292.8964,769.4767,230.7725,181.4428,244.5939,167.2924,1317.74,629.95,499.52
2016-02-01,866.62,591.681,291.2105,769.8307,233.1821,181.7072,245.6042,164.0202,1316.95,627.84,500.94
2016-02-02,851.09,580.3877,283.6205,758.6494,234.0448,179.697,243.8904,160.7052,1289.11,615.17,494.99
2016-02-03,854.6,578.4276,283.4651,762.384,236.8407,180.4599,251.9984,164.7262,1297.57,616.69,500.2
2016-02-04,854.91,575.1513,286.0564,758.8688,235.8719,180.5775,258.9481,163.991,1306.98,619.78,504.48
2016-02-05,839.77,556.8218,282.154,744.0132,236.5933,175.6146,256.2406,162.467,1279.32,605.16,508.15
2016-02-08,832.17,545.8484,274.6997,733.6089,235.6189,170.292,249.2997,161.1147,1256.34,599.74,508.25
2016-02-09,830.97,544.411,274.2476,738.8946,236.463,167.2053,252.1722,157.1015,1252.75,597.03,505.49
2016-02-10,829.61,543.9927,272.9722,745.6933,235.8069,168.2212,249.7283,156.9231,1256.5,595.27,505.31
2016-02-11,820.61,543.5358,264.8866,732.9887,231.3948,166.0712,244.3106,155.5308,1238.82,588.26,508.29
2016-02-12,835.89,553.267,275.5011,743.4165,230.6033,168.3008,251.2659,160.9027,1261.89,598.52,511.14
2016-02-16,848.39,566.9364,280.3681,757.0367,231.9867,171.1797,255.0777,159.4055,1289.23,611.77,510.4
2016-02-17,861.75,578.9055,283.8854,767.0443,231.4821,172.8427,260.117,163.0923,1309.21,618.92,518.04
2016-02-18,857.16,575.0336,282.1607,761.7575,235.2756,174.4262,258.9839,162.4433,1305.75,617.71,525.88
2016-02-19,857.25,576.9189,282.4828,760.9257,233.7913,175.0738,256.2354,160.1803,1305.68,620.28,530.79
2016-02-22,868.77,587.9414,286.7078,771.2611,236.4014,177.2763,261.0242,163.1984,1323.37,627.14,534.41
2016-02-24,860.15,588.13,280.8998,768.0063,237.6754,176.6338,257.3295,162.0553,1319.76,629.4,533.74
2016-02-25,869.61,593.9597,284.7705,777.9033,240.026,179.7494,260.585,163.2023,1334.29,635.51,534.31
2016-02-26,866.94,593.2458,286.6445,776.2821,233.4732,179.1543,264.0912,162.2344,1340.28,637.42,538.06
2016-02-29,859.44,590.1923,283.6141,764.0326,233.9417,179.0395,262.457,163.7783,1334.2,636.03,541.73
2016-03-01,881.01,605.682,293.6582,780.4163,232.7901,184.1701,269.182,164.4472,1363.3,647.79,541.69
2016-03-02,884.18,604.9918,296.3399,781.5551,233.8418,185.2034,268.0095,165.1966,1375.38,653.07,546.23
2016-03-03,885.73,608.3489,298.2131,778.827,235.2267,185.8247,269.449,165.6215,1389.82,660.51,552.9
2016-03-04,887.86,608.1737,299.4186,777.665,237.9709,186.1617,272.6358,169.1474,1399.2,664.31,562.39
2016-03-07,887.58,605.3285,299.343,783.9013,239.29,186.3511,275.8263,172.3172,1405.47,671.81,571.44
2016-03-08,879.75,600.2835,294.3303,773.8143,241.2624,184.6001,270.4091,170.0771,1379.7,656.67,570.55
2016-03-09,883.89,601.155,294.7236,775.12,242.4861,185.3667,272.1985,172.8385,1384.87,660.18,569.62
2016-03-10,883.47,602.1665,294.556,775.5531,242.6988,185.1121,273.6508,172.5063,1381.2,655.47,574.52
2016-03-11,896.55,611.6383,302.3883,790.5754,243.0294,189.8597,278.477,174.1525,1407.13,669.06,576.31
2016-03-14,895.41,614.0459,301.1104,787.3154,243.2397,189.6238,276.6618,173.0112,1402.17,665.88,570.79
2016-03-15,895.49,613.9664,300.748,774.6136,243.7785,189.8392,274.1354,171.6966,1392.52,656.78,567.41
2016-03-16,899.09,618.4508,300.28,772.4269,246.1978,191.6621,278.9142,174.3936,1406.82,661.14,575.4
2016-03-17,904.69,620.1433,303.8311,764.3343,248.791,194.7115,285.0596,178.3073,1421.56,672.65,579.2
2016-03-18,907.88,620.7546,306.9046,774.4733,247.227,193.86,285.208,176.9942,1429.8,678.79,580.82
2016-03-21,909.72,620.9887,306.3261,777.9272,246.9255,192.4281,283.7706,177.0183,1429.66,676.66,582.41
2016-03-22,908.9,619.5017,305.4424,784.8662,246.0411,192.4112,283.9405,177.772,1429.93,675.07,583.88
2016-03-23,903.95,615.6128,303.1249,779.9682,247.8332,191.4873,280.4561,173.8843,1412.12,663.96,576.14
2016-03-28,903.87,619.2835,302.0581,777.0723,247.6897,193.2125,281.8758,173.2152,1418.35,666.93,575.8
2016-03-29,911.22,625.1326,302.5278,786.14,251.1634,196.644,282.8821,172.1149,1443.44,684.94,577.21
2016-03-30,915.75,629.0296,304.3396,785.5729,250.575,196.1285,284.3248,171.6196,1443.58,686.12,576.89
2016-03-31,912.93,628.4413,303.7086,783.8516,251.9268,197.1647,281.8121,171.1669,1445.19,686.97,581.08
2016-04-04,917.12,626.1946,304.5861,801.8941,251.9063,197.5773,280.9688,166.4248,1437.93,680.69,582.75
2016-04-05,908.59,620.9168,300.1925,792.0452,247.157,196.2391,278.9711,165.8573,1423.04,672.61,583.42
2016-04-06,918.21,626.7812,301.9373,813.0026,246.86,196.9925,281.422,168.1672,1436.78,678.31,587.38
2016-04-07,907.23,619.5484,296.0881,804.346,246.7874,195.7373,277.8883,167.4791,1418.34,668.72,597.44
2016-04-08,909.03,618.5919,297.2874,800.8884,247.9226,196.9304,280.5408,171.6988,1427.22,672.42,603.92
2016-04-11,906.57,616.095,298.3021,795.5104,246.9345,196.1222,281.931,172.4891,1424.81,671.32,619.79
2016-04-12,915.5,621.0232,302.3035,802.1004,248.7322,197.4562,285.2052,176.1661,1439.75,677.94,626.92
2016-04-13,924.29,629.3891,309.0947,809.0951,247.1104,196.6833,288.659,176.3344,1463.98,692.9,621.72
2016-04-15,923.97,631.2797,309.0386,809.7101,248.4044,196.6148,289.3553,174.3115,1464.77,692.63,633.84
2016-04-18,930.14,637.0411,311.1751,816.9817,249.2241,197.7646,290.6925,174.7929,1470.94,697.65,638.34
2016-04-19,933.66,634.0044,314.6307,819.3911,249.5278,197.6789,296.8858,178.6203,1476.77,700.05,649.32
2016-04-20,934.55,634.2377,317.4167,824.3272,243.4278,194.6916,296.0558,182.1485,1477.49,700.32,654.25
2016-04-22,928.35,630.8666,317.6532,830.8821,240.3679,193.6065,296.6237,180.361,1477.05,702.1,656.18
2016-04-25,927.48,631.844,316.7342,827.7989,240.8171,194.789,294.8016,179.5767,1469.34,696.24,651.91
2016-04-27,926.62,632.6221,319.2895,823.2083,244.608,194.7399,300.2123,183.2137,1488.33,708.27,657.96
2016-04-28,918.85,625.5773,315.7424,818.3396,244.4027,194.0014,297.5009,183.8903,1469.55,698.39,665.14
2016-04-29,915.02,628.7649,313.6368,806.3373,245.7634,192.6524,295.6218,185.3462,1461.65,694.56,674.87
2016-05-02,922.35,637.5279,317.1123,811.0161,247.7019,195.4583,296.6815,183.2584,1473.66,700.03,671.23
2016-05-03,915.0,631.9365,312.8955,808.6178,247.6567,195.2532,291.5095,180.565,1454.3,690.09,662.37
2016-05-04,909.44,628.9486,310.4348,800.8583,250.3929,197.9406,288.7356,180.5939,1448.13,686.32,653.37
2016-05-06,912.1,629.1285,311.3254,799.4545,247.7018,200.0286,289.6738,180.6349,1452.71,687.93,668.94
2016-05-09,912.54,631.1318,310.7202,808.5027,248.9997,201.6062,286.0426,177.7515,1453.12,687.87,657.42
2016-05-10,924.4,639.0438,315.0058,815.1564,249.3011,202.1538,291.001,181.0114,1469.73,693.32,661.1
2016-05-11,915.62,626.3953,311.4528,804.8755,249.8983,197.5455,289.5436,184.0798,1455.07,684.85,669.48
2016-05-12,915.96,627.2184,311.9292,800.2178,251.0605,198.9216,290.9325,184.3932,1453.78,682.19,673.59
2016-05-13,907.81,620.3269,307.9232,798.631,249.8611,196.5398,288.035,183.2913,1440.6,677.3,679.68
2016-05-16,916.3,623.9288,309.6201,809.4721,250.1452,198.3093,292.6639,185.3397,1454.78,684.15,686.41
2016-05-17,906.82,616.7378,307.5015,800.8818,245.9767,195.0605,291.5466,186.6179,1438.81,672.66,686.17
2016-05-18,907.76,613.1404,313.2451,803.6317,241.2105,192.3985,287.0464,186.1604,1436.15,676.19,674.25
2016-05-19,904.24,612.5801,310.3622,797.1555,243.4558,190.5099,288.1272,184.6392,1431.1,670.97,678.23
2016-05-20,909.15,616.5876,312.2567,803.6491,244.0002,191.8149,289.956,184.9666,1450.11,680.89,686.14
2016-05-24,919.19,622.0945,316.8033,811.7571,244.3245,194.0242,295.3292,184.1075,1471.49,694.02,675.31
2016-05-25,926.3,625.1196,320.077,816.9797,243.6037,194.3761,298.7928,186.072,1481.2,697.88,677.08
2016-05-26,926.16,626.3978,318.185,817.0417,246.187,194.4799,295.5111,186.3615,1480.65,696.98,679.93
2016-05-27,929.49,629.4374,320.4317,821.2041,246.7705,195.3196,295.5785,186.9159,1492.07,702.85,668.54
2016-05-31,927.65,628.7757,319.3438,822.3631,248.1564,195.1975,293.9859,186.9397,1493.05,705.14,678.09
2016-06-01,928.1,627.9362,320.2285,825.4903,248.9507,194.9277,294.8392,187.6158,1498.52,710.11,676.02
2016-06-03,927.46,627.5794,316.2877,833.576,252.9127,196.2357,298.5603,189.4718,1500.9,709.55,693.72
2016-06-06,931.9,628.3377,318.0642,838.2136,252.4527,195.1867,301.2499,192.0893,1512.82,717.38,702.59
2016-06-07,932.23,629.1536,317.1429,832.5656,252.0215,196.302,301.2932,193.2529,1518.74,720.15,701.04
2016-06-08,935.27,629.6857,317.7426,836.5604,253.5731,196.9223,303.2324,196.6634,1525.14,726.38,711.37
2016-06-09,933.58,628.4576,315.291,834.5767,255.801,197.1741,301.2812,195.9562,1520.98,722.51,720.17
2016-06-10,926.75,621.9739,311.3899,827.0099,255.0934,196.3843,299.2108,193.7204,1499.07,712.58,715.59
2016-06-13,919.45,618.0778,308.9948,820.9154,254.7251,196.3276,295.4203,193.7355,1482.32,704.3,715.87
2016-06-14,918.46,616.4707,304.5065,821.6791,256.0719,195.4939,293.1344,193.043,1477.43,703.9,707.75
2016-06-16,919.54,620.4176,305.714,818.8013,255.9268,198.4525,295.3311,189.7178,1478.81,703.01,709.41
2016-06-17,914.95,619.5118,305.368,809.8285,256.8082,197.9293,296.731,193.2155,1479.95,701.48,715.36
2016-06-20,919.27,624.9244,307.1615,814.7704,255.7707,198.191,298.2643,195.2597,1494.98,710.04,715.4
2016-06-21,922.05,623.6449,308.8204,812.4694,256.1912,199.4368,297.3692,193.9256,1494.67,708.28,708.23
2016-06-23,932.58,628.4587,314.9476,825.4119,255.8854,200.649,302.4004,194.3783,1517.51,719.19,710.22
2016-06-24,900.51,605.6918,297.9179,802.1984,256.1245,197.5057,289.1472,189.5228,1457.59,692.01,710.79
2016-06-28,902.36,605.8397,296.7698,806.544,260.2494,201.9326,281.4323,192.3974,1442.5,679.84,707.25
2016-06-29,916.82,615.7686,303.6266,821.5857,260.973,204.8842,286.1945,195.5041,1468.2,693.87,721.1
2016-07-05,924.71,621.3752,302.0919,833.8255,268.4913,208.5693,285.3397,190.5136,1482.3,700.06,750.09
2016-07-06,929.84,626.6251,303.1902,843.5245,269.1415,207.5162,286.3586,190.8125,1490.02,704.31,757.65
2016-07-07,929.34,629.1058,303.4792,841.7115,264.267,205.4559,287.1597,186.5408,1492.6,705.56,747.79
2016-07-08,942.25,640.1542,309.0664,850.8491,266.8652,208.9426,294.2662,188.02,1520.42,722.4,752.12
2016-07-11,945.64,643.7301,310.8244,849.4242,266.6443,209.9955,295.6764,187.5558,1529.13,730.53,759.15
2016-07-12,950.99,646.68,314.6478,853.4051,263.0016,210.4858,301.1387,191.0942,1543.72,740.23,749.59
2016-07-13,951.02,643.6014,314.7768,853.4229,265.0129,211.2916,302.054,189.4501,1540.69,739.28,757.69
2016-07-14,956.63,646.2153,317.5655,856.7307,263.2876,209.9797,304.5519,190.9651,1544.06,739.46,764.96
2016-07-15,955.92,643.3049,317.0218,856.2524,264.065,209.7943,305.7689,189.7228,1543.63,740.72,766.36
2016-07-18,958.71,645.3623,318.1736,856.2423,264.6805,209.9235,307.8647,189.0606,1545.07,741.31,763.74
2016-07-19,958.42,644.1807,318.419,854.8283,264.2856,210.8815,305.7387,186.9628,1542.18,736.75,768.62
2016-07-20,962.44,646.7213,318.8465,862.0633,262.9839,210.7164,306.2647,185.9426,1549.51,741.33,754.76
2016-07-21,959.08,645.0763,317.4325,865.1237,264.4446,210.9671,304.3222,184.5174,1542.07,736.99,766.2
2016-07-22,962.29,648.1339,319.3045,866.9094,267.9233,212.7432,304.9294,183.7502,1552.34,741.86,769.97
2016-07-25,959.17,648.9989,318.5278,865.6646,267.5408,212.2923,304.6165,182.1572,1546.8,739.19,766.34
2016-07-26,957.09,647.9328,319.0005,864.2182,265.2136,211.6267,306.8057,182.0673,1554.71,743.72,770.91
2016-07-27,958.59,645.7201,318.7685,867.7794,262.1159,209.6021,307.0227,180.4609,1548.49,745.31,781.71
2016-07-28,959.6,647.2285,319.4921,867.4347,262.8966,210.7499,306.7159,180.0567,1553.44,742.86,784.95
2016-07-29,961.75,647.8101,318.8959,869.7751,264.7474,212.6391,305.2923,181.8657,1559.46,743.98,796.17
2016-08-02,957.12,639.1514,315.3626,871.3258,263.1352,210.4233,302.6134,178.158,1537.29,732.5,805.39
2016-08-03,958.83,640.7657,318.3939,869.2396,261.5354,209.0828,303.3477,180.6431,1546.64,736.52,805.18
2016-08-04,958.94,640.4452,317.2956,867.2948,261.2506,208.4987,304.4865,182.209,1546.97,736.86,807.42
2016-08-05,966.92,647.3136,323.4138,869.5023,257.6469,208.5461,305.5467,182.665,1562.55,746.67,806.69
2016-08-08,965.98,645.1926,323.7583,862.1493,257.3639,208.5852,306.1168,183.6703,1562.57,745.69,815.56
2016-08-09,966.93,643.0455,324.0813,864.2483,257.1028,209.5566,305.1159,182.3005,1562.5,745.86,823.5
2016-08-11,967.66,651.0591,322.1019,865.7445,257.2651,207.3263,306.4941,182.8661,1560.09,745.08,836.65
2016-08-12,966.51,650.8685,321.4226,864.0265,257.4689,207.8999,302.8742,183.5615,1557.77,744.16,833.29
2016-08-15,968.82,651.7025,323.2723,865.1126,253.4787,207.5868,305.8103,186.0417,1569.1,750.96,836.1
2016-08-16,964.56,648.1467,322.3399,857.3537,250.4391,205.1692,304.373,187.5437,1553.79,745.71,838.55
2016-08-17,966.49,646.8337,323.5129,859.3309,254.1548,205.8664,304.1395,187.8076,1550.28,743.88,828.48
2016-08-18,967.08,646.4898,323.4826,859.3488,257.2675,205.4511,306.1271,190.2615,1561.52,748.81,837.58
2016-08-19,964.8,646.3061,323.0502,858.2345,254.1445,203.7363,306.7224,189.7011,1562.8,748.85,833.11
2016-08-22,964.15,645.7498,323.1336,859.4016,254.8544,204.648,306.524,187.999,1563.68,750.77,820.24
2016-08-23,965.39,648.8672,323.4993,860.3652,253.6202,204.7188,308.9369,189.301,1571.26,756.14,817.79
2016-08-24,961.46,645.9844,323.1037,846.5357,253.615,203.9911,305.3597,186.6602,1560.9,751.55,789.52
2016-08-25,959.81,643.6027,324.0074,839.8197,253.721,204.8383,306.8611,187.1613,1564.8,754.01,801.93
2016-08-26,959.06,641.8618,324.207,842.7675,248.3594,202.764,305.0043,187.0302,1559.67,751.91,805.53
2016-08-29,963.55,643.8271,327.3712,845.0356,250.3071,204.8545,307.8872,185.3503,1570.79,756.18,805.93
2016-08-31,960.08,638.631,330.2807,839.2819,248.4934,204.5251,304.3758,181.1052,1564.76,753.07,785.75
2016-09-01,960.24,639.7863,328.9526,837.5934,247.457,204.3712,305.3684,179.0994,1563.58,753.11,794.0
2016-09-02,963.67,640.7079,330.5511,837.9835,250.5243,205.7634,307.889,180.8948,1578.68,761.87,810.92
2016-09-06,966.84,641.7265,329.7791,841.2716,253.3295,207.7288,307.3488,181.8072,1576.04,760.43,825.38
2016-09-07,966.12,641.74,329.7994,840.5988,253.0484,208.4353,307.0077,183.3905,1581.51,765.47,821.89
2016-09-08,964.34,636.7525,329.4601,841.5951,253.9277,205.9011,305.6499,186.5706,1574.28,762.63,825.6
2016-09-09,942.62,621.1141,323.2541,824.4016,244.4048,197.7889,296.848,183.4608,1528.31,739.97,812.16
2016-09-12,956.2,630.0808,326.9736,837.3872,248.636,200.2957,299.6775,183.8684,1545.97,748.18,813.9
2016-09-13,943.33,620.5869,321.0105,824.935,245.1981,195.1333,293.9407,181.4824,1517.26,734.82,797.17
2016-09-14,943.29,620.7821,319.9681,824.2793,246.3229,195.6903,293.2885,180.4138,1512.78,732.28,802.35
2016-09-15,952.6,625.0718,322.1184,833.4913,248.0522,196.5944,295.0415,181.603,1528.69,741.61,802.62
2016-09-16,948.8,624.0702,319.1795,834.4049,250.3209,196.2191,293.9089,181.7131,1520.96,740.5,799.24
2016-09-19,947.35,623.4106,320.7517,830.9618,252.8086,198.1264,294.4827,182.5787,1532.39,744.85,801.68
2016-09-20,948.77,624.0143,321.0536,834.1583,252.3216,197.7734,293.5515,183.9175,1525.35,742.36,803.21
2016-09-21,957.25,629.6669,323.1761,842.5203,257.6166,200.1682,297.9493,185.8193,1544.67,753.13,813.29
2016-09-22,963.2,634.5341,324.0673,848.8996,259.0769,203.9803,298.8321,187.2915,1562.94,764.64,810.55
2016-09-23,957.95,633.0946,321.8159,845.9688,258.7501,204.5589,297.3302,184.0496,1550.82,759.39,810.89
2016-09-26,948.76,626.0271,316.8738,835.6035,258.2145,204.8836,295.7516,185.9481,1542.52,750.08,805.8
2016-09-27,955.65,632.2452,319.6002,841.8056,254.9931,203.3459,296.9499,184.0643,1544.28,751.34,794.49
2016-09-28,960.06,634.1703,321.0907,840.7377,254.2471,204.4259,299.9126,186.8784,1556.95,758.22,801.47
2016-09-29,950.92,630.7875,316.3138,825.2983,250.5643,201.8643,297.7385,186.8037,1539.57,748.98,799.09
2016-09-30,958.68,635.9608,320.8177,833.7876,248.7887,200.8144,299.8661,187.2954,1552.26,756.9,800.23
2016-10-03,956.16,635.6743,319.4511,832.5237,245.4364,197.1704,300.0042,188.0176,1542.08,754.24,792.41
2016-10-04,952.48,633.6198,320.4675,831.4199,240.1139,194.036,295.4345,188.2949,1533.95,750.66,766.81
2016-10-05,956.56,636.0696,325.2807,834.0213,239.5216,190.2875,297.4081,189.7822,1541.93,755.37,778.5
2016-10-06,956.83,636.4026,325.4695,830.7976,239.4786,190.6862,299.6445,189.542,1544.24,755.02,766.31
2016-10-07,955.09,633.5958,325.6963,831.5605,239.3057,190.2604,294.2215,189.317,1533.96,749.06,780.8
2016-10-11,949.04,626.9608,323.8609,813.9366,238.4632,189.5878,291.7883,190.1716,1521.0,744.37,772.67
2016-10-12,949.62,629.4063,324.3387,809.4177,240.8199,192.0748,291.094,189.0737,1526.05,745.5,770.55
2016-10-13,946.42,627.3877,320.7848,809.9117,243.8489,193.0722,289.6594,190.1594,1519.6,737.65,777.5
2016-10-14,946.89,626.3883,322.368,804.3818,242.504,192.5362,290.7095,190.4863,1519.82,736.68,773.02
2016-10-17,944.3,621.5431,321.0624,802.7535,243.83,192.7732,290.9277,190.4184,1518.19,734.99,772.28
2016-10-18,949.1,625.1818,323.5224,811.3341,245.8331,193.8207,293.6625,190.8086,1527.17,737.43,783.64
2016-10-19,950.01,628.2841,326.2511,808.537,245.299,194.4802,295.786,191.8033,1534.03,740.32,789.4
2016-10-20,949.12,627.3574,326.1924,812.6073,245.1444,193.8084,295.6223,189.8018,1527.92,735.7,785.98
2016-10-24,954.7,636.7171,327.4596,804.3481,244.8029,194.0983,296.0262,190.4756,1534.74,739.78,786.14
2016-10-25,952.8,629.1563,326.7246,801.8587,246.0651,193.6166,293.0861,190.3852,1522.66,732.7,785.68
2016-10-26,951.21,626.4715,328.7448,796.3084,246.6129,191.1502,292.7824,189.7568,1514.86,727.29,775.39
2016-10-27,949.99,621.0498,329.419,800.5147,245.2995,186.4665,292.5906,191.0931,1501.05,719.32,775.19
2016-10-28,945.32,619.6504,328.0894,783.0955,245.9517,186.9953,293.048,190.25,1499.71,718.63,775.87
2016-10-31,943.87,620.5196,327.7466,778.7688,250.8287,189.583,293.2398,187.3084,1509.46,722.59,772.77
2016-11-01,938.36,615.3105,326.4728,775.0126,246.4016,185.7398,291.8986,186.8425,1494.01,712.77,779.56
2016-11-02,931.69,611.7684,323.8894,771.2501,243.2401,183.0496,290.1979,185.3172,1479.3,705.68,770.11
2016-11-04,923.84,608.932,322.8433,769.1199,243.1916,183.4459,291.1559,183.5228,1478.83,707.17,761.98
2016-11-07,944.35,622.9733,331.2451,787.8056,247.5069,186.6604,295.3328,184.5251,1509.8,724.26,757.87
2016-11-08,947.52,625.9469,331.7536,789.4492,249.2562,187.7498,296.2997,184.5838,1513.34,726.04,756.85
2016-11-09,959.46,627.1013,345.2513,816.5314,240.086,183.4632,302.5965,185.0259,1540.63,748.27,753.2
2016-11-10,960.4,629.1788,358.0365,826.257,234.1674,180.6677,305.601,184.3696,1547.63,762.35,743.63
2016-11-14,955.34,632.806,367.6492,811.2539,232.73,184.3601,302.2157,181.2813,1588.12,793.04,729.64
2016-11-15,962.28,634.9586,367.8459,813.5118,236.6813,183.1626,303.4877,184.1224,1595.63,795.17,747.16
2016-11-16,961.39,638.4241,362.6405,809.6323,234.7441,182.9522,303.1411,183.3821,1595.53,795.68,741.85
2016-11-17,965.62,646.1871,367.1728,813.1863,234.5668,181.1637,302.9855,183.4864,1605.24,799.43,742.44
2016-11-18,963.13,644.0388,367.4839,803.9264,233.7867,181.4996,302.3902,184.1884,1605.93,803.0,746.67
2016-11-21,970.18,648.1028,368.6206,806.3218,236.3361,181.1867,306.1697,188.3929,1616.68,806.34,747.93
2016-11-22,971.38,656.0914,369.0025,795.0435,236.9482,184.2455,308.1023,188.652,1628.53,816.82,732.63
2016-11-25,975.25,658.5461,371.9538,801.3682,238.1509,183.7555,310.5104,186.8124,1640.81,825.28,734.58
2016-11-28,970.73,653.0569,366.7759,794.5199,242.8614,184.3156,308.9793,188.8654,1628.68,815.1,736.81
2016-11-29,971.99,654.2476,367.6466,799.7213,243.6348,185.5616,309.2366,185.0645,1631.11,814.42,734.91
2016-11-30,968.84,648.5462,372.5448,792.1277,235.8825,183.2668,312.5594,190.4321,1627.52,812.02,736.97
2016-12-01,966.61,649.114,378.715,786.1155,233.7474,180.4106,312.5278,192.5403,1623.28,808.59,739.54
2016-12-02,966.28,645.4746,375.1474,788.569,235.8995,182.4879,312.6411,192.8331,1624.79,809.35,749.37
2016-12-05,971.19,651.7674,379.5135,787.3044,236.4076,183.8666,315.1348,194.6329,1642.79,824.05,751.13
2016-12-06,974.27,653.8186,383.1311,789.2116,235.8193,184.4518,315.3576,193.6803,1658.28,832.68,748.2
2016-12-07,986.6,665.9377,389.1693,782.7158,238.6763,188.5311,320.0184,191.9987,1677.79,841.51,749.97
2016-12-08,988.08,666.3541,392.7405,784.0311,239.2685,189.4006,322.2288,192.5655,1696.12,855.36,749.5
2016-12-09,996.02,667.7157,393.2439,793.701,241.7452,189.2496,322.0459,193.1386,1692.98,857.5,748.8
2016-12-12,996.57,662.3822,389.6483,797.7534,244.2133,191.0367,320.7285,194.5213,1682.51,848.65,753.71
2016-12-13,1004.39,667.862,390.4658,803.0942,246.7608,191.463,320.0092,194.636,1686.05,848.93,752.6
2016-12-14,997.75,663.5052,388.2357,799.6882,241.7159,187.7861,316.169,192.9574,1664.33,838.49,741.53
2016-12-15,1001.8,661.8275,392.1842,804.4004,243.2077,186.4516,318.4174,191.6419,1670.74,846.1,730.39
2016-12-16,999.89,658.8221,388.7333,805.5434,246.2223,188.6955,317.1378,192.6043,1667.73,842.04,735.22
2016-12-19,1002.33,660.1928,389.1083,801.4007,247.1385,190.5244,316.725,192.4048,1677.92,845.84,720.74
2016-12-20,1005.98,665.3678,393.4818,801.0275,247.4275,190.6608,316.9901,191.7479,1687.03,854.67,716.87
2016-12-21,1003.3,665.036,392.5288,796.2238,246.502,188.138,317.2767,191.9658,1679.62,848.99,718.49
2016-12-22,1001.91,658.3318,391.4885,797.5321,247.3449,187.9077,315.7595,191.4941,1669.52,840.82,720.15
2016-12-23,1002.52,656.7265,392.0446,803.7786,247.316,188.0257,316.1862,191.718,1673.55,845.02,728.13
2016-12-28,997.11,654.8916,388.4634,799.0418,244.8871,186.899,314.4358,194.2513,1662.51,839.61,745.94
2016-12-29,996.29,653.9136,385.6306,799.843,248.0304,188.5588,314.4858,194.1183,1667.18,841.52,760.22
2016-12-30,991.43,647.8203,386.5332,796.912,246.8303,190.2285,312.1591,193.733,1660.58,837.96,762.37
2017-01-03,1000.6,651.8106,390.3147,808.0393,246.0872,190.9776,314.3577,191.3645,1669.9,843.36,773.77
2017-01-04,1003.87,660.4823,393.6608,813.6618,246.913,193.3536,318.7212,194.2166,1695.83,857.37,780.54
2017-01-05,1004.14,660.0467,389.6607,817.5945,247.1521,194.3455,317.8801,194.9526,1683.38,845.04,794.26
2017-01-06,1008.15,662.9131,391.1514,820.253,247.9627,194.3094,317.8751,194.7894,1682.07,840.17,791.44
2017-01-09,1005.65,662.4698,388.0995,823.9022,244.7151,193.0601,317.9133,191.8431,1670.24,832.38,794.31
2017-01-10,1004.49,665.1079,389.6029,826.6588,244.0482,190.566,318.1196,192.3834,1681.1,840.1,794.04
2017-01-11,1006.93,666.5788,391.3906,818.0421,246.4178,189.6464,320.7916,193.5467,1686.91,843.07,790.43
2017-01-12,1004.98,666.3742,388.4983,818.6201,246.7266,190.3997,320.1137,196.2449,1678.29,833.29,789.64
2017-01-13,1006.59,668.4147,390.6339,819.5014,246.3157,189.935,319.4328,195.8144,1687.4,839.86,794.51
2017-01-17,1003.17,669.892,381.7237,815.8224,249.1729,191.5262,318.3516,196.4261,1672.73,828.42,796.83
2017-01-18,1003.85,668.6037,384.7328,814.7989,248.7625,191.8665,320.2289,194.637,1679.97,832.57,791.68
2017-01-19,1000.11,666.3517,382.4229,809.7035,246.5955,189.9747,318.2384,194.2462,1667.44,823.96,793.14
2017-01-20,1003.04,667.9621,384.2172,807.3305,246.9742,191.2654,321.0036,195.3065,1675.68,827.56,797.59
2017-01-23,1000.5,668.4021,381.9839,803.7233,245.7692,192.3938,321.6898,195.7449,1671.84,825.1,805.08
2017-01-24,1004.99,673.8477,386.6184,798.4851,245.7705,192.3851,329.8366,196.256,1697.18,838.01,806.74
2017-01-25,1013.24,677.7863,392.9842,805.3936,245.7157,191.2064,332.196,195.2838,1710.29,846.78,799.52
2017-01-26,1013.12,679.3551,394.1365,799.6776,245.7866,191.1353,332.9879,195.5659,1704.98,841.79,801.31
2017-01-27,1012.93,677.3403,392.4375,806.1099,245.7529,189.4336,332.0448,194.7383,1696.67,838.36,809.62
2017-01-30,1006.94,676.7931,389.6679,802.7702,245.8536,188.5043,328.5751,192.5636,1682.55,827.14,802.24
2017-01-31,1004.46,674.9148,387.0058,814.0645,249.8247,189.9934,326.4899,193.3437,1687.19,834.2,807.34
2017-02-02,1006.15,673.2322,385.4713,820.8941,247.8459,190.1598,326.6154,194.8436,1684.84,828.22,816.23
2017-02-03,1013.69,672.4971,393.1261,825.7383,248.1449,191.2331,327.2019,194.5262,1706.64,841.34,819.28
2017-02-06,1012.1,670.4672,391.761,825.3478,247.7614,190.0961,326.3511,193.4899,1699.02,833.76,826.37
2017-02-07,1012.9,669.5474,390.825,826.0881,248.2515,189.7043,323.7756,192.6976,1694.22,830.46,827.02
2017-02-08,1012.46,673.6747,387.8748,824.9322,250.5083,191.3809,324.507,193.5967,1695.25,829.15,825.41
2017-02-09,1017.54,678.2767,393.1914,828.5345,248.4092,192.0527,324.3942,194.0938,1711.42,842.77,825.88
2017-02-10,1020.67,681.9741,394.1276,829.5238,249.9444,193.1323,327.3606,195.3877,1720.84,849.64,836.16
2017-02-13,1026.74,682.6732,398.5173,834.8744,250.9622,194.0676,329.478,193.4045,1725.67,851.46,837.24
2017-02-14,1032.13,686.6816,403.4578,840.9684,249.13,193.0545,329.7773,193.6286,1729.56,853.19,835.32
2017-02-15,1037.59,690.1414,406.4563,850.8006,248.1704,192.485,329.254,194.6165,1734.51,857.91,838.14
2017-02-16,1037.56,687.0824,405.8858,849.5827,250.5179,193.3081,329.0721,194.1219,1733.15,856.27,843.32
2017-02-17,1039.23,689.0822,405.7693,850.5437,250.6837,193.8517,328.1832,193.4799,1734.76,855.1,843.92
2017-02-21,1045.23,693.2123,407.6548,854.5268,253.3921,196.428,329.4141,193.4184,1749.2,862.21,844.97
2017-02-22,1045.14,693.374,407.953,853.316,254.4261,195.8274,330.32,192.5925,1742.65,859.15,836.73
2017-02-23,1047.1,688.4959,408.3291,859.6491,257.1005,197.0738,328.4318,193.0051,1734.42,853.13,839.45
2017-02-27,1048.34,691.6804,407.086,866.677,259.167,198.9665,328.045,191.2507,1748.21,859.78,827.21
2017-02-28,1046.55,687.2078,406.384,864.6064,261.6,198.3976,328.1277,191.9986,1729.34,846.49,817.22
2017-03-01,1061.21,694.135,417.9368,873.6119,259.0164,197.7514,334.1113,192.6546,1758.27,862.16,822.06
2017-03-02,1056.12,693.0963,411.7956,871.6027,260.936,197.2095,330.5925,190.1823,1738.43,851.72,809.87
2017-03-03,1056.84,691.6253,413.4181,875.0437,260.0296,196.4345,330.1708,191.0947,1739.5,849.38,818.46
2017-03-06,1054.01,689.2338,410.834,871.1613,259.5487,195.6355,327.9912,190.8066,1728.41,843.33,810.25
2017-03-07,1051.92,686.9628,409.6462,865.343,259.5627,195.0009,326.1344,189.3984,1718.53,837.26,802.47
2017-03-08,1050.22,689.1066,409.6032,868.0083,255.5582,192.1002,326.3554,186.4145,1710.24,831.7,792.98
2017-03-09,1052.01,688.8944,410.8587,873.2114,254.9481,189.6404,325.0059,184.573,1703.73,827.26,788.85
2017-03-10,1055.02,689.8243,410.7184,876.3836,256.9995,189.3147,326.3688,183.9999,1710.9,830.27,799.19
2017-03-13,1054.22,691.2034,410.9443,875.0316,257.5954,189.377,327.3513,184.5229,1713.8,833.44,804.55
2017-03-14,1051.43,691.3444,410.4585,872.1758,257.371,189.0941,324.6778,183.4805,1707.12,829.58,792.87
2017-03-15,1058.61,694.8495,409.9092,882.4996,261.5939,192.7125,329.7965,185.1745,1729.28,841.91,807.28
2017-03-17,1055.34,695.8159,406.8647,869.9363,260.235,192.4971,329.384,185.8724,1731.14,849.54,810.59
2017-03-20,1053.44,694.0964,403.2226,868.1074,258.4782,192.7456,330.6566,186.1883,1722.13,844.25,811.63
2017-03-21,1041.26,685.4993,391.6513,861.2928,262.1127,192.4475,325.137,185.695,1688.95,822.09,804.36
2017-03-22,1042.23,686.3332,390.8709,861.9469,263.1119,192.7971,326.0146,185.2615,1691.84,820.06,800.92
2017-03-23,1040.47,687.6405,391.7251,858.8091,262.4694,194.1837,327.4653,185.0532,1696.42,825.78,801.36
2017-03-24,1039.08,688.8203,391.3614,858.5943,263.5293,193.8878,324.4,184.878,1694.41,825.58,803.6
2017-03-27,1038.09,688.9608,389.4662,861.7059,262.3166,192.6826,325.4882,184.5192,1691.81,826.15,804.14
2017-03-28,1045.34,694.2511,394.7863,862.1656,262.474,193.5982,329.0638,185.5115,1705.09,832.86,804.12
2017-03-29,1045.69,698.1697,392.6474,862.0953,261.2589,194.0903,329.0186,186.6548,1709.58,834.85,812.05
2017-03-30,1049.18,700.0569,397.4295,862.0624,259.4799,194.4571,328.9717,186.9726,1718.58,842.42,807.81
2017-03-31,1046.06,700.239,394.5785,859.754,260.2453,195.4128,328.7302,187.3423,1719.65,844.17,815.77
2017-04-03,1045.53,697.0521,393.4269,860.5327,260.2483,195.6204,327.4384,185.9859,1709.55,828.37,817.84
2017-04-04,1047.21,696.0611,392.6316,860.1016,261.1098,195.0272,328.7493,187.0669,1707.93,828.79,821.68
2017-04-05,1043.71,694.4994,389.8732,857.2185,262.4821,195.3362,328.3166,187.6286,1694.79,819.49,820.3
2017-04-06,1043.66,696.9688,392.0528,858.3536,262.0844,196.3156,329.9274,188.272,1708.05,827.87,821.85
2017-04-07,1042.68,694.5152,390.715,859.8995,260.685,196.6493,329.7371,188.6028,1706.38,827.49,824.27
2017-04-10,1042.72,696.9944,389.7059,858.5192,261.2505,197.9585,329.7398,189.1411,1710.37,829.9,825.04
2017-04-11,1040.38,696.6431,388.6758,856.9932,261.188,198.7997,328.9914,189.5177,1719.85,836.79,829.04
2017-04-12,1037.83,693.8478,385.2016,857.2286,263.1144,198.5291,324.993,188.9034,1699.9,825.23,829.77
2017-04-13,1030.4,689.2954,380.3775,854.8977,262.1548,198.0805,321.7679,189.298,1681.04,815.62,834.62
2017-04-17,1039.14,695.8557,386.4822,857.5458,263.4593,200.3794,324.1724,188.9346,1700.66,825.24,829.7
2017-04-18,1036.52,696.1546,383.2737,848.8789,263.8924,200.919,323.782,188.0847,1700.83,826.19,825.14
2017-04-19,1033.34,696.8243,382.2719,851.1328,262.144,200.4365,324.0607,185.4404,1704.75,830.24,818.87
2017-04-20,1040.46,703.7689,388.204,855.8301,261.1172,200.4018,327.4845,184.5568,1720.97,842.03,824.28
2017-04-21,1037.07,702.3357,384.6728,851.5651,262.5244,199.4381,327.3676,183.385,1717.66,839.36,824.92
2017-04-24,1048.53,706.6027,393.1031,859.6366,263.7943,197.6235,331.2374,182.4507,1737.35,849.9,818.06
2017-04-25,1055.4,712.3255,396.3595,863.6121,263.547,198.065,336.512,183.4402,1747.84,857.21,804.39
2017-04-26,1054.4,715.8867,396.5147,867.9519,262.5338,196.3792,336.2708,183.2413,1748.36,863.08,806.67
2017-04-27,1055.27,719.8105,394.4715,870.2138,263.3252,196.5377,335.5646,182.0182,1749.41,861.84,800.41
2017-04-28,1054.86,716.7304,390.7619,872.2559,262.1607,195.3737,333.1738,183.2675,1732.76,851.36,806.77
2017-05-01,1057.31,717.2348,392.7609,873.5517,260.4528,196.5927,332.7663,183.143,1737.37,855.02,801.06
2017-05-02,1058.27,718.5464,392.6364,876.2608,261.1114,196.7522,333.494,181.886,1734.72,851.96,796.2
2017-05-03,1058.31,714.3135,394.9941,872.9449,259.8274,194.2838,330.1749,181.9513,1727.41,846.43,793.44
2017-05-04,1058.42,713.5308,395.8657,878.1087,260.9041,194.4289,330.7504,178.5354,1724.18,844.99,774.07
2017-05-05,1061.26,717.4967,395.4641,877.5903,262.3629,195.881,335.4785,179.4636,1738.52,848.96,781.72
2017-05-08,1062.69,719.2929,395.0547,872.5724,262.2003,194.8209,332.4672,179.6855,1732.0,846.14,780.08
2017-05-09,1060.62,722.7601,393.2612,873.251,259.9056,194.0223,330.1045,178.8442,1727.83,847.23,774.14
2017-05-10,1059.1,720.7579,394.3098,870.3195,260.3298,195.1634,331.2906,181.0835,1738.56,851.31,783.24
2017-05-12,1056.81,715.1556,390.4526,869.1612,261.6775,193.4178,329.8361,183.2938,1719.33,838.54,793.64
2017-05-15,1060.92,715.0596,393.4699,874.2945,262.6275,194.0806,332.6169,184.3669,1731.13,844.4,805.09
2017-05-16,1060.79,712.7254,394.1268,870.8863,260.5257,193.0633,332.6041,183.763,1729.52,843.88,808.27
2017-05-17,1040.68,701.2734,382.1403,859.8545,261.1738,194.2436,325.4959,184.8834,1693.68,822.16,807.87
2017-05-18,1044.44,705.4475,383.3323,863.4094,262.1779,194.6828,325.4762,184.1445,1695.04,824.24,800.88
2017-05-19,1050.79,709.5657,386.5423,865.8282,263.023,195.7923,328.4178,186.7423,1712.08,828.12,806.9
2017-05-23,1058.53,710.5591,390.8381,870.8882,266.0066,196.4681,329.0205,186.7399,1723.78,836.52,803.67
2017-05-24,1060.76,713.0704,390.6816,872.9646,267.8094,197.7188,331.277,185.5968,1728.35,836.96,802.39
2017-05-25,1064.93,719.6978,391.6262,876.8996,269.694,198.4353,330.6436,182.8106,1731.34,837.69,799.86
2017-05-26,1065.35,721.9126,391.3792,875.0531,269.5383,197.1644,331.589,183.6755,1727.27,837.5,808.59
2017-05-30,1064.26,721.9805,388.3584,873.7765,270.4328,196.5145,331.18,183.0112,1721.09,832.49,804.96
2017-05-31,1062.91,723.7558,385.2638,877.5528,271.6882,196.2489,332.2454,181.446,1721.69,832.17,799.9
2017-06-01,1069.74,730.0002,389.8517,887.9386,273.643,196.9974,335.8784,180.7622,1747.87,846.65,800.45
2017-06-02,1074.36,732.9617,388.4057,893.1329,274.0296,198.6666,337.11,179.6297,1751.11,851.91,800.98
2017-06-05,1074.0,730.5235,388.7186,890.5126,272.7173,197.9853,335.5501,178.9701,1743.62,846.01,797.21
2017-06-06,1071.62,724.4439,387.0976,887.9192,272.2435,197.1119,335.9596,179.7635,1737.05,844.96,800.58
2017-06-07,1073.47,725.9269,390.2838,890.3642,273.0776,198.0437,336.3055,177.2793,1736.84,846.2,792.88
2017-06-08,1073.04,721.2175,394.7168,888.515,270.6797,197.209,337.4336,177.7753,1750.76,857.88,791.31
2017-06-09,1071.9,718.106,402.3342,894.1252,270.6637,198.0697,341.9284,178.4539,1757.54,864.11,791.2
2017-06-12,1070.71,717.3362,402.987,892.9433,270.0615,199.1668,340.1283,177.6296,1759.0,862.36,785.8
2017-06-13,1074.64,721.6582,404.767,894.0855,270.4968,199.5058,344.5747,177.5342,1769.34,866.07,785.54
2017-06-15,1071.66,717.9569,404.0096,897.3293,273.6318,200.9885,337.87,174.4624,1753.3,856.96,771.62
2017-06-16,1071.85,717.7643,403.5815,898.5987,274.9505,200.7525,339.2482,174.7391,1753.46,852.69,775.91
2017-06-19,1081.24,723.5801,407.5271,908.2891,273.9247,201.0218,342.105,172.9672,1764.2,857.15,776.6
2017-06-20,1074.69,714.5154,404.2262,911.3107,274.0628,200.608,340.1769,171.3315,1745.41,846.74,770.09
2017-06-21,1074.44,715.2782,401.0741,922.4783,272.2972,200.152,336.3623,169.0803,1734.91,842.23,771.8
2017-06-22,1073.88,713.99,398.5052,932.2027,271.1222,200.2646,336.9459,168.1517,1736.42,845.42,771.07
2017-06-23,1075.43,713.3165,396.6918,931.3617,270.1378,201.0493,338.1151,169.4126,1743.95,853.17,777.25
2017-06-26,1075.26,715.3423,398.8081,929.8705,272.2416,201.9936,339.2176,170.2605,1750.75,854.44,771.91
2017-06-27,1066.36,710.0245,400.8566,921.3187,268.8331,201.2172,336.9749,171.7229,1736.58,847.58,769.86
2017-06-28,1075.74,717.0313,407.1872,926.1603,266.2782,201.163,339.6924,172.6998,1755.79,860.54,769.5
2017-06-29,1066.68,710.0866,409.8291,917.9455,264.0992,199.0714,335.8701,173.6248,1744.03,855.45,762.4
2017-06-30,1067.71,714.0551,409.5917,916.9287,263.7724,199.0142,337.4238,176.5488,1746.65,855.85,766.74
2017-07-05,1072.77,711.0107,416.0521,923.2966,261.3011,198.4754,339.075,175.4397,1751.94,857.25,762.8
2017-07-06,1062.75,703.6783,413.2902,911.3599,260.9535,194.737,337.674,176.2268,1730.75,845.07,759.83
2017-07-07,1068.65,709.4928,415.5973,916.5433,261.3217,196.0019,339.4135,174.345,1747.36,854.73,755.22
2017-07-10,1069.62,711.0564,414.8907,913.9081,260.9002,194.313,341.5272,174.5446,1743.07,849.34,752.54
2017-07-11,1068.81,709.6557,412.0689,913.2073,260.8191,193.9167,341.0247,175.7429,1745.35,851.35,749.9
2017-07-12,1075.97,714.9719,412.5415,919.1526,263.0283,196.4426,344.9218,175.7002,1757.34,857.94,758.48
2017-07-13,1078.41,715.5304,415.0429,919.9488,262.0992,196.8441,344.5807,176.1829,1759.38,860.35,752.93
2017-07-14,1083.13,717.5261,412.8979,925.8214,263.5239,198.9232,346.3053,178.1441,1765.32,862.7,757.52
2017-07-17,1082.45,719.3638,412.3576,923.0069,264.549,199.3374,346.894,177.7498,1768.15,865.12,762.32
2017-07-18,1083.95,722.3631,411.2129,923.4604,265.284,199.1165,345.3625,178.7643,1763.04,861.97,763.71
2017-07-19,1089.21,726.0438,412.0662,930.8837,266.5332,200.5922,349.1424,180.5667,1780.45,871.95,765.95
2017-07-20,1089.26,724.1388,411.8382,936.6341,268.2986,199.9388,346.231,180.3112,1778.61,872.27,764.53
2017-07-21,1087.74,724.9587,411.7282,936.0434,270.3517,200.4222,346.2439,178.5615,1773.92,868.25,760.95
2017-07-24,1086.82,722.2352,412.9931,935.154,267.8429,200.1177,345.7708,178.1445,1776.8,868.33,760.69
2017-07-25,1090.07,727.5916,418.2222,928.8409,266.4771,200.2531,349.767,179.5988,1791.93,876.06,763.77
2017-07-26,1091.47,727.4601,415.6842,925.9572,268.8179,201.88,347.5388,181.4128,1776.69,870.23,770.2
2017-07-27,1092.25,732.5279,413.4861,919.6371,269.4127,201.6827,345.9717,183.1242,1771.02,866.69,769.21
2017-07-28,1089.53,727.1148,413.6096,924.2778,269.0347,201.4762,344.7266,184.119,1762.34,865.0,772.57
2017-07-31,1088.94,726.6456,416.1681,923.1067,270.0427,201.2369,342.0204,184.6652,1760.68,863.62,770.36
2017-08-01,1092.41,728.2342,419.536,921.0701,271.3921,202.022,342.5903,182.7637,1764.62,866.06,768.03
2017-08-02,1094.92,726.308,419.7863,919.0312,272.6327,201.1173,342.8292,184.0308,1752.51,854.34,769.3
2017-08-04,1095.42,724.3264,420.8753,918.597,272.9793,201.1096,342.0118,182.7059,1751.48,854.6,765.68
2017-08-08,1095.22,725.3693,419.4206,915.6214,274.4293,200.0355,339.153,183.1377,1748.01,851.48,765.17
2017-08-09,1095.14,721.9639,419.0831,917.051,273.075,200.3039,339.6317,183.616,1735.94,844.0,762.73
2017-08-10,1079.89,710.9933,411.7033,905.3167,273.7632,198.446,335.4771,180.9493,1707.83,831.33,758.57
2017-08-11,1081.8,714.6573,409.5137,907.9955,272.0008,197.2285,334.7755,181.6541,1711.05,831.01,762.81
2017-08-14,1092.05,719.5696,415.1857,913.9111,273.5817,200.5877,337.9281,179.546,1730.91,843.05,764.64
2017-08-15,1091.76,713.1045,416.0782,913.7096,274.948,199.9185,338.0684,178.3363,1721.8,834.75,769.87
2017-08-16,1092.58,716.3108,415.0794,916.031,275.8311,200.4675,341.1945,177.3821,1725.83,835.49,769.49
2017-08-17,1076.11,705.0977,407.8603,904.4577,273.7111,199.0145,335.9328,177.9221,1696.14,819.83,767.42
2017-08-18,1073.52,701.6769,407.6319,900.7051,275.4293,197.5292,336.1956,179.5571,1692.3,818.38,769.76
2017-08-21,1074.72,702.9822,406.6516,904.8295,276.335,199.6429,336.5565,178.6117,1691.67,817.25,768.3
2017-08-22,1085.24,710.3261,410.9055,915.3973,276.8842,199.4182,340.6116,178.7988,1707.04,825.37,764.28
2017-08-23,1081.27,704.367,409.9942,908.878,277.5891,201.4777,340.0763,179.6705,1703.08,822.85,765.35
2017-08-24,1078.68,702.5775,409.6537,911.4566,277.3701,201.1712,339.5928,179.8895,1701.47,823.97,765.96
2017-08-25,1080.02,704.3788,410.6449,910.4023,278.2191,201.999,340.4955,179.9269,1708.97,827.65,769.47
2017-08-28,1081.17,705.0529,408.6698,915.8995,278.8533,201.1069,341.2808,180.1283,1707.99,828.14,777.11
2017-08-29,1083.41,703.7094,406.76,917.4263,278.431,200.9633,339.3849,179.6469,1706.68,828.26,777.0
2017-08-30,1087.93,708.6144,408.4801,922.6434,277.2186,201.9363,341.8461,178.9874,1716.67,832.27,772.92
2017-08-31,1093.78,712.1257,408.4517,938.278,277.2847,202.9821,344.6665,183.0226,1730.88,840.43,776.85
2017-09-01,1095.25,715.3936,410.2408,937.4949,276.4472,202.8169,346.8548,183.118,1737.79,847.05,778.45
2017-09-05,1086.74,712.458,401.2093,933.3945,277.2641,202.6825,341.9219,184.5514,1718.34,837.93,779.69
2017-09-06,1090.44,716.3936,402.1874,937.6225,275.8115,202.8805,342.8653,185.2224,1719.67,839.94,773.99
2017-09-07,1090.41,710.2888,395.5429,947.8542,277.7985,204.4228,343.1113,185.0945,1713.58,837.41,774.05
2017-09-08,1086.98,707.7716,398.5789,951.8323,279.0264,204.4148,343.0323,183.3857,1719.09,838.92,771.99
2017-09-12,1103.03,714.6556,410.411,961.723,276.6939,203.5044,350.6388,183.6455,1751.25,853.91,775.2
2017-09-13,1104.88,719.7938,411.2883,958.2656,275.2186,202.6763,350.4938,185.1411,1748.48,856.82,771.16
2017-09-14,1103.66,715.8749,409.8583,958.709,277.6241,203.8475,351.5225,185.5791,1746.67,855.75,776.24
2017-09-15,1105.11,714.2186,411.8055,955.9801,277.9029,204.4277,351.4284,186.335,1753.91,860.84,779.66
2017-09-18,1106.26,711.1875,415.9863,955.5254,275.1749,203.3847,353.4478,186.0295,1762.22,867.15,776.78
2017-09-19,1109.26,710.8446,419.3064,948.0334,274.5826,201.2822,355.3205,184.8644,1761.52,865.98,777.75
2017-09-20,1110.16,713.3443,421.9074,949.4633,272.454,200.7256,356.7657,186.9514,1766.97,869.16,776.66
2017-09-22,1106.61,713.1904,422.6985,944.9474,270.2513,198.6392,354.8694,185.8836,1768.65,874.87,778.1
2017-09-25,1103.6,711.7459,422.0457,941.7936,272.5335,199.2939,355.1815,186.9537,1771.85,877.3,782.44
2017-09-26,1103.21,711.3306,421.6626,940.1515,272.1081,199.5197,353.7565,185.7306,1773.71,881.77,775.93
2017-09-27,1107.37,715.1535,427.1407,939.5619,268.4536,197.8426,353.6662,186.2064,1790.16,899.58,775.61
2017-09-28,1108.71,714.8275,427.6559,940.8553,269.2686,199.0537,356.1595,185.3306,1793.63,901.95,776.12
2017-09-29,1112.19,717.4718,429.084,946.3081,268.9675,199.2044,356.153,185.4351,1795.94,903.98,781.23
2017-10-02,1116.74,718.7618,432.891,955.3157,269.5702,198.3943,360.0455,183.2442,1811.01,916.99,780.46
2017-10-03,1119.35,721.3674,434.1858,955.4966,268.5404,198.2966,361.6005,183.2387,1815.47,918.72,781.31
2017-10-04,1119.21,725.1653,432.7893,959.7996,271.3927,199.9487,361.5305,183.6411,1814.21,914.86,783.93
2017-10-05,1126.5,729.2438,437.061,960.2486,271.0641,200.5858,363.6638,185.3208,1819.96,916.74,784.77
2017-10-06,1125.03,730.3656,437.2479,959.5966,270.8889,200.1755,362.9629,183.3119,1818.43,915.1,788.32
2017-10-10,1126.49,727.0122,437.4226,955.2774,273.9185,200.846,362.9775,185.6042,1818.58,912.5,793.45
2017-10-11,1128.89,727.5296,436.8131,957.5359,275.2056,201.9267,363.1837,185.9135,1819.74,910.54,791.32
2017-10-12,1125.04,722.7015,433.6723,955.9063,276.5847,203.3199,363.8659,185.6953,1819.73,909.43,790.64
2017-10-13,1126.16,725.8496,433.5021,953.0639,274.4837,203.7193,365.6,187.2752,1818.82,908.37,797.44
2017-10-16,1129.29,727.1836,436.2946,949.4164,273.9951,202.8165,365.2348,187.0818,1819.46,908.14,792.49
2017-10-17,1130.97,727.4531,433.8849,961.8897,275.5992,202.8493,364.3289,186.6998,1816.34,905.2,791.08
2017-10-18,1131.78,725.6015,436.3217,963.456,275.1923,202.4985,363.5403,186.4557,1821.89,911.58,784.69
2017-10-19,1130.71,725.5277,436.9617,969.2895,277.9717,202.3096,364.7581,186.5409,1823.85,908.54,782.07
2017-10-20,1135.26,727.0294,442.0467,970.3967,278.3231,202.0836,367.9534,186.5928,1834.29,913.75,789.51
2017-10-23,1130.15,722.0087,441.4287,967.8571,278.4706,201.2609,367.2012,187.2125,1824.91,908.77,785.19
2017-10-24,1131.82,724.0116,444.7122,961.3639,278.6936,199.9975,369.385,188.3461,1831.19,911.15,784.48
2017-10-25,1127.44,721.2383,442.5161,960.242,277.474,199.4436,367.5166,187.9245,1820.54,906.82,783.51
2017-10-26,1127.48,723.6031,444.9715,950.3601,277.4669,198.3374,372.5163,188.4703,1829.27,911.22,782.97
2017-10-27,1140.09,735.1701,444.5254,950.0856,279.168,198.8101,370.4882,189.4455,1839.12,916.43,787.38
2017-10-30,1136.75,732.3005,442.4131,939.8727,279.2211,199.972,369.0067,190.1098,1825.43,903.48,784.16
2017-10-31,1136.83,731.9747,441.1615,938.3539,279.3515,200.552,369.688,190.1442,1835.1,912.04,784.7
2017-11-01,1140.13,732.4838,442.1857,940.198,277.7771,200.443,371.9171,190.5396,1830.1,906.42,789.34
2017-11-02,1139.47,726.8618,445.9917,936.3012,278.9182,202.2066,369.0978,190.7328,1831.34,906.67,793.25
2017-11-03,1143.41,729.5107,444.0483,943.7523,279.9404,201.9976,368.575,192.01,1835.98,900.88,791.98
2017-11-06,1143.77,734.8762,443.4606,940.5661,278.7493,205.0857,366.9253,195.2605,1843.36,902.74,795.6
2017-11-07,1144.14,730.8188,437.5802,943.0953,282.1854,206.9809,367.6542,194.5358,1830.62,893.07,796.59
2017-11-08,1145.43,731.237,434.9463,945.209,282.1044,208.5158,367.7183,194.587,1836.09,896.98,794.79
2017-11-09,1142.07,732.4533,433.4536,944.8955,282.3996,208.522,364.5106,194.5708,1826.2,893.16,793.2
2017-11-10,1140.39,734.9577,432.2701,938.6271,281.1654,208.4919,363.9805,194.3532,1825.75,893.77,796.48
2017-11-13,1140.82,737.3101,433.0494,939.6389,284.4223,209.1363,365.9096,194.1697,1828.93,895.04,802.75
2017-11-14,1136.74,738.0427,432.7862,935.6342,287.8236,208.795,361.7533,191.7508,1826.8,894.74,794.95
2017-11-15,1130.74,734.7614,433.609,933.0442,285.0996,207.0652,359.6,191.3334,1818.05,889.94,791.62
2017-11-16,1139.91,740.6772,433.9388,942.5284,283.9486,207.8761,364.1959,190.9423,1836.39,905.23,792.36
2017-11-17,1135.35,744.2496,433.364,938.8563,281.8412,206.7093,364.6072,193.1191,1840.74,908.91,799.35
2017-11-20,1136.2,745.4741,435.4941,934.9049,280.9568,206.118,365.2678,191.9466,1847.21,915.8,794.13
2017-11-21,1144.85,749.9612,436.5942,943.073,281.6339,207.2814,367.0125,192.5807,1858.96,927.81,794.55
2017-11-22,1144.5,750.7291,434.8637,942.7101,281.5506,206.5504,366.1629,194.3888,1857.91,925.88,791.49
2017-11-24,1146.98,752.3058,434.1912,944.7719,281.9876,207.3106,367.8154,195.0229,1859.19,927.25,794.01
2017-11-27,1147.11,752.8973,434.0209,944.9238,283.2865,206.7402,365.5921,194.4486,1856.11,922.18,795.39
2017-11-28,1158.57,761.0787,445.2101,951.6744,284.4998,206.1635,369.8697,194.0335,1880.26,937.77,791.7
2017-11-29,1158.25,764.4032,453.1036,956.4888,284.671,205.7583,370.3735,193.7277,1888.9,944.1,779.84
2017-11-30,1167.79,767.8214,455.6096,963.6407,285.5189,205.9146,372.437,191.9757,1899.18,942.94,788.89
2017-12-01,1166.19,767.9188,456.6119,961.8625,284.5065,206.2902,369.2681,193.5191,1894.58,937.31,789.0
2017-12-04,1165.99,776.7516,463.7053,949.95,282.855,203.6321,372.9171,191.5116,1894.07,938.01,787.44
2017-12-05,1162.64,772.0981,461.0091,948.1588,279.3421,202.8007,371.0361,190.2811,1879.13,928.08,783.94
2017-12-06,1162.51,766.7857,459.4469,947.0959,280.4107,203.1156,368.6853,187.5025,1871.1,923.34,783.66
2017-12-07,1164.6,768.5827,460.7588,947.3672,280.6809,203.8275,371.2499,187.2528,1883.5,928.53,787.62
2017-12-08,1170.82,771.9223,463.4625,957.8791,281.583,204.329,371.1614,187.8125,1890.86,928.11,792.96
2017-12-11,1176.45,773.8534,462.3578,961.9038,283.3056,204.7277,371.5833,188.3157,1888.2,925.32,791.36
2017-12-12,1180.47,774.0383,467.088,965.7506,278.3552,205.6098,371.6488,186.2135,1883.94,923.35,797.71
2017-12-13,1180.24,774.4835,461.1659,968.6887,279.102,205.59,372.5567,186.17,1883.77,927.62,798.57
2017-12-14,1176.55,776.5961,458.0736,958.4854,278.6974,205.3983,368.5081,187.0438,1867.14,916.55,798.2
2017-12-15,1186.68,780.7579,462.8422,969.6647,279.7386,206.0068,370.4669,187.3609,1886.67,932.63,801.23
2017-12-18,1192.22,786.9666,466.6586,969.5502,276.5015,206.6832,375.9436,188.2893,1905.3,945.12,807.51
2017-12-20,1186.57,784.7562,463.6423,965.7351,269.3998,200.5926,375.7941,190.0015,1899.96,938.2,805.69
2017-12-22,1189.02,788.3181,466.56,960.1368,266.5879,201.3135,378.4593,190.8162,1904.58,939.34,810.3
2017-12-27,1187.7,788.5875,465.3,962.4852,266.1084,203.091,378.6823,194.5018,1905.52,939.71,826.72
2017-12-28,1189.29,790.5638,467.1907,963.3272,267.3737,204.0506,380.1452,196.1056,1911.28,943.4,842.24
2017-12-29,1183.15,785.3294,463.9428,956.3225,267.3717,203.8555,378.943,196.9497,1900.57,936.26,850.72
2018-01-02,1193.55,797.2052,463.6598,968.1046,265.041,202.6582,384.6291,197.8458,1917.36,942.97,871.04
2018-01-03,1200.74,801.4602,466.1423,977.5325,263.016,202.8719,387.4902,198.4992,1923.36,943.24,889.94
2018-01-04,1206.26,804.0188,470.5116,978.4682,260.7278,199.384,390.7287,198.5239,1928.45,945.33,880.38
2018-01-05,1215.56,810.8978,471.9184,987.309,260.689,199.9257,394.1872,196.5791,1936.27,949.18,895.71
2018-01-08,1216.1,811.5916,471.3269,983.5247,263.1523,201.1032,394.5633,196.0663,1946.11,950.19,921.04
2018-01-09,1218.12,812.5461,474.6907,994.3131,260.5202,198.8092,393.7494,197.3315,1942.5,949.6,924.62
2018-01-11,1225.82,825.6093,480.9666,996.9441,256.6741,194.4325,396.473,198.3687,1960.68,965.61,889.51
2018-01-12,1234.55,836.202,485.4889,1004.4468,255.2522,193.023,397.2219,199.2873,1965.97,969.17,878.2
2018-01-16,1231.79,830.4168,483.8953,1009.0346,254.585,193.9457,392.6044,198.3529,1952.07,960.12,888.27
2018-01-17,1243.38,834.0024,487.9425,1018.9578,256.2197,195.2755,394.5287,199.6813,1965.93,969.31,884.96
2018-01-18,1241.59,833.5868,487.2352,1019.1349,254.6214,193.3608,394.257,199.628,1958.3,961.81,876.79
2018-01-19,1245.7,840.832,490.5584,1023.1273,253.8717,194.6457,396.6217,198.7806,1979.2,976.07,880.44
2018-01-23,1257.48,857.2857,494.8346,1024.5,256.5782,199.4432,395.6908,200.2726,1993.88,979.19,899.92
2018-01-24,1256.54,860.7592,498.1861,1027.7396,255.0713,198.7995,397.1422,202.8939,1987.74,972.96,893.59
2018-01-25,1258.04,859.5719,497.2497,1036.8424,258.9703,198.4572,399.9506,202.7351,1987.35,976.56,886.12
2018-01-26,1273.99,867.9961,501.2919,1059.334,259.1325,199.0576,401.5852,203.9382,1995.23,979.57,890.8
2018-01-29,1265.56,865.5588,498.9944,1056.4921,255.819,196.7328,397.0269,202.9621,1978.6,974.34,879.18
2018-01-30,1251.93,860.859,492.9125,1034.0253,256.246,195.8236,394.1407,201.5458,1957.46,964.61,858.33
2018-01-31,1251.42,857.8785,493.4526,1019.0802,259.0721,199.8996,394.4977,200.7804,1953.97,959.39,864.35
2018-02-01,1252.15,848.6389,498.356,1019.4222,254.9706,196.193,389.055,201.7763,1957.25,963.92,843.71
2018-02-02,1224.69,841.0663,487.2101,1005.725,253.1449,194.1682,378.945,200.8632,1917.74,943.49,811.68
2018-02-05,1171.85,812.3123,462.9159,959.9267,248.8494,188.872,366.0872,199.0825,1849.53,908.74,803.23
2018-02-06,1194.49,832.5221,470.7689,970.7927,245.0912,188.5766,376.3822,198.1528,1864.03,918.41,829.65
2018-02-07,1187.56,830.2307,471.5578,970.025,243.8814,187.7161,373.142,195.7126,1862.54,918.54,830.69
2018-02-08,1142.28,796.8939,450.3042,935.4595,240.8672,181.8269,359.8529,195.1444,1801.29,893.05,819.19
2018-02-09,1159.2,802.4946,458.9535,949.0881,246.1322,186.1857,366.0214,191.8345,1820.93,902.8,813.39
2018-02-12,1175.78,813.292,465.2718,958.2467,248.0888,186.6628,373.6734,192.4395,1839.15,911.31,825.06
2018-02-14,1193.24,830.1801,478.1816,969.163,246.0508,186.4937,377.5026,195.8193,1878.27,929.29,836.17
2018-02-15,1208.44,837.6453,481.1408,980.3742,251.2658,188.2068,380.0772,196.9187,1897.09,937.91,834.2
2018-02-16,1208.88,833.9615,480.6069,987.19,253.1544,189.4402,378.8518,197.0511,1901.19,942.05,830.17
2018-02-20,1200.71,831.275,479.501,976.6296,249.9714,187.514,377.0509,197.1766,1888.27,932.94,832.82
2018-02-21,1194.38,830.1971,479.2013,972.2659,246.6767,184.1163,375.6041,197.6982,1884.04,934.93,828.07
2018-02-22,1196.37,831.0536,475.4572,970.8064,247.8108,186.2212,378.1979,198.824,1881.28,934.92,829.19
2018-02-23,1215.35,842.1334,482.4195,986.1625,254.4141,189.4319,383.5805,199.57,1904.23,946.55,826.09
2018-02-26,1232.49,849.4117,489.692,998.1111,253.5647,190.262,385.3949,200.3662,1914.93,952.76,826.87
2018-02-27,1216.31,831.3991,485.1066,988.0582,249.2979,186.167,379.6842,198.9945,1887.21,937.83,815.18
2018-03-01,1184.54,818.885,470.0201,956.8256,247.5511,184.9413,369.0507,197.5402,1858.09,917.14,829.32
2018-03-02,1189.04,819.6066,471.4413,966.5046,246.9532,184.2908,368.1087,197.723,1878.61,932.68,826.02
2018-03-05,1201.89,828.8801,477.8895,974.7503,251.7753,186.8041,373.1209,200.3486,1897.67,939.46,839.19
2018-03-06,1202.54,834.8233,479.7507,973.5369,248.3539,187.5312,377.1658,200.4512,1916.99,949.83,843.57
2018-03-07,1201.86,828.6767,478.9218,978.3747,246.5435,188.5079,375.6298,198.0931,1920.42,956.49,831.94
2018-03-08,1207.88,831.155,480.2158,984.9662,248.2457,189.7227,376.162,197.3125,1917.63,955.38,829.47
2018-03-09,1228.97,844.1997,492.1294,999.3552,248.8718,191.0711,383.1087,198.8369,1949.06,970.26,828.9
2018-03-12,1227.61,846.667,490.1722,994.9092,249.9228,191.9969,381.9707,198.2319,1951.24,974.13,827.7
2018-03-13,1218.31,840.7905,484.8069,996.4271,250.4413,192.4955,380.3994,197.9868,1940.47,970.47,829.05
2018-03-14,1211.02,839.1358,478.9945,990.5999,252.8624,192.6921,375.3793,198.2062,1929.28,965.18,827.28
2018-03-15,1210.77,838.5888,479.4084,989.2127,252.7338,192.4973,370.5907,197.6059,1922.24,961.21,828.08
2018-03-16,1211.4,838.1733,480.2968,989.9149,255.2496,193.5052,370.8126,198.1941,1935.65,969.45,833.67
2018-03-19,1192.11,827.2485,476.2004,973.132,253.3442,191.6665,365.2113,196.6348,1917.57,960.14,835.44
2018-03-20,1192.43,832.3379,477.1767,974.2434,252.1755,191.5536,364.8914,197.9249,1918.74,959.43,831.21
2018-03-21,1189.53,831.5991,477.0093,970.2843,251.175,189.7768,368.9405,199.8361,1924.69,964.15,831.15
2018-03-22,1157.91,813.9522,459.3673,942.2593,252.2739,189.0586,358.0048,199.0442,1875.86,943.41,817.08
2018-03-23,1133.01,798.0488,445.6416,922.7336,248.7753,186.1151,351.0334,200.1038,1839.47,923.12,817.8
2018-03-26,1164.97,821.2816,460.1008,941.7401,251.3724,188.6505,358.0152,199.635,1879.46,943.75,816.54
2018-03-27,1143.74,805.5547,450.9881,930.9347,255.0427,188.9234,354.4755,199.4346,1851.75,927.86,802.83
2018-03-28,1141.5,795.5923,451.7237,935.523,254.8172,192.2624,349.773,198.1568,1853.78,929.3,784.22
2018-03-29,1157.37,806.9718,457.5339,940.7305,256.1373,192.05,356.3359,199.2466,1878.77,938.46,796.67
2018-04-02,1131.65,784.1133,447.7986,921.2208,254.2128,189.6153,348.6104,197.2614,1835.31,917.24,783.63
2018-04-04,1159.76,808.1083,459.0128,948.2456,255.6274,192.5367,355.9547,196.2221,1876.78,942.06,763.78
2018-04-05,1169.17,819.1583,462.1792,947.6536,257.6545,192.6504,362.5951,197.7275,1891.32,951.47,770.56
2018-04-06,1143.78,801.6182,450.9114,924.9542,255.8177,190.8312,353.7904,196.1487,1854.08,934.29,769.15
2018-04-09,1148.03,799.6276,453.1875,933.5915,256.1157,190.7016,355.6169,198.9498,1854.53,931.83,765.46
2018-04-10,1168.14,809.3124,460.2534,949.791,254.2692,189.3433,363.0138,201.1493,1884.57,949.63,776.14
2018-04-11,1160.58,806.7064,454.4731,941.6039,253.8846,189.722,360.1704,202.9092,1882.09,951.53,777.71
2018-04-12,1170.79,810.3244,462.7555,947.6362,250.6426,187.5353,364.0302,203.4024,1890.0,956.52,782.37
2018-04-13,1167.5,805.731,455.5719,946.9117,252.3702,188.5097,363.651,203.8142,1883.86,952.77,795.94
2018-04-16,1175.83,811.7555,457.7199,954.5301,255.8543,189.3026,368.6766,203.6903,1902.85,962.99,801.96
2018-04-18,1187.26,831.0247,455.6928,962.8041,257.5215,191.4134,375.5352,207.2056,1922.8,975.1,802.6
2018-04-19,1181.89,827.9939,462.6383,955.0101,257.3051,188.2138,371.5134,206.0787,1913.62,967.81,802.1
2018-04-23,1170.43,821.3026,462.3587,953.6001,255.2626,186.8501,368.1546,204.9625,1900.96,961.77,797.41
2018-04-24,1153.84,808.3237,459.2115,946.077,256.9106,187.1359,358.2461,204.3178,1886.82,957.37,789.24
2018-04-25,1155.38,811.3869,458.9203,950.3661,256.9889,186.4988,360.1679,204.9463,1888.01,955.03,783.79
2018-04-27,1169.9,828.4086,459.7779,966.3815,262.1312,191.3241,361.4029,205.6824,1892.23,956.18,783.76
2018-05-01,1164.4,826.6423,455.7364,951.545,260.6574,191.8936,356.6701,205.5878,1879.57,951.88,775.46
2018-05-02,1156.64,820.783,450.2978,938.1264,260.3098,191.2556,355.8213,205.9519,1875.83,953.41,772.11
2018-05-03,1153.93,817.1602,446.4568,929.9516,260.0276,191.0884,357.0352,206.4742,1872.56,947.08,771.25
2018-05-04,1169.64,827.8447,452.0111,936.9668,261.0408,193.151,361.5986,207.6613,1897.45,958.92,772.24
2018-05-07,1174.26,830.8176,455.0884,935.9617,259.6416,193.389,361.7064,208.086,1907.92,966.49,774.56
2018-05-08,1173.77,827.122,458.1468,928.6546,253.12,192.0675,360.8083,206.5129,1913.91,974.77,770.82
2018-05-10,1197.16,832.9298,468.6414,946.2654,254.5891,195.3328,368.746,209.0216,1937.91,985.78,774.69
2018-05-11,1200.13,834.8108,468.2848,960.1773,255.1128,194.3829,368.6108,208.047,1939.09,986.87,782.91
2018-05-14,1202.06,836.1132,467.9991,966.4105,253.9961,192.9754,370.0364,208.355,1935.23,982.13,790.31
2018-05-15,1192.81,831.0244,467.2554,953.9013,251.7617,189.7647,368.9609,207.981,1930.67,982.43,781.03
2018-05-16,1197.26,837.9358,467.7186,958.983,249.5917,188.9332,373.1993,208.3063,1943.81,994.09,781.5
2018-05-17,1194.58,835.2443,467.3513,959.1726,247.3506,187.9728,373.9814,208.1153,1948.28,1001.02,781.35
2018-05-18,1190.65,834.252,463.0931,961.78,247.015,188.1509,374.5176,208.2555,1943.37,1002.57,786.39
2018-05-22,1197.14,834.8319,469.2942,960.2125,249.4377,190.2716,373.1683,210.868,1948.81,1003.41,787.85
2018-05-23,1201.46,841.1861,466.4849,963.4276,251.6837,191.8181,372.4893,211.058,1950.53,1004.67,781.02
2018-05-24,1197.68,842.9164,463.1711,960.2124,253.575,191.0601,370.9061,210.3395,1951.55,1005.1,780.58
2018-05-25,1194.53,844.4909,461.2143,958.5971,254.6318,191.9244,369.0209,207.9787,1946.87,1004.64,775.41
2018-05-29,1180.34,837.7731,445.6705,948.395,254.7447,192.4047,362.4886,206.4609,1939.24,1004.17,768.65
2018-05-30,1194.9,844.7461,454.3156,961.4361,256.6942,195.0356,366.3923,207.9822,1967.96,1018.46,767.68
2018-05-31,1188.91,840.7598,450.2398,951.455,256.9786,194.3535,363.221,207.531,1946.43,1007.54,763.1
2018-06-01,1202.01,846.5786,455.2255,962.6807,253.0159,195.1301,368.8173,206.3846,1958.33,1015.57,765.94
2018-06-04,1207.65,856.1841,456.5256,966.3344,250.8766,197.0308,370.9128,203.5033,1968.2,1025.08,761.76
2018-06-05,1207.92,861.0901,454.6019,964.8825,249.2538,196.0942,373.7292,203.8454,1974.34,1033.24,767.85
2018-06-06,1219.18,869.7694,462.9803,976.196,243.9505,196.7119,380.7044,203.6797,1989.56,1039.13,775.1
2018-06-07,1218.72,871.2962,463.9746,975.4884,245.0075,196.4601,378.6531,204.1744,1990.78,1035.7,775.57
2018-06-08,1221.79,873.5126,465.1683,982.325,244.9766,197.3555,379.6356,204.7504,2000.67,1038.61,775.22
2018-06-11,1222.43,876.4838,463.8745,983.3124,244.1604,197.1137,380.0022,204.1219,2000.9,1041.08,769.02
2018-06-12,1223.67,880.8995,462.3295,983.0172,247.3037,198.2464,380.5745,204.9022,2003.97,1041.95,762.43
2018-06-13,1218.92,882.0835,460.8005,982.7648,246.6345,193.6464,376.4522,204.8587,1991.4,1036.12,760.17
2018-06-14,1221.78,891.0076,456.5006,987.3555,249.5179,195.2717,376.8022,203.7612,1995.7,1039.09,761.26
2018-06-15,1220.26,893.1089,456.3514,989.8645,251.2302,194.9999,374.4404,200.9344,1992.37,1039.54,754.4
2018-06-18,1217.34,891.3893,456.0157,980.1043,252.1101,194.6876,373.4479,200.9117,1995.18,1045.45,752.24
2018-06-19,1213.24,890.0855,454.4925,982.4726,254.7841,194.8667,366.6725,198.507,1991.39,1045.13,751.29
2018-06-20,1215.29,894.3231,453.0813,984.4846,254.7838,197.003,365.2439,199.703,2001.79,1052.4,751.25
2018-06-21,1207.08,888.0152,452.2284,979.2447,255.6307,198.2334,361.6083,199.1174,1987.34,1042.41,755.33
2018-06-25,1191.8,867.5188,445.2034,974.4838,261.7591,199.4331,361.2352,200.127,1960.9,1025.84,750.27
2018-06-26,1195.14,873.4599,443.5585,971.7194,261.7319,200.4436,362.5511,202.0832,1965.11,1033.31,745.09
2018-06-27,1185.25,862.2226,437.95,962.7402,263.2623,199.8694,361.2282,203.8385,1942.81,1017.36,736.9
2018-06-28,1194.2,868.7716,441.7086,964.333,263.2181,201.584,362.8175,203.792,1950.37,1020.22,737.41
2018-06-29,1194.5,870.23,441.15,965.78,263.3,201.9013,363.65,205.3339,1951.67,1017.38,739.96
2018-07-03,1191.76,866.4457,439.39,971.3283,266.0573,201.8568,360.8045,202.3997,1957.35,1028.93,740.57
2018-07-05,1202.53,871.2923,440.4108,981.499,267.7431,204.602,364.28,201.1162,1974.4,1041.56,741.91
2018-07-06,1213.34,878.0119,442.6095,995.6854,269.715,205.4422,366.0127,203.0197,1989.49,1049.94,740.1
2018-07-09,1224.88,888.2688,452.8922,1002.1909,261.2752,203.5613,369.4619,203.2388,2009.15,1057.32,739.7
2018-07-10,1229.89,890.2608,451.2133,1006.3326,263.8255,204.5397,372.5482,203.3101,2008.12,1052.39,740.34
2018-07-11,1221.77,888.2278,448.8677,998.3503,266.122,203.8715,366.2701,197.7229,1991.48,1044.24,728.19
2018-07-12,1234.7,894.2124,449.7267,1009.2895,266.3482,204.2759,367.07,198.9338,1996.73,1046.64,728.97
2018-07-13,1235.91,896.452,447.649,1011.5991,266.5141,203.718,367.0523,198.6623,1996.35,1045.81,725.24
2018-07-16,1236.61,898.168,455.6916,1004.6467,266.1058,202.5249,364.1255,196.0738,1985.37,1041.1,715.63
2018-07-17,1240.9,899.061,456.3858,1010.0636,265.9396,201.2445,368.9292,196.0038,1994.74,1047.63,713.11
2018-07-18,1242.6,898.3473,463.3739,1010.8816,264.6058,200.3792,368.9901,196.4019,2001.25,1052.13,717.58
2018-07-19,1235.98,896.4459,456.6941,1005.3008,267.0832,202.4077,366.7462,196.355,2009.05,1058.97,713.17
2018-07-20,1236.33,892.426,457.5935,1003.2678,265.0646,200.5523,365.2455,197.6033,1998.36,1055.99,712.33
2018-07-23,1239.46,891.5109,463.6446,1005.6758,263.3662,200.0784,363.4065,197.497,1998.01,1055.76,710.31
2018-07-24,1249.94,889.0221,465.1706,1014.7893,264.257,199.4595,368.1185,198.2292,1983.01,1046.24,706.42
2018-07-25,1260.5,895.1841,466.3563,1026.4308,264.9618,201.3722,370.9818,199.7448,1988.56,1048.4,707.32
2018-07-26,1251.5,890.6781,465.7929,1024.4091,267.9853,202.1136,373.2255,200.1013,1997.44,1059.77,705.12
2018-07-27,1243.83,888.2512,466.9269,1017.0842,266.885,200.2358,371.8947,199.255,1975.22,1041.3,707.37
2018-07-30,1237.63,881.2838,467.0424,1018.0687,265.2949,200.1281,371.0452,200.927,1966.41,1036.56,705.95
2018-07-31,1241.76,885.1493,463.8471,1028.3949,268.1147,203.9228,374.3823,199.6824,1984.49,1048.88,706.91
2018-08-01,1244.09,881.2319,463.8325,1028.905,265.8849,205.3439,370.7395,196.7279,1978.25,1048.49,701.03
2018-08-03,1257.19,889.7292,466.4927,1038.4822,270.045,206.87,371.2629,198.3854,2000.04,1053.61,702.05
2018-08-07,1266.41,899.6982,470.7509,1039.8278,269.8024,205.9326,372.5878,199.7237,2015.15,1062.96,700.86
2018-08-08,1266.7,900.7858,471.9583,1041.4908,268.3517,204.8318,371.4542,198.2397,2009.97,1062.22,698.82
2018-08-09,1265.06,904.2381,469.3012,1040.4268,269.4391,205.1131,373.2961,197.624,2007.83,1063.1,699.69
2018-08-10,1255.47,896.7816,463.8479,1036.3632,268.3483,203.0502,367.9551,196.8815,1996.02,1061.55,693.75
2018-08-13,1250.57,892.172,459.1382,1036.4548,268.5936,203.0383,364.131,195.4809,1984.94,1055.82,680.99
2018-08-14,1257.6,900.6834,463.0841,1041.1115,269.0373,203.7743,366.9111,195.633,2003.2,1069.53,673.79
2018-08-15,1248.21,889.7071,459.9464,1039.4692,271.0909,205.4939,361.2216,192.0606,1984.36,1057.17,667.88
2018-08-16,1258.75,893.7239,465.6885,1048.9935,274.1211,206.9506,363.451,193.5401,2000.34,1066.2,673.17
2018-08-17,1262.32,894.7785,466.6764,1052.9132,275.1713,208.9369,366.1309,193.923,2010.19,1072.59,678.01
2018-08-20,1264.24,900.2933,468.3216,1056.217,274.2211,209.0645,368.7485,194.3403,2018.44,1076.42,686.48
2018-08-22,1267.09,909.3587,468.8162,1057.2119,270.1394,205.8081,368.5159,196.4243,2034.49,1091.2,698.87
2018-08-23,1265.08,907.6687,466.4132,1056.171,270.103,205.3832,365.9547,195.7958,2026.91,1087.7,699.81
2018-08-27,1283.45,919.4607,474.0407,1064.5389,269.547,206.5185,375.8483,198.2763,2044.06,1092.96,716.64
2018-08-28,1283.24,921.1098,473.549,1065.5413,268.9782,208.976,374.5534,197.1,2043.94,1092.64,716.79
2018-08-29,1291.51,931.4306,473.4422,1072.5262,270.5581,208.7641,377.2946,198.3914,2050.23,1094.34,726.95
2018-08-30,1287.36,925.786,469.7228,1071.3693,270.9142,207.5927,372.5571,198.2465,2039.49,1091.86,720.42
2018-08-31,1286.9,929.2281,469.3223,1071.379,269.7021,208.4584,371.6014,198.4123,2044.7,1098.36,724.71
2018-09-04,1284.03,931.5062,471.8108,1063.5764,271.1743,206.5756,368.5925,197.6036,2040.46,1093.58,718.13
2018-09-06,1273.98,918.1855,469.1674,1066.4175,275.6841,208.4809,371.4955,195.2189,2031.54,1084.05,709.56
2018-09-07,1271.27,917.8933,468.6277,1068.0359,272.3734,205.8971,369.5102,195.8211,2027.25,1081.15,712.06
2018-09-10,1272.29,921.1218,468.2623,1064.7299,273.9576,207.0111,369.8323,196.5363,2031.78,1082.57,718.74
2018-09-11,1279.07,928.686,468.7982,1064.468,273.0061,206.8636,370.5324,197.2146,2034.85,1082.37,722.2
2018-09-13,1286.56,931.3862,463.9231,1082.4872,274.87,208.1084,371.7735,196.9692,2039.23,1078.98,714.32
2018-09-14,1285.6,928.725,466.9775,1078.9154,273.389,206.2198,371.6068,196.0314,2046.56,1086.35,715.16
2018-09-17,1277.57,916.9206,465.3214,1075.3318,274.2247,207.2405,372.7013,195.2003,2028.49,1075.21,719.36
2018-09-18,1284.91,928.5768,467.252,1081.0271,273.6433,206.0117,372.8853,196.1578,2036.73,1078.0,723.75
2018-09-19,1288.15,928.8687,475.4739,1079.8269,267.8281,204.1287,377.056,197.4101,2030.26,1070.3,714.45
2018-09-20,1299.4,935.0063,479.2888,1089.8585,268.1548,205.6803,381.0333,198.3889,2045.2,1079.92,720.25
2018-09-21,1298.14,932.3929,477.5359,1091.9343,269.2044,205.4116,380.1638,199.7077,2041.36,1074.35,719.91
2018-09-24,1294.71,927.0764,472.4727,1093.6816,266.8226,201.5212,374.8094,200.5736,2032.17,1066.72,714.22
2018-09-25,1293.91,932.5428,470.6594,1090.605,263.556,201.3119,373.0335,200.936,2030.62,1067.66,708.68
2018-09-26,1290.08,934.3609,464.656,1092.8278,260.8123,198.9867,369.1974,199.7656,2012.14,1058.04,707.03
2018-09-27,1295.32,939.4098,463.0891,1097.6884,263.3121,199.2515,365.597,199.9833,2012.69,1057.62,698.42
2018-09-28,1294.27,938.228,458.1822,1101.3646,267.2787,201.856,363.1248,201.0102,2019.55,1061.92,709.15
2018-10-02,1301.56,922.9703,459.9765,1106.2252,269.8976,199.5835,368.5536,206.0143,1996.55,1035.42,704.46
2018-10-04,1291.53,904.2612,467.0133,1093.2498,268.0443,196.3966,364.2243,204.8213,1982.09,1031.79,703.03
2018-10-05,1283.34,897.1912,465.0701,1092.3188,272.2436,196.3544,361.2821,205.0923,1967.99,1020.67,705.69
2018-10-09,1283.6,895.514,466.147,1093.0758,275.497,199.6921,348.9753,206.5163,1956.85,1015.94,702.96
2018-10-10,1239.83,862.0005,451.9775,1067.1451,274.0346,196.4804,340.1303,204.2038,1905.43,987.79,692.56
2018-10-11,1214.29,847.3845,438.7338,1038.7058,268.6289,190.7746,336.063,202.6849,1866.73,967.23,691.46
2018-10-12,1233.66,865.5774,439.1644,1054.0602,268.8028,190.644,337.4603,204.0492,1871.25,965.38,698.6
2018-10-15,1224.49,861.5209,436.929,1045.9302,269.7501,191.6214,335.8353,205.9411,1879.14,970.53,711.36
2018-10-17,1251.66,874.5822,447.9516,1081.3724,272.4675,194.8177,339.101,205.0982,1913.42,990.87,693.12
2018-10-18,1232.83,856.1716,440.9855,1069.0042,272.695,194.8272,335.2336,202.7785,1884.59,972.21,690.46
2018-10-19,1236.09,848.5105,442.5175,1058.8177,276.993,196.7749,332.9221,203.3498,1872.17,962.06,682.16
2018-10-22,1231.02,852.5505,433.4079,1050.1952,275.0996,193.9857,329.8461,203.4648,1863.15,961.94,660.16
2018-10-24,1185.78,823.3866,418.2468,1010.2082,279.9677,197.5394,315.777,200.6194,1789.02,920.99,641.82
2018-10-25,1211.11,851.4456,425.0985,1022.7095,275.7806,199.9446,320.126,200.9662,1814.4,941.26,646.62
2018-10-26,1189.06,821.209,419.3511,1011.7018,271.088,194.7619,318.0425,201.7174,1795.1,932.15,643.58
2018-10-29,1177.69,808.6785,422.9393,1013.511,274.7498,197.8033,317.1498,199.605,1788.59,930.09,630.18
2018-10-30,1193.7,818.6285,429.709,1024.7343,275.5465,201.1135,324.3144,197.9017,1819.53,950.9,627.46
2018-11-01,1219.8,850.5345,437.8277,1040.1215,270.9407,199.2655,338.5972,197.8059,1861.66,968.88,644.95
2018-11-02,1210.74,854.0376,437.8896,1033.2955,269.5488,197.417,337.5749,198.5007,1862.4,973.43,651.35
2018-11-05,1217.5,852.5188,444.0388,1041.9269,273.3114,200.7617,338.8818,198.8246,1870.39,974.74,659.36
2018-11-06,1224.67,857.1282,446.2601,1047.3451,275.3987,201.8031,343.993,197.4247,1881.95,980.27,666.17
2018-11-07,1252.45,883.9087,452.2479,1078.1436,278.3772,204.1096,350.5428,197.5718,1910.12,992.06,672.0
2018-11-08,1249.08,884.2309,453.6916,1078.3243,277.6394,204.3398,348.6418,195.9026,1902.15,989.53,667.06
2018-11-09,1237.35,871.0108,449.3236,1074.7816,277.8983,204.6158,343.8571,194.6138,1882.54,972.65,651.42
2018-11-12,1211.59,850.8928,440.3624,1059.874,277.8072,205.0174,338.7401,194.1758,1852.25,955.08,638.27
2018-11-13,1209.15,850.6121,442.9616,1052.6566,278.7675,205.3061,337.7709,190.6216,1852.45,953.34,626.42
2018-11-14,1199.77,842.5768,436.868,1043.6427,275.6172,205.3916,337.0473,194.2692,1841.62,946.15,619.21
2018-11-15,1212.59,842.6622,443.1709,1053.6063,273.4959,203.5483,341.9025,191.6808,1863.03,958.54,624.34
2018-11-16,1213.73,838.1083,443.6089,1063.5245,277.068,206.3067,345.1462,193.5102,1865.4,961.44,624.5
2018-11-19,1193.49,815.3582,443.463,1049.9916,278.498,207.0498,340.3179,195.0585,1839.0,945.74,615.23
2018-11-20,1169.94,797.624,434.1878,1039.7986,277.0917,204.2585,333.9888,189.9311,1807.92,928.33,599.51
2018-11-21,1171.29,805.6216,434.4663,1034.5156,272.9987,203.9947,336.802,191.1999,1827.87,937.41,604.05
2018-11-23,1161.4,802.0412,430.4976,1035.7377,273.338,203.3046,333.1093,185.6449,1824.88,937.56,602.15
2018-11-26,1180.46,822.8142,439.527,1045.5085,274.806,203.7162,337.0905,186.4014,1847.77,946.4,593.1
2018-11-27,1186.55,824.7654,439.8263,1055.8672,277.2061,204.8615,332.8855,186.024,1833.08,938.45,585.89
2018-11-28,1216.09,851.3717,447.8173,1081.8152,276.8699,206.6457,337.8032,187.3803,1868.96,961.11,591.69
2018-11-29,1213.7,847.7088,444.1528,1085.1053,276.4633,206.8139,339.6598,188.5215,1866.74,956.63,591.12
2018-11-30,1225.1899,853.5909,447.0795,1096.844,280.711,208.881,341.1129,187.9389,1878.65,962.95,589.52
2018-12-03,1238.63,872.4418,449.1992,1101.6154,283.1867,209.6407,347.0746,189.806,1895.32,969.77,583.63
2018-12-04,1197.48,838.3484,429.4231,1076.2859,283.6115,206.9959,336.3843,190.4712,1826.62,925.06,572.13
2018-12-06,1196.2,843.4687,423.23,1072.9658,283.3212,212.5124,331.8106,187.5638,1817.48,922.43,566.08
2018-12-07,1167.5699,817.5334,415.4302,1046.0074,284.4581,209.4516,323.3821,190.5231,1780.94,905.26,572.38
2018-12-10,1170.41,818.6154,409.6251,1049.4398,285.3189,208.5632,324.3356,187.9689,1769.53,898.91,563.49
2018-12-11,1170.08,818.979,405.4607,1052.6019,286.173,208.7855,323.1345,188.1414,1763.45,897.59,564.14
2018-12-12,1176.02,827.6094,407.2626,1061.6476,284.5147,204.8322,326.2097,187.5314,1777.25,906.98,562.24
2018-12-13,1178.25,823.9815,404.8596,1062.4877,287.0235,206.0838,322.5125,189.4355,1758.62,892.11,556.96
2018-12-14,1153.59,807.7186,400.7165,1026.6735,286.2771,205.649,319.8606,186.6375,1732.81,878.11,555.38
2018-12-17,1130.63,784.9085,396.8078,1005.041,276.9269,198.0017,313.8792,184.1941,1694.31,857.58,546.79
2018-12-18,1132.03,793.0307,394.904,997.041,275.1498,199.8781,315.6496,180.5864,1694.77,858.86,543.15
2018-12-19,1113.55,775.3451,389.9972,984.3416,274.5471,198.0501,311.5731,182.4541,1665.72,840.46,541.87
2018-12-20,1096.36,757.9011,386.9725,971.78,275.3017,195.6548,307.5855,178.7953,1644.33,828.1,537.01
2018-12-21,1071.3199,738.3631,379.3977,958.0151,273.3564,192.5577,304.6747,178.2534,1611.35,809.61,530.2
2018-12-24,1042.77,723.4689,370.4908,934.1754,261.6962,185.3889,296.5771,174.378,1567.4,793.86,532.91
2018-12-27,1105.17,770.7513,392.0016,987.0717,268.1129,191.8778,316.0138,176.6196,1647.24,835.37,537.28
2018-12-28,1104.34,773.0585,392.0622,987.4782,268.0924,192.2964,314.097,177.1288,1646.49,840.21,552.09
2018-12-31,1113.87,781.5049,395.9026,1001.1792,268.6145,192.3561,316.6205,175.9582,1663.04,844.94,557.2
2019-01-02,1118.14,788.7495,398.8187,987.6523,263.858,187.9704,318.0515,176.5914,1657.93,848.33,571.0
2019-01-03,1088.03,771.5414,389.7449,965.7476,264.0744,188.8972,309.2625,177.8085,1631.56,832.81,578.49
2019-01-04,1126.64,798.5231,402.5446,994.7706,267.9872,190.84,321.3456,179.689,1684.34,862.32,587.44
2019-01-07,1133.22,817.354,403.4664,998.8495,266.0812,192.3429,322.387,181.0533,1702.82,874.48,590.63
2019-01-08,1143.87,826.6893,403.4685,1008.3007,269.4292,195.7664,325.6603,182.4439,1731.63,887.5,588.26
2019-01-09,1146.66,830.5329,405.5459,1011.5055,267.6732,194.9311,325.9176,185.6484,1747.43,896.69,598.11
2019-01-10,1149.47,828.59,406.0293,1013.9565,271.4365,197.954,328.7581,185.2023,1761.4,899.43,596.93
2019-01-11,1149.35,828.3446,406.7302,1017.2807,270.2481,198.4157,327.4446,184.6743,1763.62,902.03,601.77
2019-01-14,1143.95,822.699,409.6796,1005.454,264.2186,197.8178,324.919,184.4126,1753.17,894.06,602.92
2019-01-15,1157.45,832.0301,412.993,1022.9813,267.5674,199.9219,322.822,185.6548,1763.9,899.77,598.24
2019-01-16,1159.9399,830.722,422.0879,1021.4214,268.2966,201.0169,324.1413,186.3546,1775.9,906.84,598.04
2019-01-17,1167.86,836.3481,424.3818,1030.6182,269.4385,201.9609,329.5975,186.4879,1792.2,915.13,594.63
2019-01-18,1181.55,847.2122,431.6367,1042.8065,269.7616,202.587,334.9984,189.0494,1817.25,924.28,595.51
2019-01-22,1163.8101,832.0053,426.9497,1035.345,270.1519,202.2694,330.4202,185.7548,1789.42,908.96,593.08
2019-01-23,1167.8101,833.875,427.0986,1036.6537,273.0697,202.4567,328.2849,185.4219,1786.64,907.18,592.7
2019-01-24,1167.4301,838.3039,427.9733,1027.6962,274.3867,203.2413,326.4467,186.0347,1799.23,912.68,593.38
2019-01-25,1176.11,847.088,431.6343,1029.1498,270.7481,205.6319,332.7064,187.5442,1818.57,922.98,604.56
2019-01-28,1164.4399,841.0267,430.4837,1017.4359,269.5001,207.5974,332.4402,184.2545,1816.06,917.07,614.78
2019-01-30,1180.5601,852.1611,431.0589,1036.1536,272.0252,210.9831,339.2047,187.0189,1827.21,926.29,615.2
2019-01-31,1191.6801,861.4473,429.9008,1047.8708,277.6731,212.9799,333.9765,186.5397,1835.39,934.12,622.72
2019-02-01,1191.67,846.1648,432.0951,1050.2083,276.838,211.5581,335.4879,187.4975,1841.52,933.58,622.86
2019-02-04,1200.75,851.5496,433.7227,1046.6089,277.4179,212.9438,334.7326,187.5972,1857.32,944.81,625.26
2019-02-05,1207.64,859.7015,433.1023,1045.7676,277.752,214.2243,337.4075,186.9262,1865.6,945.89,620.63
2019-02-06,1204.43,855.28,431.9248,1049.5733,277.4724,212.5876,335.1208,187.5693,1862.75,944.32,620.51
2019-02-07,1190.83,847.8059,427.8763,1038.4928,280.9988,214.2919,330.4698,185.0301,1854.4,935.46,614.88
2019-02-11,1189.59,845.0375,426.602,1039.0203,282.1448,214.9783,330.9177,184.0529,1864.64,943.25,608.26
2019-02-12,1205.74,859.0642,433.2572,1052.9893,282.6337,213.4693,338.3537,185.2011,1884.29,955.31,612.22
2019-02-13,1208.8,864.3728,434.1221,1055.5763,281.7694,214.7143,338.6956,185.7413,1893.28,959.1,609.99
2019-02-14,1204.8,860.5702,429.0944,1058.051,280.8857,215.6725,336.8346,185.7594,1891.66,961.15,608.4
2019-02-15,1217.96,865.0731,437.7477,1073.6157,281.6811,216.7808,341.4096,188.4829,1914.01,975.24,615.93
2019-02-19,1219.92,869.1685,438.5925,1070.9507,283.1997,217.0075,343.3929,189.4787,1916.27,980.86,622.05
2019-02-20,1221.74,870.3556,441.1339,1069.5696,284.4606,215.572,349.1755,190.5622,1925.12,987.87,622.33
2019-02-21,1217.44,868.607,439.1554,1060.1589,286.5938,215.8717,347.76,190.7212,1918.36,982.95,621.61
2019-02-22,1225.06,873.6672,438.1341,1070.0594,288.3263,217.1548,349.169,191.411,1933.72,987.29,623.27
2019-02-25,1228.38,870.9775,439.9686,1070.5663,286.4709,215.3893,351.4389,189.0462,1933.12,984.53,623.73
2019-02-26,1228.5,872.2806,438.9269,1067.1891,286.0353,214.9204,349.3488,188.6974,1916.18,975.84,623.95
2019-02-27,1227.68,871.934,440.4855,1061.9723,286.3645,214.0902,348.4605,190.6072,1918.41,976.89,620.35
2019-02-28,1223.55,867.03,439.2612,1058.7678,287.5276,214.7412,344.0488,190.1199,1910.34,973.71,623.54
2019-03-01,1232.43,874.9702,441.6373,1073.7398,288.072,214.4742,343.503,188.8322,1925.35,978.79,625.16
2019-03-04,1229.43,873.5606,438.9138,1059.386,288.676,215.3517,345.0345,188.4533,1915.93,969.12,622.5
2019-03-05,1229.75,875.3281,437.4815,1058.6429,288.1919,215.9076,343.2867,189.2995,1907.77,964.83,623.18
2019-03-06,1223.14,870.4203,434.355,1043.0419,288.288,215.3525,343.9586,188.619,1881.47,945.78,619.56
2019-03-07,1212.88,858.4591,429.7422,1034.7597,289.0351,215.1871,340.9008,188.2581,1865.54,935.73,615.21
2019-03-08,1211.04,852.8169,429.7415,1032.2217,290.0828,215.4501,341.6006,188.0636,1860.28,934.18,618.08
2019-03-11,1229.57,865.855,433.9949,1044.3262,292.1998,218.7618,346.4336,187.9203,1885.29,949.24,619.55
2019-03-13,1241.98,871.2105,437.9391,1062.9276,294.4278,220.8776,349.4185,190.9782,1895.54,951.5,624.22
2019-03-14,1240.77,868.5033,439.7422,1060.2313,294.0331,220.9725,346.6454,190.9669,1892.44,946.8,623.07
2019-03-15,1247.48,874.6672,442.542,1065.4434,295.409,220.1343,347.3495,191.4784,1895.86,947.25,627.77
2019-03-18,1252.08,883.851,447.0796,1063.8287,294.2033,219.0109,347.8891,192.5491,1909.01,954.97,632.59
2019-03-19,1252.57,888.2612,443.6559,1072.1692,290.7338,218.3742,347.3757,192.9561,1899.15,947.56,636.07
2019-03-20,1251.26,891.5723,434.4016,1064.9732,291.5584,219.3025,347.2105,193.351,1883.32,940.28,637.97
2019-03-21,1262.92,903.3781,433.0888,1068.6645,294.6256,223.2162,350.8338,193.1259,1908.53,952.13,641.21
2019-03-22,1239.09,884.8417,421.0886,1049.4359,296.6605,222.155,340.3269,191.8689,1854.99,918.09,637.82
2019-03-25,1237.23,889.7939,419.4407,1048.7044,297.0059,222.2934,339.7777,192.0663,1858.22,922.32,632.54
2019-03-26,1246.22,893.7146,424.1901,1055.8767,299.0849,223.7826,341.7163,193.0399,1876.53,930.71,634.62
2019-03-27,1240.05,891.4163,422.3332,1047.3031,297.0812,222.9986,341.415,191.7138,1874.76,930.12,626.3
2019-03-28,1243.51,896.5837,425.833,1050.0724,293.3802,224.6012,344.6689,191.0834,1890.13,938.65,622.67
2019-03-29,1251.56,901.2028,427.1942,1062.4652,295.1501,224.3639,347.2743,191.5383,1896.27,939.3,626.89
2019-04-01,1265.92,911.7748,437.5263,1064.2413,293.053,223.7303,352.4787,193.3571,1922.51,951.15,626.19
2019-04-02,1266.04,911.5426,437.4769,1061.7005,293.367,225.6491,353.8986,194.3232,1915.25,946.53,625.7
2019-04-03,1268.05,917.9919,438.8713,1060.4055,292.9204,225.4072,358.5953,194.8346,1924.65,950.39,627.38
2019-04-05,1275.54,930.2889,441.4016,1065.2801,294.701,226.4737,362.0337,195.7299,1948.91,966.15,629.81
2019-04-09,1270.67,925.4658,438.1751,1060.9377,293.3283,224.6155,359.3762,196.6984,1927.04,952.93,628.59
2019-04-10,1273.79,929.9765,439.6525,1062.3521,292.2213,226.2581,359.2662,197.8598,1945.44,967.44,629.09
2019-04-11,1273.18,931.126,442.1131,1049.4905,293.8339,225.9372,359.0593,195.4325,1950.68,965.77,624.41
2019-04-12,1281.09,936.2396,450.6259,1039.3063,295.2952,227.1499,363.7702,196.5288,1965.42,969.91,625.64
2019-04-15,1281.62,938.1584,447.811,1042.8949,295.305,225.7931,362.093,195.5775,1962.01,966.08,618.82
2019-04-16,1285.1,942.6445,453.9327,1021.774,291.2076,220.4088,363.803,195.4497,1963.52,970.12,609.97
2019-04-17,1286.13,944.4743,454.7617,992.2746,290.5946,218.2162,361.5894,194.7545,1948.59,964.55,610.05
2019-04-18,1287.4,943.9739,453.6585,993.6355,290.6415,219.8599,361.9996,195.3198,1953.43,962.66,609.21
2019-04-22,1290.69,941.9344,452.4909,994.2924,290.3055,217.5608,359.564,196.1999,1946.21,957.25,610.55
2019-04-24,1297.02,953.133,454.4899,1008.7708,292.9803,221.6894,359.1012,194.7339,1977.67,973.85,608.24
2019-04-25,1298.54,948.5968,455.6663,1020.1872,294.2489,221.2995,354.4539,194.1859,1955.14,964.06,608.87
2019-04-26,1304.15,957.3908,459.962,1030.016,294.722,222.8137,357.3683,192.8414,1973.92,972.87,610.69
2019-04-29,1307.07,954.0602,464.2153,1027.8503,292.8452,220.4459,356.7081,192.3812,1973.94,976.96,612.07
2019-04-30,1305.2,952.1447,464.951,1033.351,297.7546,223.0677,359.8364,192.4674,1970.74,975.06,611.32
2019-05-01,1297.69,941.3723,460.968,1030.2943,294.5801,223.163,353.23,191.8649,1948.87,966.76,609.91
2019-05-02,1292.88,941.1263,461.6963,1035.1848,293.753,223.4918,351.3091,190.0403,1952.87,969.1,601.28
2019-05-03,1306.72,954.284,465.517,1043.0552,295.6539,224.9749,354.788,189.9169,1980.83,989.22,606.42
2019-05-06,1300.44,948.2102,462.4214,1049.1343,293.7552,224.0137,349.8871,188.8152,1976.82,989.32,603.62
2019-05-07,1278.76,934.3905,454.601,1028.7006,292.836,220.0305,343.5243,187.5808,1938.62,971.02,599.23
2019-05-08,1276.4,933.7714,453.3023,1029.9162,288.8011,220.132,343.1708,187.8631,1932.14,963.63,598.25
2019-05-09,1271.22,929.7848,452.6712,1027.7835,288.5387,220.8483,340.406,187.1022,1927.74,962.41,592.11
2019-05-10,1275.1,930.2021,455.0264,1027.0798,293.5362,223.3455,344.7395,187.0596,1933.43,964.29,599.48
2019-05-13,1243.47,902.7904,441.9494,1009.1636,296.7912,223.355,337.2375,185.724,1876.57,934.68,596.19
2019-05-14,1252.41,910.6714,445.469,1013.2798,294.2161,224.1354,339.986,188.1936,1894.92,944.77,600.79
2019-05-15,1262.3,917.7783,443.333,1016.0063,293.8198,225.5801,339.1794,188.9005,1899.98,946.06,607.54
2019-05-16,1274.32,926.9937,448.1901,1023.6543,295.5291,226.7701,343.722,190.6587,1911.41,949.34,608.18
2019-05-17,1267.41,919.5553,445.5172,1021.9358,296.9579,226.3877,342.0072,189.2745,1889.4,934.56,609.15
2019-05-21,1267.75,918.3741,449.953,1029.9581,297.6413,224.5876,342.1132,190.3476,1899.74,939.63,612.41
2019-05-22,1264.15,910.0982,447.6974,1036.4967,300.0667,225.5147,339.8609,187.8243,1885.16,930.24,610.56
2019-05-23,1249.31,897.9248,441.0329,1032.6786,302.527,226.664,334.6607,185.0899,1853.57,909.45,602.02
2019-05-24,1250.67,899.1685,444.4229,1033.946,301.8978,227.0034,336.3296,186.8916,1862.83,917.54,607.68
2019-05-28,1240.99,894.7742,439.551,1019.382,297.0265,224.5054,333.2391,188.6471,1844.17,911.79,606.08
2019-05-29,1231.97,886.8569,439.0681,1009.6524,293.0531,221.9138,333.0492,188.7423,1832.77,904.09,604.48
2019-05-30,1233.67,891.3416,437.1062,1014.9295,292.6476,223.3535,333.4378,187.104,1828.67,901.32,602.5
2019-05-31,1215.02,878.5389,430.6455,1006.9996,293.9459,225.0826,329.3238,183.5584,1810.5,888.72,601.55
2019-06-03,1206.83,868.2071,433.6043,1010.0656,296.9871,226.0704,340.5842,182.9175,1822.94,894.52,594.72
2019-06-04,1232.95,891.0811,445.3393,1027.0862,297.1119,224.8054,349.9847,183.7385,1868.82,918.89,601.0
2019-06-05,1241.46,894.9682,447.8745,1034.0189,303.4686,230.0427,352.7176,180.4514,1874.71,916.22,596.9
2019-06-06,1250.21,899.4029,449.5162,1037.2905,304.7999,230.3768,356.6954,182.0637,1881.52,913.42,595.2
2019-06-07,1265.65,913.5974,448.6357,1050.5173,302.4494,230.9798,359.2036,182.6492,1892.0,919.89,596.54
2019-06-10,1272.58,923.2283,452.6159,1053.7848,300.6353,230.2796,359.7218,182.3227,1902.19,926.6,594.43
2019-06-11,1273.58,926.3152,452.6308,1051.1717,298.5574,230.687,359.4772,183.1691,1903.88,924.04,589.32
2019-06-12,1270.39,925.3227,448.344,1056.5552,302.5391,231.2878,360.6047,181.4786,1901.72,921.83,591.62
2019-06-13,1275.45,933.625,449.3898,1055.3475,303.0018,231.4937,362.6788,182.7266,1912.45,932.22,589.24
2019-06-14,1274.4,935.8882,450.5479,1052.2807,306.0119,232.2488,360.9801,183.1411,1899.92,923.57,587.84
2019-06-17,1277.35,936.8332,446.3368,1057.1884,304.9845,234.862,357.5933,182.7666,1899.56,924.01,584.62
2019-06-18,1289.69,943.8369,452.1963,1065.8961,304.0291,234.0661,360.3269,184.5371,1921.35,936.03,584.47
2019-06-19,1292.32,946.0938,451.2645,1076.1,306.4895,235.6569,358.6512,183.8526,1926.95,938.16,584.61
2019-06-20,1305.05,952.2905,453.4977,1080.43,308.1515,236.9143,362.9835,187.2112,1939.94,945.14,593.26
2019-06-21,1304.36,948.8367,452.2848,1085.1499,309.5925,234.3132,361.8128,187.109,1928.11,937.05,592.57
2019-06-24,1302.82,943.9797,450.7698,1079.745,309.6407,233.2407,363.4312,188.6868,1912.65,926.59,589.12
2019-06-25,1288.61,933.8529,449.1727,1075.3082,307.7113,230.0882,363.4263,189.6258,1901.33,922.19,578.99
2019-06-26,1288.83,937.7034,448.444,1061.903,301.0947,225.5863,362.7624,191.1955,1898.62,922.64,580.05
2019-06-28,1297.46,945.5783,458.9166,1072.469,303.0389,227.9124,367.1427,189.8266,1945.51,953.25,585.47
2019-07-02,1313.63,956.8829,463.2941,1083.2074,305.8352,231.3903,369.1521,186.5202,1946.19,948.46,585.46
2019-07-03,1323.16,964.0167,466.0487,1093.0511,308.42,234.7906,371.0237,189.2944,1963.42,954.92,586.16
2019-07-05,1320.77,965.1333,467.8278,1085.0916,307.9034,233.4629,369.0577,189.6335,1965.95,958.42,586.78
2019-07-08,1314.36,966.9199,464.8723,1077.0049,308.2527,234.3318,365.1606,189.5686,1947.42,948.66,588.03
2019-07-09,1316.79,970.0942,466.4947,1078.1915,308.4386,235.5604,361.4587,189.6044,1947.21,946.94,585.48
2019-07-10,1324.5,973.8611,464.3391,1082.1007,309.4192,236.7937,360.7821,193.2507,1945.83,948.75,585.85
2019-07-11,1326.71,975.4554,467.1059,1082.3113,309.5258,233.9171,362.3288,192.7495,1940.63,944.35,580.4
2019-07-12,1332.32,985.8343,469.969,1069.5682,307.554,232.9957,366.0395,193.4737,1960.49,952.53,576.03
2019-07-15,1333.24,989.1726,467.4795,1071.7919,308.6924,233.2856,366.6813,192.1662,1951.36,946.96,579.04
2019-07-16,1328.17,987.4047,466.2651,1066.4027,306.9312,232.8614,367.3658,189.0312,1951.83,948.23,580.17
2019-07-17,1319.85,978.5143,462.1536,1066.5991,308.2635,231.9164,364.119,188.346,1937.47,940.88,587.19
2019-07-19,1315.42,969.5173,463.6782,1061.014,306.1985,227.6722,366.5949,187.4912,1937.4,940.44,591.96
2019-07-22,1320.12,971.0837,464.6471,1059.3945,305.6396,227.5725,365.6563,187.4872,1935.64,938.25,593.88
2019-07-23,1328.49,976.6838,469.933,1065.9328,303.7701,229.8761,372.9176,188.0077,1956.2,946.92,588.96
2019-07-24,1334.49,981.9084,474.2252,1066.2835,303.9861,229.7106,372.8412,187.164,1983.8,962.84,593.15
2019-07-25,1328.03,975.6913,471.4227,1060.386,303.0828,228.5956,369.9531,186.8193,1964.83,953.1,591.73
2019-07-26,1339.87,977.8499,476.0873,1064.8092,304.3293,229.3538,370.1054,186.0682,1983.14,962.51,592.89
2019-07-30,1332.65,965.4779,471.4925,1064.5678,303.4918,232.4557,371.0495,187.3559,1986.8,967.7,593.83
2019-07-31,1317.09,954.0943,469.4518,1054.0425,301.8959,231.7609,365.5364,187.5579,1966.72,963.4,591.66
2019-08-01,1305.66,941.6981,458.5539,1055.1034,304.9423,232.2754,363.471,181.5574,1933.48,948.24,591.33
2019-08-02,1296.65,933.1246,457.5588,1052.7613,305.104,234.0452,359.0642,182.1463,1914.53,938.14,595.74
2019-08-07,1273.0,923.8608,443.8909,1040.8586,305.0567,234.3543,357.4609,176.4573,1887.31,922.68,597.33
2019-08-08,1296.68,942.1818,451.2664,1055.2055,308.1803,238.016,364.2129,179.0204,1925.31,942.35,596.33
2019-08-13,1292.61,935.463,446.7214,1059.9788,307.8783,237.9782,359.9735,181.9767,1893.51,929.89,587.4
2019-08-14,1255.1,906.1034,430.8196,1029.9362,304.9895,234.2312,348.2527,179.4193,1837.99,902.75,577.69
2019-08-15,1256.83,905.4241,432.1608,1033.5167,308.8346,237.3568,348.2152,178.7879,1835.16,899.48,568.78
2019-08-16,1275.19,915.3163,440.1886,1045.8646,309.9316,238.8545,354.3421,179.1872,1873.22,919.62,570.43
2019-08-19,1291.29,926.7206,444.5258,1056.1815,312.0664,241.0017,357.0827,179.6077,1891.71,929.36,569.85
2019-08-20,1280.77,926.0046,438.3183,1047.1184,311.5079,239.0498,352.7412,179.7412,1876.3,920.86,576.68
2019-08-22,1291.31,942.3426,443.0718,1049.8087,313.816,241.2689,352.1244,179.157,1888.46,925.35,578.1
2019-08-23,1256.91,916.377,431.8443,1025.4665,310.5197,238.1641,343.5361,177.3663,1836.55,896.5,581.95
2019-08-26,1271.79,925.716,436.4984,1035.41,314.19,240.5878,344.5493,177.7106,1851.39,905.91,583.24
2019-08-27,1268.06,921.9392,433.4647,1029.7349,314.6176,239.6477,344.8779,178.5512,1832.63,895.22,583.64
2019-08-28,1276.24,932.0224,437.4214,1037.0104,313.8024,240.4643,347.864,180.1407,1849.95,906.02,583.82
2019-08-29,1291.77,945.7676,443.8913,1045.0015,315.8248,242.2157,351.9214,181.0714,1877.21,920.04,581.15
2019-08-30,1292.38,940.4687,445.6542,1046.7448,315.9651,242.4436,354.2801,179.2697,1881.2,918.74,589.36
2019-09-03,1282.96,936.9807,440.7177,1040.1555,321.5079,245.611,351.1645,178.0818,1858.05,905.97,592.28
2019-09-04,1297.53,945.054,445.4886,1040.3116,321.9819,247.6873,354.9543,181.7807,1880.94,914.47,592.93
2019-09-05,1315.51,963.0099,453.936,1050.4601,318.1543,245.3576,355.6773,181.4261,1912.63,932.4,586.26
2019-09-06,1315.73,965.0558,454.0128,1053.7377,317.0875,245.8915,357.3811,181.7262,1911.51,930.11,588.51
2019-09-09,1316.78,967.9901,460.9893,1044.0694,315.1243,243.7534,355.5803,183.5312,1926.46,943.39,583.71
2019-09-10,1317.44,964.2858,462.846,1047.1192,315.426,240.4205,359.0751,184.2024,1937.8,954.91,582.56
2019-09-12,1331.98,970.8753,467.7616,1056.4427,318.9364,240.9985,365.1596,183.7141,1962.36,974.43,589.16
2019-09-17,1327.12,962.1636,469.8378,1054.7798,320.2069,243.7063,365.8708,188.3314,1959.49,976.6,586.9
2019-09-19,1328.66,959.3556,469.9839,1059.8086,322.8798,243.6169,366.7185,187.2678,1949.66,965.34,584.22
2019-09-20,1321.7,948.1559,466.9615,1066.2045,324.0772,242.8229,366.1243,186.8271,1944.64,962.11,590.45
2019-09-23,1321.21,950.3533,467.7596,1059.6979,324.499,243.3905,365.2324,188.2453,1947.83,962.44,589.98
2019-09-24,1308.76,939.0351,463.3571,1050.0971,327.9325,243.1349,361.7105,186.7099,1925.68,950.06,583.44
2019-09-25,1318.62,948.1506,466.7468,1045.0443,327.8379,242.9448,363.7308,186.139,1947.43,962.76,578.38
2019-09-26,1313.96,942.8584,464.9336,1038.4678,329.4157,245.1423,362.9693,185.7186,1936.97,952.48,574.83
2019-09-27,1308.66,939.3572,466.0349,1034.1139,328.2928,243.2153,362.0321,185.1881,1922.74,946.31,569.58
2019-09-30,1315.25,947.2741,465.5391,1043.3749,328.492,243.5997,364.6569,183.3462,1935.48,947.72,558.68
2019-10-01,1300.68,939.9573,455.8585,1033.3344,327.4866,241.1187,356.278,183.5113,1900.02,929.27,554.91
2019-10-02,1276.91,923.3001,446.2961,1017.6263,323.2492,239.8236,349.5971,182.3151,1873.82,919.11,554.84
2019-10-03,1287.74,928.2513,447.0287,1027.1246,324.1242,242.6482,351.096,182.8108,1884.62,921.11,557.78
2019-10-04,1306.99,937.2246,455.6693,1043.4495,329.0565,244.1159,352.9194,182.9145,1903.79,930.46,558.76
2019-10-07,1301.93,933.1165,453.6524,1038.9673,327.591,243.3327,351.8168,182.5268,1894.05,928.71,556.12
2019-10-08,1282.82,922.5186,444.4687,1019.946,324.2742,242.1639,345.7538,182.7672,1860.86,912.64,552.67
2019-10-09,1294.12,930.7696,448.9043,1026.9381,325.924,242.9118,349.2941,182.51,1873.79,916.17,550.6
2019-10-10,1302.41,935.7366,453.4964,1032.2186,325.5356,243.3609,352.7216,183.0574,1884.17,918.36,542.6
2019-10-11,1315.77,946.4761,459.3113,1040.4856,324.414,242.6557,359.4551,185.6568,1916.57,935.6,540.76
2019-10-15,1328.43,954.9561,465.9819,1058.4517,321.2746,243.2806,359.1899,184.3344,1924.31,942.32,541.19
2019-10-16,1326.73,958.8541,464.8372,1057.1968,322.0279,242.9878,360.275,184.5812,1922.4,945.05,539.05
2019-10-17,1329.82,961.8963,465.3742,1065.2145,322.7636,244.6267,360.9661,185.177,1938.65,955.41,544.07
2019-10-18,1321.61,958.7912,466.4532,1061.6253,323.938,247.0215,360.5969,185.4184,1936.76,950.37,542.43
2019-10-21,1331.59,963.2946,473.0875,1060.8353,325.1317,248.758,359.3374,184.371,1947.66,958.85,543.36
2019-10-22,1327.59,956.367,471.7558,1062.67,326.5785,247.7753,357.8778,185.1917,1947.08,961.41,540.47
2019-10-24,1333.22,952.7767,473.2622,1062.9536,329.0693,247.5244,361.5615,187.5339,1949.6,961.55,542.84
2019-10-25,1340.72,950.7588,475.5919,1065.007,325.4912,244.2854,365.326,188.2379,1959.22,968.12,546.49
2019-10-28,1350.57,954.3319,477.9659,1076.0695,321.2272,241.6554,366.3754,188.1716,1970.61,976.54,540.98
2019-10-29,1345.85,948.692,479.3139,1088.5489,321.5756,242.5878,368.8299,188.2786,1975.24,980.36,538.25
2019-10-31,1349.76,950.0055,475.9857,1095.5775,325.8483,243.2102,364.7261,186.7315,1955.37,965.35,538.37
2019-11-01,1363.03,956.1702,482.7606,1097.4097,325.1747,242.5192,370.0303,190.3085,1983.5,980.42,541.49
2019-11-04,1369.37,957.259,487.0624,1093.6231,321.0032,239.9702,372.926,191.1941,1995.1,988.81,541.7
2019-11-05,1369.11,958.6356,489.1182,1083.8389,317.7123,235.7419,373.8697,192.2594,1999.33,990.18,538.66
2019-11-06,1369.79,959.1908,491.1294,1089.9055,318.5416,236.7063,373.5281,190.6032,1990.35,984.54,538.63
2019-11-07,1374.8,953.7805,494.4098,1091.4622,314.2546,234.1625,375.9391,191.1055,1992.64,987.52,533.8
2019-11-08,1379.11,954.0438,494.4932,1100.1828,313.0632,233.6096,377.4188,191.4237,1998.39,988.56,536.97
2019-11-11,1376.64,951.4551,493.1958,1095.6269,310.9424,234.1331,376.991,189.4818,1994.46,985.62,534.6
2019-11-12,1378.61,950.7009,493.3791,1101.9822,311.7057,232.271,378.5573,189.9026,1990.99,985.47,536.32
2019-11-13,1378.84,947.0478,490.5504,1103.1937,316.2789,234.7583,376.7524,190.4474,1986.46,979.62,530.63
2019-11-14,1378.34,950.3626,490.985,1102.3834,316.997,236.7257,378.5997,190.2185,1991.46,977.88,527.15
2019-11-15,1388.81,951.7376,493.2218,1126.7535,317.8449,238.1149,378.3189,191.1917,2000.61,982.71,528.58
2019-11-18,1390.32,954.9304,493.949,1122.497,318.3913,239.3019,377.4731,189.291,1997.91,978.66,524.92
2019-11-19,1387.59,945.6721,494.7326,1129.8438,317.5779,239.7447,376.2561,187.1622,2001.35,980.21,522.47
2019-11-20,1382.01,943.0028,492.2604,1128.8656,319.5692,239.8071,371.812,189.081,1994.17,974.03,524.14
2019-11-21,1381.29,938.0801,491.7848,1131.3523,318.3881,236.4776,371.3568,190.9525,1980.44,969.46,529.03
2019-11-22,1384.81,944.1545,495.5054,1135.882,318.4673,235.2019,371.9325,190.584,1985.87,972.13,530.02
2019-11-25,1395.0,952.538,498.7352,1147.9906,317.2954,235.3285,374.245,190.818,2009.7,995.86,530.22
2019-11-27,1404.15,968.2137,500.0283,1152.7253,318.8099,239.4853,376.9604,190.5997,2030.78,999.99,533.81
2019-11-29,1398.63,960.7934,498.9585,1148.6884,318.3561,238.4284,375.2364,186.7141,2010.15,993.51,531.81
2019-12-02,1387.38,953.4808,495.7448,1143.6294,315.8989,234.2648,371.6953,187.2339,1995.86,981.57,533.31
2019-12-03,1377.76,943.8462,489.2054,1141.2465,317.4821,235.9993,369.2183,187.7338,1983.92,977.51,538.32
2019-12-04,1386.45,947.6669,494.039,1151.6741,319.7719,237.418,369.072,189.6596,1999.53,985.29,539.7
2019-12-05,1388.58,945.5638,495.8765,1152.0072,319.8311,237.5487,371.4967,190.371,2003.0,988.01,537.11
2019-12-06,1402.31,953.2015,502.5806,1159.1094,319.119,237.7855,375.2908,191.5658,2021.98,1002.13,537.82
2019-12-09,1398.34,953.89,501.0701,1151.2016,317.5598,238.1107,374.8199,191.5738,2013.48,999.06,537.49
2019-12-10,1396.76,951.8631,501.061,1152.8856,317.4277,236.4878,372.6168,192.6311,2011.75,998.87,536.33
2019-12-12,1412.56,963.0237,510.0309,1165.0019,316.9248,231.3011,380.6585,193.4402,2036.63,1009.59,536.52
2019-12-13,1413.62,963.4019,507.6316,1163.6955,319.578,231.7135,377.5639,194.3925,2024.72,1002.79,540.53
2019-12-16,1423.85,967.5103,509.6729,1176.2951,323.71,233.4743,379.3283,195.8993,2038.46,1007.93,541.61
2019-12-17,1425.14,972.839,512.1638,1175.2717,324.4759,230.7653,380.023,195.9822,2045.09,1015.72,543.55
2019-12-18,1423.08,972.8072,509.7313,1176.6989,325.8902,233.8321,379.1081,195.6553,2046.15,1019.53,538.71
2019-12-19,1429.91,976.2779,509.8785,1181.267,325.7086,236.3264,380.3636,195.8343,2054.31,1022.44,544.64
2019-12-20,1435.65,977.4302,510.1746,1190.4508,328.2542,237.8784,382.0698,195.756,2065.61,1022.88,548.84
2019-12-23,1438.0,976.1577,509.2841,1194.3251,325.0203,236.5939,383.6483,195.1738,2063.39,1022.67,553.93
2019-12-24,1437.1,977.4344,509.7928,1193.1411,325.363,236.9945,383.9102,196.3086,2061.36,1024.69,556.0
2019-12-27,1447.47,991.9381,511.889,1192.491,326.8151,239.1075,384.501,198.0753,2062.88,1018.87,563.58
2019-12-30,1438.14,984.8154,509.8963,1184.6577,326.6685,238.8018,382.9663,197.7479,2060.72,1018.02,568.93
2019-12-31,1442.17,986.2906,511.3939,1188.1957,328.3616,240.3245,385.8542,196.6359,2063.02,1021.18,577.54
2020-01-02,1458.13,999.0079,516.2064,1190.4459,323.8211,237.1397,381.067,196.3842,2065.19,1020.83,587.87
2020-01-06,1452.81,994.125,510.2306,1187.2729,324.9804,239.2558,373.1941,198.3809,2054.16,1019.76,581.75
2020-01-08,1455.49,994.3733,509.5614,1192.0304,324.3325,237.3988,374.2491,194.1489,2052.93,1016.51,577.91
2020-01-09,1466.47,999.9172,513.4829,1197.6354,326.0316,237.5484,375.4819,194.3544,2058.05,1015.79,577.67
2020-01-10,1462.07,994.4807,509.4715,1198.128,326.8202,239.8021,373.8894,194.9657,2051.37,1010.84,582.35
2020-01-13,1473.11,997.6731,513.1789,1193.8976,328.9729,242.7665,378.9714,193.8024,2068.13,1020.33,572.28
2020-01-14,1469.52,996.513,511.9546,1200.4322,329.8832,241.5675,377.515,194.4796,2072.99,1023.68,574.43
2020-01-15,1472.23,993.9514,509.1425,1210.6229,334.5197,243.4381,379.9257,193.4853,2076.1,1027.61,577.01
2020-01-16,1483.51,1002.8529,513.0735,1216.9552,336.5454,245.3664,382.119,193.0208,2100.34,1041.03,583.11
2020-01-17,1489.62,1005.6846,515.2786,1217.6895,339.1072,245.6977,383.9789,193.7058,2095.55,1039.28,584.5
2020-01-21,1485.68,1003.9669,510.8305,1218.2045,341.952,248.327,379.8885,192.3375,2082.93,1029.72,582.46
2020-01-22,1486.7,1002.922,512.1874,1219.6448,342.9566,246.3681,378.4042,190.721,2082.52,1029.52,585.36
2020-01-23,1487.22,1004.1173,510.992,1213.6043,346.1131,248.7473,377.8831,189.137,2086.86,1031.47,582.38
2020-01-24,1474.44,990.7472,504.0292,1193.2504,347.2498,248.1727,375.282,186.2058,2065.15,1015.98,581.76
2020-01-27,1451.2,975.6396,496.2814,1184.2054,346.2012,247.1352,367.4033,183.4993,2035.97,1003.93,573.76
2020-01-28,1465.56,985.2212,501.89,1189.8558,347.4769,247.8849,370.9998,184.1646,2056.38,1012.23,575.63
2020-01-29,1466.7,984.6463,501.0925,1186.5435,348.5254,246.3298,372.3489,183.2797,2046.66,1004.42,577.49
2020-01-30,1471.24,983.9199,507.3509,1177.3396,351.6419,246.9811,370.1634,181.3655,2047.92,1003.03,575.16
2020-01-31,1446.71,992.0135,497.098,1153.9581,350.0848,243.6204,361.9944,180.4888,2007.22,979.84,575.18
2020-02-03,1457.54,997.9552,500.0582,1164.6426,351.2188,243.9426,369.724,178.1226,2028.61,988.83,574.58
2020-02-04,1479.79,1015.5445,505.2483,1184.4101,347.6107,246.8413,376.1709,178.0054,2055.7,1001.12,573.42
2020-02-05,1496.14,1020.566,515.1993,1207.7123,349.074,246.6708,383.1835,179.719,2080.32,1020.2,576.36
2020-02-06,1504.14,1018.9722,514.3321,1209.0455,348.9785,247.6562,382.8651,180.7157,2069.69,1016.66,578.0
2020-02-07,1498.07,1015.9975,512.4895,1199.2729,347.8928,247.7799,377.2747,180.3478,2049.3,1002.05,574.16
2020-02-11,1508.33,1036.6427,515.6278,1212.8266,350.394,253.8834,379.2705,179.8415,2076.67,1012.97,573.12
2020-02-12,1517.81,1046.8595,516.0106,1214.5135,350.4562,255.5815,381.2646,182.1265,2091.35,1019.72,571.73
2020-02-14,1515.53,1042.5422,516.183,1209.5335,356.3319,259.71,380.0295,183.4066,2096.61,1018.27,570.49
2020-02-18,1511.12,1043.3864,511.6,1205.0759,359.1281,259.3067,379.166,184.3478,2089.19,1012.67,577.06
2020-02-19,1518.94,1048.282,515.3653,1210.5512,355.1977,255.7846,379.9173,186.144,2098.57,1016.31,581.69
2020-02-20,1511.27,1048.1566,514.6976,1203.0302,356.3228,258.7347,380.426,185.3334,2106.12,1020.96,581.18
2020-02-21,1493.89,1031.0165,509.6968,1203.4107,355.6731,259.7098,378.9104,185.2554,2084.33,1009.62,582.67
2020-02-24,1440.32,994.6399,493.0106,1164.1404,351.5405,256.2322,368.0781,180.951,2022.57,980.05,567.79
2020-02-26,1395.45,962.0123,473.0077,1128.6324,340.6116,247.4533,351.0455,176.4208,1921.97,935.03,545.6
2020-02-27,1331.58,922.8824,452.334,1091.0309,324.6331,233.6217,334.7038,173.072,1851.81,899.84,520.59
2020-02-28,1324.43,915.7672,440.7037,1075.6616,313.8478,227.6958,330.6666,169.183,1814.0,884.78,497.61
2020-03-02,1388.71,947.781,462.1649,1127.5688,332.2476,239.2081,344.3799,173.5035,1875.47,907.89,513.28
2020-03-03,1346.23,925.7774,444.9203,1098.8769,328.3793,238.9607,341.7836,175.0305,1835.19,888.6,517.15
2020-03-04,1402.72,957.3772,459.547,1162.7459,347.0684,248.4874,355.4869,174.759,1899.66,916.47,525.74
2020-03-06,1335.46,908.2966,422.7351,1129.0238,338.7791,238.5188,335.0171,165.4045,1797.79,867.2,506.54
2020-03-09,1237.51,852.1313,376.6018,1070.4382,319.6697,221.4721,303.9937,153.7081,1633.64,783.53,463.15
2020-03-11,1238.84,849.8417,377.3011,1064.2732,306.4424,219.8701,300.9044,156.8844,1584.67,757.53,438.87
2020-03-12,1123.43,766.6017,336.6587,985.3958,275.2041,200.7507,271.9675,150.6684,1426.74,671.3,392.66
2020-03-13,1237.2,813.2361,381.1952,1053.925,290.4817,218.0801,290.7843,149.4977,1546.75,725.98,391.12
2020-03-16,1094.07,714.9846,327.8681,948.6112,256.9522,181.9852,257.5228,140.8801,1334.12,629.36,366.46
2020-03-17,1159.11,743.7777,346.7779,1007.949,290.6438,194.616,274.6611,138.3066,1403.28,670.06,374.72
2020-03-18,1110.59,707.1269,316.0979,973.7054,277.1558,180.1045,257.7384,127.7488,1258.24,600.82,338.8
2020-03-19,1114.6,731.1885,323.2196,955.5429,261.9961,177.6829,263.4484,135.4908,1317.54,635.19,353.67
2020-03-20,1065.65,711.3417,312.65,916.5886,240.573,167.9497,254.1594,131.5111,1257.86,604.59,356.54
2020-03-23,1040.0,713.8369,293.5539,870.9871,227.748,158.6159,241.6692,132.3938,1218.55,595.67,351.19
2020-03-24,1130.42,775.5117,330.9859,937.0763,252.6641,172.1825,269.778,136.0484,1349.04,649.32,380.75
2020-03-25,1135.2,784.0139,339.7756,948.9422,259.8393,179.9171,275.7106,137.5795,1388.86,655.4,395.67
2020-03-26,1204.5,817.7419,361.6197,1015.1796,281.6255,193.9688,289.3154,134.1287,1471.53,700.66,398.43
2020-03-27,1162.3,790.1757,349.6569,990.6921,283.0995,193.8294,278.3047,131.5148,1422.92,669.88,388.58
2020-03-30,1204.14,807.5221,356.6984,1036.9814,293.5703,199.1261,287.3524,129.1824,1459.15,685.32,386.55
2020-03-31,1187.48,793.1123,346.0238,1032.895,281.7736,192.6368,283.2318,129.2884,1443.4,684.84,390.4
2020-04-01,1139.31,761.6567,325.3706,993.0219,264.5303,180.8719,270.2187,125.7986,1361.21,635.66,381.13
2020-04-02,1168.51,764.3235,333.3993,1020.6824,272.8482,183.2903,274.2656,132.5291,1375.35,645.29,386.16
2020-04-03,1151.57,753.0883,325.9515,1010.8735,262.9722,181.9045,267.8638,135.8417,1337.95,622.35,383.94
2020-04-06,1228.15,811.3059,350.2629,1065.4313,283.605,195.0165,288.2344,135.9538,1444.56,674.65,399.19
2020-04-08,1258.45,844.6803,369.1194,1099.8768,295.3258,209.7086,309.9539,137.1553,1535.51,707.08,408.89
2020-04-09,1271.2,856.7766,388.2766,1106.0059,309.3531,220.5048,323.1877,135.692,1586.37,743.23,421.97
2020-04-13,1266.47,866.2223,374.3824,1095.1496,299.1874,210.3934,316.3056,135.8209,1537.47,718.35,437.16
2020-04-14,1307.09,902.4781,375.6158,1131.349,308.0872,217.2411,319.9516,133.7805,1570.52,731.1,445.25
2020-04-15,1283.68,888.3187,359.2243,1125.4221,297.7416,208.9634,305.5297,131.2498,1508.8,695.73,442.71
2020-04-16,1292.9,905.5516,352.9861,1150.1522,297.959,207.7199,303.9017,131.2521,1505.64,691.42,447.4
2020-04-17,1320.68,924.0853,372.6427,1173.9304,307.8328,214.4084,316.313,131.4307,1561.43,722.58,444.87
2020-04-20,1299.38,912.3675,365.3461,1164.7855,295.8702,206.4027,308.2757,126.0892,1532.49,708.12,444.76
2020-04-21,1259.47,888.0928,353.6469,1128.2273,291.1219,203.0828,300.6399,112.8511,1490.58,692.66,437.94
2020-04-22,1288.38,906.1428,357.5005,1146.3141,299.6959,206.9531,307.0312,117.965,1512.86,698.74,452.59
2020-04-23,1288.64,909.0365,355.9636,1151.8315,294.4244,204.4882,308.6877,120.4933,1529.01,707.49,456.51
2020-04-24,1306.32,922.0284,360.9866,1168.4298,296.2667,205.0797,313.5093,119.7131,1550.37,715.14,462.64
2020-04-27,1320.13,933.0479,374.0246,1183.7878,299.4957,211.2264,321.7831,114.6658,1613.53,745.84,470.42
2020-04-28,1307.17,930.595,377.4236,1158.584,300.557,211.2787,328.0773,114.885,1629.89,761.08,470.89
2020-04-29,1342.67,952.0735,388.7746,1167.1472,297.797,212.0204,336.5035,118.7719,1698.26,802.96,477.36
2020-04-30,1338.02,955.8077,378.3371,1162.0267,290.71,210.6148,326.5524,124.4305,1646.36,771.11,471.74
2020-05-01,1302.16,911.7221,365.7917,1137.8946,283.6022,203.7908,319.4663,124.8891,1590.48,740.02,473.09
2020-05-04,1307.81,918.0117,362.4433,1138.7248,285.7381,203.7641,320.7545,125.8427,1591.5,736.02,476.07
2020-05-05,1318.69,921.205,362.1894,1163.2091,288.3915,205.0352,321.7139,131.2773,1607.11,738.71,480.47
2020-05-06,1313.03,924.0997,353.8334,1151.7759,278.2594,201.2601,315.8512,129.0487,1593.77,729.41,478.82
2020-05-07,1325.44,936.5143,361.6821,1151.2611,279.4836,202.966,322.585,130.1539,1620.08,740.46,488.22
2020-05-08,1345.19,952.0919,369.5999,1157.4665,285.1,206.7592,330.3169,132.4434,1676.18,770.87,492.09
2020-05-11,1348.41,952.998,362.4221,1177.1659,283.7384,204.2516,325.3107,130.2514,1663.48,756.76,495.2
2020-05-12,1322.87,931.5691,352.7414,1159.6191,281.1803,195.5702,320.231,130.2039,1604.8,728.74,500.71
2020-05-13,1302.87,920.3192,342.1394,1146.8658,278.653,192.4245,313.2373,128.081,1550.7,700.59,493.41
2020-05-14,1317.39,932.3815,351.1808,1159.1885,281.296,192.6041,317.0888,130.7314,1567.15,703.17,498.26
2020-05-15,1323.54,942.303,348.6029,1167.6298,277.3433,191.7537,320.138,132.4538,1578.26,712.38,508.99
2020-05-19,1344.1,971.5694,357.8907,1164.3451,283.9216,197.4766,331.4015,137.5815,1652.63,747.78,527.81
2020-05-20,1366.99,985.3038,365.831,1165.7776,285.3334,199.1569,336.7941,139.0013,1688.63,771.25,533.93
2020-05-21,1356.16,983.7445,364.5375,1156.3162,282.4648,198.086,333.4426,138.583,1694.18,771.41,531.83
2020-05-22,1358.94,982.3867,363.5987,1158.5113,285.6726,202.4619,332.858,137.5392,1695.33,775.34,536.94
2020-05-26,1369.98,993.3034,381.9211,1156.2698,287.7551,208.8695,341.7321,139.7583,1753.03,806.47,538.43
2020-05-27,1386.61,1006.0692,398.4972,1168.4054,290.8272,213.3546,345.2278,137.1504,1799.27,837.98,541.1
2020-05-28,1382.8,995.55,392.2785,1183.1061,299.6626,215.9979,348.0825,137.7827,1773.12,811.49,544.62
2020-05-29,1389.63,1002.2888,387.5178,1198.1381,302.0522,214.273,348.3786,140.4217,1763.95,803.11,553.77
2020-06-01,1392.95,1011.4408,392.0126,1186.0932,305.2816,218.7802,350.2877,140.5322,1784.04,811.0,563.98
2020-06-02,1403.42,1017.8538,395.2348,1193.2989,307.109,220.2187,356.4602,142.4106,1800.62,820.26,559.78
2020-06-04,1413.08,1028.0492,418.4562,1181.3232,305.0313,221.443,365.8801,144.1438,1852.2,861.45,562.41
2020-06-05,1448.33,1049.9151,434.6403,1200.8885,309.173,229.4076,375.0219,147.5741,1911.15,899.33,556.91
2020-06-09,1460.8,1065.4304,432.9347,1195.49,310.6007,231.7312,370.9653,147.0209,1905.37,894.77,564.79
2020-06-10,1459.78,1061.2096,416.7036,1193.8407,308.9291,227.3018,366.8353,147.8383,1857.46,863.09,567.38
2020-06-11,1376.79,1009.0917,382.6186,1126.6668,296.6411,213.0746,338.4421,143.2488,1724.62,792.25,544.2
2020-06-15,1403.1,1025.3949,399.5577,1136.5912,297.8462,222.0423,348.2352,143.124,1786.5,829.29,559.82
2020-06-16,1430.1,1045.876,405.2891,1164.2715,299.2234,225.93,355.5736,144.71,1823.44,850.16,562.46
2020-06-17,1426.14,1046.6635,399.7347,1163.3575,298.2959,223.3667,352.8843,144.8296,1798.37,832.2,559.79
2020-06-19,1422.04,1039.8274,396.6773,1169.9543,288.9188,218.108,351.9259,146.5191,1784.72,818.76,567.2
2020-06-22,1433.74,1051.2924,394.7809,1165.7361,292.8032,217.5581,353.3286,147.6642,1790.34,825.13,577.44
2020-06-24,1408.84,1041.2128,382.5108,1139.7194,286.9801,211.0277,343.6379,143.6233,1731.48,798.27,584.79
2020-06-25,1424.96,1044.4011,392.8642,1151.4344,283.4801,213.3154,348.0978,143.7564,1754.04,812.0,595.96
2020-06-26,1386.05,1020.0255,375.8435,1137.3748,280.5594,209.4487,343.2726,142.7427,1719.32,788.69,598.74
2020-06-30,1427.23,1051.4171,385.4915,1167.805,286.958,216.3938,354.8285,146.5239,1783.21,831.89,620.13
2020-07-02,1442.95,1074.0744,381.7471,1184.4282,294.2025,221.2114,362.1059,149.3142,1778.95,823.95,627.51
2020-07-07,1456.52,1089.4909,381.1191,1186.0708,289.4324,218.0364,367.3494,150.3411,1762.92,815.23,651.66
2020-07-08,1471.15,1106.1924,385.1429,1186.2718,292.0079,217.6872,361.993,150.7637,1774.86,818.56,664.8
2020-07-09,1466.04,1114.7313,376.8661,1176.5569,288.1886,216.9636,358.6076,149.1691,1748.61,799.86,671.96
2020-07-10,1481.96,1125.9162,389.9748,1173.9732,293.6555,217.3181,364.8772,150.2976,1772.98,817.37,684.71
2020-07-13,1466.64,1106.4643,391.2194,1180.1807,293.779,213.7722,364.8286,149.4036,1754.4,809.47,666.49
2020-07-14,1483.8,1113.0715,393.949,1203.2822,296.6434,215.854,374.1001,148.6764,1782.64,822.99,662.55
2020-07-15,1490.35,1118.2368,401.4698,1219.1405,295.3353,216.9472,380.3283,149.9824,1836.3,853.1,667.39
2020-07-16,1484.35,1115.1982,401.2599,1217.0564,299.2454,214.3728,381.6917,149.5542,1828.58,847.31,661.58
2020-07-20,1504.11,1142.4728,396.3966,1233.5503,301.9185,215.1887,381.4821,149.4239,1825.67,841.87,685.16
2020-07-21,1502.96,1138.339,403.9583,1232.8677,303.3189,215.2142,384.7341,151.3503,1848.37,859.38,695.76
2020-07-23,1483.69,1118.8699,404.3318,1238.2758,308.3182,216.8235,388.0163,151.8138,1864.65,866.14,680.2
2020-07-24,1474.12,1122.5527,402.853,1224.5242,306.37,215.9629,386.7614,151.9268,1849.94,851.59,691.39
2020-07-27,1486.1,1132.306,399.5807,1233.3852,302.515,218.3715,392.2253,152.7547,1867.27,861.83,709.11
2020-07-28,1477.1,1118.412,398.447,1231.6258,307.2164,222.853,383.6615,152.3886,1848.74,855.41,707.79
2020-07-29,1491.62,1130.213,406.4849,1244.9467,308.5615,227.069,386.9428,153.3032,1888.71,877.44,711.14
2020-07-30,1487.87,1131.3666,399.0151,1235.3891,308.4954,225.1783,379.3394,151.643,1876.26,871.44,705.74
2020-07-31,1504.93,1145.8107,399.0626,1228.5843,309.1226,224.8197,379.7717,152.6186,1863.91,865.38,721.24
2020-08-04,1524.36,1148.9128,398.0683,1235.791,308.8766,224.5266,382.3644,157.1047,1894.2,881.14,741.57
2020-08-05,1535.42,1165.0433,403.8907,1241.8579,305.0228,223.0969,388.2185,157.9462,1920.53,900.61,747.08
2020-08-06,1551.21,1170.8498,403.2943,1234.7309,306.6046,223.3073,386.5662,157.8363,1915.1,896.0,742.11
2020-08-07,1547.9,1167.406,412.0817,1239.0963,312.121,226.3296,388.0144,155.9793,1938.53,911.67,739.98
2020-08-10,1550.69,1175.3994,414.7263,1234.881,311.8208,225.9609,391.8599,156.755,1947.13,920.49,747.67
2020-08-11,1536.0,1167.9301,420.118,1226.8798,305.1722,221.7447,391.1647,155.987,1945.14,919.79,717.45
2020-08-12,1560.59,1187.4434,418.8979,1247.9561,309.6073,224.6682,393.6438,157.5832,1958.29,924.17,725.71
2020-08-13,1557.83,1186.7635,416.333,1245.8977,308.4253,221.9133,393.3512,158.1948,1952.62,917.57,741.39
2020-08-14,1557.29,1185.6168,417.3888,1243.2087,305.621,222.2222,393.9288,158.483,1949.56,917.9,737.65
2020-08-17,1561.28,1199.92,410.9838,1250.4707,305.1762,224.1957,395.4061,160.2527,1953.56,919.09,750.87
2020-08-18,1569.45,1217.4394,408.2235,1250.035,303.6874,223.8619,393.9805,161.1252,1935.98,907.13,751.0
2020-08-19,1563.03,1208.7059,407.9092,1245.633,302.7337,219.3469,392.7191,161.4499,1927.96,908.43,739.95
2020-08-20,1573.73,1210.445,404.2577,1242.0351,300.0478,221.7152,391.0574,160.1986,1915.39,900.74,739.48
2020-08-24,1597.89,1230.0372,412.5283,1236.4528,303.2356,222.8008,395.6656,160.6653,1938.15,909.73,723.72
2020-08-25,1604.88,1236.5552,413.6471,1245.1077,300.451,223.478,394.3922,162.1354,1935.73,910.35,714.23
2020-08-26,1629.28,1254.6705,411.666,1243.5851,296.8278,221.8171,398.2272,161.9379,1928.63,902.38,729.87
2020-08-27,1630.46,1245.6664,418.8438,1253.3151,297.7083,224.8625,397.2777,162.1995,1936.18,905.46,731.96
2020-08-28,1640.78,1251.8234,420.7332,1255.8457,298.4983,226.4866,401.6607,162.9823,1946.51,912.02,745.31
2020-08-31,1638.94,1253.9127,415.5335,1259.8846,299.4578,224.5737,395.6926,162.7446,1926.54,898.79,751.09
2020-09-01,1653.67,1267.6201,416.4337,1247.5555,296.0625,224.2283,406.5771,162.8828,1941.03,909.34,754.69
2020-09-02,1675.67,1283.2823,422.6798,1273.6055,305.3069,229.2457,415.8619,160.859,1966.45,920.2,749.64
2020-09-03,1611.41,1237.5737,415.9874,1238.6825,301.4738,225.4921,404.3242,159.7779,1905.84,896.17,730.35
2020-09-04,1596.1,1220.1444,419.2112,1229.6518,299.7945,224.4364,404.8455,159.0068,1897.86,891.81,733.69
2020-09-08,1546.9,1194.6897,408.3429,1209.0409,298.0061,221.5597,396.4612,155.0828,1855.17,870.5,730.77
2020-09-09,1580.87,1222.322,412.0704,1230.4837,301.7564,224.2839,406.703,156.2299,1880.52,879.29,743.26
2020-09-10,1551.03,1200.6788,406.2521,1211.3982,296.4106,220.9876,402.8826,155.2713,1857.15,867.53,742.05
2020-09-11,1549.92,1196.8876,409.3295,1216.0662,297.4036,220.3753,408.1566,155.5255,1854.87,861.93,733.37
2020-09-14,1567.06,1205.2409,414.6994,1232.4824,301.2827,225.1348,413.7602,155.6203,1891.25,877.1,741.73
2020-09-16,1563.88,1205.2569,413.5574,1231.7062,302.8357,229.4902,416.0093,159.0579,1898.55,882.78,747.35
2020-09-17,1548.53,1186.1262,409.4205,1227.9135,300.3461,224.4733,419.1811,160.1686,1888.13,875.86,743.22
2020-09-18,1530.58,1168.997,408.4265,1226.337,294.9643,220.0785,411.9485,160.9767,1865.86,870.57,745.37
2020-09-21,1519.4,1156.1296,398.2419,1203.7161,293.2474,214.0634,397.9182,157.0295,1820.7,840.53,719.86
2020-09-22,1538.48,1190.3177,394.8831,1201.4543,295.135,216.7644,398.7569,156.7018,1833.72,846.18,714.7
2020-09-23,1499.69,1163.6605,386.2194,1188.5195,290.388,210.4501,387.071,156.9364,1792.09,822.63,677.04
2020-09-24,1504.5,1165.1342,386.968,1182.2872,293.7845,211.2251,389.7852,157.599,1792.31,826.8,686.31
2020-09-25,1529.0,1183.4048,391.0994,1201.807,298.5144,215.3611,392.9172,157.6028,1817.27,834.93,695.26
2020-09-28,1553.01,1209.2052,399.9745,1211.6629,299.2933,219.021,399.242,157.9932,1860.27,858.07,708.83
2020-09-29,1545.72,1199.7048,395.369,1210.7213,299.0551,217.7643,396.3507,155.9026,1848.79,853.35,712.54
2020-09-30,1560.58,1207.693,400.2837,1231.0206,301.8621,218.9457,400.0144,157.7585,1861.29,855.27,706.51
2020-10-01,1569.88,1226.0052,401.1771,1225.2449,304.9464,222.34,394.4575,155.1572,1884.94,867.47,717.92
2020-10-02,1547.08,1213.0953,404.001,1214.1064,308.405,225.8493,397.6675,153.1021,1902.79,876.58,708.6
2020-10-05,1575.55,1232.4764,410.4094,1239.4969,312.309,227.1971,405.3155,156.5578,1945.96,896.44,712.8
2020-10-06,1550.15,1206.2371,406.1608,1223.2714,314.9805,225.4304,400.2121,158.8226,1936.85,895.26,705.89
2020-10-07,1577.8,1235.9895,413.2308,1246.4006,316.9656,226.0555,410.6798,158.8822,1971.12,908.49,708.86
2020-10-08,1587.73,1241.4687,418.8371,1252.2848,322.685,229.6388,415.0066,160.6411,1991.54,922.07,715.34
2020-10-09,1604.76,1260.0814,419.1164,1263.3299,322.5462,228.9514,418.0217,161.1964,1996.36,926.19,732.25
2020-10-13,1628.5,1287.5651,415.9884,1262.6959,322.4534,226.1697,413.4846,159.7585,1993.07,922.27,730.56
2020-10-14,1615.32,1269.1881,411.551,1253.9416,321.9605,223.5405,414.9201,160.9583,1984.28,917.35,733.64
2020-10-15,1610.76,1270.2988,414.8722,1244.879,321.7829,224.5838,413.7999,161.2025,2002.82,929.57,727.38
2020-10-20,1590.19,1246.1861,412.0102,1238.5649,324.3161,221.7896,412.6181,161.8253,1984.26,919.25,712.66
2020-10-21,1587.19,1238.3392,410.2826,1232.7639,323.6361,220.971,411.2434,160.4597,1970.13,915.07,711.2
2020-10-27,1569.14,1239.0595,402.2696,1233.4812,328.7047,215.4094,400.4822,160.1077,1946.68,901.87,708.1
2020-10-28,1509.64,1197.4221,392.345,1193.6969,319.0422,210.2247,388.9787,155.8118,1895.57,874.84,677.93
2020-10-29,1530.28,1208.2964,395.0069,1185.1699,319.9227,213.0355,397.4519,153.8435,1915.44,888.66,687.14
2020-10-30,1507.65,1172.0303,396.0946,1184.3241,316.9222,211.4586,396.8722,153.7582,1900.18,876.59,683.78
2020-11-03,1544.72,1199.3805,412.6502,1223.2989,328.7144,220.0355,416.7078,156.1972,1980.51,918.9,697.65
2020-11-04,1590.12,1237.0248,407.423,1277.7108,323.4658,220.9815,409.8276,158.1962,1981.79,909.54,696.31
2020-11-05,1621.23,1262.0514,417.4377,1280.0682,326.5185,221.6702,426.4377,158.4633,2037.13,934.94,727.43
2020-11-06,1620.89,1258.6298,414.074,1282.0442,325.7719,220.7408,427.153,156.917,2026.95,925.22,742.29
2020-11-09,1628.51,1238.5607,447.8857,1291.3765,331.6979,226.4204,436.7474,160.6947,2083.26,970.41,735.6
2020-11-10,1623.0,1224.7819,451.1426,1295.9534,336.4241,227.6003,441.7062,163.1375,2108.41,996.0,728.16
2020-11-11,1640.63,1243.1832,448.8866,1293.8061,337.5819,229.3628,435.669,163.2388,2106.37,989.44,728.25
2020-11-12,1626.61,1228.5069,441.3518,1288.598,331.7515,227.0291,426.2286,162.5656,2070.22,968.5,731.14
2020-11-13,1644.89,1244.7776,448.3499,1305.402,334.8103,232.2027,433.23,161.3372,2113.26,994.29,736.37
2020-11-16,1661.52,1257.5299,458.564,1302.8691,338.0875,233.3777,441.8877,163.4188,2155.55,1023.52,742.64
2020-11-17,1653.45,1253.7026,457.6171,1293.3011,331.2818,233.6523,440.1628,164.1708,2159.63,1028.57,738.23
2020-11-18,1634.16,1243.9787,453.4496,1270.5087,324.872,229.739,436.5568,165.446,2131.45,1015.33,726.38
2020-11-19,1640.51,1249.6756,454.7751,1268.7443,321.526,230.0174,438.4218,164.7158,2149.15,1021.83,729.44
2020-11-20,1628.35,1243.3103,450.7731,1266.2456,321.6764,228.5125,437.8365,165.9145,2147.61,1020.23,740.45
2020-11-23,1634.28,1253.3601,459.261,1262.4249,321.6334,227.7367,441.6246,167.1522,2181.6,1043.03,743.69
2020-11-24,1662.49,1269.9253,475.4622,1266.0134,325.2138,227.6803,452.6492,169.7715,2217.84,1069.41,734.95
2020-11-25,1662.28,1277.2707,473.5004,1260.6562,325.6023,228.1694,447.7636,170.4034,2201.56,1060.05,746.3
2020-11-27,1665.87,1280.154,471.519,1272.681,322.4648,227.6628,449.5341,171.0259,2205.92,1059.67,749.2
2020-11-30,1658.77,1271.4247,462.4505,1276.3094,317.7332,225.8212,445.4133,170.055,2168.5,1034.51,750.42
2020-12-01,1679.49,1283.9735,469.7073,1286.6123,320.0951,228.6759,449.9553,168.8692,2194.5,1046.75,757.11
2020-12-02,1685.02,1275.018,474.6635,1296.9401,322.2412,226.1238,443.762,169.3808,2191.87,1051.69,766.17
2020-12-04,1692.62,1274.7811,480.0539,1308.8819,315.3658,230.7988,449.7001,169.885,2244.94,1085.44,769.11
2020-12-07,1691.08,1272.1773,476.6747,1300.7715,317.1132,228.624,446.5538,168.8836,2236.46,1081.04,784.73
2020-12-10,1679.25,1263.447,476.1832,1303.9107,313.7164,224.1571,446.5159,171.4783,2246.2,1095.22,775.34
2020-12-11,1679.17,1259.8074,471.5823,1298.4858,314.1945,224.1518,444.1864,171.3273,2239.94,1086.59,780.3
2020-12-14,1671.72,1265.5397,465.8144,1288.2919,312.5181,222.1896,438.2725,172.3762,2234.01,1083.05,782.47
2020-12-15,1691.58,1278.8348,473.6222,1302.0395,318.5714,226.0269,446.5307,173.21,2287.04,1111.67,791.24
2020-12-16,1696.26,1292.5252,474.1875,1297.694,314.9164,226.0573,445.1558,174.1007,2278.89,1105.53,800.03
2020-12-17,1703.8,1298.6263,475.8492,1312.2795,317.1894,228.7971,450.4019,175.8345,2297.91,1116.74,816.93
2020-12-18,1695.72,1289.0399,472.1282,1312.6527,314.4243,224.6205,452.7135,176.8593,2287.26,1108.16,816.2
2020-12-21,1693.02,1279.1023,477.9775,1299.9907,310.448,222.8372,450.0667,175.1313,2282.18,1104.6,822.69
2020-12-22,1689.1,1274.467,473.3664,1295.7534,309.769,224.2028,447.5297,173.8421,2292.19,1109.45,829.97
2020-12-23,1689.3,1275.4036,480.95,1296.7825,309.1563,222.0605,447.8765,175.619,2311.89,1121.74,841.89
2020-12-24,1694.81,1277.2832,481.3138,1299.8782,311.2965,223.9239,450.4467,175.9016,2315.36,1121.51,845.78
2020-12-29,1713.22,1298.8555,482.1096,1309.0699,312.606,224.2369,447.8777,175.7174,2283.99,1107.35,858.99
2020-12-30,1711.35,1302.7572,484.0195,1309.0782,314.0899,225.0388,453.8789,177.1043,2302.88,1118.01,865.26
2020-12-31,1720.5,1302.5611,490.4252,1324.0073,319.0733,227.9012,455.7099,178.2925,2306.62,1118.93,875.36
2021-01-04,1696.86,1287.8479,483.8046,1316.8896,310.7642,220.3961,451.0371,177.8155,2269.45,1106.93,889.04
2021-01-05,1708.22,1298.6477,485.5985,1325.6672,310.8629,220.2217,461.4203,182.4472,2302.85,1131.03,899.85
2021-01-06,1706.75,1305.2138,506.7818,1344.3542,318.5147,219.0157,480.2731,182.8746,2392.96,1185.02,897.52
2021-01-07,1734.79,1328.6685,514.2253,1362.0908,314.2683,219.6924,484.0419,183.0933,2421.07,1199.81,915.07
2021-01-08,1747.33,1352.5296,513.2381,1368.5414,316.9987,222.0789,481.5833,184.1933,2416.37,1190.26,896.71
2021-01-11,1732.24,1326.9972,515.4261,1375.4577,314.0491,218.4011,481.6036,183.5364,2421.81,1195.22,885.33
2021-01-12,1730.2,1344.3813,520.9147,1360.7223,312.4191,218.5293,488.0797,185.8971,2448.88,1215.46,898.61
2021-01-13,1739.67,1347.1399,520.1397,1364.1465,318.4847,221.5645,482.9109,186.1529,2426.08,1205.16,900.24
2021-01-14,1729.74,1337.2294,522.7663,1358.9098,317.2856,222.9375,481.0712,187.831,2448.38,1232.7,914.35
2021-01-15,1716.11,1327.1395,513.3845,1363.2596,320.3484,226.197,474.0351,186.2159,2424.03,1211.91,908.0
2021-01-19,1731.42,1334.8124,515.6007,1373.7428,319.1478,224.9719,475.9156,185.7922,2444.1,1224.3,931.48
2021-01-20,1761.98,1364.9949,513.1853,1381.6519,321.1167,229.4122,477.6126,186.1089,2469.01,1229.82,946.15
2021-01-22,1764.21,1368.1283,504.1068,1370.9035,319.6812,229.3306,468.4312,183.67,2462.53,1231.7,947.43
2021-01-25,1774.64,1372.3532,500.2558,1379.8604,325.9087,231.2189,465.883,185.3576,2453.8,1232.83,954.5
2021-01-26,1775.81,1373.1209,496.2531,1374.3989,322.6685,233.8486,459.3813,186.4069,2428.31,1233.22,961.62
2021-01-27,1731.89,1330.2029,481.6693,1332.4215,313.9777,230.6027,445.6181,186.3113,2367.26,1229.29,917.4
2021-01-28,1745.55,1335.3731,490.9004,1352.1104,317.7667,231.3446,453.7139,185.2084,2388.21,1206.78,923.93
2021-01-29,1709.75,1307.6394,480.9835,1340.9223,316.0168,228.9827,444.8547,185.1115,2340.12,1188.71,922.06
2021-02-01,1737.1,1343.8453,486.3542,1345.1666,317.5315,234.1659,450.0117,188.3312,2388.77,1210.25,960.84
2021-02-02,1760.96,1370.7552,498.2982,1348.9167,320.0801,235.1293,455.9036,189.1726,2417.44,1212.08,963.41
2021-02-03,1765.04,1360.2763,500.8526,1339.4591,319.1239,234.2527,456.7874,190.2629,2418.89,1217.59,978.94
2021-02-04,1783.94,1373.378,512.2467,1344.2574,321.419,235.4105,454.3315,191.534,2452.33,1238.28,998.14
2021-02-05,1790.11,1385.9607,512.687,1347.6546,323.15,236.2217,462.0818,192.7527,2476.67,1252.75,1022.64
2021-02-08,1800.77,1391.3585,518.9537,1349.6039,320.6313,236.7478,465.8346,195.0513,2517.02,1287.27,1077.85
2021-02-09,1797.68,1383.3664,519.4923,1351.2875,320.9552,237.8659,462.6045,195.7643,2523.14,1295.39,1071.29
2021-02-10,1794.74,1370.3325,519.1723,1353.5474,322.2122,239.2935,461.6869,195.5992,2519.24,1290.93,1064.85
2021-02-11,1796.46,1366.1688,518.0167,1355.7433,319.888,239.0179,462.349,195.151,2535.25,1295.81,1037.97
2021-02-12,1803.12,1368.5293,522.9182,1365.9433,317.3686,238.8767,467.0595,196.8966,2544.55,1297.9,1067.44
2021-02-16,1802.16,1362.485,532.1874,1351.9881,313.7451,236.3348,466.1883,199.4249,2539.23,1293.88,1088.13
2021-02-17,1803.14,1371.356,534.0819,1356.7888,314.1118,236.5263,465.566,200.5005,2525.61,1286.82,1084.35
2021-02-18,1793.98,1373.2476,531.4342,1347.9727,315.8288,236.4703,462.6744,200.4914,2496.65,1267.12,1072.09
2021-02-19,1782.68,1361.1375,537.588,1332.5167,311.0597,237.0275,471.2061,200.4436,2535.39,1288.77,1098.56
2021-02-22,1764.92,1331.8795,542.8399,1328.5273,305.0177,238.3137,472.9876,204.6925,2527.02,1296.51,1082.96
2021-02-23,1765.91,1325.4092,545.5368,1326.4829,307.4506,239.063,474.516,204.5609,2530.73,1288.53,1039.6
2021-02-24,1784.24,1335.2684,556.5077,1335.1972,303.9182,240.3831,478.8571,207.3545,2577.7,1323.76,1060.43
2021-02-25,1739.7,1287.057,546.4197,1321.9455,300.9474,236.5614,467.3955,206.7813,2498.69,1283.73,1032.28
2021-03-01,1773.4,1322.6121,552.3658,1327.312,301.744,232.6185,472.8248,201.2386,2564.02,1317.58,1034.36
2021-03-02,1757.74,1305.7691,550.7245,1324.0331,300.9129,230.9641,475.5478,201.8866,2529.13,1294.68,1027.75
2021-03-03,1733.59,1274.6772,554.8709,1306.4548,297.368,228.2622,470.5847,201.8682,2507.84,1297.47,991.98
2021-03-04,1713.77,1248.922,548.1725,1289.0627,296.8727,226.4957,460.8819,202.7005,2453.3,1272.27,926.31
2021-03-05,1743.71,1257.9103,558.6282,1315.1349,301.5854,229.1079,471.7323,205.5709,2512.92,1302.12,918.36
2021-03-08,1728.99,1255.5516,565.8394,1311.3942,305.7735,230.32,477.8191,204.3334,2531.2,1327.82,931.07
2021-03-09,1760.13,1303.3193,561.0012,1319.4653,309.656,232.7733,480.9357,203.3317,2547.58,1339.99,964.18
2021-03-10,1769.8,1308.3421,571.7529,1322.3291,311.7454,235.0689,488.8167,203.7751,2582.99,1366.99,968.23
2021-03-11,1789.05,1328.7485,570.1495,1330.5906,310.9251,238.5994,491.5068,206.7387,2621.12,1385.65,981.34
2021-03-12,1786.83,1330.1307,576.3531,1332.4196,314.8952,242.19,492.415,205.9378,2646.34,1397.66,982.23
2021-03-15,1795.06,1345.7579,573.0895,1341.1217,319.1737,245.0401,493.2004,205.5416,2682.61,1396.7,996.33
2021-03-16,1797.39,1334.0699,566.628,1340.6082,319.4885,244.9904,488.888,205.555,2647.1,1373.56,977.87
2021-03-17,1802.18,1352.8193,570.3113,1335.1453,314.2889,244.6008,493.3094,204.7536,2664.14,1381.46,997.54
2021-03-18,1772.75,1317.6619,573.5204,1332.6058,313.1812,242.8002,490.6599,198.8705,2613.14,1350.74,980.0
2021-03-19,1771.87,1328.1592,566.6472,1337.4078,313.8659,239.726,488.3164,200.6227,2614.15,1355.09,995.8
2021-03-22,1788.06,1336.8095,559.2925,1349.5146,313.5213,242.3989,488.5173,200.9172,2598.77,1335.82,994.83
2021-03-23,1779.83,1327.2331,551.4086,1335.5906,318.3043,243.2409,478.2648,196.0688,2530.91,1289.25,966.82
2021-03-24,1765.97,1307.0996,553.8089,1334.8125,318.3187,241.9543,481.5769,199.6918,2515.47,1266.83,946.51
2021-03-25,1771.45,1314.7848,562.5315,1338.9656,321.4782,243.8537,488.3704,195.9044,2567.03,1299.99,936.6
2021-03-26,1798.1,1325.3363,572.0966,1365.4491,322.7313,249.8654,500.5547,199.5005,2626.57,1331.26,943.29
2021-03-29,1801.01,1320.0054,566.8021,1370.8728,326.1841,249.4297,498.8815,199.2885,2579.23,1296.8,935.83
2021-03-30,1792.63,1329.929,570.8546,1358.4492,323.171,248.2138,497.1719,196.4647,2608.69,1316.21,929.07
2021-03-31,1801.88,1340.9147,565.7223,1360.3437,325.2557,247.0025,494.7118,196.5581,2609.24,1319.35,952.55
2021-04-05,1852.56,1384.9963,577.2181,1366.3457,328.7582,252.4176,505.4,195.6179,2664.98,1346.01,961.25
2021-04-06,1850.1,1389.5641,576.5879,1361.461,330.4867,252.8652,506.5805,197.4912,2666.66,1343.93,963.96
2021-04-07,1857.72,1388.6409,578.9495,1358.1656,330.0775,253.2369,497.72,197.989,2647.92,1325.31,955.09
2021-04-08,1867.07,1395.2658,578.9142,1359.7192,329.7339,251.8131,498.4962,199.1167,2657.89,1332.13,962.73
2021-04-09,1882.89,1411.4477,583.883,1375.5624,329.4965,252.1662,502.6393,198.4515,2670.52,1334.56,959.37
2021-04-12,1881.82,1419.3023,586.4173,1376.2363,329.7273,253.5548,504.217,198.0989,2679.31,1335.39,941.71
2021-04-13,1891.6,1434.0022,581.0148,1382.3381,333.7583,255.1571,503.274,199.9335,2667.58,1326.75,933.31
2021-04-15,1902.12,1428.9998,584.2497,1404.7514,338.8062,258.3437,512.8978,206.0164,2700.28,1343.89,938.82
2021-04-16,1908.86,1440.1871,588.0928,1415.2405,341.5583,258.7847,518.9361,205.3252,2721.08,1347.95,944.46
2021-04-19,1899.05,1423.7742,586.4159,1415.0905,339.8862,259.5376,516.657,206.1408,2704.18,1333.4,929.17
2021-04-20,1885.68,1406.3673,575.7819,1421.1317,344.3577,262.4524,511.8213,205.9303,2666.77,1303.7,914.76
2021-04-21,1898.75,1424.5643,583.7698,1437.2957,341.2657,263.5085,521.3722,205.8046,2711.59,1332.27,928.91
2021-04-22,1878.7,1408.016,577.3052,1431.1619,338.9107,262.5197,512.2586,206.8883,2700.37,1325.84,921.0
2021-04-23,1898.23,1422.4962,587.9687,1440.3384,338.3195,264.0462,520.8726,208.3529,2745.71,1350.06,930.63
2021-04-26,1901.59,1431.3504,589.9299,1435.2598,336.4701,264.5847,523.4762,210.5356,2758.21,1357.2,943.39
2021-04-27,1900.3,1429.9202,595.2666,1427.98,333.9403,264.5167,522.3168,212.6412,2762.36,1360.89,946.61
2021-04-28,1899.22,1429.919,596.9369,1422.9975,333.4396,263.6173,523.4297,212.9244,2761.61,1363.05,951.25
2021-04-29,1912.85,1431.564,607.7873,1417.4889,336.4266,265.4208,526.6684,213.2548,2762.32,1363.56,945.56
2021-04-30,1900.83,1435.8899,601.9768,1412.9172,338.9992,267.0553,521.0485,212.2854,2725.15,1345.54,955.26
2021-05-03,1904.78,1426.3957,605.1881,1429.4279,338.8687,265.781,528.9992,213.4453,2740.37,1360.96,958.66
2021-05-04,1887.72,1408.7351,609.3972,1429.9758,337.6896,264.1619,534.5074,215.1455,2730.97,1354.41,944.49
2021-05-05,1889.01,1403.426,615.116,1433.2238,331.9127,260.1541,541.5554,216.9412,2726.67,1353.81,945.69
2021-05-06,1908.27,1407.9077,623.9237,1434.2924,334.3684,261.5386,546.5058,218.1265,2739.43,1361.61,943.77
2021-05-07,1919.28,1419.1073,627.29,1444.5971,335.1975,264.7008,551.5734,219.9429,2770.27,1374.26,954.98
2021-05-10,1895.01,1391.392,626.5493,1446.0207,338.5951,265.6245,549.3177,219.0863,2737.18,1344.46,940.34
2021-05-11,1880.26,1378.5706,616.086,1431.9086,334.5573,262.6648,551.2444,220.57,2712.95,1337.38,930.45
2021-05-12,1841.42,1333.3408,608.1068,1417.526,326.6931,256.4416,537.2407,221.0035,2628.9,1294.4,910.92
2021-05-13,1862.48,1342.5502,619.4985,1430.9949,332.5288,259.4606,545.4513,215.6768,2676.4,1325.6,908.35
2021-05-14,1890.32,1366.6951,629.0416,1436.4683,333.8225,262.0811,551.9161,216.043,2721.89,1354.82,931.38
2021-05-17,1884.56,1366.2701,629.8656,1434.0833,330.9412,262.0663,556.9001,218.8592,2718.5,1356.83,942.97
2021-05-18,1868.68,1355.2817,621.394,1434.7683,330.931,262.5067,550.8383,218.6838,2690.46,1341.76,948.15
2021-05-19,1864.75,1345.154,617.4526,1432.7133,330.3557,261.4121,542.3543,214.52,2672.79,1333.53,936.61
2021-05-20,1886.16,1357.9741,618.0227,1447.6163,333.0676,264.9197,542.6219,212.544,2683.53,1337.78,948.73
2021-05-21,1883.16,1349.9928,623.5779,1447.1365,334.8566,264.4587,544.0625,213.4722,2689.84,1343.46,957.22
2021-05-25,1901.96,1368.1684,620.4624,1443.5909,330.2452,268.0734,543.8045,215.1384,2683.06,1334.15,954.96
2021-05-26,1904.83,1380.4453,622.534,1435.4828,330.2499,268.6773,544.1008,216.2009,2708.71,1362.6,956.0
2021-05-27,1903.67,1383.2223,629.9206,1433.1572,328.073,268.2474,548.1459,218.6844,2725.91,1376.13,959.65
2021-05-28,1904.55,1380.079,630.1336,1437.4416,329.5843,269.984,547.3186,218.6016,2727.44,1371.94,966.28
2021-06-01,1900.33,1377.6004,634.2722,1413.8132,327.534,274.5356,554.93,221.5174,2744.72,1393.44,972.04
2021-06-02,1903.85,1372.0895,635.0398,1410.7166,329.1744,278.3975,549.7148,222.4052,2728.35,1392.43,973.54
2021-06-03,1895.87,1355.3354,636.5805,1416.327,330.8988,277.8299,549.6121,220.4809,2714.96,1381.25,969.86
2021-06-04,1915.73,1366.3864,637.7493,1420.8509,330.398,278.1771,550.6103,223.4857,2728.67,1383.8,978.01
2021-06-07,1917.81,1365.6913,633.7395,1425.6015,331.0192,280.7244,543.8624,222.6768,2726.13,1397.56,977.05
2021-06-08,1916.87,1378.8317,632.4893,1420.4803,328.0185,282.163,544.7063,224.4554,2750.32,1414.12,974.56
2021-06-09,1915.81,1372.4606,625.8118,1434.66,330.8171,282.6062,540.5759,224.4126,2732.37,1401.91,976.84
2021-06-10,1926.72,1381.8855,618.803,1458.8513,333.0556,285.2909,537.5459,225.4971,2730.72,1382.7,979.91
2021-06-11,1929.59,1388.5856,622.5485,1448.2355,333.9885,283.608,539.4779,225.5611,2752.17,1396.25,979.7
2021-06-14,1937.21,1390.1837,616.1387,1449.3859,334.3738,284.8072,532.5871,224.2718,2726.42,1387.32,977.79
2021-06-16,1922.28,1385.8141,616.6838,1443.4526,330.5305,279.3738,525.3454,223.3547,2706.22,1389.57,962.36
2021-06-17,1928.11,1394.1725,598.571,1454.8799,332.1437,280.3249,513.7702,217.0518,2663.04,1364.06,948.1
2021-06-18,1906.08,1387.6642,583.9193,1437.1655,323.4072,276.1244,505.4546,218.7757,2611.94,1330.67,946.83
2021-06-21,1928.24,1395.0452,597.6264,1455.7322,327.8519,281.4306,515.91,220.9075,2671.85,1360.88,941.93
2021-06-22,1940.89,1409.6095,598.2478,1458.7666,325.6328,280.1831,517.6767,220.9234,2674.31,1367.38,939.19
2021-06-23,1938.58,1418.423,599.8866,1452.0363,322.211,279.1669,514.486,222.3736,2676.8,1368.83,945.9
2021-06-24,1949.19,1419.6674,607.146,1459.4361,321.8867,277.917,515.8898,222.6584,2702.04,1387.46,950.59
2021-06-25,1952.49,1424.0411,614.7478,1466.1234,325.5399,279.7146,516.0865,223.6201,2726.48,1388.76,948.51
2021-06-28,1961.45,1427.9253,609.7838,1468.579,327.5267,279.9322,515.9693,224.1753,2699.85,1374.93,944.8
2021-06-29,1962.23,1431.1811,607.7694,1469.5836,322.1083,279.5326,515.7726,224.5813,2693.8,1369.98,946.79
2021-06-30,1964.75,1431.815,610.598,1468.9394,321.5803,277.4127,517.0184,226.7761,2696.12,1374.84,960.69
2021-07-02,1993.12,1453.5101,614.0672,1495.3217,325.4794,279.7157,520.3115,228.4447,2709.57,1369.68,968.39
2021-07-06,1993.6,1464.3453,604.5332,1494.0058,326.9226,282.0997,512.844,223.4358,2679.9,1349.71,953.52
2021-07-07,2001.37,1464.2225,605.0571,1503.2001,328.8293,283.583,518.0481,222.3356,2682.81,1341.03,940.78
2021-07-08,1986.97,1462.8981,593.1696,1496.0817,328.0283,283.362,511.0155,222.7048,2648.43,1324.4,922.3
2021-07-09,2005.92,1474.5198,610.1888,1501.4617,328.5462,287.105,521.2731,225.0908,2706.42,1359.58,938.47
2021-07-12,2013.29,1483.202,616.0594,1504.1487,329.4737,289.5647,522.6315,226.0591,2713.39,1365.19,938.93
2021-07-13,2010.58,1465.766,609.5027,1502.5476,326.9598,285.7523,517.6907,227.5594,2671.76,1338.99,941.62
2021-07-14,2015.96,1463.2654,606.4907,1499.4832,329.6932,288.2869,516.7023,226.7741,2656.43,1323.29,937.82
2021-07-15,2008.48,1453.8891,608.7721,1495.6525,333.6309,288.6824,516.9129,225.569,2648.54,1316.23,928.53
2021-07-16,1992.85,1435.667,600.6207,1498.9608,336.9439,288.9837,509.0196,225.927,2616.96,1297.56,908.31
2021-07-19,1962.91,1419.468,583.8149,1482.866,331.5876,284.404,497.9437,218.4949,2571.03,1273.0,870.91
2021-07-20,1988.66,1443.8991,597.9288,1500.6883,332.8817,289.7439,503.9351,222.1102,2642.18,1310.38,889.86
2021-07-21,2003.54,1455.6288,608.1422,1503.7748,329.2328,288.7236,509.4394,226.357,2674.3,1332.98,908.52
2021-07-22,2011.15,1464.1004,601.8399,1513.7735,329.7938,286.743,509.6017,229.9185,2649.63,1309.16,909.96
2021-07-23,2031.92,1476.6152,602.6099,1531.582,334.0056,289.2619,513.0699,230.1964,2672.74,1318.56,902.56
2021-07-26,2038.49,1487.9568,605.8879,1522.0262,333.9791,289.2635,517.5652,233.2948,2675.93,1329.99,906.25
2021-07-27,2025.4,1470.7175,606.1751,1528.7005,339.7309,291.6188,518.2926,231.8049,2660.58,1318.72,898.81
2021-07-28,2023.59,1467.3726,604.9116,1534.57,337.3964,289.7933,519.6144,232.8365,2679.71,1329.4,908.79
2021-07-29,2027.95,1479.771,611.3577,1537.4233,338.0598,289.1108,525.2314,235.1035,2706.43,1344.64,921.27
2021-07-30,2011.75,1438.7063,606.9031,1538.5756,335.123,290.0375,527.3507,231.7728,2703.67,1341.28,925.63
2021-08-03,2024.33,1453.8551,613.2364,1562.9709,339.6819,291.3499,526.4337,228.8083,2708.88,1345.17,928.18
2021-08-04,2016.1,1441.6031,608.5866,1556.4262,339.2238,290.3432,521.2399,226.9261,2681.31,1321.77,924.63
2021-08-05,2030.41,1454.7744,616.1294,1550.5724,343.0454,292.7379,520.5263,228.6622,2706.17,1340.4,922.61
2021-08-06,2031.71,1444.085,628.5349,1548.9465,342.7574,292.0636,528.1788,227.9603,2717.36,1356.27,925.65
2021-08-09,2030.04,1442.1487,630.431,1554.7866,342.3617,290.843,527.5402,224.9802,2709.8,1344.48,917.99
2021-08-11,2035.51,1447.5276,644.2086,1536.0208,345.8422,289.0997,542.9618,230.3092,2741.91,1366.76,924.08
2021-08-12,2045.41,1448.942,645.0291,1547.8191,345.8386,290.1124,541.9441,230.5895,2737.48,1359.4,918.76
2021-08-13,2049.53,1444.7014,640.3428,1557.1275,347.7873,292.0791,542.3478,230.5931,2731.46,1349.91,923.06
2021-08-16,2056.39,1439.2444,639.2376,1574.6916,350.0465,292.4321,539.69,229.5206,2724.79,1343.09,905.67
2021-08-17,2040.97,1406.0346,633.85,1592.3204,350.0894,292.8444,533.1825,227.5916,2692.5,1323.39,874.1
2021-08-18,2018.72,1408.0789,626.5007,1569.0229,348.4515,289.6743,527.1371,226.2623,2667.07,1312.82,878.05
2021-08-19,2022.99,1399.3086,621.7332,1576.6624,349.7852,292.3482,522.217,222.1955,2644.71,1300.54,862.32
2021-08-20,2041.48,1412.3378,625.5826,1584.726,354.059,293.678,525.5362,219.9621,2675.67,1320.96,864.51
2021-08-23,2059.33,1431.4792,630.4785,1584.4179,349.4017,292.4928,529.9873,225.2312,2698.99,1337.2,877.3
2021-08-24,2060.99,1442.3933,634.697,1578.9596,347.2027,290.3841,533.5299,228.6052,2726.16,1346.55,880.64
2021-08-25,2062.68,1446.9135,642.3831,1574.9252,347.9048,289.8711,535.772,230.3273,2741.39,1351.86,884.74
2021-08-26,2051.39,1436.3351,638.9358,1568.6328,346.6873,290.1548,532.107,229.9679,2716.69,1335.85,875.57
2021-08-27,2068.29,1449.2802,647.3105,1566.0576,346.5828,292.6737,539.1684,232.9504,2767.06,1375.04,891.45
2021-08-30,2083.0,1462.6074,637.815,1575.5997,347.1914,296.0546,538.2136,233.3174,2760.49,1366.59,894.68
2021-08-31,2079.17,1468.0894,637.2613,1573.6126,346.8649,297.8809,536.5223,231.8778,2753.16,1366.73,896.54
2021-09-01,2079.29,1467.6655,633.3378,1573.9494,351.3792,302.9053,535.0361,231.6799,2760.22,1371.33,907.54
2021-09-02,2081.95,1466.6037,635.1396,1590.9151,354.2318,304.2343,538.2331,233.8428,2773.83,1377.99,907.7
2021-09-03,2082.79,1466.7092,631.4263,1592.6126,351.3882,304.3632,534.4994,233.9489,2760.55,1369.73,923.22
2021-09-07,2081.64,1472.0405,627.8543,1583.579,346.571,300.9127,531.0274,231.6119,2728.17,1356.37,913.49
2021-09-09,2065.7,1470.2681,627.2929,1563.8332,350.7072,296.1697,525.9384,232.2079,2711.8,1340.7,905.2
2021-09-10,2048.95,1461.865,623.2149,1549.1839,345.8553,292.5187,525.6825,234.2846,2686.53,1326.93,903.35
2021-09-13,2054.74,1463.9254,630.2959,1539.7297,345.2166,293.9304,525.6045,235.1055,2703.28,1337.3,902.47
2021-09-14,2042.73,1459.1269,621.4119,1537.909,343.8188,292.9325,519.4627,235.4509,2673.25,1319.26,897.4
2021-09-15,2059.69,1468.7398,627.199,1548.4329,343.3136,294.1295,525.1452,239.6303,2701.63,1333.5,904.7
2021-09-16,2056.46,1475.266,625.6989,1544.5953,340.5072,294.5861,519.4148,238.0159,2697.3,1329.45,895.9
2021-09-17,2037.62,1469.6888,622.6415,1545.7255,335.1148,291.7982,508.7316,236.0764,2678.06,1331.35,886.83
2021-09-20,2001.21,1434.897,608.8119,1530.6543,334.4239,289.9737,498.8569,231.8109,2635.52,1305.42,853.89
2021-09-21,2001.08,1436.0943,607.9298,1532.8659,333.6163,289.8281,497.975,232.0459,2631.2,1303.42,868.61
2021-09-22,2018.05,1454.9717,617.5481,1534.2191,333.2603,292.4794,502.9762,235.7383,2665.56,1324.2,874.26
2021-09-23,2041.07,1469.7661,632.9639,1546.0855,331.5855,290.9056,509.9937,238.0795,2703.78,1347.32,881.98
2021-09-24,2045.17,1474.2851,636.4247,1539.5631,331.0807,287.3959,509.2167,239.4789,2699.38,1344.76,876.13
2021-09-27,2038.13,1479.9615,644.7602,1517.5811,327.0877,282.4859,513.2029,242.5948,2723.45,1369.33,880.41
2021-09-28,1994.6,1450.275,634.5456,1491.7663,323.0926,280.7404,506.6272,242.9667,2681.9,1349.47,867.59
2021-09-29,1998.77,1450.9302,634.903,1503.2495,327.2869,282.6053,504.6628,241.4375,2681.87,1354.23,856.27
2021-09-30,1977.5,1429.6858,624.598,1483.9875,324.5817,278.0943,496.6397,243.3182,2640.54,1331.69,858.87
2021-10-01,2001.87,1438.5124,634.5437,1484.9963,324.4562,280.9875,504.5713,244.8704,2683.64,1357.37,865.88
2021-10-04,1972.81,1423.1708,629.8585,1462.8919,328.9456,281.2457,502.286,247.743,2667.23,1351.72,860.16
2021-10-05,1995.3,1430.4885,641.0357,1471.37,328.3316,278.8313,506.9955,250.6221,2672.64,1356.3,867.28
2021-10-06,2006.15,1436.4689,642.0413,1469.0653,333.3591,281.5736,505.6597,246.8322,2667.26,1345.6,862.72
2021-10-07,2021.69,1458.0302,645.8033,1487.1613,331.5841,281.9969,512.4681,249.0749,2705.26,1366.69,874.5
2021-10-08,2019.05,1451.3677,648.8948,1480.0961,329.1466,278.8376,509.595,250.2244,2690.22,1358.65,877.48
2021-10-12,1995.94,1454.2432,640.3458,1462.0246,326.8773,283.0467,510.4575,250.702,2691.67,1354.25,896.79
2021-10-13,2001.89,1462.4766,636.245,1463.2774,330.5979,284.6015,514.2972,250.5252,2700.26,1353.54,918.59
2021-10-14,2034.65,1476.8913,647.1074,1484.1876,334.5743,288.5746,526.7926,253.1102,2746.4,1370.25,925.43
2021-10-15,2053.52,1502.8734,656.8695,1491.5576,333.8118,288.6548,528.1501,254.3212,2748.28,1363.91,937.67
2021-10-18,2062.23,1520.8983,656.9229,1480.8309,330.5878,289.2886,527.9195,252.8567,2755.51,1367.74,937.81
2021-10-19,2077.26,1516.5313,663.4158,1500.2276,334.7559,290.4402,530.5157,253.2413,2762.76,1368.81,950.38
2021-10-20,2081.06,1514.2296,668.7136,1521.9938,339.9824,294.941,534.853,255.4721,2784.2,1378.31,952.87
2021-10-21,2085.92,1535.1978,666.339,1528.6773,340.049,295.9972,533.6071,251.4824,2793.74,1380.47,945.39
2021-10-22,2078.7,1525.0294,675.1663,1534.4125,341.6382,297.9364,532.7128,252.6315,2796.84,1381.14,948.84
2021-10-25,2090.64,1557.2798,674.1208,1535.8319,340.1637,298.8742,537.4831,255.7214,2809.72,1392.87,963.93
2021-10-28,2115.11,1586.1128,672.0048,1544.6579,341.9954,302.4391,537.1067,253.4787,2793.41,1378.71,955.21
2021-10-29,2121.95,1585.7185,669.0921,1559.3153,339.8432,298.8314,534.4094,252.6535,2794.11,1376.46,950.43
2021-11-01,2123.06,1608.7985,669.6643,1557.2016,341.181,299.4318,535.6188,254.2846,2851.81,1410.24,968.2
2021-11-02,2131.81,1598.8068,670.785,1566.992,341.3537,302.2277,541.5135,254.2557,2857.38,1407.87,975.76
2021-11-03,2148.84,1628.2229,673.4305,1576.8982,340.2467,304.048,547.4921,250.6261,2889.65,1437.95,984.27
2021-11-05,2170.37,1664.8863,664.8576,1548.8668,341.2981,301.2621,551.4721,249.795,2905.11,1465.74,985.14
2021-11-08,2169.44,1641.8834,668.3132,1557.1042,336.3452,301.2134,558.2594,250.3782,2907.4,1466.02,996.49
2021-11-09,2157.18,1619.7123,664.6648,1551.2741,337.8131,302.2893,560.6307,251.4769,2903.08,1462.32,997.63
2021-11-10,2140.34,1608.6944,663.3278,1555.3581,340.193,300.8053,556.6303,249.4308,2878.12,1447.41,982.52
2021-11-11,2139.52,1604.6182,665.3879,1551.7711,338.1451,300.9516,561.3554,252.405,2893.27,1457.03,1005.87
2021-11-12,2155.54,1611.8226,666.6068,1558.3738,337.5164,301.1352,565.3268,252.0103,2902.19,1455.51,1021.06
2021-11-15,2154.06,1611.3876,666.7547,1548.3945,341.9308,302.5815,562.7456,252.4084,2907.92,1455.8,1021.49
2021-11-16,2162.02,1633.5542,665.644,1554.343,340.021,300.6239,560.9443,252.4429,2910.7,1459.63,1008.75
2021-11-17,2158.77,1643.1378,658.2536,1556.8738,340.4817,302.5644,557.3797,251.0009,2888.63,1444.45,1005.66
2021-11-18,2172.14,1667.617,655.114,1557.7837,338.6575,302.6463,554.926,251.2428,2883.39,1439.28,981.48
2021-11-19,2171.88,1673.2661,647.8325,1547.7309,340.6235,300.9731,554.0305,249.8194,2870.72,1423.25,993.33
2021-11-22,2163.46,1664.4218,657.0807,1540.4965,342.6472,299.457,554.8776,250.0703,2875.24,1432.64,966.36
2021-11-23,2166.17,1653.9616,667.2514,1541.8618,343.0453,302.7375,555.3676,253.1303,2873.39,1433.01,959.49
2021-11-24,2170.75,1656.6151,665.7264,1541.2528,342.8337,306.6115,551.2472,253.3836,2870.15,1429.52,970.45
2021-11-26,2122.4,1612.8729,643.9284,1534.3543,337.3215,298.3597,541.5249,241.0053,2779.41,1376.33,944.05
2021-11-29,2151.21,1639.0902,645.9421,1540.1518,342.6008,302.3385,544.1921,239.9315,2781.81,1372.49,954.26
2021-11-30,2117.51,1615.832,630.3692,1510.4547,332.5897,295.9358,530.6821,232.9896,2708.65,1343.15,939.44
2021-12-01,2093.45,1585.7253,623.4207,1507.5881,333.1324,291.9661,524.8813,232.1458,2664.52,1322.62,917.92
2021-12-02,2115.33,1604.2361,641.0847,1513.5882,337.1848,299.7592,535.2454,233.3714,2737.29,1360.01,910.22
2021-12-03,2095.32,1574.7366,631.1965,1517.4309,340.6061,298.5372,534.0093,234.5374,2702.14,1341.81,897.13
2021-12-06,2120.01,1592.3427,640.084,1525.2491,345.8258,302.66,541.895,237.3079,2755.9,1374.16,897.7
2021-12-07,2164.1,1629.9128,651.6071,1544.3305,348.4256,307.951,550.0887,239.9613,2802.06,1394.02,920.55
2021-12-08,2170.38,1634.4503,648.6363,1555.8026,348.0318,309.3892,552.2971,241.4307,2818.07,1400.5,924.67
2021-12-09,2156.76,1606.7215,646.9361,1559.6129,347.3318,305.1734,549.2491,239.5542,2777.32,1377.35,910.15
2021-12-10,2181.62,1614.4437,647.8442,1565.365,349.3047,306.7151,552.89,240.1382,2779.84,1377.61,908.99
2021-12-13,2158.79,1574.9976,640.404,1579.8378,353.54,310.76,549.1612,239.548,2750.73,1353.99,893.58
2021-12-14,2143.06,1565.8003,644.3952,1572.253,351.305,306.8026,548.5422,238.4573,2737.92,1346.07,877.66
2021-12-15,2181.48,1588.0471,646.4173,1605.3591,357.2137,311.3285,550.0758,237.919,2766.65,1363.13,879.31
2021-12-16,2157.13,1552.6356,654.2297,1614.6367,358.9606,312.5857,555.8102,241.5541,2731.5,1340.9,888.45
2021-12-17,2133.17,1545.0624,639.3886,1603.7497,353.5107,311.65,548.5038,239.3248,2728.08,1345.15,893.78
2021-12-21,2145.98,1557.4465,639.8406,1600.269,353.0825,311.381,545.5416,240.6161,2750.67,1363.85,909.46
2021-12-22,2169.99,1584.4003,642.9683,1618.9895,354.4919,314.3448,549.7507,244.6678,2776.56,1378.93,916.17
2021-12-23,2183.22,1604.0962,646.496,1625.566,354.3745,313.2047,555.3206,245.4474,2795.82,1387.37,928.81
2021-12-29,2210.1,1621.5602,652.5756,1647.7621,361.2944,323.0272,569.0615,249.6591,2847.83,1408.81,924.28
2021-12-30,2203.33,1615.4202,650.8878,1650.4304,362.5294,324.1789,566.9806,248.7061,2839.33,1402.33,933.94
2021-12-31,2194.58,1610.756,650.0442,1643.9168,363.7073,324.7549,569.6304,247.0191,2842.0,1401.71,939.18
2022-01-04,2212.68,1644.0717,675.2606,1605.3077,359.1198,320.4029,569.1541,250.3512,2865.54,1426.13,940.57
2022-01-05,2168.49,1600.6072,666.8253,1593.9328,358.9544,310.0927,568.6884,251.633,2801.07,1390.91,924.43
2022-01-06,2163.23,1595.3582,677.1376,1574.6588,355.1734,310.4013,561.6623,251.6785,2814.81,1400.02,911.21
2022-01-10,2157.21,1559.6812,682.8588,1583.7876,355.562,306.8655,555.5998,251.5585,2782.19,1379.07,898.45
2022-01-11,2175.44,1575.8168,688.5713,1595.8371,352.2941,306.3768,561.7762,256.8204,2807.04,1388.26,910.67
2022-01-13,2146.0,1552.8596,686.0294,1565.7103,355.1359,306.1974,562.556,258.2175,2791.76,1382.02,907.04
2022-01-14,2149.93,1545.8978,679.1189,1563.0706,352.8326,302.5859,557.862,260.9118,2782.64,1388.27,902.99
2022-01-18,2110.13,1516.2249,663.5269,1541.3766,348.5893,300.4427,550.4858,262.6527,2724.07,1351.74,890.86
2022-01-19,2090.13,1488.8435,652.5557,1534.5661,350.1902,296.795,549.3271,265.6997,2687.06,1328.24,900.87
2022-01-20,2068.11,1459.9158,648.4838,1525.6269,350.6916,294.084,541.4594,265.7794,2639.28,1300.11,890.35
2022-01-21,2024.95,1414.665,635.388,1509.4193,350.0534,293.9555,527.962,264.1572,2594.49,1282.27,856.62
2022-01-24,2026.16,1431.8293,636.9074,1503.8932,346.451,294.4665,528.0937,261.0935,2641.49,1311.3,838.41
2022-01-25,2003.7,1405.8987,639.8881,1493.9291,341.0198,293.6921,523.5562,264.4851,2595.15,1296.67,847.21
2022-01-26,2005.95,1401.3458,641.5938,1487.2853,338.6014,288.8098,518.234,267.8304,2569.53,1277.61,846.29
2022-01-27,1998.58,1369.5202,635.6806,1489.3559,341.2456,283.7532,520.0967,266.7469,2529.82,1252.49,830.22
2022-01-28,2053.15,1401.0737,643.7686,1520.2987,345.2795,293.3413,523.0475,268.8105,2578.31,1271.86,838.33
2022-01-31,2092.61,1454.4541,649.5226,1530.4616,351.671,297.0175,530.576,271.2265,2635.38,1299.23,859.14
2022-02-01,2107.56,1463.5636,658.8377,1534.8056,347.1839,294.8287,539.4439,273.0192,2662.49,1309.03,872.72
2022-02-02,2127.18,1455.8732,663.1775,1554.0257,352.2543,299.7232,540.6985,275.879,2662.38,1302.37,865.05
2022-02-04,2081.87,1456.3321,666.3832,1540.7079,347.9022,292.6788,521.9905,277.8015,2623.18,1283.62,854.47
2022-02-07,2070.55,1453.1748,668.5848,1538.7172,347.2199,292.4244,519.769,276.9412,2622.81,1284.82,858.65
2022-02-08,2086.82,1474.9781,677.8337,1550.8833,347.5904,290.0806,527.9224,275.8971,2672.41,1307.7,858.95
2022-02-09,2112.32,1491.3841,681.8405,1563.528,349.1081,296.9773,539.1575,278.7047,2721.54,1322.34,875.0
2022-02-10,2073.56,1464.9032,676.0686,1538.9193,340.0129,288.4774,536.1091,278.1204,2681.78,1304.02,872.88
2022-02-11,2031.42,1423.5213,666.2506,1518.3296,340.0438,284.6024,527.954,279.7177,2647.46,1301.19,868.77
2022-02-14,2028.55,1431.8146,658.8418,1501.7885,337.3306,281.6862,523.3755,282.2167,2636.49,1296.59,861.41
2022-02-15,2060.61,1461.5615,667.8783,1518.9259,335.4806,282.7993,533.2489,278.6522,2695.08,1326.27,871.67
2022-02-16,2060.93,1465.4524,667.8897,1520.9329,336.0716,283.5027,536.697,282.0492,2702.37,1329.69,870.06
2022-02-17,2016.03,1427.7958,651.7934,1496.6665,336.2752,280.7574,527.5866,280.3671,2644.93,1304.5,859.53
2022-02-18,1999.44,1417.7415,651.0183,1484.4339,335.2122,279.4723,526.6042,280.3122,2632.49,1297.92,852.15
2022-02-22,1977.05,1374.6221,648.2955,1480.6601,334.9566,278.7966,519.3234,284.0522,2596.25,1279.15,828.69
2022-02-23,1939.51,1327.6319,636.805,1473.0953,329.2144,275.1207,512.4905,285.3285,2553.31,1260.43,828.62
2022-02-24,1968.78,1361.3933,629.384,1479.846,331.6216,280.0273,510.9274,286.0691,2588.87,1282.12,826.27
2022-02-25,2010.13,1387.0772,649.2478,1524.6592,342.0305,286.9981,529.2191,281.2086,2661.6,1310.76,836.21
2022-02-28,2008.16,1395.4633,639.8485,1513.1962,343.4989,281.9131,523.0011,286.1425,2661.48,1316.11,849.57
2022-03-01,1979.09,1376.7499,616.1292,1504.3767,340.6347,281.2744,510.9009,298.6736,2609.31,1291.11,853.29
2022-03-02,2011.6,1403.5085,631.8671,1527.5599,344.7524,286.4213,522.3431,307.4364,2679.6,1326.4,854.96
2022-03-03,1998.38,1371.3321,629.978,1535.0115,350.6811,289.5576,522.9534,307.5567,2657.44,1316.98,849.3
2022-03-04,1979.06,1350.603,617.6492,1542.5694,358.3665,291.9358,520.7353,318.9941,2615.47,1299.07,847.24
2022-03-07,1921.92,1285.7936,595.0635,1516.1548,363.0559,286.6891,502.8823,323.5532,2517.18,1269.49,840.21
2022-03-08,1908.6,1286.5107,591.788,1484.1223,357.2303,284.1614,500.3612,328.7564,2526.22,1274.3,848.85
2022-03-09,1960.93,1324.2317,613.1757,1512.2863,354.4574,288.3467,515.4236,310.6429,2597.11,1301.23,851.32
2022-03-10,1951.52,1339.5884,608.2848,1511.8645,357.0257,289.3762,516.3466,309.8313,2596.37,1299.6,855.44
2022-03-11,1925.35,1315.581,603.9242,1499.9054,355.7038,286.6885,512.528,313.8608,2570.76,1284.7,846.35
2022-03-14,1908.79,1292.5547,611.4527,1510.1526,355.3246,284.5974,511.8513,306.795,2547.15,1269.62,817.57
2022-03-15,1953.78,1336.3366,619.4603,1539.2812,359.7618,286.5966,517.4812,299.2436,2585.33,1282.98,818.33
2022-03-16,1997.93,1381.1209,637.3106,1558.1336,359.1455,289.8377,525.6753,298.4232,2657.99,1314.99,829.71
2022-03-17,2021.98,1406.8649,645.1393,1583.1633,360.7874,293.7888,535.9079,309.2324,2684.3,1331.05,851.49
2022-03-18,2048.3,1437.5222,647.0223,1593.484,357.5468,294.4147,539.1007,310.8478,2705.81,1338.72,853.94
2022-03-21,2048.02,1426.6166,646.2089,1591.5917,359.9651,292.8739,543.7032,318.6372,2696.45,1329.77,864.02
2022-03-22,2075.9,1461.5099,656.5496,1591.8415,360.3014,293.0314,546.5112,318.1465,2713.73,1336.36,871.68
2022-03-23,2052.07,1443.5187,644.464,1563.6772,360.9043,290.0046,544.3781,325.8318,2664.37,1311.95,876.2
2022-03-24,2082.63,1454.1016,649.332,1581.6166,364.4864,291.8468,555.0739,324.2755,2693.66,1322.67,883.7
2022-03-25,2091.42,1452.8484,657.8235,1589.7776,369.8889,295.4548,561.19,326.9229,2712.43,1331.02,886.32
2022-03-29,2133.22,1514.6659,657.4033,1610.3401,375.6174,307.7562,562.9016,313.4936,2773.72,1357.33,878.19
2022-03-30,2120.72,1491.7351,652.7629,1613.9027,378.7622,306.023,561.021,320.5436,2732.6,1332.35,885.52
2022-04-01,2091.39,1465.8086,636.2743,1609.2492,383.6221,308.5372,559.7343,311.9018,2710.15,1331.34,897.42
2022-04-04,2115.09,1499.9315,633.2473,1597.2165,380.5755,307.5712,559.4926,316.665,2703.68,1326.33,905.1
2022-04-05,2085.59,1464.6569,628.5166,1600.0946,383.106,307.7559,555.0718,317.2119,2654.46,1296.42,891.23
2022-04-06,2058.36,1426.1073,624.3856,1624.8671,390.7622,312.5334,548.8706,311.8855,2624.62,1281.32,880.88
2022-04-07,2066.33,1431.6669,623.7794,1655.0102,389.7823,309.8398,552.3318,313.4214,2619.17,1280.51,886.33
2022-04-08,2056.65,1417.7912,630.0467,1664.5849,390.9449,310.8744,555.3936,317.287,2617.09,1272.84,888.21
2022-04-11,2017.3,1390.9343,627.0355,1631.8416,385.5319,306.6654,552.8677,314.0716,2605.74,1265.02,876.33
2022-04-12,2010.81,1393.7253,620.3495,1616.3831,387.0979,305.6099,553.0538,322.2714,2602.25,1271.92,881.12
2022-04-13,2033.32,1428.7291,619.8483,1623.3135,386.4533,306.8696,561.1441,327.9484,2643.85,1293.01,892.51
2022-04-14,2004.5,1406.2806,613.3827,1615.787,386.4829,305.0804,559.2281,331.9212,2628.61,1284.28,892.5
2022-04-18,2005.4,1411.0118,617.1447,1597.7291,384.5853,304.2404,559.6918,336.2319,2623.4,1279.55,892.74
2022-04-19,2036.89,1452.086,625.2783,1612.5793,386.9372,310.6899,564.8859,326.6125,2682.45,1303.8,892.78
2022-04-20,2026.7,1432.4034,629.5742,1634.2381,390.0197,316.4359,568.7825,326.985,2702.73,1313.1,885.35
2022-04-21,1998.81,1414.7494,619.9008,1616.1568,383.8146,314.4429,559.2514,329.0813,2653.86,1292.39,855.61
2022-04-25,1959.89,1391.8758,602.2868,1567.8403,374.628,307.384,536.8291,317.7568,2597.46,1264.45,824.74
2022-04-26,1899.18,1322.4685,586.9396,1538.0428,370.7293,302.811,528.5239,322.1622,2522.32,1226.45,812.32
2022-04-27,1902.07,1321.5269,586.3355,1536.2383,369.0173,300.815,536.3431,325.4113,2522.93,1221.94,808.73
2022-04-28,1955.25,1352.1815,593.9508,1556.996,373.0998,306.3819,544.7089,327.8776,2570.11,1246.89,818.43
2022-04-29,1879.57,1272.1466,573.7007,1518.4521,361.8775,291.3844,533.9714,328.1502,2500.26,1214.72,814.43
2022-05-03,1900.89,1285.708,581.0603,1513.1982,359.4257,287.4967,538.177,326.5994,2539.21,1234.43,794.65
2022-05-04,1960.14,1322.3866,598.5954,1546.4646,367.403,290.633,555.6446,334.5748,2610.06,1267.21,807.38
2022-05-05,1885.85,1245.4943,581.1502,1516.1384,363.4617,283.273,538.3474,334.1555,2514.75,1221.76,783.69
2022-05-09,1820.62,1176.8993,562.8026,1472.7982,363.5435,267.4334,513.8035,318.8447,2396.94,1174.41,719.81
2022-05-10,1828.92,1173.3996,558.3076,1477.692,359.0156,261.3192,510.7876,316.3385,2389.58,1167.02,711.19
2022-05-11,1793.82,1131.554,552.7098,1468.2243,361.7846,260.8861,510.9393,324.6534,2348.01,1147.42,700.9
2022-05-12,1786.63,1140.5451,548.8024,1481.7963,357.602,262.8274,509.9776,323.7692,2369.81,1161.44,667.25
2022-05-13,1828.85,1187.298,556.3109,1497.398,361.5079,269.5448,517.797,328.5956,2430.83,1189.33,696.65
2022-05-16,1821.55,1162.1749,551.9795,1507.7515,362.6946,267.3814,516.8318,336.0801,2417.76,1185.16,700.54
2022-05-17,1857.67,1193.2962,566.8419,1528.5833,366.4091,270.184,531.6284,335.8939,2489.44,1220.91,712.49
2022-05-18,1779.7,1114.5729,550.9847,1488.8814,362.6419,262.2223,514.7542,329.4789,2395.68,1182.08,691.17
2022-05-19,1763.23,1116.0131,547.1532,1492.1107,361.8403,261.6883,518.266,334.1517,2391.34,1176.31,705.58
2022-05-20,1764.11,1098.9129,546.4885,1510.908,362.8185,264.8017,517.1482,333.0769,2384.81,1171.99,702.09
2022-05-24,1782.92,1077.3945,562.8268,1526.9415,374.6064,271.2542,523.513,334.2055,2380.4,1171.41,700.66
2022-05-25,1798.34,1107.371,567.3392,1526.6726,374.3764,272.7785,525.9453,335.0911,2426.56,1195.42,701.74
2022-05-26,1833.18,1160.2705,580.0988,1533.0132,375.3962,272.5146,535.5183,339.4571,2483.02,1220.7,714.66
2022-05-27,1878.73,1200.5025,590.4644,1559.338,380.9735,280.198,547.8088,341.4494,2539.84,1248.94,724.19
2022-05-31,1871.61,1209.6847,588.4667,1537.9176,375.7169,276.4379,539.0603,337.2397,2514.8,1235.61,720.98
2022-06-01,1861.18,1199.4858,578.6326,1516.0289,375.1138,273.3969,533.5245,340.9663,2494.67,1231.51,711.8
2022-06-02,1895.08,1235.7947,586.8065,1527.8288,377.3744,277.411,547.8318,344.2539,2549.84,1254.98,728.47
2022-06-03,1860.19,1200.5633,577.8128,1510.4253,375.7216,273.961,542.4601,344.45,2521.13,1243.51,720.11
2022-06-06,1865.99,1212.9017,580.0247,1510.3822,377.4103,273.1599,547.7308,348.2592,2535.77,1251.52,718.63
2022-06-07,1882.66,1208.3952,584.0084,1530.064,379.5875,276.3094,551.6947,348.5812,2567.72,1265.26,722.77
2022-06-09,1822.1,1176.7022,559.1001,1483.3154,362.988,263.4203,527.1893,351.25,2468.57,1220.04,711.88
2022-06-10,1765.66,1127.7186,538.6707,1459.0921,360.1953,257.0995,511.121,347.2327,2403.07,1189.63,704.7
2022-06-13,1699.24,1075.1989,522.7786,1415.2135,343.5295,244.8119,491.072,342.6133,2294.08,1136.54,671.9
2022-06-14,1694.94,1072.5499,517.8497,1400.1441,334.6458,242.3364,486.9539,336.4787,2284.0,1133.48,650.07
2022-06-15,1723.89,1104.9697,524.2611,1414.4457,336.9224,247.9902,487.0921,335.5564,2310.04,1143.4,655.65
2022-06-16,1671.23,1052.3818,510.7823,1392.9417,330.2999,241.6604,469.2971,338.1029,2200.75,1087.48,639.55
2022-06-17,1675.9,1065.2119,512.3714,1393.2171,327.1709,243.2078,468.7973,329.4951,2220.49,1095.12,640.38
2022-06-21,1720.78,1095.2723,522.7339,1430.059,333.4385,247.7882,475.6665,329.4755,2248.3,1111.24,652.97
2022-06-22,1718.17,1093.7628,521.3856,1450.414,336.8865,251.6206,469.5092,324.8534,2240.93,1108.31,640.9
2022-06-23,1736.15,1111.475,519.0133,1482.5473,344.7967,256.6654,462.9292,316.3785,2254.36,1117.67,631.79
2022-06-24,1789.2,1153.04,538.7173,1506.7244,350.8578,261.9655,481.3504,318.3747,2334.4,1152.32,647.33
2022-06-28,1740.6,1094.5769,531.4113,1486.3412,352.42,257.6517,472.3653,321.0495,2309.22,1143.82,644.91
2022-06-29,1743.44,1094.6486,528.0083,1499.3246,352.5822,255.6874,468.911,319.2965,2290.67,1132.34,626.34
2022-06-30,1725.61,1077.7793,523.3537,1494.3136,356.4541,255.7702,463.156,310.5706,2268.92,1127.97,617.26
2022-07-05,1751.58,1124.003,528.3304,1503.5649,352.7538,259.2471,456.9323,296.7946,2292.97,1140.07,615.94
2022-07-06,1758.9,1121.2972,526.9984,1513.4634,356.3063,259.2818,459.7461,294.6399,2279.12,1126.68,602.35
2022-07-07,1785.88,1149.1606,534.7047,1520.4886,355.9674,259.4501,463.986,304.205,2328.0,1146.56,614.2
2022-07-08,1786.35,1148.9694,533.6435,1524.5411,354.8148,258.0183,459.3587,307.0718,2320.39,1143.84,615.38
2022-07-11,1762.86,1117.2324,529.2051,1521.0075,357.0762,258.0422,458.1301,307.1454,2293.71,1128.35,606.38
2022-07-13,1738.89,1118.6174,520.8889,1486.7506,353.6887,255.1324,454.654,296.6761,2283.92,1123.68,595.6
2022-07-14,1737.6,1117.8991,510.9129,1481.2713,353.7438,252.5759,446.0619,291.7039,2260.03,1113.73,586.08
2022-07-15,1770.52,1136.9714,528.8259,1517.511,354.4558,256.8686,453.2948,296.3991,2303.68,1137.14,584.43
2022-07-18,1754.03,1139.4467,526.0388,1484.8949,349.504,254.104,454.303,305.9553,2298.94,1136.58,597.2
2022-07-19,1800.45,1174.6218,542.1883,1511.6773,351.8682,261.3063,468.4117,304.8315,2374.96,1176.4,606.34
2022-07-20,1811.83,1195.355,543.9341,1495.6697,347.0776,259.9234,468.9485,306.5274,2399.49,1193.13,607.1
2022-07-21,1831.28,1222.2119,547.4092,1518.1931,348.0886,262.5538,475.5264,300.9913,2417.83,1196.51,616.25
2022-07-22,1810.76,1214.1774,544.1812,1512.3387,352.845,264.617,472.0559,300.2875,2396.73,1185.22,607.97
2022-07-25,1810.7,1203.8825,547.7389,1520.6537,357.286,264.7984,474.092,304.1924,2412.42,1193.12,608.29
2022-07-26,1784.86,1164.0859,540.1418,1529.0094,359.4589,265.3449,470.9696,306.0754,2397.08,1186.55,605.28
2022-07-27,1837.51,1208.9058,548.4591,1538.9083,359.8529,266.7939,476.8745,308.8576,2442.91,1214.22,619.76
2022-07-28,1855.19,1229.0651,552.2852,1547.3163,372.5456,276.6579,484.9148,308.8152,2480.86,1229.61,635.41
2022-07-29,1885.59,1281.5086,560.043,1541.8767,375.6532,277.4909,491.3058,312.0838,2512.73,1239.96,646.04
2022-08-02,1866.4,1279.0147,549.1135,1524.9868,375.2046,271.4421,482.3894,303.2354,2487.6,1232.17,654.76
2022-08-03,1901.94,1311.1866,557.2859,1539.0768,377.7509,272.5492,483.012,301.1417,2508.85,1243.37,655.2
2022-08-04,1900.36,1318.3015,555.3691,1531.4781,378.1984,272.8865,483.239,300.6164,2490.51,1233.3,660.08
2022-08-05,1893.64,1296.4532,559.7279,1531.0303,377.0772,273.75,484.9864,300.4524,2504.28,1239.4,664.17
2022-08-08,1888.73,1300.2893,558.72,1534.4832,377.5338,275.68,487.6421,301.3269,2520.11,1247.19,668.28
2022-08-09,1882.28,1280.3189,561.8822,1529.9611,381.5428,277.7104,485.1733,304.2862,2498.12,1229.19,663.83
2022-08-10,1923.03,1317.1125,574.9025,1547.078,383.2662,281.7066,499.1302,309.3637,2560.47,1256.41,669.72
2022-08-11,1918.48,1308.4078,580.7491,1536.0344,382.7322,280.1586,500.5128,315.5726,2575.68,1264.47,673.02
2022-08-12,1952.35,1338.4482,590.2351,1556.1811,388.6167,284.9745,509.9134,313.9043,2615.01,1287.8,680.49
2022-08-15,1962.45,1346.5985,590.3472,1563.7862,391.7848,286.3259,509.4498,309.7625,2618.89,1292.4,678.5
2022-08-16,1966.75,1361.2774,594.4003,1559.6364,392.8396,285.1291,512.4305,307.7866,2635.18,1297.83,669.57
2022-08-18,1956.42,1345.5043,592.033,1543.1038,393.5852,282.1728,506.5778,310.6758,2619.93,1291.22,662.61
2022-08-19,1930.51,1317.2546,580.0748,1547.3387,393.3892,279.4513,497.4179,312.5134,2578.06,1268.17,649.91
2022-08-22,1887.52,1279.8013,567.359,1525.9457,387.983,273.5913,489.4967,313.4439,2522.13,1239.64,642.7
2022-08-23,1882.93,1283.9105,565.2162,1504.7401,385.5376,269.6108,494.2789,317.1896,2521.77,1238.33,653.36
2022-08-24,1885.96,1288.6911,568.1624,1506.5116,386.8854,271.5281,495.4872,319.9474,2534.47,1242.2,659.61
2022-08-25,1912.19,1305.3434,576.7768,1523.1135,389.1908,275.7571,506.6975,317.7056,2576.46,1266.0,661.26
2022-08-26,1846.12,1254.7138,559.282,1480.5067,383.1785,268.7583,490.8101,320.2425,2500.25,1225.5,645.92
2022-08-29,1832.27,1247.9063,555.0333,1470.0698,384.1178,266.4178,487.4445,323.1631,2482.96,1213.85,643.33
2022-08-30,1812.8,1234.0584,552.677,1460.3722,378.5115,262.5496,479.1103,314.4314,2448.36,1195.79,635.33
2022-08-31,1797.95,1221.0621,547.8213,1451.1565,375.9301,261.641,473.2996,311.0615,2431.05,1183.98,638.44
2022-09-01,1805.9,1231.6252,549.813,1475.1194,381.2566,262.5645,466.7459,304.8851,2411.2,1169.48,627.14
2022-09-02,1783.96,1221.2968,545.2472,1453.9351,377.1726,258.1555,466.3276,304.7552,2393.1,1161.88,632.02
2022-09-06,1775.15,1217.2558,543.6828,1454.2419,378.018,260.7791,464.8023,302.8713,2378.08,1146.0,623.57
2022-09-07,1804.07,1254.6985,554.6793,1478.5048,389.8852,265.7939,477.4905,296.3523,2432.02,1166.79,631.64
2022-09-08,1813.12,1265.8527,564.3447,1504.7196,389.4342,266.3357,482.1663,298.296,2454.43,1171.34,637.14
2022-09-09,1842.52,1289.975,569.1266,1517.2041,391.0553,268.8274,489.3656,304.5521,2498.05,1193.69,645.57
2022-09-13,1778.94,1239.1443,552.4486,1477.002,384.193,260.7199,476.2109,306.4262,2429.26,1162.22,645.93
2022-09-14,1788.65,1255.1955,551.0762,1477.1014,387.2925,257.0971,470.3667,307.0542,2427.54,1161.99,653.87
2022-09-15,1766.8,1246.8356,552.8058,1485.1591,377.5138,251.3372,464.0801,301.3612,2412.83,1152.46,637.49
2022-09-16,1756.06,1236.3988,547.4569,1481.1395,376.1281,251.4169,456.8176,299.1067,2380.28,1144.98,630.06
2022-09-19,1768.82,1253.0058,553.5735,1473.1063,381.0775,250.8752,464.2648,300.154,2409.51,1156.64,625.92
2022-09-20,1752.29,1231.8609,545.5186,1456.0532,375.5927,244.4288,455.449,299.9237,2369.65,1142.29,616.72
2022-09-21,1721.39,1202.6375,534.0207,1431.5032,370.4203,240.5906,445.4548,298.5437,2337.85,1129.28,613.52
2022-09-22,1711.79,1176.6302,525.1297,1438.8748,368.9999,238.3238,439.9098,298.1609,2288.02,1105.59,602.94
2022-09-23,1681.52,1149.6402,516.9282,1431.1492,364.6584,235.2159,430.9036,288.1308,2239.29,1080.92,578.06
2022-09-26,1667.92,1147.573,508.2113,1416.7211,355.8087,229.0387,423.8342,283.7302,2204.32,1064.45,567.39
2022-09-27,1664.62,1150.9201,506.6969,1413.6751,349.747,226.1011,424.7851,285.5494,2206.14,1065.33,573.91
2022-09-28,1694.11,1183.2087,516.3647,1444.7341,353.5881,230.3372,435.9482,291.8549,2265.96,1094.79,587.57
2022-09-29,1655.25,1143.2499,509.9774,1431.447,339.1916,223.7167,429.2664,291.1682,2218.67,1071.95,582.59
2022-09-30,1625.76,1122.3128,504.3907,1411.3567,332.5224,225.9404,427.7681,288.1188,2203.53,1064.95,594.13
2022-10-03,1663.53,1125.0438,518.6961,1441.4924,342.4569,230.145,442.3201,293.0598,2267.85,1093.07,607.98
2022-10-05,1710.7,1158.7107,533.7059,1479.9447,341.9566,229.4276,452.9756,302.864,2343.99,1127.46,622.62
2022-10-06,1694.27,1150.4727,525.946,1460.6909,330.679,222.091,448.3614,303.2847,2325.45,1120.96,621.88
2022-10-11,1617.72,1093.9915,504.558,1428.7551,323.4373,216.1605,434.8059,303.1046,2265.61,1096.38,587.9
2022-10-12,1615.09,1096.542,503.1781,1421.1931,312.3887,213.1608,431.3093,300.2256,2252.85,1089.14,585.01
2022-10-13,1659.17,1107.2688,524.0063,1453.2571,320.3502,217.0845,443.8683,303.7343,2301.84,1116.8,586.39
2022-10-14,1622.25,1064.3545,514.7012,1441.1486,315.4183,211.4528,428.7153,297.5332,2245.21,1091.05,581.09
2022-10-17,1667.55,1109.3701,527.9559,1466.1773,322.2609,219.6831,439.6213,296.1495,2307.51,1121.13,586.63
2022-10-18,1684.85,1125.103,536.6376,1474.4759,328.0307,222.4704,448.0281,292.1178,2341.07,1134.17,588.52
2022-10-19,1675.71,1111.8658,528.0769,1454.084,323.885,216.7813,442.9571,291.9305,2299.27,1117.05,587.39
2022-10-21,1704.6,1124.4195,534.9095,1474.1105,321.5721,217.3556,455.0791,293.0852,2312.21,1127.54,593.04
2022-10-24,1725.12,1129.7957,542.1229,1502.2781,324.2085,217.1654,452.2371,292.6005,2327.12,1137.03,587.21
2022-10-25,1750.81,1156.2601,548.5318,1514.0276,330.7734,225.717,463.6655,294.9669,2385.71,1163.43,595.94
2022-10-26,1728.32,1144.0257,550.1422,1530.9856,330.6353,225.3802,466.7638,298.6094,2390.57,1167.5,596.32
2022-10-27,1710.44,1135.7815,554.2518,1522.1761,332.8985,225.3742,465.5253,298.0638,2391.29,1171.58,593.67
2022-10-31,1740.51,1124.5232,563.912,1546.6438,339.1787,230.2523,466.1194,295.3149,2433.05,1195.57,595.33
2022-11-02,1685.18,1067.2634,558.9433,1521.366,337.0785,223.7489,455.2014,302.4189,2372.44,1160.01,587.76
2022-11-03,1662.4,1057.8392,552.9694,1514.7182,338.5795,223.7814,458.7256,299.9322,2366.95,1153.58,585.03
2022-11-04,1684.89,1066.9578,563.2862,1523.2894,340.5142,226.674,474.3516,309.9145,2405.74,1171.36,593.7
2022-11-07,1702.51,1060.3859,568.3708,1539.4109,333.9061,226.5139,478.0929,309.3314,2426.47,1182.83,593.53
2022-11-08,1710.72,1057.1778,571.6961,1547.1548,336.2139,227.9751,486.1232,306.2735,2431.16,1184.26,602.38
2022-11-09,1672.64,1024.2371,562.0016,1530.837,333.3797,225.4953,478.4161,301.7065,2379.96,1157.13,577.33
2022-11-11,1787.75,1130.2337,595.5133,1550.3981,345.2426,242.7035,510.8483,308.2573,2532.12,1232.18,599.81
2022-11-14,1773.88,1110.9306,586.3438,1550.9346,340.8549,236.281,509.7934,304.4487,2506.15,1218.47,601.75
2022-11-16,1774.39,1108.2721,585.362,1547.8624,347.5072,237.1672,504.2196,305.1919,2508.28,1214.43,590.3
2022-11-17,1771.89,1094.2155,582.223,1547.2065,341.278,235.2171,499.4108,299.6348,2494.61,1210.36,582.57
2022-11-18,1777.09,1094.6539,586.7092,1565.7699,348.1031,238.2535,502.6419,298.3698,2510.63,1218.14,575.88
2022-11-21,1766.62,1079.211,588.69,1566.484,349.8273,239.9585,504.5401,298.6065,2504.48,1214.15,571.15
2022-11-22,1790.21,1091.8884,594.7257,1580.325,352.7821,241.0729,515.8021,301.5834,2545.92,1228.46,576.38
2022-11-23,1802.87,1106.3651,596.9534,1585.7625,356.4368,241.4281,517.9263,299.0604,2548.16,1229.9,576.75
2022-11-25,1800.18,1107.0399,599.3748,1595.6321,358.6652,242.98,517.3228,295.2192,2559.56,1232.44,575.64
2022-11-28,1773.85,1100.3847,588.7264,1583.6702,354.8258,236.1775,505.9394,294.9619,2511.48,1208.83,574.51
2022-11-29,1767.33,1095.4919,592.6489,1579.9884,352.2385,240.2116,507.4473,297.8069,2518.45,1213.64,578.92
2022-11-30,1827.55,1133.6465,602.4282,1618.6847,361.2533,245.8162,519.7181,302.4234,2577.78,1243.42,591.0
2022-12-01,1824.19,1132.4156,598.1299,1622.5571,360.5821,245.0526,519.5457,302.1437,2571.53,1240.42,599.18
2022-12-02,1821.21,1130.2858,595.5622,1626.1814,358.8946,244.0284,525.2781,299.1778,2574.0,1245.36,599.2
2022-12-05,1789.97,1096.9246,580.6762,1610.1068,356.7511,239.8366,515.0252,292.435,2509.13,1210.87,581.64
2022-12-06,1760.24,1079.1163,575.6952,1598.1259,359.1177,237.949,510.5023,289.3333,2481.53,1199.54,581.25
2022-12-07,1755.27,1073.9812,573.1026,1611.6659,357.4328,238.5588,509.2516,287.671,2477.3,1193.87,583.94
2022-12-08,1769.18,1085.236,573.9634,1626.0661,359.4446,239.9973,512.694,288.2624,2495.95,1199.41,581.74
2022-12-09,1758.31,1079.6196,572.3324,1605.1958,357.7283,239.5128,507.7705,288.162,2469.58,1186.62,577.62
2022-12-12,1783.17,1083.7914,579.5524,1621.8497,365.8471,241.6628,512.3208,291.6128,2495.31,1199.08,573.89
2022-12-13,1795.63,1085.9256,581.2584,1626.3019,367.0045,246.5859,519.2105,297.7795,2509.78,1203.31,574.27
2022-12-14,1785.13,1078.0428,573.7401,1628.6497,366.4093,244.0923,513.4494,299.5447,2497.9,1193.59,575.47
2022-12-16,1718.92,1040.3955,558.0546,1575.835,355.7573,233.8175,495.8761,293.928,2416.51,1154.54,576.26
2022-12-19,1702.4,1023.1362,556.761,1570.1636,354.2872,231.2011,489.2382,293.146,2388.48,1145.85,558.2
2022-12-20,1703.49,1011.5671,558.4631,1569.2356,354.5096,230.575,492.4181,295.034,2400.79,1149.57,562.45
2022-12-21,1728.74,1027.5819,567.9664,1589.7306,359.3248,232.6858,496.5382,299.3421,2444.86,1167.39,570.76
2022-12-23,1710.71,1008.0966,565.8935,1588.532,360.8045,233.7954,495.3757,301.4673,2435.15,1160.68,572.22
2022-12-28,1680.54,983.0622,563.3315,1574.2273,359.5165,229.7454,488.1166,300.8328,2394.71,1137.71,555.25
2022-12-29,1711.28,1008.3202,571.4058,1590.7042,361.9566,234.7074,493.2289,299.4109,2441.17,1162.74,564.77
2022-12-30,1709.17,1005.4831,569.7369,1585.5359,358.4808,232.3695,489.5519,301.3312,2430.38,1157.53,570.27
2023-01-03,1701.93,999.5387,571.8807,1580.9696,358.4977,233.0946,489.0366,293.2618,2418.77,1155.53,567.17
2023-01-04,1710.27,1013.6719,580.9509,1584.9099,361.8572,238.4212,497.5536,286.7782,2455.72,1169.43,573.06
2023-01-05,1690.65,1004.0304,575.6233,1568.5716,353.8186,231.5197,489.5993,286.2897,2430.24,1159.12,571.12
2023-01-06,1727.65,1028.1028,588.731,1582.5057,360.9969,238.1389,506.4549,287.5568,2489.95,1185.83,581.89
2023-01-09,1726.18,1033.9257,586.1845,1556.2506,363.2986,238.0102,509.4925,291.8061,2490.5,1185.96,586.68
2023-01-10,1737.8,1046.9703,589.9895,1569.2372,363.462,238.8339,514.6957,291.2504,2514.52,1201.19,594.25
2023-01-11,1761.4,1075.0228,595.0585,1578.2578,366.5753,247.4296,522.9783,294.7435,2545.36,1214.57,602.39
2023-01-12,1767.67,1076.865,596.4254,1572.1013,364.2291,250.1226,524.6292,297.4932,2568.37,1231.93,609.88
2023-01-13,1776.57,1087.3525,600.6615,1579.5319,362.6258,248.6024,528.1602,299.8608,2580.91,1238.88,615.11
2023-01-17,1773.23,1088.1061,596.5855,1571.6507,362.178,248.8034,522.5036,301.4356,2575.61,1234.5,617.38
2023-01-18,1744.77,1073.9896,585.6379,1549.3704,353.462,244.9235,515.2776,300.2909,2543.36,1215.1,617.85
2023-01-19,1732.87,1055.8118,578.6101,1552.9909,349.933,243.8164,511.3112,300.8634,2516.89,1204.7,615.91
2023-01-20,1767.27,1081.8134,588.1557,1561.7922,351.9903,246.7374,521.7652,302.8964,2558.46,1223.39,623.81
2023-01-23,1789.45,1098.787,594.7466,1566.2408,352.1405,247.329,523.4286,304.9632,2590.53,1236.88,621.97
2023-01-24,1788.33,1096.8965,595.3651,1556.1168,353.8494,248.329,523.6416,302.5159,2581.13,1232.07,623.03
2023-01-26,1808.82,1125.2398,602.722,1558.723,350.3768,251.3334,527.2397,304.3174,2609.94,1244.14,621.14
2023-01-27,1817.24,1150.8102,603.0155,1547.9238,350.266,253.6984,525.4565,302.3046,2619.47,1248.59,622.01
2023-01-30,1790.76,1131.0947,599.8855,1533.5681,348.6834,250.5613,521.7913,298.8952,2590.67,1235.07,617.59
2023-01-31,1816.29,1156.2159,607.8996,1553.4257,351.1716,255.2626,533.3979,302.9244,2652.62,1266.36,626.17
2023-02-01,1836.58,1178.1023,608.0114,1560.9355,351.8055,257.1239,536.8846,296.112,2695.44,1285.18,629.83
2023-02-02,1872.43,1214.4158,609.1221,1550.3295,352.3529,262.8591,535.361,295.962,2726.61,1315.82,630.68
2023-02-03,1854.79,1176.6689,608.4992,1546.3204,345.0539,257.5118,525.6283,290.0776,2707.47,1310.8,620.09
2023-02-06,1844.33,1175.1169,607.6395,1537.0973,348.0391,255.7673,519.9591,290.212,2678.42,1289.63,613.6
2023-02-08,1847.61,1167.1692,611.265,1542.2412,341.8099,254.2287,522.4513,295.4351,2665.42,1279.06,623.45
2023-02-09,1830.92,1164.7487,603.7477,1528.9828,336.9885,251.6625,515.1,294.9773,2632.64,1262.43,616.41
2023-02-10,1831.83,1150.5479,606.1822,1543.2948,343.7444,252.3279,516.9349,297.4019,2639.3,1265.51,613.42
2023-02-14,1855.95,1181.1053,609.5792,1546.7063,344.0899,251.7544,520.6768,298.5219,2671.02,1276.91,620.18
2023-02-15,1859.74,1194.8529,610.5303,1538.7695,346.285,252.4013,522.9902,295.0975,2688.53,1289.44,623.43
2023-02-16,1831.51,1168.9945,604.0049,1523.11,343.4191,250.0525,516.9843,294.9892,2670.21,1280.81,627.22
2023-02-17,1826.06,1169.446,604.2809,1536.7401,346.8523,248.9248,512.0001,292.104,2666.12,1282.52,627.78
2023-02-21,1788.64,1130.3775,592.1169,1515.7667,340.3051,244.0505,503.6804,293.2514,2601.34,1244.31,625.51
2023-02-22,1786.46,1136.2128,590.9335,1510.8323,338.8827,241.5705,507.0804,290.6934,2604.61,1248.66,619.18
2023-02-23,1796.81,1135.2144,591.7584,1514.8646,337.2395,243.9358,508.008,291.645,2616.47,1257.12,620.43
2023-02-24,1776.41,1117.4727,592.3755,1495.6395,337.1705,239.5082,511.3251,291.9136,2600.68,1247.72,616.86
2023-02-27,1783.1,1130.6304,592.027,1491.023,334.5895,239.8577,512.5083,293.613,2605.17,1250.16,624.83
2023-02-28,1777.54,1130.0088,593.022,1480.1779,328.8191,239.7722,514.8134,295.0069,2600.84,1249.23,630.46
2023-03-01,1766.25,1115.4913,590.7739,1477.4892,323.1598,236.2006,518.3207,298.2967,2607.26,1251.85,634.69
2023-03-02,1779.39,1111.9503,587.6504,1486.0446,329.0481,239.0769,524.5623,296.6857,2619.52,1255.4,632.01
2023-03-03,1810.97,1135.4953,597.047,1503.3164,334.8384,243.2315,531.8993,300.8272,2648.27,1269.75,642.98
2023-03-06,1816.36,1127.4501,597.3602,1502.3877,336.28,242.2472,523.144,299.3423,2615.65,1241.11,637.76
2023-03-07,1789.26,1112.0541,582.1964,1478.0965,330.7069,236.183,512.7302,294.9957,2584.8,1228.7,626.81
2023-03-08,1790.66,1109.1937,579.8379,1469.8096,333.2765,239.3002,515.1201,292.2325,2586.43,1231.41,625.23
2023-03-09,1758.64,1083.0284,556.0388,1454.6272,330.4782,233.8062,502.0544,289.6855,2524.03,1202.34,617.74
2023-03-10,1739.04,1072.4281,546.2751,1443.9089,325.2046,226.1966,491.2564,290.0954,2452.59,1172.34,611.49
2023-03-13,1741.29,1074.9035,525.6273,1457.1428,330.2163,229.8342,485.8926,289.8557,2406.6,1143.8,607.86
2023-03-14,1772.91,1093.2351,535.557,1470.015,334.4648,231.7594,491.9372,285.9595,2451.6,1166.43,611.03
2023-03-16,1803.56,1111.482,530.4548,1481.5427,341.2012,231.6313,481.4111,281.1826,2430.26,1166.07,602.2
2023-03-17,1788.6,1097.665,513.0165,1462.8109,337.8698,226.3817,473.9989,279.0403,2374.47,1133.88,605.08
2023-03-20,1800.57,1101.9493,519.1517,1481.5508,340.6174,228.7889,483.5163,279.7173,2414.04,1148.99,607.28
2023-03-21,1825.49,1131.8374,532.3292,1490.3428,333.6182,227.2926,489.4514,282.5007,2458.12,1168.1,608.83
2023-03-22,1799.84,1106.9415,519.7023,1468.0528,327.0207,219.0115,480.8424,283.6019,2397.2,1137.89,606.02
2023-03-23,1809.85,1106.3851,516.2844,1465.4454,323.7303,217.6558,480.1723,282.6843,2386.48,1128.16,608.65
2023-03-24,1817.92,1102.4697,515.9702,1484.6461,333.8173,223.2635,484.0475,283.5023,2404.16,1140.23,611.88
2023-03-27,1817.29,1104.4383,523.1986,1490.7099,334.236,222.4513,487.6401,287.8214,2426.84,1151.91,610.32
2023-03-28,1811.29,1103.1973,522.9004,1482.2645,335.2158,221.8708,490.0715,289.131,2433.77,1153.08,620.59
2023-03-29,1836.32,1124.2237,530.7364,1485.8111,340.0437,227.0012,496.8623,288.3139,2462.42,1160.59,623.61
2023-03-30,1847.23,1134.3016,529.192,1493.9554,341.4153,229.7635,500.0542,290.1885,2468.8,1159.56,630.01
2023-03-31,1874.42,1163.981,535.276,1510.7314,344.0086,234.7814,507.918,293.8999,2512.16,1182.07,634.18
2023-04-03,1883.01,1153.351,536.3588,1527.0351,341.5157,232.5593,511.2256,297.9797,2511.21,1182.71,631.15
2023-04-04,1876.91,1152.5241,530.9286,1527.396,343.2968,232.5978,503.7284,297.8103,2468.19,1159.35,630.04
2023-04-05,1871.94,1129.0348,530.1847,1553.8277,352.129,231.3756,502.6081,299.057,2451.54,1149.81,622.78
2023-04-06,1882.04,1129.5882,531.8128,1557.3303,354.717,232.9731,501.5067,298.8139,2447.09,1150.01,625.85
2023-04-10,1878.86,1134.3935,533.2524,1556.7489,354.0093,234.1036,503.9774,298.6407,2477.19,1163.85,626.58
2023-04-11,1873.58,1134.5704,537.7786,1561.3603,354.2438,235.1762,507.6516,302.0264,2499.33,1172.38,633.96
2023-04-12,1864.61,1117.0924,536.6882,1561.6015,353.8311,234.4653,508.0042,303.1712,2485.42,1163.24,635.88
2023-04-13,1895.34,1142.9343,541.3006,1580.8137,353.9138,233.5188,513.1129,303.0584,2502.56,1172.98,639.4
2023-04-14,1894.12,1144.4029,547.0073,1568.3766,349.9689,229.5904,509.6451,303.7903,2489.47,1163.71,637.88
2023-04-17,1898.13,1152.1521,553.1839,1566.7629,351.9662,234.7114,512.6354,304.5686,2508.42,1170.62,631.69
2023-04-18,1899.71,1153.5877,554.9139,1556.5027,350.171,234.352,514.6768,306.9435,2505.14,1164.36,630.49
2023-04-19,1899.28,1153.8542,556.3307,1560.9158,352.91,235.6387,513.0742,302.689,2509.72,1168.01,626.16
2023-04-20,1884.73,1136.781,554.5587,1554.1466,352.7183,232.8423,512.6944,299.3043,2500.27,1163.81,615.49
2023-04-24,1888.47,1149.6351,551.26,1573.4073,355.5364,232.5223,511.5666,300.2419,2499.45,1160.02,610.18
2023-04-25,1859.53,1126.0983,541.5475,1556.8584,355.1989,230.3946,500.5808,296.074,2451.31,1129.92,603.78
2023-04-26,1858.58,1121.8093,536.3744,1534.9566,346.7815,228.4949,494.6831,291.887,2430.17,1119.76,602.58
2023-04-27,1899.56,1152.85,544.953,1542.7963,350.9366,234.0369,501.3956,292.231,2467.36,1136.78,606.28
2023-04-28,1913.12,1152.4157,551.4192,1555.3901,350.2589,236.7424,507.0645,295.5093,2490.4,1148.17,613.38
2023-05-02,1892.33,1141.9414,537.2954,1556.884,346.6737,230.4903,502.0619,287.3887,2454.56,1125.75,607.43
2023-05-03,1879.14,1133.7906,530.9165,1555.1543,345.5759,229.1185,496.4974,282.9369,2451.72,1126.02,606.11
2023-05-04,1866.02,1125.8985,524.0476,1542.5842,348.1134,231.2307,493.3175,283.2484,2410.22,1112.45,607.3
2023-05-05,1902.38,1148.3997,536.8312,1556.8122,350.4166,234.7684,501.4985,288.5783,2461.1,1138.97,615.4
2023-05-08,1904.89,1151.9012,537.9588,1553.4113,349.2816,233.1614,500.0112,291.346,2453.87,1133.24,619.99
2023-05-10,1906.62,1159.3409,532.871,1546.8568,351.8582,234.5047,495.5942,289.4643,2449.02,1130.57,621.77
2023-05-11,1906.98,1165.7336,531.7928,1541.6652,347.8411,232.1114,490.6861,284.8326,2433.19,1122.72,616.65
2023-05-12,1901.3,1155.3618,529.602,1538.8151,349.3765,232.4582,491.5315,284.8051,2432.73,1119.61,617.84
2023-05-15,1905.02,1156.9792,533.9274,1536.2985,345.0392,231.9132,495.6921,289.044,2451.45,1131.27,615.81
2023-05-16,1899.81,1154.0475,528.7552,1523.7584,337.1214,225.8519,487.5394,287.1444,2416.44,1116.77,607.02
2023-05-17,1922.87,1177.5881,539.817,1525.2368,335.9204,228.7668,490.7924,289.8266,2458.23,1143.29,611.75
2023-05-18,1942.52,1195.7471,543.6045,1521.5254,334.7096,227.217,493.4848,289.1811,2477.87,1153.31,609.03
2023-05-19,1939.83,1185.7309,541.1646,1528.4678,334.1458,226.874,494.7628,289.7426,2455.89,1144.79,612.79
2023-05-23,1920.14,1171.0881,535.7613,1511.8712,333.1004,225.4671,484.4934,288.8862,2444.29,1152.01,611.35
2023-05-24,1910.1,1168.3754,528.7426,1501.9065,331.0101,220.4871,479.0446,290.5732,2419.83,1137.36,606.07
2023-05-25,1934.7,1162.342,528.9063,1486.3039,326.4508,221.0972,477.2176,285.964,2419.8,1133.67,602.64
2023-05-26,1965.07,1190.0108,532.8177,1483.7332,326.135,223.6754,479.2084,288.4528,2442.85,1146.48,604.09
2023-05-30,1967.64,1199.0249,532.8095,1473.7794,324.8619,224.2921,476.3713,282.8568,2440.37,1140.87,596.96
2023-05-31,1956.69,1188.0449,526.7221,1486.2849,327.9733,225.759,471.016,281.0749,2406.67,1125.94,595.82
2023-06-01,1977.76,1202.5033,532.4822,1496.2471,325.3961,225.8312,476.8638,285.0126,2426.25,1135.58,606.01
2023-06-02,2001.46,1228.9222,544.1062,1516.2155,328.7036,230.5364,492.9538,287.6252,2505.55,1181.71,609.08
2023-06-05,1997.76,1233.1864,541.0511,1522.0385,330.1739,229.3442,492.4604,288.5909,2479.3,1157.7,609.89
2023-06-06,2000.64,1245.4352,548.2524,1508.67,329.9525,230.8625,495.6725,288.8942,2530.24,1190.54,612.58
2023-06-07,1984.86,1234.1426,550.0563,1502.4131,335.5597,234.9072,501.4987,289.7738,2568.61,1219.16,612.28
2023-06-08,2001.7,1253.4471,549.4414,1512.142,336.9288,233.4392,499.751,290.7955,2557.28,1211.46,611.68
2023-06-12,2027.61,1280.7852,549.3378,1521.9955,334.4212,232.1705,497.816,285.0055,2555.15,1204.11,614.25
2023-06-13,2039.11,1293.6525,552.7234,1530.0484,334.2116,233.603,509.4341,289.3355,2582.75,1215.44,616.76
2023-06-15,2069.78,1301.0388,557.6209,1536.3622,337.507,235.1481,511.5365,296.1908,2590.52,1209.74,612.18
2023-06-16,2060.01,1298.6524,556.4039,1536.2502,339.2929,234.8842,512.0997,300.6647,2580.07,1204.8,613.82
2023-06-20,2053.87,1308.3925,552.5758,1533.9903,335.3301,232.2801,505.669,296.958,2561.26,1199.6,612.75
2023-06-26,2017.1,1282.197,544.0789,1530.7021,333.7451,230.4038,507.0597,292.7998,2534.51,1173.39,601.99
2023-06-27,2039.93,1308.5818,547.9345,1527.6424,333.8882,232.9594,514.1455,288.6978,2575.33,1193.92,607.91
2023-06-28,2040.81,1311.8364,546.9417,1522.2565,328.9512,233.4484,510.6642,288.1907,2575.0,1195.28,611.89
2023-06-29,2047.41,1312.578,556.0897,1532.0943,328.8038,235.4742,517.1368,288.0726,2605.36,1214.95,613.02
2023-06-30,2074.49,1330.5404,561.1081,1548.6213,332.8003,236.6672,521.9278,291.3589,2622.34,1216.35,621.33
2023-07-05,2076.5,1345.9663,562.7649,1535.1599,338.7029,239.7922,510.6041,292.4739,2607.2,1205.47,622.81
2023-07-06,2060.04,1323.8186,557.6512,1521.8626,334.6136,238.3531,506.9828,291.5311,2579.29,1187.92,615.22
2023-07-07,2050.42,1326.1659,558.526,1504.1361,332.1417,237.1631,511.4634,294.4026,2603.24,1199.83,614.74
2023-07-10,2047.49,1327.596,561.0014,1516.2881,330.754,237.9838,511.4175,294.445,2635.77,1215.42,621.13
2023-07-11,2058.97,1338.9869,567.6985,1516.3505,334.8598,240.759,516.3866,298.0668,2665.23,1226.9,618.06
2023-07-12,2078.17,1351.8077,571.2948,1512.1805,339.7722,241.8164,523.0708,298.8934,2684.12,1239.85,626.53
2023-07-13,2099.45,1366.4146,573.3949,1511.9716,341.0641,243.4422,527.1942,301.656,2699.44,1247.6,632.05
2023-07-14,2099.47,1370.1031,569.4942,1534.6914,339.6592,243.3984,524.1536,301.7572,2673.94,1236.66,628.44
2023-07-17,2107.46,1374.4599,575.2097,1528.0463,335.6645,241.3728,524.5607,298.6702,2690.82,1246.2,625.44
2023-07-19,2130.19,1385.453,584.2808,1546.3575,336.4544,242.0689,525.9042,304.5453,2725.89,1270.99,622.14
2023-07-20,2110.33,1338.3401,588.3415,1571.8451,342.6656,241.1102,527.1792,306.3882,2711.72,1260.97,617.63
2023-07-21,2108.83,1338.8272,586.3218,1587.7713,347.8042,242.171,527.176,308.414,2705.82,1256.75,616.66
2023-07-25,2124.89,1342.7963,587.9249,1583.0915,347.5707,242.7561,538.1269,314.6344,2714.13,1263.58,615.18
2023-07-26,2124.57,1341.9566,591.7636,1581.8449,347.413,243.5948,536.5965,313.5411,2727.7,1272.21,620.25
2023-07-27,2113.74,1330.3371,584.105,1569.7313,341.4114,238.4173,533.0082,312.808,2694.62,1259.4,611.57
2023-07-28,2139.93,1354.9912,584.8991,1574.3459,340.5109,237.8085,536.709,313.201,2716.88,1271.09,625.1
2023-07-31,2142.1,1362.524,587.4968,1561.8506,340.6211,239.4751,539.4784,315.2317,2728.44,1282.43,627.52
2023-08-01,2135.84,1346.8827,587.319,1553.8516,336.3372,239.1821,537.0786,313.7939,2721.86,1276.12,622.68
2023-08-02,2102.65,1322.0516,582.1234,1554.7518,336.3203,238.1209,530.4633,308.9831,2691.62,1264.89,611.92
2023-08-03,2098.75,1326.5913,582.5153,1547.0178,328.616,234.8981,527.2565,311.2363,2682.49,1260.26,611.64
2023-08-04,2089.39,1351.9018,580.021,1541.389,324.648,232.5672,525.8383,312.3793,2681.58,1259.51,615.72
2023-08-08,2101.18,1354.8961,582.7859,1571.8466,326.183,234.3196,523.9531,312.304,2679.35,1258.4,607.66
2023-08-09,2080.83,1338.6352,578.2644,1571.002,326.7434,234.7802,521.5028,315.5011,2665.62,1249.55,603.55
2023-08-10,2082.74,1342.3215,578.6967,1570.3177,325.7095,234.0524,521.9662,313.2191,2661.08,1244.82,605.66
2023-08-11,2079.45,1338.5277,579.8896,1579.2608,327.3836,234.4913,520.5553,313.0124,2660.55,1243.65,607.14
2023-08-14,2096.14,1343.8045,578.8202,1584.459,324.6566,233.2283,521.5542,311.3174,2664.84,1237.11,597.07
2023-08-15,2072.86,1325.4052,568.4193,1578.7669,319.1707,230.7373,512.9712,307.1173,2628.81,1222.94,589.48
2023-08-16,2055.8,1308.5496,567.216,1566.5114,320.6297,227.9566,509.5626,306.2178,2604.33,1208.29,591.36
2023-08-17,2041.06,1287.8326,564.3944,1554.5334,319.559,226.2585,508.6311,307.3062,2571.01,1196.07,585.72
2023-08-18,2039.32,1283.6723,563.6802,1554.3879,320.7998,226.89,508.2,308.5666,2578.86,1201.38,586.11
2023-08-22,2052.5,1299.5794,558.2214,1550.1324,319.7323,225.5336,507.9067,307.088,2568.49,1193.44,582.24
2023-08-23,2077.56,1310.3693,563.4164,1554.7002,321.1774,228.8327,508.8286,308.2391,2597.14,1206.25,593.51
2023-08-24,2046.35,1284.0724,562.0634,1542.8152,319.153,227.8949,506.6221,309.2406,2570.69,1194.87,584.13
2023-08-25,2060.44,1298.2116,563.9896,1552.1365,321.6524,228.5044,507.9898,311.9417,2579.2,1196.69,581.23
2023-08-28,2072.48,1302.9791,567.3078,1555.7604,321.5246,230.2716,511.7253,312.5735,2602.33,1206.8,582.72
2023-08-29,2106.03,1333.6401,572.2772,1568.6739,322.4212,232.9235,520.3124,313.9056,2638.6,1222.82,588.15
2023-08-30,2114.29,1338.0391,572.9651,1568.2087,321.0486,233.7287,521.099,315.48,2644.79,1228.42,585.07
2023-08-31,2113.84,1344.813,570.6809,1549.3097,317.7377,231.9635,520.8441,316.3771,2645.47,1226.89,586.6
2023-09-01,2114.73,1337.5236,575.267,1552.9462,316.0973,231.8005,526.1276,319.178,2669.68,1239.34,591.52
2023-09-05,2112.23,1336.3622,569.764,1538.2773,311.2178,229.5954,516.6265,320.0026,2608.92,1202.64,594.51
2023-09-06,2092.19,1323.3825,568.7948,1528.9295,311.8478,229.0659,514.9034,319.8396,2601.04,1199.86,584.81
2023-09-07,2085.3,1330.0231,567.6577,1536.1795,315.7922,230.6961,512.6228,318.8025,2577.07,1190.03,585.55
2023-09-08,2090.38,1330.4626,568.9956,1535.4923,318.8254,229.254,513.2562,319.6409,2574.53,1185.5,581.13
2023-09-11,2109.2,1367.3088,571.1026,1545.9367,319.8961,229.2996,515.395,321.875,2577.72,1186.34,580.87
2023-09-12,2094.33,1355.0718,575.9413,1543.3526,320.3135,229.2195,514.1411,323.0578,2578.67,1185.37,576.79
2023-09-13,2101.03,1367.2225,575.3645,1543.7169,324.1702,226.8551,511.0895,323.4202,2563.03,1178.52,582.9
2023-09-14,2117.62,1379.2138,580.3683,1547.6157,328.9541,230.7379,518.2524,326.46,2594.48,1197.88,588.08
2023-09-15,2090.26,1353.3108,577.1833,1536.1915,327.3285,229.566,512.6093,325.7451,2567.33,1186.4,590.78
2023-09-18,2092.2,1339.6827,578.9985,1533.4279,327.1561,227.7005,510.411,325.6325,2564.3,1179.58,591.09
2023-09-19,2088.07,1331.0123,578.3595,1534.8899,325.3735,226.4283,509.9139,326.3832,2558.64,1176.48,581.72
2023-09-21,2030.48,1278.5654,565.2426,1521.0218,322.1897,218.8323,494.3392,321.8975,2498.86,1149.96,568.59
2023-09-22,2024.87,1267.4002,561.0498,1518.0913,321.6724,217.2648,493.7152,322.0179,2495.51,1146.45,570.09
2023-09-25,2034.07,1275.8421,561.9008,1526.2721,321.0446,216.8889,497.6672,320.976,2509.96,1151.65,570.17
2023-09-26,2003.67,1249.9765,554.3554,1513.0968,311.2589,213.0261,490.4428,320.776,2471.09,1134.45,557.05
2023-09-27,2002.52,1245.2416,553.244,1505.6123,305.2512,211.2744,490.5241,323.9088,2485.04,1146.15,550.01
2023-09-29,2009.73,1263.996,552.1604,1501.2206,299.1996,213.8205,494.5447,320.7059,2502.12,1151.26,558.88
2023-10-02,2018.85,1267.5988,547.527,1499.6028,285.0895,210.076,488.0803,318.5387,2468.32,1136.25,545.45
2023-10-03,1989.24,1234.7238,538.3829,1485.9632,288.4203,206.0884,486.6319,317.4629,2428.35,1116.45,536.26
2023-10-04,2006.44,1259.1003,542.8314,1492.6954,288.1698,208.4247,492.4434,310.6837,2440.96,1119.48,533.18
2023-10-05,2004.83,1251.9535,544.9109,1500.084,286.5867,209.8221,486.2346,309.8257,2435.86,1117.69,527.9
2023-10-06,2029.6,1260.715,549.3572,1515.2784,290.5111,210.5412,490.8923,312.4302,2455.43,1124.0,533.54
2023-10-10,2049.65,1276.751,553.7917,1528.2049,297.4245,213.9199,496.9219,315.9705,2497.37,1145.92,534.09
2023-10-11,2060.34,1282.9025,554.4106,1521.6987,302.2654,218.2274,498.0769,313.208,2505.33,1147.79,534.65
2023-10-12,2052.14,1270.6631,550.918,1507.5313,297.7463,215.3813,490.5321,314.0461,2457.55,1125.82,528.87
2023-10-13,2038.4,1252.1562,551.9988,1516.7565,300.9978,215.2986,488.7359,320.7465,2442.8,1112.76,529.13
2023-10-16,2059.09,1272.8147,557.6056,1528.1631,304.1524,217.4992,493.2398,319.0791,2482.5,1132.57,533.38
2023-10-17,2054.89,1273.5857,560.6908,1526.1706,303.4189,216.3337,498.2197,319.9249,2511.15,1145.54,537.92
2023-10-18,2028.67,1243.9333,551.1467,1512.501,300.5703,211.6123,485.3781,323.0796,2456.33,1123.99,525.84
2023-10-19,2016.04,1216.5503,544.2736,1497.9409,297.7575,206.4366,480.1312,324.8346,2420.15,1106.56,523.82
2023-10-20,1990.77,1196.3931,535.8525,1492.0061,294.6195,205.3241,473.9622,323.389,2393.28,1093.47,520.74
2023-10-23,1991.06,1198.9527,532.0416,1482.6142,292.1969,203.5856,468.8832,320.5798,2370.67,1083.03,518.93
2023-10-24,2006.93,1211.3928,535.6163,1486.8892,299.7164,206.0125,474.1597,318.8713,2383.64,1090.14,522.9
2023-10-25,1976.43,1182.2927,534.0235,1473.5492,301.175,201.7522,468.7474,320.3363,2346.6,1076.4,518.31
2023-10-26,1943.62,1163.8114,532.8638,1459.165,303.7739,206.0882,472.1093,318.5887,2357.94,1079.69,516.1
2023-10-27,1939.19,1183.5692,522.9302,1434.2651,298.2717,202.7912,471.8325,322.6946,2326.82,1068.8,520.51
2023-10-30,1967.81,1198.5286,531.8476,1442.1077,300.2907,203.4107,476.4767,317.9257,2345.08,1075.56,513.44
2023-10-31,1977.32,1207.0279,537.6715,1451.1643,302.8731,207.5482,478.6377,318.4158,2366.4,1084.1,516.07
2023-11-01,2003.61,1224.3474,541.0676,1453.8554,306.1937,208.6053,479.0956,316.1178,2381.14,1088.94,515.82
2023-11-02,2039.06,1253.6998,554.0587,1476.6254,311.9659,215.0568,488.3159,319.7478,2430.75,1117.89,519.94
2023-11-03,2054.88,1268.8565,561.3861,1484.1859,313.8319,220.1196,495.875,319.2504,2478.34,1148.4,525.25
2023-11-06,2063.4,1271.1969,559.2169,1494.0063,312.948,217.0084,493.3345,319.5281,2455.11,1136.38,519.07
2023-11-07,2073.86,1286.3012,558.5208,1494.6955,310.6609,215.1091,484.0995,312.585,2447.34,1128.55,518.15
2023-11-08,2077.44,1283.0357,558.882,1492.6009,308.3795,216.354,485.3368,309.9778,2436.07,1118.13,514.05
2023-11-09,2059.5,1259.7188,556.5897,1461.2492,304.1108,213.0872,481.2276,310.0209,2409.27,1103.24,514.94
2023-11-10,2093.64,1280.5912,562.9471,1469.9901,305.6817,215.4286,486.804,310.0546,2439.62,1114.51,510.28
2023-11-13,2091.53,1284.3092,562.0691,1478.2952,301.8883,213.6595,486.1185,315.0304,2436.25,1113.75,511.11
2023-11-14,2125.81,1326.9115,573.0017,1488.6185,313.7879,225.0335,500.273,314.8772,2530.27,1174.72,516.95
2023-11-15,2129.89,1326.3888,576.2703,1489.5921,312.7484,225.4004,502.6168,314.2015,2541.96,1177.05,517.97
2023-11-16,2135.26,1314.3166,578.135,1495.291,314.1606,225.468,503.8526,308.002,2515.57,1158.55,518.88
2023-11-17,2135.29,1323.9309,581.3081,1492.4397,314.764,225.0303,504.692,310.6782,2536.78,1171.16,530.5
2023-11-20,2152.94,1330.7833,583.1982,1500.211,313.7885,226.8126,505.4727,314.2129,2546.88,1176.02,532.46
2023-11-21,2146.86,1325.7769,582.9847,1509.337,314.4814,225.7433,507.4718,314.7535,2534.25,1161.64,529.62
2023-11-22,2155.36,1332.3578,585.2685,1517.4868,315.538,226.5711,508.0691,312.5835,2549.05,1167.96,527.94
2023-11-24,2154.14,1334.1388,587.198,1525.2381,316.4997,227.3927,509.7623,309.1454,2560.33,1173.81,532.33
2023-11-27,2150.4,1336.7061,585.545,1515.5484,316.8042,228.2523,509.3273,307.5545,2556.86,1170.05,529.58
2023-11-28,2156.12,1343.8996,584.9549,1507.9178,317.7908,229.4264,510.3335,311.2312,2539.24,1163.97,540.24
2023-11-29,2150.71,1339.1374,589.0876,1508.2117,315.2891,231.1055,512.2474,313.2891,2549.01,1168.05,537.17
2023-11-30,2154.64,1336.9066,595.0938,1527.0963,316.5666,233.0183,517.2017,311.2858,2563.62,1170.66,536.38
2023-12-01,2159.78,1353.9353,599.4672,1532.5735,320.5115,237.9334,522.8379,308.0678,2625.58,1204.52,546.26
2023-12-04,2144.08,1347.6529,599.4596,1535.7577,319.2469,239.2029,516.6278,304.6076,2646.08,1220.24,544.16
2023-12-05,2150.94,1351.9183,596.4293,1533.18,316.6498,238.1159,509.5379,303.1778,2610.62,1201.66,534.17
2023-12-06,2139.86,1351.4352,593.4251,1534.1228,321.0181,237.3091,508.7361,295.6416,2606.37,1199.2,533.97
2023-12-07,2161.1,1363.5414,595.8151,1532.923,320.2506,237.5298,512.1462,296.9223,2620.68,1213.46,534.01
2023-12-08,2171.29,1369.4288,598.7869,1535.6791,319.5587,236.9853,513.8493,299.3334,2632.09,1220.21,537.5
2023-12-11,2171.1,1371.1341,602.8719,1545.1034,321.6803,237.7586,517.4985,298.2621,2645.95,1226.69,530.23
2023-12-12,2182.48,1376.6006,607.1688,1552.2945,320.3701,237.6494,520.4313,294.1185,2640.5,1224.37,522.92
2023-12-13,2206.54,1395.2204,616.93,1580.6177,332.2763,246.1489,526.6554,295.3252,2706.73,1265.38,526.97
2023-12-14,2206.93,1410.2175,622.6749,1571.9582,328.035,252.6093,535.4868,301.2905,2770.93,1302.22,534.26
2023-12-15,2213.6,1416.9622,620.1668,1558.5874,322.3603,249.4698,534.417,302.1985,2745.6,1290.88,530.85
2023-12-18,2227.17,1428.1807,621.041,1561.5282,321.4042,248.5866,534.7446,303.285,2750.43,1287.9,533.55
2023-12-19,2238.83,1438.1998,625.8458,1571.9822,323.2105,250.3176,539.6329,305.3833,2784.41,1314.24,534.52
2023-12-20,2208.07,1413.1058,615.1114,1549.0142,316.8064,247.0302,531.6746,303.9299,2741.51,1291.48,538.82
2023-12-21,2229.11,1433.496,620.4943,1567.6309,317.2171,249.2971,537.0656,303.6201,2778.12,1313.19,551.05
2023-12-22,2230.48,1424.2082,621.9064,1575.2681,318.2841,250.1045,540.4725,304.2513,2787.53,1319.69,557.12
2023-12-27,2241.7,1432.9943,625.932,1586.0323,319.9585,253.2245,544.2313,306.3969,2809.23,1339.63,561.29
2023-12-28,2242.44,1427.1357,628.0989,1589.8606,322.2101,254.5714,541.7208,304.2742,2807.0,1335.95,556.37
2024-01-03,2209.02,1378.5649,623.6733,1616.2101,327.654,247.9505,532.581,303.2599,2708.8,1275.62,550.07
2024-01-04,2199.62,1365.2441,625.1393,1623.7232,326.5775,247.2821,530.8156,303.0109,2704.04,1274.52,551.56
2024-01-05,2204.56,1369.1604,628.4319,1623.3177,327.8371,246.8041,531.9365,304.1003,2712.5,1270.66,551.34
2024-01-08,2238.57,1393.36,632.1827,1636.9598,330.2097,250.328,534.1417,299.3571,2747.49,1291.38,556.15
2024-01-09,2238.11,1391.4746,627.8245,1637.6285,327.7056,248.4905,528.2764,302.8758,2730.51,1276.71,554.42
2024-01-11,2251.96,1404.7459,626.5234,1642.5778,319.8167,246.4448,525.6764,302.2907,2730.59,1272.69,550.29
2024-01-12,2254.39,1390.054,625.0796,1637.7493,321.699,248.3695,526.4023,302.6572,2728.63,1269.9,556.18
2024-01-16,2247.34,1387.2255,621.106,1628.691,318.3228,246.8532,520.1554,302.744,2711.02,1257.04,558.24
2024-01-17,2236.21,1374.5941,619.3687,1624.7539,313.4824,242.2287,515.9905,301.3533,2691.79,1245.11,553.98
2024-01-18,2257.89,1383.0865,620.7846,1624.939,310.1775,240.7481,518.0192,304.1665,2713.64,1256.45,551.18
2024-01-19,2290.09,1397.2296,630.9613,1625.9884,309.7866,243.07,518.5455,304.1091,2740.96,1270.34,552.33
2024-01-22,2291.29,1389.9854,633.6706,1632.1656,308.1931,244.1389,520.0892,306.0511,2771.77,1294.64,551.31
2024-01-23,2301.18,1388.0074,634.5837,1631.2998,308.9018,242.8974,521.7629,307.5276,2761.0,1287.5,551.36
2024-01-26,2316.32,1377.6694,642.8165,1622.2575,311.1036,241.8318,520.0459,313.8167,2763.77,1290.07,550.86
2024-01-30,2330.68,1393.5072,652.4669,1637.3997,312.9667,241.245,525.0715,314.4909,2783.54,1298.63,558.78
2024-01-31,2288.47,1367.6986,644.538,1635.5787,312.0659,239.5354,518.4149,312.7158,2732.18,1265.19,550.36
2024-02-01,2316.8,1394.7271,645.1286,1656.3012,317.9539,243.73,527.0194,309.6579,2767.42,1279.69,561.13
2024-02-02,2352.24,1429.5515,648.0101,1654.3354,312.2097,240.652,524.019,307.4453,2767.15,1273.63,556.95
2024-02-05,2348.36,1410.7453,644.0317,1659.462,305.8661,235.8517,510.7942,308.0975,2736.36,1253.1,548.2
2024-02-06,2351.96,1415.9883,645.8547,1677.4733,306.8159,239.3734,519.4985,309.1349,2749.42,1260.02,548.16
2024-02-07,2373.83,1431.9155,650.3189,1681.8224,306.9841,239.2324,523.7084,310.6729,2762.35,1257.53,547.32
2024-02-08,2372.8,1436.1091,647.1081,1678.9248,304.4361,240.5788,522.7425,314.4169,2787.4,1273.96,549.49
2024-02-09,2388.82,1450.3078,649.1746,1678.0021,305.7249,241.2555,524.1208,315.3486,2808.47,1288.34,546.59
2024-02-14,2373.58,1432.4409,649.7278,1678.4962,305.6441,237.6187,523.9362,310.8008,2804.92,1289.15,548.23
2024-02-15,2381.8,1445.1133,660.4868,1690.3004,310.3636,243.2302,533.7831,312.1072,2854.81,1320.14,552.49
2024-02-20,2353.17,1424.6454,656.1061,1688.3345,309.4273,240.3922,535.2817,311.7325,2807.96,1291.41,551.62
2024-02-21,2356.09,1434.9464,658.1628,1692.7728,313.6471,242.1202,538.3441,315.517,2813.17,1287.81,550.02
2024-02-22,2414.87,1466.3244,666.8884,1713.176,311.224,242.708,543.518,315.681,2855.1,1291.6,553.25
2024-02-23,2413.54,1461.2724,669.0719,1720.7967,313.4204,242.9518,546.6719,311.9446,2858.02,1295.48,548.14
2024-02-26,2402.19,1464.5852,665.9711,1712.1056,306.83,240.1764,543.4624,315.3206,2854.48,1295.74,550.23
2024-02-27,2404.51,1467.3546,667.7431,1707.4428,312.6354,240.2661,545.37,318.6606,2866.76,1306.16,555.72
2024-02-28,2399.02,1472.0439,670.1095,1698.7454,313.5764,243.35,546.579,317.2968,2867.04,1296.76,554.59
2024-02-29,2413.27,1485.305,670.0503,1686.4132,313.7132,245.4115,550.9089,317.1202,2890.67,1305.07,560.11
2024-03-01,2433.39,1491.0235,668.5819,1702.7877,311.4597,248.0716,553.0264,319.5095,2910.66,1311.08,571.6
2024-03-04,2426.58,1472.0293,670.0953,1700.5322,316.5874,250.7175,556.9045,319.8544,2930.66,1303.68,575.34
2024-03-06,2410.14,1447.0835,673.6619,1698.9754,318.8055,248.9791,558.0973,320.9112,2940.49,1301.73,574.91
2024-03-07,2437.71,1459.6556,672.6725,1707.3042,320.7443,248.8594,564.9324,322.0787,2968.54,1312.08,575.53
2024-03-08,2417.53,1452.3936,673.9658,1703.26,321.4106,251.68,561.7863,319.2486,2952.39,1310.75,575.74
2024-03-11,2413.74,1445.2411,675.2797,1702.3641,323.0534,250.4545,568.1556,320.9898,2938.99,1304.52,559.34
2024-03-12,2448.24,1459.5891,678.2952,1710.5451,319.8442,249.5359,567.8254,321.4221,2953.64,1300.92,553.57
2024-03-13,2442.43,1458.025,682.1849,1703.5975,321.9387,248.0332,572.99,324.666,2963.78,1302.3,555.08
2024-03-14,2440.66,1451.6852,677.3187,1696.2868,319.3315,244.0404,569.8136,326.8604,2926.3,1281.5,549.47
2024-03-15,2420.03,1435.1008,676.9517,1690.3403,319.6963,243.8191,570.2552,328.847,2923.76,1287.74,550.9
2024-03-18,2439.52,1443.979,680.3143,1689.9648,321.1781,243.783,571.2106,332.0114,2918.02,1282.45,549.32
2024-03-19,2453.11,1456.4154,683.6138,1701.2587,324.1319,243.7884,571.3665,331.6227,2939.67,1291.26,543.28
2024-03-20,2476.6,1477.5855,692.0974,1697.2987,324.547,244.7265,576.9381,330.1251,2979.59,1312.59,549.88
2024-03-21,2477.85,1484.4311,697.9834,1699.2467,323.8669,245.7881,579.2541,331.3809,3013.24,1327.71,553.17
2024-03-22,2479.42,1475.1323,689.5218,1696.8118,324.3403,242.7402,575.8278,330.4998,2991.26,1311.59,552.31
2024-03-25,2471.47,1471.9726,687.5366,1694.1282,325.8283,241.7281,575.9789,334.3233,2990.63,1307.94,546.9
2024-03-26,2462.46,1471.2936,688.9259,1699.8871,322.1222,240.6373,575.3514,333.073,2985.39,1305.95,548.47
2024-03-27,2478.82,1487.5318,697.3534,1722.0435,330.9864,246.4607,583.6287,331.9044,3034.34,1336.77,558.74
2024-03-28,2478.85,1485.4875,701.3248,1723.9711,333.4881,248.1634,585.1592,336.0347,3046.36,1344.66,563.39
2024-04-01,2477.14,1476.4718,696.9421,1708.8513,331.3425,243.7648,583.6665,338.5979,3024.81,1330.8,569.47
2024-04-02,2460.82,1457.6347,693.8422,1681.161,331.8998,241.0258,581.2979,340.845,2986.19,1307.85,570.52
2024-04-03,2462.25,1460.7993,693.2735,1679.4703,330.5206,241.1661,584.9433,342.0188,2996.31,1314.65,584.88
2024-04-04,2430.4,1443.885,685.1739,1655.9617,329.8642,239.2969,579.0091,343.3921,2964.61,1303.19,578.88
2024-04-05,2459.3,1457.5195,691.3125,1671.0145,331.0154,240.8457,584.35,344.8784,2989.16,1308.66,584.33
2024-04-08,2456.62,1468.414,693.9912,1664.6334,333.1378,242.8168,584.5254,344.9059,3001.92,1316.99,585.5
2024-04-09,2458.83,1475.2089,690.4948,1671.0652,334.9842,245.9482,586.0761,344.0887,3005.12,1323.7,588.17
2024-04-10,2441.59,1457.6126,680.1441,1651.8973,329.1778,235.865,577.0043,345.446,2945.15,1284.79,587.3
2024-04-11,2467.76,1471.2524,676.1775,1643.7931,328.5045,235.9284,576.3968,342.8201,2946.58,1290.71,591.28
2024-04-12,2432.83,1447.5809,666.4469,1618.8653,326.0815,233.4682,566.2144,345.5622,2899.72,1270.05,587.71
2024-04-15,2401.32,1424.1507,663.0487,1615.762,323.1092,229.3262,563.4207,346.0763,2868.88,1258.69,576.67
2024-04-16,2397.84,1416.7805,658.9189,1616.1105,318.7334,225.8165,559.2718,344.5662,2854.87,1251.44,572.57
2024-04-17,2383.54,1408.7647,660.256,1613.2553,325.3707,224.0199,560.4697,341.8381,2831.24,1241.62,571.84
2024-04-18,2378.64,1398.8108,662.893,1613.6492,327.3693,224.0707,560.6498,343.2343,2825.94,1242.69,570.89
2024-04-19,2348.68,1382.1369,671.8166,1618.7796,332.1843,224.9657,560.0273,346.2383,2836.88,1253.8,567.02
2024-04-22,2370.61,1391.2793,679.9062,1625.1134,335.3642,226.6945,560.5842,346.3485,2862.97,1264.07,566.06
2024-04-23,2401.64,1407.7394,684.5472,1645.3459,337.0024,228.6633,555.8976,345.7368,2899.42,1288.16,575.79
2024-04-24,2400.62,1414.7222,683.6852,1641.2082,338.9981,229.6047,556.3282,345.2705,2900.88,1284.75,574.65
2024-04-25,2384.38,1411.8967,680.2331,1630.9672,339.907,228.4089,560.1661,345.9749,2886.89,1274.18,578.33
2024-04-26,2418.31,1430.4858,678.8592,1630.8377,336.0918,228.5697,563.6793,345.0716,2895.24,1284.03,586.55
2024-04-29,2423.93,1459.5735,677.5795,1636.2619,340.7682,231.0343,568.439,343.4349,2912.22,1292.52,590.06
2024-04-30,2385.92,1420.8074,671.0871,1634.442,338.8019,226.7734,558.1614,339.0256,2861.11,1267.94,579.52
2024-05-01,2378.97,1420.5648,670.9849,1638.5877,342.6764,227.0479,560.958,332.0725,2864.35,1272.36,583.95
2024-05-02,2403.32,1443.0507,672.5294,1636.7217,344.4067,230.1662,558.1104,331.3072,2900.7,1291.39,580.42
2024-05-03,2438.86,1453.3334,674.586,1640.4201,347.3642,232.0625,563.6653,333.4115,2929.04,1301.48,581.7
2024-05-06,2465.54,1468.7148,682.4958,1647.6427,348.9354,232.0057,567.2375,334.8348,2970.04,1315.17,590.1
2024-05-07,2466.2,1460.5215,684.6862,1661.0089,352.8361,234.4777,573.8595,337.1747,2975.87,1317.61,593.24
2024-05-08,2467.9,1454.5852,687.4145,1655.4502,356.5389,232.3642,571.3101,336.5662,2967.91,1314.73,590.02
2024-05-09,2476.47,1464.5837,692.134,1668.555,361.9502,237.7303,577.4696,337.7576,2996.37,1329.76,595.95
2024-05-10,2479.8,1455.722,695.2902,1672.256,361.3621,236.7833,578.2108,337.2011,2993.96,1324.38,597.36
2024-05-13,2482.07,1452.5575,692.4233,1670.664,361.3145,237.4729,577.7562,335.2806,2991.17,1326.22,596.85
2024-05-14,2495.51,1458.9269,695.7541,1677.9335,362.0614,239.1063,578.2104,334.9635,3020.39,1340.43,599.88
2024-05-15,2525.38,1458.8712,700.7532,1702.0642,367.1471,243.1377,579.1427,338.0364,3040.28,1345.71,601.87
2024-05-16,2520.31,1447.8688,700.5814,1700.2863,365.8061,242.7814,574.9028,338.1041,3014.57,1340.8,603.27
2024-05-17,2522.63,1454.9198,704.8374,1703.0045,365.85,242.7628,579.7865,342.5391,3016.25,1338.69,615.17
2024-05-21,2535.72,1451.4852,700.234,1700.978,368.6242,240.9794,580.5699,345.3142,3014.51,1336.58,620.52
2024-05-23,2515.21,1417.3437,686.237,1686.0263,358.0455,233.7545,569.7989,342.8763,2951.94,1308.74,601.83
2024-05-24,2533.13,1427.9758,690.9175,1680.716,361.5988,233.7863,574.7909,343.5071,2976.67,1320.59,607.95
2024-05-29,2529.54,1418.7025,677.5358,1646.4976,356.4103,230.1697,564.3721,347.6762,2919.56,1299.77,609.02
2024-05-30,2505.29,1421.3092,681.6398,1647.7017,361.4278,233.647,569.0458,342.3119,2949.54,1315.53,614.96
2024-05-31,2521.65,1423.5114,691.2752,1670.8787,367.4737,237.9976,575.2656,339.045,2982.86,1329.65,610.87
2024-06-03,2532.44,1425.5299,687.1339,1683.2118,362.8335,237.1641,571.7683,337.9501,2959.94,1323.95,605.92
2024-06-04,2540.36,1427.9925,684.1105,1688.813,362.7476,239.4076,564.7972,334.698,2921.01,1305.4,595.43
2024-06-05,2573.1,1437.5138,685.6345,1696.0887,360.6324,239.0664,568.8639,336.4373,2951.62,1319.34,599.86
2024-06-06,2575.4,1451.4739,685.6534,1701.6361,356.9117,239.5259,569.3413,341.9911,2943.22,1310.9,601.98
2024-06-07,2574.84,1445.2937,688.0488,1703.4435,353.0253,237.4617,563.6006,339.0463,2920.7,1296.43,588.25
2024-06-10,2579.62,1452.6799,685.3354,1708.5354,357.5315,238.5218,562.9989,340.9826,2926.28,1290.42,586.94
2024-06-11,2591.84,1449.542,677.0406,1702.6293,355.2605,237.8686,562.6759,342.6246,2913.87,1285.01,577.16
2024-06-12,2614.93,1461.7809,677.6329,1699.1718,352.8819,239.4956,563.9051,345.4728,2951.97,1306.19,583.25
2024-06-13,2626.19,1458.789,676.2848,1698.4493,353.6953,240.6638,563.8037,346.102,2935.16,1292.9,575.2
2024-06-14,2632.35,1449.1251,674.2892,1696.6378,352.7884,240.292,558.5171,344.2813,2895.31,1272.44,574.09
2024-06-17,2651.51,1469.9192,679.7457,1693.2219,348.7765,238.6136,562.399,343.3104,2921.19,1284.18,572.93
2024-06-20,2648.48,1470.3565,687.8923,1701.3779,351.9519,238.8698,562.3391,346.1676,2920.88,1281.0,572.43
2024-06-21,2642.48,1485.2878,685.7266,1706.4812,350.0572,239.5231,562.772,343.6809,2931.86,1282.37,570.71
2024-06-24,2627.66,1474.3094,692.2708,1715.8632,354.4293,241.1992,565.9115,345.6628,2950.53,1290.85,563.81
2024-06-25,2646.7,1470.1588,686.5542,1710.6062,350.9567,237.7905,558.6384,342.5245,2921.28,1279.85,564.57
2024-06-26,2658.96,1499.3145,683.3155,1704.5202,349.6147,237.4822,558.3516,341.6728,2912.39,1279.83,565.58
2024-06-28,2645.21,1492.1388,684.2624,1700.3283,346.3305,241.1737,556.5015,340.8148,2930.09,1296.98,569.82
2024-07-03,2699.78,1535.1146,692.5755,1671.8653,347.6307,239.6459,553.2388,345.2268,2917.86,1292.2,576.27
2024-07-05,2720.89,1548.1192,690.6142,1684.0072,348.2788,240.4179,553.9544,344.6302,2895.8,1282.79,585.76
2024-07-09,2728.84,1552.0272,694.0318,1689.6148,349.4953,240.9922,549.8738,340.7846,2887.47,1281.24,575.57
2024-07-10,2757.75,1562.1754,696.9403,1706.1336,352.7971,242.7486,557.2158,340.5137,2922.47,1295.47,583.26
2024-07-15,2735.99,1549.2139,714.3785,1721.1284,353.2196,251.9281,568.6779,339.2097,3039.16,1369.37,594.55
2024-07-16,2743.9,1572.5483,723.121,1746.0095,355.9504,254.5317,579.8072,336.2073,3115.02,1418.3,599.14
2024-07-18,2682.12,1524.5537,719.9328,1714.2167,355.8476,254.5001,572.7645,336.0712,3036.85,1389.97,578.85
2024-07-19,2661.46,1512.321,712.7076,1722.7855,356.2429,254.1909,567.7552,329.9559,3015.3,1380.44,580.09
2024-07-22,2689.98,1525.5032,717.2458,1732.5722,359.3381,256.6769,569.6663,333.3176,3052.57,1400.98,582.05
2024-07-24,2616.73,1466.3292,709.2832,1746.0926,361.1173,252.8018,564.6291,329.4867,2998.48,1384.75,576.92
2024-07-25,2599.04,1460.1034,711.2657,1736.1103,357.9526,251.3599,566.0652,329.4601,3025.55,1403.96,573.64
2024-07-26,2625.69,1477.2155,721.8384,1745.9792,361.4925,255.5565,575.563,326.8045,3074.96,1429.35,579.33
2024-07-29,2627.17,1498.1625,720.3005,1747.5948,363.1001,257.1414,576.5576,324.0472,3069.72,1419.57,574.37
2024-07-31,2656.65,1516.5808,727.4673,1742.6654,369.6428,258.3347,580.5087,327.8992,3098.13,1435.83,582.58
2024-08-01,2618.9,1482.3874,717.4281,1761.0779,376.4923,262.4167,578.4963,322.6065,3033.05,1397.24,572.64
2024-08-02,2571.67,1414.0065,700.0405,1757.3926,377.0115,262.6542,567.5929,318.5722,2948.01,1350.34,555.56
2024-08-06,2508.52,1384.8683,689.6205,1718.329,369.8897,260.7466,557.7271,318.7761,2897.03,1323.1,542.67
2024-08-07,2488.91,1364.9066,690.0752,1699.9528,371.9192,258.6627,549.9454,323.006,2873.46,1308.46,533.73
2024-08-08,2548.4,1394.0165,701.2782,1738.4364,372.4851,260.9647,558.6258,323.397,2936.4,1338.73,541.59
2024-08-09,2562.48,1399.6796,703.8725,1746.4079,373.4644,262.24,558.0839,325.7677,2935.55,1336.33,537.59
2024-08-12,2566.84,1394.6327,700.3986,1739.5934,374.0662,260.5481,555.6707,330.107,2916.03,1319.93,540.65
2024-08-13,2616.96,1428.4215,706.3351,1760.9686,376.0238,262.403,561.3977,326.3877,2954.65,1342.13,545.66
2024-08-14,2626.7,1422.6029,715.4157,1768.8502,375.6566,263.4262,561.4136,325.4306,2953.52,1336.41,548.29
2024-08-15,2672.43,1470.6339,722.0143,1779.4115,375.5832,262.53,569.8644,327.6761,3009.12,1367.02,558.32
2024-08-16,2679.6,1472.6624,726.5035,1779.9849,377.072,262.4333,570.5334,325.4732,3011.38,1370.44,566.41
2024-08-19,2708.31,1489.3895,730.9203,1791.1103,379.3092,264.118,573.4113,326.7328,3038.84,1382.25,573.03
2024-08-20,2705.23,1489.1158,728.5118,1797.7232,378.3718,264.2795,571.2056,326.8204,3011.7,1365.8,571.34
2024-08-21,2712.63,1506.6302,727.5115,1801.7756,381.1719,265.1397,577.7894,325.6712,3050.74,1382.23,577.83
2024-08-22,2682.33,1478.4372,730.9712,1801.3698,380.5187,266.6242,576.3927,324.8504,3030.07,1370.97,571.27
2024-08-23,2714.22,1503.5733,737.6327,1810.7185,381.6371,271.9581,584.1714,329.6821,3096.25,1412.16,578.03
2024-08-26,2704.64,1491.4348,739.9445,1808.633,383.9547,271.6321,586.4374,333.6681,3085.56,1410.16,577.52
2024-08-28,2689.81,1468.8873,745.786,1812.6417,381.0877,271.3479,584.122,328.6011,3059.57,1398.8,565.72
2024-08-29,2684.51,1471.8396,752.1137,1816.4936,383.17,270.2577,587.3774,331.3293,3068.98,1405.47,567.92
2024-08-30,2712.66,1500.1576,759.2083,1829.7093,385.5091,272.9011,593.3914,328.0037,3091.52,1412.57,567.91
2024-09-03,2650.1,1479.2984,753.8135,1825.7821,385.0004,273.6302,579.7804,323.1783,3011.81,1371.84,555.09
2024-09-04,2645.12,1478.4908,754.4743,1823.1971,388.2726,274.3158,577.0232,320.2041,3002.61,1368.94,552.41
2024-09-05,2642.13,1499.3279,746.6646,1797.859,387.2064,273.305,572.3894,321.4467,2980.86,1361.66,550.28
2024-09-06,2589.43,1457.2487,734.9366,1790.6526,383.5795,273.3238,564.662,316.2741,2939.41,1338.28,545.22
2024-09-11,2672.96,1521.4842,735.0613,1807.3876,390.3785,280.6963,572.1884,319.4532,2959.84,1333.68,560.91
2024-09-12,2695.73,1538.9465,735.9654,1813.0053,391.0287,280.9864,577.3677,323.7961,2983.36,1350.23,570.6
2024-09-18,2696.29,1548.428,749.2468,1805.813,396.0565,280.0173,586.4512,332.1699,3071.94,1401.52,576.21
2024-09-23,2748.02,1602.8088,756.571,1801.3832,408.2962,282.0644,596.5009,337.5091,3119.45,1415.82,588.2
2024-09-24,2757.46,1615.0301,749.617,1797.379,405.2064,281.8838,604.5651,341.6673,3118.94,1415.88,597.11
2024-09-25,2756.37,1608.9707,745.1323,1780.5364,407.3977,280.7542,600.932,340.0102,3089.02,1397.26,591.41
2024-09-26,2763.95,1611.1538,749.174,1786.2821,404.4592,277.8162,612.7577,338.2389,3115.7,1407.55,594.33
2024-09-27,2757.25,1609.9188,751.7857,1785.5782,408.552,278.3354,611.3617,339.8337,3119.24,1418.14,583.14
2024-09-30,2772.0,1605.4118,754.1554,1796.4786,410.2801,280.4642,607.7034,338.7752,3121.94,1422.09,581.12
2024-10-01,2741.84,1597.2498,750.0435,1787.3995,413.5859,278.6182,605.7483,340.5172,3094.7,1402.35,587.09
2024-10-02,2742.23,1584.8424,750.7598,1783.7455,413.8017,277.5797,603.7645,341.4665,3097.18,1396.28,590.17
2024-10-03,2740.05,1564.6302,747.3746,1767.6415,413.704,274.8656,596.8084,346.2834,3088.21,1385.97,589.92
2024-10-04,2768.11,1589.9677,759.611,1769.0546,413.0138,273.0851,599.275,346.9194,3118.26,1407.46,595.26
2024-10-07,2740.52,1559.4456,750.1937,1760.4352,403.4248,271.0942,598.2478,349.3374,3095.23,1393.31,592.25
2024-10-08,2772.28,1575.6313,754.4467,1769.9939,403.6525,271.8522,596.0488,341.8974,3096.61,1392.05,587.61
2024-10-09,2791.03,1587.0784,760.9952,1788.102,400.0782,271.9207,599.8468,340.5906,3117.6,1396.48,590.84
2024-10-10,2786.51,1583.0034,758.552,1781.797,398.8357,269.515,601.1109,345.9725,3103.71,1387.33,595.81
2024-10-11,2796.96,1576.5241,773.3463,1794.8682,402.3927,272.3601,605.3292,346.4493,3153.59,1412.05,605.43
2024-10-15,2798.13,1583.5094,779.8594,1781.6207,409.4002,277.5963,608.3179,336.9378,3164.12,1422.54,600.42
2024-10-16,2809.89,1588.5794,789.4071,1786.576,417.7341,280.4079,613.3692,335.68,3193.12,1442.34,606.64
2024-10-17,2811.92,1588.6,791.9587,1776.1352,413.8624,278.502,614.1036,335.6572,3197.94,1439.82,608.9
2024-10-18,2823.5,1595.7807,792.1229,1784.6987,416.1585,280.5382,616.9718,333.1245,3198.21,1435.16,621.67
2024-10-21,2825.84,1585.5379,785.1484,1763.4674,414.6739,274.6976,612.0217,335.0593,3160.23,1410.18,623.01
2024-10-22,2830.94,1581.2099,784.2401,1760.698,413.0303,275.1279,606.7523,338.8774,3139.31,1401.99,627.31
2024-10-23,2797.71,1552.437,783.2674,1752.5827,417.2225,277.9414,604.6188,337.9722,3122.46,1393.23,612.72
2024-10-24,2806.39,1602.7378,783.8577,1740.7384,414.265,278.544,596.0515,336.746,3127.72,1397.61,621.07
2024-10-25,2809.85,1610.513,775.6574,1731.5231,408.2209,276.4331,592.2547,339.5316,3107.51,1390.67,619.91
2024-10-28,2816.83,1612.481,784.4832,1733.7405,411.4283,277.1996,596.9726,331.344,3138.83,1411.78,617.15
2024-10-29,2824.74,1609.2604,779.7014,1728.7497,402.6617,274.5904,592.9831,332.1325,3142.13,1405.96,619.73
2024-10-30,2813.93,1609.4441,782.9659,1725.5034,401.7107,275.6553,595.1942,334.4685,3138.39,1405.99,613.4
2024-10-31,2755.99,1580.2412,773.4149,1711.496,405.9033,270.8975,586.1428,334.0403,3098.0,1383.6,601.43
2024-11-01,2770.98,1618.2163,774.2759,1721.6748,396.7365,267.9443,585.0205,333.5747,3102.85,1389.31,603.95
2024-11-05,2790.65,1637.7503,776.3808,1722.7437,397.7067,274.6688,588.9532,338.7694,3155.85,1424.37,603.72
2024-11-06,2864.01,1697.056,824.2199,1725.3695,393.8227,267.4279,596.0044,336.1752,3286.71,1511.13,602.11
2024-11-08,2897.66,1741.5121,817.1197,1748.6349,401.4786,275.1106,593.5463,336.5519,3297.36,1508.36,609.24
2024-11-11,2896.24,1772.0745,828.6524,1738.2726,402.6861,272.8967,590.4852,333.3679,3325.88,1531.42,601.39
2024-11-12,2892.71,1752.6398,826.0048,1714.9699,398.1434,269.3829,581.2172,333.9714,3292.33,1507.82,597.7
2024-11-13,2893.5,1772.7022,826.5176,1709.7925,397.1783,271.3432,582.3791,335.0757,3274.73,1495.48,593.72
2024-11-14,2879.49,1745.4779,824.3581,1683.5023,395.6572,268.8134,578.3192,335.404,3243.12,1476.62,590.51
2024-11-15,2835.36,1721.7011,828.7518,1651.8147,401.4593,269.2471,573.7674,334.4957,3207.52,1462.97,591.22
2024-11-18,2846.65,1736.2977,830.6238,1651.8252,404.364,271.5157,577.986,339.7504,3213.6,1462.51,594.17
2024-11-20,2859.89,1733.6839,823.0189,1663.3587,407.3453,272.2376,580.5013,342.5033,3233.23,1468.01,596.25
2024-11-21,2864.32,1728.4575,833.4858,1677.193,414.4827,273.9867,587.4692,345.0369,3286.84,1492.33,599.11
2024-11-22,2869.08,1748.8974,842.6968,1678.6113,411.7484,276.2813,590.683,346.9818,3341.77,1517.34,606.17
2024-11-25,2873.29,1766.2535,847.867,1693.6462,412.5674,279.8173,596.2618,344.229,3390.26,1544.66,602.93
2024-11-26,2894.94,1782.1689,849.6124,1701.2382,419.0094,281.2865,592.2454,344.8862,3375.28,1530.97,599.78
2024-11-29,2902.89,1789.4365,851.9797,1713.7121,418.7242,281.6861,594.6245,343.721,3366.18,1532.61,614.26
2024-12-02,2916.81,1808.4078,844.3122,1711.4732,410.0107,277.6289,593.4559,340.9794,3357.3,1537.44,613.01
2024-12-03,2923.16,1810.817,838.0199,1708.3036,406.4084,275.9282,591.4917,342.7357,3347.44,1525.99,620.72
2024-12-04,2946.79,1832.4703,834.7394,1707.0539,406.4963,275.1012,586.2368,342.0295,3356.97,1531.51,617.5
2024-12-06,2959.66,1894.1893,836.8502,1678.6302,402.6579,274.2061,576.5536,343.2936,3331.37,1510.7,610.22
2024-12-09,2942.64,1887.8813,825.0722,1682.3618,397.4303,274.4574,575.6708,346.6857,3314.3,1506.96,614.75
2024-12-10,2939.68,1890.5519,824.2008,1674.612,394.1621,269.9824,570.2859,348.4175,3291.82,1502.18,612.67
2024-12-11,2971.92,1928.8154,826.3297,1652.7765,391.9116,269.3317,568.1583,352.3056,3313.03,1510.82,616.6
2024-12-13,2958.64,1920.6982,820.7336,1639.1841,391.7933,267.5452,559.7919,352.7305,3277.2,1488.63,607.84
2024-12-16,2977.71,1954.201,820.4129,1618.7052,388.5616,265.9415,554.3069,351.969,3274.95,1494.05,601.25
2024-12-17,2971.6,1959.7208,814.7528,1617.8364,387.0716,264.5205,551.6388,349.2673,3237.0,1473.23,597.25
2024-12-18,2884.51,1866.842,790.0919,1595.5742,377.8141,254.0195,535.6851,350.6071,3112.54,1414.03,582.31
2024-12-20,2915.83,1870.8751,804.2929,1603.1049,385.4293,254.2644,536.5327,350.9137,3124.28,1416.89,586.77
2024-12-23,2942.74,1878.6467,806.6091,1619.7582,386.9435,255.5236,535.8775,349.8433,3134.42,1415.04,589.84
2024-12-24,2978.45,1927.8729,816.3048,1626.3611,389.0982,257.3507,539.1297,352.9599,3157.94,1428.16,596.26
2024-12-27,2940.2,1879.21,811.3973,1620.6384,386.9147,255.1471,535.0631,350.3913,3138.61,1416.54,597.87
2024-12-30,2907.78,1849.3137,803.8704,1600.9592,385.4181,253.9958,527.8952,356.7704,3117.08,1406.35,593.4
2024-12-31,2890.23,1831.1637,804.4371,1604.7491,384.948,255.9249,529.7728,356.8077,3120.94,1408.17,597.84
2025-01-02,2882.83,1807.9828,802.7675,1604.9832,387.768,253.3562,523.7391,359.6026,3114.26,1404.91,617.35
2025-01-03,2919.69,1851.8058,809.1147,1620.8216,392.0306,256.7946,523.8884,356.9928,3152.14,1422.22,623.29
2025-01-06,2942.34,1863.1235,805.7336,1620.5219,387.7354,253.1884,527.3228,359.7216,3156.37,1420.41,618.19
2025-01-07,2901.47,1821.9325,804.4871,1629.9663,386.6127,251.3586,527.2357,360.1806,3137.11,1411.16,612.91
2025-01-08,2903.25,1826.3491,806.9295,1638.6395,386.5745,252.4679,529.8173,357.943,3143.31,1410.87,610.13
2025-01-10,2857.98,1808.5705,787.1599,1629.2142,384.3602,246.2626,524.6298,368.357,3099.47,1381.94,608.42
2025-01-13,2858.43,1817.1709,792.5772,1649.9472,379.776,249.3428,536.2517,372.1617,3124.47,1388.52,600.77
2025-01-14,2851.78,1811.3067,802.747,1634.3727,384.7018,251.5391,542.9121,370.166,3161.3,1407.67,603.53
2025-01-16,2890.11,1849.1459,828.3454,1645.2335,400.3705,258.2873,552.2756,375.0997,3226.69,1434.41,608.44
2025-01-17,2925.33,1880.8036,835.1919,1634.1401,400.7558,258.1798,556.1429,374.8176,3239.76,1441.99,616.34
2025-01-21,2945.49,1899.734,842.1957,1661.113,406.9676,262.9055,563.1728,372.3304,3292.74,1465.1,614.17
2025-01-22,2972.08,1898.4434,838.7221,1656.9122,398.1117,258.2726,558.7339,372.9971,3278.7,1452.88,618.05
2025-01-23,2989.86,1906.1058,843.7388,1679.2361,399.966,260.396,561.559,373.011,3278.42,1458.26,616.94
2025-01-24,2980.92,1895.7667,845.5822,1681.5044,404.2252,261.2097,560.2511,373.6306,3275.64,1455.3,621.25
2025-01-27,2930.72,1901.3702,855.2062,1718.3441,394.8183,263.8212,560.6398,368.3435,3239.68,1450.31,602.84
2025-01-28,2970.92,1907.7449,853.4697,1706.9243,389.3487,260.5406,558.6757,369.4598,3244.31,1450.61,609.43
2025-01-29,2955.1,1898.2569,853.2455,1697.1833,390.0817,257.4394,557.5478,371.1394,3231.09,1444.83,613.59
2025-01-30,2963.38,1909.7583,861.2942,1716.8084,398.4211,260.9466,563.149,369.7416,3268.37,1460.39,627.93
2025-01-31,2951.07,1911.5688,855.9063,1710.7587,395.9304,260.3689,559.0255,368.0472,3239.04,1448.24,623.75
2025-02-03,2923.95,1885.8034,852.2594,1717.5734,397.77,259.8252,559.3134,372.9565,3199.54,1427.06,620.67
2025-02-04,2950.25,1912.8517,849.9077,1712.9559,394.2579,259.8401,560.8832,373.4719,3218.76,1444.29,636.57
2025-02-06,2970.77,1890.8707,866.2473,1714.2138,398.0962,264.7605,562.5764,371.3331,3247.51,1451.12,639.51
2025-02-07,2936.08,1843.1834,861.1302,1705.4493,396.8898,263.6602,555.8696,371.4419,3206.6,1431.31,639.28
2025-02-10,2956.85,1852.3101,854.353,1704.4859,401.1192,264.152,558.7364,377.0033,3208.33,1431.61,642.94
2025-02-11,2961.7,1829.5661,856.5966,1700.7455,403.0975,265.6218,561.7366,378.7647,3194.1,1430.27,634.54
2025-02-12,2958.76,1824.1105,853.048,1698.8393,402.5269,263.195,557.9054,376.575,3171.79,1411.71,641.62
2025-02-13,2991.66,1853.2959,859.2262,1705.5811,403.109,265.4061,567.4473,378.5677,3201.07,1432.13,647.92
2025-02-14,2994.41,1848.319,860.4496,1686.5684,401.0474,264.2347,565.5942,377.2643,3198.61,1429.84,640.26
2025-02-18,2993.76,1838.782,867.0585,1682.1997,404.8129,265.2987,572.5356,381.6218,3226.06,1437.3,641.9
2025-02-19,3003.15,1839.3908,866.7652,1703.3602,406.6279,265.7326,565.8929,382.992,3208.6,1431.69,638.8
2025-02-20,2990.99,1819.1539,853.3084,1712.7876,406.6996,267.5563,564.412,382.9757,3178.33,1416.92,644.1
2025-02-24,2923.7,1753.2881,847.0665,1717.5356,404.5576,266.3519,553.2383,373.3206,3097.84,1372.93,626.83
2025-02-25,2904.76,1738.6225,846.1982,1732.2285,402.4931,269.4019,557.6825,371.0006,3096.64,1374.44,616.63
2025-02-26,2903.94,1731.8648,844.3863,1720.3562,403.9976,267.8172,557.2814,369.4524,3101.69,1371.68,629.86
2025-02-27,2851.53,1700.9491,849.2274,1713.3001,394.9978,268.8725,553.4202,370.5242,3064.91,1351.8,615.84
2025-02-28,2901.77,1731.515,866.8417,1734.2783,400.568,271.0461,558.1818,365.4758,3095.15,1363.73,614.64
2025-03-03,2842.46,1691.5667,859.3907,1740.4288,401.3261,273.1424,546.5085,363.7302,3025.61,1331.17,595.24
2025-03-04,2810.6,1663.3573,829.0018,1724.3154,394.4713,269.8368,538.9592,364.9343,2978.52,1311.02,594.07
2025-03-06,2792.43,1642.8352,820.2739,1736.8496,383.7388,264.9858,550.2053,364.8193,2967.49,1307.82,605.24
2025-03-07,2806.98,1637.7985,815.533,1737.2989,390.8112,266.5701,551.5883,367.2489,2987.09,1315.05,614.3
2025-03-10,2720.67,1573.9115,796.8434,1718.2559,394.8668,263.8443,539.9227,366.5061,2921.74,1282.77,594.74
2025-03-11,2702.24,1569.8197,790.0063,1698.9255,391.2588,261.1138,535.5421,367.3066,2908.6,1277.05,601.89
2025-03-12,2721.59,1585.7903,791.5661,1681.6453,389.8219,260.1137,533.1304,368.3496,2905.17,1271.02,613.98
2025-03-13,2680.52,1544.9039,787.2064,1673.1244,390.8721,254.9056,532.4115,367.467,2858.41,1248.88,613.17
2025-03-18,2711.98,1541.3333,813.6617,1706.9819,397.2377,262.1886,545.0506,368.9765,2946.61,1284.15,631.34
2025-03-19,2743.16,1570.5998,822.1471,1707.2358,398.4086,262.3802,546.8847,371.7377,2982.91,1301.79,638.43
2025-03-20,2738.2,1567.5912,823.7303,1709.1581,400.064,262.135,543.491,373.1142,2960.8,1295.33,640.78
2025-03-25,2806.33,1657.6644,839.3411,1694.7862,390.9929,259.9632,544.9082,372.2391,3009.58,1312.22,646.63
2025-03-26,2766.49,1630.0622,837.2978,1688.5981,393.7399,261.302,545.8867,372.9857,2991.1,1305.26,638.06
2025-03-27,2757.51,1631.561,835.3881,1691.7379,393.5972,260.6418,545.7264,372.9802,2969.38,1299.52,640.42
2025-03-28,2697.03,1578.241,819.2021,1687.0632,396.5851,260.61,536.2605,372.8002,2915.07,1271.75,633.63
2025-03-31,2709.78,1575.3952,829.4551,1702.261,400.8095,262.8976,541.9801,375.8892,2919.22,1277.06,628.3
2025-04-03,2600.69,1520.7015,793.6561,1669.6827,401.3444,256.4971,525.0302,369.0275,2783.05,1206.84,614.28
2025-04-07,2444.55,1444.47,733.9199,1568.4332,373.1452,238.7703,483.8805,344.1981,2619.16,1140.24,567.42
2025-04-08,2405.92,1407.8289,730.9182,1551.8317,371.3355,232.8975,469.5444,340.3461,2560.93,1106.12,561.76
2025-04-09,2651.36,1567.7655,786.4218,1619.125,385.8598,246.2722,510.0498,350.4412,2798.78,1203.93,598.66
2025-04-10,2554.28,1503.2183,763.6808,1574.101,383.44,241.1626,494.7585,346.9301,2684.43,1150.2,592.38
2025-04-11,2603.0,1519.6503,776.4305,1596.9637,387.9801,244.2542,509.529,353.403,2722.55,1164.74,615.8
2025-04-14,2619.29,1518.1187,784.4451,1615.8007,394.7768,249.5083,515.085,352.7498,2754.71,1177.68,628.33
2025-04-16,2545.23,1465.4315,773.909,1588.5617,391.2703,249.6968,507.8715,356.387,2721.92,1162.54,638.87
2025-04-17,2544.12,1470.4964,776.0568,1578.4444,395.2856,253.7323,511.2965,360.9058,2744.39,1174.88,633.83
2025-04-22,2545.83,1474.5756,784.3235,1572.6516,396.485,253.6251,514.8421,362.2465,2749.19,1180.65,630.8
2025-04-23,2594.78,1515.337,793.6124,1581.0747,398.1096,253.9498,514.9398,360.2344,2785.92,1195.47,635.43
2025-04-24,2650.8,1549.5449,802.4928,1600.6234,398.8374,254.5921,525.3612,362.9698,2843.73,1219.35,650.35
2025-04-25,2679.84,1579.8426,799.1581,1608.7197,397.3294,254.273,521.5352,363.7853,2831.67,1219.01,653.82
2025-04-28,2678.36,1578.3545,801.6783,1614.7277,400.1166,256.0133,522.3388,363.2084,2842.82,1223.23,653.18
2025-04-29,2692.86,1587.6267,809.4197,1622.5836,402.9407,257.9149,527.1707,358.7954,2856.31,1230.38,654.81
2025-04-30,2694.73,1570.0798,811.1067,1637.0379,400.9923,259.3693,529.8607,352.1842,2851.6,1222.38,653.62
2025-05-01,2719.19,1585.6928,810.4663,1591.3525,402.2088,259.7601,527.2118,353.103,2864.21,1229.95,646.15
2025-05-02,2756.5,1604.6456,827.9042,1613.8954,405.0527,263.0073,535.9782,354.127,2932.01,1257.83,656.4
2025-05-05,2733.9,1583.5022,821.6737,1608.2907,403.8755,262.62,532.4639,351.8756,2925.39,1247.52,656.04
