Date,Instrument,Close Price
2005-01-03,.5SP10,279.5405
2005-01-04,.5SP10,277.7718
2005-01-05,.5SP10,276.7112
2005-01-06,.5SP10,281.2724
2005-01-07,.5SP10,278.9963
2005-01-10,.5SP10,280.6615
2005-01-11,.5SP10,280.4939
2005-01-12,.5SP10,285.2473
2005-01-13,.5SP10,286.3388
2005-01-14,.5SP10,288.8447
2005-01-14,.5SP10,288.8447
2005-01-18,.5SP10,291.6829
2005-01-19,.5SP10,290.1979
2005-01-20,.5SP10,287.5853
2005-01-21,.5SP10,287.3642
2005-01-24,.5SP10,290.3108
2005-01-25,.5SP10,291.6809
2005-01-26,.5SP10,294.3461
2005-01-27,.5SP10,296.347
2005-01-28,.5SP10,293.3885
2005-01-31,.5SP10,296.4723
2005-02-01,.5SP10,302.6956
2005-02-02,.5SP10,306.6883
2005-02-03,.5SP10,308.9357
2005-02-04,.5SP10,311.186
2005-02-07,.5SP10,309.6228
2005-02-08,.5SP10,311.5987
2005-02-09,.5SP10,310.9409
2005-02-10,.5SP10,318.0544
2005-02-11,.5SP10,319.3362
2005-02-14,.5SP10,320.9493
2005-02-15,.5SP10,321.4468
2005-02-16,.5SP10,330.2218
2005-02-17,.5SP10,326.5332
2005-02-18,.5SP10,333.7103
2005-02-18,.5SP10,333.7103
2005-02-22,.5SP10,330.1736
2005-02-23,.5SP10,335.2849
2005-02-24,.5SP10,342.5901
2005-02-25,.5SP10,351.7439
2005-02-28,.5SP10,350.6769
2005-03-01,.5SP10,343.4805
2005-03-02,.5SP10,347.7103
2005-03-03,.5SP10,352.1276
2005-03-04,.5SP10,356.0434
2005-03-07,.5SP10,353.2697
2005-03-08,.5SP10,352.9035
2005-03-09,.5SP10,342.1929
2005-03-10,.5SP10,336.981
2005-03-11,.5SP10,339.2123
2005-03-14,.5SP10,341.7349
2005-03-15,.5SP10,336.7652
2005-03-16,.5SP10,337.4965
2005-03-17,.5SP10,343.2747
2005-03-18,.5SP10,348.1278
2005-03-21,.5SP10,345.196
2005-03-22,.5SP10,340.2357
2005-03-23,.5SP10,334.5018
2005-03-24,.5SP10,332.6492
2005-03-24,.5SP10,332.6492
2005-03-28,.5SP10,332.6781
2005-03-29,.5SP10,328.0806
2005-03-30,.5SP10,332.9037
2005-03-31,.5SP10,337.8818
2005-04-01,.5SP10,345.2544
2005-04-04,.5SP10,343.1221
2005-04-05,.5SP10,338.8508
2005-04-06,.5SP10,344.7378
2005-04-07,.5SP10,343.3472
2005-04-08,.5SP10,337.7931
2005-04-11,.5SP10,339.789
2005-04-12,.5SP10,336.3589
2005-04-13,.5SP10,328.5434
2005-04-14,.5SP10,327.0437
2005-04-15,.5SP10,314.4648
2005-04-18,.5SP10,319.9886
2005-04-19,.5SP10,327.2813
2005-04-20,.5SP10,320.5642
2005-04-21,.5SP10,331.0439
2005-04-22,.5SP10,332.4929
2005-04-25,.5SP10,336.4245
2005-04-26,.5SP10,331.4156
2005-04-27,.5SP10,324.0828
2005-04-28,.5SP10,315.6812
2005-04-29,.5SP10,319.9169
2005-05-02,.5SP10,325.5084
2005-05-03,.5SP10,318.1168
2005-05-04,.5SP10,321.7972
2005-05-05,.5SP10,324.811
2005-05-06,.5SP10,323.9858
2005-05-09,.5SP10,327.7931
2005-05-10,.5SP10,322.754
2005-05-11,.5SP10,324.1729
2005-05-12,.5SP10,310.1506
2005-05-13,.5SP10,304.8916
2005-05-16,.5SP10,302.9584
2005-05-17,.5SP10,307.5862
2005-05-18,.5SP10,306.9237
2005-05-19,.5SP10,312.652
2005-05-20,.5SP10,309.6003
2005-05-23,.5SP10,314.2804
2005-05-24,.5SP10,316.43
2005-05-25,.5SP10,320.0989
2005-05-26,.5SP10,322.3423
2005-05-27,.5SP10,326.9789
2005-05-27,.5SP10,326.9789
2005-05-31,.5SP10,324.2795
2005-06-01,.5SP10,330.2412
2005-06-02,.5SP10,330.446
2005-06-03,.5SP10,331.1259
2005-06-06,.5SP10,332.7517
2005-06-07,.5SP10,330.3252
2005-06-08,.5SP10,329.583
2005-06-09,.5SP10,339.0802
2005-06-10,.5SP10,338.9437
2005-06-13,.5SP10,339.7846
2005-06-14,.5SP10,341.2537
2005-06-15,.5SP10,345.3096
2005-06-16,.5SP10,350.6434
2005-06-17,.5SP10,356.1341
2005-06-20,.5SP10,356.4257
2005-06-21,.5SP10,349.179
2005-06-22,.5SP10,350.655
2005-06-23,.5SP10,349.3622
2005-06-24,.5SP10,346.647
2005-06-27,.5SP10,352.4241
2005-06-28,.5SP10,347.7129
2005-06-29,.5SP10,346.0
2005-06-30,.5SP10,343.006
2005-07-01,.5SP10,349.5202
2005-07-01,.5SP10,349.5202
2005-07-05,.5SP10,360.2957
2005-07-06,.5SP10,353.9063
2005-07-07,.5SP10,357.7987
2005-07-08,.5SP10,355.8785
2005-07-11,.5SP10,358.6085
2005-07-12,.5SP10,360.8697
2005-07-13,.5SP10,359.2705
2005-07-14,.5SP10,351.2236
2005-07-15,.5SP10,349.2868
2005-07-18,.5SP10,348.0739
2005-07-19,.5SP10,354.5174
2005-07-20,.5SP10,355.3163
2005-07-21,.5SP10,350.8646
2005-07-22,.5SP10,362.5989
2005-07-25,.5SP10,365.9101
2005-07-26,.5SP10,364.3729
2005-07-27,.5SP10,365.6974
2005-07-28,.5SP10,367.6579
2005-07-29,.5SP10,362.633
2005-08-01,.5SP10,365.9199
2005-08-02,.5SP10,371.747
2005-08-03,.5SP10,369.7763
2005-08-04,.5SP10,369.6505
2005-08-05,.5SP10,366.9252
2005-08-08,.5SP10,371.7382
2005-08-09,.5SP10,371.9108
2005-08-10,.5SP10,377.3379
2005-08-11,.5SP10,381.5802
2005-08-12,.5SP10,380.7658
2005-08-15,.5SP10,377.0605
2005-08-16,.5SP10,368.9001
2005-08-17,.5SP10,360.81
2005-08-18,.5SP10,360.307
2005-08-19,.5SP10,365.7358
2005-08-22,.5SP10,366.6476
2005-08-23,.5SP10,366.2186
2005-08-24,.5SP10,368.021
2005-08-25,.5SP10,368.1952
2005-08-26,.5SP10,363.6599
2005-08-29,.5SP10,366.1191
2005-08-30,.5SP10,371.4711
2005-08-31,.5SP10,381.1205
2005-09-01,.5SP10,391.3761
2005-09-02,.5SP10,384.1035
2005-09-02,.5SP10,384.1035
2005-09-06,.5SP10,386.7528
2005-09-07,.5SP10,387.5201
2005-09-08,.5SP10,387.3229
2005-09-09,.5SP10,398.1712
2005-09-12,.5SP10,391.0367
2005-09-13,.5SP10,387.3175
2005-09-14,.5SP10,391.3832
2005-09-15,.5SP10,391.5057
2005-09-16,.5SP10,396.2989
2005-09-19,.5SP10,405.1581
2005-09-20,.5SP10,402.1736
2005-09-21,.5SP10,406.8766
2005-09-22,.5SP10,404.5609
2005-09-23,.5SP10,397.7599
2005-09-26,.5SP10,404.267
2005-09-27,.5SP10,404.5102
2005-09-28,.5SP10,407.7849
2005-09-29,.5SP10,410.5313
2005-09-30,.5SP10,403.9621
2005-10-03,.5SP10,401.5684
2005-10-04,.5SP10,387.8253
2005-10-05,.5SP10,374.7648
2005-10-06,.5SP10,367.2948
2005-10-07,.5SP10,375.0199
2005-10-10,.5SP10,369.2901
2005-10-11,.5SP10,376.9782
2005-10-12,.5SP10,371.0498
2005-10-13,.5SP10,362.2574
2005-10-14,.5SP10,366.9947
2005-10-17,.5SP10,370.4021
2005-10-18,.5SP10,354.0299
2005-10-19,.5SP10,360.9212
2005-10-20,.5SP10,346.0387
2005-10-21,.5SP10,348.4325
2005-10-24,.5SP10,359.9012
2005-10-25,.5SP10,366.6908
2005-10-26,.5SP10,363.1487
2005-10-27,.5SP10,354.915
2005-10-28,.5SP10,363.4039
2005-10-31,.5SP10,366.0211
2005-11-01,.5SP10,368.2958
2005-11-02,.5SP10,374.8606
2005-11-03,.5SP10,382.0159
2005-11-04,.5SP10,372.8086
2005-11-07,.5SP10,366.709
2005-11-08,.5SP10,369.0083
2005-11-09,.5SP10,366.3861
2005-11-10,.5SP10,356.614
2005-11-11,.5SP10,358.6645
2005-11-14,.5SP10,360.4117
2005-11-15,.5SP10,360.095
2005-11-16,.5SP10,367.4271
2005-11-17,.5SP10,367.8756
2005-11-18,.5SP10,369.4385
2005-11-21,.5SP10,377.3411
2005-11-22,.5SP10,382.447
2005-11-23,.5SP10,381.5012
2005-11-24,.5SP10,381.5
2005-11-25,.5SP10,382.5752
2005-11-28,.5SP10,370.7273
2005-11-29,.5SP10,370.5984
2005-11-30,.5SP10,370.9463
2005-12-01,.5SP10,381.5862
2005-12-02,.5SP10,381.7254
2005-12-05,.5SP10,384.3928
2005-12-06,.5SP10,386.2917
2005-12-07,.5SP10,383.8637
2005-12-08,.5SP10,389.661
2005-12-09,.5SP10,384.3835
2005-12-12,.5SP10,388.2765
2005-12-13,.5SP10,387.1462
2005-12-14,.5SP10,392.0938
2005-12-15,.5SP10,389.0128
2005-12-16,.5SP10,379.8755
2005-12-19,.5SP10,377.6561
2005-12-20,.5SP10,380.8221
2005-12-21,.5SP10,381.2778
2005-12-22,.5SP10,380.2071
2005-12-23,.5SP10,379.4377
2005-12-23,.5SP10,379.4377
2005-12-27,.5SP10,369.4623
2005-12-28,.5SP10,374.0963
2005-12-29,.5SP10,371.7343
2005-12-30,.5SP10,372.7322
2005-12-30,.5SP10,372.7322
2006-01-03,.5SP10,389.5383
2006-01-04,.5SP10,390.8383
2006-01-05,.5SP10,386.7566
2006-01-06,.5SP10,395.484
2006-01-09,.5SP10,395.4631
2006-01-10,.5SP10,398.9429
2006-01-11,.5SP10,401.0683
2006-01-12,.5SP10,397.6019
2006-01-13,.5SP10,403.3032
2006-01-13,.5SP10,403.3032
2006-01-17,.5SP10,411.3865
2006-01-18,.5SP10,405.9961
2006-01-19,.5SP10,414.5523
2006-01-20,.5SP10,415.3227
2006-01-23,.5SP10,419.9628
2006-01-24,.5SP10,417.2873
2006-01-25,.5SP10,409.816
2006-01-26,.5SP10,409.7557
2006-01-27,.5SP10,417.4493
2006-01-30,.5SP10,427.2215
2006-01-31,.5SP10,424.3569
2006-02-01,.5SP10,416.2481
2006-02-02,.5SP10,412.8222
2006-02-03,.5SP10,409.2914
2006-02-06,.5SP10,415.5179
2006-02-07,.5SP10,400.2765
2006-02-08,.5SP10,400.4681
2006-02-09,.5SP10,392.709
2006-02-10,.5SP10,390.8865
2006-02-13,.5SP10,390.239
2006-02-14,.5SP10,386.3416
2006-02-15,.5SP10,385.1308
2006-02-16,.5SP10,392.2137
2006-02-17,.5SP10,394.9986
2006-02-17,.5SP10,394.9986
2006-02-21,.5SP10,401.3072
2006-02-22,.5SP10,395.6031
2006-02-23,.5SP10,394.1045
2006-02-24,.5SP10,398.8951
2006-02-27,.5SP10,393.1804
2006-02-28,.5SP10,389.8038
2006-03-01,.5SP10,396.0985
2006-03-02,.5SP10,401.387
2006-03-03,.5SP10,401.7417
2006-03-06,.5SP10,390.3637
2006-03-07,.5SP10,385.7261
2006-03-08,.5SP10,386.0656
2006-03-09,.5SP10,381.9638
2006-03-10,.5SP10,383.4491
2006-03-13,.5SP10,389.6593
2006-03-14,.5SP10,397.0072
2006-03-15,.5SP10,398.6403
2006-03-16,.5SP10,404.4158
2006-03-17,.5SP10,400.6026
2006-03-20,.5SP10,393.6547
2006-03-21,.5SP10,392.913
2006-03-22,.5SP10,395.04
2006-03-23,.5SP10,399.3405
2006-03-24,.5SP10,401.6321
2006-03-27,.5SP10,403.658
2006-03-28,.5SP10,405.4226
2006-03-29,.5SP10,409.6176
2006-03-30,.5SP10,409.4186
2006-03-31,.5SP10,404.7823
2006-04-03,.5SP10,406.6948
2006-04-04,.5SP10,412.2646
2006-04-05,.5SP10,418.0718
2006-04-06,.5SP10,418.4684
2006-04-07,.5SP10,411.5252
2006-04-10,.5SP10,417.5732
2006-04-11,.5SP10,415.226
2006-04-12,.5SP10,412.3457
2006-04-13,.5SP10,413.8094
2006-04-13,.5SP10,413.8094
2006-04-17,.5SP10,420.1076
2006-04-18,.5SP10,430.5712
2006-04-19,.5SP10,436.8106
2006-04-20,.5SP10,433.046
2006-04-21,.5SP10,441.8942
2006-04-24,.5SP10,435.7726
2006-04-25,.5SP10,431.017
2006-04-26,.5SP10,425.0351
2006-04-27,.5SP10,420.734
2006-04-28,.5SP10,425.4828
2006-05-01,.5SP10,431.0548
2006-05-02,.5SP10,440.8246
2006-05-03,.5SP10,434.4169
2006-05-04,.5SP10,431.6311
2006-05-05,.5SP10,435.9766
2006-05-08,.5SP10,434.404
2006-05-09,.5SP10,437.4241
2006-05-10,.5SP10,439.6329
2006-05-11,.5SP10,434.6054
2006-05-12,.5SP10,422.1103
2006-05-15,.5SP10,414.8783
2006-05-16,.5SP10,415.903
2006-05-17,.5SP10,404.9498
2006-05-18,.5SP10,400.0239
2006-05-19,.5SP10,402.6551
2006-05-22,.5SP10,401.1417
2006-05-23,.5SP10,401.1766
2006-05-24,.5SP10,397.0549
2006-05-25,.5SP10,409.4026
2006-05-26,.5SP10,411.1747
2006-05-26,.5SP10,411.1747
2006-05-30,.5SP10,403.8304
2006-05-31,.5SP10,411.9469
2006-06-01,.5SP10,413.7876
2006-06-02,.5SP10,419.075
2006-06-05,.5SP10,406.6478
2006-06-06,.5SP10,407.1059
2006-06-07,.5SP10,393.624
2006-06-08,.5SP10,397.1883
2006-06-09,.5SP10,393.4579
2006-06-12,.5SP10,386.2388
2006-06-13,.5SP10,375.4705
2006-06-14,.5SP10,384.3922
2006-06-15,.5SP10,397.9925
2006-06-16,.5SP10,395.6121
2006-06-19,.5SP10,383.2185
2006-06-20,.5SP10,380.9692
2006-06-21,.5SP10,388.3031
2006-06-22,.5SP10,389.9556
2006-06-23,.5SP10,395.8304
2006-06-26,.5SP10,400.3499
2006-06-27,.5SP10,402.3888
2006-06-28,.5SP10,410.3338
2006-06-29,.5SP10,421.233
2006-06-30,.5SP10,420.3513
2006-07-03,.5SP10,425.4865
2006-07-03,.5SP10,425.4865
2006-07-05,.5SP10,427.37
2006-07-06,.5SP10,427.8829
2006-07-07,.5SP10,422.5129
2006-07-10,.5SP10,423.993
2006-07-11,.5SP10,431.5118
2006-07-12,.5SP10,430.7811
2006-07-13,.5SP10,427.8586
2006-07-14,.5SP10,433.0275
2006-07-17,.5SP10,421.1425
2006-07-18,.5SP10,422.3034
2006-07-19,.5SP10,425.3335
2006-07-20,.5SP10,417.4917
2006-07-21,.5SP10,411.5567
2006-07-24,.5SP10,423.6638
2006-07-25,.5SP10,430.2112
2006-07-26,.5SP10,437.3398
2006-07-27,.5SP10,435.6244
2006-07-28,.5SP10,435.4767
2006-07-31,.5SP10,441.2075
2006-08-01,.5SP10,442.8321
2006-08-02,.5SP10,443.9707
2006-08-03,.5SP10,441.2189
2006-08-04,.5SP10,438.6832
2006-08-07,.5SP10,442.0836
2006-08-08,.5SP10,440.9403
2006-08-09,.5SP10,443.2217
2006-08-10,.5SP10,441.0653
2006-08-11,.5SP10,441.0247
2006-08-14,.5SP10,434.263
2006-08-15,.5SP10,434.5725
2006-08-16,.5SP10,430.7722
2006-08-17,.5SP10,429.5907
2006-08-18,.5SP10,436.028
2006-08-21,.5SP10,439.272
2006-08-22,.5SP10,441.4771
2006-08-23,.5SP10,435.1443
2006-08-24,.5SP10,439.9665
2006-08-25,.5SP10,441.544
2006-08-28,.5SP10,435.9404
2006-08-29,.5SP10,433.3584
2006-08-30,.5SP10,426.4269
2006-08-31,.5SP10,423.2457
2006-09-01,.5SP10,427.7883
2006-09-01,.5SP10,427.7883
2006-09-05,.5SP10,432.1627
2006-09-06,.5SP10,419.3002
2006-09-07,.5SP10,419.7371
2006-09-08,.5SP10,411.858
2006-09-11,.5SP10,398.9885
2006-09-12,.5SP10,396.4448
2006-09-13,.5SP10,403.1546
2006-09-14,.5SP10,396.3126
2006-09-15,.5SP10,396.3131
2006-09-18,.5SP10,406.4383
2006-09-19,.5SP10,399.7779
2006-09-20,.5SP10,390.3888
2006-09-21,.5SP10,396.0773
2006-09-22,.5SP10,394.2749
2006-09-25,.5SP10,394.868
2006-09-26,.5SP10,403.4087
2006-09-27,.5SP10,409.5838
2006-09-28,.5SP10,409.8186
2006-09-29,.5SP10,411.3774
2006-10-02,.5SP10,407.1837
2006-10-03,.5SP10,393.8551
2006-10-04,.5SP10,399.9385
2006-10-05,.5SP10,405.5569
2006-10-06,.5SP10,406.1582
2006-10-09,.5SP10,400.954
2006-10-10,.5SP10,406.7339
2006-10-11,.5SP10,401.4609
2006-10-12,.5SP10,408.8357
2006-10-13,.5SP10,414.4399
2006-10-16,.5SP10,423.3862
2006-10-17,.5SP10,420.58
2006-10-18,.5SP10,417.7562
2006-10-19,.5SP10,425.3489
2006-10-20,.5SP10,421.3459
2006-10-23,.5SP10,422.1265
2006-10-24,.5SP10,428.3722
2006-10-25,.5SP10,435.839
2006-10-26,.5SP10,435.7189
2006-10-27,.5SP10,431.8892
2006-10-30,.5SP10,425.5631
2006-10-31,.5SP10,429.7376
2006-11-01,.5SP10,426.2287
2006-11-02,.5SP10,427.0211
2006-11-03,.5SP10,435.0132
2006-11-06,.5SP10,439.531
2006-11-07,.5SP10,435.8395
2006-11-08,.5SP10,443.557
2006-11-09,.5SP10,447.0386
2006-11-10,.5SP10,442.9839
2006-11-13,.5SP10,443.1496
2006-11-14,.5SP10,444.5206
2006-11-15,.5SP10,447.9786
2006-11-16,.5SP10,435.3331
2006-11-17,.5SP10,439.1255
2006-11-20,.5SP10,437.215
2006-11-21,.5SP10,445.2317
2006-11-22,.5SP10,442.7318
2006-11-22,.5SP10,442.7318
2006-11-24,.5SP10,440.8587
2006-11-27,.5SP10,439.4853
2006-11-28,.5SP10,447.7984
2006-11-29,.5SP10,460.5877
2006-11-30,.5SP10,464.3613
2006-12-01,.5SP10,466.5412
2006-12-04,.5SP10,467.0293
2006-12-05,.5SP10,468.582
2006-12-06,.5SP10,465.016
2006-12-07,.5SP10,462.6887
2006-12-08,.5SP10,462.1061
2006-12-11,.5SP10,461.5173
2006-12-12,.5SP10,462.7199
2006-12-13,.5SP10,467.5758
2006-12-14,.5SP10,476.0322
2006-12-15,.5SP10,470.364
2006-12-18,.5SP10,457.7573
2006-12-19,.5SP10,464.8307
2006-12-20,.5SP10,459.1661
2006-12-21,.5SP10,456.5587
2006-12-22,.5SP10,452.9134
2006-12-22,.5SP10,452.9134
2006-12-26,.5SP10,453.706
2006-12-27,.5SP10,458.8891
2006-12-28,.5SP10,459.8497
2006-12-29,.5SP10,455.5347
2006-12-29,.5SP10,455.5347
2007-01-02,.5SP10,455.53
2007-01-03,.5SP10,438.7984
2007-01-04,.5SP10,430.28
2007-01-05,.5SP10,433.5694
2007-01-08,.5SP10,433.4513
2007-01-09,.5SP10,428.7753
2007-01-10,.5SP10,421.7958
2007-01-11,.5SP10,418.5817
2007-01-12,.5SP10,429.3687
2007-01-12,.5SP10,429.3687
2007-01-16,.5SP10,424.614
2007-01-17,.5SP10,429.7489
2007-01-18,.5SP10,426.5824
2007-01-19,.5SP10,437.1694
2007-01-22,.5SP10,434.667
2007-01-23,.5SP10,445.227
2007-01-24,.5SP10,447.5329
2007-01-25,.5SP10,438.4021
2007-01-26,.5SP10,439.163
2007-01-29,.5SP10,437.0144
2007-01-30,.5SP10,446.1675
2007-01-31,.5SP10,447.1104
2007-02-01,.5SP10,451.947
2007-02-02,.5SP10,453.5234
2007-02-05,.5SP10,452.6307
2007-02-06,.5SP10,451.5023
2007-02-07,.5SP10,448.0985
2007-02-08,.5SP10,452.5843
2007-02-09,.5SP10,450.5792
2007-02-12,.5SP10,445.1986
2007-02-13,.5SP10,450.9537
2007-02-14,.5SP10,451.748
2007-02-15,.5SP10,447.1943
2007-02-16,.5SP10,446.6501
2007-02-16,.5SP10,446.6501
2007-02-20,.5SP10,443.3095
2007-02-21,.5SP10,446.4599
2007-02-22,.5SP10,450.7228
2007-02-23,.5SP10,451.6635
2007-02-26,.5SP10,454.2297
2007-02-27,.5SP10,436.3659
2007-02-28,.5SP10,436.8339
2007-03-01,.5SP10,435.7722
2007-03-02,.5SP10,428.9201
2007-03-05,.5SP10,425.8396
2007-03-06,.5SP10,433.5688
2007-03-07,.5SP10,439.6108
2007-03-08,.5SP10,441.3394
2007-03-09,.5SP10,440.1659
2007-03-12,.5SP10,438.5811
2007-03-13,.5SP10,432.9319
2007-03-14,.5SP10,438.9833
2007-03-15,.5SP10,437.3201
2007-03-16,.5SP10,433.246
2007-03-19,.5SP10,440.8726
2007-03-20,.5SP10,443.698
2007-03-21,.5SP10,451.451
2007-03-22,.5SP10,459.3548
2007-03-23,.5SP10,462.176
2007-03-26,.5SP10,465.7944
2007-03-27,.5SP10,465.9607
2007-03-28,.5SP10,464.9638
2007-03-29,.5SP10,469.187
2007-03-30,.5SP10,463.3736
2007-04-02,.5SP10,468.5089
2007-04-03,.5SP10,470.4518
2007-04-04,.5SP10,472.5578
2007-04-05,.5SP10,474.052
2007-04-05,.5SP10,474.052
2007-04-09,.5SP10,473.3066
2007-04-10,.5SP10,479.9399
2007-04-11,.5SP10,476.5343
2007-04-12,.5SP10,483.3301
2007-04-13,.5SP10,483.6568
2007-04-16,.5SP10,487.182
2007-04-17,.5SP10,485.4932
2007-04-18,.5SP10,482.2427
2007-04-19,.5SP10,477.402
2007-04-20,.5SP10,487.5463
2007-04-23,.5SP10,486.184
2007-04-24,.5SP10,483.6969
2007-04-25,.5SP10,493.5197
2007-04-26,.5SP10,493.8495
2007-04-27,.5SP10,493.3568
2007-04-30,.5SP10,487.4982
2007-05-01,.5SP10,489.2933
2007-05-02,.5SP10,492.7741
2007-05-03,.5SP10,497.6858
2007-05-04,.5SP10,497.1853
2007-05-07,.5SP10,497.8002
2007-05-08,.5SP10,498.65
2007-05-09,.5SP10,498.9909
2007-05-10,.5SP10,488.9868
2007-05-11,.5SP10,499.5138
2007-05-14,.5SP10,501.3335
2007-05-15,.5SP10,501.097
2007-05-16,.5SP10,503.7637
2007-05-17,.5SP10,510.2091
2007-05-18,.5SP10,518.8481
2007-05-21,.5SP10,522.772
2007-05-22,.5SP10,518.2918
2007-05-23,.5SP10,519.7469
2007-05-24,.5SP10,511.6994
2007-05-25,.5SP10,518.8518
2007-05-25,.5SP10,518.8518
2007-05-29,.5SP10,514.4216
2007-05-30,.5SP10,524.8287
2007-05-31,.5SP10,520.7534
2007-06-01,.5SP10,526.5173
2007-06-04,.5SP10,532.8603
2007-06-05,.5SP10,531.0824
2007-06-06,.5SP10,525.2939
2007-06-07,.5SP10,515.1153
2007-06-08,.5SP10,519.0476
2007-06-11,.5SP10,522.5074
2007-06-12,.5SP10,516.1932
2007-06-13,.5SP10,526.0579
2007-06-14,.5SP10,535.9593
2007-06-15,.5SP10,542.7102
2007-06-18,.5SP10,544.4916
2007-06-19,.5SP10,543.1434
2007-06-20,.5SP10,527.2009
2007-06-21,.5SP10,537.5564
2007-06-22,.5SP10,532.8253
2007-06-25,.5SP10,528.697
2007-06-26,.5SP10,520.7183
2007-06-27,.5SP10,528.6514
2007-06-28,.5SP10,526.84
2007-06-29,.5SP10,529.7127
2007-07-02,.5SP10,537.1216
2007-07-03,.5SP10,541.3526
2007-07-03,.5SP10,541.3526
2007-07-05,.5SP10,541.2963
2007-07-06,.5SP10,546.8565
2007-07-09,.5SP10,553.3595
2007-07-10,.5SP10,549.0243
2007-07-11,.5SP10,552.0773
2007-07-12,.5SP10,564.1781
2007-07-13,.5SP10,568.4406
2007-07-16,.5SP10,561.2657
2007-07-17,.5SP10,556.4418
2007-07-18,.5SP10,567.8415
2007-07-19,.5SP10,573.1681
2007-07-20,.5SP10,570.6616
2007-07-23,.5SP10,573.9744
2007-07-24,.5SP10,557.0455
2007-07-25,.5SP10,566.745
2007-07-26,.5SP10,545.9485
2007-07-27,.5SP10,532.4451
2007-07-30,.5SP10,538.5803
2007-07-31,.5SP10,533.4477
2007-08-01,.5SP10,533.9505
2007-08-02,.5SP10,528.9697
2007-08-03,.5SP10,510.2765
2007-08-06,.5SP10,514.8126
2007-08-07,.5SP10,525.8434
2007-08-08,.5SP10,537.0678
2007-08-09,.5SP10,518.7439
2007-08-10,.5SP10,525.0235
2007-08-13,.5SP10,520.825
2007-08-14,.5SP10,516.9601
2007-08-15,.5SP10,505.6667
2007-08-16,.5SP10,500.8336
2007-08-17,.5SP10,518.6054
2007-08-20,.5SP10,520.9073
2007-08-21,.5SP10,513.408
2007-08-22,.5SP10,518.7293
2007-08-23,.5SP10,522.1567
2007-08-24,.5SP10,533.0882
2007-08-27,.5SP10,528.8154
2007-08-28,.5SP10,515.609
2007-08-29,.5SP10,531.8886
2007-08-30,.5SP10,531.5545
2007-08-31,.5SP10,536.3527
2007-08-31,.5SP10,536.3527
2007-09-04,.5SP10,547.7098
2007-09-05,.5SP10,546.8728
2007-09-06,.5SP10,550.378
2007-09-07,.5SP10,542.2065
2007-09-10,.5SP10,538.8045
2007-09-11,.5SP10,548.4735
2007-09-12,.5SP10,552.8257
2007-09-13,.5SP10,557.4438
2007-09-14,.5SP10,558.6008
2007-09-17,.5SP10,558.8258
2007-09-18,.5SP10,576.1419
2007-09-19,.5SP10,580.5556
2007-09-20,.5SP10,581.6479
2007-09-21,.5SP10,584.9191
2007-09-24,.5SP10,580.8
2007-09-25,.5SP10,575.8024
2007-09-26,.5SP10,576.8964
2007-09-27,.5SP10,582.0454
2007-09-28,.5SP10,579.4687
2007-10-01,.5SP10,587.2982
2007-10-02,.5SP10,579.8648
2007-10-03,.5SP10,574.2312
2007-10-04,.5SP10,576.4262
2007-10-05,.5SP10,578.047
2007-10-08,.5SP10,573.476
2007-10-09,.5SP10,583.9357
2007-10-10,.5SP10,590.2622
2007-10-11,.5SP10,588.4834
2007-10-12,.5SP10,593.1156
2007-10-15,.5SP10,599.4882
2007-10-16,.5SP10,601.2887
2007-10-17,.5SP10,598.2083
2007-10-18,.5SP10,600.8057
2007-10-19,.5SP10,574.7374
2007-10-22,.5SP10,567.3
2007-10-23,.5SP10,573.198
2007-10-24,.5SP10,578.241
2007-10-25,.5SP10,581.7782
2007-10-26,.5SP10,588.3023
2007-10-29,.5SP10,592.4451
2007-10-30,.5SP10,574.6787
2007-10-31,.5SP10,585.4611
2007-11-01,.5SP10,569.8652
2007-11-02,.5SP10,575.5639
2007-11-05,.5SP10,573.3336
2007-11-06,.5SP10,589.0404
2007-11-07,.5SP10,570.1771
2007-11-08,.5SP10,578.7936
2007-11-09,.5SP10,566.7516
2007-11-12,.5SP10,545.4639
2007-11-13,.5SP10,557.8652
2007-11-14,.5SP10,555.5233
2007-11-15,.5SP10,542.7346
2007-11-16,.5SP10,551.946
2007-11-19,.5SP10,544.2749
2007-11-20,.5SP10,561.6792
2007-11-21,.5SP10,552.1883
2007-11-21,.5SP10,552.1883
2007-11-23,.5SP10,561.9452
2007-11-26,.5SP10,546.2791
2007-11-27,.5SP10,543.665
2007-11-28,.5SP10,552.8719
2007-11-29,.5SP10,558.528
2007-11-30,.5SP10,562.1267
2007-12-03,.5SP10,563.8276
2007-12-04,.5SP10,558.9155
2007-12-05,.5SP10,569.2362
2007-12-06,.5SP10,583.1492
2007-12-07,.5SP10,581.8965
2007-12-10,.5SP10,585.8648
2007-12-11,.5SP10,573.9664
2007-12-12,.5SP10,587.7168
2007-12-13,.5SP10,591.5872
2007-12-14,.5SP10,582.5915
2007-12-17,.5SP10,570.5016
2007-12-18,.5SP10,578.7207
2007-12-19,.5SP10,581.28
2007-12-20,.5SP10,586.6605
2007-12-21,.5SP10,600.6707
2007-12-24,.5SP10,604.0428
2007-12-24,.5SP10,604.0428
2007-12-26,.5SP10,611.1723
2007-12-27,.5SP10,604.812
2007-12-28,.5SP10,610.7986
2007-12-31,.5SP10,603.0395
2007-12-31,.5SP10,603.0395
2008-01-02,.5SP10,606.8063
2008-01-03,.5SP10,610.0127
2008-01-04,.5SP10,594.1098
2008-01-07,.5SP10,587.2949
2008-01-08,.5SP10,579.8632
2008-01-09,.5SP10,588.4254
2008-01-10,.5SP10,585.3336
2008-01-11,.5SP10,576.8133
2008-01-14,.5SP10,585.6006
2008-01-15,.5SP10,564.9235
2008-01-16,.5SP10,547.5319
2008-01-17,.5SP10,526.4144
2008-01-18,.5SP10,528.4957
2008-01-18,.5SP10,528.4957
2008-01-22,.5SP10,514.0706
2008-01-23,.5SP10,516.9041
2008-01-24,.5SP10,533.3239
2008-01-25,.5SP10,525.4827
2008-01-28,.5SP10,534.6017
2008-01-29,.5SP10,537.088
2008-01-30,.5SP10,535.3926
2008-01-31,.5SP10,537.1505
2008-02-01,.5SP10,540.8082
2008-02-04,.5SP10,541.2968
2008-02-05,.5SP10,520.9972
2008-02-06,.5SP10,512.7909
2008-02-07,.5SP10,518.8325
2008-02-08,.5SP10,525.3872
2008-02-11,.5SP10,538.363
2008-02-12,.5SP10,539.2713
2008-02-13,.5SP10,551.5115
2008-02-14,.5SP10,551.3532
2008-02-15,.5SP10,550.1193
2008-02-15,.5SP10,550.1193
2008-02-19,.5SP10,563.6106
2008-02-20,.5SP10,572.1835
2008-02-21,.5SP10,560.214
2008-02-22,.5SP10,564.8013
2008-02-25,.5SP10,578.8873
2008-02-26,.5SP10,587.1937
2008-02-27,.5SP10,582.5226
2008-02-28,.5SP10,590.6588
2008-02-29,.5SP10,572.9264
2008-03-03,.5SP10,577.6967
2008-03-04,.5SP10,568.9312
2008-03-05,.5SP10,579.135
2008-03-06,.5SP10,565.7549
2008-03-07,.5SP10,553.8007
2008-03-10,.5SP10,547.3127
2008-03-11,.5SP10,572.4677
2008-03-12,.5SP10,563.7136
2008-03-13,.5SP10,571.2971
2008-03-14,.5SP10,562.0591
2008-03-17,.5SP10,547.7994
2008-03-18,.5SP10,567.7338
2008-03-19,.5SP10,536.9084
2008-03-20,.5SP10,539.9857
2008-03-20,.5SP10,539.9857
2008-03-24,.5SP10,546.7404
2008-03-25,.5SP10,550.1752
2008-03-26,.5SP10,562.0807
2008-03-27,.5SP10,557.6644
2008-03-28,.5SP10,555.3461
2008-03-31,.5SP10,557.6545
2008-04-01,.5SP10,569.1088
2008-04-02,.5SP10,576.9136
2008-04-03,.5SP10,577.6935
2008-04-04,.5SP10,583.4896
2008-04-07,.5SP10,584.6478
2008-04-08,.5SP10,589.2156
2008-04-09,.5SP10,591.9162
2008-04-10,.5SP10,592.3252
2008-04-11,.5SP10,583.926
2008-04-14,.5SP10,594.1913
2008-04-15,.5SP10,600.0133
2008-04-16,.5SP10,616.3122
2008-04-17,.5SP10,616.7999
2008-04-18,.5SP10,628.7562
2008-04-21,.5SP10,634.4299
2008-04-22,.5SP10,635.5967
2008-04-23,.5SP10,630.9705
2008-04-24,.5SP10,616.8197
2008-04-25,.5SP10,623.4825
2008-04-28,.5SP10,622.0154
2008-04-29,.5SP10,612.8279
2008-04-30,.5SP10,618.244
2008-05-01,.5SP10,604.8376
2008-05-02,.5SP10,612.0472
2008-05-05,.5SP10,617.9874
2008-05-06,.5SP10,631.2979
2008-05-07,.5SP10,622.6029
2008-05-08,.5SP10,634.6825
2008-05-09,.5SP10,629.9859
2008-05-12,.5SP10,628.9061
2008-05-13,.5SP10,636.141
2008-05-14,.5SP10,630.3309
2008-05-15,.5SP10,640.8677
2008-05-16,.5SP10,657.0942
2008-05-19,.5SP10,663.6618
2008-05-20,.5SP10,668.8136
2008-05-21,.5SP10,660.8482
2008-05-22,.5SP10,653.8021
2008-05-23,.5SP10,641.4198
2008-05-23,.5SP10,641.4198
2008-05-27,.5SP10,637.0048
2008-05-28,.5SP10,646.665
2008-05-29,.5SP10,633.5888
2008-05-30,.5SP10,637.7829
2008-06-02,.5SP10,638.0862
2008-06-03,.5SP10,626.618
2008-06-04,.5SP10,618.8982
2008-06-05,.5SP10,646.0838
2008-06-06,.5SP10,635.8823
2008-06-09,.5SP10,652.7882
2008-06-10,.5SP10,638.3626
2008-06-11,.5SP10,643.2551
2008-06-12,.5SP10,631.7169
2008-06-13,.5SP10,638.6433
2008-06-16,.5SP10,640.2176
2008-06-17,.5SP10,651.0719
2008-06-18,.5SP10,650.3618
2008-06-19,.5SP10,636.6675
2008-06-20,.5SP10,631.9483
2008-06-23,.5SP10,655.4901
2008-06-24,.5SP10,645.4975
2008-06-25,.5SP10,642.3667
2008-06-26,.5SP10,635.4542
2008-06-27,.5SP10,640.802
2008-06-30,.5SP10,652.0022
2008-07-01,.5SP10,656.0765
2008-07-02,.5SP10,634.8832
2008-07-03,.5SP10,631.9267
2008-07-03,.5SP10,631.9267
2008-07-07,.5SP10,617.4207
2008-07-08,.5SP10,607.8805
2008-07-09,.5SP10,595.0276
2008-07-10,.5SP10,610.9723
2008-07-11,.5SP10,606.5164
2008-07-14,.5SP10,611.1206
2008-07-15,.5SP10,585.5208
2008-07-16,.5SP10,573.3954
2008-07-17,.5SP10,564.2807
2008-07-18,.5SP10,572.8291
2008-07-21,.5SP10,589.6365
2008-07-22,.5SP10,576.7006
2008-07-23,.5SP10,554.5996
2008-07-24,.5SP10,551.3858
2008-07-25,.5SP10,556.8785
2008-07-28,.5SP10,554.3335
2008-07-29,.5SP10,549.8536
2008-07-30,.5SP10,580.6039
2008-07-31,.5SP10,560.7569
2008-08-01,.5SP10,558.6437
2008-08-04,.5SP10,531.5394
2008-08-05,.5SP10,537.123
2008-08-06,.5SP10,547.3669
2008-08-07,.5SP10,539.3601
2008-08-08,.5SP10,536.3359
2008-08-11,.5SP10,534.2025
2008-08-12,.5SP10,530.7947
2008-08-13,.5SP10,548.6254
2008-08-14,.5SP10,541.6963
2008-08-15,.5SP10,532.1461
2008-08-18,.5SP10,525.8429
2008-08-19,.5SP10,540.7215
2008-08-20,.5SP10,555.711
2008-08-21,.5SP10,568.5055
2008-08-22,.5SP10,559.6953
2008-08-25,.5SP10,551.2667
2008-08-26,.5SP10,561.0607
2008-08-27,.5SP10,567.854
2008-08-28,.5SP10,563.5775
2008-08-29,.5SP10,556.0658
2008-08-29,.5SP10,556.0658
2008-09-02,.5SP10,530.3782
2008-09-03,.5SP10,528.555
2008-09-04,.5SP10,517.1929
2008-09-05,.5SP10,514.8784
2008-09-08,.5SP10,512.2801
2008-09-09,.5SP10,479.4484
2008-09-10,.5SP10,496.8025
2008-09-11,.5SP10,504.1372
2008-09-12,.5SP10,518.2481
2008-09-15,.5SP10,482.6497
2008-09-16,.5SP10,501.2801
2008-09-17,.5SP10,489.0983
2008-09-18,.5SP10,503.6496
2008-09-19,.5SP10,536.9306
2008-09-22,.5SP10,531.0481
2008-09-23,.5SP10,515.8495
2008-09-24,.5SP10,516.1307
2008-09-25,.5SP10,528.494
2008-09-26,.5SP10,519.2915
2008-09-29,.5SP10,462.5174
2008-09-30,.5SP10,489.35
2008-10-01,.5SP10,481.11
2008-10-02,.5SP10,452.6173
2008-10-03,.5SP10,451.7837
2008-10-06,.5SP10,435.5563
2008-10-07,.5SP10,412.2244
2008-10-08,.5SP10,415.8233
2008-10-09,.5SP10,368.3518
2008-10-10,.5SP10,338.6805
2008-10-13,.5SP10,401.2835
2008-10-14,.5SP10,400.8348
2008-10-15,.5SP10,338.5618
2008-10-16,.5SP10,364.9539
2008-10-17,.5SP10,363.3349
2008-10-20,.5SP10,403.8512
2008-10-21,.5SP10,386.5136
2008-10-22,.5SP10,346.4258
2008-10-23,.5SP10,369.2239
2008-10-24,.5SP10,355.0175
2008-10-27,.5SP10,334.8723
2008-10-28,.5SP10,374.8473
2008-10-29,.5SP10,383.337
2008-10-30,.5SP10,398.8255
2008-10-31,.5SP10,401.2052
2008-11-03,.5SP10,393.0619
2008-11-04,.5SP10,418.1942
2008-11-05,.5SP10,399.0662
2008-11-06,.5SP10,374.7861
2008-11-07,.5SP10,392.9126
2008-11-10,.5SP10,394.9279
2008-11-11,.5SP10,382.5735
2008-11-12,.5SP10,354.8391
2008-11-13,.5SP10,394.221
2008-11-14,.5SP10,378.6505
2008-11-17,.5SP10,372.7818
2008-11-18,.5SP10,385.2175
2008-11-19,.5SP10,365.299
2008-11-20,.5SP10,324.5367
2008-11-21,.5SP10,362.3706
2008-11-24,.5SP10,384.4714
2008-11-25,.5SP10,386.942
2008-11-26,.5SP10,409.0346
2008-11-26,.5SP10,409.0346
2008-11-28,.5SP10,402.8048
2008-12-01,.5SP10,361.4181
2008-12-02,.5SP10,374.9135
2008-12-03,.5SP10,376.0409
2008-12-04,.5SP10,352.8689
2008-12-05,.5SP10,357.4642
2008-12-08,.5SP10,377.7258
2008-12-09,.5SP10,375.6521
2008-12-10,.5SP10,393.3448
2008-12-11,.5SP10,391.607
2008-12-12,.5SP10,388.0008
2008-12-15,.5SP10,386.9196
2008-12-16,.5SP10,400.6141
2008-12-17,.5SP10,394.2609
2008-12-18,.5SP10,371.7959
2008-12-19,.5SP10,370.2382
2008-12-22,.5SP10,361.6326
2008-12-23,.5SP10,360.3686
2008-12-24,.5SP10,361.4187
2008-12-24,.5SP10,361.4187
2008-12-26,.5SP10,367.7724
2008-12-29,.5SP10,374.7438
2008-12-30,.5SP10,381.4933
2008-12-31,.5SP10,386.351
2008-12-31,.5SP10,386.351
2009-01-02,.5SP10,403.1233
2009-01-05,.5SP10,408.6141
2009-01-06,.5SP10,410.6497
2009-01-07,.5SP10,394.8648
2009-01-08,.5SP10,399.4367
2009-01-09,.5SP10,387.2382
2009-01-12,.5SP10,375.3474
2009-01-13,.5SP10,383.4217
2009-01-14,.5SP10,366.9609
2009-01-15,.5SP10,370.9797
2009-01-16,.5SP10,375.2421
2009-01-16,.5SP10,375.2421
2009-01-20,.5SP10,358.1902
2009-01-21,.5SP10,379.1326
2009-01-22,.5SP10,370.2175
2009-01-23,.5SP10,378.3838
2009-01-26,.5SP10,384.024
2009-01-27,.5SP10,384.8201
2009-01-28,.5SP10,393.6347
2009-01-29,.5SP10,378.8496
2009-01-30,.5SP10,374.1367
2009-02-02,.5SP10,370.6077
2009-02-03,.5SP10,377.5395
2009-02-04,.5SP10,378.7471
2009-02-05,.5SP10,388.8012
2009-02-06,.5SP10,394.5839
2009-02-09,.5SP10,395.0582
2009-02-10,.5SP10,376.4152
2009-02-11,.5SP10,371.6243
2009-02-12,.5SP10,371.8705
2009-02-13,.5SP10,371.3142
2009-02-13,.5SP10,371.3142
2009-02-17,.5SP10,347.8738
2009-02-18,.5SP10,347.2432
2009-02-19,.5SP10,347.8948
2009-02-20,.5SP10,339.3471
2009-02-23,.5SP10,325.5895
2009-02-24,.5SP10,340.8585
2009-02-25,.5SP10,338.408
2009-02-26,.5SP10,337.6703
2009-02-27,.5SP10,327.5421
2009-03-02,.5SP10,306.5251
2009-03-03,.5SP10,307.3189
2009-03-04,.5SP10,320.0136
2009-03-05,.5SP10,304.813
2009-03-06,.5SP10,309.3453
2009-03-09,.5SP10,310.9151
2009-03-10,.5SP10,327.1507
2009-03-11,.5SP10,323.2934
2009-03-12,.5SP10,332.4785
2009-03-13,.5SP10,330.0926
2009-03-16,.5SP10,332.7565
2009-03-17,.5SP10,344.2992
2009-03-18,.5SP10,347.2137
2009-03-19,.5SP10,351.936
2009-03-20,.5SP10,339.1104
2009-03-23,.5SP10,365.5525
2009-03-24,.5SP10,357.6412
2009-03-25,.5SP10,359.417
2009-03-26,.5SP10,362.7008
2009-03-27,.5SP10,352.9841
2009-03-30,.5SP10,341.3512
2009-03-31,.5SP10,339.6772
2009-04-01,.5SP10,346.3968
2009-04-02,.5SP10,358.3132
2009-04-03,.5SP10,363.4828
2009-04-06,.5SP10,357.3955
2009-04-07,.5SP10,347.5923
2009-04-08,.5SP10,351.3192
2009-04-09,.5SP10,359.2049
2009-04-09,.5SP10,359.2049
2009-04-13,.5SP10,354.6466
2009-04-14,.5SP10,352.5349
2009-04-15,.5SP10,353.5039
2009-04-16,.5SP10,354.1411
2009-04-17,.5SP10,356.0671
2009-04-20,.5SP10,340.4921
2009-04-21,.5SP10,347.78
2009-04-22,.5SP10,342.9048
2009-04-23,.5SP10,349.1307
2009-04-24,.5SP10,358.3653
2009-04-27,.5SP10,351.9587
2009-04-28,.5SP10,353.8005
2009-04-29,.5SP10,363.5912
2009-04-30,.5SP10,356.0254
2009-05-01,.5SP10,366.8716
2009-05-04,.5SP10,377.6636
2009-05-05,.5SP10,372.6889
2009-05-06,.5SP10,386.1437
2009-05-07,.5SP10,382.1897
2009-05-08,.5SP10,398.0441
2009-05-11,.5SP10,385.4719
2009-05-12,.5SP10,389.7504
2009-05-13,.5SP10,378.2749
2009-05-14,.5SP10,379.4217
2009-05-15,.5SP10,370.9628
2009-05-18,.5SP10,382.4231
2009-05-19,.5SP10,383.7627
2009-05-20,.5SP10,383.8027
2009-05-21,.5SP10,372.8664
2009-05-22,.5SP10,373.6901
2009-05-22,.5SP10,373.6901
2009-05-26,.5SP10,381.5736
2009-05-27,.5SP10,376.4694
2009-05-28,.5SP10,387.7675
2009-05-29,.5SP10,392.2096
2009-06-01,.5SP10,407.5188
2009-06-02,.5SP10,407.6897
2009-06-03,.5SP10,394.0745
2009-06-04,.5SP10,401.9846
2009-06-05,.5SP10,399.3042
2009-06-08,.5SP10,399.3043
2009-06-09,.5SP10,402.6904
2009-06-10,.5SP10,405.5782
2009-06-11,.5SP10,412.748
2009-06-12,.5SP10,408.7625
2009-06-15,.5SP10,399.3413
2009-06-16,.5SP10,391.4745
2009-06-17,.5SP10,386.0076
2009-06-18,.5SP10,385.3745
2009-06-19,.5SP10,382.062
2009-06-22,.5SP10,364.4649
2009-06-23,.5SP10,367.224
2009-06-24,.5SP10,367.3156
2009-06-25,.5SP10,375.4934
2009-06-26,.5SP10,371.7772
2009-06-29,.5SP10,376.7263
2009-06-30,.5SP10,373.837
2009-07-01,.5SP10,374.6716
2009-07-02,.5SP10,361.2567
2009-07-03,.5SP10,361.26
2009-07-06,.5SP10,357.0809
2009-07-07,.5SP10,348.3101
2009-07-08,.5SP10,347.8849
2009-07-09,.5SP10,351.6251
2009-07-10,.5SP10,347.6394
2009-07-13,.5SP10,353.2252
2009-07-14,.5SP10,357.5904
2009-07-15,.5SP10,370.0617
2009-07-16,.5SP10,373.6885
2009-07-17,.5SP10,375.085
2009-07-20,.5SP10,381.2243
2009-07-21,.5SP10,385.3424
2009-07-22,.5SP10,381.3928
2009-07-23,.5SP10,392.437
2009-07-24,.5SP10,396.1905
2009-07-27,.5SP10,397.4543
2009-07-28,.5SP10,391.3067
2009-07-29,.5SP10,383.2242
2009-07-30,.5SP10,387.3635
2009-07-31,.5SP10,389.9245
2009-08-03,.5SP10,398.7819
2009-08-04,.5SP10,397.9409
2009-08-05,.5SP10,393.8003
2009-08-06,.5SP10,390.7962
2009-08-07,.5SP10,390.5071
2009-08-10,.5SP10,391.4895
2009-08-11,.5SP10,384.9388
2009-08-12,.5SP10,389.8433
2009-08-13,.5SP10,392.6944
2009-08-14,.5SP10,387.2843
2009-08-17,.5SP10,375.293
2009-08-18,.5SP10,378.6204
2009-08-19,.5SP10,385.8179
2009-08-20,.5SP10,389.2438
2009-08-21,.5SP10,399.6814
2009-08-24,.5SP10,404.9104
2009-08-25,.5SP10,399.4195
2009-08-26,.5SP10,401.553
2009-08-27,.5SP10,400.0452
2009-08-28,.5SP10,398.6054
2009-08-31,.5SP10,391.3081
2009-09-01,.5SP10,385.1296
2009-09-02,.5SP10,383.2303
2009-09-03,.5SP10,384.8057
2009-09-04,.5SP10,390.6449
2009-09-04,.5SP10,390.6449
2009-09-08,.5SP10,400.7078
2009-09-09,.5SP10,401.188
2009-09-10,.5SP10,407.1857
2009-09-11,.5SP10,407.3235
2009-09-14,.5SP10,409.5216
2009-09-15,.5SP10,412.4305
2009-09-16,.5SP10,421.7159
2009-09-17,.5SP10,419.0924
2009-09-18,.5SP10,418.8989
2009-09-21,.5SP10,415.1144
2009-09-22,.5SP10,420.8638
2009-09-23,.5SP10,412.8412
2009-09-24,.5SP10,407.3183
2009-09-25,.5SP10,406.9074
2009-09-28,.5SP10,413.8191
2009-09-29,.5SP10,411.4744
2009-09-30,.5SP10,409.3141
2009-10-01,.5SP10,397.9708
2009-10-02,.5SP10,395.3155
2009-10-05,.5SP10,404.0352
2009-10-06,.5SP10,412.6518
2009-10-07,.5SP10,415.2078
2009-10-08,.5SP10,424.6056
2009-10-09,.5SP10,425.1402
2009-10-12,.5SP10,430.3927
2009-10-13,.5SP10,430.4996
2009-10-14,.5SP10,438.344
2009-10-15,.5SP10,446.9328
2009-10-16,.5SP10,446.7204
2009-10-19,.5SP10,452.2251
2009-10-20,.5SP10,448.3696
2009-10-21,.5SP10,447.3416
2009-10-22,.5SP10,450.7514
2009-10-23,.5SP10,441.6907
2009-10-26,.5SP10,435.2274
2009-10-27,.5SP10,439.8469
2009-10-28,.5SP10,427.1495
2009-10-29,.5SP10,437.4925
2009-10-30,.5SP10,422.2181
2009-11-02,.5SP10,424.1763
2009-11-03,.5SP10,428.844
2009-11-04,.5SP10,428.2855
2009-11-05,.5SP10,435.1819
2009-11-06,.5SP10,434.2639
2009-11-09,.5SP10,440.9529
2009-11-10,.5SP10,441.1228
2009-11-11,.5SP10,441.3581
2009-11-12,.5SP10,432.3586
2009-11-13,.5SP10,435.305
2009-11-16,.5SP10,445.9661
2009-11-17,.5SP10,445.8051
2009-11-18,.5SP10,444.5915
2009-11-19,.5SP10,435.3994
2009-11-20,.5SP10,431.5458
2009-11-23,.5SP10,438.396
2009-11-24,.5SP10,440.2658
2009-11-25,.5SP10,444.5715
2009-11-25,.5SP10,444.5715
2009-11-27,.5SP10,433.8402
2009-11-30,.5SP10,434.2503
2009-12-01,.5SP10,440.5119
2009-12-02,.5SP10,437.1757
2009-12-03,.5SP10,430.9222
2009-12-04,.5SP10,427.4703
2009-12-07,.5SP10,426.1621
2009-12-08,.5SP10,418.7465
2009-12-09,.5SP10,419.2895
2009-12-10,.5SP10,422.9707
2009-12-11,.5SP10,423.3481
2009-12-14,.5SP10,424.0717
2009-12-15,.5SP10,424.4333
2009-12-16,.5SP10,426.4311
2009-12-17,.5SP10,423.4329
2009-12-18,.5SP10,424.5976
2009-12-21,.5SP10,429.1447
2009-12-22,.5SP10,431.0599
2009-12-23,.5SP10,433.1096
2009-12-24,.5SP10,435.1975
2009-12-24,.5SP10,435.1975
2009-12-28,.5SP10,436.4302
2009-12-29,.5SP10,433.4828
2009-12-30,.5SP10,433.6727
2009-12-31,.5SP10,429.9516
2009-12-31,.5SP10,429.9516
2010-01-04,.5SP10,442.0849
2010-01-05,.5SP10,445.6009
2010-01-06,.5SP10,450.204
2010-01-07,.5SP10,449.1999
2010-01-08,.5SP10,451.4685
2010-01-11,.5SP10,451.9857
2010-01-12,.5SP10,445.7353
2010-01-13,.5SP10,447.4931
2010-01-14,.5SP10,448.2564
2010-01-15,.5SP10,444.7822
2010-01-15,.5SP10,444.7822
2010-01-19,.5SP10,448.5767
2010-01-20,.5SP10,440.7934
2010-01-21,.5SP10,432.0028
2010-01-22,.5SP10,422.5569
2010-01-25,.5SP10,425.168
2010-01-26,.5SP10,423.1171
2010-01-27,.5SP10,420.6699
2010-01-28,.5SP10,416.4127
2010-01-29,.5SP10,410.5667
2010-02-01,.5SP10,422.6748
2010-02-02,.5SP10,428.6536
2010-02-03,.5SP10,425.4066
2010-02-04,.5SP10,408.8252
2010-02-05,.5SP10,408.3472
2010-02-08,.5SP10,404.6515
2010-02-09,.5SP10,412.7318
2010-02-10,.5SP10,410.5749
2010-02-11,.5SP10,417.0595
2010-02-12,.5SP10,414.7433
2010-02-12,.5SP10,414.7433
2010-02-16,.5SP10,425.774
2010-02-17,.5SP10,424.2957
2010-02-18,.5SP10,426.4292
2010-02-19,.5SP10,427.1272
2010-02-22,.5SP10,421.5054
2010-02-23,.5SP10,415.1721
2010-02-24,.5SP10,418.3735
2010-02-25,.5SP10,417.6157
2010-02-26,.5SP10,418.2676
2010-03-01,.5SP10,422.2529
2010-03-02,.5SP10,425.5788
2010-03-03,.5SP10,426.3873
2010-03-04,.5SP10,424.7731
2010-03-05,.5SP10,432.4581
2010-03-08,.5SP10,431.7683
2010-03-09,.5SP10,432.0421
2010-03-10,.5SP10,434.7716
2010-03-11,.5SP10,434.703
2010-03-12,.5SP10,434.4189
2010-03-15,.5SP10,430.2734
2010-03-16,.5SP10,433.9579
2010-03-17,.5SP10,438.7357
2010-03-18,.5SP10,433.635
2010-03-19,.5SP10,429.5448
2010-03-22,.5SP10,428.1971
2010-03-23,.5SP10,429.6154
2010-03-24,.5SP10,426.7896
2010-03-25,.5SP10,420.4547
2010-03-26,.5SP10,421.2192
2010-03-29,.5SP10,428.621
2010-03-30,.5SP10,428.6332
2010-03-31,.5SP10,430.3083
2010-04-01,.5SP10,437.3397
2010-04-01,.5SP10,437.3397
2010-04-05,.5SP10,444.5304
2010-04-06,.5SP10,444.5937
2010-04-07,.5SP10,440.1499
2010-04-08,.5SP10,442.8086
2010-04-09,.5SP10,447.7166
2010-04-12,.5SP10,449.0523
2010-04-13,.5SP10,446.9714
2010-04-14,.5SP10,451.1808
2010-04-15,.5SP10,451.1365
2010-04-16,.5SP10,444.2475
2010-04-19,.5SP10,445.0453
2010-04-20,.5SP10,453.5746
2010-04-21,.5SP10,452.8233
2010-04-22,.5SP10,452.5109
2010-04-23,.5SP10,462.8893
2010-04-26,.5SP10,461.8892
2010-04-27,.5SP10,449.0433
2010-04-28,.5SP10,453.8789
2010-04-29,.5SP10,454.385
2010-04-30,.5SP10,449.3698
2010-05-03,.5SP10,453.6197
2010-05-04,.5SP10,441.8171
2010-05-05,.5SP10,435.2969
2010-05-06,.5SP10,420.4599
2010-05-07,.5SP10,414.0446
2010-05-10,.5SP10,430.4061
2010-05-11,.5SP10,427.0073
2010-05-12,.5SP10,432.4275
2010-05-13,.5SP10,429.0857
2010-05-14,.5SP10,420.6431
2010-05-17,.5SP10,416.6417
2010-05-18,.5SP10,413.5925
2010-05-19,.5SP10,409.4778
2010-05-20,.5SP10,391.3346
2010-05-21,.5SP10,398.034
2010-05-24,.5SP10,389.395
2010-05-25,.5SP10,389.1455
2010-05-26,.5SP10,388.1008
2010-05-27,.5SP10,404.3892
2010-05-28,.5SP10,396.3061
2010-05-28,.5SP10,396.3061
2010-06-01,.5SP10,379.4698
2010-06-02,.5SP10,395.7162
2010-06-03,.5SP10,400.0211
2010-06-04,.5SP10,386.215
2010-06-07,.5SP10,383.1607
2010-06-08,.5SP10,390.3645
2010-06-09,.5SP10,385.3685
2010-06-10,.5SP10,404.2878
2010-06-11,.5SP10,406.046
2010-06-14,.5SP10,403.9944
2010-06-15,.5SP10,414.9338
2010-06-16,.5SP10,414.3243
2010-06-17,.5SP10,414.5264
2010-06-18,.5SP10,417.0925
2010-06-21,.5SP10,416.1121
2010-06-22,.5SP10,404.8646
2010-06-23,.5SP10,400.9578
2010-06-24,.5SP10,392.7065
2010-06-25,.5SP10,392.4973
2010-06-28,.5SP10,387.4658
2010-06-29,.5SP10,375.6456
2010-06-30,.5SP10,373.3594
2010-07-01,.5SP10,371.8241
2010-07-02,.5SP10,371.0815
2010-07-02,.5SP10,371.0815
2010-07-06,.5SP10,375.0276
2010-07-07,.5SP10,387.1541
2010-07-08,.5SP10,392.2167
2010-07-09,.5SP10,393.9399
2010-07-12,.5SP10,393.3977
2010-07-13,.5SP10,398.1489
2010-07-14,.5SP10,397.1268
2010-07-15,.5SP10,397.2707
2010-07-16,.5SP10,386.7672
2010-07-19,.5SP10,390.5305
2010-07-20,.5SP10,397.9742
2010-07-21,.5SP10,392.5952
2010-07-22,.5SP10,401.211
2010-07-23,.5SP10,402.2988
2010-07-26,.5SP10,406.5697
2010-07-27,.5SP10,405.07
2010-07-28,.5SP10,404.5073
2010-07-29,.5SP10,404.1618
2010-07-30,.5SP10,403.1355
2010-08-02,.5SP10,417.482
2010-08-03,.5SP10,418.2829
2010-08-04,.5SP10,420.4436
2010-08-05,.5SP10,420.8139
2010-08-06,.5SP10,415.9463
2010-08-09,.5SP10,418.3263
2010-08-10,.5SP10,415.0154
2010-08-11,.5SP10,402.804
2010-08-12,.5SP10,400.8197
2010-08-13,.5SP10,399.4576
2010-08-16,.5SP10,399.7383
2010-08-17,.5SP10,405.5853
2010-08-18,.5SP10,401.2307
2010-08-19,.5SP10,395.2014
2010-08-20,.5SP10,390.4134
2010-08-23,.5SP10,391.1891
2010-08-24,.5SP10,385.5702
2010-08-25,.5SP10,384.5596
2010-08-26,.5SP10,380.6019
2010-08-27,.5SP10,391.0547
2010-08-30,.5SP10,385.0064
2010-08-31,.5SP10,384.1445
2010-09-01,.5SP10,398.1252
2010-09-02,.5SP10,401.6078
2010-09-03,.5SP10,405.4271
2010-09-03,.5SP10,405.4271
2010-09-07,.5SP10,399.0178
2010-09-08,.5SP10,402.4073
2010-09-09,.5SP10,403.2645
2010-09-10,.5SP10,407.1665
2010-09-13,.5SP10,409.4452
2010-09-14,.5SP10,408.3609
2010-09-15,.5SP10,407.5972
2010-09-16,.5SP10,406.0897
2010-09-17,.5SP10,404.2486
2010-09-20,.5SP10,411.298
2010-09-21,.5SP10,410.8914
2010-09-22,.5SP10,408.8089
2010-09-23,.5SP10,405.6511
2010-09-24,.5SP10,414.5161
2010-09-27,.5SP10,412.7098
2010-09-28,.5SP10,415.8971
2010-09-29,.5SP10,418.8636
2010-09-30,.5SP10,419.2725
2010-10-01,.5SP10,424.7596
2010-10-04,.5SP10,420.1154
2010-10-05,.5SP10,429.8708
2010-10-06,.5SP10,433.3121
2010-10-07,.5SP10,431.6997
2010-10-08,.5SP10,436.6153
2010-10-11,.5SP10,437.2871
2010-10-12,.5SP10,436.7838
2010-10-13,.5SP10,441.5214
2010-10-14,.5SP10,441.2753
2010-10-15,.5SP10,442.4697
2010-10-18,.5SP10,446.049
2010-10-19,.5SP10,435.4037
2010-10-20,.5SP10,441.4712
2010-10-21,.5SP10,440.861
2010-10-22,.5SP10,444.0669
2010-10-25,.5SP10,444.4931
2010-10-26,.5SP10,445.6498
2010-10-27,.5SP10,442.9594
2010-10-28,.5SP10,442.8393
2010-10-29,.5SP10,442.5891
2010-11-01,.5SP10,443.8721
2010-11-02,.5SP10,448.7999
2010-11-03,.5SP10,449.6751
2010-11-04,.5SP10,462.9482
2010-11-05,.5SP10,465.1214
2010-11-08,.5SP10,466.6916
2010-11-09,.5SP10,465.2379
2010-11-10,.5SP10,471.3435
2010-11-11,.5SP10,476.0575
2010-11-12,.5SP10,469.5598
2010-11-15,.5SP10,467.3792
2010-11-16,.5SP10,457.6144
2010-11-17,.5SP10,459.4274
2010-11-18,.5SP10,469.2916
2010-11-19,.5SP10,472.2539
2010-11-22,.5SP10,470.4327
2010-11-23,.5SP10,461.5505
2010-11-24,.5SP10,469.6026
2010-11-24,.5SP10,469.6026
2010-11-26,.5SP10,464.2018
2010-11-29,.5SP10,466.5958
2010-11-30,.5SP10,465.2113
2010-12-01,.5SP10,478.7472
2010-12-02,.5SP10,485.0743
2010-12-03,.5SP10,487.2429
2010-12-06,.5SP10,488.5306
2010-12-07,.5SP10,487.3173
2010-12-08,.5SP10,485.768
2010-12-09,.5SP10,487.2007
2010-12-10,.5SP10,488.9377
2010-12-13,.5SP10,492.7998
2010-12-14,.5SP10,491.2535
2010-12-15,.5SP10,488.0083
2010-12-16,.5SP10,491.4551
2010-12-17,.5SP10,490.747
2010-12-20,.5SP10,494.2225
2010-12-21,.5SP10,498.5244
2010-12-22,.5SP10,500.519
2010-12-23,.5SP10,501.9754
2010-12-23,.5SP10,501.9754
2010-12-27,.5SP10,500.1563
2010-12-28,.5SP10,502.3581
2010-12-29,.5SP10,506.3839
2010-12-30,.5SP10,506.9605
2010-12-31,.5SP10,506.7509
2011-01-03,.5SP10,511.5424
2011-01-04,.5SP10,508.4075
2011-01-05,.5SP10,509.477
2011-01-06,.5SP10,505.8032
2011-01-07,.5SP10,509.1029
2011-01-10,.5SP10,507.0306
2011-01-11,.5SP10,514.9778
2011-01-12,.5SP10,521.1444
2011-01-13,.5SP10,520.0756
2011-01-14,.5SP10,526.0764
2011-01-14,.5SP10,526.0764
2011-01-18,.5SP10,529.6837
2011-01-19,.5SP10,524.2897
2011-01-20,.5SP10,520.6387
2011-01-21,.5SP10,524.2267
2011-01-24,.5SP10,525.4058
2011-01-25,.5SP10,523.935
2011-01-26,.5SP10,535.3432
2011-01-27,.5SP10,532.9418
2011-01-28,.5SP10,530.3089
2011-01-31,.5SP10,543.8414
2011-02-01,.5SP10,554.1261
2011-02-02,.5SP10,553.9232
2011-02-03,.5SP10,554.1962
2011-02-04,.5SP10,552.5054
2011-02-07,.5SP10,555.7137
2011-02-08,.5SP10,552.7142
2011-02-09,.5SP10,546.2489
2011-02-10,.5SP10,551.279
2011-02-11,.5SP10,551.0741
2011-02-14,.5SP10,562.7006
2011-02-15,.5SP10,556.3668
2011-02-16,.5SP10,563.3782
2011-02-17,.5SP10,568.0003
2011-02-18,.5SP10,571.2823
2011-02-18,.5SP10,571.2823
2011-02-22,.5SP10,567.5106
2011-02-23,.5SP10,578.5468
2011-02-24,.5SP10,570.456
2011-02-25,.5SP10,577.3681
2011-02-28,.5SP10,580.6663
2011-03-01,.5SP10,571.7924
2011-03-02,.5SP10,574.6463
2011-03-03,.5SP10,583.5151
2011-03-04,.5SP10,579.7844
2011-03-07,.5SP10,575.544
2011-03-08,.5SP10,571.9009
2011-03-09,.5SP10,568.3029
2011-03-10,.5SP10,547.6355
2011-03-11,.5SP10,556.566
2011-03-14,.5SP10,558.8877
2011-03-15,.5SP10,554.358
2011-03-16,.5SP10,544.2109
2011-03-17,.5SP10,560.8207
2011-03-18,.5SP10,558.6305
2011-03-21,.5SP10,574.8745
2011-03-22,.5SP10,573.3018
2011-03-23,.5SP10,574.6329
2011-03-24,.5SP10,576.1071
2011-03-25,.5SP10,581.423
2011-03-28,.5SP10,580.6866
2011-03-29,.5SP10,586.6736
2011-03-30,.5SP10,591.3412
2011-03-31,.5SP10,589.3144
2011-04-01,.5SP10,591.6612
2011-04-04,.5SP10,591.5534
2011-04-05,.5SP10,593.5705
2011-04-06,.5SP10,587.9687
2011-04-07,.5SP10,589.1321
2011-04-08,.5SP10,591.1783
2011-04-11,.5SP10,580.2699
2011-04-12,.5SP10,562.9299
2011-04-13,.5SP10,564.4717
2011-04-14,.5SP10,567.8758
2011-04-15,.5SP10,573.0635
2011-04-18,.5SP10,564.3503
2011-04-19,.5SP10,570.4991
2011-04-20,.5SP10,582.9844
2011-04-21,.5SP10,586.7363
2011-04-21,.5SP10,586.7363
2011-04-25,.5SP10,583.387
2011-04-26,.5SP10,590.1116
2011-04-27,.5SP10,590.0417
2011-04-28,.5SP10,589.101
2011-04-29,.5SP10,598.0166
2011-05-02,.5SP10,590.2049
2011-05-03,.5SP10,576.3074
2011-05-04,.5SP10,567.2491
2011-05-05,.5SP10,554.4352
2011-05-06,.5SP10,556.4591
2011-05-09,.5SP10,565.4025
2011-05-10,.5SP10,568.0615
2011-05-11,.5SP10,551.3379
2011-05-12,.5SP10,550.9873
2011-05-13,.5SP10,548.6409
2011-05-16,.5SP10,544.2258
2011-05-17,.5SP10,543.3603
2011-05-18,.5SP10,554.0798
2011-05-19,.5SP10,554.7693
2011-05-20,.5SP10,553.3166
2011-05-23,.5SP10,545.137
2011-05-24,.5SP10,552.4447
2011-05-25,.5SP10,560.4726
2011-05-26,.5SP10,563.4526
2011-05-27,.5SP10,564.6013
2011-05-27,.5SP10,564.6013
2011-05-31,.5SP10,570.4715
2011-06-01,.5SP10,557.3072
2011-06-02,.5SP10,556.3173
2011-06-03,.5SP10,556.4942
2011-06-06,.5SP10,545.2213
2011-06-07,.5SP10,544.5403
2011-06-08,.5SP10,546.8382
2011-06-09,.5SP10,553.605
2011-06-10,.5SP10,543.1978
2011-06-13,.5SP10,535.7792
2011-06-14,.5SP10,546.4304
2011-06-15,.5SP10,534.2414
2011-06-16,.5SP10,535.6401
2011-06-17,.5SP10,534.249
2011-06-20,.5SP10,536.2435
2011-06-21,.5SP10,546.0288
2011-06-22,.5SP10,543.6846
2011-06-23,.5SP10,537.401
2011-06-24,.5SP10,527.0493
2011-06-27,.5SP10,530.7962
2011-06-28,.5SP10,545.1285
2011-06-29,.5SP10,551.1433
2011-06-30,.5SP10,559.4647
2011-07-01,.5SP10,564.8649
2011-07-01,.5SP10,564.8649
2011-07-05,.5SP10,567.4273
2011-07-06,.5SP10,566.4199
2011-07-07,.5SP10,574.113
2011-07-08,.5SP10,570.1453
2011-07-11,.5SP10,558.5038
2011-07-12,.5SP10,556.7653
2011-07-13,.5SP10,560.583
2011-07-14,.5SP10,557.7956
2011-07-15,.5SP10,570.8381
2011-07-18,.5SP10,568.3029
2011-07-19,.5SP10,577.8734
2011-07-20,.5SP10,575.9856
2011-07-21,.5SP10,587.3447
2011-07-22,.5SP10,590.0907
2011-07-25,.5SP10,587.2682
2011-07-26,.5SP10,584.2892
2011-07-27,.5SP10,573.6201
2011-07-28,.5SP10,569.5961
2011-07-29,.5SP10,563.024
2011-08-01,.5SP10,562.5379
2011-08-02,.5SP10,547.4865
2011-08-03,.5SP10,544.3963
2011-08-04,.5SP10,507.4365
2011-08-05,.5SP10,506.8136
2011-08-08,.5SP10,464.8762
2011-08-09,.5SP10,486.3886
2011-08-10,.5SP10,468.0045
2011-08-11,.5SP10,492.2046
2011-08-12,.5SP10,495.5295
2011-08-15,.5SP10,512.3373
2011-08-16,.5SP10,503.6471
2011-08-17,.5SP10,505.9552
2011-08-18,.5SP10,477.215
2011-08-19,.5SP10,469.3311
2011-08-22,.5SP10,466.7542
2011-08-23,.5SP10,488.1269
2011-08-24,.5SP10,490.2373
2011-08-25,.5SP10,479.2743
2011-08-26,.5SP10,487.6222
2011-08-29,.5SP10,501.5694
2011-08-30,.5SP10,503.2127
2011-08-31,.5SP10,506.5157
2011-09-01,.5SP10,502.1244
2011-09-02,.5SP10,489.4001
2011-09-02,.5SP10,489.4001
2011-09-06,.5SP10,483.8406
2011-09-07,.5SP10,501.5005
2011-09-08,.5SP10,495.3822
2011-09-09,.5SP10,479.2781
2011-09-12,.5SP10,481.8184
2011-09-13,.5SP10,483.0135
2011-09-14,.5SP10,489.2126
2011-09-15,.5SP10,499.0037
2011-09-16,.5SP10,498.6109
2011-09-19,.5SP10,491.324
2011-09-20,.5SP10,488.2884
2011-09-21,.5SP10,468.8608
2011-09-22,.5SP10,444.0171
2011-09-23,.5SP10,440.5704
2011-09-26,.5SP10,456.2434
2011-09-27,.5SP10,463.1203
2011-09-28,.5SP10,449.196
2011-09-29,.5SP10,455.4745
2011-09-30,.5SP10,442.7854
2011-10-03,.5SP10,428.2481
2011-10-04,.5SP10,441.7517
2011-10-05,.5SP10,456.5037
2011-10-06,.5SP10,463.7654
2011-10-07,.5SP10,458.0976
2011-10-10,.5SP10,478.5365
2011-10-11,.5SP10,478.7706
2011-10-12,.5SP10,482.4591
2011-10-13,.5SP10,480.9672
2011-10-14,.5SP10,498.1675
2011-10-17,.5SP10,489.7391
2011-10-18,.5SP10,504.5019
2011-10-19,.5SP10,499.8505
2011-10-20,.5SP10,503.1654
2011-10-21,.5SP10,512.3649
2011-10-24,.5SP10,518.2518
2011-10-25,.5SP10,507.8618
2011-10-26,.5SP10,519.2714
2011-10-27,.5SP10,539.316
2011-10-28,.5SP10,541.8516
2011-10-31,.5SP10,517.8538
2011-11-01,.5SP10,501.7398
2011-11-02,.5SP10,516.0533
2011-11-03,.5SP10,528.904
2011-11-04,.5SP10,528.1507
2011-11-07,.5SP10,531.9559
2011-11-08,.5SP10,539.1515
2011-11-09,.5SP10,516.1948
2011-11-10,.5SP10,525.2492
2011-11-11,.5SP10,534.8903
2011-11-14,.5SP10,528.3964
2011-11-15,.5SP10,527.6006
2011-11-16,.5SP10,519.5521
2011-11-17,.5SP10,508.5341
2011-11-18,.5SP10,506.0912
2011-11-21,.5SP10,497.5601
2011-11-22,.5SP10,492.8065
2011-11-23,.5SP10,478.5202
2011-11-23,.5SP10,478.5202
2011-11-25,.5SP10,474.5117
2011-11-28,.5SP10,491.4834
2011-11-29,.5SP10,498.9932
2011-11-30,.5SP10,526.4086
2011-12-01,.5SP10,522.7598
2011-12-02,.5SP10,522.3231
2011-12-05,.5SP10,528.4743
2011-12-06,.5SP10,528.8497
2011-12-07,.5SP10,525.0262
2011-12-08,.5SP10,511.581
2011-12-09,.5SP10,522.9123
2011-12-12,.5SP10,510.61
2011-12-13,.5SP10,507.9781
2011-12-14,.5SP10,494.1771
2011-12-15,.5SP10,493.0176
2011-12-16,.5SP10,497.3992
2011-12-19,.5SP10,489.2
2011-12-20,.5SP10,508.5218
2011-12-21,.5SP10,514.419
2011-12-22,.5SP10,520.2923
2011-12-23,.5SP10,524.4722
2011-12-23,.5SP10,524.4722
2011-12-27,.5SP10,525.4901
2011-12-28,.5SP10,515.623
2011-12-29,.5SP10,521.6151
2011-12-30,.5SP10,520.8059
2011-12-30,.5SP10,520.8059
2012-01-03,.5SP10,534.3821
2012-01-04,.5SP10,535.1601
2012-01-05,.5SP10,531.9097
2012-01-06,.5SP10,529.0381
2012-01-09,.5SP10,532.0584
2012-01-10,.5SP10,535.8881
2012-01-11,.5SP10,528.8386
2012-01-12,.5SP10,524.3577
2012-01-13,.5SP10,522.4722
2012-01-13,.5SP10,522.4722
2012-01-17,.5SP10,526.3033
2012-01-18,.5SP10,534.2462
2012-01-19,.5SP10,536.4263
2012-01-20,.5SP10,536.999
2012-01-23,.5SP10,540.5398
2012-01-24,.5SP10,539.0991
2012-01-25,.5SP10,544.7788
2012-01-26,.5SP10,537.5577
2012-01-27,.5SP10,535.3352
2012-01-30,.5SP10,533.0608
2012-01-31,.5SP10,528.5337
2012-02-01,.5SP10,530.9505
2012-02-02,.5SP10,533.5094
2012-02-03,.5SP10,543.2922
2012-02-06,.5SP10,549.3374
2012-02-07,.5SP10,552.0317
2012-02-08,.5SP10,549.0132
2012-02-09,.5SP10,548.7206
2012-02-10,.5SP10,542.9827
2012-02-13,.5SP10,547.4057
2012-02-14,.5SP10,548.5251
2012-02-15,.5SP10,546.7717
2012-02-16,.5SP10,553.5348
2012-02-17,.5SP10,555.0342
2012-02-17,.5SP10,555.0342
2012-02-21,.5SP10,559.6233
2012-02-22,.5SP10,560.7351
2012-02-23,.5SP10,563.4877
2012-02-24,.5SP10,565.6637
2012-02-27,.5SP10,563.982
2012-02-28,.5SP10,563.1415
2012-02-29,.5SP10,557.3638
2012-03-01,.5SP10,562.4662
2012-03-02,.5SP10,556.1892
2012-03-05,.5SP10,554.4081
2012-03-06,.5SP10,545.3702
2012-03-07,.5SP10,548.8283
2012-03-08,.5SP10,551.5594
2012-03-09,.5SP10,550.796
2012-03-12,.5SP10,549.1796
2012-03-13,.5SP10,556.1596
2012-03-14,.5SP10,550.5918
2012-03-15,.5SP10,551.3095
2012-03-16,.5SP10,557.688
2012-03-19,.5SP10,560.979
2012-03-20,.5SP10,552.9708
2012-03-21,.5SP10,547.2137
2012-03-22,.5SP10,535.8419
2012-03-23,.5SP10,541.0064
2012-03-26,.5SP10,545.949
2012-03-27,.5SP10,540.8296
2012-03-28,.5SP10,534.1851
2012-03-29,.5SP10,534.4169
2012-03-30,.5SP10,538.4339
2012-04-02,.5SP10,543.4083
2012-04-03,.5SP10,538.064
2012-04-04,.5SP10,531.5243
2012-04-05,.5SP10,528.7158
2012-04-05,.5SP10,528.7158
2012-04-09,.5SP10,521.9881
2012-04-10,.5SP10,511.89
2012-04-11,.5SP10,511.9989
2012-04-12,.5SP10,522.6373
2012-04-13,.5SP10,514.3928
2012-04-16,.5SP10,513.0428
2012-04-17,.5SP10,522.0404
2012-04-18,.5SP10,521.008
2012-04-19,.5SP10,519.5338
2012-04-20,.5SP10,519.0628
2012-04-23,.5SP10,518.497
2012-04-24,.5SP10,522.3228
2012-04-25,.5SP10,526.883
2012-04-26,.5SP10,530.7667
2012-04-27,.5SP10,530.4896
2012-04-30,.5SP10,533.1473
2012-05-01,.5SP10,540.6773
2012-05-02,.5SP10,532.0044
2012-05-03,.5SP10,524.113
2012-05-04,.5SP10,512.7553
2012-05-07,.5SP10,511.6526
2012-05-08,.5SP10,509.7687
2012-05-09,.5SP10,506.1639
2012-05-10,.5SP10,508.0349
2012-05-11,.5SP10,504.4152
2012-05-14,.5SP10,496.5915
2012-05-15,.5SP10,489.2221
2012-05-16,.5SP10,486.9497
2012-05-17,.5SP10,483.6272
2012-05-18,.5SP10,480.2708
2012-05-21,.5SP10,490.4513
2012-05-22,.5SP10,488.8667
2012-05-23,.5SP10,490.7696
2012-05-24,.5SP10,490.4773
2012-05-25,.5SP10,488.8985
2012-05-25,.5SP10,488.8985
2012-05-29,.5SP10,495.3808
2012-05-30,.5SP10,480.6546
2012-05-31,.5SP10,476.5123
2012-06-01,.5SP10,466.4444
2012-06-04,.5SP10,466.2743
2012-06-05,.5SP10,469.0863
2012-06-06,.5SP10,483.8397
2012-06-07,.5SP10,484.7123
2012-06-08,.5SP10,484.7252
2012-06-11,.5SP10,479.0681
2012-06-12,.5SP10,485.2692
2012-06-13,.5SP10,479.96
2012-06-14,.5SP10,487.9701
2012-06-15,.5SP10,496.7057
2012-06-18,.5SP10,492.5404
2012-06-19,.5SP10,499.5207
2012-06-20,.5SP10,497.996
2012-06-21,.5SP10,478.1172
2012-06-22,.5SP10,480.1707
2012-06-25,.5SP10,471.13
2012-06-26,.5SP10,476.3771
2012-06-27,.5SP10,485.3443
2012-06-28,.5SP10,488.2491
2012-06-29,.5SP10,503.2708
2012-07-02,.5SP10,503.128
2012-07-03,.5SP10,514.0403
2012-07-04,.5SP10,514.04
2012-07-05,.5SP10,506.9891
2012-07-06,.5SP10,501.5225
2012-07-09,.5SP10,498.6685
2012-07-10,.5SP10,491.7724
2012-07-11,.5SP10,498.5917
2012-07-12,.5SP10,496.4933
2012-07-13,.5SP10,505.183
2012-07-16,.5SP10,506.6742
2012-07-17,.5SP10,512.5667
2012-07-18,.5SP10,516.8153
2012-07-19,.5SP10,517.7847
2012-07-20,.5SP10,518.11
2012-07-23,.5SP10,513.1051
2012-07-24,.5SP10,505.9408
2012-07-25,.5SP10,506.6447
2012-07-26,.5SP10,520.178
2012-07-27,.5SP10,528.23
2012-07-30,.5SP10,529.5539
2012-07-31,.5SP10,523.7011
2012-08-01,.5SP10,526.2296
2012-08-02,.5SP10,517.5142
2012-08-03,.5SP10,529.7173
2012-08-06,.5SP10,530.4759
2012-08-07,.5SP10,537.4967
2012-08-08,.5SP10,538.4048
2012-08-09,.5SP10,540.3569
2012-08-10,.5SP10,542.1044
2012-08-13,.5SP10,539.3794
2012-08-14,.5SP10,538.8681
2012-08-15,.5SP10,537.2896
2012-08-16,.5SP10,542.4888
2012-08-17,.5SP10,541.3197
2012-08-20,.5SP10,539.9772
2012-08-21,.5SP10,538.014
2012-08-22,.5SP10,539.4522
2012-08-23,.5SP10,534.139
2012-08-24,.5SP10,537.6406
2012-08-27,.5SP10,537.0029
2012-08-28,.5SP10,537.931
2012-08-29,.5SP10,534.8197
2012-08-30,.5SP10,529.0615
2012-08-31,.5SP10,533.5448
2012-08-31,.5SP10,533.5448
2012-09-04,.5SP10,529.8337
2012-09-05,.5SP10,528.2634
2012-09-06,.5SP10,538.8748
2012-09-07,.5SP10,547.6558
2012-09-10,.5SP10,545.1982
2012-09-11,.5SP10,550.1716
2012-09-12,.5SP10,552.3255
2012-09-13,.5SP10,562.5426
2012-09-14,.5SP10,569.9
2012-09-17,.5SP10,565.4424
2012-09-18,.5SP10,561.3734
2012-09-19,.5SP10,556.1226
2012-09-20,.5SP10,558.5284
2012-09-21,.5SP10,559.5692
2012-09-24,.5SP10,556.6592
2012-09-25,.5SP10,551.689
2012-09-26,.5SP10,546.7955
2012-09-27,.5SP10,553.9307
2012-09-28,.5SP10,551.1928
2012-10-01,.5SP10,554.1773
2012-10-02,.5SP10,554.4151
2012-10-03,.5SP10,548.2406
2012-10-04,.5SP10,553.7477
2012-10-05,.5SP10,552.9254
2012-10-08,.5SP10,553.6953
2012-10-09,.5SP10,553.7453
2012-10-10,.5SP10,543.8387
2012-10-11,.5SP10,547.0761
2012-10-12,.5SP10,544.2364
2012-10-15,.5SP10,547.043
2012-10-16,.5SP10,555.4561
2012-10-17,.5SP10,562.0224
2012-10-18,.5SP10,562.1921
2012-10-19,.5SP10,553.7602
2012-10-22,.5SP10,551.3801
2012-10-23,.5SP10,538.3545
2012-10-24,.5SP10,534.9779
2012-10-25,.5SP10,539.9303
2012-10-26,.5SP10,540.4408
2012-10-26,.5SP10,540.4408
2012-10-26,.5SP10,540.4408
2012-10-31,.5SP10,539.9414
2012-11-01,.5SP10,543.1434
2012-11-02,.5SP10,533.8744
2012-11-05,.5SP10,537.7426
2012-11-06,.5SP10,546.1583
2012-11-07,.5SP10,529.4398
2012-11-08,.5SP10,520.7143
2012-11-09,.5SP10,520.8184
2012-11-12,.5SP10,521.5385
2012-11-13,.5SP10,518.5742
2012-11-14,.5SP10,511.9596
2012-11-15,.5SP10,512.485
2012-11-16,.5SP10,514.3507
2012-11-19,.5SP10,525.7997
2012-11-20,.5SP10,523.7246
2012-11-21,.5SP10,526.6073
2012-11-21,.5SP10,526.6073
2012-11-23,.5SP10,533.5816
2012-11-26,.5SP10,529.2115
2012-11-27,.5SP10,524.1955
2012-11-28,.5SP10,529.8846
2012-11-29,.5SP10,530.3842
2012-11-30,.5SP10,530.2111
2012-12-03,.5SP10,526.9698
2012-12-04,.5SP10,524.9536
2012-12-05,.5SP10,528.6235
2012-12-06,.5SP10,530.2303
2012-12-07,.5SP10,533.6926
2012-12-10,.5SP10,533.1648
2012-12-11,.5SP10,536.0896
2012-12-12,.5SP10,538.2179
2012-12-13,.5SP10,533.4537
2012-12-14,.5SP10,531.0463
2012-12-17,.5SP10,535.7394
2012-12-18,.5SP10,544.7611
2012-12-19,.5SP10,540.4172
2012-12-20,.5SP10,544.3471
2012-12-21,.5SP10,538.0316
2012-12-24,.5SP10,534.1479
2012-12-24,.5SP10,534.1479
2012-12-26,.5SP10,532.1602
2012-12-27,.5SP10,531.4279
2012-12-28,.5SP10,522.0309
2012-12-31,.5SP10,532.9598
2012-12-31,.5SP10,532.9598
2013-01-02,.5SP10,545.39
2013-01-03,.5SP10,544.8521
2013-01-04,.5SP10,550.5601
2013-01-07,.5SP10,546.0581
2013-01-08,.5SP10,545.187
2013-01-09,.5SP10,544.0839
2013-01-10,.5SP10,549.2421
2013-01-11,.5SP10,550.4612
2013-01-14,.5SP10,550.407
2013-01-15,.5SP10,552.4937
2013-01-16,.5SP10,554.2019
2013-01-17,.5SP10,558.0314
2013-01-18,.5SP10,563.072
2013-01-18,.5SP10,563.072
2013-01-22,.5SP10,567.981
2013-01-23,.5SP10,565.8944
2013-01-24,.5SP10,568.3124
2013-01-25,.5SP10,573.2572
2013-01-28,.5SP10,571.3794
2013-01-29,.5SP10,580.3332
2013-01-30,.5SP10,576.4654
2013-01-31,.5SP10,573.4093
2013-02-01,.5SP10,578.7162
2013-02-04,.5SP10,573.2314
2013-02-05,.5SP10,577.4102
2013-02-06,.5SP10,577.5726
2013-02-07,.5SP10,574.5342
2013-02-08,.5SP10,579.2701
2013-02-11,.5SP10,576.0447
2013-02-12,.5SP10,577.8472
2013-02-13,.5SP10,579.0709
2013-02-14,.5SP10,582.0961
2013-02-15,.5SP10,575.965
2013-02-15,.5SP10,575.965
2013-02-19,.5SP10,582.6099
2013-02-20,.5SP10,572.0332
2013-02-21,.5SP10,568.1958
2013-02-22,.5SP10,573.5716
2013-02-25,.5SP10,559.1546
2013-02-26,.5SP10,564.3484
2013-02-27,.5SP10,572.9588
2013-02-28,.5SP10,573.3893
2013-03-01,.5SP10,572.1332
2013-03-04,.5SP10,570.7532
2013-03-05,.5SP10,574.8717
2013-03-06,.5SP10,575.1589
2013-03-07,.5SP10,576.6074
2013-03-08,.5SP10,579.2087
2013-03-11,.5SP10,579.4234
2013-03-12,.5SP10,580.1522
2013-03-13,.5SP10,579.0736
2013-03-14,.5SP10,586.6148
2013-03-15,.5SP10,585.7347
2013-03-18,.5SP10,580.5712
2013-03-19,.5SP10,575.112
2013-03-20,.5SP10,578.442
2013-03-21,.5SP10,575.4109
2013-03-22,.5SP10,580.134
2013-03-25,.5SP10,577.9316
2013-03-26,.5SP10,584.0879
2013-03-27,.5SP10,585.8101
2013-03-28,.5SP10,583.9847
2013-03-28,.5SP10,583.9847
2013-04-01,.5SP10,583.8824
2013-04-02,.5SP10,581.1406
2013-04-03,.5SP10,571.7755
2013-04-04,.5SP10,571.121
2013-04-05,.5SP10,571.1584
2013-04-08,.5SP10,573.9969
2013-04-09,.5SP10,578.3111
2013-04-10,.5SP10,581.2205
2013-04-11,.5SP10,583.8671
2013-04-12,.5SP10,576.1149
2013-04-15,.5SP10,553.7934
2013-04-16,.5SP10,559.7446
2013-04-17,.5SP10,548.8664
2013-04-18,.5SP10,552.7308
2013-04-19,.5SP10,552.5587
2013-04-22,.5SP10,558.3189
2013-04-23,.5SP10,564.6871
2013-04-24,.5SP10,571.2989
2013-04-25,.5SP10,570.4512
2013-04-26,.5SP10,570.3366
2013-04-29,.5SP10,575.9355
2013-04-30,.5SP10,578.8367
2013-05-01,.5SP10,569.3649
2013-05-02,.5SP10,576.6843
2013-05-03,.5SP10,587.0746
2013-05-06,.5SP10,590.3501
2013-05-07,.5SP10,594.3311
2013-05-08,.5SP10,595.6007
2013-05-09,.5SP10,593.9537
2013-05-10,.5SP10,591.199
2013-05-13,.5SP10,591.055
2013-05-14,.5SP10,598.665
2013-05-15,.5SP10,596.4441
2013-05-16,.5SP10,593.2666
2013-05-17,.5SP10,602.6325
2013-05-20,.5SP10,610.3847
2013-05-21,.5SP10,610.1377
2013-05-22,.5SP10,602.6313
2013-05-23,.5SP10,601.4261
2013-05-24,.5SP10,599.3496
2013-05-24,.5SP10,599.3496
2013-05-28,.5SP10,605.387
2013-05-29,.5SP10,604.2479
2013-05-30,.5SP10,602.8702
2013-05-31,.5SP10,590.8633
2013-06-03,.5SP10,596.7929
2013-06-04,.5SP10,592.0903
2013-06-05,.5SP10,585.4519
2013-06-06,.5SP10,589.2759
2013-06-07,.5SP10,596.2222
2013-06-10,.5SP10,594.6022
2013-06-11,.5SP10,586.2254
2013-06-12,.5SP10,581.8477
2013-06-13,.5SP10,591.9782
2013-06-14,.5SP10,586.2442
2013-06-17,.5SP10,593.838
2013-06-18,.5SP10,597.2312
2013-06-19,.5SP10,591.2385
2013-06-20,.5SP10,575.1307
2013-06-21,.5SP10,576.9935
2013-06-24,.5SP10,568.1812
2013-06-25,.5SP10,574.4872
2013-06-26,.5SP10,578.5013
2013-06-27,.5SP10,579.7777
2013-06-28,.5SP10,578.5373
2013-07-01,.5SP10,581.7551
2013-07-02,.5SP10,583.0593
2013-07-03,.5SP10,583.2134
2013-07-03,.5SP10,583.2134
2013-07-05,.5SP10,589.5906
2013-07-08,.5SP10,593.7177
2013-07-09,.5SP10,600.0467
2013-07-10,.5SP10,596.5568
2013-07-11,.5SP10,602.1114
2013-07-12,.5SP10,604.4771
2013-07-15,.5SP10,604.0463
2013-07-16,.5SP10,600.6735
2013-07-17,.5SP10,603.3574
2013-07-18,.5SP10,609.0305
2013-07-19,.5SP10,617.2791
2013-07-22,.5SP10,615.7592
2013-07-23,.5SP10,616.9614
2013-07-24,.5SP10,611.0615
2013-07-25,.5SP10,614.2398
2013-07-26,.5SP10,612.5459
2013-07-29,.5SP10,607.3713
2013-07-30,.5SP10,605.6549
2013-07-31,.5SP10,607.4597
2013-08-01,.5SP10,614.5639
2013-08-02,.5SP10,610.9634
2013-08-05,.5SP10,609.2567
2013-08-06,.5SP10,606.2502
2013-08-07,.5SP10,604.1456
2013-08-08,.5SP10,607.5403
2013-08-09,.5SP10,604.5617
2013-08-12,.5SP10,601.3327
2013-08-13,.5SP10,602.3433
2013-08-14,.5SP10,599.9233
2013-08-15,.5SP10,595.9364
2013-08-16,.5SP10,593.4851
2013-08-19,.5SP10,584.3708
2013-08-20,.5SP10,587.041
2013-08-21,.5SP10,583.8741
2013-08-22,.5SP10,591.7264
2013-08-23,.5SP10,596.124
2013-08-26,.5SP10,594.6405
2013-08-27,.5SP10,591.0511
2013-08-28,.5SP10,601.5263
2013-08-29,.5SP10,594.9938
2013-08-30,.5SP10,594.8423
2013-08-30,.5SP10,594.8423
2013-09-03,.5SP10,598.3311
2013-09-04,.5SP10,601.4847
2013-09-05,.5SP10,602.981
2013-09-06,.5SP10,603.1086
2013-09-09,.5SP10,609.273
2013-09-10,.5SP10,609.3735
2013-09-11,.5SP10,613.9784
2013-09-12,.5SP10,610.33
2013-09-13,.5SP10,610.6216
2013-09-16,.5SP10,610.717
2013-09-17,.5SP10,613.3135
2013-09-18,.5SP10,620.7463
2013-09-19,.5SP10,619.4157
2013-09-20,.5SP10,614.5842
2013-09-23,.5SP10,611.5321
2013-09-24,.5SP10,611.7589
2013-09-25,.5SP10,611.4547
2013-09-26,.5SP10,611.8273
2013-09-27,.5SP10,609.937
2013-09-30,.5SP10,604.8587
2013-10-01,.5SP10,608.1448
2013-10-02,.5SP10,609.7152
2013-10-03,.5SP10,604.5988
2013-10-04,.5SP10,609.7553
2013-10-07,.5SP10,605.4546
2013-10-08,.5SP10,599.3246
2013-10-09,.5SP10,597.3729
2013-10-10,.5SP10,607.6485
2013-10-11,.5SP10,613.9171
2013-10-14,.5SP10,617.7406
2013-10-15,.5SP10,615.0765
2013-10-16,.5SP10,623.4898
2013-10-17,.5SP10,624.8319
2013-10-18,.5SP10,630.2741
2013-10-21,.5SP10,627.8569
2013-10-22,.5SP10,632.1077
2013-10-23,.5SP10,623.6038
2013-10-24,.5SP10,627.2425
2013-10-25,.5SP10,629.8171
2013-10-28,.5SP10,630.7143
2013-10-29,.5SP10,634.8561
2013-10-30,.5SP10,630.8887
2013-10-31,.5SP10,629.4896
2013-11-01,.5SP10,627.5466
2013-11-04,.5SP10,635.7948
2013-11-05,.5SP10,630.9033
2013-11-06,.5SP10,634.6399
2013-11-07,.5SP10,625.1914
2013-11-08,.5SP10,634.0845
2013-11-11,.5SP10,635.1161
2013-11-12,.5SP10,629.6303
2013-11-13,.5SP10,633.697
2013-11-14,.5SP10,637.1105
2013-11-15,.5SP10,641.5648
2013-11-18,.5SP10,637.5851
2013-11-19,.5SP10,638.71
2013-11-20,.5SP10,636.8202
2013-11-21,.5SP10,642.13
2013-11-22,.5SP10,645.7136
2013-11-25,.5SP10,640.3739
2013-11-26,.5SP10,638.1657
2013-11-27,.5SP10,633.6716
2013-11-27,.5SP10,633.6716
2013-11-29,.5SP10,632.6584
2013-12-02,.5SP10,632.9645
2013-12-03,.5SP10,635.0549
2013-12-04,.5SP10,632.3425
2013-12-05,.5SP10,629.6073
2013-12-06,.5SP10,632.9312
2013-12-09,.5SP10,633.4871
2013-12-10,.5SP10,631.7475
2013-12-11,.5SP10,622.729
2013-12-12,.5SP10,625.6906
2013-12-13,.5SP10,623.2957
2013-12-16,.5SP10,629.2797
2013-12-17,.5SP10,625.4757
2013-12-18,.5SP10,635.8138
2013-12-19,.5SP10,637.2279
2013-12-20,.5SP10,638.0379
2013-12-23,.5SP10,638.2553
2013-12-24,.5SP10,642.3207
2013-12-24,.5SP10,642.3207
2013-12-26,.5SP10,647.828
2013-12-27,.5SP10,650.9737
2013-12-30,.5SP10,645.7709
2013-12-31,.5SP10,651.669
2013-12-31,.5SP10,651.669
2014-01-02,.5SP10,643.1573
2014-01-03,.5SP10,641.5256
2014-01-06,.5SP10,641.9311
2014-01-07,.5SP10,647.6582
2014-01-08,.5SP10,643.2393
2014-01-09,.5SP10,640.8784
2014-01-10,.5SP10,641.8304
2014-01-13,.5SP10,629.6298
2014-01-14,.5SP10,636.5022
2014-01-15,.5SP10,634.4685
2014-01-16,.5SP10,634.9598
2014-01-17,.5SP10,634.6203
2014-01-17,.5SP10,634.6203
2014-01-21,.5SP10,637.8366
2014-01-22,.5SP10,639.8858
2014-01-23,.5SP10,632.7135
2014-01-24,.5SP10,619.6543
2014-01-27,.5SP10,617.5423
2014-01-28,.5SP10,622.3535
2014-01-29,.5SP10,618.6645
2014-01-30,.5SP10,619.6346
2014-01-31,.5SP10,610.4382
2014-02-03,.5SP10,599.5829
2014-02-04,.5SP10,603.9832
2014-02-05,.5SP10,598.7712
2014-02-06,.5SP10,606.5688
2014-02-07,.5SP10,613.2091
2014-02-10,.5SP10,609.3494
2014-02-11,.5SP10,618.0399
2014-02-12,.5SP10,615.7557
2014-02-13,.5SP10,618.1152
2014-02-14,.5SP10,627.1085
2014-02-14,.5SP10,627.1085
2014-02-18,.5SP10,629.1112
2014-02-19,.5SP10,629.4166
2014-02-20,.5SP10,634.2191
2014-02-21,.5SP10,629.8082
2014-02-24,.5SP10,639.3581
2014-02-25,.5SP10,639.2652
2014-02-26,.5SP10,635.3644
2014-02-27,.5SP10,635.2924
2014-02-28,.5SP10,638.3604
2014-03-03,.5SP10,634.5104
2014-03-04,.5SP10,640.9583
2014-03-05,.5SP10,634.0662
2014-03-06,.5SP10,637.6088
2014-03-07,.5SP10,640.1564
2014-03-10,.5SP10,641.4819
2014-03-11,.5SP10,633.9937
2014-03-12,.5SP10,634.2783
2014-03-13,.5SP10,628.1061
2014-03-14,.5SP10,628.9795
2014-03-17,.5SP10,633.0098
2014-03-18,.5SP10,637.9365
2014-03-19,.5SP10,632.129
2014-03-20,.5SP10,635.3249
2014-03-21,.5SP10,636.9572
2014-03-24,.5SP10,636.2132
2014-03-25,.5SP10,641.5489
2014-03-26,.5SP10,639.492
2014-03-27,.5SP10,645.0004
2014-03-28,.5SP10,652.9753
2014-03-31,.5SP10,652.8977
2014-04-01,.5SP10,656.3827
2014-04-02,.5SP10,658.4732
2014-04-03,.5SP10,662.1884
2014-04-04,.5SP10,659.4976
2014-04-07,.5SP10,649.9799
2014-04-08,.5SP10,655.87
2014-04-09,.5SP10,659.0341
2014-04-10,.5SP10,650.2503
2014-04-11,.5SP10,648.8039
2014-04-14,.5SP10,657.3064
2014-04-15,.5SP10,665.5505
2014-04-16,.5SP10,673.576
2014-04-17,.5SP10,679.1194
2014-04-17,.5SP10,679.1194
2014-04-21,.5SP10,683.5624
2014-04-22,.5SP10,682.055
2014-04-23,.5SP10,685.2757
2014-04-24,.5SP10,684.6167
2014-04-25,.5SP10,681.6233
2014-04-28,.5SP10,683.4463
2014-04-29,.5SP10,686.3381
2014-04-30,.5SP10,686.2882
2014-05-01,.5SP10,683.8424
2014-05-02,.5SP10,686.0253
2014-05-05,.5SP10,689.2021
2014-05-06,.5SP10,690.2002
2014-05-07,.5SP10,695.5072
2014-05-08,.5SP10,686.5669
2014-05-09,.5SP10,685.3528
2014-05-12,.5SP10,689.5597
2014-05-13,.5SP10,691.8017
2014-05-14,.5SP10,692.094
2014-05-15,.5SP10,683.0308
2014-05-16,.5SP10,681.1316
2014-05-19,.5SP10,683.1433
2014-05-20,.5SP10,681.4868
2014-05-21,.5SP10,688.8807
2014-05-22,.5SP10,687.7523
2014-05-23,.5SP10,686.9026
2014-05-23,.5SP10,686.9026
2014-05-27,.5SP10,688.4711
2014-05-28,.5SP10,689.2751
2014-05-29,.5SP10,694.2629
2014-05-30,.5SP10,693.4613
2014-06-02,.5SP10,691.805
2014-06-03,.5SP10,694.1024
2014-06-04,.5SP10,693.1599
2014-06-05,.5SP10,697.3635
2014-06-06,.5SP10,703.1287
2014-06-09,.5SP10,703.8533
2014-06-10,.5SP10,703.136
2014-06-11,.5SP10,705.4195
2014-06-12,.5SP10,707.692
2014-06-13,.5SP10,714.8262
2014-06-16,.5SP10,718.5597
2014-06-17,.5SP10,717.3447
2014-06-18,.5SP10,722.754
2014-06-19,.5SP10,727.2315
2014-06-20,.5SP10,734.1589
2014-06-23,.5SP10,737.0904
2014-06-24,.5SP10,722.5021
2014-06-25,.5SP10,727.2998
2014-06-26,.5SP10,727.8727
2014-06-27,.5SP10,727.5155
2014-06-30,.5SP10,727.6269
2014-07-01,.5SP10,728.3412
2014-07-02,.5SP10,727.5341
2014-07-03,.5SP10,730.3713
2014-07-03,.5SP10,730.3713
2014-07-07,.5SP10,726.2309
2014-07-08,.5SP10,725.0826
2014-07-09,.5SP10,729.6915
2014-07-10,.5SP10,722.7645
2014-07-11,.5SP10,717.2358
2014-07-14,.5SP10,723.5103
2014-07-15,.5SP10,720.3365
2014-07-16,.5SP10,731.589
2014-07-17,.5SP10,719.871
2014-07-18,.5SP10,721.9107
2014-07-21,.5SP10,723.0263
2014-07-22,.5SP10,728.5457
2014-07-23,.5SP10,732.617
2014-07-24,.5SP10,733.4366
2014-07-25,.5SP10,727.8071
2014-07-28,.5SP10,726.9714
2014-07-29,.5SP10,724.0726
2014-07-30,.5SP10,720.3294
2014-07-31,.5SP10,702.8674
2014-08-01,.5SP10,697.8695
2014-08-04,.5SP10,709.1011
2014-08-05,.5SP10,693.9375
2014-08-06,.5SP10,696.6612
2014-08-07,.5SP10,691.8956
2014-08-08,.5SP10,703.496
2014-08-11,.5SP10,702.4487
2014-08-12,.5SP10,697.7812
2014-08-13,.5SP10,700.1036
2014-08-14,.5SP10,696.5758
2014-08-15,.5SP10,700.1526
2014-08-18,.5SP10,702.1226
2014-08-19,.5SP10,707.2276
2014-08-20,.5SP10,708.6501
2014-08-21,.5SP10,708.6684
2014-08-22,.5SP10,704.0585
2014-08-25,.5SP10,709.6114
2014-08-26,.5SP10,713.285
2014-08-27,.5SP10,712.5924
2014-08-28,.5SP10,712.2658
2014-08-29,.5SP10,715.7178
2014-08-29,.5SP10,715.7178
2014-09-02,.5SP10,706.7999
2014-09-03,.5SP10,708.9985
2014-09-04,.5SP10,699.8309
2014-09-05,.5SP10,704.6385
2014-09-08,.5SP10,693.4657
2014-09-09,.5SP10,690.176
2014-09-10,.5SP10,688.0968
2014-09-11,.5SP10,688.6982
2014-09-12,.5SP10,678.3286
2014-09-15,.5SP10,683.2851
2014-09-16,.5SP10,691.3885
2014-09-17,.5SP10,688.0752
2014-09-18,.5SP10,684.8027
2014-09-19,.5SP10,684.8246
2014-09-22,.5SP10,675.5215
2014-09-23,.5SP10,673.391
2014-09-24,.5SP10,673.6303
2014-09-25,.5SP10,663.2894
2014-09-26,.5SP10,671.9459
2014-09-29,.5SP10,669.1091
2014-09-30,.5SP10,661.0547
2014-10-01,.5SP10,648.7135
2014-10-02,.5SP10,646.2472
2014-10-03,.5SP10,646.2604
2014-10-06,.5SP10,647.0879
2014-10-07,.5SP10,638.478
2014-10-08,.5SP10,644.909
2014-10-09,.5SP10,621.0427
2014-10-10,.5SP10,613.729
2014-10-13,.5SP10,596.2138
2014-10-14,.5SP10,588.8966
2014-10-15,.5SP10,591.4169
2014-10-16,.5SP10,601.3866
2014-10-17,.5SP10,606.8966
2014-10-20,.5SP10,611.5076
2014-10-21,.5SP10,629.4049
2014-10-22,.5SP10,618.9662
2014-10-23,.5SP10,630.023
2014-10-24,.5SP10,628.2298
2014-10-27,.5SP10,615.4751
2014-10-28,.5SP10,629.442
2014-10-29,.5SP10,630.4456
2014-10-30,.5SP10,628.5008
2014-10-31,.5SP10,641.3198
2014-11-03,.5SP10,630.1571
2014-11-04,.5SP10,617.9915
2014-11-05,.5SP10,628.786
2014-11-06,.5SP10,636.835
2014-11-07,.5SP10,642.798
2014-11-10,.5SP10,637.4497
2014-11-11,.5SP10,639.1172
2014-11-12,.5SP10,633.2058
2014-11-13,.5SP10,624.6911
2014-11-14,.5SP10,629.8818
2014-11-17,.5SP10,627.1538
2014-11-18,.5SP10,627.4221
2014-11-19,.5SP10,630.927
2014-11-20,.5SP10,637.8233
2014-11-21,.5SP10,645.5964
2014-11-24,.5SP10,640.8818
2014-11-25,.5SP10,630.6171
2014-11-26,.5SP10,623.6512
2014-11-26,.5SP10,623.6512
2014-11-28,.5SP10,584.5801
2014-12-01,.5SP10,588.7375
2014-12-02,.5SP10,596.5754
2014-12-03,.5SP10,603.5275
2014-12-04,.5SP10,598.6723
2014-12-05,.5SP10,591.5268
2014-12-08,.5SP10,568.4346
2014-12-09,.5SP10,573.2937
2014-12-10,.5SP10,555.6321
2014-12-11,.5SP10,555.8225
2014-12-12,.5SP10,543.9009
2014-12-15,.5SP10,540.0251
2014-12-16,.5SP10,543.7924
2014-12-17,.5SP10,566.7508
2014-12-18,.5SP10,578.7944
2014-12-19,.5SP10,596.8541
2014-12-22,.5SP10,591.0113
2014-12-23,.5SP10,598.4374
2014-12-24,.5SP10,593.5964
2014-12-24,.5SP10,593.5964
2014-12-26,.5SP10,593.1895
2014-12-29,.5SP10,594.7596
2014-12-30,.5SP10,591.0482
2014-12-31,.5SP10,586.5928
2014-12-31,.5SP10,586.5928
2015-01-02,.5SP10,589.1193
2015-01-05,.5SP10,565.6016
2015-01-06,.5SP10,558.1934
2015-01-07,.5SP10,560.0933
2015-01-08,.5SP10,572.4412
2015-01-09,.5SP10,567.9195
2015-01-12,.5SP10,552.0002
2015-01-13,.5SP10,547.9925
2015-01-14,.5SP10,548.6809
2015-01-15,.5SP10,542.058
2015-01-16,.5SP10,559.363
2015-01-16,.5SP10,559.363
2015-01-20,.5SP10,559.9002
2015-01-21,.5SP10,570.1519
2015-01-22,.5SP10,573.4432
2015-01-23,.5SP10,568.2832
2015-01-26,.5SP10,576.1801
2015-01-27,.5SP10,575.1803
2015-01-28,.5SP10,552.9114
2015-01-29,.5SP10,553.8635
2015-01-30,.5SP10,557.9468
2015-02-02,.5SP10,574.682
2015-02-03,.5SP10,590.6352
2015-02-04,.5SP10,581.1178
2015-02-05,.5SP10,589.5252
2015-02-06,.5SP10,587.9834
2015-02-09,.5SP10,589.0285
2015-02-10,.5SP10,587.8916
2015-02-11,.5SP10,584.0261
2015-02-12,.5SP10,591.8431
2015-02-13,.5SP10,603.4048
2015-02-13,.5SP10,603.4048
2015-02-17,.5SP10,604.2766
2015-02-18,.5SP10,595.4756
2015-02-19,.5SP10,590.8283
2015-02-20,.5SP10,589.0726
2015-02-23,.5SP10,586.5955
2015-02-24,.5SP10,587.7331
2015-02-25,.5SP10,590.1782
2015-02-26,.5SP10,579.7641
2015-02-27,.5SP10,577.5108
2015-03-02,.5SP10,573.5057
2015-03-03,.5SP10,574.8069
2015-03-04,.5SP10,573.628
2015-03-05,.5SP10,570.0762
2015-03-06,.5SP10,560.6586
2015-03-09,.5SP10,556.7872
2015-03-10,.5SP10,548.8677
2015-03-11,.5SP10,549.9664
2015-03-12,.5SP10,547.4187
2015-03-13,.5SP10,544.8686
2015-03-16,.5SP10,552.202
2015-03-17,.5SP10,549.3241
2015-03-18,.5SP10,565.2499
2015-03-19,.5SP10,555.6827
2015-03-20,.5SP10,563.296
2015-03-23,.5SP10,562.296
2015-03-24,.5SP10,557.7504
2015-03-25,.5SP10,564.5526
2015-03-26,.5SP10,563.4091
2015-03-27,.5SP10,559.2284
2015-03-30,.5SP10,571.0001
2015-03-31,.5SP10,565.7551
2015-04-01,.5SP10,566.7999
2015-04-02,.5SP10,567.7888
2015-04-02,.5SP10,567.7888
2015-04-06,.5SP10,577.8438
2015-04-07,.5SP10,579.6187
2015-04-08,.5SP10,573.6526
2015-04-09,.5SP10,582.4253
2015-04-10,.5SP10,585.361
2015-04-13,.5SP10,580.4331
2015-04-14,.5SP10,590.7303
2015-04-15,.5SP10,604.3363
2015-04-16,.5SP10,602.6658
2015-04-17,.5SP10,597.8104
2015-04-20,.5SP10,600.4763
2015-04-21,.5SP10,594.3969
2015-04-22,.5SP10,598.1719
2015-04-23,.5SP10,601.8559
2015-04-24,.5SP10,597.9808
2015-04-27,.5SP10,597.6106
2015-04-28,.5SP10,600.7875
2015-04-29,.5SP10,605.0665
2015-04-30,.5SP10,602.8907
2015-05-01,.5SP10,604.7514
2015-05-04,.5SP10,603.3569
2015-05-05,.5SP10,596.7213
2015-05-06,.5SP10,594.9339
2015-05-07,.5SP10,588.3853
2015-05-08,.5SP10,597.8065
2015-05-11,.5SP10,585.5674
2015-05-12,.5SP10,588.1302
2015-05-13,.5SP10,586.3203
2015-05-14,.5SP10,586.6034
2015-05-15,.5SP10,587.9277
2015-05-18,.5SP10,587.4378
2015-05-19,.5SP10,580.2085
2015-05-20,.5SP10,581.1312
2015-05-21,.5SP10,586.0249
2015-05-22,.5SP10,583.4352
2015-05-22,.5SP10,583.4352
2015-05-26,.5SP10,574.2062
2015-05-27,.5SP10,573.6001
2015-05-28,.5SP10,571.7659
2015-05-29,.5SP10,571.4067
2015-06-01,.5SP10,570.1373
2015-06-02,.5SP10,573.0009
2015-06-03,.5SP10,569.2579
2015-06-04,.5SP10,562.1769
2015-06-05,.5SP10,565.8759
2015-06-08,.5SP10,563.0993
2015-06-09,.5SP10,562.8164
2015-06-10,.5SP10,569.4545
2015-06-11,.5SP10,567.1863
2015-06-12,.5SP10,560.5988
2015-06-15,.5SP10,558.8837
2015-06-16,.5SP10,563.4298
2015-06-17,.5SP10,562.6194
2015-06-18,.5SP10,563.0026
2015-06-19,.5SP10,558.0062
2015-06-22,.5SP10,563.4989
2015-06-23,.5SP10,565.2694
2015-06-24,.5SP10,561.719
2015-06-25,.5SP10,555.9753
2015-06-26,.5SP10,557.3226
2015-06-29,.5SP10,547.5396
2015-06-30,.5SP10,551.107
2015-07-01,.5SP10,543.9109
2015-07-02,.5SP10,546.276
2015-07-02,.5SP10,546.276
2015-07-06,.5SP10,539.3842
2015-07-07,.5SP10,544.145
2015-07-08,.5SP10,533.4915
2015-07-09,.5SP10,535.5263
2015-07-10,.5SP10,538.2472
2015-07-13,.5SP10,541.6373
2015-07-14,.5SP10,546.1641
2015-07-15,.5SP10,537.3298
2015-07-16,.5SP10,537.6187
2015-07-17,.5SP10,531.8634
2015-07-20,.5SP10,525.0086
2015-07-21,.5SP10,525.5149
2015-07-22,.5SP10,522.1288
2015-07-23,.5SP10,520.5615
2015-07-24,.5SP10,510.2375
2015-07-27,.5SP10,503.335
2015-07-28,.5SP10,518.3595
2015-07-29,.5SP10,525.0027
2015-07-30,.5SP10,521.5969
2015-07-31,.5SP10,508.0513
2015-08-03,.5SP10,497.8452
2015-08-04,.5SP10,495.55
2015-08-05,.5SP10,491.8367
2015-08-06,.5SP10,499.6347
2015-08-07,.5SP10,490.3514
2015-08-10,.5SP10,505.6131
2015-08-11,.5SP10,504.6641
2015-08-12,.5SP10,514.0304
2015-08-13,.5SP10,507.1109
2015-08-14,.5SP10,506.0515
2015-08-17,.5SP10,505.8135
2015-08-18,.5SP10,503.7888
2015-08-19,.5SP10,489.7525
2015-08-20,.5SP10,478.9384
2015-08-21,.5SP10,462.2909
2015-08-24,.5SP10,438.3591
2015-08-25,.5SP10,432.4031
2015-08-26,.5SP10,447.5458
2015-08-27,.5SP10,469.5303
2015-08-28,.5SP10,479.1646
2015-08-31,.5SP10,484.2068
2015-09-01,.5SP10,466.4965
2015-09-02,.5SP10,470.804
2015-09-03,.5SP10,472.3514
2015-09-04,.5SP10,464.1766
2015-09-04,.5SP10,464.1766
2015-09-08,.5SP10,471.0334
2015-09-09,.5SP10,461.8888
2015-09-10,.5SP10,464.3913
2015-09-11,.5SP10,460.9532
2015-09-14,.5SP10,457.2418
2015-09-15,.5SP10,462.2327
2015-09-16,.5SP10,475.0284
2015-09-17,.5SP10,474.8552
2015-09-18,.5SP10,462.4122
2015-09-21,.5SP10,465.0639
2015-09-22,.5SP10,460.0166
2015-09-23,.5SP10,453.7056
2015-09-24,.5SP10,455.5846
2015-09-25,.5SP10,456.8537
2015-09-28,.5SP10,440.4926
2015-09-29,.5SP10,440.5523
2015-09-30,.5SP10,451.3322
2015-10-01,.5SP10,451.5775
2015-10-02,.5SP10,469.6918
2015-10-05,.5SP10,483.0948
2015-10-06,.5SP10,493.8563
2015-10-07,.5SP10,500.4062
2015-10-08,.5SP10,509.8842
2015-10-09,.5SP10,506.1758
2015-10-12,.5SP10,500.6936
2015-10-13,.5SP10,496.2016
2015-10-14,.5SP10,500.8952
2015-10-15,.5SP10,509.0475
2015-10-16,.5SP10,509.9505
2015-10-19,.5SP10,500.1154
2015-10-20,.5SP10,500.9638
2015-10-21,.5SP10,495.7734
2015-10-22,.5SP10,505.855
2015-10-23,.5SP10,504.8452
2015-10-26,.5SP10,492.1306
2015-10-27,.5SP10,486.4449
2015-10-28,.5SP10,497.2296
2015-10-29,.5SP10,498.7086
2015-10-30,.5SP10,502.1109
2015-11-02,.5SP10,514.357
2015-11-03,.5SP10,527.3773
2015-11-04,.5SP10,521.8709
2015-11-05,.5SP10,516.4318
2015-11-06,.5SP10,514.2079
2015-11-09,.5SP10,506.7292
2015-11-10,.5SP10,508.0343
2015-11-11,.5SP10,498.3376
2015-11-12,.5SP10,486.4124
2015-11-13,.5SP10,483.523
2015-11-16,.5SP10,499.2615
2015-11-17,.5SP10,493.4941
2015-11-18,.5SP10,501.4224
2015-11-19,.5SP10,495.0002
2015-11-20,.5SP10,489.8605
2015-11-23,.5SP10,493.1074
2015-11-24,.5SP10,503.9022
2015-11-25,.5SP10,499.731
2015-11-25,.5SP10,499.731
2015-11-27,.5SP10,496.343
2015-11-30,.5SP10,498.26
2015-12-01,.5SP10,501.8084
2015-12-02,.5SP10,486.2108
2015-12-03,.5SP10,476.4332
2015-12-04,.5SP10,473.9384
2015-12-07,.5SP10,456.5638
2015-12-08,.5SP10,449.7499
2015-12-09,.5SP10,455.7374
2015-12-10,.5SP10,458.5514
2015-12-11,.5SP10,443.1384
2015-12-14,.5SP10,446.7336
2015-12-15,.5SP10,459.4487
2015-12-16,.5SP10,457.0885
2015-12-17,.5SP10,445.7387
2015-12-18,.5SP10,438.4756
2015-12-21,.5SP10,438.6756
2015-12-22,.5SP10,444.0337
2015-12-23,.5SP10,462.878
2015-12-24,.5SP10,458.6652
2015-12-24,.5SP10,458.6652
2015-12-28,.5SP10,450.45
2015-12-29,.5SP10,453.5807
2015-12-30,.5SP10,446.9287
2015-12-31,.5SP10,448.4416
2015-12-31,.5SP10,448.4416
2016-01-04,.5SP10,447.7465
2016-01-05,.5SP10,450.0122
2016-01-06,.5SP10,433.7129
2016-01-07,.5SP10,423.446
2016-01-08,.5SP10,417.7702
2016-01-11,.5SP10,409.0175
2016-01-12,.5SP10,410.5498
2016-01-13,.5SP10,403.2623
2016-01-14,.5SP10,421.3042
2016-01-15,.5SP10,409.2005
2016-01-15,.5SP10,409.2005
2016-01-19,.5SP10,400.3172
2016-01-20,.5SP10,388.5779
2016-01-21,.5SP10,399.7934
2016-01-22,.5SP10,417.03
2016-01-25,.5SP10,398.1916
2016-01-26,.5SP10,413.242
2016-01-27,.5SP10,410.6058
2016-01-28,.5SP10,423.5648
2016-01-29,.5SP10,434.6715
2016-02-01,.5SP10,426.5296
2016-02-02,.5SP10,412.6285
2016-02-03,.5SP10,428.9887
2016-02-04,.5SP10,428.8338
2016-02-05,.5SP10,420.112
2016-02-08,.5SP10,420.3918
2016-02-09,.5SP10,409.9965
2016-02-10,.5SP10,407.9533
2016-02-11,.5SP10,406.2207
2016-02-12,.5SP10,416.7019
2016-02-12,.5SP10,416.7019
2016-02-16,.5SP10,420.0399
2016-02-17,.5SP10,432.3014
2016-02-18,.5SP10,428.2574
2016-02-19,.5SP10,426.7736
2016-02-22,.5SP10,436.314
2016-02-23,.5SP10,422.2777
2016-02-24,.5SP10,426.0752
2016-02-25,.5SP10,426.8734
2016-02-26,.5SP10,428.4868
2016-02-29,.5SP10,423.5351
2016-03-01,.5SP10,432.9482
2016-03-02,.5SP10,443.5569
2016-03-03,.5SP10,449.2358
2016-03-04,.5SP10,453.3104
2016-03-07,.5SP10,464.0244
2016-03-08,.5SP10,444.8623
2016-03-09,.5SP10,451.7018
2016-03-10,.5SP10,451.8124
2016-03-11,.5SP10,461.9038
2016-03-14,.5SP10,459.0503
2016-03-15,.5SP10,458.3944
2016-03-16,.5SP10,465.753
2016-03-17,.5SP10,472.4344
2016-03-18,.5SP10,473.3547
2016-03-21,.5SP10,470.984
2016-03-22,.5SP10,469.4381
2016-03-23,.5SP10,459.5782
2016-03-24,.5SP10,461.8394
2016-03-24,.5SP10,461.8394
2016-03-28,.5SP10,460.261
2016-03-29,.5SP10,461.872
2016-03-30,.5SP10,463.1418
2016-03-31,.5SP10,462.413
2016-04-01,.5SP10,456.0045
2016-04-04,.5SP10,453.6683
2016-04-05,.5SP10,450.1595
2016-04-06,.5SP10,459.6187
2016-04-07,.5SP10,456.8014
2016-04-08,.5SP10,466.0264
2016-04-11,.5SP10,464.1749
2016-04-12,.5SP10,477.3356
2016-04-13,.5SP10,479.3013
2016-04-14,.5SP10,481.3084
2016-04-15,.5SP10,475.2535
2016-04-18,.5SP10,482.7937
2016-04-19,.5SP10,491.881
2016-04-20,.5SP10,495.841
2016-04-21,.5SP10,493.401
2016-04-22,.5SP10,499.9579
2016-04-25,.5SP10,494.5559
2016-04-26,.5SP10,501.4737
2016-04-27,.5SP10,509.7919
2016-04-28,.5SP10,502.9227
2016-04-29,.5SP10,502.4174
2016-05-02,.5SP10,502.5741
2016-05-03,.5SP10,491.3316
2016-05-04,.5SP10,484.9352
2016-05-05,.5SP10,488.5299
2016-05-06,.5SP10,487.5912
2016-05-09,.5SP10,481.5226
2016-05-10,.5SP10,489.957
2016-05-11,.5SP10,489.304
2016-05-12,.5SP10,491.2678
2016-05-13,.5SP10,485.1515
2016-05-16,.5SP10,492.8438
2016-05-17,.5SP10,493.9603
2016-05-18,.5SP10,489.2074
2016-05-19,.5SP10,490.4328
2016-05-20,.5SP10,492.5008
2016-05-23,.5SP10,491.2784
2016-05-24,.5SP10,493.7412
2016-05-25,.5SP10,501.1907
2016-05-26,.5SP10,499.1372
2016-05-27,.5SP10,499.3796
2016-05-27,.5SP10,499.3796
2016-05-31,.5SP10,496.5411
2016-06-01,.5SP10,497.3005
2016-06-02,.5SP10,495.7114
2016-06-03,.5SP10,494.3066
2016-06-06,.5SP10,504.1597
2016-06-07,.5SP10,514.9281
2016-06-08,.5SP10,513.8948
2016-06-09,.5SP10,511.3035
2016-06-10,.5SP10,501.1534
2016-06-13,.5SP10,499.6252
2016-06-14,.5SP10,499.3846
2016-06-15,.5SP10,497.711
2016-06-16,.5SP10,496.6539
2016-06-17,.5SP10,500.8229
2016-06-20,.5SP10,505.0955
2016-06-21,.5SP10,510.4406
2016-06-22,.5SP10,507.4144
2016-06-23,.5SP10,515.8441
2016-06-24,.5SP10,497.7195
2016-06-27,.5SP10,485.0688
2016-06-28,.5SP10,497.862
2016-06-29,.5SP10,507.9272
2016-06-30,.5SP10,512.3888
2016-07-01,.5SP10,514.7911
2016-07-01,.5SP10,514.7911
2016-07-05,.5SP10,505.0442
2016-07-06,.5SP10,507.8483
2016-07-07,.5SP10,502.5311
2016-07-08,.5SP10,509.0119
2016-07-11,.5SP10,509.835
2016-07-12,.5SP10,521.3334
2016-07-13,.5SP10,517.6332
2016-07-14,.5SP10,519.7501
2016-07-15,.5SP10,519.6231
2016-07-18,.5SP10,519.3291
2016-07-19,.5SP10,516.633
2016-07-20,.5SP10,515.7583
2016-07-21,.5SP10,511.115
2016-07-22,.5SP10,512.8162
2016-07-25,.5SP10,502.6029
2016-07-26,.5SP10,504.6495
2016-07-27,.5SP10,499.4384
2016-07-28,.5SP10,498.6329
2016-07-29,.5SP10,502.2255
2016-08-01,.5SP10,485.5029
2016-08-02,.5SP10,489.8406
2016-08-03,.5SP10,498.4652
2016-08-04,.5SP10,497.7137
2016-08-05,.5SP10,501.9156
2016-08-08,.5SP10,508.05
2016-08-09,.5SP10,505.5247
2016-08-10,.5SP10,498.3825
2016-08-11,.5SP10,504.8661
2016-08-12,.5SP10,508.1649
2016-08-15,.5SP10,511.1426
2016-08-16,.5SP10,512.2247
2016-08-17,.5SP10,513.2883
2016-08-18,.5SP10,522.4396
2016-08-19,.5SP10,518.1538
2016-08-22,.5SP10,513.587
2016-08-23,.5SP10,515.8468
2016-08-24,.5SP10,514.4591
2016-08-25,.5SP10,512.9575
2016-08-26,.5SP10,511.2198
2016-08-29,.5SP10,514.6205
2016-08-30,.5SP10,512.4716
2016-08-31,.5SP10,505.4483
2016-09-01,.5SP10,504.1135
2016-09-02,.5SP10,508.3485
2016-09-02,.5SP10,508.3485
2016-09-06,.5SP10,516.0724
2016-09-07,.5SP10,517.7816
2016-09-08,.5SP10,526.4154
2016-09-09,.5SP10,511.6765
2016-09-12,.5SP10,516.1768
2016-09-13,.5SP10,501.4062
2016-09-14,.5SP10,495.6542
2016-09-15,.5SP10,501.0724
2016-09-16,.5SP10,496.7865
2016-09-19,.5SP10,496.19
2016-09-20,.5SP10,492.0997
2016-09-21,.5SP10,502.5323
2016-09-22,.5SP10,503.6169
2016-09-23,.5SP10,497.2679
2016-09-26,.5SP10,495.0039
2016-09-27,.5SP10,492.7159
2016-09-28,.5SP10,514.1174
2016-09-29,.5SP10,513.6801
2016-09-30,.5SP10,520.3516
2016-10-03,.5SP10,519.5345
2016-10-04,.5SP10,514.545
2016-10-05,.5SP10,521.7855
2016-10-06,.5SP10,522.6683
2016-10-07,.5SP10,520.281
2016-10-10,.5SP10,528.1127
2016-10-11,.5SP10,521.9613
2016-10-12,.5SP10,519.8221
2016-10-13,.5SP10,516.3894
2016-10-14,.5SP10,514.2702
2016-10-17,.5SP10,511.9995
2016-10-18,.5SP10,513.8989
2016-10-19,.5SP10,520.8882
2016-10-20,.5SP10,520.4149
2016-10-21,.5SP10,516.8357
2016-10-24,.5SP10,516.0102
2016-10-25,.5SP10,513.2939
2016-10-26,.5SP10,514.7463
2016-10-27,.5SP10,513.0545
2016-10-28,.5SP10,510.768
2016-10-31,.5SP10,504.8894
2016-11-01,.5SP10,505.3702
2016-11-02,.5SP10,500.2627
2016-11-03,.5SP10,502.1093
2016-11-04,.5SP10,499.6753
2016-11-07,.5SP10,510.5819
2016-11-08,.5SP10,510.4938
2016-11-09,.5SP10,518.2336
2016-11-10,.5SP10,519.8333
2016-11-11,.5SP10,511.2087
2016-11-14,.5SP10,513.0049
2016-11-15,.5SP10,526.7683
2016-11-16,.5SP10,522.1609
2016-11-17,.5SP10,518.6333
2016-11-18,.5SP10,521.0174
2016-11-21,.5SP10,532.477
2016-11-22,.5SP10,532.4063
2016-11-23,.5SP10,534.7924
2016-11-23,.5SP10,534.7924
2016-11-25,.5SP10,532.6915
2016-11-28,.5SP10,525.7094
2016-11-29,.5SP10,519.6356
2016-11-30,.5SP10,544.6721
2016-12-01,.5SP10,546.1485
2016-12-02,.5SP10,546.7399
2016-12-05,.5SP10,550.6726
2016-12-06,.5SP10,550.1118
2016-12-07,.5SP10,553.7803
2016-12-08,.5SP10,556.4181
2016-12-09,.5SP10,558.7092
2016-12-12,.5SP10,562.7301
2016-12-13,.5SP10,569.8539
2016-12-14,.5SP10,557.7468
2016-12-15,.5SP10,560.0315
2016-12-16,.5SP10,563.1818
2016-12-19,.5SP10,560.4198
2016-12-20,.5SP10,559.2373
2016-12-21,.5SP10,560.1509
2016-12-22,.5SP10,562.6831
2016-12-23,.5SP10,561.5555
2016-12-23,.5SP10,561.5555
2016-12-27,.5SP10,562.88
2016-12-28,.5SP10,557.3781
2016-12-29,.5SP10,556.0251
2016-12-30,.5SP10,554.5009
2016-12-30,.5SP10,554.5009
2017-01-03,.5SP10,560.9049
2017-01-04,.5SP10,559.2968
2017-01-05,.5SP10,557.4832
2017-01-06,.5SP10,557.5711
2017-01-09,.5SP10,549.3347
2017-01-10,.5SP10,544.1068
2017-01-11,.5SP10,550.6543
2017-01-12,.5SP10,547.9968
2017-01-13,.5SP10,546.9601
2017-01-13,.5SP10,546.9601
2017-01-17,.5SP10,550.3866
2017-01-18,.5SP10,548.5343
2017-01-19,.5SP10,544.5458
2017-01-20,.5SP10,547.4136
2017-01-23,.5SP10,541.2895
2017-01-24,.5SP10,546.613
2017-01-25,.5SP10,549.677
2017-01-26,.5SP10,549.6057
2017-01-27,.5SP10,544.4219
2017-01-30,.5SP10,534.8621
2017-01-31,.5SP10,534.3422
2017-02-01,.5SP10,530.3283
2017-02-02,.5SP10,533.4499
2017-02-03,.5SP10,538.0425
2017-02-06,.5SP10,533.2734
2017-02-07,.5SP10,525.9488
2017-02-08,.5SP10,525.5769
2017-02-09,.5SP10,530.4556
2017-02-10,.5SP10,534.424
2017-02-13,.5SP10,534.5746
2017-02-14,.5SP10,535.2481
2017-02-15,.5SP10,533.3585
2017-02-16,.5SP10,526.074
2017-02-17,.5SP10,523.303
2017-02-17,.5SP10,523.303
2017-02-21,.5SP10,526.8772
2017-02-22,.5SP10,518.5479
2017-02-23,.5SP10,521.1722
2017-02-24,.5SP10,516.5282
2017-02-27,.5SP10,521.0093
2017-02-28,.5SP10,519.7353
2017-03-01,.5SP10,530.4035
2017-03-02,.5SP10,525.8957
2017-03-03,.5SP10,523.9845
2017-03-06,.5SP10,525.5268
2017-03-07,.5SP10,520.7841
2017-03-08,.5SP10,507.5392
2017-03-09,.5SP10,510.5399
2017-03-10,.5SP10,510.1452
2017-03-13,.5SP10,510.365
2017-03-14,.5SP10,504.7347
2017-03-15,.5SP10,515.2296
2017-03-16,.5SP10,512.2379
2017-03-17,.5SP10,511.8166
2017-03-20,.5SP10,511.18
2017-03-21,.5SP10,507.5831
2017-03-22,.5SP10,507.0452
2017-03-23,.5SP10,505.2367
2017-03-24,.5SP10,502.9243
2017-03-27,.5SP10,500.8719
2017-03-28,.5SP10,507.3221
2017-03-29,.5SP10,513.5066
2017-03-30,.5SP10,515.9242
2017-03-31,.5SP10,514.0128
2017-04-03,.5SP10,513.1252
2017-04-04,.5SP10,516.7752
2017-04-05,.5SP10,515.0418
2017-04-06,.5SP10,519.1411
2017-04-07,.5SP10,517.131
2017-04-10,.5SP10,521.1248
2017-04-11,.5SP10,520.683
2017-04-12,.5SP10,518.905
2017-04-13,.5SP10,509.4004
2017-04-13,.5SP10,509.4004
2017-04-17,.5SP10,510.3757
2017-04-18,.5SP10,505.9411
2017-04-19,.5SP10,498.7196
2017-04-20,.5SP10,500.6665
2017-04-21,.5SP10,498.5304
2017-04-24,.5SP10,501.2273
2017-04-25,.5SP10,505.936
2017-04-26,.5SP10,503.9082
2017-04-27,.5SP10,498.3085
2017-04-28,.5SP10,498.9466
2017-05-01,.5SP10,497.8362
2017-05-02,.5SP10,495.369
2017-05-03,.5SP10,496.9892
2017-05-04,.5SP10,487.5441
2017-05-05,.5SP10,495.4538
2017-05-08,.5SP10,498.9493
2017-05-09,.5SP10,494.6719
2017-05-10,.5SP10,499.9356
2017-05-11,.5SP10,498.9406
2017-05-12,.5SP10,497.3522
2017-05-15,.5SP10,500.451
2017-05-16,.5SP10,498.2386
2017-05-17,.5SP10,492.6146
2017-05-18,.5SP10,492.0485
2017-05-19,.5SP10,498.151
2017-05-22,.5SP10,497.3062
2017-05-23,.5SP10,498.1344
2017-05-24,.5SP10,495.9579
2017-05-25,.5SP10,487.0885
2017-05-26,.5SP10,487.4903
2017-05-26,.5SP10,487.4903
2017-05-30,.5SP10,481.1142
2017-05-31,.5SP10,479.1917
2017-06-01,.5SP10,482.3694
2017-06-02,.5SP10,476.6706
2017-06-05,.5SP10,477.4563
2017-06-06,.5SP10,483.1968
2017-06-07,.5SP10,476.0516
2017-06-08,.5SP10,474.7306
2017-06-09,.5SP10,486.4916
2017-06-12,.5SP10,489.7652
2017-06-13,.5SP10,493.0182
2017-06-14,.5SP10,483.9945
2017-06-15,.5SP10,480.6999
2017-06-16,.5SP10,488.9463
2017-06-19,.5SP10,485.5988
2017-06-20,.5SP10,479.5499
2017-06-21,.5SP10,471.8794
2017-06-22,.5SP10,471.2812
2017-06-23,.5SP10,474.8259
2017-06-26,.5SP10,473.6932
2017-06-27,.5SP10,472.8811
2017-06-28,.5SP10,475.5748
2017-06-29,.5SP10,476.1607
2017-06-30,.5SP10,477.9052
2017-07-03,.5SP10,487.4896
2017-07-03,.5SP10,487.4896
2017-07-05,.5SP10,477.6697
2017-07-06,.5SP10,472.3994
2017-07-07,.5SP10,471.9456
2017-07-10,.5SP10,473.2004
2017-07-11,.5SP10,475.6854
2017-07-12,.5SP10,477.0942
2017-07-13,.5SP10,479.1871
2017-07-14,.5SP10,481.776
2017-07-17,.5SP10,481.125
2017-07-18,.5SP10,478.781
2017-07-19,.5SP10,485.4594
2017-07-20,.5SP10,483.725
2017-07-21,.5SP10,479.4452
2017-07-24,.5SP10,478.031
2017-07-25,.5SP10,484.0714
2017-07-26,.5SP10,484.557
2017-07-27,.5SP10,489.3821
2017-07-28,.5SP10,488.4448
2017-07-31,.5SP10,489.5654
2017-08-01,.5SP10,489.8664
2017-08-02,.5SP10,488.3333
2017-08-03,.5SP10,481.7686
2017-08-04,.5SP10,483.4447
2017-08-07,.5SP10,479.2723
2017-08-08,.5SP10,478.6695
2017-08-09,.5SP10,479.2293
2017-08-10,.5SP10,472.8205
2017-08-11,.5SP10,469.5459
2017-08-14,.5SP10,468.2931
2017-08-15,.5SP10,466.444
2017-08-16,.5SP10,461.1802
2017-08-17,.5SP10,454.5219
2017-08-18,.5SP10,457.0907
2017-08-21,.5SP10,454.5665
2017-08-22,.5SP10,457.7214
2017-08-23,.5SP10,459.4715
2017-08-24,.5SP10,459.3929
2017-08-25,.5SP10,461.7832
2017-08-28,.5SP10,459.614
2017-08-29,.5SP10,459.0608
2017-08-30,.5SP10,459.2098
2017-08-31,.5SP10,461.6107
2017-09-01,.5SP10,465.3619
2017-09-01,.5SP10,465.3619
2017-09-05,.5SP10,467.9849
2017-09-06,.5SP10,475.6515
2017-09-07,.5SP10,476.4763
2017-09-08,.5SP10,471.4347
2017-09-11,.5SP10,476.2338
2017-09-12,.5SP10,478.6954
2017-09-13,.5SP10,484.6309
2017-09-14,.5SP10,486.502
2017-09-15,.5SP10,487.7577
2017-09-18,.5SP10,489.8945
2017-09-19,.5SP10,491.7291
2017-09-20,.5SP10,495.113
2017-09-21,.5SP10,494.7811
2017-09-22,.5SP10,497.4108
2017-09-25,.5SP10,504.7405
2017-09-26,.5SP10,503.7657
2017-09-27,.5SP10,506.1686
2017-09-28,.5SP10,506.9266
2017-09-29,.5SP10,506.7152
2017-10-02,.5SP10,506.627
2017-10-03,.5SP10,506.2103
2017-10-04,.5SP10,505.8945
2017-10-05,.5SP10,507.9439
2017-10-06,.5SP10,503.7934
2017-10-09,.5SP10,505.0515
2017-10-10,.5SP10,505.5669
2017-10-11,.5SP10,506.7793
2017-10-12,.5SP10,504.8746
2017-10-13,.5SP10,504.506
2017-10-16,.5SP10,505.6089
2017-10-17,.5SP10,506.0255
2017-10-18,.5SP10,502.5009
2017-10-19,.5SP10,500.9274
2017-10-20,.5SP10,502.2584
2017-10-23,.5SP10,499.3191
2017-10-24,.5SP10,500.6662
2017-10-25,.5SP10,497.2531
2017-10-26,.5SP10,498.4587
2017-10-27,.5SP10,499.4531
2017-10-30,.5SP10,501.2561
2017-10-31,.5SP10,503.0735
2017-11-01,.5SP10,508.5389
2017-11-02,.5SP10,506.964
2017-11-03,.5SP10,508.1429
2017-11-06,.5SP10,519.3294
2017-11-07,.5SP10,518.4114
2017-11-08,.5SP10,516.3485
2017-11-09,.5SP10,517.8418
2017-11-10,.5SP10,513.6706
2017-11-13,.5SP10,510.88
2017-11-14,.5SP10,502.9992
2017-11-15,.5SP10,497.0944
2017-11-16,.5SP10,494.2041
2017-11-17,.5SP10,496.3254
2017-11-20,.5SP10,495.3008
2017-11-21,.5SP10,496.4121
2017-11-22,.5SP10,498.5836
2017-11-22,.5SP10,498.5836
2017-11-24,.5SP10,499.939
2017-11-27,.5SP10,494.7997
2017-11-28,.5SP10,498.8692
2017-11-29,.5SP10,501.5062
2017-11-30,.5SP10,509.282
2017-12-01,.5SP10,513.3311
2017-12-04,.5SP10,513.1759
2017-12-05,.5SP10,510.4577
2017-12-06,.5SP10,503.884
2017-12-07,.5SP10,505.4656
2017-12-08,.5SP10,509.7723
2017-12-11,.5SP10,513.3981
2017-12-12,.5SP10,511.7393
2017-12-13,.5SP10,511.0386
2017-12-14,.5SP10,509.3844
2017-12-15,.5SP10,509.2419
2017-12-18,.5SP10,512.7614
2017-12-19,.5SP10,513.3202
2017-12-20,.5SP10,520.3828
2017-12-21,.5SP10,531.2139
2017-12-22,.5SP10,532.3619
2017-12-22,.5SP10,532.3619
2017-12-26,.5SP10,536.7462
2017-12-27,.5SP10,535.0317
2017-12-28,.5SP10,535.518
2017-12-29,.5SP10,533.4072
2017-12-29,.5SP10,533.4072
2018-01-02,.5SP10,542.9267
2018-01-03,.5SP10,551.2208
2018-01-04,.5SP10,554.5082
2018-01-05,.5SP10,554.4103
2018-01-08,.5SP10,557.6437
2018-01-09,.5SP10,555.8721
2018-01-10,.5SP10,555.318
2018-01-11,.5SP10,566.5634
2018-01-12,.5SP10,572.0234
2018-01-12,.5SP10,572.0234
2018-01-16,.5SP10,564.9593
2018-01-17,.5SP10,569.7756
2018-01-18,.5SP10,565.2414
2018-01-19,.5SP10,564.6601
2018-01-22,.5SP10,576.5156
2018-01-23,.5SP10,575.6352
2018-01-24,.5SP10,574.2083
2018-01-25,.5SP10,569.76
2018-01-26,.5SP10,573.2355
2018-01-29,.5SP10,564.3684
2018-01-30,.5SP10,552.9724
2018-01-31,.5SP10,553.4546
2018-02-01,.5SP10,559.5433
2018-02-02,.5SP10,536.428
2018-02-05,.5SP10,513.0733
2018-02-06,.5SP10,516.517
2018-02-07,.5SP10,507.9025
2018-02-08,.5SP10,492.7801
2018-02-09,.5SP10,491.0433
2018-02-12,.5SP10,499.1494
2018-02-13,.5SP10,496.9156
2018-02-14,.5SP10,503.8892
2018-02-15,.5SP10,501.7592
2018-02-16,.5SP10,500.5174
2018-02-16,.5SP10,500.5174
2018-02-20,.5SP10,497.6873
2018-02-21,.5SP10,489.4413
2018-02-22,.5SP10,494.7303
2018-02-23,.5SP10,505.5931
2018-02-26,.5SP10,508.9143
2018-02-27,.5SP10,502.1459
2018-02-28,.5SP10,490.6668
2018-03-01,.5SP10,489.8745
2018-03-02,.5SP10,491.8633
2018-03-05,.5SP10,497.1058
2018-03-06,.5SP10,497.3143
2018-03-07,.5SP10,493.1783
2018-03-08,.5SP10,492.6022
2018-03-09,.5SP10,502.1767
2018-03-12,.5SP10,501.8856
2018-03-13,.5SP10,498.2733
2018-03-14,.5SP10,495.0404
2018-03-15,.5SP10,492.9539
2018-03-16,.5SP10,497.9252
2018-03-19,.5SP10,489.4979
2018-03-20,.5SP10,493.6072
2018-03-21,.5SP10,506.5816
2018-03-22,.5SP10,496.2666
2018-03-23,.5SP10,493.3104
2018-03-26,.5SP10,502.0653
2018-03-27,.5SP10,497.675
2018-03-28,.5SP10,487.7753
2018-03-29,.5SP10,498.2896
2018-03-29,.5SP10,498.2896
2018-04-02,.5SP10,488.3504
2018-04-03,.5SP10,498.787
2018-04-04,.5SP10,498.1045
2018-04-05,.5SP10,507.1366
2018-04-06,.5SP10,497.7963
2018-04-09,.5SP10,500.1271
2018-04-10,.5SP10,516.7268
2018-04-11,.5SP10,522.1136
2018-04-12,.5SP10,522.0762
2018-04-13,.5SP10,527.7481
2018-04-16,.5SP10,533.1034
2018-04-17,.5SP10,535.2253
2018-04-18,.5SP10,543.4973
2018-04-19,.5SP10,544.2622
2018-04-20,.5SP10,541.4767
2018-04-23,.5SP10,544.7824
2018-04-24,.5SP10,538.9342
2018-04-25,.5SP10,543.3176
2018-04-26,.5SP10,551.4918
2018-04-27,.5SP10,544.7757
2018-04-30,.5SP10,544.5578
2018-05-01,.5SP10,541.5435
2018-05-02,.5SP10,543.6776
2018-05-03,.5SP10,542.4131
2018-05-04,.5SP10,544.8433
2018-05-07,.5SP10,545.8419
2018-05-08,.5SP10,550.0997
2018-05-09,.5SP10,561.2901
2018-05-10,.5SP10,565.8674
2018-05-11,.5SP10,565.2789
2018-05-14,.5SP10,568.8487
2018-05-15,.5SP10,568.9245
2018-05-16,.5SP10,571.0171
2018-05-17,.5SP10,578.5116
2018-05-18,.5SP10,573.8514
2018-05-21,.5SP10,579.3959
2018-05-22,.5SP10,571.9925
2018-05-23,.5SP10,571.9785
2018-05-24,.5SP10,562.4358
2018-05-25,.5SP10,547.7701
2018-05-25,.5SP10,547.7701
2018-05-29,.5SP10,546.0099
2018-05-30,.5SP10,563.0076
2018-05-31,.5SP10,558.3482
2018-06-01,.5SP10,561.3744
2018-06-04,.5SP10,556.2106
2018-06-05,.5SP10,554.3029
2018-06-06,.5SP10,557.4286
2018-06-07,.5SP10,566.2592
2018-06-08,.5SP10,565.0233
2018-06-11,.5SP10,567.0495
2018-06-12,.5SP10,562.7895
2018-06-13,.5SP10,560.4967
2018-06-14,.5SP10,559.3011
2018-06-15,.5SP10,547.5073
2018-06-18,.5SP10,553.6648
2018-06-19,.5SP10,552.1679
2018-06-20,.5SP10,554.5159
2018-06-21,.5SP10,543.8374
2018-06-22,.5SP10,555.8229
2018-06-25,.5SP10,543.6018
2018-06-26,.5SP10,551.1953
2018-06-27,.5SP10,558.5787
2018-06-28,.5SP10,557.9301
2018-06-29,.5SP10,561.54
2018-07-02,.5SP10,552.8571
2018-07-03,.5SP10,556.8445
2018-07-03,.5SP10,556.8445
2018-07-05,.5SP10,555.9661
2018-07-06,.5SP10,559.6703
2018-07-09,.5SP10,567.9252
2018-07-10,.5SP10,572.1333
2018-07-11,.5SP10,559.8385
2018-07-12,.5SP10,560.9559
2018-07-13,.5SP10,564.0776
2018-07-16,.5SP10,557.4199
2018-07-17,.5SP10,555.3011
2018-07-18,.5SP10,555.4668
2018-07-19,.5SP10,555.3721
2018-07-20,.5SP10,553.4066
2018-07-23,.5SP10,551.2341
2018-07-24,.5SP10,558.4832
2018-07-25,.5SP10,563.5231
2018-07-26,.5SP10,569.1155
2018-07-27,.5SP10,566.2189
2018-07-30,.5SP10,570.9825
2018-07-31,.5SP10,569.1621
2018-08-01,.5SP10,561.5827
2018-08-02,.5SP10,558.6584
2018-08-03,.5SP10,556.0621
2018-08-06,.5SP10,557.9331
2018-08-07,.5SP10,561.931
2018-08-08,.5SP10,557.6547
2018-08-09,.5SP10,552.704
2018-08-10,.5SP10,554.1801
2018-08-13,.5SP10,547.4366
2018-08-14,.5SP10,548.8683
2018-08-15,.5SP10,529.5868
2018-08-16,.5SP10,532.8506
2018-08-17,.5SP10,534.2697
2018-08-20,.5SP10,537.803
2018-08-21,.5SP10,540.4611
2018-08-22,.5SP10,546.9302
2018-08-23,.5SP10,544.0678
2018-08-24,.5SP10,548.3981
2018-08-27,.5SP10,552.4361
2018-08-28,.5SP10,549.9404
2018-08-29,.5SP10,553.3906
2018-08-30,.5SP10,551.6282
2018-08-31,.5SP10,547.5807
2018-08-31,.5SP10,547.5807
2018-09-04,.5SP10,546.0157
2018-09-05,.5SP10,545.5782
2018-09-06,.5SP10,535.0567
2018-09-07,.5SP10,534.9298
2018-09-10,.5SP10,534.8313
2018-09-11,.5SP10,540.0611
2018-09-12,.5SP10,542.8188
2018-09-13,.5SP10,542.8304
2018-09-14,.5SP10,545.8733
2018-09-17,.5SP10,546.771
2018-09-18,.5SP10,550.5815
2018-09-19,.5SP10,552.6778
2018-09-20,.5SP10,552.3635
2018-09-21,.5SP10,556.3363
2018-09-24,.5SP10,564.5102
2018-09-25,.5SP10,567.7365
2018-09-26,.5SP10,562.106
2018-09-27,.5SP10,562.3672
2018-09-28,.5SP10,560.9059
2018-10-01,.5SP10,569.1304
2018-10-02,.5SP10,569.8572
2018-10-03,.5SP10,574.5541
2018-10-04,.5SP10,571.6051
2018-10-05,.5SP10,571.3592
2018-10-08,.5SP10,571.0885
2018-10-09,.5SP10,576.7223
2018-10-10,.5SP10,556.0393
2018-10-11,.5SP10,538.8716
2018-10-12,.5SP10,540.5054
2018-10-15,.5SP10,536.0804
2018-10-16,.5SP10,540.7669
2018-10-17,.5SP10,537.0083
2018-10-18,.5SP10,534.4128
2018-10-19,.5SP10,530.0232
2018-10-22,.5SP10,524.1886
2018-10-23,.5SP10,510.1684
2018-10-24,.5SP10,490.8299
2018-10-25,.5SP10,496.4706
2018-10-26,.5SP10,492.5871
2018-10-29,.5SP10,483.3078
2018-10-30,.5SP10,494.4112
2018-10-31,.5SP10,497.3713
2018-11-01,.5SP10,501.5169
2018-11-02,.5SP10,500.9897
2018-11-05,.5SP10,509.0606
2018-11-06,.5SP10,510.7695
2018-11-07,.5SP10,518.9985
2018-11-08,.5SP10,507.5626
2018-11-09,.5SP10,505.6828
2018-11-12,.5SP10,494.8599
2018-11-13,.5SP10,483.0293
2018-11-14,.5SP10,482.5194
2018-11-15,.5SP10,489.6522
2018-11-16,.5SP10,495.0322
2018-11-19,.5SP10,494.5478
2018-11-20,.5SP10,478.2702
2018-11-21,.5SP10,485.8177
2018-11-21,.5SP10,485.8177
2018-11-23,.5SP10,469.9629
2018-11-26,.5SP10,478.0343
2018-11-27,.5SP10,476.4531
2018-11-28,.5SP10,484.7612
2018-11-29,.5SP10,487.6041
2018-11-30,.5SP10,486.4241
2018-12-03,.5SP10,497.5219
2018-12-04,.5SP10,482.9346
2018-12-04,.5SP10,482.9346
2018-12-06,.5SP10,474.3947
2018-12-07,.5SP10,471.3397
2018-12-10,.5SP10,463.7235
2018-12-11,.5SP10,463.8631
2018-12-12,.5SP10,465.3662
2018-12-13,.5SP10,467.0452
2018-12-14,.5SP10,455.9319
2018-12-17,.5SP10,447.4648
2018-12-18,.5SP10,436.9624
2018-12-19,.5SP10,431.5
2018-12-20,.5SP10,419.4479
2018-12-21,.5SP10,415.0611
2018-12-24,.5SP10,398.3907
2018-12-24,.5SP10,398.3907
2018-12-26,.5SP10,423.2621
2018-12-27,.5SP10,425.9686
2018-12-28,.5SP10,422.1582
2018-12-31,.5SP10,424.067
2018-12-31,.5SP10,424.067
2019-01-02,.5SP10,432.8492
2019-01-03,.5SP10,428.0653
2019-01-04,.5SP10,443.4098
2019-01-07,.5SP10,449.1374
2019-01-08,.5SP10,452.87
2019-01-09,.5SP10,459.6702
2019-01-10,.5SP10,461.1703
2019-01-11,.5SP10,458.2799
2019-01-14,.5SP10,457.43
2019-01-15,.5SP10,458.7956
2019-01-16,.5SP10,458.0992
2019-01-17,.5SP10,462.5806
2019-01-18,.5SP10,471.529
2019-01-18,.5SP10,471.529
2019-01-22,.5SP10,461.1493
2019-01-23,.5SP10,456.5388
2019-01-24,.5SP10,459.2612
2019-01-25,.5SP10,464.6894
2019-01-28,.5SP10,459.8994
2019-01-29,.5SP10,461.3591
2019-01-30,.5SP10,467.4869
2019-01-31,.5SP10,470.8055
2019-02-01,.5SP10,479.4375
2019-02-04,.5SP10,480.2561
2019-02-05,.5SP10,481.0544
2019-02-06,.5SP10,477.3748
2019-02-07,.5SP10,467.2051
2019-02-08,.5SP10,463.8395
2019-02-11,.5SP10,465.9719
2019-02-12,.5SP10,471.4891
2019-02-13,.5SP10,477.5734
2019-02-14,.5SP10,478.3027
2019-02-15,.5SP10,485.8923
2019-02-15,.5SP10,485.8923
2019-02-19,.5SP10,487.2978
2019-02-20,.5SP10,489.3824
2019-02-21,.5SP10,481.814
2019-02-22,.5SP10,483.4087
2019-02-25,.5SP10,484.1313
2019-02-26,.5SP10,482.7889
2019-02-27,.5SP10,484.6454
2019-02-28,.5SP10,479.9402
2019-03-01,.5SP10,488.6485
2019-03-04,.5SP10,489.6358
2019-03-05,.5SP10,488.1117
2019-03-06,.5SP10,481.8795
2019-03-07,.5SP10,479.1329
2019-03-08,.5SP10,469.7665
2019-03-11,.5SP10,476.9853
2019-03-12,.5SP10,479.7487
2019-03-13,.5SP10,484.9591
2019-03-14,.5SP10,485.238
2019-03-15,.5SP10,484.8361
2019-03-18,.5SP10,491.5723
2019-03-19,.5SP10,490.152
2019-03-20,.5SP10,494.5096
2019-03-21,.5SP10,497.9215
2019-03-22,.5SP10,484.863
2019-03-25,.5SP10,484.8282
2019-03-26,.5SP10,491.8363
2019-03-27,.5SP10,488.3886
2019-03-28,.5SP10,490.2132
2019-03-29,.5SP10,489.4499
2019-04-01,.5SP10,496.1366
2019-04-02,.5SP10,492.6643
2019-04-03,.5SP10,487.9303
2019-04-04,.5SP10,492.1093
2019-04-05,.5SP10,500.4464
2019-04-08,.5SP10,502.8998
2019-04-09,.5SP10,496.418
2019-04-10,.5SP10,498.5129
2019-04-11,.5SP10,498.6828
2019-04-12,.5SP10,499.5978
2019-04-15,.5SP10,496.7649
2019-04-16,.5SP10,499.942
2019-04-17,.5SP10,499.5082
2019-04-18,.5SP10,496.8809
2019-04-18,.5SP10,496.8809
2019-04-22,.5SP10,507.0757
2019-04-23,.5SP10,507.2565
2019-04-24,.5SP10,497.8858
2019-04-25,.5SP10,496.4967
2019-04-26,.5SP10,490.4729
2019-04-29,.5SP10,489.2361
2019-04-30,.5SP10,489.3839
2019-05-01,.5SP10,478.7352
2019-05-02,.5SP10,470.5411
2019-05-03,.5SP10,474.5007
2019-05-06,.5SP10,474.1918
2019-05-07,.5SP10,471.2337
2019-05-08,.5SP10,470.9524
2019-05-09,.5SP10,471.2741
2019-05-10,.5SP10,471.6589
2019-05-13,.5SP10,464.19
2019-05-14,.5SP10,469.2589
2019-05-15,.5SP10,471.4209
2019-05-16,.5SP10,473.1872
2019-05-17,.5SP10,468.2342
2019-05-20,.5SP10,468.5492
2019-05-21,.5SP10,473.5822
2019-05-22,.5SP10,466.1043
2019-05-23,.5SP10,451.5313
2019-05-24,.5SP10,452.2166
2019-05-24,.5SP10,452.2166
2019-05-28,.5SP10,447.2369
2019-05-29,.5SP10,444.4493
2019-05-30,.5SP10,439.1947
2019-05-31,.5SP10,432.0977
2019-06-03,.5SP10,438.0104
2019-06-04,.5SP10,445.0558
2019-06-05,.5SP10,440.2497
2019-06-06,.5SP10,447.8504
2019-06-07,.5SP10,449.6877
2019-06-10,.5SP10,451.1916
2019-06-11,.5SP10,451.7452
2019-06-12,.5SP10,445.257
2019-06-13,.5SP10,450.8129
2019-06-14,.5SP10,447.4842
2019-06-17,.5SP10,451.5532
2019-06-18,.5SP10,457.6661
2019-06-19,.5SP10,456.6505
2019-06-20,.5SP10,466.7393
2019-06-21,.5SP10,470.5681
2019-06-24,.5SP10,466.2108
2019-06-25,.5SP10,462.357
2019-06-26,.5SP10,469.4589
2019-06-27,.5SP10,465.7341
2019-06-28,.5SP10,471.2843
2019-07-01,.5SP10,471.735
2019-07-02,.5SP10,463.5378
2019-07-03,.5SP10,466.3294
2019-07-03,.5SP10,466.3294
2019-07-05,.5SP10,466.8376
2019-07-08,.5SP10,467.3042
2019-07-09,.5SP10,467.6981
2019-07-10,.5SP10,474.2631
2019-07-11,.5SP10,475.1305
2019-07-12,.5SP10,476.8872
2019-07-15,.5SP10,472.4741
2019-07-16,.5SP10,467.1455
2019-07-17,.5SP10,461.7921
2019-07-18,.5SP10,461.7541
2019-07-19,.5SP10,464.0124
2019-07-22,.5SP10,466.0688
2019-07-23,.5SP10,467.3168
2019-07-24,.5SP10,469.207
2019-07-25,.5SP10,463.7689
2019-07-26,.5SP10,461.4646
2019-07-29,.5SP10,459.9217
2019-07-30,.5SP10,464.9498
2019-07-31,.5SP10,462.4671
2019-08-01,.5SP10,451.932
2019-08-02,.5SP10,445.8509
2019-08-05,.5SP10,432.6257
2019-08-06,.5SP10,432.3548
2019-08-07,.5SP10,429.0799
2019-08-08,.5SP10,441.4906
2019-08-09,.5SP10,435.9595
2019-08-12,.5SP10,429.6459
2019-08-13,.5SP10,434.1496
2019-08-14,.5SP10,416.2659
2019-08-15,.5SP10,414.1192
2019-08-16,.5SP10,419.0313
2019-08-19,.5SP10,428.0102
2019-08-20,.5SP10,423.8932
2019-08-21,.5SP10,427.079
2019-08-22,.5SP10,425.0196
2019-08-23,.5SP10,410.6835
2019-08-26,.5SP10,412.5256
2019-08-27,.5SP10,409.9636
2019-08-28,.5SP10,415.7124
2019-08-29,.5SP10,421.7399
2019-08-30,.5SP10,422.0897
2019-08-30,.5SP10,422.0897
2019-09-03,.5SP10,419.7616
2019-09-04,.5SP10,425.5984
2019-09-05,.5SP10,431.011
2019-09-06,.5SP10,433.2362
2019-09-09,.5SP10,441.273
2019-09-10,.5SP10,446.9809
2019-09-11,.5SP10,447.079
2019-09-12,.5SP10,444.2506
2019-09-13,.5SP10,447.8093
2019-09-16,.5SP10,462.5521
2019-09-17,.5SP10,455.5413
2019-09-18,.5SP10,453.6397
2019-09-19,.5SP10,451.8912
2019-09-20,.5SP10,452.254
2019-09-23,.5SP10,452.7568
2019-09-24,.5SP10,445.38
2019-09-25,.5SP10,446.4022
2019-09-26,.5SP10,440.4474
2019-09-27,.5SP10,440.4459
2019-09-30,.5SP10,437.1305
2019-10-01,.5SP10,427.0651
2019-10-02,.5SP10,415.9304
2019-10-03,.5SP10,421.1571
2019-10-04,.5SP10,423.7574
2019-10-07,.5SP10,419.8575
2019-10-08,.5SP10,412.3735
2019-10-09,.5SP10,416.7743
2019-10-10,.5SP10,422.1072
2019-10-11,.5SP10,428.039
2019-10-14,.5SP10,427.5436
2019-10-15,.5SP10,429.2187
2019-10-16,.5SP10,422.8125
2019-10-17,.5SP10,422.9664
2019-10-18,.5SP10,420.6742
2019-10-21,.5SP10,428.4893
2019-10-22,.5SP10,434.1036
2019-10-23,.5SP10,437.3589
2019-10-24,.5SP10,435.4984
2019-10-25,.5SP10,438.8726
2019-10-28,.5SP10,436.1379
2019-10-29,.5SP10,437.9674
2019-10-30,.5SP10,428.6803
2019-10-31,.5SP10,426.6579
2019-11-01,.5SP10,437.3589
2019-11-04,.5SP10,451.1186
2019-11-05,.5SP10,453.1655
2019-11-06,.5SP10,442.7907
2019-11-07,.5SP10,449.7765
2019-11-08,.5SP10,446.1286
2019-11-11,.5SP10,443.6483
2019-11-12,.5SP10,441.0462
2019-11-13,.5SP10,438.785
2019-11-14,.5SP10,437.4981
2019-11-15,.5SP10,440.4257
2019-11-18,.5SP10,434.5716
2019-11-19,.5SP10,428.1691
2019-11-20,.5SP10,432.6122
2019-11-21,.5SP10,439.6841
2019-11-22,.5SP10,438.1523
2019-11-25,.5SP10,438.8615
2019-11-26,.5SP10,434.4164
2019-11-27,.5SP10,435.7846
2019-11-27,.5SP10,435.7846
2019-11-29,.5SP10,431.3686
2019-12-02,.5SP10,431.4904
2019-12-03,.5SP10,424.8103
2019-12-04,.5SP10,431.4814
2019-12-05,.5SP10,429.3382
2019-12-06,.5SP10,437.9055
2019-12-09,.5SP10,436.8287
2019-12-10,.5SP10,437.4941
2019-12-11,.5SP10,436.8099
2019-12-12,.5SP10,445.4038
2019-12-13,.5SP10,441.3542
2019-12-16,.5SP10,447.6362
2019-12-17,.5SP10,447.4691
2019-12-18,.5SP10,448.8343
2019-12-19,.5SP10,448.549
2019-12-20,.5SP10,452.4782
2019-12-23,.5SP10,457.2809
2019-12-24,.5SP10,457.0614
2019-12-24,.5SP10,457.0614
2019-12-26,.5SP10,457.11
2019-12-27,.5SP10,454.9562
2019-12-30,.5SP10,453.3886
2019-12-31,.5SP10,456.459
2019-12-31,.5SP10,456.459
2020-01-02,.5SP10,460.3388
2020-01-03,.5SP10,458.766
2020-01-06,.5SP10,462.3422
2020-01-07,.5SP10,461.3922
2020-01-08,.5SP10,453.363
2020-01-09,.5SP10,456.7851
2020-01-10,.5SP10,453.8701
2020-01-13,.5SP10,454.2538
2020-01-14,.5SP10,454.2638
2020-01-15,.5SP10,451.2067
2020-01-16,.5SP10,451.7352
2020-01-17,.5SP10,448.7718
2020-01-17,.5SP10,448.7718
2020-01-21,.5SP10,440.3151
2020-01-22,.5SP10,436.3896
2020-01-23,.5SP10,434.8068
2020-01-24,.5SP10,429.7098
2020-01-27,.5SP10,417.8685
2020-01-28,.5SP10,419.5892
2020-01-29,.5SP10,415.1216
2020-01-30,.5SP10,418.7852
2020-01-31,.5SP10,405.4505
2020-02-03,.5SP10,400.0183
2020-02-04,.5SP10,400.8123
2020-02-05,.5SP10,415.9653
2020-02-06,.5SP10,411.6443
2020-02-07,.5SP10,408.5524
2020-02-10,.5SP10,405.2413
2020-02-11,.5SP10,409.4657
2020-02-12,.5SP10,415.0347
2020-02-13,.5SP10,413.1484
2020-02-14,.5SP10,409.8151
2020-02-14,.5SP10,409.8151
2020-02-18,.5SP10,406.4232
2020-02-19,.5SP10,411.7943
2020-02-20,.5SP10,411.1119
2020-02-21,.5SP10,405.9296
2020-02-24,.5SP10,386.6963
2020-02-25,.5SP10,369.9197
2020-02-26,.5SP10,358.9389
2020-02-27,.5SP10,339.3004
2020-02-28,.5SP10,343.5317
2020-03-02,.5SP10,353.6775
2020-03-03,.5SP10,342.6402
2020-03-04,.5SP10,350.2517
2020-03-05,.5SP10,337.5892
2020-03-06,.5SP10,318.6416
2020-03-09,.5SP10,254.6549
2020-03-10,.5SP10,267.3698
2020-03-11,.5SP10,252.7708
2020-03-12,.5SP10,221.6896
2020-03-13,.5SP10,241.289
2020-03-16,.5SP10,208.4112
2020-03-17,.5SP10,209.923
2020-03-18,.5SP10,179.9428
2020-03-19,.5SP10,192.0811
2020-03-20,.5SP10,193.9334
2020-03-23,.5SP10,181.0316
2020-03-24,.5SP10,210.5617
2020-03-25,.5SP10,220.0237
2020-03-26,.5SP10,233.7645
2020-03-27,.5SP10,217.5643
2020-03-30,.5SP10,219.8103
2020-03-31,.5SP10,223.3965
2020-04-01,.5SP10,213.0357
2020-04-02,.5SP10,232.367
2020-04-03,.5SP10,229.2558
2020-04-06,.5SP10,241.0686
2020-04-07,.5SP10,245.8961
2020-04-08,.5SP10,262.4587
2020-04-09,.5SP10,259.6272
2020-04-09,.5SP10,259.6272
2020-04-13,.5SP10,258.5686
2020-04-14,.5SP10,257.3657
2020-04-15,.5SP10,245.3373
2020-04-16,.5SP10,235.5919
2020-04-17,.5SP10,260.1713
2020-04-20,.5SP10,251.5973
2020-04-21,.5SP10,247.3843
2020-04-22,.5SP10,256.2351
2020-04-23,.5SP10,263.9591
2020-04-24,.5SP10,264.5081
2020-04-27,.5SP10,270.0666
2020-04-28,.5SP10,275.9922
2020-04-29,.5SP10,296.279
2020-04-30,.5SP10,289.6505
2020-05-01,.5SP10,272.2837
2020-05-04,.5SP10,282.384
2020-05-05,.5SP10,283.1221
2020-05-06,.5SP10,275.6687
2020-05-07,.5SP10,282.486
2020-05-08,.5SP10,294.7515
2020-05-11,.5SP10,289.7805
2020-05-12,.5SP10,282.9279
2020-05-13,.5SP10,270.5225
2020-05-14,.5SP10,273.0661
2020-05-15,.5SP10,272.3112
2020-05-18,.5SP10,292.8744
2020-05-19,.5SP10,284.4008
2020-05-20,.5SP10,295.2621
2020-05-21,.5SP10,290.8809
2020-05-22,.5SP10,288.9432
2020-05-22,.5SP10,288.9432
2020-05-26,.5SP10,297.3368
2020-05-27,.5SP10,300.7891
2020-05-28,.5SP10,292.04
2020-05-29,.5SP10,291.5928
2020-06-01,.5SP10,296.5047
2020-06-02,.5SP10,304.3721
2020-06-03,.5SP10,313.6485
2020-06-04,.5SP10,313.1681
2020-06-05,.5SP10,336.518
2020-06-08,.5SP10,351.0586
2020-06-09,.5SP10,338.4598
2020-06-10,.5SP10,321.8105
2020-06-11,.5SP10,291.3919
2020-06-12,.5SP10,299.2849
2020-06-15,.5SP10,299.5371
2020-06-16,.5SP10,307.9867
2020-06-17,.5SP10,297.8906
2020-06-18,.5SP10,301.4466
2020-06-19,.5SP10,296.4046
2020-06-22,.5SP10,298.2651
2020-06-23,.5SP10,298.5007
2020-06-24,.5SP10,281.9682
2020-06-25,.5SP10,287.392
2020-06-26,.5SP10,277.2977
2020-06-29,.5SP10,281.2632
2020-06-30,.5SP10,287.4618
2020-07-01,.5SP10,280.3021
2020-07-02,.5SP10,283.456
2020-07-02,.5SP10,283.456
2020-07-06,.5SP10,284.5117
2020-07-07,.5SP10,275.4599
2020-07-08,.5SP10,275.1693
2020-07-09,.5SP10,261.8065
2020-07-10,.5SP10,270.3176
2020-07-13,.5SP10,268.8652
2020-07-14,.5SP10,278.5577
2020-07-15,.5SP10,284.0213
2020-07-16,.5SP10,282.5678
2020-07-17,.5SP10,278.2701
2020-07-20,.5SP10,273.4607
2020-07-21,.5SP10,290.2838
2020-07-22,.5SP10,286.3907
2020-07-23,.5SP10,285.7868
2020-07-24,.5SP10,284.1106
2020-07-27,.5SP10,284.7055
2020-07-28,.5SP10,279.7307
2020-07-29,.5SP10,285.6984
2020-07-30,.5SP10,273.992
2020-07-31,.5SP10,272.0948
2020-08-03,.5SP10,272.8125
2020-08-04,.5SP10,279.5126
2020-08-05,.5SP10,282.4611
2020-08-06,.5SP10,280.4525
2020-08-07,.5SP10,280.5946
2020-08-10,.5SP10,289.2426
2020-08-11,.5SP10,288.553
2020-08-12,.5SP10,290.0745
2020-08-13,.5SP10,284.3118
2020-08-14,.5SP10,286.9942
2020-08-17,.5SP10,285.179
2020-08-18,.5SP10,280.2925
2020-08-19,.5SP10,277.048
2020-08-20,.5SP10,271.1488
2020-08-21,.5SP10,269.451
2020-08-24,.5SP10,276.8749
2020-08-25,.5SP10,272.9432
2020-08-26,.5SP10,266.851
2020-08-27,.5SP10,267.5214
2020-08-28,.5SP10,272.4825
2020-08-31,.5SP10,266.4967
2020-09-01,.5SP10,264.0548
2020-09-02,.5SP10,262.9471
2020-09-03,.5SP10,261.1758
2020-09-04,.5SP10,260.3163
2020-09-04,.5SP10,260.3163
2020-09-08,.5SP10,250.6657
2020-09-09,.5SP10,252.2139
2020-09-10,.5SP10,242.9623
2020-09-11,.5SP10,243.5841
2020-09-14,.5SP10,245.0896
2020-09-15,.5SP10,243.2235
2020-09-16,.5SP10,253.0644
2020-09-17,.5SP10,253.5837
2020-09-18,.5SP10,250.649
2020-09-21,.5SP10,242.4491
2020-09-22,.5SP10,239.9573
2020-09-23,.5SP10,229.0497
2020-09-24,.5SP10,229.2363
2020-09-25,.5SP10,229.0856
2020-09-28,.5SP10,234.4197
2020-09-29,.5SP10,228.0258
2020-09-30,.5SP10,227.4885
2020-10-01,.5SP10,220.3607
2020-10-02,.5SP10,222.5495
2020-10-05,.5SP10,229.051
2020-10-06,.5SP10,225.5641
2020-10-07,.5SP10,228.8175
2020-10-08,.5SP10,237.458
2020-10-09,.5SP10,233.6782
2020-10-12,.5SP10,234.4113
2020-10-13,.5SP10,230.7604
2020-10-14,.5SP10,231.4717
2020-10-15,.5SP10,234.1754
2020-10-16,.5SP10,228.779
2020-10-19,.5SP10,223.9745
2020-10-20,.5SP10,226.5084
2020-10-21,.5SP10,222.0087
2020-10-22,.5SP10,231.2396
2020-10-23,.5SP10,229.9599
2020-10-26,.5SP10,221.992
2020-10-27,.5SP10,218.9181
2020-10-28,.5SP10,209.6915
2020-10-29,.5SP10,216.4067
2020-10-30,.5SP10,216.8213
2020-11-02,.5SP10,224.7727
2020-11-03,.5SP10,223.0869
2020-11-04,.5SP10,223.4509
2020-11-05,.5SP10,223.3565
2020-11-06,.5SP10,218.583
2020-11-09,.5SP10,249.6692
2020-11-10,.5SP10,255.9685
2020-11-11,.5SP10,253.8162
2020-11-12,.5SP10,245.209
2020-11-13,.5SP10,254.5515
2020-11-16,.5SP10,271.0899
2020-11-17,.5SP10,272.4375
2020-11-18,.5SP10,264.6013
2020-11-19,.5SP10,268.646
2020-11-20,.5SP10,267.2426
2020-11-23,.5SP10,286.1819
2020-11-24,.5SP10,300.9548
2020-11-25,.5SP10,293.6581
2020-11-25,.5SP10,293.6581
2020-11-27,.5SP10,289.9865
2020-11-30,.5SP10,274.4181
2020-12-01,.5SP10,275.6249
2020-12-02,.5SP10,284.3013
2020-12-03,.5SP10,287.3436
2020-12-04,.5SP10,302.9361
2020-12-07,.5SP10,295.5472
2020-12-08,.5SP10,300.1908
2020-12-09,.5SP10,301.14
2020-12-10,.5SP10,309.9456
2020-12-11,.5SP10,306.3802
2020-12-14,.5SP10,295.5483
2020-12-15,.5SP10,301.2309
2020-12-16,.5SP10,300.0401
2020-12-17,.5SP10,298.3329
2020-12-18,.5SP10,293.3335
2020-12-21,.5SP10,288.0594
2020-12-22,.5SP10,283.0414
2020-12-23,.5SP10,289.2011
2020-12-24,.5SP10,287.3816
2020-12-24,.5SP10,287.3816
2020-12-28,.5SP10,285.8157
2020-12-29,.5SP10,283.9335
2020-12-30,.5SP10,288.477
2020-12-31,.5SP10,286.1414
2020-12-31,.5SP10,286.1414
2021-01-04,.5SP10,286.5009
2021-01-05,.5SP10,299.4902
2021-01-06,.5SP10,308.449
2021-01-07,.5SP10,313.0645
2021-01-08,.5SP10,312.7796
2021-01-11,.5SP10,317.8605
2021-01-12,.5SP10,328.9791
2021-01-13,.5SP10,326.3254
2021-01-14,.5SP10,336.138
2021-01-15,.5SP10,322.5848
2021-01-15,.5SP10,322.5848
2021-01-19,.5SP10,329.2991
2021-01-20,.5SP10,330.472
2021-01-21,.5SP10,319.122
2021-01-22,.5SP10,317.5406
2021-01-25,.5SP10,314.1692
2021-01-26,.5SP10,307.4961
2021-01-27,.5SP10,303.2229
2021-01-28,.5SP10,306.9215
2021-01-29,.5SP10,296.5153
2021-02-01,.5SP10,298.5898
2021-02-02,.5SP10,301.8497
2021-02-03,.5SP10,314.7494
2021-02-04,.5SP10,318.1564
2021-02-05,.5SP10,321.0984
2021-02-08,.5SP10,334.4995
2021-02-09,.5SP10,329.4116
2021-02-10,.5SP10,335.4752
2021-02-11,.5SP10,330.3587
2021-02-12,.5SP10,334.9948
2021-02-12,.5SP10,334.9948
2021-02-16,.5SP10,342.572
2021-02-17,.5SP10,347.554
2021-02-18,.5SP10,339.6635
2021-02-19,.5SP10,345.2258
2021-02-22,.5SP10,357.2243
2021-02-23,.5SP10,362.9667
2021-02-24,.5SP10,376.1975
2021-02-25,.5SP10,368.6621
2021-02-26,.5SP10,360.1901
2021-03-01,.5SP10,369.4703
2021-03-02,.5SP10,367.3124
2021-03-03,.5SP10,372.5525
2021-03-04,.5SP10,381.7577
2021-03-05,.5SP10,396.5373
2021-03-08,.5SP10,397.1322
2021-03-09,.5SP10,389.5372
2021-03-10,.5SP10,399.8027
2021-03-11,.5SP10,400.1149
2021-03-12,.5SP10,400.8181
2021-03-15,.5SP10,395.8102
2021-03-16,.5SP10,384.6237
2021-03-17,.5SP10,388.2266
2021-03-18,.5SP10,370.065
2021-03-19,.5SP10,370.1115
2021-03-22,.5SP10,366.3863
2021-03-23,.5SP10,361.3979
2021-03-24,.5SP10,370.5056
2021-03-25,.5SP10,371.4357
2021-03-26,.5SP10,381.1816
2021-03-29,.5SP10,376.3667
2021-03-30,.5SP10,373.3502
2021-03-31,.5SP10,369.8867
2021-04-01,.5SP10,379.7114
2021-04-01,.5SP10,379.7114
2021-04-05,.5SP10,370.5669
2021-04-06,.5SP10,369.6005
2021-04-07,.5SP10,371.2299
2021-04-08,.5SP10,366.1717
2021-04-09,.5SP10,364.3504
2021-04-12,.5SP10,360.9078
2021-04-13,.5SP10,361.2629
2021-04-14,.5SP10,371.7812
2021-04-15,.5SP10,368.4972
2021-04-16,.5SP10,365.1886
2021-04-19,.5SP10,364.9759
2021-04-20,.5SP10,355.2551
2021-04-21,.5SP10,360.5014
2021-04-22,.5SP10,355.4155
2021-04-23,.5SP10,358.7375
2021-04-26,.5SP10,361.0287
2021-04-27,.5SP10,365.5711
2021-04-28,.5SP10,377.8011
2021-04-29,.5SP10,381.98
2021-04-30,.5SP10,371.6007
2021-05-03,.5SP10,382.4292
2021-05-04,.5SP10,382.5094
2021-05-05,.5SP10,395.2371
2021-05-06,.5SP10,397.1489
2021-05-07,.5SP10,404.6514
2021-05-10,.5SP10,404.4461
2021-05-11,.5SP10,394.0925
2021-05-12,.5SP10,394.329
2021-05-13,.5SP10,389.0052
2021-05-14,.5SP10,401.2893
2021-05-17,.5SP10,410.5284
2021-05-18,.5SP10,399.7243
2021-05-19,.5SP10,389.6327
2021-05-20,.5SP10,389.1682
2021-05-21,.5SP10,389.908
2021-05-24,.5SP10,393.7561
2021-05-25,.5SP10,385.7301
2021-05-26,.5SP10,389.3188
2021-05-27,.5SP10,389.5397
2021-05-28,.5SP10,389.8166
2021-05-28,.5SP10,389.8166
2021-06-01,.5SP10,405.1401
2021-06-02,.5SP10,412.1899
2021-06-03,.5SP10,413.4745
2021-06-04,.5SP10,415.848
2021-06-07,.5SP10,414.2481
2021-06-08,.5SP10,417.8856
2021-06-09,.5SP10,415.5558
2021-06-10,.5SP10,415.0203
2021-06-11,.5SP10,413.4717
2021-06-14,.5SP10,411.8548
2021-06-15,.5SP10,420.3421
2021-06-16,.5SP10,418.3102
2021-06-17,.5SP10,403.7053
2021-06-18,.5SP10,391.9197
2021-06-21,.5SP10,408.7283
2021-06-22,.5SP10,411.4556
2021-06-23,.5SP10,412.5451
2021-06-24,.5SP10,416.0712
2021-06-25,.5SP10,418.0343
2021-06-28,.5SP10,404.1344
2021-06-29,.5SP10,402.1033
2021-06-30,.5SP10,407.3667
2021-07-01,.5SP10,414.3617
2021-07-02,.5SP10,413.5176
2021-07-02,.5SP10,413.5176
2021-07-06,.5SP10,400.2777
2021-07-07,.5SP10,393.3704
2021-07-08,.5SP10,391.553
2021-07-09,.5SP10,399.4241
2021-07-12,.5SP10,398.984
2021-07-13,.5SP10,396.1511
2021-07-14,.5SP10,384.5103
2021-07-15,.5SP10,379.0834
2021-07-16,.5SP10,368.6021
2021-07-19,.5SP10,355.3609
2021-07-20,.5SP10,360.2567
2021-07-21,.5SP10,372.9846
2021-07-22,.5SP10,368.7688
2021-07-23,.5SP10,367.1713
2021-07-26,.5SP10,376.3424
2021-07-27,.5SP10,372.5356
2021-07-28,.5SP10,376.154
2021-07-29,.5SP10,379.6728
2021-07-30,.5SP10,372.9868
2021-08-02,.5SP10,370.3321
2021-08-03,.5SP10,377.1136
2021-08-04,.5SP10,366.0567
2021-08-05,.5SP10,370.7513
2021-08-06,.5SP10,374.1873
2021-08-09,.5SP10,368.6586
2021-08-10,.5SP10,374.9996
2021-08-11,.5SP10,377.8155
2021-08-12,.5SP10,375.9734
2021-08-13,.5SP10,371.1431
2021-08-16,.5SP10,364.349
2021-08-17,.5SP10,361.0018
2021-08-18,.5SP10,352.3394
2021-08-19,.5SP10,342.9902
2021-08-20,.5SP10,343.9536
2021-08-23,.5SP10,356.9169
2021-08-24,.5SP10,362.6775
2021-08-25,.5SP10,365.2849
2021-08-26,.5SP10,359.7713
2021-08-27,.5SP10,369.208
2021-08-30,.5SP10,364.9248
2021-08-31,.5SP10,362.2564
2021-09-01,.5SP10,356.804
2021-09-02,.5SP10,365.82
2021-09-03,.5SP10,363.882
2021-09-03,.5SP10,363.882
2021-09-07,.5SP10,361.8003
2021-09-08,.5SP10,357.1076
2021-09-09,.5SP10,357.5472
2021-09-10,.5SP10,357.3914
2021-09-13,.5SP10,367.9039
2021-09-14,.5SP10,362.205
2021-09-15,.5SP10,376.0204
2021-09-16,.5SP10,372.039
2021-09-17,.5SP10,369.2291
2021-09-20,.5SP10,358.0026
2021-09-21,.5SP10,359.3365
2021-09-22,.5SP10,370.7117
2021-09-23,.5SP10,383.3488
2021-09-24,.5SP10,386.5726
2021-09-27,.5SP10,399.8298
2021-09-28,.5SP10,401.6656
2021-09-29,.5SP10,401.6648
2021-09-30,.5SP10,395.8801
2021-10-01,.5SP10,408.944
2021-10-04,.5SP10,415.5955
2021-10-05,.5SP10,417.9959
2021-10-06,.5SP10,413.602
2021-10-07,.5SP10,416.4483
2021-10-08,.5SP10,429.4647
2021-10-11,.5SP10,427.7112
2021-10-12,.5SP10,427.6026
2021-10-13,.5SP10,427.1862
2021-10-14,.5SP10,432.4329
2021-10-15,.5SP10,434.4364
2021-10-18,.5SP10,434.8943
2021-10-19,.5SP10,439.8664
2021-10-20,.5SP10,443.5309
2021-10-21,.5SP10,435.5008
2021-10-22,.5SP10,439.5604
2021-10-25,.5SP10,445.9104
2021-10-26,.5SP10,448.9421
2021-10-27,.5SP10,436.1038
2021-10-28,.5SP10,439.1151
2021-10-29,.5SP10,436.1944
2021-11-01,.5SP10,443.1129
2021-11-02,.5SP10,438.6451
2021-11-03,.5SP10,434.9903
2021-11-04,.5SP10,435.8267
2021-11-05,.5SP10,442.0029
2021-11-08,.5SP10,445.9122
2021-11-09,.5SP10,447.6658
2021-11-10,.5SP10,434.3774
2021-11-11,.5SP10,435.7348
2021-11-12,.5SP10,434.6042
2021-11-15,.5SP10,438.214
2021-11-16,.5SP10,438.6192
2021-11-17,.5SP10,430.9691
2021-11-18,.5SP10,428.6579
2021-11-19,.5SP10,411.9079
2021-11-22,.5SP10,419.3771
2021-11-23,.5SP10,432.1403
2021-11-24,.5SP10,436.3706
2021-11-24,.5SP10,436.3706
2021-11-26,.5SP10,418.7428
2021-11-29,.5SP10,421.2216
2021-11-30,.5SP10,410.6993
2021-12-01,.5SP10,406.8211
2021-12-02,.5SP10,418.4115
2021-12-03,.5SP10,415.2796
2021-12-06,.5SP10,421.6424
2021-12-07,.5SP10,431.2438
2021-12-08,.5SP10,431.2766
2021-12-09,.5SP10,427.3671
2021-12-10,.5SP10,430.6125
2021-12-13,.5SP10,418.6737
2021-12-14,.5SP10,417.0927
2021-12-15,.5SP10,415.3295
2021-12-16,.5SP10,418.064
2021-12-17,.5SP10,408.6805
2021-12-20,.5SP10,403.8953
2021-12-21,.5SP10,415.5733
2021-12-22,.5SP10,417.9644
2021-12-23,.5SP10,418.3737
2021-12-23,.5SP10,418.3737
2021-12-27,.5SP10,427.7407
2021-12-28,.5SP10,427.2466
2021-12-29,.5SP10,424.5547
2021-12-30,.5SP10,421.6757
2021-12-31,.5SP10,422.7365
2022-01-03,.5SP10,435.8336
2022-01-04,.5SP10,450.897
2022-01-05,.5SP10,450.5692
2022-01-06,.5SP10,460.8925
2022-01-07,.5SP10,467.5759
2022-01-10,.5SP10,466.3229
2022-01-11,.5SP10,482.2449
2022-01-12,.5SP10,483.1547
2022-01-13,.5SP10,480.236
2022-01-14,.5SP10,491.9826
2022-01-14,.5SP10,491.9826
2022-01-18,.5SP10,493.9743
2022-01-19,.5SP10,490.7234
2022-01-20,.5SP10,486.3063
2022-01-21,.5SP10,476.8131
2022-01-24,.5SP10,479.4347
2022-01-25,.5SP10,498.4225
2022-01-26,.5SP10,497.556
2022-01-27,.5SP10,503.7503
2022-01-28,.5SP10,500.7202
2022-01-31,.5SP10,502.9268
2022-02-01,.5SP10,520.7504
2022-02-02,.5SP10,522.7228
2022-02-03,.5SP10,517.2852
2022-02-04,.5SP10,525.4535
2022-02-07,.5SP10,532.3108
2022-02-08,.5SP10,521.0132
2022-02-09,.5SP10,523.6747
2022-02-10,.5SP10,520.1216
2022-02-11,.5SP10,534.6489
2022-02-14,.5SP10,522.66
2022-02-15,.5SP10,515.4165
2022-02-16,.5SP10,519.3392
2022-02-17,.5SP10,518.8962
2022-02-18,.5SP10,514.8188
2022-02-18,.5SP10,514.8188
2022-02-22,.5SP10,506.9549
2022-02-23,.5SP10,512.0948
2022-02-24,.5SP10,507.6388
2022-02-25,.5SP10,521.5382
2022-02-28,.5SP10,534.946
2022-03-01,.5SP10,540.4745
2022-03-02,.5SP10,552.4889
2022-03-03,.5SP10,553.9984
2022-03-04,.5SP10,569.8061
2022-03-07,.5SP10,578.7288
2022-03-08,.5SP10,586.7482
2022-03-09,.5SP10,568.105
2022-03-10,.5SP10,585.5255
2022-03-11,.5SP10,580.5502
2022-03-14,.5SP10,563.7703
2022-03-15,.5SP10,542.7671
2022-03-16,.5SP10,540.4434
2022-03-17,.5SP10,559.2696
2022-03-18,.5SP10,559.7826
2022-03-21,.5SP10,581.0015
2022-03-22,.5SP10,577.1629
2022-03-23,.5SP10,587.1978
2022-03-24,.5SP10,587.9549
2022-03-25,.5SP10,601.3364
2022-03-28,.5SP10,585.9195
2022-03-29,.5SP10,583.3203
2022-03-30,.5SP10,590.1515
2022-03-31,.5SP10,581.9273
2022-04-01,.5SP10,586.8931
2022-04-04,.5SP10,587.2906
2022-04-05,.5SP10,578.4342
2022-04-06,.5SP10,581.5698
2022-04-07,.5SP10,589.4581
2022-04-08,.5SP10,605.7078
2022-04-11,.5SP10,586.8819
2022-04-12,.5SP10,597.0046
2022-04-13,.5SP10,605.1192
2022-04-14,.5SP10,607.6317
2022-04-14,.5SP10,607.6317
2022-04-18,.5SP10,616.7955
2022-04-19,.5SP10,610.8631
2022-04-20,.5SP10,613.3929
2022-04-21,.5SP10,594.3481
2022-04-22,.5SP10,579.8956
2022-04-25,.5SP10,560.5255
2022-04-26,.5SP10,560.7765
2022-04-27,.5SP10,569.0789
2022-04-28,.5SP10,586.922
2022-04-29,.5SP10,572.4107
2022-05-02,.5SP10,580.2423
2022-05-03,.5SP10,596.8685
2022-05-04,.5SP10,621.4315
2022-05-05,.5SP10,612.7722
2022-05-06,.5SP10,630.6234
2022-05-09,.5SP10,578.2649
2022-05-10,.5SP10,583.6563
2022-05-11,.5SP10,591.6295
2022-05-12,.5SP10,592.2075
2022-05-13,.5SP10,612.2457
2022-05-16,.5SP10,628.306
2022-05-17,.5SP10,635.4999
2022-05-18,.5SP10,618.0192
2022-05-19,.5SP10,616.2834
2022-05-20,.5SP10,618.9338
2022-05-23,.5SP10,635.5061
2022-05-24,.5SP10,638.0941
2022-05-25,.5SP10,650.6164
2022-05-26,.5SP10,658.0649
2022-05-27,.5SP10,669.0321
2022-05-27,.5SP10,669.0321
2022-05-31,.5SP10,658.0046
2022-06-01,.5SP10,669.5976
2022-06-02,.5SP10,667.5992
2022-06-03,.5SP10,676.9307
2022-06-06,.5SP10,676.1632
2022-06-07,.5SP10,697.3806
2022-06-08,.5SP10,698.4316
2022-06-09,.5SP10,682.3493
2022-06-10,.5SP10,670.7188
2022-06-13,.5SP10,636.3179
2022-06-14,.5SP10,636.7425
2022-06-15,.5SP10,623.2086
2022-06-16,.5SP10,588.41
2022-06-17,.5SP10,555.6546
2022-06-17,.5SP10,555.6546
2022-06-21,.5SP10,584.1862
2022-06-22,.5SP10,559.7141
2022-06-23,.5SP10,538.7506
2022-06-24,.5SP10,547.0192
2022-06-27,.5SP10,562.2374
2022-06-28,.5SP10,577.4153
2022-06-29,.5SP10,557.5985
2022-06-30,.5SP10,546.2402
2022-07-01,.5SP10,554.101
2022-07-01,.5SP10,554.101
2022-07-05,.5SP10,531.8576
2022-07-06,.5SP10,522.5968
2022-07-07,.5SP10,540.9388
2022-07-08,.5SP10,540.8717
2022-07-11,.5SP10,536.0659
2022-07-12,.5SP10,525.182
2022-07-13,.5SP10,524.4617
2022-07-14,.5SP10,514.5038
2022-07-15,.5SP10,524.2664
2022-07-18,.5SP10,534.5639
2022-07-19,.5SP10,551.4623
2022-07-20,.5SP10,557.0622
2022-07-21,.5SP10,547.6303
2022-07-22,.5SP10,542.8026
2022-07-25,.5SP10,562.959
2022-07-26,.5SP10,558.0182
2022-07-27,.5SP10,570.3215
2022-07-28,.5SP10,572.8761
2022-07-29,.5SP10,598.7353
2022-08-01,.5SP10,585.6729
2022-08-02,.5SP10,584.4625
2022-08-03,.5SP10,567.1172
2022-08-04,.5SP10,546.7265
2022-08-05,.5SP10,557.8811
2022-08-08,.5SP10,560.62
2022-08-09,.5SP10,570.5672
2022-08-10,.5SP10,574.6222
2022-08-11,.5SP10,592.9409
2022-08-12,.5SP10,597.7025
2022-08-15,.5SP10,585.8561
2022-08-16,.5SP10,583.8748
2022-08-17,.5SP10,588.5818
2022-08-18,.5SP10,603.4596
2022-08-19,.5SP10,603.6045
2022-08-22,.5SP10,602.1026
2022-08-23,.5SP10,623.8975
2022-08-24,.5SP10,631.3814
2022-08-25,.5SP10,636.1862
2022-08-26,.5SP10,629.3804
2022-08-29,.5SP10,639.0998
2022-08-30,.5SP10,617.5989
2022-08-31,.5SP10,611.7993
2022-09-01,.5SP10,597.7209
2022-09-02,.5SP10,608.5435
2022-09-02,.5SP10,608.5435
2022-09-06,.5SP10,601.9541
2022-09-07,.5SP10,595.0049
2022-09-08,.5SP10,597.9458
2022-09-09,.5SP10,612.1901
2022-09-12,.5SP10,623.3001
2022-09-13,.5SP10,608.0182
2022-09-14,.5SP10,625.3424
2022-09-15,.5SP10,609.4703
2022-09-16,.5SP10,596.2742
2022-09-19,.5SP10,596.7332
2022-09-20,.5SP10,592.8915
2022-09-21,.5SP10,584.2092
2022-09-22,.5SP10,581.8832
2022-09-23,.5SP10,542.6072
2022-09-26,.5SP10,528.638
2022-09-27,.5SP10,534.7931
2022-09-28,.5SP10,558.3359
2022-09-29,.5SP10,557.603
2022-09-30,.5SP10,552.5611
2022-10-03,.5SP10,584.4461
2022-10-04,.5SP10,609.8425
2022-10-05,.5SP10,622.3863
2022-10-06,.5SP10,633.7238
2022-10-07,.5SP10,629.1368
2022-10-10,.5SP10,616.1827
2022-10-11,.5SP10,611.5354
2022-10-12,.5SP10,616.1209
2022-10-13,.5SP10,641.2442
2022-10-14,.5SP10,617.4821
2022-10-17,.5SP10,625.033
2022-10-18,.5SP10,629.7411
2022-10-19,.5SP10,648.2294
2022-10-20,.5SP10,649.4118
2022-10-21,.5SP10,667.35
2022-10-24,.5SP10,670.5223
2022-10-25,.5SP10,670.2194
2022-10-26,.5SP10,679.3409
2022-10-27,.5SP10,681.1897
2022-10-28,.5SP10,685.7146
2022-10-31,.5SP10,689.8327
2022-11-01,.5SP10,696.6948
2022-11-02,.5SP10,681.0103
2022-11-03,.5SP10,694.9214
2022-11-04,.5SP10,701.9874
2022-11-07,.5SP10,714.126
2022-11-08,.5SP10,714.5063
2022-11-09,.5SP10,679.6285
2022-11-10,.5SP10,694.7391
2022-11-11,.5SP10,716.0191
2022-11-14,.5SP10,712.2831
2022-11-15,.5SP10,720.1572
2022-11-16,.5SP10,704.6842
2022-11-17,.5SP10,705.524
2022-11-18,.5SP10,699.1893
2022-11-21,.5SP10,689.4612
2022-11-22,.5SP10,711.3913
2022-11-23,.5SP10,703.1264
2022-11-23,.5SP10,703.1264
2022-11-25,.5SP10,701.0048
2022-11-28,.5SP10,681.8131
2022-11-29,.5SP10,690.5298
2022-11-30,.5SP10,694.295
2022-12-01,.5SP10,691.3715
2022-12-02,.5SP10,687.2003
2022-12-05,.5SP10,667.0091
2022-12-06,.5SP10,649.3512
2022-12-07,.5SP10,647.4737
2022-12-08,.5SP10,644.458
2022-12-09,.5SP10,629.4712
2022-12-12,.5SP10,645.1155
2022-12-13,.5SP10,656.5437
2022-12-14,.5SP10,652.3342
2022-12-15,.5SP10,648.8805
2022-12-16,.5SP10,640.2773
2022-12-19,.5SP10,641.143
2022-12-20,.5SP10,650.8559
2022-12-21,.5SP10,663.1722
2022-12-22,.5SP10,647.8442
2022-12-23,.5SP10,668.3274
2022-12-23,.5SP10,668.3274
2022-12-27,.5SP10,675.9621
2022-12-28,.5SP10,660.9488
2022-12-29,.5SP10,667.2718
2022-12-30,.5SP10,672.3436
2022-12-30,.5SP10,672.3436
2023-01-03,.5SP10,647.9691
2023-01-04,.5SP10,648.3394
2023-01-05,.5SP10,661.2506
2023-01-06,.5SP10,672.3467
2023-01-09,.5SP10,669.1901
2023-01-10,.5SP10,674.2073
2023-01-11,.5SP10,676.6062
2023-01-12,.5SP10,689.2571
2023-01-13,.5SP10,690.2078
2023-01-13,.5SP10,690.2078
2023-01-17,.5SP10,691.0702
2023-01-18,.5SP10,678.8658
2023-01-19,.5SP10,686.3813
2023-01-20,.5SP10,695.3241
2023-01-23,.5SP10,693.9079
2023-01-24,.5SP10,692.4109
2023-01-25,.5SP10,691.7779
2023-01-26,.5SP10,714.7745
2023-01-27,.5SP10,700.5819
2023-01-30,.5SP10,684.5272
2023-01-31,.5SP10,690.59
2023-02-01,.5SP10,677.5307
2023-02-02,.5SP10,660.4748
2023-02-03,.5SP10,658.952
2023-02-06,.5SP10,656.343
2023-02-07,.5SP10,676.5352
2023-02-08,.5SP10,670.7646
2023-02-09,.5SP10,665.9651
2023-02-10,.5SP10,692.0964
2023-02-13,.5SP10,687.905
2023-02-14,.5SP10,687.7845
2023-02-15,.5SP10,675.5382
2023-02-16,.5SP10,668.5833
2023-02-17,.5SP10,644.2015
2023-02-17,.5SP10,644.2015
2023-02-21,.5SP10,642.2341
2023-02-22,.5SP10,637.2886
2023-02-23,.5SP10,645.3896
2023-02-24,.5SP10,645.3193
2023-02-27,.5SP10,647.3537
2023-02-28,.5SP10,638.0109
2023-03-01,.5SP10,650.366
2023-03-02,.5SP10,655.8497
2023-03-03,.5SP10,664.3027
2023-03-06,.5SP10,664.9481
2023-03-07,.5SP10,653.3191
2023-03-08,.5SP10,646.6345
2023-03-09,.5SP10,637.8105
2023-03-10,.5SP10,628.7842
2023-03-13,.5SP10,616.4743
2023-03-14,.5SP10,621.9194
2023-03-15,.5SP10,588.1971
2023-03-16,.5SP10,593.7161
2023-03-17,.5SP10,584.6412
2023-03-20,.5SP10,596.9765
2023-03-21,.5SP10,617.6019
2023-03-22,.5SP10,604.5582
2023-03-23,.5SP10,596.3163
2023-03-24,.5SP10,598.0297
2023-03-27,.5SP10,610.6027
2023-03-28,.5SP10,619.4376
2023-03-29,.5SP10,628.7059
2023-03-30,.5SP10,630.8998
2023-03-31,.5SP10,634.901
2023-04-03,.5SP10,666.0726
2023-04-04,.5SP10,654.61
2023-04-05,.5SP10,663.9074
2023-04-06,.5SP10,654.1378
2023-04-06,.5SP10,654.1378
2023-04-10,.5SP10,658.37
2023-04-11,.5SP10,664.2405
2023-04-12,.5SP10,664.9927
2023-04-13,.5SP10,669.0422
2023-04-14,.5SP10,670.3169
2023-04-17,.5SP10,661.7974
2023-04-18,.5SP10,664.7493
2023-04-19,.5SP10,663.0787
2023-04-20,.5SP10,657.1906
2023-04-21,.5SP10,653.2953
2023-04-24,.5SP10,663.3486
2023-04-25,.5SP10,651.1599
2023-04-26,.5SP10,642.8294
2023-04-27,.5SP10,645.6807
2023-04-28,.5SP10,655.1961
2023-05-01,.5SP10,646.9709
2023-05-02,.5SP10,619.2818
2023-05-03,.5SP10,607.3656
2023-05-04,.5SP10,600.6484
2023-05-05,.5SP10,617.149
2023-05-08,.5SP10,617.6134
2023-05-09,.5SP10,617.826
2023-05-10,.5SP10,610.7331
2023-05-11,.5SP10,603.1261
2023-05-12,.5SP10,603.8388
2023-05-15,.5SP10,605.0615
2023-05-16,.5SP10,589.7125
2023-05-17,.5SP10,601.9329
2023-05-18,.5SP10,604.8842
2023-05-19,.5SP10,609.2953
2023-05-22,.5SP10,606.9363
2023-05-23,.5SP10,613.234
2023-05-24,.5SP10,616.427
2023-05-25,.5SP10,604.7743
2023-05-26,.5SP10,602.5114
2023-05-26,.5SP10,602.5114
2023-05-30,.5SP10,596.8576
2023-05-31,.5SP10,585.6625
2023-06-01,.5SP10,592.8639
2023-06-02,.5SP10,610.4125
2023-06-05,.5SP10,606.856
2023-06-06,.5SP10,611.0542
2023-06-07,.5SP10,627.2161
2023-06-08,.5SP10,624.4302
2023-06-09,.5SP10,620.8185
2023-06-12,.5SP10,614.7996
2023-06-13,.5SP10,617.6686
2023-06-14,.5SP10,610.7738
2023-06-15,.5SP10,617.1028
2023-06-16,.5SP10,616.4253
2023-06-16,.5SP10,616.4253
2023-06-20,.5SP10,602.312
2023-06-21,.5SP10,607.8453
2023-06-22,.5SP10,599.9306
2023-06-23,.5SP10,595.1721
2023-06-26,.5SP10,605.3674
2023-06-27,.5SP10,606.7388
2023-06-28,.5SP10,612.9019
2023-06-29,.5SP10,619.7134
2023-06-30,.5SP10,623.5571
2023-07-03,.5SP10,625.5034
2023-07-03,.5SP10,625.5034
2023-07-05,.5SP10,622.1052
2023-07-06,.5SP10,606.8683
2023-07-07,.5SP10,619.3969
2023-07-10,.5SP10,624.0787
2023-07-11,.5SP10,637.8113
2023-07-12,.5SP10,643.571
2023-07-13,.5SP10,640.6469
2023-07-14,.5SP10,623.0155
2023-07-17,.5SP10,622.259
2023-07-18,.5SP10,628.3474
2023-07-19,.5SP10,631.6444
2023-07-20,.5SP10,639.8
2023-07-21,.5SP10,645.0029
2023-07-24,.5SP10,655.7028
2023-07-25,.5SP10,659.4196
2023-07-26,.5SP10,658.8293
2023-07-27,.5SP10,655.2518
2023-07-28,.5SP10,655.8553
2023-07-31,.5SP10,668.9819
2023-08-01,.5SP10,665.8751
2023-08-02,.5SP10,656.9555
2023-08-03,.5SP10,663.2095
2023-08-04,.5SP10,663.3811
2023-08-07,.5SP10,664.3721
2023-08-08,.5SP10,667.5959
2023-08-09,.5SP10,675.7674
2023-08-10,.5SP10,676.2908
2023-08-11,.5SP10,686.8446
2023-08-14,.5SP10,684.5608
2023-08-15,.5SP10,667.8402
2023-08-16,.5SP10,661.8044
2023-08-17,.5SP10,669.1533
2023-08-18,.5SP10,675.4311
2023-08-21,.5SP10,671.2129
2023-08-22,.5SP10,666.0708
2023-08-23,.5SP10,664.0511
2023-08-24,.5SP10,659.1191
2023-08-25,.5SP10,666.1804
2023-08-28,.5SP10,671.0169
2023-08-29,.5SP10,673.0214
2023-08-30,.5SP10,676.4512
2023-08-31,.5SP10,677.4908
2023-09-01,.5SP10,691.3862
2023-09-01,.5SP10,691.3862
2023-09-05,.5SP10,694.7637
2023-09-06,.5SP10,695.7636
2023-09-07,.5SP10,694.254
2023-09-08,.5SP10,700.9667
2023-09-11,.5SP10,691.7478
2023-09-12,.5SP10,707.7141
2023-09-13,.5SP10,702.3214
2023-09-14,.5SP10,711.1934
2023-09-15,.5SP10,701.84
2023-09-18,.5SP10,706.6445
2023-09-19,.5SP10,700.7525
2023-09-20,.5SP10,694.0641
2023-09-21,.5SP10,684.4247
2023-09-22,.5SP10,685.4762
2023-09-25,.5SP10,694.2523
2023-09-26,.5SP10,690.7553
2023-09-27,.5SP10,708.0781
2023-09-28,.5SP10,708.1643
2023-09-29,.5SP10,694.1914
2023-10-02,.5SP10,680.9543
2023-10-03,.5SP10,680.7998
2023-10-04,.5SP10,657.9086
2023-10-05,.5SP10,654.0929
2023-10-06,.5SP10,656.7851
2023-10-09,.5SP10,680.0065
2023-10-10,.5SP10,679.8939
2023-10-11,.5SP10,670.7199
2023-10-12,.5SP10,671.312
2023-10-13,.5SP10,686.4395
2023-10-16,.5SP10,690.9431
2023-10-17,.5SP10,697.704
2023-10-18,.5SP10,704.2082
2023-10-19,.5SP10,703.3246
2023-10-20,.5SP10,691.1
2023-10-23,.5SP10,679.9129
2023-10-24,.5SP10,670.2671
2023-10-25,.5SP10,669.2108
2023-10-26,.5SP10,663.8795
2023-10-27,.5SP10,648.5775
2023-10-30,.5SP10,650.5598
2023-10-31,.5SP10,652.013
2023-11-01,.5SP10,649.8505
2023-11-02,.5SP10,670.0294
2023-11-03,.5SP10,663.2358
2023-11-06,.5SP10,655.3165
2023-11-07,.5SP10,640.6764
2023-11-08,.5SP10,632.8729
2023-11-09,.5SP10,631.1408
2023-11-10,.5SP10,637.8802
2023-11-13,.5SP10,642.3906
2023-11-14,.5SP10,645.8821
2023-11-15,.5SP10,643.7123
2023-11-16,.5SP10,630.133
2023-11-17,.5SP10,643.4976
2023-11-20,.5SP10,644.2505
2023-11-21,.5SP10,642.9133
2023-11-22,.5SP10,642.2121
2023-11-22,.5SP10,642.2121
2023-11-24,.5SP10,645.0825
2023-11-27,.5SP10,642.5179
2023-11-28,.5SP10,642.8856
2023-11-29,.5SP10,637.2081
2023-11-30,.5SP10,641.2835
2023-12-01,.5SP10,644.3567
2023-12-04,.5SP10,641.3981
2023-12-05,.5SP10,630.4847
2023-12-06,.5SP10,620.1294
2023-12-07,.5SP10,616.3452
2023-12-08,.5SP10,623.2227
2023-12-11,.5SP10,623.9895
2023-12-12,.5SP10,615.5438
2023-12-13,.5SP10,623.2276
2023-12-14,.5SP10,641.5829
2023-12-15,.5SP10,638.2873
2023-12-18,.5SP10,643.1727
2023-12-19,.5SP10,651.0397
2023-12-20,.5SP10,644.7411
2023-12-21,.5SP10,647.2619
2023-12-22,.5SP10,648.9124
2023-12-22,.5SP10,648.9124
2023-12-26,.5SP10,654.5725
2023-12-27,.5SP10,651.1196
2023-12-28,.5SP10,641.5795
2023-12-29,.5SP10,640.0481
2023-12-29,.5SP10,640.0481
2024-01-02,.5SP10,647.6727
2024-01-03,.5SP10,657.4965
2024-01-04,.5SP10,646.8066
2024-01-05,.5SP10,647.2253
2024-01-08,.5SP10,639.6881
2024-01-09,.5SP10,629.2866
2024-01-10,.5SP10,622.9309
2024-01-11,.5SP10,623.934
2024-01-12,.5SP10,631.7728
2024-01-12,.5SP10,631.7728
2024-01-16,.5SP10,616.6039
2024-01-17,.5SP10,611.4172
2024-01-18,.5SP10,610.0864
2024-01-19,.5SP10,612.3261
2024-01-22,.5SP10,614.1167
2024-01-23,.5SP10,616.1908
2024-01-24,.5SP10,625.0186
2024-01-25,.5SP10,638.9713
2024-01-26,.5SP10,643.8476
2024-01-29,.5SP10,642.5302
2024-01-30,.5SP10,649.0405
2024-01-31,.5SP10,636.7306
2024-02-01,.5SP10,636.3183
2024-02-02,.5SP10,637.3497
2024-02-05,.5SP10,635.8585
2024-02-06,.5SP10,637.8989
2024-02-07,.5SP10,638.9541
2024-02-08,.5SP10,645.8984
2024-02-09,.5SP10,635.8086
2024-02-12,.5SP10,642.4896
2024-02-13,.5SP10,635.1347
2024-02-14,.5SP10,634.0346
2024-02-15,.5SP10,649.7449
2024-02-16,.5SP10,649.5925
2024-02-16,.5SP10,649.5925
2024-02-20,.5SP10,643.3975
2024-02-21,.5SP10,655.3504
2024-02-22,.5SP10,656.1536
2024-02-23,.5SP10,652.3508
2024-02-26,.5SP10,654.4466
2024-02-27,.5SP10,651.6258
2024-02-28,.5SP10,650.3304
2024-02-29,.5SP10,653.1445
2024-03-01,.5SP10,660.8097
2024-03-04,.5SP10,653.6482
2024-03-05,.5SP10,658.5098
2024-03-06,.5SP10,660.7704
2024-03-07,.5SP10,665.9094
2024-03-08,.5SP10,668.4978
2024-03-11,.5SP10,675.1818
2024-03-12,.5SP10,674.106
2024-03-13,.5SP10,684.3493
2024-03-14,.5SP10,691.8956
2024-03-15,.5SP10,693.4821
2024-03-18,.5SP10,696.4272
2024-03-19,.5SP10,703.9533
2024-03-20,.5SP10,703.3193
2024-03-21,.5SP10,707.1184
2024-03-22,.5SP10,705.6668
2024-03-25,.5SP10,712.0842
2024-03-26,.5SP10,706.6866
2024-03-27,.5SP10,713.3637
2024-03-28,.5SP10,721.2423
2024-03-28,.5SP10,721.2423
2024-04-01,.5SP10,726.9459
2024-04-02,.5SP10,736.8997
2024-04-03,.5SP10,741.764
2024-04-04,.5SP10,741.3392
2024-04-05,.5SP10,749.3861
2024-04-08,.5SP10,744.6924
2024-04-09,.5SP10,745.1074
2024-04-10,.5SP10,747.938
2024-04-11,.5SP10,746.4716
2024-04-12,.5SP10,734.9636
2024-04-15,.5SP10,728.342
2024-04-16,.5SP10,722.019
2024-04-17,.5SP10,719.5561
2024-04-18,.5SP10,717.9455
2024-04-19,.5SP10,725.987
2024-04-22,.5SP10,730.6139
2024-04-23,.5SP10,734.4474
2024-04-24,.5SP10,735.2101
2024-04-25,.5SP10,738.852
2024-04-26,.5SP10,731.3386
2024-04-29,.5SP10,736.2307
2024-04-30,.5SP10,714.9495
2024-05-01,.5SP10,703.5284
2024-05-02,.5SP10,707.1306
2024-05-03,.5SP10,706.8048
2024-05-06,.5SP10,712.5708
2024-05-07,.5SP10,711.5884
2024-05-08,.5SP10,710.7289
2024-05-09,.5SP10,720.4174
2024-05-10,.5SP10,716.4437
2024-05-13,.5SP10,714.8075
2024-05-14,.5SP10,713.8489
2024-05-15,.5SP10,714.935
2024-05-16,.5SP10,711.9427
2024-05-17,.5SP10,721.6604
2024-05-20,.5SP10,717.0272
2024-05-21,.5SP10,713.3846
2024-05-22,.5SP10,700.317
2024-05-23,.5SP10,693.1459
2024-05-24,.5SP10,694.069
2024-05-24,.5SP10,694.069
2024-05-28,.5SP10,701.5477
2024-05-29,.5SP10,689.1997
2024-05-30,.5SP10,690.8705
2024-05-31,.5SP10,708.0447
2024-06-03,.5SP10,689.6443
2024-06-04,.5SP10,682.9435
2024-06-05,.5SP10,682.8834
2024-06-06,.5SP10,686.6598
2024-06-07,.5SP10,683.4331
2024-06-10,.5SP10,688.3104
2024-06-11,.5SP10,686.6605
2024-06-12,.5SP10,679.1648
2024-06-13,.5SP10,673.1418
2024-06-14,.5SP10,667.5803
2024-06-17,.5SP10,669.0711
2024-06-18,.5SP10,672.1782
2024-06-18,.5SP10,672.1782
2024-06-20,.5SP10,684.6474
2024-06-21,.5SP10,680.0188
2024-06-24,.5SP10,698.6111
2024-06-25,.5SP10,699.6032
2024-06-26,.5SP10,693.6019
2024-06-27,.5SP10,695.3177
2024-06-28,.5SP10,698.2321
2024-07-01,.5SP10,698.3608
2024-07-02,.5SP10,696.9478
2024-07-03,.5SP10,700.0385
2024-07-03,.5SP10,700.0385
2024-07-05,.5SP10,689.379
2024-07-08,.5SP10,685.3216
2024-07-09,.5SP10,678.8575
2024-07-10,.5SP10,683.773
2024-07-11,.5SP10,690.9819
2024-07-12,.5SP10,692.4897
2024-07-15,.5SP10,703.2845
2024-07-16,.5SP10,705.7161
2024-07-17,.5SP10,713.3676
2024-07-18,.5SP10,715.7453
2024-07-19,.5SP10,706.5111
2024-07-22,.5SP10,701.4422
2024-07-23,.5SP10,690.5567
2024-07-24,.5SP10,692.099
2024-07-25,.5SP10,702.2883
2024-07-26,.5SP10,704.7984
2024-07-29,.5SP10,698.677
2024-07-30,.5SP10,709.4641
2024-07-31,.5SP10,712.4181
2024-08-01,.5SP10,694.1535
2024-08-02,.5SP10,678.4696
2024-08-05,.5SP10,664.7829
2024-08-06,.5SP10,667.4627
2024-08-07,.5SP10,670.5587
2024-08-08,.5SP10,684.4638
2024-08-09,.5SP10,686.3985
2024-08-12,.5SP10,689.7619
2024-08-13,.5SP10,682.7547
2024-08-14,.5SP10,687.2783
2024-08-15,.5SP10,693.2227
2024-08-16,.5SP10,692.2509
2024-08-19,.5SP10,695.1341
2024-08-20,.5SP10,676.6848
2024-08-21,.5SP10,676.622
2024-08-22,.5SP10,678.7592
2024-08-23,.5SP10,688.8138
2024-08-26,.5SP10,696.4759
2024-08-27,.5SP10,690.0238
2024-08-28,.5SP10,685.4095
2024-08-29,.5SP10,694.0161
2024-08-30,.5SP10,695.8613
2024-08-30,.5SP10,695.8613
2024-09-03,.5SP10,679.1076
2024-09-04,.5SP10,669.4965
2024-09-05,.5SP10,664.4231
2024-09-06,.5SP10,656.6682
2024-09-09,.5SP10,661.7296
2024-09-10,.5SP10,649.016
2024-09-11,.5SP10,643.0092
2024-09-12,.5SP10,649.0703
2024-09-13,.5SP10,651.7912
2024-09-16,.5SP10,659.5929
2024-09-17,.5SP10,668.8811
2024-09-18,.5SP10,670.5624
2024-09-19,.5SP10,678.7417
2024-09-20,.5SP10,676.4981
2024-09-23,.5SP10,685.3499
2024-09-24,.5SP10,683.3805
2024-09-25,.5SP10,670.415
2024-09-26,.5SP10,657.0323
2024-09-27,.5SP10,670.9163
2024-09-30,.5SP10,676.4731
2024-10-01,.5SP10,691.586
2024-10-02,.5SP10,699.3385
2024-10-03,.5SP10,710.4025
2024-10-04,.5SP10,717.9777
2024-10-07,.5SP10,720.5012
2024-10-08,.5SP10,701.5262
2024-10-09,.5SP10,705.0469
2024-10-10,.5SP10,710.6533
2024-10-11,.5SP10,714.0802
2024-10-14,.5SP10,713.4042
2024-10-15,.5SP10,691.7032
2024-10-16,.5SP10,694.6772
2024-10-17,.5SP10,697.7347
2024-10-18,.5SP10,695.2626
2024-10-21,.5SP10,693.7747
2024-10-22,.5SP10,695.1645
2024-10-23,.5SP10,691.8286
2024-10-24,.5SP10,690.491
2024-10-25,.5SP10,690.9114
2024-10-28,.5SP10,686.4119
2024-10-29,.5SP10,676.5265
2024-10-30,.5SP10,676.7772
2024-10-31,.5SP10,681.2521
2024-11-01,.5SP10,676.199
2024-11-04,.5SP10,688.8679
2024-11-05,.5SP10,692.7888
2024-11-06,.5SP10,717.2893
2024-11-07,.5SP10,714.6983
2024-11-08,.5SP10,717.8666
2024-11-11,.5SP10,720.7857
2024-11-12,.5SP10,717.4585
2024-11-13,.5SP10,723.4689
2024-11-14,.5SP10,724.489
2024-11-15,.5SP10,722.0446
2024-11-18,.5SP10,729.6385
2024-11-19,.5SP10,724.7257
2024-11-20,.5SP10,731.9537
2024-11-21,.5SP10,737.9934
2024-11-22,.5SP10,738.8293
2024-11-25,.5SP10,723.9545
2024-11-26,.5SP10,722.2905
2024-11-27,.5SP10,721.6022
2024-11-27,.5SP10,721.6022
2024-11-29,.5SP10,724.056
2024-12-02,.5SP10,717.8656
2024-12-03,.5SP10,717.4903
2024-12-04,.5SP10,699.7741
2024-12-05,.5SP10,702.1265
2024-12-06,.5SP10,691.1319
2024-12-09,.5SP10,689.7363
2024-12-10,.5SP10,685.4302
2024-12-11,.5SP10,685.584
2024-12-12,.5SP10,680.99
2024-12-13,.5SP10,676.6776
2024-12-16,.5SP10,661.8844
2024-12-17,.5SP10,656.8328
2024-12-18,.5SP10,639.6613
2024-12-19,.5SP10,633.3456
2024-12-20,.5SP10,638.9232
2024-12-23,.5SP10,642.8404
2024-12-24,.5SP10,647.3868
2024-12-24,.5SP10,647.3868
2024-12-26,.5SP10,646.7223
2024-12-27,.5SP10,646.6674
2024-12-30,.5SP10,646.1246
2024-12-31,.5SP10,654.8463
2024-12-31,.5SP10,654.8463
2025-01-02,.5SP10,661.658
2025-01-03,.5SP10,667.6025
2025-01-06,.5SP10,664.8829
2025-01-07,.5SP10,671.9595
2025-01-08,.5SP10,671.3004
2025-01-08,.5SP10,671.3004
2025-01-10,.5SP10,673.6008
2025-01-13,.5SP10,688.7511
2025-01-14,.5SP10,695.2324
2025-01-15,.5SP10,704.9187
2025-01-16,.5SP10,709.3197
2025-01-17,.5SP10,714.9476
2025-01-17,.5SP10,714.9476
2025-01-21,.5SP10,710.3835
2025-01-22,.5SP10,697.9476
2025-01-23,.5SP10,701.068
2025-01-24,.5SP10,694.2277
2025-01-27,.5SP10,689.1116
2025-01-28,.5SP10,681.9471
2025-01-29,.5SP10,683.1658
2025-01-30,.5SP10,686.7562
2025-01-31,.5SP10,667.9538
2025-02-03,.5SP10,670.7321
2025-02-04,.5SP10,685.3329
2025-02-05,.5SP10,686.0708
2025-02-06,.5SP10,674.7917
2025-02-07,.5SP10,674.5936
2025-02-10,.5SP10,689.1303
2025-02-11,.5SP10,694.3478
2025-02-12,.5SP10,675.6625
2025-02-13,.5SP10,680.8614
2025-02-14,.5SP10,681.7572
2025-02-14,.5SP10,681.7572
2025-02-18,.5SP10,691.0788
2025-02-19,.5SP10,695.9074
2025-02-20,.5SP10,702.6813
2025-02-21,.5SP10,688.9686
2025-02-24,.5SP10,689.6976
2025-02-25,.5SP10,679.5377
2025-02-26,.5SP10,676.231
2025-02-27,.5SP10,679.4878
2025-02-28,.5SP10,689.8811
2025-03-03,.5SP10,665.6541
2025-03-04,.5SP10,659.9218
2025-03-05,.5SP10,649.9543
2025-03-06,.5SP10,653.2179
2025-03-07,.5SP10,663.9468
2025-03-10,.5SP10,670.176
2025-03-11,.5SP10,663.7361
2025-03-12,.5SP10,666.6518
2025-03-13,.5SP10,662.3933
2025-03-14,.5SP10,681.0005
2025-03-17,.5SP10,691.624
2025-03-18,.5SP10,693.1748
2025-03-19,.5SP10,704.1891
2025-03-20,.5SP10,707.1116
2025-03-21,.5SP10,702.7337
2025-03-24,.5SP10,709.7917
2025-03-25,.5SP10,713.1041
2025-03-26,.5SP10,717.3825
2025-03-27,.5SP10,711.2849
2025-03-28,.5SP10,708.1501
2025-03-31,.5SP10,715.7512
2025-04-01,.5SP10,719.9126
2025-04-02,.5SP10,720.3863
2025-04-03,.5SP10,666.2798
2025-04-04,.5SP10,608.3235
2025-04-07,.5SP10,602.599
2025-04-08,.5SP10,587.652
2025-04-09,.5SP10,631.5265
2025-04-10,.5SP10,591.1391
2025-04-11,.5SP10,605.9321
2025-04-14,.5SP10,607.4487
2025-04-15,.5SP10,606.6846
2025-04-16,.5SP10,611.508
2025-04-17,.5SP10,625.4191
2025-04-17,.5SP10,625.4191
2025-04-21,.5SP10,609.6587
2025-04-22,.5SP10,625.6611
2025-04-23,.5SP10,623.9746
2025-04-24,.5SP10,633.1259
2025-04-25,.5SP10,632.4144
2025-04-28,.5SP10,636.3874
2025-04-29,.5SP10,634.0453
2025-04-30,.5SP10,617.4688
2025-05-01,.5SP10,619.759
2025-05-02,.5SP10,628.2835
2025-05-05,.5SP10,615.5817
2025-05-06,.5SP10,616.1826
2025-05-07,.5SP10,616.6603
2025-05-08,.5SP10,624.409
2025-05-09,.5SP10,630.9443
