Date,.DJI,.IXIC,.INX,.NDX,.SPX,.SPSUPX,.GSPTSE,.DJI squared,.IXIC squared,.INX squared,.NDX squared,.SPX squared,.SPSUPX squared,.GSPTSE squared
2011-01-05,1.247957620402496,1.8424183219508976,1.493201131727331,2.341326041547527,1.493201131727331,1.4199644667145006,-0.3519481292643671,1.5573982223206604,3.3945052730603624,2.229649619791782,5.481807632828613,2.229649619791782,2.016299086731796,0.1238674856926876
2011-01-07,-0.4114486898192112,0.0358902354663119,-0.3971654239997507,0.2770998672198542,-0.3971654239997507,-0.4245569763400872,-0.927625182921206,0.1692900243539455,0.0012881090018273,0.1577403740209017,0.0767843364132608,0.1577403740209017,0.1802486261590373,0.8604884799896011
2011-01-10,-0.3201062257295376,0.1711338680488884,-0.1377275180819885,0.3367626640260951,-0.1377275180819885,-0.0646907633939136,-0.2049973905335992,0.1024679957508097,0.0292868007933743,0.0189688692370244,0.1134090918819526,0.0189688692370244,0.0041848948684873,0.042023930125585
2011-01-11,0.2954691923827668,0.3329262397877537,0.3718221583284993,0.1902425837982717,0.3718221583284993,0.3671600249050034,1.1703879390335448,0.0873020436473245,0.1108398811392128,0.1382517174240636,0.0361922406902424,0.1382517174240636,0.1348064838882427,1.3698079278351885
2011-01-12,0.7133102886724378,0.7517233280933899,0.896726885011282,0.703153578179409,0.896726885011282,0.8784137025605349,0.4404863781959213,0.5088115679259566,0.5650879619998024,0.8041191063020369,0.4944249545065063,0.8041191063020369,0.7716106328461078,0.1940282493761602
2011-01-13,-0.2004272970432143,-0.0745529598067668,-0.1712249223647914,0.0281970585829329,-0.1712249223647914,-0.1548509028205624,-0.4372777258781253,0.0401711014000488,0.0055581438159493,0.0293179740388288,0.0007950741127293,0.0293179740388288,0.0239788021043432,0.1912118095491449
2011-01-14,0.471749071860691,0.7288866438816732,0.7357425505636377,0.7733957183730523,0.7357425505636377,0.7384318453395252,0.4658764587406386,0.2225471868014233,0.5312757396290891,0.5413171007098869,0.5981409371977696,0.5413171007098869,0.5452815902115364,0.217040874808718
2011-01-19,0.3211613425204808,-1.0925800117253257,-0.8791743359341917,-0.8692981742734646,-0.8791743359341917,-0.9238949660594415,-0.1860009234128058,0.1031446079295576,1.1937310820217124,0.7729475129653269,0.7556793157951788,0.7729475129653269,0.8535819083099766,0.0345963435104164
2011-01-20,-0.0211226371541402,-0.7761128530464618,-0.1295771750825511,-0.7512999996869547,-0.1295771750825511,-0.2094807672144416,-0.8047749928254309,0.0004461658003454,0.6023511606639188,0.0167902443023741,0.5644516895296181,0.0167902443023741,0.043882191832751,0.6476627890771723
2011-01-24,1.325247054657268,0.4891338157276404,0.8229986945341005,0.6240113392105634,0.8229986945341005,0.7782664823841624,0.1218940961829895,1.756279755877764,0.2392518896882813,0.6773268512048336,0.3893901514633608,0.6773268512048336,0.6056987176026177,0.0148581706842679
2011-01-25,-0.0277995693300807,0.062536788383009,0.0263359696644669,0.1581089804269268,0.0263359696644669,0.0469735614596165,-0.6611014106681342,0.0007728160549379,0.0039108499012612,0.0006935832981677,0.0249984496916423,0.0006935832981677,0.0022065154762003,0.437055075187397
2011-01-28,-1.289766010127238,-1.1971716045347156,-1.155992183711588,-1.465528771980816,-1.155992183711588,-1.0792320865143188,1.3331178459204218,1.6634963608795343,1.4332198507042255,1.3363179288022855,2.1477745815035982,1.3363179288022855,1.1647418965620502,1.7772031911115056
2011-01-31,0.5753900707173483,0.4897011254488821,0.7633326949972495,0.5008335711223909,0.7633326949972495,0.7600489237366979,0.8478140652429504,0.331073733480115,0.2398071922659017,0.582676803251764,0.250834265963207,0.582676803251764,0.5776743664733127,0.7187886892237778
2011-02-01,1.2387358692966204,1.8752143150797744,1.655581418074286,1.868572185810776,1.655581418074286,1.6586674044557457,1.1783176691567792,1.534466553882054,3.5164287274801067,2.740949831872864,3.49156201358566,2.740949831872864,2.75117755860396,1.388432529447065
2011-02-02,0.0150850426498396,-0.0592646474647629,-0.2726278865227942,-0.1661630501728915,-0.2726278865227942,-0.2750942191907289,-0.2360465902407198,0.0002275585117474,0.0035122984391226,0.0743259645098855,0.0276101592427588,0.0743259645098855,0.0756768294321568,0.0557179927642702
2011-02-03,0.1682952146565428,0.1569927495269141,0.2351473434575529,0.0852683852393672,0.2351473434575529,0.2386794211387422,1.170437798495949,0.0283232792762918,0.0246467234040203,0.0552942731351443,0.0072706975213291,0.0552942731351443,0.056967866075125,1.3699246401480438
2011-02-04,0.247531898061612,0.5583754309694923,0.2880096109579124,0.6491815808184972,0.2880096109579124,0.3041525751236196,-0.3582650792956205,0.0612720405579843,0.3117831219103662,0.082949536004128,0.421436724874003,0.082949536004128,0.0925087889543291,0.1283538670426973
2011-02-07,0.5729207782522765,0.5290569829620559,0.6220741603444068,0.4693442075645825,0.6220741603444068,0.6580269844881704,0.1454873466016036,0.3282382181531941,0.2799012912209132,0.3869762609681987,0.2202839851744259,0.3869762609681987,0.4329995123145949,0.0211665680211751
2011-02-08,0.5863627629668382,0.4680139844376047,0.4176097943201374,0.6115266648525864,0.4176097943201374,0.4286725915175835,0.581785433845928,0.3438212897941045,0.2190370896291625,0.1743979403121074,0.3739648618257276,0.1743979403121074,0.183760190718401,0.3384742910352946
2011-02-09,0.0550468673711138,-0.2857083424038492,-0.2789697324153496,-0.1126030902797963,-0.2789697324153496,-0.2877605726578601,-0.7820302443331664,0.0030301576073729,0.0816292569191551,0.0778241116038917,0.0126794559405599,0.0778241116038917,0.0828061471763796,0.6115713030517919
2011-02-10,-0.086604224588652,0.0494666217932499,0.0749219598001667,0.1439062318479288,0.0749219598001667,0.1276324359604683,0.4073870959275446,0.0075002917166016,0.0024469466716364,0.0056133000602977,0.0207090035646698,0.0056133000602977,0.016290038709203,0.1659642459282784
2011-02-11,0.3589182393581065,0.6782302078914176,0.5492239439842426,0.6240138305107119,0.5492239439842426,0.6032266364021357,-0.5347143375631604,0.128822302543923,0.4599962148964356,0.3016469406456064,0.3893932606686515,0.3016469406456064,0.3638823748650344,0.2859194227956095
2011-02-14,-0.0413242823825467,0.2751209387555225,0.2382143326088017,0.2707383992795227,0.2382143326088017,0.2694588108775581,1.0406369325454152,0.0017076963144324,0.07569153094172,0.0567460682602568,0.0732992808444382,0.0567460682602568,0.0726080507595476,1.082925225377531
2011-02-15,-0.3392566760638435,-0.4564601550363525,-0.3240202358999328,-0.1543779881726809,-0.3240202358999328,-0.3637784965325703,0.1334764559815467,0.1150950922538876,0.2083558731358109,0.1049891132726481,0.0238325632322444,0.1049891132726481,0.1323347945394972,0.0178159643013937
2011-02-16,0.501987640253724,0.7534791975836845,0.623798624559996,0.6703150294976862,0.623798624559996,0.6519118198527774,0.9277438380199023,0.2519915909675022,0.5677309011913532,0.3891247240029428,0.4493222387704839,0.3891247240029428,0.42498902086376,0.8607086289838988
2011-02-17,0.2436009954252607,0.212828470652916,0.3070890617279297,-0.0154311012065097,0.3070890617279297,0.329202466170003,0.54597829641487,0.0593414449721779,0.0452959579204591,0.0943036918329402,0.0002381188844455,0.0943036918329402,0.1083742637324119,0.2980923001560835
2011-02-18,0.5917612278249584,0.0836638456858482,0.1922905520508284,-0.2129419348118814,0.1922905520508284,0.1867113599328589,-0.0922883396488639,0.3501813507569024,0.0069996390749454,0.0369756564080123,0.0453442676014275,0.0369756564080123,0.0348611319279776,0.008517137635144
2011-02-22,-1.4506916993175798,-2.773876188975525,-2.074215310592664,-2.9527120005507994,-2.074215310592664,-2.115947960746956,-1.1352789859722563,2.104506406468927,7.694389111765385,4.302369154697018,8.718508158196704,4.302369154697018,4.477235772589202,1.288858375990195
2011-02-23,-0.8801252013467378,-1.2202195050790117,-0.6130778227341465,-0.9481449981936964,-0.6130778227341465,-0.7352368228821418,-0.053653546235558,0.7746203700456357,1.4889356405752685,0.3758644167284415,0.8989789375997245,0.3758644167284415,0.5405731857218259,0.0028787030236511
2011-02-24,-0.3083779432741503,0.5460661925025639,-0.0994834595153779,0.5361664250445407,-0.0994834595153779,-0.0728283930494933,-0.6388865694264853,0.095096955897995,0.2981882865942472,0.0098969587171478,0.2874744353450431,0.0098969587171478,0.0053039748341714,0.4081760485935432
2011-02-25,0.5119803562717575,1.5637351044617869,1.0495225773550236,1.4155957910473995,1.0495225773550236,1.1753028245372363,1.3239713959209714,0.2621238852081557,2.445267476926116,1.1014976403779315,2.0039114436311136,1.1014976403779315,1.3813367293652057,1.7529002572169254
2011-02-28,0.7873885252504792,0.043858703779619,0.5545705724534893,0.2001158784863819,0.5545705724534893,0.5125286662212356,0.5986119363736043,0.6199806896961245,0.0019235858972283,0.3075485198313908,0.0400463648223763,0.3075485198313908,0.2626856336985187,0.3583362503689561
2011-03-01,-1.3862619782607888,-1.6254923382354465,-1.586485022463909,-1.5314523792834671,-1.586485022463909,-1.605076061417491,-0.096605201900108,1.921722272371516,2.64222534166214,2.5169347265023103,2.3453463900129923,2.5169347265023103,2.576269162935485,0.0093325650341606
2011-03-02,0.0727819816712137,0.3886629217154922,0.1613909030617322,0.4959047480504207,0.1613909030617322,0.1917292577679405,0.149786686379453,0.0052972168559888,0.1510588667164228,0.0260470235910814,0.2459215191389512,0.0260470235910814,0.0367601082842454,0.0224360514165366
2011-03-03,1.5737478764914732,1.8270468793778467,1.7072411809528822,1.9151255850534048,1.7072411809528822,1.7676401322721569,0.4986127484889305,2.476682378761421,3.338100299444328,2.914672449941392,3.667706006526148,2.914672449941392,3.1245516372191284,0.2486146729556854
2011-03-04,-0.7231253549164329,-0.5039941463253219,-0.7405430280443107,-0.4987625836606897,-0.7405430280443107,-0.7196501206190915,0.2673226382741555,0.5229102789230171,0.25401009953019,0.5484039763850368,0.2487641148598865,0.5484039763850368,0.517896296107073,0.071461392933855
2011-03-07,-0.6582563461187572,-1.411881761228161,-0.8376200503835498,-1.3605071595679163,-0.8376200503835498,-0.9060828215271962,-1.1319176831675433,0.433301417205617,1.993410107688733,0.7016073488045406,1.85097973123556,0.7016073488045406,0.8209860794666849,1.281237641467379
2011-03-08,1.023261051338572,0.7308520393078486,0.8883205891223348,0.4063774180607129,0.8883205891223348,0.9354912227390092,-0.5648767640796699,1.0470631791865197,0.5341447033604411,0.789113469058652,0.1651426059096914,0.789113469058652,0.8751438278217267,0.3190857585971191
2011-03-09,-0.0105342034401267,-0.5092906509556641,-0.1362686823227233,-0.6377375570408726,-0.1362686823227233,-0.1405849217208368,-0.9195094623983028,0.0001109694421179,0.259376967150844,0.0185691537819712,0.4067091916604603,0.0185691537819712,0.0197641202152538,0.8454976514400158
2011-03-10,-1.888565848528412,-1.8596691260756792,-1.9051254369579456,-1.6670742794459656,-1.9051254369579456,-1.9258361890565696,-1.788569326850567,3.5666809642278383,3.4583692584790806,3.629502930544204,2.7791366531902857,3.629502930544204,3.708845027079932,3.19898023695069
2011-03-14,0.0713345066210735,-0.0018511696616053,0.0987844957815609,0.2810924668482786,0.0987844957815609,0.0933457862152845,-0.1422713836871514,0.0050886118348719,3.42682911604813e-06,0.0097583766068172,0.0790129749188506,0.0097583766068172,0.0087134358041496,0.0202411466162566
2011-03-15,-1.15516501210233,-1.2532995672812288,-1.1263529286306984,-1.3669521075988524,-1.1263529286306984,-1.0821419904508796,-0.5317659676246643,1.3344062051853762,1.5707598053473155,1.268670919834951,1.8685580644689448,1.268670919834951,1.1710312874969917,0.2827750443237955
2011-03-16,-2.063338481553646,-1.9118131943090744,-1.968748964337206,-2.5390207620326186,-1.968748964337206,-1.8597438780708264,-0.1635651954620895,4.257365689460108,3.6550296899342665,3.8759724845788215,6.446626430032699,3.8759724845788215,3.458647292021918,0.0267535731665515
2011-03-17,1.3792072655294414,0.7321744458419984,1.3309293117774694,1.0058325036148212,1.3309293117774694,1.234625689079848,1.6232268948893205,1.902212681289199,0.5360794191440375,1.7713728329484484,1.011699025328059,1.7713728329484484,1.5243005921358894,2.634865552292025
2011-03-18,0.7103016531486896,0.2886518713421607,0.4293129762627889,-0.1875713219550024,0.4293129762627889,0.4666742770028803,0.315807550300687,0.5045284384657615,0.0833199028293312,0.1843096315876139,0.0351830008199471,0.1843096315876139,0.217784880816161,0.0997344088269209
2011-03-21,1.4899364549791916,1.8149740308579487,1.4882450988371785,1.856972872498119,1.4882450988371785,1.5533252863250226,1.611856214667291,2.2199106398759607,3.294130732688753,2.214873474212883,3.448348249193915,2.214873474212883,2.412819445136713,2.598080456761568
2011-03-22,-0.1488172971773687,-0.3058060850876352,-0.3556896676727052,-0.2097039696434608,-0.3556896676727052,-0.3894098878335251,-0.0978092939682643,0.0221465879391772,0.0935173616766259,0.1265151396891195,0.0439757548842255,0.1265151396891195,0.1516400607425186,0.0095666579865703
2011-03-23,0.559196582481431,0.5362162315648659,0.2909727249843294,0.5538320777158424,0.2909727249843294,0.2497961298233541,0.620783431961702,0.3127008178589118,0.2875278469936258,0.0846651266848062,0.3067299703070469,0.0846651266848062,0.0623981064747259,0.3853720693981491
2011-03-24,0.6970365333781491,1.4028551670290834,0.9297397442382284,1.815180583225348,0.9297397442382284,0.920505820935164,-0.4112174606330059,0.4858599288638275,1.9680026196601976,0.8644159920161665,3.294880549718312,0.8644159920161665,0.84733096637552,0.1690997999294577
2011-03-25,0.4102041481275877,0.2423588826005197,0.3156139934757779,0.1845110657525065,0.3156139934757779,0.3750374498154596,0.0713961031811325,0.1682674431410799,0.0587378279753724,0.0996121928777283,0.0340443333851257,0.0996121928777283,0.1406530887640834,0.0050974035494509
2011-03-28,-0.1859658444707545,-0.4523423147351849,-0.2751536612254567,-0.5740946525821746,-0.2751536612254567,-0.289378695854471,-1.0501268629942369,0.0345832953097208,0.204613569699985,0.0757095372857734,0.3295846701234478,0.0757095372857734,0.0837400296144344,1.1027664283821168
2011-03-29,0.662933924206675,0.955257037574066,0.7035239293778787,0.9696228616281702,0.7035239293778787,0.7284213721982734,0.2704231373797449,0.4394813878640615,0.9125160078347808,0.4949459192072904,0.9401684937920016,0.4949459192072904,0.5305976954752155,0.0731286732303043
2011-03-30,0.5813862669446662,0.7192351485946654,0.6662410865996059,0.4710372797285856,0.6662410865996059,0.7166621330628944,1.0939666670378645,0.3380099913918546,0.5172991989739905,0.4438771854734236,0.2218761188941058,0.4438771854734236,0.5136046129662577,1.1967630685899333
2011-03-31,-0.2503314631603436,0.1540161445609762,-0.183113660727022,0.105656932817144,-0.183113660727022,-0.1039231062613765,0.230641017315946,0.0626658414479984,0.0237209727854275,0.0335306127448509,0.0111633874523264,0.0335306127448509,0.0108000120150133,0.0531952788685345
2011-04-01,0.4615209147923443,0.3062470642386038,0.4950654146415293,0.1678802421669344,0.4950654146415293,0.5120737165954085,0.0994822403592568,0.2130015547907623,0.0937872643547635,0.2450897647741894,0.0281837757100285,0.2450897647741894,0.2622194912278347,0.0098967161468969
2011-04-04,0.1881640063306684,-0.0146985278434166,0.0345179496763677,-0.3583145111171556,0.0345179496763677,0.0517096514657239,0.6222571536041176,0.0354056932784078,0.0002160467207636,0.0011914888498602,0.1283892888771262,0.0011914888498602,0.0026738880547066,0.3872039652114984
2011-04-05,-0.0494504018110283,0.071679709469004,-0.0180078784954684,-0.2861183186487787,-0.0180078784954684,0.0290749327671253,0.3663187766597429,0.0024453422392721,0.0051379807495608,0.0003242836879075,0.081863692266404,0.0003242836879075,0.0008453517154128,0.1341894461334906
2011-04-06,0.2646714584987436,0.3087101204897365,0.2181271173726725,0.1918369073862454,0.2181271173726725,0.200064603678663,-0.4768004739749604,0.0700509809438521,0.0953019384927876,0.0475794393333116,0.0368013990355188,0.0475794393333116,0.0400258456451005,0.2273386919827469
2011-04-07,-0.138956635308103,-0.1315234751672694,-0.1521140774005319,0.0231500337566695,-0.1521140774005319,-0.2065249693376034,-0.6702857480236093,0.0193089464961491,0.0172984245200753,0.023138692543415,0.0005359240629349,0.023138692543415,0.042652562959898,0.4492829840035695
2011-04-08,-0.2375262148662699,-0.5641495806253782,-0.4012508764839378,-0.5027878732790421,-0.4012508764839378,-0.463001264210376,0.7109740997493678,0.0564187027486974,0.3182647493197901,0.1610022658791283,0.252795645516462,0.1610022658791283,0.2143701706604064,0.505484170514424
2011-04-11,0.008558321536291,-0.3206100816888946,-0.279722571113611,-0.288199557502508,-0.279722571113611,-0.3283114428523743,-1.5002431686318316,7.324486751854252e-05,0.1027908244805596,0.0782447167904091,0.0830589849446414,0.0782447167904091,0.1077884035078078,2.2507295650264783
2011-04-12,-0.9538534703809948,-0.9687728722871858,-0.780715094764831,-0.7023962280440244,-0.780715094764831,-0.8206012537747207,-1.406298245227911,0.9098364429578676,0.938520878079564,0.6095160591936591,0.493360461170473,0.6095160591936591,0.6733864176966435,1.9776747545311013
2011-04-14,0.1757301811870858,0.5605817394531019,0.0273901731858278,0.5618784510449603,0.0273901731858278,0.0754754166467273,0.1477019585616207,0.030881096580046,0.3142518866082653,0.0007502215871496,0.3157073937486838,0.0007502215871496,0.005696538517997,0.0218158685629387
2011-04-15,0.4603643383669005,0.160365798630298,0.3917702983683153,-0.158914736950625,0.3917702983683153,0.4483945523123917,-0.1642233864563519,0.211935324039994,0.0257171893703333,0.1534839666835988,0.0252538936200863,0.1534839666835988,0.2010576745434302,0.0269693206591923
2011-04-18,-1.1428131925306,-1.0643678789949609,-1.1078968252260089,-0.662622643945657,-1.1078968252260089,-1.1726775539252994,-0.7038930647936241,1.3060219930219823,1.1328789818362313,1.2274353753458696,0.4390687682695329,1.2274353753458696,1.375172645480223,0.4954654466645611
2011-04-19,0.5326351615243375,0.3499780046368965,0.5714825161644651,0.6275147735708494,0.5714825161644651,0.5535616626659915,0.2514655563802858,0.2837002152920571,0.1224846037296235,0.3265922662816681,0.3937747910496744,0.3265922662816681,0.3064305143735369,0.0632349260456467
2011-04-20,1.511228061227918,2.0745298260428577,1.342444242333191,2.186373811869772,1.342444242333191,1.3998107678702745,1.1626981806887768,2.283810253042692,4.3036739991414095,1.802156543773536,4.780230445229957,1.802156543773536,1.9594701858455668,1.3518670593769917
2011-04-21,0.4202693551658609,0.6278176728706264,0.5262893837745056,0.8253374157449052,0.5262893837745056,0.5428824811275854,0.5349229641159581,0.1766263308915285,0.3941550303686889,0.2769805154737488,0.6811818498284784,0.2769805154737488,0.2947213883152431,0.2861425775386025
2011-04-25,-0.2090042263792907,0.2026199586594523,-0.159393589906736,0.2696902718831668,-0.159393589906736,-0.1548087776117703,-0.4641438151143767,0.0436827666444057,0.0410548476471581,0.0254063165033567,0.0727328427484164,0.0254063165033567,0.0239657576256505,0.2154294811089286
2011-04-26,0.9211758932536446,0.7635643134792054,0.8939515038808828,0.5150908402009303,0.8939515038808828,0.9156837583880614,0.0127981961908188,0.84856502631165,0.5830304608189703,0.7991492912908921,0.2653185736589003,0.7991492912908921,0.8384767453756855,0.0001637938257386
2011-04-27,0.7560487762879271,0.7814753400155319,0.623036533863236,0.7302064622602344,0.623036533863236,0.6344369550179844,-0.1189137339436942,0.571609752126472,0.6107037070523912,0.3881745225283152,0.5332014775266072,0.3881745225283152,0.4025102498924919,0.0141404761204317
2011-04-28,0.5684976260997711,0.0922957499766479,0.3549158040161472,-0.1530012799793892,0.3549158040161472,0.3363054027924423,0.0131716412595197,0.3231895508810751,0.0085185054637519,0.1259652279404282,0.0234093916753314,0.1259652279404282,0.1131013239473869,0.0001734921334694
2011-04-29,0.3693338419929803,0.0351544624552521,0.2298016128269482,-0.2417958876258134,0.2298016128269482,0.2309506381112487,0.362008054329158,0.1364074868412957,0.0012358362305177,0.0528087812578666,0.058465251272755,0.0528087812578666,0.0533381972439929,0.1310498313991826
2011-05-02,-0.0248161648425436,-0.3297537505844249,-0.17542383289275,0.0066551311085343,-0.17542383289275,-0.2341180517599196,-0.0737464747386203,0.0006158420374922,0.1087375360244951,0.0307735211467835,4.4290770071781134e-05,0.0307735211467835,0.0548112621598604,0.0054385425363739
2011-05-03,0.0011818134578222,-0.7872869589941606,-0.3385044294317407,-0.4769616966965476,-0.3385044294317407,-0.4317055874644968,-1.7529753675693804,1.3966830490898271e-06,0.619820755802273,0.1145852487449083,0.2274924601156495,0.1145852487449083,0.1863697142480662,3.0729226393050046
2011-05-04,-0.6574972851588536,-0.4723237790449016,-0.6878877987061037,-0.2213246487949221,-0.6878877987061037,-0.7183365552336379,-0.5936943912417738,0.4323026799912629,0.223089752251257,0.473189623608729,0.0489846001641956,0.473189623608729,0.5160074065849294,0.3524730301919404
2011-05-05,-1.101718702168335,-0.4788284784634594,-0.9111238759396648,-0.516512721532686,-0.9111238759396648,-0.8462492383268615,-1.1522773400399766,1.2137840987074804,0.2292767117876316,0.8301467173073177,0.266785391505102,0.8301467173073177,0.7161377733687933,1.327743068369604
2011-05-06,0.4326841763702142,0.4551359437995358,0.3812661143021135,0.3349875673517923,0.3812661143021135,0.3709143248399834,0.8231863694276965,0.1872155964811706,0.2071487273382942,0.1453638499150323,0.1122166702802716,0.1453638499150323,0.1375774363715007,0.677635798811552
2011-05-09,0.3628249205643724,0.5533615140271522,0.4533804653547277,0.3263411042186493,0.4533804653547277,0.5105738176012677,0.8114205099198175,0.1316419229825431,0.3062089652064221,0.2055538463652694,0.1064985163026473,0.2055538463652694,0.2606856232199326,0.6584032439185367
2011-05-10,0.5948786754124882,1.002258553441053,0.8041619839871084,0.8487615297243768,0.8041619839871084,0.8642599998388734,-0.2567427457709592,0.3538806384605165,1.0045222079457523,0.6466764964900823,0.7203961343400641,0.6466764964900823,0.7469453473214894,0.0659168375060113
2011-05-11,-1.0265917115553,-0.9386192629984784,-1.1173631758988236,-0.7605517435885554,-1.1173631758988236,-1.1336722670959138,-1.6430910117638646,1.0538905422340403,0.8810061208718066,1.2485004668547055,0.5784389546755917,1.2485004668547055,1.2852128091823891,2.6997480729392005
2011-05-12,0.5202765330584027,0.6299840390251485,0.4883442825391278,0.6169606132652141,0.4883442825391278,0.5189325502680451,-0.2261914429775031,0.2706876708512712,0.3968798894264398,0.2384801382886555,0.3806403983205891,0.2384801382886555,0.2692909917276971,0.051162568876245
2011-05-13,-0.7920981869654271,-1.214806796071093,-0.8092568444110586,-1.1969736383705831,-0.8100043542688503,-0.8502770492649895,-0.0916067787320036,0.6274195377939167,1.4757555517805143,0.6548966402261444,1.4327458909541115,0.6561070539344972,0.7229710605067774,0.0083918019096542
2011-05-16,-0.3768500438308677,-1.6454411497613606,-0.6231157100309873,-1.7549405364118371,-0.6223682001732073,-0.6789770337435731,0.1060201059316532,0.1420159555353269,2.7074765773279883,0.3882731880874214,3.079816286341466,0.3873421765868374,0.4610098123512212,0.0112402628617589
2011-05-17,-0.5497560163259627,0.0323419916861365,-0.036863586341581,0.2418101901130141,-0.036863586341581,-0.100621590196047,0.3705224903099617,0.3022316774865922,0.0010460044262261,0.0013589239979632,0.058472168042492,0.0013589239979632,0.0101247044135812,0.1372869158254956
2011-05-18,0.643800481692149,1.1357323756022837,0.8765217224823568,0.8261032944604445,0.8765217224823568,0.9502333943382432,1.2288537903622436,0.414479060227043,1.2898880289912067,0.7682903299834377,0.6824466531183999,0.7682903299834377,0.9029435037155792,1.510081638087653
2011-05-19,0.3587860770473498,0.2947693907238782,0.2175630822258678,0.2839866507900877,0.2175630822258678,0.2120823417043668,0.131020709583355,0.1287274490830268,0.0868889937077264,0.0473336947476197,0.0806484178269712,0.0473336947476197,0.0449789196628078,0.0171664263397258
2011-05-20,-0.7427541104283266,-0.7105526436024798,-0.7718007432380335,-0.7727051219011316,-0.7718007432380335,-0.7733741378981086,0.1992862138817353,0.5516836685581749,0.5048850593304727,0.5956763872627809,0.5970732054122426,0.5956763872627809,0.5981075571696427,0.0397149950433167
2011-05-25,-0.9426033670584292,-1.507387429215802,-0.9646837493814712,-1.7364958324211068,-0.9646837493814712,-0.9817385917244338,0.7239919318223678,0.888501107589888,2.2722168617578244,0.9306147363206932,3.0154177760158727,0.9306147363206932,0.9638106624810744,0.524164317343884
2011-05-26,0.0653141464230156,0.7770181402271272,0.3945344779678825,0.6461263658017334,0.3945344779678825,0.4628128983277219,0.1774961168746989,0.0042659377229671,0.6037571902420236,0.1556574543053895,0.4174792805841554,0.1556574543053895,0.2141957788585062,0.0315048715055967
2011-05-27,0.312550723301836,0.4996623165228807,0.4072589461352032,0.4358632560433324,0.4072589461352032,0.4347832936103422,0.1573250573197192,0.0976879546365008,0.2496624305530114,0.1658598492071563,0.1899767779686955,0.1658598492071563,0.189036512402657,0.0247511736606529
2011-06-01,-1.2246961835515324,-0.994250067423184,-1.251126632990544,-0.5843011362420161,-1.251126632990544,-1.283823432986945,-1.9741198164961835,1.4998807420056888,0.9885331965710056,1.565317851778255,0.341407817813711,1.565317851778255,1.6482026070863849,3.897149049882924
2011-06-02,-0.3389588080224286,0.1486694004097589,-0.1225504341785889,0.1815374392450578,-0.1225504341785889,-0.1246964787160073,-0.0619653383665168,0.1148930735359856,0.0221025906181972,0.0150186089173606,0.032955841847653,0.0150186089173606,0.0155492118041716,0.0038397031588769
2011-06-03,-0.7974768759421589,-1.4722146583913238,-0.9781563581920036,-1.48909118903857,-0.9781563581920036,-1.0330636290963364,-0.0117614816051708,0.6359693676624655,2.1674160003822824,0.9567898610714431,2.2173925692723024,0.9567898610714431,1.067220461761693,0.0001383324495487
2011-06-06,-0.5057800948893633,-1.1119934134264602,-1.0818523892467404,-0.7808587912812539,-1.0818523892467404,-1.1243383325594738,-1.4849413415322683,0.2558135043862933,1.2365293515038305,1.1704045921188808,0.6097404519212208,1.1704045921188808,1.264136686062618,2.205050787791653
2011-06-07,-0.1585039363595524,-0.0370088011152117,-0.0956785274712046,-0.2429878117013231,-0.0956785274712046,-0.0402698082558733,-0.268706005466082,0.025123497841473,0.0013696513599853,0.009154380619058,0.0590430766353976,0.009154380619058,0.0016216574569648,0.072202917373538
2011-06-08,-0.18136579622103,-0.9737957605018124,-0.4195755814094213,-0.710774026321312,-0.4195755814094213,-0.4912526703131114,-0.7490954754202315,0.0328935520388881,0.948278183171303,0.1760436685150539,0.5051997164930092,0.1760436685150539,0.2413291860897625,0.5611440312950626
2011-06-09,0.6239834472515691,0.3540883322737254,0.7350455121099007,0.1667576236742944,0.7350455121099007,0.7024884778733229,0.5442621529903146,0.3893553424439517,0.1253785470523881,0.5402919048729061,0.0278081050534976,0.5402919048729061,0.4934900615447781,0.2962212911776525
2011-06-13,-1.4236447027493384,-1.6970823635430332,-1.3409915769525038,-1.5347716824651012,-1.3409915769525038,-1.392963382201859,-2.412901566421749,2.026764239666252,2.880088548648808,1.7982584094575629,2.3555241172967576,1.7982584094575629,1.9403469841552423,5.822093969240531
2011-06-14,1.0249070213269869,1.4677582468519943,1.2532882723673302,1.2547620031528413,1.2532882723673302,1.325952725000206,1.2144153637431605,1.050434402365357,2.1543142712020407,1.5707314936534873,1.574427684556131,1.5707314936534873,1.7581506289354722,1.4748046756954325
2011-06-15,-1.4920137121320065,-1.7800243249399568,-1.758560802649065,-1.8536864548307528,-1.758560802649065,-1.7343527072705711,-0.9650303029468688,2.22610491718993,3.168486597377949,3.0925360966137228,3.436153472823006,3.0925360966137228,3.00797931321676,0.9312834856057256
2011-06-16,0.5386300128435797,-0.2953289962693994,0.1752821147853282,-0.4118909686755649,0.1752821147853282,0.1601554190317581,-0.920813966881706,0.2901222907358748,0.0872192160374909,0.0307238197636169,0.1696541700764952,0.0307238197636169,0.025649758245238,0.8478983616044234
2011-06-20,0.9887871022290582,0.2269024988607526,0.8421102396408124,0.2011675658940811,0.8421102396408124,0.8644854244766662,0.0355492222392676,0.977699933534538,0.0514847439892538,0.7091496557079066,0.0404683895677494,0.7091496557079066,0.7473350491326017,0.0012637472018168
2011-06-21,0.90338904756219,2.166752687444145,1.3334152526697676,2.130156079572889,1.3334152526697676,1.4011089298485249,1.5865449204948283,0.816111771255321,4.694817208546424,1.77799623605238,4.537564923341343,1.77799623605238,1.9631062333012783,2.517124784747941
2011-06-22,-0.6612278652998176,-0.6747031541094476,-0.6489456149024326,-0.7162035886759008,-0.6489456149024326,-0.6377849484639517,-0.0211300925457464,0.4372222898489537,0.455224346165237,0.4211304111010964,0.512947580432239,0.4211304111010964,0.4067696404871656,0.0004464808109918
2011-06-23,-0.4940169332169684,0.6557229139710148,-0.2831981477584707,0.8595403413674407,-0.2831981477584707,-0.2448392160697892,-0.6219648669519976,0.2440527303050986,0.4299725399066388,0.0802011908938286,0.7388095984380565,0.0802011908938286,0.0599462417256689,0.3868402957226161
2011-06-24,-0.962434825143074,-1.2682672938404436,-1.1795038682533874,-1.6990151790407213,-1.1795038682533874,-1.1279330711908937,-0.5461131977896357,0.9262807926481794,1.608501928625362,1.3912293752247042,2.886652578610774,1.3912293752247042,1.2722330130861212,0.2982396248000218
2011-06-27,0.9090340003096194,1.325197210187813,0.9142517233402692,1.5743282667694838,0.9142517233402692,0.8757600478244967,0.4452115883312986,0.8263428137189092,1.7561476458895615,0.8358562136306523,2.478509491549407,0.8358562136306523,0.7669556613655647,0.1982133583844776
2011-06-29,1.7927213529245862,1.9235152625610783,2.1109881055861908,1.8559170116375088,2.1109881055861908,2.11522967133639,1.7010262403005552,3.213849849231759,3.699910965305414,4.456270781926374,3.444427954085503,4.456270781926374,4.474196562501851,2.893490270191042
2011-06-30,1.239436179204734,1.1980535064043902,1.0068386646291336,1.3265699461488554,1.0068386646291336,0.9807055002361263,0.8450847034354355,1.5362020423216298,1.4353322042078542,1.013724096592177,1.759787822025377,1.013724096592177,0.961783278193391,0.7141681559805579
2011-07-05,1.245036814773378,1.866362223836665,1.2969804003263343,1.9650227271713232,1.2969804003263343,1.358315721470481,0.9311539891796156,1.5501166701410385,3.4833079505645417,1.6821581588306584,3.861314318299824,1.6821581588306584,1.8450215991938728,0.8670477515651118
2011-07-06,0.4457641771296644,0.291530457598683,0.100108334534294,0.3103297583557912,0.100108334534294,0.151220247281942,-0.1654963029250217,0.1987057016120867,0.0849900077076975,0.0100216786432301,0.0963045589211637,0.0100216786432301,0.0228675631880117,0.0273890262818505
2011-07-08,0.2466579560914802,0.9058990651913076,0.341406657322622,1.1416226503346034,0.341406657322622,0.3530283842333145,-0.2345490117209425,0.0608401473032266,0.8206531163144851,0.1165585056642062,1.303302275757004,0.1165585056642062,0.1246290400743847,0.0550132388992708
2011-07-11,-1.2037067949763534,-2.020049509936006,-1.8256123199656973,-1.8411179696425568,-1.8256123199656973,-1.865828326874237,-1.44589726065792,1.4489100482722448,4.080600022592698,3.332860342810536,3.38971537814073,3.332860342810536,3.4813153453663146,2.0906188883780774
2011-07-13,-0.1132342383155917,-0.2035882222035145,-0.1342327888770363,-0.4059881319650102,-0.1342327888770363,-0.1077709482013864,1.0955906466583518,0.0128219927269122,0.0414481642199876,0.018018441609707,0.1648263632964385,0.018018441609707,0.0116145772762259,1.2003188650452654
2011-07-14,-0.4371829959490915,-1.2321208325129056,-0.6738800871784166,-1.1702991297568712,-0.6738800871784166,-0.7609588018618108,-0.5419561716312923,0.1911289719470233,1.5181217459122955,0.4541143718955904,1.36960005310969,0.4541143718955904,0.5790582981309625,0.2937164919692467
2011-07-15,0.3420156346746983,0.9772305264001522,0.5539040679880189,1.3503760508576723,0.5539040679880189,0.5614395442181086,0.3511542652218302,0.1169746943619366,0.9549795017283184,0.3068097165336759,1.8235154787299628,0.3068097165336759,0.3152143618118375,0.1233093179834834
2011-07-18,-0.7606451092395206,-0.8889491491213951,-0.8163061525228132,-0.5386467749258346,-0.8163061525228132,-0.8813237354012418,-0.3419491704217235,0.5785809822100022,0.7902305897236523,0.6663557346465985,0.2901403481380027,0.6663557346465985,0.7767315265815979,0.1169292351521049
2011-07-19,1.6199213876696352,2.196585581229903,1.617711948389583,2.284280858564621,1.617711948389583,1.6672785044139875,0.5926208506116735,2.6241453022295165,4.824988215667111,2.6169919479624206,5.217939040804724,2.6169919479624206,2.779817611280944,0.3511994725797034
2011-07-20,-0.1233346015947075,-0.4357583458730473,-0.0671047349097382,-0.4333506573765361,-0.0671047349097382,-0.0844951465564136,0.0593092477200805,0.0152114239505252,0.1898853359980143,0.0045030454473062,0.187792792248676,0.0045030454473062,0.0071394297915898,0.0035175868651218
2011-07-22,0.8652379496989689,1.572376068380367,1.4362661998571136,1.7313034934669749,1.4362661998571136,1.394740760198,1.1462571089522169,0.7486367095992755,2.4723665004153004,2.062860596851994,2.9974117864909515,2.062860596851994,1.9453017881576948,1.313905359823494
2011-07-25,-0.6992228663667702,-0.5622968251553088,-0.5659020861895794,-0.2204527383195517,-0.5659020861895794,-0.6045812086609302,-0.4357878134556116,0.4889126168501622,0.3161777195797399,0.3202451711537181,0.0485994098325887,0.3202451711537181,0.3655184378659112,0.1899110183564229
2011-07-26,-0.7292676374680109,-0.09995144037183,-0.4113335911232914,0.2183946805086156,-0.4113335911232914,-0.4493663101988615,-1.0127810793019338,0.5318312870581742,0.0099902904324034,0.169195323186383,0.0476962364744602,0.169195323186383,0.2019300807417394,1.02572551459199
2011-07-27,-1.6025631584616034,-2.6825284843974546,-2.0517780024378287,-2.5973969925155407,-2.0517780024378287,-2.151747528696399,-2.034685771712036,2.56820867685843,7.195959069603705,4.209792971287767,6.746471136728776,4.209792971287767,4.63001742725106,4.139946189607404
2011-07-28,-0.5088190907195427,0.0527929660212183,-0.3239229716375921,0.1945587486706955,-0.3239229716375921,-0.3282877287237319,0.1158722467641881,0.2588968670806622,0.0027870972613175,0.1049260915545283,0.0378531066843068,0.1049260915545283,0.1077728328305866,0.0134263775701809
2011-07-29,-0.7946009048058713,-0.3574387749482225,-0.6471416171186788,-0.3784923138473872,-0.6471416171186788,-0.5929792843491617,-0.7859724896540452,0.6313905979183093,0.1277624778364861,0.4187922726069786,0.143256431641549,0.4187922726069786,0.3516244316672439,0.6177527544929782
2011-08-02,-2.304343841820053,-3.212443693508659,-3.00297863225138,-3.0056003457727654,-3.00297863225138,-3.0877122144901232,-1.504506362255193,5.310000541334004,10.319794483963554,9.017880665758367,9.033633438509368,9.017880665758367,9.5339667195115,2.2635393940663544
2011-08-03,0.250971514641529,0.8888019109092319,0.5003212008481522,0.8654678904740272,0.5003212008481522,0.5052859422853848,0.4983515311340559,0.0629867011614632,0.7899688368359021,0.250321304018137,0.7490346694415627,0.250321304018137,0.2553138834712292,0.2483542485836579
2011-08-04,-4.405798382763837,-5.208569977220695,-4.900163740665529,-4.672552023486273,-4.900163740665529,-5.012823240468802,-3.4603963138162426,19.411059389564446,27.1292012076048,24.01160468533319,21.832742412185663,24.01160468533319,25.12839684018414,11.97434264867304
2011-08-08,-5.172308397428208,-8.091378090805653,-6.953346224434566,-6.887799432853001,-6.953346224434566,-7.358678361028932,-5.8989062883159935,26.752774158106355,65.47039940836974,48.34902371685843,47.44178102721012,48.34902371685843,54.15014722107546,34.79709539833397
2011-08-10,-0.8352364813475127,0.9859240736863544,0.1160600428461657,0.6193498258901655,0.1160600428461657,0.3679393759574094,4.424125886748264,0.697619979773774,0.9720462790742956,0.0134699335454538,0.3835942068301783,0.0134699335454538,0.1353793843799279,19.57288986179612
2011-08-12,4.99520444898747,5.193608139297307,5.049842843859662,5.122455405413291,5.049842843859662,5.113091216263461,2.7753994420321035,24.95206748718421,26.97356550457524,25.50091274768064,26.239549380447844,25.50091274768064,26.14370178583056,7.702842062832111
2011-08-16,1.2076127860899577,0.614936459392282,1.176449431684156,0.5584615274792313,1.176449431684156,1.1758397296535308,-0.0916527104697698,1.45832864112795,0.3781468490899157,1.3840332653099738,0.3118792776744362,1.3840332653099738,1.3825990698316883,0.0084002193364554
2011-08-17,0.0374831155932532,-0.475479204339224,0.0946934057727726,-0.5781697089591501,0.0946934057727726,0.0290381127267347,0.3894817892892908,0.0014049839545771,0.2260804737590615,0.0089668410968469,0.3342802123579083,0.0089668410968469,0.0008432119907305,0.1516960641879875
2011-08-18,-3.746968906744695,-5.359107717472768,-4.561860806650028,-5.105641496168832,-4.561860806650028,-4.695907688061765,-3.1731235491705383,14.039775988111536,28.720035527476185,20.810574019249643,26.067575087401107,20.810574019249643,22.05154901479759,10.068713058300634
2011-08-19,-1.5860072778918035,-1.6344198468454203,-1.5122760800306434,-1.6934427184916028,-1.5122760800306434,-1.5370470676025056,-1.4817057594959435,2.515419085525769,2.671328235762207,2.286978942232849,2.86774824081223,2.286978942232849,2.3625136880254614,2.1954519577234515
2011-08-22,0.341534457610511,0.1510490513808432,0.0258081742149381,0.3188873494230792,0.0258081742149381,0.0308963815071301,0.5058195694540354,0.1166457857353059,0.0228158159230526,0.0006660618563085,0.101689141622077,0.0006660618563085,0.0009545863902341,0.2558534368426657
2011-08-23,2.924289429910687,4.203113113039684,3.3710221597341987,4.051344653541655,3.3710221597341987,3.479700729853323,2.2123525256384178,8.55146866988737,17.666159841006138,11.363790401419022,16.41339350178055,11.363790401419022,12.108317169341747,4.894503697698686
2011-08-24,1.279713948751162,0.8803923565471876,1.303465109654281,0.7379002251068396,1.303465109654281,1.3115670949567535,0.044404578290566,1.6376677906282917,0.7750907014667103,1.699021292086047,0.5444967422127246,1.699021292086047,1.7202082445732982,0.001971766573163
2011-08-25,-1.5210699495692384,-1.9667854456892664,-1.5687972317898855,-1.7318954014073444,-1.5687972317898855,-1.6627461460491952,-0.4831884509471153,2.313653791482565,3.868244989375126,2.461124754471608,2.9994616814159065,2.461124754471608,2.764724746201452,0.2334710791286728
2011-08-26,1.2009968377263105,2.458343855934757,1.5008393630514818,2.51805968693575,1.5008393630514818,1.6222491367520475,0.3510511970694706,1.4423934042285975,6.043454514012168,2.2525187936847777,6.340624586970968,2.2525187936847777,2.631692261692763,0.1232369429639082
2011-08-30,2.411304037601385,3.8082434717062608,3.023178529721532,3.442424068277404,3.023178529721532,3.196155815638336,2.461443814931968,5.814387161752739,14.502718339793354,9.139608422569244,11.850283465855554,9.139608422569244,10.215411997838755,6.058705654066841
2011-08-31,0.4624587965735542,0.1299565507393568,0.4909932925226356,0.1482573339638808,0.4909932925226356,0.4519178583509714,1.0549075306426572,0.21386813852826,0.016888705080071,0.2410744133022184,0.0219802370740777,0.2410744133022184,0.2042297506965286,1.1128298982065887
2011-09-01,-1.038288096783973,-1.304086377026774,-1.194248526115398,-0.9847480733477908,-1.194248526115398,-1.2683950888083428,-0.5336604282461674,1.0780421719232849,1.700641278746817,1.4262295421288005,0.9697287679621858,1.4262295421288005,1.608826101313124,0.2847934526758828
2011-09-06,-3.130867237438724,-2.877165395372528,-3.30710488818779,-2.3458611659152986,-3.30710488818779,-3.378872746869422,-1.444951403003467,9.802329658467189,8.278080712329155,10.936942741475574,5.503064609749484,10.936942741475574,11.416781039536914,2.087884557041688
2011-09-07,2.443688325449439,2.991002949717226,2.8243820652058065,2.557439528808586,2.8243820652058065,2.9392323991037634,1.6008836646581193,5.971612631937883,8.946098645217148,7.977134050256216,6.540496943512681,7.977134050256216,8.639087095941266,2.562828507769209
2011-09-08,-1.048414187768686,-0.779826246974422,-1.066891504794603,-0.4263149646022317,-1.066891504794603,-1.1258926226293116,-0.2881379008314183,1.099172309114674,0.6081289754702123,1.1382574830028924,0.1817444490438021,1.1382574830028924,1.2676341976911094,0.0830234498955362
2011-09-09,-2.725223357371408,-2.4475269833515925,-2.7068525002559385,-2.313057816274973,-2.7068525002559385,-2.728737825455444,-2.364707437936874,7.426842347562685,5.990388334234146,7.327050458141826,5.350236461430748,7.327050458141826,7.446010120071306,5.591841267033975
2011-09-12,0.6256273236955501,1.0920746526111418,0.694153445616869,1.2940141531806575,0.694153445616869,0.6808091234656364,-1.945825985897184,0.3914095481544566,1.192627046875746,0.4818490060617715,1.6744726286318548,0.4818490060617715,0.4635010625940481,3.786238767392746
2011-09-13,0.4035635763861411,1.4743943536183792,0.9078747147885844,1.3027049301726723,0.9078747147885844,0.9830732261335824,0.4652162362320257,0.1628635601855728,2.173838709981758,0.8242364977524534,1.6970401350961877,0.8242364977524534,0.9664329679406894,0.2164261464538919
2011-09-14,1.260582793103016,1.582888064978093,1.3389711169736476,1.4383269110340435,1.3389711169736476,1.3893949333166773,0.7175874892727567,1.5890689782674012,2.505534626250092,1.7928436520896571,2.0687843030047333,1.7928436520896571,1.930418280726054,0.5149318047607787
2011-09-15,1.6441872194071303,1.3329360494082012,1.7041104018524895,1.4896812618337951,1.7041104018524895,1.6572272044032548,1.0636788527675385,2.7033516124617507,1.7767185118119426,2.903992261701853,2.219150261858729,2.903992261701853,2.746402007014227,1.1314127018248668
2011-09-16,0.6617537810702683,0.5828623334121769,0.5690455416002148,0.8504944954911685,0.5690455416002148,0.4964916526481525,-1.3053199791146246,0.4379180667607965,0.3397284997106876,0.3238128284150818,0.7233408868607772,0.3238128284150818,0.2465039611492937,1.703860247875804
2011-09-19,-0.9434842975619188,-0.3621683608119601,-0.9850912270881552,0.1157134163805303,-0.9850912270881552,-1.0386540851004389,-0.7502976585033524,0.890162619745907,0.1311659215732221,0.9704047256860472,0.0133895947304539,0.9704047256860472,1.0788023084958294,0.5629465763556132
2011-09-20,0.0670243858966893,-0.868338959217695,-0.1662386405495856,-0.5590015968102487,-0.1662386405495856,-0.3173232144896557,0.3103941804471588,0.0044922683048283,0.7540125480952697,0.0276352856117743,0.3124827852364079,0.0276352856117743,0.100694022454048,0.0963445472554634
2011-09-21,-2.5191602948030534,-2.029930692475078,-2.9831031890565054,-1.6508250060840588,-2.9831031890565054,-3.050984665530932,-2.109502268445566,6.346168590912207,4.12061861625235,8.898904636559093,2.7252232007124326,8.898904636559093,9.308507429304893,4.4499998205769895
2011-09-22,-3.5780734513543826,-3.305159215001981,-3.240250026243683,-3.318414992131712,-3.240250026243683,-3.26619886745924,-3.3382469676999955,12.802609623287063,10.92407743651251,10.499220232572188,11.011878060004513,10.499220232572188,10.66805504179202,11.143892817358214
2011-09-23,0.3501693101944912,1.1160495683064606,0.6063593439679295,1.0142522816233752,0.6063593439679295,0.6862866004351026,-0.8654851470201922,0.1226185458020858,1.2455666389170372,0.3676716540172178,1.0287076907782224,0.3676716540172178,0.4709892979367701,0.7490645397125637
2011-09-26,2.4973110520233743,1.3384413953669616,2.30681105462693,1.2348337777785994,2.30681105462693,2.270377999110954,2.109006673922281,6.236562490558093,1.791425368831859,5.321377241749008,1.5248144587429673,5.321377241749008,5.154616258847058,4.447909150648723
2011-09-27,1.3207173979898226,1.190490250631824,1.0631619216616883,0.8587722096607985,1.0631619216616883,1.1549230624797,0.968204133627347,1.7442944453530074,1.4172670368494231,1.1303132716713744,0.7374897080856905,1.1303132716713744,1.333847280247489,0.9374192443730816
2011-09-28,-1.6196107536570286,-2.193240118432473,-2.0908242602619342,-1.4621247914911957,-2.0908242602619342,-2.2666716024093465,-2.0098972135306163,2.623138993361488,4.8103022171016905,4.371546087299865,2.137808905893172,4.371546087299865,5.137800153168954,4.039686808958136
2011-09-29,1.2910630328804422,-0.4352082551926213,0.8081516300173678,-1.0483244210071028,0.8081516300173678,0.8574382192428265,0.8632674777874713,1.6668437548704458,0.1894062253878057,0.6531090570997286,1.0989840916798772,0.6531090570997286,0.7352002998183094,0.7452307382055422
2011-09-30,-2.1806573953064503,-2.6700059983951783,-2.529129228036273,-2.697968045306653,-2.529129228036273,-2.5677932158996164,-0.5360765402562919,4.755266675704712,7.128932031466233,6.396494652107355,7.279031573495802,6.396494652107355,6.593561999620094,0.2873780570131558
2011-10-06,1.905473668260365,3.715011277644583,2.922185462838861,3.6178802319352936,2.922185462838861,3.0720430470743443,1.3350958932493386,3.630829900433612,13.801308793026436,8.539167879226767,13.089057372628174,8.539167879226767,9.43744848307782,1.7824810441712495
2011-10-07,-0.1818324798866882,-1.101858858624866,-0.819680252892006,-0.6890260817517576,-0.819680252892006,-0.947093758376442,-1.6407974435639274,0.0330630507417428,1.214092944330092,0.6718757169811028,0.4747569413341798,0.6718757169811028,0.8969865871556144,2.69221625080592
2011-10-11,2.781579319366003,4.096669939878029,3.4099433076138816,4.098686498292309,3.4099433076138816,3.4599644231997626,2.448051859244689,7.737183509924635,16.782704596300256,11.6277133611407,16.799231011283666,11.6277133611407,11.971353809808068,5.992957905551379
2011-10-12,0.8942743755244765,0.8365894552497511,0.9747079611157516,0.532801503782971,0.9747079611157516,1.0337690559259043,1.2918540322642735,0.7997266587196925,0.6998819166350754,0.9500556094624254,0.2838774424333952,0.9500556094624254,1.0686784609899354,1.6688868406774626
2011-10-14,1.0847794595830658,2.394388158319951,1.4252882293370883,2.768218615096923,1.4252882293370883,1.4635800624738289,0.429418921307237,1.1767464759333282,5.733094652702807,2.031446536686853,7.663034300969125,2.031446536686853,2.1420665992708967,0.184400609976671
2011-10-17,-2.1482468329605697,-2.003940026911871,-1.9559961287189287,-1.5961854468251886,-1.9559961287189287,-2.0840055277172427,-1.322173149462918,4.614964455325118,4.01577563145955,3.825920855563437,2.547807980656527,3.825920855563437,4.343079039556023,1.7481418371606918
2011-10-18,1.567458166136378,1.6125986026728667,2.02130331972888,1.2976720907869728,2.02130331972888,2.0875491766128857,1.085005524442311,2.456925102587617,2.6004742533424823,4.08566711034699,1.6839528552074332,4.08566711034699,4.357861564777137,1.1772369880703342
2011-10-19,-0.6275903986583552,-2.0295405129974977,-1.2729818838075797,-2.053181264727061,-1.2729818838075797,-1.323388733876264,-1.7037045325027158,0.3938697084881532,4.119034693898146,1.6204828765022938,4.215553305826214,1.6204828765022938,1.7513577409506211,2.902609134070297
2011-10-20,0.322484481780077,-0.2083550322629959,0.4543831804408512,-0.4551066668553942,0.4543831804408512,0.4514195112083764,-0.1619099815143987,0.1039962409889648,0.043411819469314,0.2064640746675431,0.2071220782162267,0.2064640746675431,0.2037795750996094,0.0262148421139929
2011-10-21,2.287073421017316,1.483579792158754,1.8634079544892792,1.276992593384023,1.8634079544892792,1.904886942710786,1.00220268595543,5.230704833123849,2.2010089997018114,3.47228920485392,1.6307100835576525,3.47228920485392,3.628594264510045,1.0044102237362784
2011-10-24,0.8837389829110756,2.322801128058057,1.279085339877292,2.054580941926966,1.279085339877292,1.4795486689792934,1.765075931956529,0.7809945899167023,5.395405080507783,1.636059306689008,4.221302846929498,1.636059306689008,2.189064263878399,3.1154930455722094
2011-10-25,-1.752727502929499,-2.286409094479012,-2.024843264612944,-2.05714954503512,-2.024843264612944,-2.0987239100957145,-0.4328445705972931,3.072053699525477,5.227666547316336,4.099990246248406,4.231864250638202,4.099990246248406,4.404642050807444,0.1873544222955551
2011-10-27,4.198217665638068,3.7277542212101578,4.419808804803638,2.7013488779275363,4.419808804803638,4.590065266037896,2.894910193315475,17.62503156807555,13.89615153375015,19.53470987101976,7.297285760280359,19.53470987101976,21.06869914648754,8.380505027361842
2011-10-28,0.1845658703882626,-0.0540562270960091,0.0389153518189004,0.0608191440748876,0.0389153518189004,-0.0101124163705219,0.4328212336598618,0.0340645605121769,0.0029220756878553,0.0015144046071887,0.0036989682860019,0.0015144046071887,0.0001022609648508,0.1873342203068447
2011-10-31,-2.28316707239428,-1.9456268565089103,-2.504868216973945,-1.7310576184447626,-2.504868216973945,-2.5054215125697903,-2.1594141407688445,5.2128518804654655,3.7854638647687446,6.274364784406231,2.996560478375653,6.274364784406231,6.277136955647496,4.663069431352447
2011-11-01,-2.516182582949501,-2.9276172995074967,-2.834004470968389,-2.649534072861298,-2.834004470968389,-2.903735237798272,-1.1241477653468952,6.331174790738421,8.570943052375569,8.031581341468819,7.020030803252977,8.031581341468819,8.431678331231387,1.263708198334418
2011-11-02,1.5160152248223469,1.258654984478045,1.597636762997209,0.8642609393214546,1.597636762997209,1.6760858839852435,1.0400449132223724,2.298302161893151,1.5842123699514277,2.5524432264802,0.7469469712368031,2.5524432264802,2.809263890494595,1.081693421519732
2011-11-03,1.7456675909645885,2.172829700412593,1.860760756451947,2.108045787327332,1.860760756451947,1.9234361233548405,1.834037577811506,3.0473553381441096,4.721188906995079,3.4624305927516223,4.443857041468511,3.4624305927516223,3.699606520626298,3.363693836824696
2011-11-04,-0.509644289341249,-0.4390696711454436,-0.6299784593889073,-0.4822163310228604,-0.6299784593889073,-0.5679779816986512,-0.4831859412366605,0.2597373016581467,0.192782176119768,0.3968728592940211,0.2325325899051489,0.3968728592940211,0.3225989876944733,0.2334686538087575
2011-11-07,0.7080109500720072,0.3382022772465979,0.6275996498243774,0.6227597464016198,0.6275996498243774,0.5370804069124576,0.4320835279222269,0.5012795054218663,0.1143807803347846,0.3938813204596811,0.3878297017382098,0.3938813204596811,0.288455363489251,0.1866961751017178
2011-11-08,0.8399396282085114,1.189080792014088,1.166727200785992,1.2144226552154798,1.166727200785992,1.1538720860282026,0.2153836997609009,0.7054985790350524,1.4139131299368508,1.3612523610539162,1.474822385500616,1.3612523610539162,1.3314207909150757,0.0463901381226939
2011-11-09,-3.250566583750228,-3.957788181439171,-3.738529279356369,-3.645206096239724,-3.738529279356369,-3.826264939997547,-2.699527329016908,10.566183115393624,15.664087289139582,13.976601172604852,13.287527484063247,13.976601172604852,14.640303391054433,7.28744780010916
2011-11-10,0.9532923682336094,0.1334146725299647,0.8579154122938346,-0.0877615881082393,0.8579154122938346,0.8288310424301145,-0.390273105108555,0.9087663393324436,0.0177994748462777,0.7360188546513002,0.0077020963472802,0.7360188546513002,0.6869608968957903,0.1523130965710732
2011-11-14,1.5450929632161912,1.2142426232339838,0.970519002596437,1.2571645719264013,0.970519002596437,0.9953101131954848,0.9478533598822684,2.3873122649801903,1.4743851480781462,0.9419071344007828,1.5804627609068918,0.9419071344007828,0.9906422214292084,0.8984259918401052
2011-11-15,0.1421303659036769,1.0847091992358793,0.4805575097530124,1.05873245486512,0.4805575097530124,0.5559694552952843,0.0415483131882305,0.020201040911913,1.1765940469069425,0.2309355201800166,1.120914410984723,0.2309355201800166,0.3091020352213351,0.0017262623287872
2011-11-16,-1.5880056098501971,-1.7496376520088464,-1.6755779391136083,-1.785316285732947,-1.6755779391136083,-1.6632616630596393,-0.4500157777108681,2.521761816915697,3.061231913327029,2.8075614300442067,3.1873542401032857,2.8075614300442067,2.766439359803917,0.2025142001887174
2011-11-17,-1.1392746468580826,-1.9749666329195663,-1.6942648369624176,-2.2748921828592383,-1.6942648369624176,-1.6985171483527255,-2.1497901988855515,1.2979467209736086,3.90049320114565,2.8705333377672875,5.17513444363407,2.8705333377672875,2.8849605032482755,4.621597899224379
2011-11-18,0.2158080245883347,-0.6003323917485955,-0.0394772558565218,-0.8015880165015055,-0.0394772558565218,-0.028495102597099,-0.193129474798585,0.0465731034767192,0.3603989805825892,0.0015584537299612,0.6425433481988178,0.0015584537299612,0.0008119708720192,0.0372989940359773
2011-11-22,-2.597244761666614,-2.01114796508813,-2.2974022758604944,-1.6831557819869472,-2.2974022758604944,-2.357375600371123,-0.8211082864562912,6.745680352004667,4.044716137478127,5.278057217128979,2.833013386436092,5.278057217128979,5.557219721225112,0.6742188180871868
2011-11-23,-2.0761761143394857,-2.457283933448595,-2.234297120149668,-2.272124977943758,-2.234297120149668,-2.3059923466270824,-1.9128494941427807,4.310507257753805,6.0382443295846,4.992083621109097,5.162551915395921,4.992083621109097,5.317600702702678,3.658993187242292
2011-11-25,-0.229176953003621,-0.7577169386790624,-0.2689123604940324,-0.7254364262272273,-0.2689123604940324,-0.3140189496281234,-0.9520875504648464,0.0525220757880239,0.5741349591611701,0.0723138576264724,0.5262580084973313,0.0723138576264724,0.0986079007255498,0.9064707037501514
2011-11-28,2.55985885403597,3.455066589507576,2.88210760216857,3.3529231635493706,2.88210760216857,2.987719001000245,1.5423032573283122,6.55287735258635,11.93748513793151,8.306544230477865,11.242093740665918,8.306544230477865,8.926464828937902,2.378699337565522
2011-11-29,0.2826814842670599,-0.4691799954838305,0.221129693832966,-0.5785015265607658,0.221129693832966,0.1996697038457481,0.7897285308771653,0.079908821547428,0.2201298681622072,0.0488983414946613,0.3346640162331364,0.0488983414946613,0.0398679906338487,0.6236711524814058
2011-12-01,3.940105920101504,4.306236814862046,4.049295504309337,4.3279867110949874,4.049295504309337,4.09307906907372,3.1940428281819853,15.52443466161892,18.54367550567321,16.39679408121981,18.73146897141481,16.39679408121981,16.753296265689386,10.201909588260776
2011-12-02,-0.0050372206111797,0.0277929540939935,-0.0241074227921932,-0.3105457861301421,-0.0241074227921932,0.0174049256378888,-0.3158544041246531,2.5373591485694583e-05,0.0007724482972708,0.0005811678336815,0.096438685283188,0.0005811678336815,0.0003029314364604,0.0997640046049396
2011-12-05,0.6502251012028446,1.091500210185539,1.0234521802755792,1.0762710852972854,1.0234521802755792,1.0629005843862973,0.3657045658082014,0.4227926822342495,1.191372708835076,1.0474543653108366,1.1583594490469966,1.0474543653108366,1.1297576522887325,0.1337398294529651
2011-12-07,0.811224411546406,-0.2469383739554799,0.3121415986648462,-0.2758479981489634,0.3121415986648462,0.2304742940705337,0.2422938989194078,0.6580850458888127,0.0609785605317764,0.0974323776170459,0.0760921180827905,0.0974323776170459,0.0531184002273108,0.0587063334535682
2011-12-08,-1.6423298611216677,-2.014331517184749,-2.136847142775983,-1.648915405612727,-2.136847142775983,-2.216522912733282,-1.6343579619306974,2.6972473727319155,4.057531461123813,4.566115711589882,2.718922014866984,4.566115711589882,4.912973822671633,2.6711259477262628
2011-12-09,1.542994183137376,1.9252086539161872,1.6742439809384415,1.5687295079979615,1.6742439809384415,1.7826528750096833,0.6917240318143844,2.3808310491957787,3.7064283611137774,2.8030929077086006,2.460912269263527,2.8030929077086006,3.177851272780289,0.4784821361895474
2011-12-12,-1.3457436706372587,-1.3154506671043429,-1.5026409891996106,-1.1468552826220824,-1.5026409891996106,-1.5195271421278715,-1.0597092649661073,1.8110260270602427,1.73041045758526,2.257929942422785,1.3152770392781763,2.257929942422785,2.3089627356632967,1.1229837262550073
2011-12-14,-1.660034058221328,-2.832335645964863,-2.0137183888868027,-2.617009780365935,-2.0137183888868027,-2.185511586909666,-3.111768137050801,2.755713074454772,8.022125211403198,4.05506174974086,6.848740190530958,4.05506174974086,4.77646089651641,9.683100938764616
2011-12-15,0.3826930125731787,0.0669249206133379,0.3237808535543156,-0.2834247839870603,0.3237808535543156,0.4002864529923262,-0.3352214900366756,0.1464539418723351,0.0044789449991015,0.1048340411283611,0.0803296081781117,0.1048340411283611,0.1602292444491777,0.112373447382409
2011-12-16,-0.0204073272060802,0.5619734039381087,0.3210961077953536,0.51378758409975,0.3210961077953536,0.3986905466224285,1.131914694569324,0.000416459003696,0.3158141067337847,0.1031027104413253,0.2639776815750577,0.1031027104413253,0.1589541519660908,1.281230875781966
2011-12-20,1.97913715335188,1.876365850640195,1.7587086160053316,1.936292275862276,1.7587086160053316,1.771204246127671,0.6980080805892723,3.91698387177778,3.5207488054487026,3.093055996011389,3.749227777563911,3.093055996011389,3.137164481500691,0.4872152805679201
2011-12-23,1.5610000606861552,0.5710066698268574,1.917374018438725,0.246416042368666,1.917374018438725,1.8843367023806568,1.7746531793998603,2.43672118946218,0.3260486169867578,3.676323126583863,0.0607208659366361,3.676323126583863,3.550724807938808,3.1493939071540327
2011-12-28,-1.1665911163440512,-1.10049453589064,-1.2477447889906816,-0.899745896138051,-1.2477447889906816,-1.2823340143593618,-1.6762965292623413,1.3609348327328596,1.211088223525155,1.5568670584534006,0.8095426776172645,1.5568670584534006,1.644380524382996,2.809970054016972
2011-12-30,0.5428820772059856,0.5840101447561857,0.6349632858559383,0.4730575543744516,0.6349632858559383,0.6501164055373864,1.914302550726963,0.2947209497514856,0.341067849178141,0.40317837438497,0.2237834497507372,0.40317837438497,0.4226513407488514,3.664554255719757
2012-01-03,1.4611188473520502,1.6586249317543809,1.5355418375209209,1.918842122387124,1.5355418375209209,1.4916458575554068,2.096956761369417,2.134868286087384,2.7510366642372244,2.3578887347771254,3.681955090647123,2.3578887347771254,2.225007364362205,4.397227659052914
2012-01-04,0.1695690575326395,-0.0135923943211717,0.0187913998579924,0.3332139713602339,0.0187913998579924,-0.0339639306325159,0.1476576804299106,0.0287536652725076,0.0001847531833822,0.0003531167086229,0.1110315507096587,0.0003531167086229,0.0011535485840103,0.0218027905899416
2012-01-05,-0.0219423901456288,0.8085456084691593,0.2939385158613289,0.8237395067071971,0.2939385158613289,0.3425067356312503,0.0893562688753515,0.0004814684853029,0.6537460009747631,0.0863998511067607,0.6785467749102164,0.0863998511067607,0.1173108639527752,0.0079845427873241
2012-01-09,-0.1854835122308965,0.2506351355612127,-0.0281056775318288,0.0710694276056279,-0.0281056775318288,0.020310067093031,-0.3329773086670768,0.0344041333095091,0.0628179711777875,0.0007899291095231,0.0050508635401915,0.0007899291095231,0.0004124988253234,0.1108738880871697
2012-01-11,0.4569862964349903,1.26966504431976,0.9156049943021888,0.9146986216533176,0.9156049943021888,0.9901737912037256,0.5251536540421423,0.2088364751293688,1.6120493247674983,0.8383325055911112,0.836673568454479,0.8383325055911112,0.980444136786759,0.2757863603538141
2012-01-13,-0.2203113613660714,-0.0033201572282026,-0.2626310306166562,-0.0113822475002876,-0.2626310306166562,-0.2751864277708709,-0.2439981612301145,0.0485370959469717,1.1023444019986083e-05,0.068975058242767,0.0001295555581578,0.068975058242767,0.0757275700292927,0.0595351026836769
2012-01-17,0.4819842932752111,0.6402228257404688,0.3546597284096736,0.892304702039919,0.3546597284096736,0.345539367907798,0.0144703070778036,0.2323088589640047,0.4098852665991107,0.1257835229556234,0.7962076812825486,0.1257835229556234,0.1193974547741206,0.0002093897869259
2012-01-18,0.773114171860031,1.514455651331579,1.104669323633066,1.357922592263532,1.104669323633066,1.1653203287536271,0.771084037200459,0.5977055227308214,2.293575919850157,1.2202943145759355,1.8439537665797108,1.2202943145759355,1.357971468606462,0.5945705924253589
2012-01-19,0.3573523619443365,0.6700228734957002,0.4926531580627022,0.6467195679205738,0.4926531580627022,0.5117633950957959,0.430383925605645,0.1277007105871961,0.4489306510074351,0.2427071341491539,0.4182461995313737,0.2427071341491539,0.2619017725599757,0.1852303234197253
2012-01-20,0.7614817992848849,-0.0584750233252951,0.0669232081193182,-0.1918536597921203,0.0669232081193182,0.0691346672036247,0.1324573531317392,0.5798545306421458,0.0034193283528938,0.0044787157849815,0.0368078267756306,0.0044787157849815,0.0047796022093559,0.0175449503986662
2012-01-23,-0.0916677423936969,-0.0908296253166098,0.0471235634133519,0.0082064075676265,0.0471235634133519,0.0296145179111115,1.0000564910743708,0.0084029749955571,0.0082500208351557,0.0022206302287722,6.734512516599835e-05,0.0022206302287722,0.0008770196711075,1.000112985339983
2012-01-25,0.3780340983513378,1.218761069710191,0.7607765540288133,1.1601474638404794,0.7607765540288133,0.8387167076710457,0.139739561327466,0.1429097795163089,1.485378545041129,0.5787809651599558,1.3459421378554963,0.5787809651599558,0.7034457157265582,0.0195271449999926
2012-01-27,-0.7592960820444575,-0.062468279859067,-0.7357037096871938,-0.1578916720537941,-0.7357037096871938,-0.654645393823905,-0.5815488136134356,0.5765305402080636,0.0039022859885507,0.5412599484474987,0.0249297801039428,0.5412599484474987,0.4285605916548556,0.3381990226151944
2012-01-30,-0.0532176803144899,-0.1638095130614438,-0.25253499086551,0.1441013098727119,-0.25253499086551,-0.292700782863375,-0.2415782135501649,0.0028321214980552,0.0268335565694273,0.0637739216114432,0.0207651875070313,0.0637739216114432,0.0856737482888325,0.058360033262089
2012-01-31,-0.1646160220976697,0.0675461917188181,-0.045706973394398,0.1066230005314386,-0.045706973394398,-0.0428258477003777,0.1264034220883498,0.0270984347312604,0.0045624880157153,0.0020891274168762,0.0113684642423271,0.0020891274168762,0.0018340532312559,0.0159778251156455
2012-02-01,0.659224965021024,1.216169391559368,0.8860289331437619,0.8163673008244989,0.8860289331437619,1.0162689092201618,0.5247148480889826,0.4345775545069703,1.479067988965883,0.7850472703678728,0.6664555698554779,0.7850472703678728,1.0328024958475377,0.2753256718050441
2012-02-02,-0.0869311874181803,0.3997938032971085,0.1094492547825891,0.3069819686424029,0.1094492547825891,0.1271248765495158,0.2857470731122505,0.0075570313459348,0.1598350851547671,0.0119791393724641,0.0942379290715652,0.0119791393724641,0.0161607342377296,0.0816513897922178
2012-02-03,1.226689631165175,1.59508285314376,1.44997372641607,1.3269846460504269,1.44997372641607,1.4873528199020511,0.1894093701534564,1.5047674512081528,2.5442893083932376,2.102423807296905,1.760888250853576,2.102423807296905,2.212218410870584,0.035875909501929
2012-02-06,-0.1330703327991037,-0.1263850434689752,-0.0423913171083232,-0.0344045543950452,-0.0423913171083232,-0.0642095822754028,-0.1386793384403255,0.0177077134712642,0.0159731792126547,0.0017970237661784,0.0011836733631216,0.0017970237661784,0.0041228704559817,0.0192319589102463
2012-02-08,0.3018030403762486,0.4768093463232009,0.4179214705458954,0.6866377523887605,0.4179214705458954,0.3974364205796724,-0.3096386291535902,0.0910850751803475,0.2273471527411581,0.1746583555432437,0.4714714030054887,0.1746583555432437,0.1579557084031822,0.0958760806641145
2012-02-09,0.0505056729959715,0.3891781352262261,0.1473032306649118,0.7127719939956222,0.1473032306649118,0.1278690795031216,-0.1845001274799833,0.002550823004776,0.1514596209381627,0.0216982417643202,0.5080439154244952,0.0216982417643202,0.0163505014929756,0.0340402970401301
2012-02-10,-0.6946292602308927,-0.8008809577463787,-0.6910169670604591,-0.6499411482674746,-0.6910169670604591,-0.7535830688702736,-0.8720948127022652,0.4825098091689172,0.6414103084807568,0.4775044487654356,0.4224234962112434,0.4775044487654356,0.5678874416879395,0.7605493623421989
2012-02-13,0.5671415637511659,0.9428939471242892,0.6777019788023537,0.8665609523805885,0.6777019788023537,0.7280223300257566,0.0747939268636916,0.3216495533341177,0.889048995523622,0.4592799720726259,0.7509278841907526,0.4592799720726259,0.5300165130161316,0.0055941314956912
2012-02-15,-0.7257140316850728,-0.5322199858776668,-0.6337683550983145,-0.5259986764126845,-0.6337683550983145,-0.6347192329943572,-0.2961143842939566,0.5266608557846028,0.2832581133676239,0.4016623279240233,0.2766746075878959,0.4016623279240233,0.402868504732945,0.087683728585789
2012-02-16,0.9588287270457208,1.4984077969061813,1.096532252888617,1.4094206076970988,1.096532252888617,1.166948997045576,0.9945501297304944,0.9193525278081172,2.245225925829236,1.2023829816249858,1.9864664494012592,1.2023829816249858,1.3617699617056758,0.9891299605469436
2012-02-17,0.354208610734703,-0.2730213160450487,0.2346218995056878,-0.3110194083363182,0.2346218995056878,0.193703123297161,-0.2188111869346103,0.1254637399186084,0.0745406390149703,0.055047435727657,0.0967330723618734,0.055047435727657,0.0375208999750751,0.0478783355277329
2012-02-21,0.1220719216934884,-0.1088071153980043,0.0719678085287957,0.2319074646748431,0.0719678085287957,0.0095167097633789,1.316199827958317,0.0149015540659411,0.0118389883612346,0.0051793654644374,0.0537810721719136,0.0051793654644374,9.056776472039174e-05,1.732381987117503
2012-02-22,-0.208605496780992,-0.5236557614228021,-0.334575126341362,-0.4046411531167377,-0.334575126341362,-0.3590896338355021,0.6152135408266267,0.0435162532872444,0.2742153564712946,0.1119405151663383,0.1637344627956431,0.1119405151663383,0.1289453651281149,0.3784877008164355
2012-02-24,0.341605190037588,1.0371608949898845,0.5933776681981634,0.9425242276075856,0.5933776681981634,0.6315175772872125,0.192787026965597,0.1166941058606166,1.0757027220962183,0.3520970571162897,0.888351919627276,0.3520970571162897,0.3988144504227103,0.0371668377662338
2012-02-27,-0.0110765284051993,0.0812828569974477,0.1353660394093973,0.0978704618735562,0.1353660394093973,0.1138196082281115,-0.1997157134626491,0.0001226894815111,0.0066069028416675,0.0183239646253865,0.0095786273073432,0.0183239646253865,0.0129549032172007,0.0398863662038949
2012-02-28,0.1817335159586198,0.6921000863005871,0.3350649356894888,1.019050003915779,0.3350649356894888,0.2682278071975021,0.3151626866528692,0.0330270708226819,0.47900252945728,0.1122685111286013,1.0384629104807492,0.1122685111286013,0.0719461565539804,0.0993275190582546
2012-02-29,-0.4087815311010858,-0.6674921695062215,-0.4748242943254793,-0.3941746470666017,-0.4748242943254793,-0.5213364309495636,-0.7599955901267017,0.167102340169348,0.4455457963521223,0.2254581104816894,0.15537365239008,0.2254581104816894,0.2717916742352291,0.5775932970120335
2012-03-02,0.1967269088388875,0.3129692883523849,0.2888157280694143,0.70203985428823,0.2888157280694143,0.212022041103618,-0.0015026991244763,0.0387014766613039,0.0979497754517982,0.0834145247802658,0.4928599570090392,0.0834145247802658,0.0449533459137442,2.2581046587020825e-06
2012-03-05,-0.113785907535867,-0.8676090038924389,-0.3877164727582936,-1.0143718671383126,-0.3877164727582936,-0.3641952943220141,-0.9525747129300444,0.0129472327537608,0.75274538363523,0.1503240632481326,1.0289502848416665,0.1503240632481326,0.1326382124062984,0.9073985837137564
2012-03-06,-1.5836123560811786,-1.3704828206632875,-1.5489527433395318,-0.998111620764057,-1.5489527433395318,-1.5958380849684155,-1.815493706037028,2.5078280943329814,1.8782231617332008,2.3992546010990616,0.9962268075042529,2.3992546010990616,2.5466991934356606,3.2960173966600617
2012-03-07,0.6108740061951681,0.8679478573267612,0.6876907208801029,0.7273738965859828,0.6876907208801029,0.7195199999658236,0.4181144394549489,0.3731670514449342,0.7533334830381158,0.4729185275845955,0.5290727854346761,0.4729185275845955,0.5177090303508188,0.1748196844807261
2012-03-08,0.5485490431515202,1.176083761135513,0.9770027761206328,1.1184037354336622,0.9770027761206328,1.0031452049547318,0.9009378574691688,0.3009060527424483,1.3831730132066544,0.9545344245474237,1.250826915431969,0.9545344245474237,1.006300302223671,0.8116890230211364
2012-03-13,2.0681508382769453,2.3114683996828163,2.1754313899755533,2.2589303432536774,2.1754313899755533,2.237215754796538,0.6060910679272327,4.277247889865632,5.342886162732239,4.732501732490968,5.102766295672176,4.732501732490968,5.005134333509844,0.3673463826211733
2012-03-14,0.1245519396073467,0.0279577215291298,-0.1197034079205428,0.4062278979558102,-0.1197034079205428,-0.1985050743327103,-1.2826683274652109,0.0155131856599521,0.0007816341931003,0.0143289058677918,0.1650211050775962,0.0143289058677918,0.0394042645358348,1.6452380382824014
2012-03-15,0.4435663030319912,0.5130319103818158,0.5949504120039123,0.2352855488740496,0.5949504120039123,0.6344511633691186,0.627535912526645,0.1967510651854682,0.2632017410700155,0.353965992743625,0.0553592895089627,0.353965992743625,0.4025282787004279,0.393801321510649
2012-03-16,-0.1520217033261634,-0.0363241888728348,0.1118723774120292,-0.074066298247177,0.1118723774120292,0.0801801011284263,0.3297431170109253,0.023110598282188,0.0013194466972693,0.0125154288278195,0.0054858165360397,0.0125154288278195,0.0064288486169646,0.1087305232160808
2012-03-19,0.0491751251451926,0.7519298240386522,0.3966002810361202,0.7521096628281219,0.3966002810361202,0.3999390040929907,-0.1382090539524947,0.0024181929330453,0.5653984602787984,0.1572917829179295,0.5656689449194312,0.1572917829179295,0.1599512069948932,0.0191017425944435
2012-03-20,-0.5221464836956319,-0.135555334314185,-0.3005042630492703,0.1597546625653172,-0.3005042630492703,-0.35679171707971,-0.3934104887795795,0.2726369504357128,0.0183752486610304,0.090302812110785,0.0255215522113583,0.090302812110785,0.1273003293766878,0.1547718126817876
2012-03-21,-0.3465430209995876,0.038052060230158,-0.1872946449286785,-0.0273997126570977,-0.1872946449286785,-0.166527931906132,0.0465673854153275,0.1200920654035206,0.0014479592877595,0.0350792840189597,0.0007507442536915,0.0350792840189597,0.0277315521049333,0.0021685213844196
2012-03-22,-0.5997825686089053,-0.3909665751854569,-0.7232644820101418,-0.1967676619340736,-0.7232644820101418,-0.7590463211457138,-0.6023011719486814,0.3597391296070962,0.1528548629122455,0.5231115109373987,0.0387175127830018,0.5231115109373987,0.5761513176448421,0.362766701730755
2012-03-23,0.2647642146072612,0.1500512412852662,0.3104067527188104,-0.1080576290343879,0.3104067527188104,0.3570046477043964,0.8365782391240701,0.0701000893365998,0.0225153750112492,0.0963523521334367,0.0116764511925334,0.0963523521334367,0.1274523184825402,0.6998631501759299
2012-03-27,0.890517858790648,1.6945367471183252,1.0969525897790946,1.9442894443354348,1.0969525897790946,1.1032809374463517,0.3713716899865426,0.7930220568250805,2.871454787334355,1.2033049842230623,3.780261443354194,1.2033049842230623,1.2172288269325,0.1379169321234607
2012-03-28,-0.5433905582951998,-0.4944342162124646,-0.4953772647860422,-0.4015787600866787,-0.4953772647860422,-0.5008229477883911,-0.7877790390740899,0.2952732988443689,0.2444651941616342,0.2453986344669006,0.1612655005527542,0.2453986344669006,0.2508236250314535,0.6205958144044964
2012-03-29,0.1492232892531901,-0.3096616842752466,-0.1609217029004385,-0.322428175849227,-0.1609217029004385,-0.1603009067329289,-0.6019437063159557,0.0222675900555412,0.0958903587081825,0.025895794464377,0.10395992858146,0.025895794464377,0.0256963806993991,0.3623362255733895
2012-03-30,0.5024919491330814,-0.1225163521835168,0.3691655299544058,-0.2457716214687017,0.3691655299544058,0.3141944427994446,0.4271475234505259,0.2524981589435632,0.0150102565523555,0.1362831885065173,0.0604036899193548,0.1362831885065173,0.0987181478860534,0.1824550067899176
2012-04-02,0.3961895752613002,0.905779086194971,0.7476577793073291,1.0524151730001363,0.7476577793073291,0.7445685739072733,0.9227656359370616,0.1569661795457294,0.8204357529881968,0.5589921549587669,1.1075776963609074,0.5589921549587669,0.5543823612503107,0.85149641886633
2012-04-03,-0.4907522344300314,-0.1966865538052768,-0.3996587747434638,-0.0589165126971898,-0.3996587747434638,-0.3547404331683639,-1.4776350204697164,0.2408377555980685,0.038685600447796,0.1597271362294467,0.0034711554683981,0.1597271362294467,0.1258407749244784,2.183405253718539
2012-04-04,-0.9499986403216524,-1.4714759667653985,-1.025489547530353,-1.3669353074135313,-1.025489547530353,-1.0749314252944029,-1.1831694854930213,0.9024974166129884,2.165241520768164,1.051628812094008,1.8685121346537248,1.051628812094008,1.155477569085456,1.3998900314018206
2012-04-05,-0.1117806925997065,0.4036703326035304,-0.0629236642333092,0.635499188237722,-0.0629236642333092,-0.0960421419964135,-0.6222795438268962,0.01249492323807,0.1629497374242449,0.0039593875205462,0.4038592182508036,0.0039593875205462,0.0092240930392592,0.38723183066541
2012-04-09,-1.0046648606443462,-1.0908166480467048,-1.142343410577706,-0.818544574060511,-1.142343410577706,-1.178575048991932,-0.7015315064291163,1.0093514822135237,1.1898809596558486,1.3049484676903051,0.6700152197239033,1.3049484676903051,1.389039146106335,0.4921464545127053
2012-04-10,-1.66624779059957,-1.850242405385352,-1.722903544536177,-1.650789083192895,-1.722903544536177,-1.8007100588300566,-0.694757152862136,2.7763816996779487,3.423396958686174,2.968396623775322,2.7251045971888392,2.968396623775322,3.242556715971746,0.4826875014531014
2012-04-12,2.10604771911112,2.1278278214667536,2.110661858652646,1.6610076137770862,2.110661858652646,2.210732699338936,2.313649322610352,4.43543699517315,4.527651237807951,4.454893481571043,2.75894629302545,4.454893481571043,4.887339067926419,5.352973188015341
2012-04-13,-1.0604367091388809,-1.4577767518523084,-1.2553512960530442,-1.5175177456058413,-1.2553512960530442,-1.263611457148983,-1.4369219621418703,1.1245260140892994,2.1251130582410664,1.575906876502058,2.302860108228635,1.575906876502058,1.596713914638176,2.0647447252856423
2012-04-16,0.5573990015540852,-0.7643714514802948,-0.0503680895958871,-1.076170405872387,-0.0503680895958871,-0.0221452412363556,-0.0232577650834603,0.310693646933491,0.5842637158380928,0.0025369444495393,1.1581427424755384,0.0025369444495393,0.0004904117094163,0.0005409236366774
2012-04-18,0.857903803544951,1.430292578904665,1.1304395603414916,1.709582986540686,1.1304395603414916,1.1232007840067164,0.7555956380753779,0.7359989361368938,2.045736861269757,1.2778935995850649,2.922673987869372,1.2778935995850649,1.2615800011933025,0.5709247682785374
2012-04-19,-0.5281020718764162,-0.7911934116171776,-0.5952096817443118,-1.085341657754993,-0.5952096817443118,-0.5804757360803915,0.2042617269064787,0.2788917983201635,0.6259870145864286,0.3542745652421649,1.1779665140583564,0.3542745652421649,0.3369520801780723,0.0417228530788168
2012-04-20,0.501385558527228,-0.2366841373149553,0.1168593284740663,-0.4020248344807107,0.1168593284740663,0.1446495645441264,-0.0527550970077654,0.2513874782996603,0.0560193808565246,0.0136561026514097,0.1616239675392428,0.0136561026514097,0.0209234965228053,0.0027831002602987
2012-04-23,-0.7866824105640959,-1.0048820930372462,-0.8443048985726151,-0.8458566551563068,-0.8443048985726151,-0.8932435308891121,-1.3119884184344444,0.6188692150909368,1.0097880209069168,0.712850761753714,0.7154734810722153,0.712850761753714,0.7978840054752482,1.7213136101061146
2012-04-24,0.573856976760334,-0.298379365176611,0.3672998130599856,-0.5581782480424011,0.3672998130599856,0.373418155433738,-0.0738452329330315,0.3293118297765104,0.0890302455631974,0.1349091526739004,0.3115629565876843,0.1349091526739004,0.1394411188075353,0.0054531184269336
2012-04-25,0.6833845101535422,2.271083701665774,1.3552363677729873,2.651066285206707,1.3552363677729873,1.395816460755284,1.0872144802658756,0.4670143887177967,5.157821179971914,1.8366656125345195,7.0281524485596885,1.8366656125345195,1.9483035921154068,1.182035326099798
2012-04-26,0.8663445352488005,0.6901070768232934,0.6657923951737078,0.5744424565687332,0.6657923951737078,0.6953094811556711,0.2868462953819986,0.7505528537554601,0.476247777481591,0.4432795134711427,0.3299841359087209,0.4432795134711427,0.4834552745849686,0.0822807971743767
2012-04-27,0.1792377454587843,0.6075370699386563,0.2411410416048972,0.5894023725214473,0.2411410416048972,0.2841788531357491,0.75378890027994,0.0321261693971479,0.3691012913496477,0.0581490019462947,0.3473951567339109,0.0581490019462947,0.0807576205695496,0.5681977061852415
2012-04-30,-0.1110551800400821,-0.7469506044767263,-0.389109716405114,-0.6462944864234107,-0.389109716405114,-0.4451596321269895,0.4479340106568156,0.012333253013735,0.5579352055281469,0.1514063714008682,0.4176965631813002,0.1514063714008682,0.1981670980754366,0.2006448779031002
2012-05-01,0.4959301671483285,0.1338407232992128,0.5642498376375206,0.1188860082051458,0.5642498376375206,0.5314887982457972,0.3256792187931653,0.245946730687769,0.0179133392132564,0.3183778792739683,0.014133882946954,0.3183778792739683,0.2824803426607617,0.1060669535537264
2012-05-02,-0.0809633328717217,0.3080052645348018,-0.2499885566521046,0.2874570107596122,-0.2499885566521046,-0.1881700254462703,-0.8359807362850423,0.0065550612696972,0.0948672429811532,0.0624942784570025,0.0826315330348518,0.0624942784570025,0.03540795847645,0.6988637914396815
2012-05-03,-0.4682483793809288,-1.1686235409077457,-0.7688270722404974,-1.109700762790611,-0.7688270722404974,-0.8620743043907089,-1.7754215364676813,0.2192565447928662,1.3656809803637575,0.591095067009895,1.231435782938064,0.591095067009895,0.7431721062907246,3.1521216321532624
2012-05-04,-1.282704804571384,-2.2727642976540805,-1.6279016486759132,-2.495960181513356,-1.6279016486759132,-1.629574985635442,-1.2029720393069503,1.6453316156705124,5.165457552691046,2.6500637777617566,6.2298172277001855,2.6500637777617566,2.655514633808751,1.4471417273543228
2012-05-07,-0.22838549888881,0.0480208324948196,0.0350533837407092,0.0515424857920404,0.0350533837407092,0.0696180528735168,-0.0890784568691167,0.0521599361026906,0.0023060003534955,0.0012287397116734,0.0026566278416226,0.0012287397116734,0.0048466732858997,0.007934971478183
2012-05-08,-0.5893491585842504,-0.3892261558912925,-0.4287863738619395,-0.35717373784591,-0.4287863738619395,-0.3962033107267312,-1.323315329579957,0.3473324307239639,0.1514970004299127,0.1838577544096709,0.1275730790068188,0.1838577544096709,0.1569770634308227,1.7511634615013094
2012-05-09,-0.7531023172659024,-0.3931322632826288,-0.6724816572818403,-0.3244963066162268,-0.6724816572818403,-0.6467977496096634,-0.2543227880921514,0.5671631002712719,0.1545529764337221,0.4522315793805305,0.1052978530075722,0.4522315793805305,0.4183473289001248,0.0646800805429653
2012-05-10,0.1555494402539942,-0.0364668096435169,0.251422215559892,-0.1951279737954822,0.251422215559892,0.2458297989540706,0.5224865994365447,0.0241956283633309,0.0013298282055764,0.0632131304770448,0.0380749261575304,0.0632131304770448,0.0604322900537988,0.2729922465907644
2012-05-11,-0.2682380925977415,0.0061355339467825,-0.339310934903185,-0.0099384200287367,-0.339310934903185,-0.3033837573772899,-0.3542343628810941,0.0719516743204745,3.764477681212113e-05,0.1151319105448734,9.877219266759638e-05,0.1151319105448734,0.0920417042403623,0.1254819838457746
2012-05-14,-0.9817929483650022,-1.0705331489329717,-1.117504403691144,-0.9872810329494084,-1.117504403691144,-1.128974214460072,-1.7784036112027513,0.963917393459244,1.1460412229643442,1.2488160922690996,0.9747238380216506,1.2488160922690996,1.2745827769157367,3.1627194043389864
2012-05-15,-0.5002266756427851,-0.3043302086261009,-0.5762452204680382,-0.3685923612731723,-0.5762452204680382,-0.5449074492996308,-1.2743924767043386,0.2502267270246321,0.0926168758824061,0.3320585541122579,0.1358603287889328,0.3320585541122579,0.2969241283022296,1.6240761846806182
2012-05-16,-0.2651709723925647,-0.6837989125516464,-0.4413555099659481,-0.746360646564308,-0.4413555099659481,-0.4857781172348405,-0.1497190511498832,0.0703156445996183,0.4675809528068141,0.194794686177302,0.5570542147398919,0.194794686177302,0.2359803791842264,0.0224157942772213
2012-05-17,-1.2464422137500697,-2.1221916289077587,-1.5165749322566031,-2.0712252453928897,-1.5165749322566031,-1.6343032615016355,0.040605983054997,1.5536181922181744,4.503697309806166,2.2999995251491203,4.289974017152836,2.2999995251491203,2.670947150554884,0.0016488458598627
2012-05-18,-0.5893171066831571,-1.248120800095812,-0.741519043358835,-1.223855294353396,-0.741519043358835,-0.7803941556715628,-0.4426108842129284,0.3472946522294075,1.5578055316318098,0.5498504916638018,1.4978217815168375,0.5498504916638018,0.6090150382063314,0.1959043948237503
2012-05-22,1.0729331358625291,2.146447487563423,1.6394876863185748,2.418342828955091,1.6394876863185748,1.6865149756045896,1.5057194384060513,1.1511855140318004,4.607236816867331,2.687919873590233,5.848382038358512,2.687919873590233,2.8443327629385498,2.2671910271938343
2012-05-23,-0.053283336398077,0.3881042627254708,0.1692285330010667,0.3098534215418503,0.1692285330010667,0.2203259741313566,0.9820825542607732,0.0028391139377106,0.1506249187456813,0.0286382963816931,0.0960091428411916,0.0286382963816931,0.0485435348769312,0.9644861433833644
2012-05-24,0.268549102368652,-0.3775380176421585,0.1379028382542137,-0.6194847740222668,0.1379028382542137,0.1477080900744462,0.010980996402445,0.0721186203830087,0.1425349547651708,0.0190171927985678,0.3837613852454189,0.0190171927985678,0.0218176798734407,0.0001205822819905
2012-05-25,-0.5997837233866129,-0.0651763042038423,-0.2167899276191806,-0.1700142747017658,-0.2167899276191806,-0.2002791443491167,0.0898777809185557,0.359740514839509,0.0042479506296718,0.0469978727171295,0.0289048536023674,0.0469978727171295,0.0401117356612143,0.0080780155028439
2012-05-29,1.0054711215763796,1.1722962587074146,1.1017981539835835,1.2552219261321464,1.1017981539835835,1.120981720588255,0.2831911292195041,1.0109721763240629,1.3742785181794015,1.213959172121633,1.5755820838428958,1.213959172121633,1.2566000178930048,0.0801972156686178
2012-05-30,-1.286606001468081,-1.1782875642675426,-1.4438555426152218,-0.8464899055146521,-1.4438555426152218,-1.502950639673095,-1.5283348122910745,1.6553550030136828,1.3883615841075383,2.0847188279406965,0.7165451601382046,2.0847188279406965,2.258860625293765,2.335807298460794
2012-05-31,-0.2128978402388099,-0.3537702067295116,-0.2279268419520004,-0.4950358470958373,-0.2279268419520004,-0.2245930197305244,0.6971918857116076,0.0453254903783498,0.1251533591694414,0.0519506452822122,0.2450604899098932,0.0519506452822122,0.0504420245116757,0.4860765255021073
2012-06-01,-2.2429276699664844,-2.865221239167295,-2.4951359516333107,-2.650394920342319,-2.4951359516333107,-2.5756233948842984,-1.329103025836302,5.030724532701282,8.209492749375368,6.225703417133067,7.024593233776368,6.225703417133067,6.633835872275318,1.766514853287214
2012-06-05,0.07741095733277,1.1086712456185803,0.5820093353726199,1.159256300063141,0.5820093353726199,0.6054781972716359,1.2813203993848197,0.0059924563151759,1.229151930861455,0.3387348664608787,1.3438751692360833,0.3387348664608787,0.36660384737131,1.6417819658796735
2012-06-06,2.337578143844077,2.369380407674588,2.2787772335250183,2.3370989539320712,2.2787772335250183,2.2738860630473563,1.086302567206401,5.464271578577521,5.613963516272197,5.192825680031936,5.462031520470382,5.192825680031936,5.170557827721006,1.1800532675192177
2012-06-07,0.3711798544939716,-0.4827573710940027,-0.0106459020981763,-0.4293819924396053,-0.0106459020981763,-0.0692509384796062,-0.3554714251203612,0.1377744843821659,0.2330546793455926,0.0001133352314839,0.1843688954314052,0.0001133352314839,0.0047956924803062,0.1263599340771005
2012-06-08,0.7454864437709395,0.9631953877661736,0.8081387590454859,0.934325745108646,0.8081387590454859,0.8213193775855175,-0.7923740454286103,0.5557500378462422,0.9277453550140294,0.653088253871578,0.8729645979728267,0.653088253871578,0.674565519997462,0.6278566278689014
2012-06-11,-1.145322598489668,-1.7180631304036158,-1.270043906648518,-1.655938981363242,-1.270043906648518,-1.373743005038884,-0.8632332914696524,1.3117638546111252,2.951740920052272,1.6130115248150292,2.742133909998332,1.6130115248150292,1.887169843893263,0.7451717155015299
2012-06-12,1.3013396582101706,1.1796060924143876,1.1583390373813107,1.1462824342418518,1.1583390373813107,1.1510111736860176,0.8342741632066081,1.6934849060305637,1.3914705332611408,1.3417493255214616,1.313963419051425,1.3417493255214616,1.3248267219500638,0.6960133793940861
2012-06-13,-0.6176605049695038,-0.8640598614426773,-0.7047993222950365,-0.7395118887093463,-0.7047993222950365,-0.7834915149148327,0.0049575628283558,0.3815044993991823,0.7465994441563387,0.4967420847075427,0.5468778335424646,0.4967420847075427,0.6138589539435395,2.457742919709602e-05
2012-06-14,1.2369132908964935,0.6267107342768968,1.075661473224191,0.4945337178758042,1.075661473224191,1.0552886531742227,-0.2739036971083229,1.5299544891963934,0.3927663444578871,1.1570476049788367,0.2445635981160655,1.1570476049788367,1.113634141518265,0.0750232352896079
2012-06-15,0.9069290098900378,1.2776200957347184,1.0284752736562524,1.2232113699767475,1.0284752736562524,1.0345592957389034,0.5087148203523095,0.8225202289801242,1.6323131090251908,1.0577613885223032,1.4962460556403914,1.0577613885223032,1.0703129363997756,0.2587907684460825
2012-06-20,0.4471527547666359,1.986883092423093,0.9523775631104237,2.006011947552445,0.9523775631104237,1.0367792012996475,2.013790639109692,0.1999455860953913,3.9477044229567526,0.907023022716149,4.024083933723153,0.907023022716149,1.0749111122475354,4.055352738165822
2012-06-21,-1.9751403056080072,-2.465260247096225,-2.251325877143495,-2.562545025770272,-2.251325877143495,-2.3037939522778905,-3.0304904677161675,3.901179226837293,6.0775080859129424,5.068468205095928,6.566637009099963,5.068468205095928,5.307466574552183,9.183872474918555
2012-06-22,0.5330848874282923,1.1590129584684834,0.7148981972021055,1.1111463103694792,0.7148981972021055,0.7217889820515204,0.2383136027153932,0.2841794972044351,1.3433110378978663,0.5110794323628205,1.234646123047707,0.5110794323628205,0.5209793346109701,0.0567933732391902
2012-06-25,-1.098683939179716,-1.9642497399793468,-1.608346545997266,-2.031298171419372,-1.608346545997266,-1.6272791088630003,-0.9237553460283798,1.207106398211458,3.858277041008932,2.586778612021336,4.126172261211685,2.586778612021336,2.6480372981419613,0.8533239393160118
2012-06-26,0.2557306607664227,0.6291517391203868,0.4761353258577371,0.6413077859576855,0.4761353258577371,0.4883369984380398,0.03556173682877,0.0653981708560311,0.3958319108382072,0.2267048485296535,0.4112756763299485,0.2267048485296535,0.2384730240434741,0.0012646371262787
2012-06-27,0.7339261531633519,0.7421430444170647,0.8944792352300871,0.6134472854746321,0.8944792352300871,0.9076226725657872,0.6728430649840432,0.5386475982971558,0.5507762983766292,0.8000931022578015,0.3763175720561948,0.8000931022578015,0.8237789157554621,0.4527177900971214
2012-06-28,-0.1961884968825133,-0.9023941504123292,-0.2112076068222122,-1.132077207681947,-0.2112076068222122,-0.1599556382637857,0.1205133875412229,0.0384899263090199,0.8143152026983892,0.0446086531795661,1.281598804152954,0.0446086531795661,0.025585806212375,0.0145234765766609
2012-06-29,2.180682070003629,2.958445801093307,2.461479803416528,3.0695081345633404,2.461479803416528,2.5035988408217467,1.493082417819678,4.755374290435313,8.75240155800662,6.05888282262747,9.421880188150515,6.05888282262747,6.268007155763994,2.2292951064022555
2012-07-03,0.4935386769012232,1.3882509419888205,0.8669074604724838,1.144920100526558,0.8669074604724838,0.9860418186699864,2.151387437709092,0.24358042559741,1.9272406779328468,0.751528545022851,1.310842036589744,0.751528545022851,0.9722784681660142,4.62846790713249
2012-07-05,-0.3649372281299973,0.0013440408588691,-0.469799521801216,0.0615871751898617,-0.469799521801216,-0.4173259297406501,-0.2680665416048301,0.1331791804752057,1.806445830309777e-06,0.2207115906846512,0.0037929801478667,0.2207115906846512,0.174160931633898,0.0718596707279741
2012-07-06,-0.967678120801634,-1.3119433283373834,-0.9477490437645376,-1.3377235699522478,-0.9477490437645376,-0.9805872906019032,-1.3380960984336452,0.936400945478182,1.7211952967689712,0.8982282499565954,1.7895043496057863,0.8982282499565954,0.9615514344899811,1.7905011686433434
2012-07-09,-0.2836409857846642,-0.189466925534087,-0.164010763953199,-0.0758243057045855,-0.164010763953199,-0.1761212168912911,-0.2171316731457178,0.0804522088168961,0.0358977158713392,0.0268995306925119,0.0057493253355824,0.0268995306925119,0.0310186830392692,0.0471461634830588
2012-07-10,-0.6552044678976695,-1.0092473523338985,-0.8159128832764184,-0.9542339955985744,-0.8159128832764184,-0.8464943769383454,-1.0580353757410643,0.4292928947530682,1.0185802181929835,0.6657138330964384,0.91056251835602,0.6657138330964384,0.7165527301882376,1.1194388563195352
2012-07-12,-0.6330369071651691,-1.253024098081557,-0.5014527197221483,-1.5678127023977368,-0.5014527197221483,-0.5087585302504224,-0.7564006106151797,0.4007357258332429,1.5700693903730991,0.2514548301167394,2.4580366697996947,0.2514548301167394,0.25883524210257,0.5721418837390168
2012-07-13,1.608021383283896,1.4643548024643305,1.636274497101934,1.5465381229255908,1.636274497101934,1.6177202494658791,0.7764642323399318,2.5857327690982546,2.1443349875003483,2.677394229866187,2.39178016566221,2.677394229866187,2.6170188055319463,0.6028967041032396
2012-07-16,-0.3911134746812343,-0.3972162228023138,-0.2316985120192678,-0.3068568589286156,-0.2316985120192678,-0.2688775986895618,0.0577364464540599,0.1529697500772285,0.1577807276573374,0.0536842004719427,0.0941611318715363,0.0536842004719427,0.072295163077065,0.0033334972491425
2012-07-17,0.6135843555755927,0.4511819301089114,0.7382334405661178,0.5649404620440572,0.7382334405661178,0.7058589807742929,0.4331307542986187,0.3764857614071153,0.2035651340568026,0.5449886127700878,0.3191577256545528,0.5449886127700878,0.4982369007397235,0.1876022503192904
2012-07-19,1.0704971453855687,1.901370091229268,0.9371715709881508,2.4454954402434224,0.9371715709881508,0.9155919432391944,0.8134524124968444,1.1459641382786514,3.615208223821192,0.8782905534683987,5.98044794825137,0.8782905534683987,0.8383086065245241,0.6617048273969364
2012-07-20,-0.9376060473963432,-1.378348817864382,-1.011263852275059,-1.4323746700980873,-1.011263852275059,-1.023861864333803,-0.367476188167153,0.8791051001141941,1.89984546370814,1.0226545789181924,2.0516971955386043,1.0226545789181924,1.048293117237091,0.1350387488698608
2012-07-23,-0.7916796223103466,-1.208863563543832,-0.8948968382666002,-1.0795097890613568,-0.8948968382666002,-0.9475709545866702,-0.6678935156300303,0.6267566243814531,1.4613511152638925,0.8008403511395575,1.165341384679295,0.8008403511395575,0.8978907139762934,0.4460817482206415
2012-07-25,-0.3575945043333284,-1.2502795870787382,-0.9395957401430144,-1.5851263861180669,-0.9395957401430144,-0.9696262134253424,-0.4603696377069761,0.1278738295293988,1.56319904586578,0.882840154894899,2.512625659967723,0.882840154894899,0.940174993761568,0.2119402033224524
2012-07-26,1.6576478035796094,1.357482972522977,1.6405659452859416,1.388789473945081,1.6405659452859416,1.6012713870776605,1.2730445578850464,2.747796240712303,1.8427600206898167,2.6914566208319552,1.928736202940655,2.6914566208319552,2.564070055073614,1.6206424463607334
2012-07-27,1.4461468969222484,2.216335204318654,1.8900849989626385,2.377077756847785,1.8900849989626385,1.9183874167392416,1.0818648199153778,2.091340847477848,4.91214173790221,3.572421303303597,5.650498662100499,3.572421303303597,3.6802102807034616,1.1704314885705327
2012-07-30,-0.0202604599016929,-0.4149784153764729,-0.0483532830113415,-0.1856631560999726,-0.0483532830113415,-0.0846939306260686,-0.0720958497899423,0.0004104862354281,0.1722070852283685,0.0023380399779748,0.0344708075330028,0.0023380399779748,0.0071730618848933,0.0051978115569339
2012-07-31,-0.4933036882261362,-0.2147702920235037,-0.4326098578733877,0.0155166378406538,-0.4326098578733877,-0.449764082025077,-0.7955609640691435,0.2433485288175089,0.046126278335861,0.1871512891292327,0.000240766049878,0.1871512891292327,0.2022877294798602,0.632917247550625
2012-08-01,-0.2895689865088371,-0.6590771212788943,-0.3035079985728768,-0.2804274943607654,-0.3035079985728768,-0.3948142397409053,-0.3966807072869315,0.0838501979477551,0.4343826517932743,0.0921171051977134,0.0786395795934571,0.0921171051977134,0.155878283902189,0.1573555835336602
2012-08-02,-0.7132138515517338,-0.35814912433857,-0.7401115480310585,-0.3653544976318162,-0.7401115480310585,-0.717805210023714,-0.9689144311783252,0.5086739980452586,0.1282707952644845,0.5477651035289298,0.1334839089397968,0.5477651035289298,0.5152443195371882,0.9387951749456172
2012-08-03,1.673081826121492,1.978059175608735,1.886129520593171,1.9044170602570551,1.886129520593171,1.913239101280843,1.3474190100163006,2.799202796898026,3.912718102209907,3.5574845684530247,3.626804339398124,3.5574845684530247,3.660483858669928,1.815537988553308
2012-08-07,0.5515308081858474,1.6030397955017248,0.7420333867837907,1.526407492431121,0.7420333867837907,0.8252799055301256,1.7080176459957912,0.304186232378134,2.569736585962212,0.5506135471018228,2.3299198329498627,0.5506135471018228,0.6810869224718131,2.917324279033004
2012-08-08,0.053435227887535,-0.1529755023222646,0.0620637278845504,-0.1156286608010678,0.0620637278845504,0.0651092152537157,-0.6975000089713285,0.0028553235793928,0.0234015043107491,0.0038519063189275,0.0133699871986484,0.0038519063189275,0.0042392099109546,0.4865062625150033
2012-08-09,-0.0793012375523942,0.245112388449259,0.0413544294347905,0.2057557092449931,0.0413544294347905,0.0588718315297976,0.6522248732261695,0.0062886862773412,0.0600800829713004,0.001710188833877,0.0423354118869101,0.001710188833877,0.0034658925476728,0.4253972852548929
2012-08-10,0.3242777520577459,0.0735160228490886,0.2186088947881674,0.1231036228496059,0.2186088947881674,0.1949589811221865,0.2758852430858783,0.1051560604796249,0.0054046056155477,0.047789848880504,0.015154501958698,0.047789848880504,0.038009004320201,0.0761126673525541
2012-08-13,-0.2920840093983207,0.0549361463865778,-0.1252678118812038,0.2098451878334481,-0.1252678118812038,-0.139217619589704,-0.4429988508394966,0.0853130685461983,0.0030179801798075,0.0156920246935046,0.0440350028568551,0.0156920246935046,0.0193815456042235,0.1962479818451145
2012-08-14,0.0205765260653285,-0.1834589470598578,-0.0128203302122782,-0.0326218235559783,-0.0128203302122782,-0.0402545330491078,0.1289890327140304,0.0004233934249171,0.0336571852563117,0.0001643608667518,0.0010641833721173,0.0001643608667518,0.0016204274310017,0.0166381705605012
2012-08-15,-0.0558605109311178,0.4613172067563172,0.113900904300378,0.2811509999134531,0.113900904300378,0.1825636772244225,0.4362975979067189,0.0031203966814855,0.2128135652494507,0.0129734160004438,0.0790458847523345,0.0129734160004438,0.0333294962417031,0.1903555939391729
2012-08-16,0.6460713098141428,1.0326153737660362,0.7075434332495446,1.1854284132569135,0.7075434332495446,0.7392154891985159,1.0622532316240367,0.4174081373649621,1.0662945101379706,0.5006177099345528,1.405240522956804,0.5006177099345528,0.5464395394710011,1.1283819280957097
2012-08-17,0.1891607174244743,0.4626183934527143,0.187036653705961,0.4401283871642428,0.187036653705961,0.2329502969145282,0.4751595323952317,0.0357817770165418,0.2140157779607704,0.0349827098295235,0.1937129971877976,0.0349827098295235,0.0542658408325668,0.2257765812260552
2012-08-20,-0.0268343801860318,-0.0123520998726818,-0.0021154395355287,0.1448434380925726,-0.0021154395355287,-0.0459340701068467,-0.1147070049037083,0.0007200839599685,0.0001525743712647,4.47508442847824e-06,0.0209796215584769,4.47508442847824e-06,0.0021099387965807,0.0131576969739793
2012-08-22,-0.7478345180762572,-0.082603242483637,-0.3277278838978747,-0.032688249583863,-0.3277278838978747,-0.3067675269093726,0.3551147727599821,0.5592564664263479,0.0068232956688105,0.1074055658841788,0.0010685216608569,0.1074055658841788,0.0941063155660926,0.1261065018323737
2012-08-23,-0.8791071181343785,-0.6616563528677267,-0.810497516365437,-0.7718091343936706,-0.810497516365437,-0.7989307884140037,-0.467134815511522,0.7728293251545321,0.4377891292902217,0.6569062240345418,0.5956893399335071,0.6569062240345418,0.6382904046758215,0.2182149358629836
2012-08-24,0.7667716700622793,0.5353431509952015,0.6433953540105122,0.5786946639795297,0.6433953540105122,0.6082612346933237,0.1633482438398324,0.587938794010097,0.286592289317471,0.4139575815623122,0.3348875141183808,0.4139575815623122,0.3699817296306466,0.0266826487655573
2012-08-27,-0.2533645912678561,0.1106954718127679,-0.0489089417419759,0.1618530727750893,-0.0489089417419759,-0.0461843997309905,-0.276904828823883,0.0641936161083278,0.0122534874798513,0.0023920845823199,0.0261964171667383,0.0023920845823199,0.0021329987785119,0.0766762842259839
2012-08-28,-0.1653273513876679,0.1284484098606577,-0.0808585232760488,0.0050312295616924,-0.0808585232760488,-0.0215600216435308,-0.3235420167907883,0.0273331331168614,0.0164989939957315,0.0065381007863833,2.531327090244781e-05,0.0065381007863833,0.0004648345332695,0.1046794366290507
2012-08-31,-0.0928211745271762,-0.331375118097083,-0.193190110798387,-0.3762428087265392,-0.193190110798387,-0.1942496563933906,-0.506195788864178,0.0086157704406045,0.1098094688938556,0.037322418910293,0.1415586511184351,0.037322418910293,0.0377329290089503,0.2562341766638275
2012-09-04,-0.4202495662414158,0.2637570276822246,-0.1166628859838312,-0.0075753886480993,-0.1166628859838312,0.027773063393109,-0.0632875384859696,0.1766096979260981,0.0695677696517617,0.0136102289660764,5.738651316975206e-05,0.0136102289660764,0.0007713430502376,0.004005312527613
2012-09-05,0.0884642682091172,-0.1884664955762973,-0.1068231608713828,-0.1834273250428809,-0.1068231608713828,-0.1142275103749759,0.404816897919683,0.0078259267497746,0.0355196199548105,0.0114111876985533,0.0336455835723867,0.0114111876985533,0.0130479241264652,0.1638767208413151
2012-09-06,1.8567939181669704,2.144776561053749,2.0229498271412947,2.24286023766577,2.0229498271412947,2.012177240181288,1.2398899488593331,3.4476836545418506,4.600066496845546,4.092326003130994,5.030422045702155,4.092326003130994,4.048857245903584,1.5373270852824004
2012-09-07,0.1100394644865918,0.0194508173942312,0.4041761017721236,-0.1626931012710095,0.4041761017721236,0.4139041241904713,1.0511516523618147,0.0121086837444959,0.0003783342973037,0.16335832124371,0.0264690452011789,0.16335832124371,0.1713166240218811,1.104919796262973
2012-09-10,-0.3941396808139616,-1.038397649277614,-0.616674434215865,-1.3097278854309664,-0.616674434215865,-0.5866183554436927,-0.4295154670627265,0.1553460879921316,1.0782696780252743,0.3802873578154572,1.7153871338754707,0.3802873578154572,0.3441210949434625,0.1844835364461121
2012-09-11,0.5197511063285738,0.0164289568787252,0.3129980477784836,-0.1241647746919318,0.3129980477784836,0.2967630800425589,0.0410871232844503,0.2701412125297764,0.000269910624123,0.0979677779131419,0.0154168912742981,0.0979677779131419,0.0880683256763462,0.0016881516997916
2012-09-12,0.0749426955932914,0.3145283706491398,0.2090505687952782,0.2435189858811369,0.2090505687952782,0.2204872753942311,0.0995376122900742,0.0056164076227887,0.0989280959432027,0.0437021403136293,0.0593014964845773,0.0437021403136293,0.0486146386107715,0.0099077362604091
2012-09-13,1.5369447277622346,1.3243917005634462,1.617821963021452,1.4110064562749896,1.617821963021452,1.556684630388922,1.0372242863996708,2.362199096196129,1.754013376521337,2.6173479040345846,1.990939219649704,2.6173479040345846,2.423267038489094,1.0758342202973064
2012-09-14,0.3943877305545896,0.8871028461150587,0.3951115279070497,0.8398770569704634,0.3951115279070497,0.471188769058312,1.1207846479772057,0.1555416820119995,0.7869514595854376,0.1561131194850433,0.7053934708253671,0.1561131194850433,0.2220188560866872,1.256158227141389
2012-09-17,-0.2966447032393816,-0.165969402919452,-0.3129529435335874,0.0423693952242013,-0.3129529435335874,-0.3910189234709861,-0.4217861143971659,0.0879980799599807,0.0275458427054394,0.0979395448663367,0.0017951656516645,0.0979395448663367,0.1528957985124089,0.1779035262982591
2012-09-18,0.0850901315649181,-0.0273736839922904,-0.1280598426683185,0.0329026818653855,-0.1280598426683185,-0.1663498482465742,-0.194213310410369,0.007240330489735,0.0007493185753097,0.0163993233042345,0.0010825864739347,0.0163993233042345,0.0276722720116582,0.0377188099405543
2012-09-19,0.0981348351257469,0.1515623472246765,0.118478151903211,0.2324602849505093,0.118478151903211,0.1129104264956469,0.1082108825739142,0.0096304458651575,0.0229711450962534,0.0140370724784003,0.054037784079272,0.0140370724784003,0.0127487644114288,0.0117095951074254
2012-09-24,-0.1402727355285874,-0.688592436137352,-0.285132855262643,-0.7025244336410599,-0.285132855262643,-0.3480540765809679,-0.9908888050866964,0.019676440332673,0.4741595431055732,0.0813007451502273,0.4935405798626919,0.0813007451502273,0.1211416402246302,0.9818606240461408
2012-09-25,-0.7504341791496071,-1.3713659667386413,-1.0557355654258944,-1.396851256446555,-1.0557355654258944,-1.1087252494503654,-0.4587582199104666,0.5631514572359446,1.8806446147290083,1.114577584105133,1.9511934326363192,1.114577584105133,1.229271678768775,0.2104591043354201
2012-09-26,-0.3278040272612401,-0.7737387327515165,-0.5753239448359475,-0.8198880190021733,-0.5753239448359475,-0.5862815221821819,-0.1986114191278521,0.1074554802886878,0.5986716265599227,0.3309976415015964,0.6722163637033082,0.3309976415015964,0.3437260232522562,0.0394464958079793
2012-09-27,0.5387216590219518,1.3771625130085834,0.9602673364694816,1.4267013126729673,0.9602673364694816,0.9772359477278268,0.8627047720033224,0.2902210258993641,1.8965765872361169,0.9221133574901924,2.035476635582768,0.9221133574901924,0.954990097531504,0.7442595236373045
2012-10-01,0.2158718823704747,-0.7382279975751003,-0.1839786937724584,-0.9729629380213112,-0.1839786937724584,-0.2373977525419517,0.2536724761949659,0.046600669598172,0.5449805764037422,0.03384815976222,0.946656878763062,0.03384815976222,0.0563576929119697,0.0643497251788855
2012-10-02,-0.2426395040350493,0.2088691509593321,0.0871899966661619,0.1791343038424388,0.0871899966661619,0.1022402735279195,0.1699418293754208,0.0588739289183747,0.0436263222224722,0.0076020955186453,0.0320890988131151,0.0076020955186453,0.0104530735310637,0.0288802253714646
2012-10-03,0.0908098420758388,0.4856714373017589,0.3617864023352092,0.6959639207777204,0.3617864023352092,0.3120876377751298,-0.256639347024033,0.0082464274178387,0.2358767450107563,0.1308894009146538,0.484365779024297,0.1308894009146538,0.0973986936520606,0.065863754440922
2012-10-04,0.5966068586400214,0.4528472945509071,0.7148798295437697,0.3456436798568787,0.7148798295437697,0.7194812580999291,0.7111689313472415,0.3559397437763145,0.205070672182076,0.5110531706885293,0.1194695534250044,0.5110531706885293,0.5176532807570569,0.5057612489135774
2012-10-05,0.2559330658638524,-0.4222322183002854,-0.0321661143027952,-0.590725301008393,-0.0321661143027952,-0.0327268943610963,-0.2307507416972812,0.065501734202471,0.1782800461707798,0.0010346589093404,0.3489563812514565,0.0010346589093404,0.0010710496145223,0.0532459047938454
2012-10-09,-1.008875120855964,-2.2954592735186874,-1.3402855668234563,-2.521623166377647,-1.3402855668234563,-1.357141218099544,-1.1778582798481965,1.017829009482136,5.26913327638294,1.7963654006352736,6.358583393212431,1.7963654006352736,1.8418322858647145,1.3873501274069524
2012-10-10,-0.958715315666694,-0.4329067707746753,-0.6207310017350925,-0.4891737324074887,-0.6207310017350925,-0.5929528793478174,-0.4994703267134466,0.9191350564938884,0.1874082721825573,0.3853069765150514,0.2392909404774733,0.3853069765150514,0.3515931171268672,0.249470607267237
2012-10-11,-0.1393592442859147,-0.0776897660687695,0.0195435192916343,-0.342527066109888,0.0195435192916343,0.0636990997499841,0.1761407159140622,0.0194209989679412,0.0060356997518201,0.0003819491463024,0.1173247910178476,0.0003819491463024,0.0040575753089584,0.0310255518027183
2012-10-12,0.0184388558315291,-0.1739553275119539,-0.2970544885050311,0.0341952626347631,-0.2970544885050311,-0.3523697449137123,-0.2611722965873768,0.0003399914043759,0.0302604559697911,0.0882413691409856,0.0011693159866604,0.0882413691409856,0.1241644371305547,0.0682109685047247
2012-10-16,1.6587577029086105,1.857088363235761,1.8262972439742795,2.1184674462681565,1.8262972439742795,1.8183141522966133,1.671409675682611,2.75147711695865,3.448777188865679,3.335361623348048,4.487904320897925,3.335361623348048,3.306266356442152,2.7936103039654507
2012-10-18,-0.0209694033862549,-0.9167481325179588,0.1661939907159468,-1.2389362736878695,0.1661939907159468,0.2149190403693017,0.4697316891309211,0.0004397158783754,0.840427138475165,0.0276204425500922,1.534963090259584,0.0276204425500922,0.0461901939132615,0.2206478597737883
2012-10-19,-1.5278023644079912,-2.2128108815099155,-1.6710127170061662,-2.428892900869015,-1.6710127170061662,-1.647513439105583,-0.4030211908722649,2.3341800646906483,4.896531997328689,2.7922835003963296,5.8995207238919,2.7922835003963296,2.7143005320335054,0.1624260802920985
2012-10-22,0.0178397369084114,0.3765832384628616,0.0439482255129832,0.604519343691845,0.0439482255129832,0.0181862270142442,-0.1002436875630428,0.0003182562129613,0.1418149354911765,0.00193144652574,0.365443636897619,0.00193144652574,0.0003307388530136,0.0100487968962369
2012-10-23,-1.840348576857152,-0.8822480162184568,-1.4549262064668258,-1.0648202121760222,-1.4549262064668258,-1.354794468651076,-1.4430171082353096,3.386882884340142,0.7783615621214025,2.1168102662639487,1.133842084258589,2.1168102662639487,1.8354680522875515,2.0822983746597954
2012-10-24,-0.1924295904563158,-0.2933614063402917,-0.3090162849686388,-0.3934934054998727,-0.3090162849686388,-0.3107646998775087,-0.2524072973900729,0.0370291472831854,0.0860609147299537,0.0954910643758189,0.1548370601718872,0.0954910643758189,0.096574698689958,0.0637094437757607
2012-10-25,0.2012208654165065,0.1481278191430457,0.2991085682646345,0.0794246834181345,0.2991085682646345,0.289257671605046,0.8590289707597095,0.0404898366789678,0.0219418508040748,0.0894659356093195,0.0063082803360709,0.0894659356093195,0.0836700005823726,0.7379307726044859
2012-10-26,0.0269551272453038,0.0612647678128545,-0.0729226804141564,0.3069417398867978,-0.0729226804141564,-0.1014526257181539,0.000569093430101,0.0007265788848105,0.0037533717751629,0.0053177173187851,0.0942132316847346,0.0053177173187851,0.0102926352651078,3.238673321842032e-07
2012-10-31,-0.0820599414762223,-0.3594195494618068,0.0155801848691562,-0.6741027643874105,0.0155801848691562,0.0891608181923744,0.9918696253558752,0.006733833995081,0.1291824125353282,0.000242742160557,0.4544145369547486,0.000242742160557,0.0079496515007336,0.9838053537036044
2012-11-01,1.0342898307958055,1.4283360704216514,1.0867260747050345,1.4844409148532494,1.0867260747050345,1.191399459738122,0.6167095545537372,1.069755454087616,2.040143930067565,1.1809735614438122,2.203564829690352,1.1809735614438122,1.4194326726642887,0.3803306746778689
2012-11-02,-1.0595074529478044,-1.2638888444023595,-0.9423707658092244,-1.1692187542096808,-0.9423707658092244,-1.0102483332719507,-0.959405948372104,1.122556042851944,1.5974150110047316,0.8880626602518643,1.367072495195638,0.8880626602518643,1.0206016948787544,0.920459773771776
2012-11-05,0.1471109723473135,0.5861138617002438,0.2161429927531073,0.6241118811804627,0.2161429927531073,0.2573451988559716,-0.2234245683127908,0.021641638184972,0.3435294588771725,0.0467177933162698,0.3895156402306159,0.0467177933162698,0.0662265513742195,0.0499185377257569
2012-11-06,1.0110072131132786,0.4082120383670593,0.7822505758014995,0.3040742281207259,0.7822505758014995,0.8075496034889107,0.0681395738426867,1.0221355849670783,0.1666370682677895,0.6119159633417774,0.0924611362072152,0.6119159633417774,0.6521363620950968,0.0046430015234629
2012-11-07,-2.3909494428463773,-2.5093681742650484,-2.3990494932418174,-2.5828166918314053,-2.3990494932418174,-2.383405203717976,-1.062234413223873,5.716639238247402,6.296928634014303,5.755438471023821,6.670942063602924,5.755438471023821,5.680620365109925,1.1283419486370658
2012-11-08,-0.9432428449532776,-1.4301951171451266,-1.227991939441856,-1.5474942678944796,-1.227991939441856,-1.241669196630486,-0.3238114602405318,0.889707064555553,2.0454580731057623,1.5079642033341714,2.394738509166272,1.5079642033341714,1.5417423938609969,0.1048538617831055
2012-11-09,0.0317649805451154,0.3203202490613819,0.1697276062425998,0.4471885621732174,0.1697276062425998,0.1635169069726278,0.0471546291005215,0.0010090139890315,0.1026050619587457,0.028807460320843,0.1999776101385495,0.028807460320843,0.026737778865895,0.0022235590456077
2012-11-12,-0.0023969903073034,-0.0213457460804359,0.0130440454117717,-0.0514818460450941,0.0130440454117717,-0.0031420357252004,-0.0437915627054766,5.745562533306889e-06,0.0004556408757304,0.0001701471207043,0.0026503804722107,0.0001701471207043,9.872388498435892e-06,0.0019177009641876
2012-11-13,-0.4606905654124038,-0.7035104186329197,-0.399338355969097,-0.8128909228775867,-0.399338355969097,-0.3935339660988726,-0.4669885968145696,0.2122357970600003,0.494926909125066,0.1594711225481012,0.6607916524967746,0.1594711225481012,0.1548689824735086,0.2180783495548407
2012-11-14,-1.462730762039641,-1.294100807227646,-1.394884192572606,-1.1775397020881342,-1.394884192572606,-1.4360850456603789,-1.7027187384089433,2.139581282217069,1.6746968992672446,1.9457019106889315,1.386599749993812,1.9457019106889315,2.0623402583693724,2.8992511021289435
2012-11-15,-0.2275119006811559,-0.3473062650935735,-0.1594790689528523,-0.2970594898817491,-0.1594790689528523,-0.1921907122862232,-0.9975159762744704,0.0517616649515521,0.1206216417732475,0.0254335734340686,0.088244340528805,0.0254335734340686,0.0369372698890858,0.9950381229228096
2012-11-16,0.3654791860103433,0.5690630762157995,0.4828238672569408,0.3874655931212963,0.4828238672569408,0.5116900096007914,0.5600902813897363,0.1335750354067831,0.3238327847121889,0.233118886792948,0.1501295858528379,0.233118886792948,0.2618266659252579,0.3137011233072339
2012-11-19,1.6361272728473468,2.182018208118929,1.966736976809187,2.4044090151256503,1.966736976809187,1.9678151120227485,1.3603285596444217,2.6769124529548964,4.761203460562544,3.868054335948541,5.7811827120174994,3.868054335948541,3.8722963151051024,1.8504937901842669
2012-11-20,-0.0582318016282232,0.0209163774282719,0.0663134777607575,-0.0450824496267698,0.0663134777607575,0.0937881082910244,0.0488236661657484,0.0033909427208687,0.0004374948447219,0.0043974773327264,0.0020324272643502,0.0043974773327264,0.0087962092568089,0.0023837503778644
2012-11-21,0.3776032009465704,0.3378271739076,0.2317514819985913,0.2240556533508294,0.2317514819985913,0.249672434796655,0.4454512686250744,0.142584177365096,0.1141271994303958,0.0537087494085433,0.050200935798467,0.0537087494085433,0.0623363246972899,0.1984268327196882
2012-11-23,1.3370613238479454,1.3676529054779114,1.2942205804867957,1.4927558694428835,1.2942205804867957,1.2760331712909094,0.9310197919135668,1.7877329837300204,1.870474469862173,1.6750069109555783,2.228320085756179,1.6750069109555783,1.628260654234735,0.866797852934781
2012-11-26,-0.3257823579703252,0.3341395490288837,-0.2031654720931559,0.4566028124717484,-0.2031654720931559,-0.1786539825247667,-0.2310818712645435,0.106134144764705,0.1116492382252257,0.0412762090508349,0.2084861283571106,0.0412762090508349,0.0319172454719596,0.053398831227123
2012-11-28,0.1367095091781645,0.5026348593366639,0.25850267571308,0.5115735614910524,0.25850267571308,0.2863082075843818,-0.3676822346115761,0.0186894898997346,0.2526418018203878,0.0668236333508218,0.2617075088166395,0.0668236333508218,0.0819723897301814,0.1351902256489621
2012-12-03,-0.1503314727069015,0.3476825246892102,-0.0333405456041076,0.2462007835199809,-0.0333405456041076,0.0276637928823888,0.2419574632900153,0.0225995516862258,0.1208831379742632,0.0011115919811795,0.0606148258058525,0.0011115919811795,0.0007652854366397,0.0585434140417391
2012-12-04,-0.1066711210162829,-0.1837007029467516,-0.1711338208049227,-0.1479475823869859,-0.1711338208049227,-0.1383955565268844,-0.267907406407543,0.0113787280588704,0.0337459482631306,0.0292867846232913,0.021888487134154,0.0292867846232913,0.019153330066386,0.0717743784080164
2012-12-10,1.6699099579212284,-0.3252198432734539,0.813990904395106,-0.7645659636450993,0.813990904395106,0.8061469886232079,0.765691035332047,2.788599267564479,0.1057679464588099,0.6625811924379627,0.5845611127645594,0.6625811924379627,0.6498729672662664,0.586282761587862
2012-12-11,0.5947536695126168,1.1761983146966448,0.652758967448202,1.2946646262654062,0.652758967448202,0.6542235819313253,0.4233707614139535,0.3537319273987229,1.3834424754952277,0.4260942695840429,1.676156494502944,0.4260942695840429,0.4280084951550535,0.1792428016202307
2012-12-12,-0.0226091409714703,-0.2813071862080388,0.0448129068669023,-0.2800264681190364,0.0448129068669023,-0.0030330143615501,0.5742147542982069,0.0005111732554678,0.0791337330122842,0.0020081966218616,0.0784148228472217,0.0020081966218616,9.1991761173692e-06,0.3297225840537501
2012-12-13,-0.5657304762607037,-0.7209524448349767,-0.634146925043068,-0.7716915962697579,-0.634146925043068,-0.635927353412521,-0.5187847491307374,0.3200509717701627,0.51977242771353,0.4021423225415785,0.595507919753367,0.4021423225415785,0.4044035988182534,0.2691376159306421
2012-12-14,-0.2714988881068162,-0.6985870593475533,-0.4143978990863184,-0.9814357189124484,-0.4143978990863184,-0.3914737237924472,0.0614173433406502,0.0737116462432375,0.4880238794878619,0.1717256187671546,0.9632160703571944,0.1717256187671546,0.1532516764199252,0.0037720900630233
2012-12-17,0.7612483607293504,1.3129730419469303,1.1800667190939216,1.366899890209865,1.1800667190939216,1.1698534025052776,-0.1250708619803778,0.5794990667131232,1.7238982088793755,1.3925574615130925,1.868415309855741,1.3925574615130925,1.368556983353175,0.0156427205165147
2012-12-18,0.8694526195383232,1.4486340189912554,1.1421148426265304,1.5319733841638683,1.1421148426265304,1.174287852533934,0.4305390736849678,0.7559478576220522,2.098540520978757,1.3044263137478245,2.346942449786495,1.3044263137478245,1.3789519606087584,0.1853638939695101
2012-12-19,-0.7442018342440224,-0.3335036187335274,-0.7618159372240999,-0.5336923707852128,-0.7618159372240999,-0.6878453191899025,0.5601929439042115,0.5538363700921675,0.111224663708358,0.5803635222086337,0.284827546634341,0.5803635222086337,0.4731311831314589,0.313816134400067
2012-12-20,0.4498391149956373,0.1978752850410391,0.5473186088517688,0.0950870526688165,0.5473186088517688,0.5560495834731313,-0.1203597708094681,0.2023552293800581,0.0391546284300725,0.2995576595954354,0.0090415475852422,0.2995576595954354,0.3091911392806428,0.0144864744293076
2012-12-21,-0.91218977071823,-0.9678238736000012,-0.942300210722798,-1.0779803615436154,-0.942300210722798,-0.906291487399422,-0.024299266984034,0.8320901778029771,0.9366830503101108,0.8879296871282297,1.1620416598737038,0.8879296871282297,0.8213642601326568,0.0005904543759613
2012-12-24,-0.3931661888777364,-0.278771927467666,-0.24432858581227,-0.2487451308124247,-0.24432858581227,-0.2452948552138842,-0.1203724419778032,0.1545796520766439,0.0777137875440376,0.0596964578450238,0.0618741401028903,0.0596964578450238,0.0601695659944004,0.0144895247876996
2012-12-27,-0.3260869669703579,-0.8898935280214371,-0.6018100532318258,-0.9491678690435082,-0.6018100532318258,-0.6296119954649175,0.0240052667252933,0.1063327100279272,0.7919104912144402,0.362175340170893,0.9009196436245944,0.362175340170893,0.3964112648333153,0.0005762528305524
2012-12-28,-1.2153182889297585,-0.8610565424439939,-1.11115011894783,-1.0146480650555505,-1.11115011894783,-1.06132709985717,-0.4669936137478704,1.476998543407156,0.7414183692856054,1.234654586837777,1.0295106959209726,1.234654586837777,1.1264152128912313,0.2180830352812951
2013-01-02,3.601377749445512,5.00551578021596,4.188615147734249,5.236183883865311,4.188615147734249,4.1941387502122405,1.80759633904519,12.969921694201222,25.055188225990992,17.544496855828807,27.417621665650813,17.544496855828807,17.590799856031893,3.267404524929574
2013-01-03,-0.1581526360428285,-0.3763184827434987,-0.2087762027968517,-0.51873451928434,-0.2087762027968517,-0.1716586191613349,-0.5623893075733168,0.0250122562872953,0.1416156004543689,0.0435875028542721,0.2690855014971553,0.0435875028542721,0.0294666815323762,0.3162817332727948
2013-01-04,0.3269164804691213,0.0351486485093697,0.4853316610966445,-0.2847850919096452,0.4853316610966445,0.5170413184778081,0.5627082667457534,0.1068743852023174,0.0012354274920352,0.2355468212628282,0.081102548573985,0.2355468212628282,0.2673317250132702,0.3166405934640099
2013-01-07,-0.3796896574874746,-0.0919285215703895,-0.3128033257148679,-0.0099106027012235,-0.3128033257148679,-0.3158161447873309,-0.3295482759912714,0.1441642360029558,0.0084508530781175,0.0978459205782817,9.822004590150004e-05,0.0978459205782817,0.0997398373083323,0.1086020662088192
2013-01-09,0.046464804696453,0.2256384104073023,-0.0595297170075394,0.1258284020915445,-0.0595297170075394,-0.0177388836794414,0.1813619746577775,0.0021589780754795,0.0509126922511342,0.0035437872069977,0.0158327867729114,0.0035437872069977,0.0003146679941927,0.0328921658517683
2013-01-10,0.6009457667921427,0.5122394409340677,0.7568716794297315,0.604187274989943,0.7568716794297315,0.6836223105231976,0.6169915417076999,0.3611358146253964,0.2623892448484462,0.5728547391227823,0.3650422632597729,0.5728547391227823,0.4673394634450751,0.3806785625388443
2013-01-14,0.2675747387824148,-0.1365546767397145,-0.0978659857912751,-0.3094960754251865,-0.0978659857912751,-0.0822585903782134,0.0265843162829777,0.0715962408344775,0.0186471797394879,0.009577751174898,0.0957878207035927,0.009577751174898,0.0067664756910107,0.0007067258722333
2013-01-15,0.2039003047654583,-0.2157899968420743,0.1128093030996665,-0.4660475801193035,0.1128093030996665,0.1615153423585283,0.3080209018326943,0.0415753342834468,0.0465653227371024,0.0127259388658324,0.2172003469350586,0.0127259388658324,0.0260872058171926,0.0948768759658263
2013-01-16,-0.1749086698462623,0.2170730680012171,0.0196945979712997,0.4305841883871847,0.0196945979712997,-0.0117377780520956,-0.2625661933345505,0.0305930427873887,0.047120716851461,0.0003878771892511,0.1854027432890506,0.0003878771892511,0.0001377754336002,0.0689410058821965
2013-01-17,0.6255332661132427,0.5903873204515446,0.5627103422306787,0.4531299937727901,0.5627103422306787,0.6027110904271173,0.5213678403507229,0.3912918670143008,0.3485571881499548,0.3166429292533675,0.2053267912565288,0.3166429292533675,0.3632606585238448,0.2718244249519769
2013-01-18,0.3940441494361559,-0.0411436669275923,0.3397465956591006,-0.1424307075090225,0.3397465956591006,0.3348916189209512,0.4012537459873266,0.1552707917048636,0.0016928013282486,0.1154277492619483,0.0202865064415207,0.1154277492619483,0.1121523964234956,0.161004568668862
2013-01-22,0.4569243217677375,0.2698360480759275,0.441827922681335,0.1074792932592921,0.441827922681335,0.4785461357725172,0.7744755803046474,0.2087798358229069,0.0728114928412342,0.1952119132609037,0.0115517984795169,0.1952119132609037,0.2290064040628085,0.5998124244882203
2013-01-23,0.4882909039637662,0.3331827724716009,0.1506341983383368,0.5802106191237599,0.1506341983383368,0.1243367662026807,-0.2387321635909927,0.2384280068937519,0.1110107598718625,0.0226906617090334,0.3366443625439768,0.0226906617090334,0.0154596314297401,0.0569930459328365
2013-01-24,0.3332807635494341,-0.7412451090582021,0.0006689791044299,-1.4087769676068804,0.0006689791044299,0.0635544278383132,0.2308563825882411,0.1110760673520938,0.5494443117027059,4.475330421638823e-07,1.9846525444596368,4.475330421638823e-07,0.0040391652978553,0.0532946693817283
2013-01-25,0.5097303107694351,0.6155982173596023,0.5430698720872255,0.4834944018908285,0.5430698720872255,0.5701795093659652,-0.0545236506911525,0.2598249897171049,0.3789611652163202,0.2949248859688354,0.23376683665977,0.2949248859688354,0.3251046729008128,0.0029728284846908
2013-01-28,-0.1011851751652029,0.1456216221457837,-0.1851396068166124,0.2080611647131393,-0.1851396068166124,-0.1810683524581252,-0.00561785917579,0.0102384396732128,0.0212056568363694,0.0342766740122098,0.043289448261788,0.0342766740122098,0.0327857482618998,3.1560341719008385e-05
2013-01-29,0.5208660763725649,-0.0202918218313434,0.5093062252180288,0.0419248239374166,0.5093062252180288,0.4563531304392401,0.1142457546277781,0.2713014695157505,0.0004117580332349,0.2593928310458375,0.0017576908621833,0.2593928310458375,0.208258179661694,0.0130520924504704
2013-01-30,-0.3158375915263491,-0.360548487218888,-0.3907241332048655,-0.1776630306305719,-0.3907241332048655,-0.4362182265153929,-0.2819123818290591,0.0997533842211649,0.1299952116358286,0.1526653482686934,0.0315641524528395,0.1526653482686934,0.1902863411442346,0.0794745910285332
2013-01-31,-0.3589376999906814,-0.0057284340386477,-0.2566608188130461,-0.2625114848069123,-0.2566608188130461,-0.1813602512214684,-0.8571588700924849,0.1288362724746004,3.281495653513867e-05,0.0658747759137833,0.0689122796555297,0.0658747759137833,0.0328915407231141,0.7347213285782255
2013-02-01,1.0707784673149232,1.1697223968819137,1.000247440417763,1.1802542250967898,1.000247440417763,0.983449973480889,0.6567932003803412,1.146566526065296,1.368250485767169,1.0004949420622864,1.3930000358588237,1.0004949420622864,0.9671738503395614,0.431377308065851
2013-02-04,-0.9301470377131617,-1.519140124429945,-1.1605777551404992,-1.7622051589593124,-1.1605777551404992,-1.1449356767208771,-0.4018611373247398,0.8651735117665698,2.3077867176530287,1.3469407257269606,3.105367022262816,1.3469407257269606,1.3108777038282928,0.1614923736919334
2013-02-05,0.7122921606794475,1.2823149808317214,1.036258025857612,1.4371430403140706,1.036258025857612,1.0050335853501506,0.2201603432859665,0.5073601221653958,1.644331710065458,1.0738306961543151,2.06538011832317,1.0738306961543151,1.0100925076817786,0.0484705767557946
2013-02-06,0.0516256568594113,-0.0977908804347418,0.0549048935374554,-0.3141055489638577,0.0549048935374554,0.1028042811428815,0.1249841384249716,0.0026652084461656,0.0095630562962019,0.0030145473343593,0.0986622958898864,0.0030145473343593,0.0105687202213046,0.0156210348578324
2013-02-07,-0.3040961593112538,-0.1057848624212593,-0.1807043989846203,0.0054616455951863,-0.1807043989846203,-0.1771176009374839,-0.0444400734500727,0.0924744741078554,0.0111904371174847,0.0326540798123928,2.982957260741801e-05,0.0326540798123928,0.0313706445618498,0.0019749201282478
2013-02-08,0.3502072163285356,0.9039218647313458,0.5641968905585326,1.052515484041684,0.5641968905585326,0.56738145281544,0.3545782489200164,0.1226450943685817,0.8170747375393935,0.3183181313159168,1.1077888441475003,0.3183181313159168,0.3219217129989593,0.1257257346071851
2013-02-11,-0.1554352037021975,-0.05856680619718,-0.0606272300724343,-0.0331519587916149,-0.0606272300724343,-0.0739476711740257,-0.4155097021382232,0.0241601025499436,0.003430070788138,0.0036756610262558,0.0010990523717209,0.0036756610262558,0.0054682580720618,0.1726483125709949
2013-02-13,0.0835146855236568,0.1527654596439397,0.2186124254925984,-0.0313603359207441,0.2186124254925984,0.2784409117957118,0.2125890620315084,0.0069747026981153,0.0233372856602241,0.0477913925797569,0.0009834706690619,0.0477913925797569,0.0775293413616273,0.0451941092954365
2013-02-14,-0.0681251804555903,0.0556637921414118,0.0690401150476242,-0.08439732160776,0.0690401150476242,0.0907518283549446,-0.4195782375969894,0.0046410402121067,0.0030984577555623,0.0047665374857891,0.0071229078945636,0.0047665374857891,0.0082358943497653,0.1760458974649957
2013-02-15,0.0598867144468271,-0.207489406577827,-0.1045650289114732,-0.2442153631539855,-0.1045650289114732,-0.107776968853484,-0.2767588259519102,0.0035864185672358,0.0430518538420188,0.0109338452712572,0.059641143600433,0.0109338452712572,0.0116158750152448,0.0765954477422797
2013-02-19,0.3848351226518224,0.6731614243499973,0.7309758416980312,0.6557897006379929,0.7309758416980312,0.7407441277861817,0.9693826194588036,0.1480980716264432,0.4531463032329171,0.5343256811461452,0.4300601314628683,0.5343256811461452,0.5487018628497111,0.9397026629088115
2013-02-20,-0.7733625545006431,-1.5422067966282662,-1.248171740825915,-1.5524905094311583,-1.248171740825915,-1.3156219134177345,-0.7534828037766448,0.5980896407037601,2.3784018035664185,1.5579326945963952,2.410226781873818,1.5579326945963952,1.730861019064941,0.5677363355871138
2013-02-22,0.5230042925926389,-0.0818813146125331,0.2411191734820474,-0.0989544141930254,0.2411191734820474,0.2138306421394707,-0.097734949359167,0.2735334900703267,0.0067045496826766,0.0581384558206657,0.0097919760882848,0.0581384558206657,0.0457235435177783,0.0095521203262389
2013-02-25,-1.5577896616160725,-1.4517455315098795,-1.8479275284333248,-1.33537588649652,-1.8479275284333248,-1.8743721286149253,-0.4004344173321491,2.426708629837917,2.1075650882589025,3.414836150341699,1.7832287582363666,3.414836150341699,3.513270876528447,0.1603477225841377
2013-02-26,0.8377442235353985,0.4290821357725577,0.6090899595964322,0.4451437811246709,0.6090899595964322,0.601784017231492,0.0756183734150555,0.7018153840669277,0.1841114792391397,0.3709905788811834,0.1981529858739689,0.3709905788811834,0.3621440033952726,0.0057181383979387
2013-02-27,1.25287820504244,1.0365784632478672,1.2645666418416044,1.0355263151489622,1.2645666418416044,1.2697400416624944,0.5666969184082595,1.5697037966703664,1.07449491046931,1.5991287916585526,1.0723147493659877,1.5991287916585526,1.6122397734010732,0.3211453973334175
2013-02-28,-0.1485138181779843,-0.0654809472265922,-0.0864495363458183,-0.0978130826327798,-0.0864495363458183,-0.0740782984471399,0.7000046584704785,0.0220563541898033,0.0042877544496917,0.0074735223344069,0.009567399134127,0.0074735223344069,0.0054875943008235,0.4900065218803713
2013-03-01,0.2499442128916624,0.3017413224439466,0.2321227071633307,0.3342857079077276,0.2321227071633307,0.1850929552421786,-0.3806224181451677,0.0624721095580326,0.0910478256702217,0.0538809511808333,0.1117469345113706,0.0538809511808333,0.0342594020802831,0.1448734251946748
2013-03-05,1.1580368413187154,1.7013580814085365,1.412062089027738,1.856912919129662,1.412062089027738,1.418062801179704,-0.2907193033088466,1.3410493258514278,2.894619321174136,1.99391934326938,3.448125589230643,1.99391934326938,2.010902108089629,0.0845177133163811
2013-03-06,0.2974983621162647,-0.0546032744506002,0.1083975765368935,-0.2392786304228801,0.1083975765368935,0.1205376685952996,0.7503164111704771,0.0885052754618601,0.0029815175807275,0.0117500345990717,0.0572542629770492,0.0117500345990717,0.0145293295503902,0.5629747168717445
2013-03-07,0.232325591793255,0.3011873138207329,0.1814811952149328,0.2478519880050201,0.1814811952149328,0.1987098511420762,-0.0424031359730485,0.0539751806020861,0.0907137980065486,0.0329354242166405,0.0614306079580406,0.0329354242166405,0.0394856049409061,0.0017980259403488
2013-03-08,0.4705060113300671,0.3792199663497011,0.4471100410919991,0.1648940340787047,0.4471100410919991,0.4936628860027182,0.0708436936464563,0.2213759066977292,0.1438077828782684,0.1999073888452891,0.027190042474749,0.1999073888452891,0.2437030450165327,0.0050188289294729
2013-03-11,0.3482432220000611,0.2616497112401623,0.3243872317394853,0.275998800551163,0.3243872317394853,0.291703336401694,0.178095407486994,0.1212733416689838,0.0684605713920603,0.1052270761156065,0.0761753379056806,0.1052270761156065,0.0850908364678798,0.0317179741679584
2013-03-12,0.019134140427921,-0.3248560635785091,-0.2406151641788823,-0.3937525019889487,-0.2406151641788823,-0.2332945567362203,0.1561172587274353,0.0003661153299154,0.1055314620437243,0.0578956572328305,0.155041032822557,0.0578956572328305,0.0544263502027495,0.0243725984725689
2013-03-13,0.0361323560884974,0.0863206495586139,0.1313164012325626,-0.0760783608055563,0.1313164012325626,0.1639185219851713,-1.049626206783088,0.0013055471565059,0.007451254540221,0.0172439972326713,0.0057879169828604,0.0172439972326713,0.026869281849803,1.1017151739658535
2013-03-14,0.5784619119545128,0.4246591201970877,0.5587377217302528,0.3075289884576929,0.5587377217302528,0.5895476464663237,0.4368935567487154,0.3346181835820705,0.1803353683665646,0.3121878416843134,0.0945740787418118,0.3121878416843134,0.3475664274539814,0.190875979928543
2013-03-15,-0.1723409157253139,-0.3030119097796912,-0.1619754958109597,-0.2814486644851441,-0.1619754958109597,-0.1546619839892317,0.2350377243639589,0.0297013912330397,0.0918162174683357,0.0262360612432062,0.0792133507404712,0.0262360612432062,0.0239203292914853,0.0552427318741883
2013-03-18,-0.4284365082429195,-0.353957567860431,-0.5525585891369138,-0.254305170753248,-0.5525585891369138,-0.5376506036822055,-0.3769362246999168,0.1835578415953853,0.1252859598456716,0.3053209944289767,0.0646711198718386,0.3053209944289767,0.28906817163984,0.1420809174910262
2013-03-19,0.0260342914441724,-0.2625765230112939,-0.2425463381520003,-0.1803006813299635,-0.2425463381520003,-0.244839029437725,-0.0617476481752832,0.0006777843310001,0.0689464304367006,0.0588287261509445,0.032508335688049,0.0588287261509445,0.0599461503360071,0.0038127720551785
2013-03-20,0.3859984833054183,0.7739936129531363,0.6675166801552446,0.6665284867774651,0.6675166801552446,0.6995364968823999,0.411556328819516,0.1489948291140833,0.5990661128922493,0.445578518285479,0.4442602236858575,0.445578518285479,0.4893513104704999,0.1693786117913975
2013-03-21,-0.6237462335597437,-0.9754909609150944,-0.8316980404400767,-1.1131215355641582,-0.8316980404400767,-0.83333815591443,-0.6153042628908586,0.3890593638799663,0.951582614827054,0.6917216304718634,1.2390395529367093,0.6917216304718634,0.6944524821028627,0.3785993359316628
2013-03-25,0.1819517404338554,0.3933172199088531,0.3803083851208597,0.5247752100227729,0.3803083851208597,0.3480685727802186,-0.5282257692682885,0.0331064358469091,0.1546984354768291,0.1446344677932361,0.2753890210544454,0.1446344677932361,0.1211517313572583,0.2790224633190751
2013-03-26,0.7714686142283853,0.5296122913132663,0.7754912943538612,0.6093711616518502,0.7754912943538612,0.7532366481879158,0.2022288395278225,0.5951638227394652,0.280489179110088,0.601386747618627,0.3713332126529254,0.601386747618627,0.5673654481733661,0.0408965035367698
2013-03-27,-0.2302347879100756,0.1241358278934862,-0.0588494941215648,0.1239210482485873,-0.0588494941215648,-0.0386313470588228,-0.0529795497951917,0.0530080575639975,0.0154097037668012,0.003463262958364,0.0153564261990287,0.003463262958364,0.0014923809755792,0.0028068326965012
2013-03-28,0.3599043876521455,0.3372146836548524,0.4048485114815581,0.309487212865553,0.4048485114815581,0.4158811783402996,0.3948994406753028,0.1295311682512658,0.1137137428724422,0.1639023172488332,0.0957823349272881,0.1639023172488332,0.1729571544977161,0.155945568245667
2013-04-01,-0.038988670627667,-0.8714163238170876,-0.4483682336422099,-0.7699797290157282,-0.4483682336422099,-0.5235758330116119,-0.4304185376823267,0.0015201164373127,0.7593664094148872,0.2010340729394353,0.5928687830951342,0.2010340729394353,0.2741316529138033,0.1852601175805925
2013-04-02,0.6099550374226191,0.4832139835990193,0.5158962029794233,0.8384278219686785,0.5158962029794233,0.4053221238032136,-0.1027692621237311,0.3720451476772287,0.2334957539456333,0.2661488922485863,0.702961212651142,0.2661488922485863,0.1642860240443476,0.0105615212374561
2013-04-03,-0.7644782929272443,-1.120278158059805,-1.060209550620146,-0.9110301166005648,-1.060209550620146,-1.1234829555635353,-2.0712796067762875,0.5844270603569536,1.2550231514258687,1.124044291226172,0.8299758733532386,1.124044291226172,1.2622139514417765,4.290199209447333
2013-04-04,0.3824439408949371,0.1980266275861076,0.4040253820290203,-0.0042934117603096,0.4040253820290203,0.4304067734291132,-0.4766569028176671,0.1462633679272502,0.0392145452331269,0.1632365093236958,1.843338454356488e-05,0.1632365093236958,0.18524999061366,0.2272018030037309
2013-04-05,-0.2801048604024357,-0.6570415807450737,-0.4304176550396904,-0.832459398685536,-0.4304176550396904,-0.3998006324854362,-0.2526838869626936,0.078458732821068,0.4317036388279852,0.1852593577698659,0.6929886504598841,0.1852593577698659,0.1598405457357548,0.0638491467305753
2013-04-08,0.3305666301963371,0.5723540432084135,0.6283011989032715,0.5174646479491148,0.6283011989032715,0.6571582939372665,0.1030133728849563,0.1092742969993619,0.3275891507770185,0.3947623965432884,0.2677696618771014,0.3947623965432884,0.4318570232905388,0.010611754993135
2013-04-09,0.4095840843079501,0.483274445218289,0.3538040782594966,0.6632348845063152,0.3538040782594966,0.2952825955763278,1.1236349325429156,0.167759122118382,0.233554189401045,0.125177325793052,0.4398805120261052,0.125177325793052,0.0871918112502931,1.2625554616307224
2013-04-10,0.8738504202027567,1.817616996892233,1.2115446292433605,1.925947790384548,1.2115446292433605,1.240551010049714,0.4065722161116208,0.7636145568885345,3.3037315473915427,1.467840388648432,3.7092748912871234,1.467840388648432,1.5389668085353658,0.1653009669139145
2013-04-11,0.4240047050209725,0.0882164421710069,0.3545946942665359,-0.0048965772934509,0.3545946942665359,0.347760287444433,-0.428041913078821,0.1797799898799219,0.0077821406693106,0.125737397201978,2.397646919073921e-05,0.125737397201978,0.1209372175234346,0.183219879352177
2013-04-12,-0.000516579118927,-0.1579958813059153,-0.2840786017135281,-0.0906299543274422,-0.2840786017135281,-0.2960631228347781,-1.158643299158296,2.668539861114413e-07,0.0249626985096328,0.0807006519515133,0.0082137886213942,0.0807006519515133,0.0876533727026809,1.342454294684421
2013-04-15,-1.8047154640977003,-2.410029043779955,-2.323413047999696,-2.0874660296662264,-2.323413047999696,-2.4507656081823064,-2.7337465777630525,3.256997906353378,5.808239991862924,5.3982481916152345,4.357514425010479,5.3982481916152345,6.00625206624919,7.4733703514312015
2013-04-16,1.0736194891996111,1.4855730288092774,1.4205865503323178,1.4528598952676828,1.4205865503323178,1.4474355680471716,0.9537146171128876,1.152658807589234,2.2069272239255704,2.018066146985075,2.110801875277222,2.018066146985075,2.095069723648038,0.9095715708947816
2013-04-17,-0.9408863255938362,-1.8537312229901264,-1.4431354089724242,-2.00811318357292,-1.4431354089724242,-1.4697395717082915,-1.4345905542549986,0.8852670776894704,3.4363194470884704,2.082639808630006,4.032518558039367,2.082639808630006,2.160134408645272,2.058050058357664
2013-04-18,-0.5586672648642629,-1.2026457809276951,-0.6723540175262234,-1.4493558293996676,-0.6723540175262234,-0.6658298482845177,0.4097128849272627,0.3121091128309164,1.4463568743831856,0.4520599248836531,2.1006323202147983,0.4520599248836531,0.4433293868665839,0.1678646480754204
2013-04-19,0.0712910630624192,1.2460105778161166,0.8808979549016325,1.3947035531383964,0.8808979549016325,0.9414923782289788,0.5752681178888086,0.0050824156725698,1.5525423600296526,0.7759812069498785,1.945198001136868,0.7759812069498785,0.8864078982632587,0.3309334074593322
2013-04-22,0.1350496076230576,0.8537835983631266,0.4650798215427388,1.0593012427221078,0.4650798215427388,0.4383781505767216,0.2080623430529971,0.0182383965191418,0.7289464328338886,0.2162992404062258,1.122119122832602,0.2162992404062258,0.1921754029030667,0.043289938596703
2013-04-23,1.0399743494705114,1.100446604395429,1.0365294248898438,0.8963046060271653,1.0365294248898438,1.060221698224218,0.0021503935634594,1.0815466475566131,1.21098272912543,1.0743932486624703,0.8033619467855121,1.0743932486624703,1.1240700493854443,4.6241924777679474e-06
2013-04-24,-0.2936414538301045,0.0097874592139948,0.0006333984678094,-0.0440956777507128,0.0006333984678094,0.0465568481207904,1.4735891122447318,0.0862253034074574,9.579435786561356e-05,4.01193619023381e-07,0.0019444287962947,4.01193619023381e-07,0.0021675401069423,2.171464871726217
2013-04-25,0.1667812753170047,0.6201579717473761,0.4026617744745674,0.5117224924659509,0.4026617744745674,0.4234921152842745,0.4803272982641587,0.0278159937963665,0.3845959099218193,0.1621365046230074,0.2618599092955652,0.1621365046230074,0.1793455717079493,0.2307143134577461
2013-04-26,0.0798936823192342,-0.3266738072737917,-0.1843784067197909,-0.2851012879945663,-0.1843784067197909,-0.2238175457354558,-0.8905255694553033,0.0063830004745267,0.1067157763587544,0.0339953968645286,0.0812827444161606,0.0339953968645286,0.0500942937790428,0.7930357898536922
2013-04-29,0.7192947290767635,0.842969457256433,0.7160318389366214,0.925105152169265,0.7160318389366214,0.7215136736255248,0.7538493287859933,0.5173849072776147,0.7105975058672053,0.5127015943709596,0.855819542570119,0.5127015943709596,0.5205819812286002,0.5682888105110926
2013-04-30,0.1418946937486994,0.6561392837715967,0.2481841846995572,0.7121549494662169,0.2481841846995572,0.3087927043319475,1.1613761513934526,0.0201341041140372,0.4305187597083039,0.0615953895349839,0.50716467204923,0.0615953895349839,0.0953529342486375,1.3487945650254678
2013-05-01,-0.9400383372211228,-0.8950077245902867,-0.9351475418805076,-0.4891699956535272,-0.9351475418805076,-1.052169080274548,-1.0913914607320263,0.8836720754454535,0.8010388270762824,0.874500925085156,0.2392872846476718,0.874500925085156,1.1070597734857883,1.191135320558786
2013-05-02,0.8846508765937955,1.249762115361783,0.9363994353694134,1.3066160591008116,0.9363994353694134,0.9628797363010184,0.4724527257604318,0.7826071734581708,1.5619053449935587,0.8768439025601562,1.7072455259001356,0.8768439025601562,0.9271373865791188,0.2232115780784617
2013-05-03,0.9553917519915242,1.131388338033832,1.04795153331448,1.142483135068865,1.04795153331448,1.090347191063045,0.4705526968419397,0.912773399773434,1.2800395714389563,1.0982024161761696,1.3052677139167816,1.0982024161761696,1.1888569970590717,0.2214198405052224
2013-05-06,-0.0338544981747797,0.4235342145445869,0.1905988348979206,0.3650882452469384,0.1905988348979206,0.2246651029235401,0.1276718148510034,0.0011461270466661,0.1793812308899002,0.0363279158644448,0.1332894268174886,0.0363279158644448,0.0504744084716448,0.0163000923073489
2013-05-07,0.5816244757032729,0.1078119581275753,0.52166631841069,-0.0839505553482092,0.52166631841069,0.5674340899547446,0.081788171601313,0.3382870307371071,0.011623418315302,0.2721357477641634,0.0070476957432727,0.2721357477641634,0.3219814464427692,0.0066893050138858
2013-05-08,0.3243804917013262,0.4887012472310926,0.4130550730288085,0.5188219274237671,0.4130550730288085,0.4161978305527526,0.9656287056447314,0.1052227033963941,0.2388289090452255,0.1706144933548343,0.2691761923757126,0.1706144933548343,0.1732206341568177,0.9324387971651192
2013-05-09,-0.1490741577577175,-0.1201916174732928,-0.3693980932139126,-0.2401609422327096,-0.3693980932139126,-0.3630826224202768,-0.3275109925597207,0.0222231045111728,0.0144460249108463,0.1364549512700744,0.0576772781741029,0.1364549512700744,0.1318289907035852,0.1072634502474534
2013-05-10,0.2374978175007294,0.8007930899171487,0.431240067515143,0.6697948684127718,0.431240067515143,0.4635585695299491,0.3596074219486278,0.0564052133176097,0.6412695728590546,0.185967995830465,0.4486251657520823,0.185967995830465,0.2148865473846527,0.1293174979205384
2013-05-13,-0.1774343980860363,0.064287451471378,0.0042846606096343,0.035887314219716,0.0042846606096343,-0.0211444430548497,-0.4740711400789638,0.031482965624154,0.0041328764166847,1.835831653975189e-05,0.0012878993219046,1.835831653975189e-05,0.0004470874720997,0.2247434458557685
2013-05-14,0.815420920374876,0.6902974639138968,1.00910996345571,0.4670357460646647,1.00910996345571,1.0256230439108602,0.3783870111772219,0.6649112773850099,0.4765105886859576,1.0183029183455847,0.218122388102178,1.0183029183455847,1.0519026282009782,0.143176730227631
2013-05-15,0.3964331044925437,0.2598703841831858,0.5101065117816184,0.2190486433503066,0.5101065117816184,0.4984807994000414,-0.8255305219073303,0.157159206337596,0.0675326165755166,0.2602086533620104,0.0479823081536098,0.2602086533620104,0.2484831073705043,0.6815006426005892
2013-05-16,-0.2783967364022731,-0.1839449491249227,-0.5022296573084913,-0.1092976403215943,-0.5022296573084913,-0.5037136617769586,0.2718040202243874,0.0775047428394367,0.0338357443085704,0.2522346286802046,0.0119459741798686,0.2522346286802046,0.2537274530607523,0.0738774254101391
2013-05-17,0.7923717122267218,0.9686745158058322,1.0247411805593496,0.9827061814903002,1.0247411805593496,1.030802786327023,0.8395532710016732,0.6278529303371068,0.9383303175716634,1.0500944871341695,0.9657114391392468,1.0500944871341695,1.0625543842995544,0.7048496948496089
2013-05-21,0.2158328395537093,0.0899859939683396,0.101299823146,-0.0829010799847338,0.101299823146,0.1242268334401196,1.0205377528307824,0.0465838146298172,0.00809747911047,0.0102616541694108,0.0068725890626352,0.0102616541694108,0.0154323061465592,1.041497304952903
2013-05-22,-0.5239006993374621,-1.1146607652594285,-0.8308039040019749,-0.9068068869637104,-0.8308039040019749,-0.9354848254859242,0.0789961025480179,0.2744719427662818,1.2424686216087342,0.6902351269049227,0.8222987302448154,0.6902351269049227,0.87513185871443,0.0062403842177769
2013-05-23,-0.0828140376546106,-0.1120946797292243,-0.2928135769918223,-0.2564026924775104,-0.2928135769918223,-0.2640351837825754,-0.7430794359125444,0.0068581648326592,0.0125652172235973,0.0857397908707458,0.0657423407097168,0.0857397908707458,0.0697145782750984,0.5521670480761053
2013-05-24,0.0562206138809694,-0.0080941698894931,-0.0551496782267704,-0.0143753332901087,-0.0551496782267704,-0.0838003505804858,0.0721017858856014,0.003160757425153,6.55155861999778e-05,0.0030414870085163,0.0002066502072017,0.0030414870085163,0.0070224987574123,0.0051986675278931
2013-05-28,0.6921308339209498,0.8563630787828989,0.632091201300719,0.6969923068207801,0.632091201300719,0.6632397605385022,0.6554500771828091,0.4790450912641093,0.7333577227025254,0.3995392867617861,0.4857982757673524,0.3995392867617861,0.4398869799591697,0.4296148036789504
2013-05-29,-0.6941381594843771,-0.6143993014791307,-0.7072892060328735,-0.570025982612942,-0.7072892060328735,-0.7366227180196538,-0.1405636038343844,0.4818277844523585,0.3774865016580437,0.5002580209706126,0.3249296208538501,0.5002580209706126,0.5426130287026625,0.0197581267229097
2013-05-30,0.1419197720854934,0.6834518658294559,0.3663595567895727,0.566373784736465,0.3663595567895727,0.4055526954675546,0.1094227705379771,0.0201412217087983,0.4671064529057646,0.1342193248510522,0.3207792640367076,0.1342193248510522,0.1644729888009991,0.0119733427122067
2013-05-31,-1.3729500244528827,-1.0188350756726063,-1.4410550273650715,-1.003413723550468,-1.4410550273650715,-1.3803476736179383,-0.7570230550142528,1.8849917696451712,1.0380249114208056,2.076639591894147,1.0068391006094148,2.076639591894147,1.9053597000624545,0.5730839058231124
2013-06-03,0.9118534962806693,0.2733600111792835,0.5918407082218199,0.3023836344793271,0.5918407082218199,0.525462307759815,-0.3216126780577986,0.8314767986792803,0.0747256957119379,0.3502754239085053,0.0914358624009273,0.3502754239085053,0.2761106368762704,0.1034347146875092
2013-06-04,-0.5026911652814622,-0.5820035731955437,-0.5526024209600663,-0.5733960664319027,-0.5526024209600663,-0.5784256054334658,-0.1256161445812895,0.2526984076520343,0.3387281592123806,0.3053694356509263,0.3287830489995789,0.3053694356509263,0.3345761810210714,0.0157794157794674
2013-06-05,-1.4397097092527966,-1.2788742289127168,-1.3875566725247142,-1.2367287118182548,-1.3875566725247142,-1.3816132074381144,-1.2007675341658883,2.072764046916772,1.635519293377096,1.9253135194678568,1.52949790663564,1.9253135194678568,1.9088550549674344,1.4418426711068275
2013-06-06,0.5334520147909292,0.661342994985137,0.8454433206696951,0.4470541327873414,0.8454433206696951,0.8797201005215204,-0.2761843595049609,0.2845710520845017,0.437374557015911,0.7147744084650008,0.1998573976422419,0.7147744084650008,0.7739074552615939,0.0762778004351655
2013-06-07,1.37017624390097,1.310572385280332,1.2749947667659598,1.365745488232354,1.2749947667659598,1.227691038293777,-0.2907683759553207,1.8773829393505703,1.7175999770593788,1.6256116552805842,1.8652607386270312,1.6256116552805842,1.5072252855068515,0.0845462484556947
2013-06-10,-0.0624707622833475,0.131067469529953,-0.0346906299219815,-0.0127061404266347,-0.0346906299219815,-0.0078894426149639,0.0756989158368172,0.0039025961402625,0.0171786815689851,0.0012034398043838,0.0001614460045413,0.0012034398043838,6.224330477480847e-05,0.0057303258588695
2013-06-11,-0.76794255856518,-1.0656009333392829,-1.020523152075696,-1.0302040753520734,-1.020523152075696,-1.0389360517870116,-1.2931859335232954,0.589735773255635,1.1355053491335507,1.0414675039225143,1.0613204368720204,1.0414675039225143,1.079388119702784,1.6723298586625168
2013-06-12,-0.8419760610271628,-1.068255597770379,-0.8404786017584212,-1.1451064477683215,-0.8404786017584212,-0.8513188065810983,-0.9343580982279835,0.7089236873428166,1.1411700221677497,0.7064042800137907,1.3112687767205835,0.7064042800137907,0.7247437104386654,0.8730250557242144
2013-06-13,1.1988567581027862,1.3126504066643374,1.4676090161454949,1.2484370100509443,1.4676090161454949,1.5002675393226534,1.371570792712577,1.4372575264487226,1.7230510901160505,2.153876224271547,1.5585949680649422,2.153876224271547,2.250802689545249,1.8812064394222072
2013-06-14,-0.700260579422077,-0.6347452931098164,-0.5902398007852176,-0.6446873055708223,-0.5902398007852176,-0.5851918567938521,-0.7338832970224988,0.490364879092543,0.4029015871250667,0.3483830224309734,0.4156217219641668,0.3483830224309734,0.3424495092578363,0.5385846936486132
2013-06-17,0.7250529692277207,0.8310486490847221,0.7538839723718171,0.9264459885417472,0.7538839723718171,0.7382060008815445,0.8297066832238073,0.525701808185934,0.6906418571455416,0.5683410437991108,0.8583021696850954,0.5683410437991108,0.5449480997375229,0.6884131801862512
2013-06-18,0.9075084440211878,0.8667102598363067,0.7760951788880601,0.8321999983706956,0.7760951788880601,0.7929672639385632,0.6372413920353968,0.8235715759697574,0.7511866745055182,0.60232372669329,0.6925568372881857,0.60232372669329,0.6287970816782109,0.4060765917232102
2013-06-19,-1.3542060259474442,-1.1257262893102238,-1.3948298829170962,-1.228777010854164,-1.3948298829170962,-1.3931726590706084,-0.8050945123557371,1.83387396071237,1.2672596784441656,1.9455504022785204,1.5098929424036944,1.9455504022785204,1.9409300579818696,0.6481771738253221
2013-06-20,-2.3694939586915083,-2.3080297827016727,-2.532835452574456,-2.3649652691913103,-2.532835452574456,-2.543545612332374,-2.473383760419558,5.614501620275555,5.32700147783793,6.41525542981805,5.593060724481127,6.41525542981805,6.469624282015272,6.117627226307194
2013-06-21,0.2780023722767166,-0.2198787239109173,0.2666148431196402,-0.4295922019851934,0.2666148431196402,0.2282485638502835,0.226087060083219,0.0772853189914821,0.0483466532286934,0.0710834745717103,0.1845494600064872,0.0710834745717103,0.0520974068997169,0.051115358737073
2013-06-24,-0.9494261318152988,-1.092851408529222,-1.2219313502973377,-1.038754463368742,-1.2219313502973377,-1.215148138814347,-1.3326526123469946,0.9014099797737612,1.1943242011243045,1.4931162248394745,1.079010835168483,1.4931162248394745,1.4765849992639717,1.7759629851952692
2013-06-25,0.6849520307811108,0.8136624257540562,0.9452416382998888,0.6404557563110193,0.9452416382998888,0.9705761535387084,1.4139822903279868,0.4691592844711677,0.662046543083975,0.8934817547758577,0.4101835757919196,0.8934817547758577,0.9420180698179949,1.9993459173611792
2013-06-26,1.0099553777593284,0.8426443835888333,0.9544802023650156,0.9496022124440509,0.9544802023650156,0.9046403884108614,-0.4467952929057291,1.0200098650649878,0.7100495571938048,0.9110324567067613,0.9017443618786364,0.9110324567067613,0.8183742323441541,0.1996260337627162
2013-06-27,0.7639910845039459,0.7565600376233552,0.6180727659270395,0.4478785011582459,0.6180727659270395,0.7226843193232941,0.4497938935589883,0.5836823772015155,0.5723830905286527,0.382013943980701,0.2005951517997569,0.382013943980701,0.522272625395773,0.2023145466829545
2013-06-28,-0.7675965482372471,0.0408516546927501,-0.429883748729547,0.0949034188318989,-0.429883748729547,-0.4023394730600868,1.0220147968161035,0.5892044608657364,0.0016688576911356,0.1848000374217683,0.0090066589059828,0.1848000374217683,0.1618770515822683,1.0445142449110614
2013-07-02,0.1528599584362845,0.8820166444246355,0.4844188384527652,0.6860520500879261,0.4844188384527652,0.5521321986746409,0.4053900051027882,0.0233661668931426,0.7779533610420938,0.2346616110479262,0.4706674154298463,0.2346616110479262,0.3048499648132931,0.1643410562372386
2013-07-03,0.3752388161761717,0.2986739304545485,0.0823659509824172,0.4012923028395211,0.0823659509824172,0.0828245902778507,-0.2688697503564632,0.1408041691652947,0.0892061167331685,0.0067841498812379,0.1610355123182459,0.0067841498812379,0.0068599127546938,0.0722909426567468
2013-07-08,1.5632268586005291,1.1881499375638256,1.53878958875024,0.8369014609487876,1.53878958875024,1.539735463585831,0.5189185741181576,2.4436782114500795,1.4117002741329223,2.367873398446133,0.700404055338215,2.367873398446133,2.3707852978238737,0.2692764865648218
2013-07-09,0.495617207433863,0.5560108699759894,0.7203670629321988,0.6113842368359701,0.7203670629321988,0.762372537528877,0.7199912274465836,0.2456364163045407,0.3091480875314565,0.5189287053575624,0.3737906850515016,0.5189287053575624,0.581211885978219,0.5183873676000381
2013-07-10,-0.0567330739789438,0.4697504161265979,0.0181546412839013,0.5460349273894075,0.0181546412839013,0.0208768267981586,0.0799869332298384,0.0032186416831003,0.2206654534511118,0.0003295910001471,0.2981541419291555,0.0003295910001471,0.0004358418971603,0.0063979094875146
2013-07-11,1.1007782636570806,1.621095189963775,1.3463198150456834,1.94061653316294,1.3463198150456834,1.3297068692532594,1.5026780533575097,1.2117127857398973,2.627949614923688,1.8125770443846432,3.765992528785347,1.8125770443846432,1.7681203581393048,2.258041332042314
2013-07-12,0.0218527196460093,0.6068240141837344,0.3081776754226212,0.6389173534755855,0.3081776754226212,0.3085073274976371,-0.2490840960456444,0.000477541355927,0.3682353841900611,0.0949734796288905,0.4082153845722463,0.0949734796288905,0.0951767711197343,0.0620428869028758
2013-07-15,0.1290322635009619,0.205617222189827,0.1373900278267319,0.0253291162791405,0.1373900278267319,0.1615861438829287,0.5295618351180876,0.0166493250241816,0.0422784420610606,0.0188760197462301,0.0006415641314822,0.0188760197462301,0.0261100818949545,0.2804357372136366
2013-07-16,-0.2095135675543273,-0.2495147693552963,-0.3715661243548421,-0.0773063644094994,-0.3715661243548421,-0.3954502752453353,-0.0915144019366787,0.0438959349893416,0.0622576201264267,0.138061384768078,0.0059762739782143,0.138061384768078,0.1563809201916114,0.0083748857618279
2013-07-17,0.1206976794541199,0.3190680379067661,0.2770192140202006,0.2534584132417874,0.2770192140202006,0.2851896130239505,0.4136233526677531,0.0145679298256094,0.1018044128136735,0.0767396449363697,0.0642411672430446,0.0767396449363697,0.0813331153767506,0.1710842778721124
2013-07-18,0.5030734835646289,0.0354507791805687,0.5020364936359822,-0.2420860814628614,0.5020364936359822,0.5449883638788662,0.4768713382827299,0.2530829298658509,0.0012567577445094,0.2520406409423116,0.0586056708380431,0.2520406409423116,0.2970123167633634,0.2274062732755618
2013-07-19,-0.0308739652453928,-0.6576037500019984,0.1608772889016856,-1.0743641782655882,0.1608772889016856,0.1529832016877356,0.4446562155002962,0.0009532017299737,0.4324426920166909,0.0258815020843564,1.1542583875402923,0.0258815020843564,0.0234038599986303,0.1977191499830458
2013-07-22,0.0116097230054266,0.3555930291190513,0.2030925063851086,0.3376963813517295,0.2030925063851086,0.2214107563374851,0.5757869285462955,0.0001347856682627,0.1264464023580624,0.0412465661497853,0.1140388459780527,0.0412465661497853,0.0490227230219372,0.3315305870847768
2013-07-23,0.1426649997152026,-0.5883303922277955,-0.1853645244921124,-0.7830317189971171,-0.1853645244921124,-0.1628291925720666,-0.1019457611418989,0.0203533021437387,0.3461326504189116,0.0343600069401869,0.6131386729555801,0.0343600069401869,0.0265133459536711,0.0103929382148011
2013-07-24,-0.1639094185694687,0.0092193321078256,-0.3818459319893381,0.3214462567346925,-0.3818459319893381,-0.4312496316941518,-0.5750343963304638,0.0268662974957813,8.499608451438458e-05,0.1458063157768062,0.1033276959687458,0.1458063157768062,0.1859762448363416,0.3306645569631409
2013-07-25,0.0859378467238644,0.7123411598485246,0.2553175230837531,0.672149714724791,0.2553175230837531,0.2885562707513919,-0.024939387946216,0.0073853134995344,0.5074299280143413,0.0651870375936228,0.4517852390046179,0.0651870375936228,0.0832647213899505,0.0006219730711318
2013-07-26,0.0207325625072794,0.2208261788013851,0.0827937005808973,0.4744302549793917,0.0827937005808973,0.0101991381816573,-0.1677921667248199,0.0004298391481182,0.0487642012440213,0.0068547968558792,0.2250840668398106,0.0068547968558792,0.0001040224196485,0.0281542112142097
2013-07-29,-0.2371999884844804,-0.3887807678385641,-0.3742993668069835,-0.2369337726700194,-0.3742993668069835,-0.3883003984784855,0.1670028440505179,0.0562638345370376,0.1511504854411435,0.1401000159921087,0.0561376126316484,0.1401000159921087,0.1507771994585506,0.0278899499209616
2013-07-30,-0.0089059676429952,0.4803483924964223,0.0373744179429052,0.532313728928029,0.0373744179429052,0.0690846314177771,-0.6913870632687606,7.931625965807756e-05,0.2307345781738969,0.0013968471165709,0.2833579060052631,0.0013968471165709,0.0047726862981301,0.4780160712554012
2013-07-31,-0.135666433287219,0.2733735983531912,-0.0136430099064184,0.1573956850054113,-0.0136430099064184,0.0281319132835018,-0.7588078561137317,0.0184053811208754,0.0747331242765719,0.0001861317193066,0.0247734016583226,0.0001861317193066,0.0007914045449904,0.5757893624999177
2013-08-01,0.8255028915956376,1.3522324995528507,1.2462579504871754,1.1617618991912264,1.2462579504871754,1.3209225009147552,0.8558061211662896,0.681455024032759,1.8285327328469505,1.5531588791524948,1.3496907104124054,1.5531588791524948,1.7448362534228914,0.73240411702569
2013-08-02,0.193913184932216,0.3760867829323625,0.1639085523291915,0.5492994471361584,0.1639085523291915,0.1160151454211495,0.0737383259570464,0.0376023232905557,0.1414412682964139,0.0268660135266513,0.3017298826240893,0.0268660135266513,0.0134595139670904,0.0054373407149476
2013-08-06,-0.8956254792280506,-0.6476931998427937,-0.7220375127451434,-0.6805950189446343,-0.7220375127451434,-0.7438176276303535,-1.068348987448186,0.8021449990424753,0.4195064811225971,0.5213381698111931,0.4632095798122471,0.5213381698111931,0.5532646631736473,1.1413695589815642
2013-08-07,-0.3102606528243473,-0.3213487762631132,-0.381314875241731,-0.1122916521610941,-0.381314875241731,-0.422435481621955,-0.4548668423411325,0.0962616726909901,0.1032650360058003,0.1454010340806169,0.0126094151450681,0.1454010340806169,0.178451736133173,0.2069038442613927
2013-08-08,0.1785422827385375,0.4128020469924721,0.3877952793855825,0.3658615412214612,0.3877952793855825,0.4046579295440554,1.1230748929619347,0.0318773467254878,0.1704055300011751,0.150385178713742,0.133854667344943,0.150385178713742,0.1637480399428817,1.2612972152014612
2013-08-12,-0.508692056666112,0.0225369001815734,-0.4729928067111133,-0.1342700467865671,-0.4729928067111133,-0.3740605147868686,0.328864077992231,0.2587676085151988,0.0005079118697942,0.2237221952004566,0.0180284454640669,0.2237221952004566,0.1399212687226171,0.1081515817936802
2013-08-13,0.2029921771103299,0.3941050413488183,0.2772172491395608,0.4831356636456603,0.2772172491395608,0.2317262085286747,0.3797684587574574,0.0412058239679915,0.1553187836165537,0.0768494032205053,0.2334200694863326,0.0768494032205053,0.0536970357190748,0.1442240822670146
2013-08-14,-0.736313459485377,-0.4125811091709299,-0.5190051744275638,-0.3705603944297337,-0.5190051744275638,-0.5253371936960133,-0.0228625766328604,0.5421575106193238,0.1702231716447147,0.2693663710825859,0.1373150059199198,0.2693663710825859,0.2759791670804026,0.0005226974102934
2013-08-16,-1.6844374621192502,-1.82883352534,-1.769459734026772,-1.7904323933863358,-1.769459734026772,-1.8086381635271191,0.7693855235663415,2.8373295637907403,3.34463206340753,3.1309877503420944,3.2056481552871223,3.1309877503420944,3.2711720065667502,0.5919540838734534
2013-08-19,-0.4700798912090978,-0.3807640562268249,-0.5917840093265895,-0.1352285499857755,-0.5917840093265895,-0.6084761216645945,-1.1759294658381951,0.2209751041191572,0.1449812665143046,0.3502083136946529,0.0182867607312553,0.3502083136946529,0.3702431906359864,1.382810108626503
2013-08-20,-0.0516852837809819,0.6804164046163673,0.3813963470091846,0.4034187270157714,0.3813963470091846,0.4912473950199099,0.650010820552653,0.0026713685595206,0.4629664836710641,0.1454631735119503,0.1627466693070255,0.1454631735119503,0.2413240031138473,0.4225140668355333
2013-08-21,-0.7052754758364318,-0.3826227603707673,-0.5796413965205477,-0.3478272289662448,-0.5796413965205477,-0.6013247223451857,-0.7687655789359136,0.4974134968163053,0.1464001767537456,0.3359841485602908,0.1209837812103365,0.3359841485602908,0.3615914217035147,0.5910005153566704
2013-08-22,0.443368461982341,1.0752888335662794,0.8582495040714576,0.9833415972044026,0.8582495040714576,0.8954387538050428,0.8022245679185661,0.1965755930805865,1.1562460755923296,0.736592211238903,0.9669606967925056,0.736592211238903,0.801810561815928,0.6435642573721301
2013-08-23,0.3120574516720456,0.523128791600362,0.3939218335413213,0.7210982074880444,0.3939218335413213,0.3631933844250202,0.6915246346126793,0.097379853144051,0.2736637326012549,0.1551744109405564,0.5199826248424708,0.1551744109405564,0.1319094344901005,0.4782063202761996
2013-08-26,-0.4275964825111482,-0.0060420788433098,-0.4047856913079035,-0.051032986857393,-0.4047856913079035,-0.3553968227047678,-0.0156723845070146,0.1828387518559066,3.650671674877281e-05,0.1638514558876173,0.0026043657475868,0.1638514558876173,0.1263069015886442,0.0002456236361357
2013-08-27,-1.1461591262459694,-2.184884099579109,-1.6001509567328325,-2.041236784898525,-1.6001509567328325,-1.6639755036374986,-1.3339837151636504,1.313680742676924,4.773718528593613,2.560483084333,4.166647612022866,2.560483084333,2.768814476705667,1.7795125523218154
2013-08-28,0.3268926262886832,0.4134211834307266,0.2743889222156611,0.4108456349099875,0.2743889222156611,0.2717930769499779,0.1270714259126264,0.1068587891219127,0.1709170749092624,0.0752892806346721,0.1687941357245908,0.0752892806346721,0.0738714766779366,0.0161471472834681
2013-08-29,0.1107970106478402,0.7473087263324448,0.1961425931217906,0.6872424476090764,0.1961425931217906,0.2421436146559105,0.7704699350972717,0.0122759775684976,0.5584703324526209,0.0384719168365403,0.4723021817957141,0.0384719168365403,0.0586335301186301,0.593623920888794
2013-08-30,-0.2066784874664317,-0.8442290970379891,-0.3179322425926155,-0.6339068307633507,-0.3179322425926155,-0.4558217280091379,-0.4008897016529694,0.0427159971814119,0.7127227682855785,0.1010809108799697,0.4018378700884354,0.1010809108799697,0.2077734477252364,0.1607125528914068
2013-09-03,0.1595788938687288,0.6315623396190794,0.4155545375136951,0.5821050693151897,0.4155545375136951,0.363770962090561,0.6820427787727875,0.025465423368367,0.3988709888251253,0.172685573648221,0.3388463117224418,0.172685573648221,0.1323293128602924,0.4651823520761056
2013-09-04,0.6512125911919651,1.003361097265068,0.8084226423429193,1.0547211185366363,0.8084226423429193,0.8306413789503428,0.1357737250757049,0.4240778389269534,1.006733491504961,0.6535471686527076,1.1124366378871733,0.6535471686527076,0.6899651004245271,0.0184345044209331
2013-09-05,0.0442234621584481,0.26664576960358,0.1209131507343265,0.1726123695783988,0.1209131507343265,0.132994347785858,0.6815668536708003,0.0019557146052796,0.0710999664474854,0.0146199900205019,0.0297950301314697,0.0146199900205019,0.0176874965429857,0.464533376022714
2013-09-06,-0.1003022079421222,0.033475456313222,0.0054376557675273,0.1097821487248922,0.0054376557675273,0.0182403294187988,-0.1881089840970781,0.0100605329180647,0.0011206061753784,2.9568100246123816e-05,0.0120521201786543,2.9568100246123816e-05,0.0003327096173062,0.0353849898980348
2013-09-09,0.9378726064477902,1.253662637884816,0.9943332056093748,1.1597857161078269,0.9943332056093748,1.0600210699851005,0.2626623870062888,0.8796050259251716,1.5716700096283152,0.9886985237774154,1.3451029072877445,0.9886985237774154,1.1236446688123574,0.0689915295478414
2013-09-10,0.8457804982197654,0.6143226688603873,0.7318922917109201,0.4765078142207284,0.7318922917109201,0.7576474802691688,-0.234899123240738,0.7153446511688746,0.3773923414757491,0.5356663266658626,0.2270596970134162,0.5356663266658626,0.5740297043582205,0.0551775980992674
2013-09-11,0.8883042423763883,-0.1076196325753888,0.3047625923993058,-0.1635838736666593,0.3047625923993058,0.2810497774765688,0.0073294632760508,0.7890844270238891,0.0115819853156617,0.0928802377259454,0.0267596837237895,0.0928802377259454,0.0789889774196288,5.3721031914977886e-05
2013-09-12,-0.1695017949621552,-0.2430326887282662,-0.3386165041857423,-0.1352229929644234,-0.3386165041857423,-0.3501556273492706,-0.9744471846291884,0.0287308584953925,0.0590648877904903,0.1146611369069728,0.0182852578262565,0.1146611369069728,0.1226089633643612,0.9495473156317514
2013-09-13,0.4916647185145446,0.1671383280966812,0.2711033543242461,0.0852712607742948,0.2711033543242461,0.2786905911275043,0.1758150580025316,0.2417341954319863,0.0279352207189538,0.0734970287258577,0.0072711879140377,0.0734970287258577,0.0776684455829977,0.0309109346204335
2013-09-16,0.7691810103680564,-0.1166124462289691,0.5677016891980371,-0.3020974690144756,0.5677016891980371,0.5474442994735274,0.7320234346158155,0.5916394267108241,0.0135984626155042,0.3222852079183047,0.091262880784952,0.3222852079183047,0.2996952610260611,0.5358583088267351
2013-09-17,0.2252537474269728,0.7463780094531871,0.420884948659013,0.6963762348522063,0.420884948659013,0.4636147388214322,0.1343418136403498,0.0507392507298944,0.5570801329953019,0.1771441400077,0.4849398604669352,0.1771441400077,0.2149386260524648,0.0180477228921784
2013-09-18,0.9435030512234092,1.0078525121180055,1.2104115967809936,1.260562438386323,1.2104115967809936,1.1834457647003016,0.7551991976190177,0.8901980076678833,1.0157666861825745,1.4650962336219149,1.5890176610704725,1.4650962336219149,1.4005438779870816,0.5703258280844081
2013-09-19,-0.2580001265690532,0.1516699364104029,-0.1844622984516833,0.1948703328827493,-0.1844622984516833,-0.1900143082400655,-0.0357333737266758,0.0665640653096474,0.0230037696107356,0.0340263395500779,0.0379744466378335,0.0340263395500779,0.0361054373359506,0.0012768739978902
2013-09-20,-1.1931635206165625,-0.3875145777973263,-0.7243093796933789,-0.3985556029477716,-0.7243093796933789,-0.7006646025524439,-0.9350616544566568,1.4236391869301102,0.15016754800544,0.5246240775118074,0.1588465686410617,0.5246240775118074,0.4909308852699742,0.87434029763522
2013-09-23,-0.3222170282377876,-0.25039747746723,-0.4730718868817136,-0.1673165274354338,-0.4730718868817136,-0.4546610509595841,0.0367715231730585,0.1038238132863912,0.0626988967219519,0.2237970101578248,0.0279948203530522,0.2237970101578248,0.2067166712596735,0.0013521449164667
2013-09-24,-0.4345942980628884,0.0787411858392178,-0.2600567471167198,-0.0212488351218924,-0.2600567471167198,-0.2078107136773499,0.2939199086184198,0.1888722039087747,0.0062001743473662,0.0676295117209295,0.0004515129940373,0.0676295117209295,0.0431852927190895,0.0863889126822602
2013-09-25,-0.4007449723863883,-0.190082816014978,-0.2743210802944285,-0.3145692471405508,-0.2743210802944285,-0.2412975351961217,-0.0948391387620952,0.1605965328929671,0.036131476944184,0.0752520550939022,0.0989538112465729,0.0752520550939022,0.0582245004917236,0.0089944622411359
2013-09-26,0.3596952236566291,0.697596067386542,0.347935151561587,0.7912082792631602,0.347935151561587,0.3705964237461595,0.0382423628003845,0.1293806539213924,0.4866402732331688,0.1210588696921845,0.6260105411745709,0.1210588696921845,0.137341709293443,0.0014624783125562
2013-09-27,-0.4581336999892419,-0.1541282856717353,-0.4082095793020239,-0.1154332797199789,-0.4082095793020239,-0.4062053365245171,0.0191546269521107,0.2098864870658327,0.023755528444108,0.1666350606339353,0.0133248420669109,0.1666350606339353,0.1650027754209962,0.0003668997336745
2013-09-30,-0.8461803513777606,-0.2678381645948539,-0.6047509018760081,-0.375498444387139,-0.6047509018760081,-0.5279883712259537,-0.4439116237444327,0.7160211870577904,0.07173728241354,0.3657236533198452,0.1409990817371613,0.3657236533198452,0.2787717201498354,0.1970575296954188
2013-10-01,0.4091908177835361,1.2254778562543307,0.7966753720975774,1.0769905202797927,0.7966753720975774,0.8708327891784414,0.4700681144398528,0.167437125358359,1.50179597616971,0.6346916485068135,1.1599085807725389,0.6346916485068135,0.7583497467083038,0.2209640322130386
2013-10-02,-0.3862725187983541,-0.0776365717449195,-0.0666888987703767,0.0064552818060265,-0.0666888987703767,-0.1090747777619393,-0.06571560951022,0.1492064587788248,0.006027437272304,0.0044474092192055,4.167066319521722e-05,0.0044474092192055,0.0118973071438164,0.0043185413332997
2013-10-03,-0.9071478338796654,-1.071931724556205,-0.9019995744482426,-1.219172780705588,-0.9019995744482426,-0.9050758431852718,-0.8123882371508686,0.8229171925125689,1.1490376221100398,0.8136032323048108,1.486382269213396,0.8136032323048108,0.8191622819175307,0.6599746478610959
2013-10-04,0.5061701094436519,0.8813186182841958,0.7028487065576219,0.8903153053624484,0.7028487065576219,0.6916557057739992,0.184594170901683,0.2562081796941985,0.776722506934364,0.4939963043097221,0.7926613429626298,0.4939963043097221,0.4783876153297289,0.0340750079308797
2013-10-07,-0.9086594179104208,-0.9864517541805896,-0.8542744623655643,-0.8324261308719922,-0.8542744623655643,-0.8813555755255593,0.2317307637779045,0.825661937757305,0.9730870633259626,0.7297848570499739,0.6929332633585151,0.7297848570499739,0.7767876505099899,0.053699146881091
2013-10-08,-1.075063000210018,-2.023963929256313,-1.2408723348868085,-1.9413244417038007,-1.2408723348868085,-1.2548900764727524,-0.7522603571615649,1.1557604544205649,4.096429986930653,1.5397641514874398,3.768740587956573,1.5397641514874398,1.5747491040297903,0.5658956449568452
2013-10-09,0.1788971353653219,-0.4627135504694317,0.057369749599523,-0.36001540694547,0.057369749599523,0.0259800993900921,0.2983158237198133,0.0320041850419183,0.2141038297880273,0.0032912881691119,0.1296110932381123,0.0032912881691119,0.000674965564319,0.0889923306816307
2013-10-10,2.1591120953516647,2.230938621926067,2.1595603003649866,2.150372043707434,2.1595603003649866,2.171289226601395,1.2806548868455871,4.661765040293856,4.97708713480138,4.663700690912511,4.624099926358487,4.663700690912511,4.714496905555283,1.6400769392014836
2013-10-11,0.7313860814810633,0.824248438848333,0.6266658904207739,0.7132436881353141,0.6266658904207739,0.6789133106891421,-0.0178387778273176,0.5349256001842246,0.6793854889439142,0.3927101382168614,0.5087165586648652,0.3927101382168614,0.4609232834308915,0.0003182219943724
2013-10-15,-0.4545308838102025,0.0563414979252964,-0.3022411643221949,0.3345536314983504,-0.3022411643221949,-0.3312810444378027,0.3047605769192223,0.2065983243372838,0.0031743643884661,0.091349721410836,0.111926132348734,0.091349721410836,0.1097471304038014,0.0928790092441372
2013-10-16,1.3478341647612662,1.190067128700138,1.3732816122981577,1.1340337037580384,1.3732816122981577,1.3485838157428458,0.1989287861572803,1.8166569356977,1.416259770812591,1.885902386676228,1.2860324412591744,1.885902386676228,1.8186783080835336,0.0395726619620089
2013-10-17,-0.0142034543904193,0.6157698893222183,0.6721323017650933,0.5957836508470348,0.6721323017650933,0.6948363716823655,0.608998645631898,0.0002017381166207,0.379172556595897,0.4517618310760424,0.3549581586166214,0.4517618310760424,0.4827975834127143,0.370879350381486
2013-10-18,0.1819859580803309,1.31490161036338,0.6527419550148451,1.5807025707444209,0.6527419550148451,0.690041691870152,0.7621027660249909,0.0331188889384159,1.7289662449362098,0.426072059836602,2.498620617158021,0.426072059836602,0.4761575365190217,0.5808006259829421
2013-10-21,-0.0483859941635443,0.1473260190397439,0.0091712618574313,0.2175113347330583,0.0091712618574313,0.0024647236429876,0.3832449941318097,0.0023412044311945,0.0217049558860989,8.411204405757485e-05,0.0473111807373565,8.411204405757485e-05,6.074862636302503e-06,0.1468767255270908
2013-10-22,0.4890371929660276,0.2424833488823261,0.5721110785884598,0.1709247651761342,0.5721110785884598,0.5603770163498069,0.4655272589504618,0.2391573761040917,0.0587981744851878,0.3273110862436508,0.0292152753505166,0.3273110862436508,0.3140224004531117,0.2167156288259303
2013-10-23,-0.3518655380875682,-0.5740230956052665,-0.473573099122578,-0.6220507266752507,-0.473573099122578,-0.4815379179302959,-0.0357852256136349,0.1238093568936539,0.3295025142882529,0.2242714802125631,0.3869471065572075,0.2242714802125631,0.2318787664046444,0.0012805823722187
2013-10-24,0.6201306437665327,0.5586003559922398,0.325287199602101,0.4867023847007252,0.325287199602101,0.3245558650393139,0.6129933787807124,0.3845620153382943,0.312034357714657,0.1058117622249771,0.2368792112733727,0.1058117622249771,0.1053365095314173,0.3757608824289939
2013-10-25,0.393010632572588,0.3658645541495765,0.438517263831988,0.6359747989942363,0.438517263831988,0.4115534580894191,0.5588214288188834,0.1544573573151058,0.1338568719830684,0.1922973906786934,0.4044639449557592,0.1922973906786934,0.1693762488653592,0.3122813893071783
2013-10-28,-0.0086618130318695,-0.0819941467820397,0.1328835930998072,-0.0340205276226618,0.1328835930998072,0.112392505967287,-0.2060419252375654,7.502700499906515e-05,0.0067230401065146,0.0176580493151151,0.0011573962997242,0.0176580493151151,0.0126320753976066,0.0424532749556025
2013-10-29,0.7131129437094769,0.3093838653629038,0.5568680457237637,0.2678015654250734,0.5568680457237637,0.5430759161782154,0.5129717784171797,0.5085300704859955,0.0957183761468914,0.3101020203482038,0.0717176784441198,0.3101020203482038,0.294931450732808,0.2631400454524841
2013-10-30,-0.3935357259706936,-0.5510128291753508,-0.4887910480131457,-0.187955862552387,-0.4887910480131457,-0.5308669474546297,0.1094589106735087,0.1548703676152808,0.3036151379158243,0.2389166886177893,0.0353274062678117,0.2389166886177893,0.2818197158997966,0.0119812531258311
2013-10-31,-0.4685953464813086,-0.2780523262760045,-0.3846759576849974,-0.226138696236128,-0.3846759576849974,-0.3669190291013718,-0.7015835037839193,0.2195815987439376,0.0773130961474977,0.1479755924208699,0.0511387099353758,0.1479755924208699,0.1346295739166933,0.4922194127817207
2013-11-01,0.4480348202420491,0.0595785549114422,0.2899228335302809,0.0601702276165006,0.2899228335302809,0.2496513522209768,-0.1782857478125265,0.2007352001493252,0.0035496042053357,0.0840552494022269,0.0036204562914214,0.0840552494022269,0.0623257976657622,0.0317858078730718
2013-11-04,0.1508162505763509,0.3702683818437174,0.3564177312633748,0.1472982049188336,0.3564177312633748,0.4195742116591234,0.1821775206053423,0.0227455414379086,0.1370986745931649,0.1270335991589312,0.0216967611723107,0.1270335991589312,0.1760425190893748,0.0331886490139099
2013-11-05,-0.1337506841979293,0.0831084590310945,-0.2809483849739196,0.1203796843980126,-0.2809483849739196,-0.3169574761279067,-0.0005238836694001,0.0178892455234142,0.0069070159625231,0.0789319950194537,0.0144912684157651,0.0789319950194537,0.1004620416733725,2.7445409906418786e-07
2013-11-06,0.820431115467039,-0.2011736225950572,0.425645761015367,-0.1016798819026483,0.425645761015367,0.3704971819650136,0.1398543051035551,0.6731072152264898,0.0404708264280185,0.1811743138703509,0.0103387983837365,0.1811743138703509,0.1372681618440164,0.0195592266559982
2013-11-07,-0.9757734477217466,-1.915845669135296,-1.327045548901987,-1.907617200468136,-1.327045548901987,-1.376764109487457,-0.6463847093828251,0.952133821278784,3.6704646279444697,1.761049888860576,3.639003383521888,1.761049888860576,1.8954794131727903,0.4178131925239193
2013-11-08,1.070343763413983,1.591995936222155,1.333823103901602,1.3585223375193685,1.333823103901602,1.3548649671163482,0.630838386916295,1.1456357718792085,2.534451060947856,1.7790840725017036,1.845582941539089,1.7790840725017036,1.835659079119184,0.3979570704071531
2013-11-11,0.1351780780020188,0.0142109546288398,0.0722653524745041,-0.1148917125004165,0.0722653524745041,0.1021549925876152,-0.1491581891638486,0.0182731127723198,0.0002019512314629,0.0052222811682643,0.0132001056012783,0.0052222811682643,0.0104356425105757,0.0222481653946384
2013-11-12,-0.2056896993860373,0.0033164492057054,-0.2373164031420342,0.066882675422081,-0.2373164031420342,-0.2239043014806933,-0.2424636077924342,0.0423082524335184,1.0998835334024618e-05,0.0563190752002725,0.0044732922716154,0.0563190752002725,0.0501331362215572,0.0587886011037234
2013-11-13,0.4495248615571284,1.157961805723916,0.8062719573425563,1.191573900552175,0.8062719573425563,0.824987087508666,0.3342738357045964,0.2020726011579555,1.3408755435153925,0.650074469196997,1.4198483604771248,0.650074469196997,0.6806036945560313,0.1117389972366635
2013-11-14,0.3444185478236334,0.180516947127388,0.4825599547334179,0.2807044696980752,0.4825599547334179,0.4604803392125963,0.4531006138476701,0.1186241360849404,0.0325863682001922,0.2328641099123183,0.0787949993084776,0.2328641099123183,0.2120421428013477,0.2053001662691355
2013-11-15,0.5369471023202281,0.3324160700663977,0.4213113677386857,0.2176751107680267,0.4213113677386857,0.4080756521073349,0.3803979848941834,0.2883121906900895,0.1105004436383882,0.1775032685858421,0.0473824538478727,0.1775032685858421,0.1665257378428266,0.1447026269115554
2013-11-18,0.0896805016909589,-0.93010984032612,-0.3705038906885411,-0.9897532881380998,-0.3705038906885411,-0.4008598639597485,-0.1819557060267995,0.008042592383542,0.8651043150714804,0.1372731330153464,0.9796115713801804,0.1372731330153464,0.1606886305338281,0.033107878955711
2013-11-19,-0.0562922572179429,-0.4444582038481697,-0.2045036193531233,-0.3173637554444442,-0.2045036193531233,-0.2576855496485162,-0.1136768021397818,0.003168818222691,0.1975430949679411,0.0418217303285271,0.1007197532698009,0.0418217303285271,0.0664018424976579,0.0129224153447271
2013-11-20,-0.4155312013756992,-0.2618932294137971,-0.3642235986195912,-0.3251452021700952,-0.3642235986195912,-0.3454234868087558,-0.0949659913039952,0.1726661793167319,0.0685880636127877,0.132658829791405,0.105719402494232,0.132658829791405,0.1193173852391186,0.0090185395043505
2013-11-21,0.684242176348413,1.213764477234097,0.8095716274424049,1.0507782022534868,0.8095716274424049,0.8817209616094642,0.3368851154601818,0.4681873558940127,1.4732242061953609,0.6554062199597439,1.1041348303310696,0.6554062199597439,0.7774318541415183,0.11349158101862
2013-11-22,0.3415726655551477,0.5651203035316402,0.4949171494279674,0.5650331066279447,0.4949171494279674,0.4666140721192509,0.0223346209440968,0.1166718858544488,0.3193609574636932,0.244942984797905,0.3192624115856263,0.244942984797905,0.2177286922997094,0.0004988352927164
2013-11-25,0.0483585006649151,0.0732261169463074,-0.1264124540436517,0.1598072025572987,-0.1264124540436517,-0.1337792841659942,-0.0454164967644148,0.0023385445865585,0.0053620642030342,0.0159801085373383,0.0255383419891894,0.0159801085373383,0.0178968968719658,0.0020626581783521
2013-11-26,0.0015982412159459,0.5785105650212407,0.014978239973848,0.5317727447355697,0.014978239973848,0.0477988632971355,-0.9130631299478512,2.5543749843484447e-06,0.3346744738411951,0.0002243476727141,0.2827822520436013,0.0002243476727141,0.0022847313324982,0.8336842792701669
2013-11-27,0.1525132736542506,0.6697948351823877,0.2482009484745951,0.7146397928118899,0.2482009484745951,0.2553365504140715,0.0920191605533159,0.0232602986407363,0.4486251212370019,0.0616037108236886,0.5107100334702209,0.0616037108236886,0.0651967539773577,0.0084675259089369
2013-11-29,-0.0678436431336916,0.3735150498380883,-0.07860417117517,0.4984850722129798,-0.07860417117517,-0.0953766256520903,0.2492016600518563,0.0046027599136517,0.1395134924555496,0.0061786157261354,0.2484873672191796,0.0061786157261354,0.0090967007207789,0.0621014673726009
2013-12-02,-0.4838206325933504,-0.3609069071862059,-0.2722704643955981,-0.1914200243841972,-0.2722704643955981,-0.2938543594556092,0.1802724861946251,0.2340824045230298,0.1302537956547126,0.0741312057821946,0.0366416257352466,0.0741312057821946,0.0863503845710663,0.0324981692787912
2013-12-03,-0.5898250449663506,-0.1994938340229715,-0.31979560353163,-0.0521227983525546,-0.31979560353163,-0.3235201786511517,-0.7457183996568882,0.3478935836695574,0.0397977898131849,0.1022692280381594,0.002716786108101,0.1022692280381594,0.1046653059944731,0.5560959315868305
2013-12-04,-0.1562862982722025,0.019888054836728,-0.1304362552406203,0.1054243052097081,-0.1304362552406203,-0.1393159333709267,-0.1123013670432317,0.0244254070276278,0.0003955347251887,0.0170136166811962,0.0111142841289497,0.0170136166811962,0.0194089292910124,0.0126115970397786
2013-12-05,-0.4305437348715374,-0.1198340011521501,-0.4348999542987454,-0.1516794570945693,-0.4348999542987454,-0.3660273309001466,-0.7886759470923661,0.1853679076371327,0.0143601878321335,0.1891379702490508,0.0230066577045032,0.1891379702490508,0.1339760069658854,0.6220097495220407
2013-12-06,1.248034710983426,0.7252289346820951,1.1175230224585924,0.7599881036245693,1.1175230224585924,1.0797686249101828,0.6066227282575813,1.5575906398194836,0.5259570077001267,1.2488577057249874,0.577581917650869,1.2488577057249874,1.165900283340427,0.3679911344386714
2013-12-09,0.0332663346171224,0.1532355877177185,0.1815435012897863,0.3394097352252002,0.1815435012897863,0.1621557527130394,0.241111666622976,0.0011066490188583,0.0234811453431946,0.0329580428605546,0.1151989683656404,0.0329580428605546,0.0262944881379324,0.0581348357817091
2013-12-10,-0.3275335905211409,-0.2032416764038627,-0.3184724887044309,-0.0559856272666976,-0.3184724887044309,-0.3413094786557645,0.0843194744213318,0.1072782529196704,0.0413071790274524,0.1014247260615939,0.0031343904604455,0.1014247260615939,0.1164921602202697,0.0071097737666896
2013-12-11,-0.814640486239751,-1.40564989207652,-1.1381383944921049,-1.2948403199107414,-1.1381383944921049,-1.195372300102849,-1.440754425774256,0.663639121820938,1.9758516190947328,1.295359005017066,1.676611454066551,1.295359005017066,1.4289149358531754,2.075773315388106
2013-12-12,-0.6592175023794504,-0.1352125667248574,-0.3777704817573199,-0.2511659808720938,-0.3777704817573199,-0.3223268467732836,-0.1450025989546195,0.4345677154434007,0.018282438200324,0.1427105368871576,0.063084349947441,0.1427105368871576,0.1038945961508078,0.0210257537035942
2013-12-13,0.1011369847372359,0.0643050019296355,-0.0101385032276674,-0.112510426889119,-0.0101385032276674,0.0291247999728787,0.086203977961856,0.0102286896817398,0.0041351332731704,0.0001027892476974,0.0126585961587717,0.0001027892476974,0.0008482539734601,0.0074311258164481
2013-12-16,0.8167552650447928,0.7108684410231838,0.630010001027756,0.559506782227366,0.630010001027756,0.6627185943402806,0.4462930595695437,0.6670891629783897,0.5053339404427317,0.396912601394993,0.3130478393584212,0.396912601394993,0.4391959352843573,0.1991774950199442
2013-12-17,-0.0586390514716099,-0.144985905541314,-0.3105784071481868,-0.1864621029500679,-0.3105784071481868,-0.2800310829554874,-0.0322402378405065,0.0034385383574901,0.0210209128056348,0.0964589469867048,0.0347681158365617,0.0964589469867048,0.078417407421223,0.0010394329360124
2013-12-18,1.8270363205455684,1.146181737409031,1.6510892525584175,1.155144292847905,1.6510892525584175,1.5948153886001537,1.1659241353788838,3.338061716592689,1.313732575169985,2.7260957199139138,1.3343583372990864,2.7260957199139138,2.5434361237158587,1.359379089458998
2013-12-19,0.068692389574559,-0.2935215676809668,-0.0580070453389869,-0.3139444034222561,-0.0580070453389869,-0.1452363917634025,0.4300537964803496,0.0047186443854629,0.0861549106938923,0.0033648173089592,0.0985610884401563,0.0033648173089592,0.0210936094924525,0.1849462678671619
2013-12-20,0.2596513241399037,1.1419138656046273,0.4807171488047869,0.926432143666694,0.4807171488047869,0.5796842232926477,0.05524078403226,0.0674188101276053,1.303967276460103,0.2310889771550036,0.8582765168188662,0.2310889771550036,0.3360337987344002,0.0030515442204987
2013-12-23,0.4518871430686985,1.0701314824102766,0.5304004689709988,1.0761752375500693,0.5304004689709988,0.5622106321150168,0.3583231942518654,0.2042019900707903,1.145181389645616,0.2813246574846554,1.158153141915948,0.2813246574846554,0.3160807948631667,0.12839551153886
2013-12-24,0.38548877572015,0.1568822332478337,0.2911528259119612,0.0951808837542367,0.2911528259119612,0.3034118494305695,0.5215522478297634,0.1486015962062201,0.0246120351088277,0.0847699680365208,0.0090594006322375,0.0847699680365208,0.0920587503748785,0.2720167472162789
2013-12-27,0.7361545382147819,0.0283204631915579,0.4397621055012152,0.0342810052308971,0.4397621055012152,0.3961050988887698,0.5161968224424178,0.5419235041342189,0.0008020486353843,0.1933907094348619,0.0011751873196407,0.1933907094348619,0.1568992493656821,0.266459159499649
2013-12-30,0.1569336061327399,-0.0576358974721168,-0.0179227529828373,-0.1103008188423755,-0.0179227529828373,-0.0070177901007734,-0.0485105111324533,0.0246281567338259,0.0033218966774163,0.0003212250744838,0.0121662706372985,0.0003212250744838,4.9249377898514383e-05,0.0023532696903318
2013-12-31,0.4375661305980796,0.5375494186057543,0.3951835100449373,0.6120032349530957,0.3951835100449373,0.3805881521671976,0.2952624177842508,0.1914641186465756,0.2889593774433845,0.1561700066114371,0.3745479595930541,0.1561700066114371,0.144847341570042,0.0871798953558014
2014-01-02,-0.8196209238089891,-0.8058306570968686,-0.8901410280449841,-0.7946307948433056,-0.8901410280449841,-0.917738332456306,-0.2010601895590075,0.6717784587455007,0.649363047917171,0.7923510498089811,0.6314381001133036,0.7923510498089811,0.8422436468596812,0.040425199825504
2014-01-03,0.1740549133880021,-0.26980158300318,-0.0333028515232232,-0.6993540603112212,-0.0333028515232232,0.0211652655267201,-0.3340084636207525,0.0302951128745049,0.0727928941910218,0.0011090799195778,0.4890961016737911,0.0011090799195778,0.0004479684648165,0.1115616537702955
2014-01-06,-0.2729249657945133,-0.4420553607240116,-0.2514940611652187,-0.33324452562563,-0.2514940611652187,-0.3061563316439446,-0.3943150455315276,0.0744880369539362,0.195412941944836,0.0632492628013747,0.1110519138594511,0.0632492628013747,0.093731699405677,0.1554843551325307
2014-01-07,0.6422744690701802,0.9556539312833602,0.606335341031303,0.8721811067002128,0.606335341031303,0.6348182703292156,0.7484771476141995,0.4125164936193818,0.9132744363773412,0.3676425457835465,0.7606998828848079,0.3676425457835465,0.402994236343777,0.5602180405006881
2014-01-08,-0.4134199457487241,0.2988176108820951,-0.0212223532032852,0.2717607305362299,-0.0212223532032852,-0.0187516115215619,0.1300917881684837,0.1709160515428779,0.0892919645732831,0.0004503882754849,0.0738538946615853,0.0004503882754849,0.0003516229346555,0.0169238733488736
2014-01-09,-0.1092849703311221,-0.2263211892032846,0.0348240572457387,-0.4202468758851023,0.0348240572457387,0.0398429723440412,0.1085008056805836,0.0119432047402742,0.0512212806823889,0.0012127149630544,0.1766074366911885,0.0012127149630544,0.001587462445208,0.0117724248333357
2014-01-10,-0.046872975364915,0.4434363915452259,0.2304035797146152,0.3514081846460621,0.2304035797146152,0.2691098772686978,0.8628486304406787,0.0021970758195599,0.1966358333466509,0.053085809545309,0.1234877122362409,0.053085809545309,0.0724201260435736,0.744507759053355
2014-01-13,-1.09564199434508,-1.480751705918273,-1.2655942268644282,-1.4774472933817702,-1.2655942268644282,-1.28181253368506,-0.4815350731638603,1.2004313797724646,2.192625614579876,1.6017287470725698,2.1828505047211184,1.6017287470725698,1.6430433715121129,0.2318760266869243
2014-01-14,0.7104525261289996,1.6805918955407142,1.075984662417709,1.913092948945322,1.075984662417709,1.089999609377828,0.0796380238379625,0.5047427918830768,2.824389119357131,1.1577429937581512,3.659924631304308,1.1577429937581512,1.1880991484438177,0.0063422148408158
2014-01-15,0.6579163692117651,0.7589552857199866,0.5152889148329634,0.8120218971535775,0.5152889148329634,0.5277673265618672,0.5840185309094132,0.4328539488767916,0.5760131257223065,0.2655226657497329,0.6593795614568952,0.2655226657497329,0.2785383509862605,0.3410776444455893
2014-01-16,-0.3946995963535963,0.0902108918492542,-0.1348033780458889,0.0400768472668362,-0.1348033780458889,-0.1305148529360235,0.4274724522937805,0.1557877713616918,0.0081380050082378,0.0181719507325828,0.0016061536868493,0.0181719507325828,0.0170341268369118,0.1827326974700584
2014-01-17,0.2527715571697217,-0.5015534017909723,-0.3902745828523615,-0.5565001013165306,-0.3902745828523615,-0.3878872047187157,0.4085895223902606,0.0638934601140059,0.2515558148480964,0.1523142500205848,0.3096923627653088,0.1523142500205848,0.1504564835844989,0.1669453978071013
2014-01-21,-0.2684198424443359,0.6690481072671294,0.2769859204698187,0.73400765588992,0.2769859204698187,0.2968922031647106,0.4566103167584553,0.0720492118178421,0.4476253698377282,0.0767212001385127,0.5387672389050152,0.0767212001385127,0.0881449802999957,0.2084929813702569
2014-01-22,-0.2507062214260265,0.4071439931011277,0.0574734472235448,0.2765057714951192,0.0574734472235448,0.1096504128433084,0.2607735129602738,0.0628536094617158,0.1657662311183311,0.0033031971357575,0.076455441670111,0.0033031971357575,0.0120232130367079,0.068002825061642
2014-01-23,-1.080697243392187,-0.5702061390804112,-0.8929311341099138,-0.3856953814533188,-0.8929311341099138,-0.8829407337282302,-0.3956143101025069,1.1679065318754724,0.3251350410449892,0.7973260102628168,0.148760927274421,0.7973260102628168,0.7795843392765456,0.1565106823578825
2014-01-24,-1.984322784832992,-2.173356861354757,-2.109646461003822,-2.0202396712952884,-2.109646461003822,-2.1518990018305613,-1.5566630305191886,3.937536914407361,4.7234800467978,4.450608190425951,4.081368329475295,4.450608190425951,4.630669314079366,2.4231997905851843
2014-01-27,-0.2599802287116174,-1.085377996783955,-0.4888232923261316,-0.9208205024438596,-0.4888232923261316,-0.5519349762946238,-0.9924605409599614,0.0675897193209449,1.178045395902751,0.2389482111205587,0.847910397720962,0.2389482111205587,0.3046322180573469,0.9849779253625393
2014-01-28,0.5709056818132189,0.35086207097108,0.6121908511444599,-0.0942016989471859,0.6121908511444599,0.643228467163488,0.7727958753328665,0.3259332975266163,0.1231041928461151,0.3747776382249783,0.0088739600845362,0.3747776382249783,0.4137428609694904,0.5972134649314914
2014-01-29,-1.198527468134862,-1.1418884434617915,-1.0261676387288874,-1.0868913133435167,-1.0261676387288874,-1.037954669539592,-0.3252002069795043,1.4364680918737625,1.3039092173115931,1.0530200227744204,1.1813327270215948,1.0530200227744204,1.0773498960190435,0.1057551746195124
2014-01-30,0.6953141146603754,1.75404784719086,1.1204049508506286,1.84542083606384,1.1204049508506286,1.1483564471814909,0.672501027862879,0.4834617180459417,3.0766838502348905,1.2553072538905996,3.405578062178561,1.2553072538905996,1.3187225297832958,0.4522576324766287
2014-01-31,-0.9494334830052312,-0.4679234335895884,-0.6486303697573044,-0.2973211130980033,-0.6486303697573044,-0.6328602004169779,-0.2941283670512117,0.9014239386514448,0.2189523397022699,0.4207213565714974,0.0883998442938357,0.4207213565714974,0.4005120332718174,0.0865114963042123
2014-02-03,-2.098726357689187,-2.6398564866034744,-2.309663228816655,-2.338947235002633,-2.309663228816655,-2.4509773129244565,-1.5359481147737035,4.40465232445932,6.96884226986244,5.334544230547776,5.470674168126465,5.334544230547776,6.0072897884703895,2.359136611276894
2014-02-04,0.4701124935777281,0.8609904270221964,0.7612079911712782,0.8595990885001225,0.7612079911712782,0.7909659678216855,0.1354541848888979,0.2210057566178694,0.7413045154238641,0.5794376058230128,0.7389105929502413,0.5794376058230128,0.6256271622520956,0.0183478362039157
2014-02-05,-0.0324367342434876,-0.4965277203586341,-0.2030318590478722,-0.4421315836321217,-0.2030318590478722,-0.2260554306783523,0.4079938648404107,0.0010521417283826,0.2465397770845419,0.041221935788435,0.1954803372450478,0.041221935788435,0.0511010577391753,0.1664589937474153
2014-02-06,1.2121109982079887,1.129565639385913,1.236303252960314,1.2283523427603291,1.236303252960314,1.2443170827658372,1.127203609960363,1.4692130719767669,1.2759185336813066,1.528445733280254,1.508849477964789,1.528445733280254,1.5483250024628834,1.2705879783076743
2014-02-07,1.053759997592704,1.6800870025302717,1.3214212922079904,1.8220486151689328,1.3214212922079904,1.2770085789527068,0.5316395490540456,1.1104101325265754,2.822692336071153,1.746154231500635,3.3198611560390248,1.746154231500635,1.6307509107188116,0.282640610118389
2014-02-10,0.0487806751812169,0.5393512135337861,0.1568034662345604,0.5656215834042976,0.1568034662345604,0.1581861653346408,0.0556911591628484,0.0023795542711353,0.2908997315403677,0.0245873270231729,0.3199277756127847,0.0245873270231729,0.0250228629032783,0.0031015052089017
2014-02-11,1.2138547319851816,1.0281868765289155,1.1001356953851575,1.0996483571810731,1.1001356953851575,1.0837697036193594,0.6273514107755002,1.473443310362817,1.0571682530662878,1.210298548260584,1.209226509451033,1.210298548260584,1.174556770483194,0.3935697926020103
2014-02-12,-0.1929075119394119,0.2441038763886117,-0.0269304015631438,0.1555784588139287,-0.0269304015631438,0.0307929178722535,0.1403813130356917,0.0372133081626543,0.0595867024679466,0.0007252465283521,0.0242046568469173,0.0007252465283521,0.0009482037910873,0.0197069130496248
2014-02-13,0.3978654634457654,0.9330602308222948,0.5793241362750423,0.8839181784503827,0.5793241362750423,0.6185830136723693,0.7251088499631151,0.1582969270029136,0.8706013943421539,0.3356164548708238,0.7813113461950425,0.3356164548708238,0.3826449448039907,0.5257828442948314
2014-02-14,0.7880317809646092,0.0790364151965455,0.4797662713805263,0.1178407936742847,0.4797662713805263,0.4626104599804945,0.3785948625448154,0.6209940878102539,0.0062467549271207,0.2301756751543728,0.0138864526537853,0.2301756751543728,0.2140084376833647,0.1433340699453276
2014-02-18,-0.1485900686818715,0.6753259976259438,0.1157800743024931,0.4235156002696225,0.1157800743024931,0.1825757728267608,0.1614518645206706,0.0220790085108833,0.4560652030694763,0.0134050256054908,0.1793654636717386,0.0134050256054908,0.0333339128232889,0.0260667045572009
2014-02-19,-0.5585368686628751,-0.8184765769124391,-0.6545856467982497,-0.7250989282792732,-0.6545856467982497,-0.6710804667768643,0.2997462985077326,0.3119634336557298,0.6699039069543039,0.4284823689942829,0.5257684557917507,0.4284823689942829,0.450348992889454,0.0898478434690867
2014-02-20,0.5760529398653501,0.6958114835626334,0.6013325902815457,0.5211365697820188,0.6013325902815457,0.6336561920201378,0.6398869702193215,0.3318369895275126,0.4841536206576329,0.3616008841347133,0.271583324364169,0.3616008841347133,0.4015201696854617,0.4094553346564628
2014-02-21,-0.185667013432536,-0.0969410886313478,-0.1920550749062524,-0.2543311887554155,-0.1920550749062524,-0.1638960797692659,-0.0327279371757899,0.0344722398769575,0.0093975746650308,0.0368851517972462,0.0646843535737427,0.0368851517972462,0.0268619249637335,0.0010711178717824
2014-02-24,0.6427848414602991,0.6909025659752117,0.6167463480648212,0.6317026925397918,0.6167463480648212,0.6143946066868774,0.1502490364530358,0.4131723524111418,0.4773463556711317,0.3803760578512936,0.3990482917620228,0.3803760578512936,0.3774807327259227,0.0225747729550657
2014-02-26,-0.0539034790304882,-0.0210599099302347,-0.1326917386936155,-0.2502712712841016,-0.1326917386936155,-0.0629011424483016,-0.2709775071802409,0.0029055850515902,0.0004435198062695,0.0176070975175347,0.0626357092301603,0.0176070975175347,0.0039565537213015,0.0734288093976175
2014-02-27,0.4572557632488694,0.6240644887577099,0.4935878866371388,0.6290080078128508,0.4935878866371388,0.4719567028351964,0.1842038705121219,0.2090828330243061,0.3894564861284219,0.243629001834917,0.3956510738926914,0.243629001834917,0.2227431293510699,0.0339310659116465
2014-02-28,0.301056683619446,-0.2506999068481836,0.2778871606797594,-0.1001095555719265,0.2778871606797594,0.2617529667664863,-0.0362365625248073,0.0906351267519392,0.0628504432936879,0.0772212740706584,0.0100219231168086,0.0772212740706584,0.0685146156110573,0.0013130884636142
2014-03-03,-0.9460120263510992,-0.7179178739014647,-0.7405881878043588,-0.7530792063884053,-0.7405881878043588,-0.7267186996017342,0.0221656705336701,0.8949387540009127,0.5154060736671994,0.5484708639153442,0.5671282910945904,0.5484708639153442,0.5281200683508356,0.0004913169502072
2014-03-04,1.3994296192518545,1.730687250886952,1.5152293854515366,1.3957167921046327,1.5152293854515366,1.5675534257907882,0.5411449355288841,1.9584032592393896,2.995278360382636,2.295920090535841,1.9480253637628464,2.295920090535841,2.457223742708436,0.2928378412485601
2014-03-05,-0.2180119394057317,0.137819475574879,-0.0053365779740162,0.194921260698681,-0.0053365779740162,-0.0344159050764873,0.1000908315104004,0.0475292057234484,0.0189942078477346,2.8479064472755462e-05,0.0379942978723631,2.8479064472755462e-05,0.0011844545222337,0.0100181745524433
2014-03-06,0.3765169756290286,-0.1343038897532518,0.1716949158601179,-0.1679620003319159,0.1716949158601179,0.1627973990964576,-0.2257132707229448,0.1417650329368305,0.0180375348028536,0.0294791441322129,0.0282112335554985,0.0294791441322129,0.0265029931525713,0.0509464805804493
2014-03-07,0.187532974018055,-0.3660538863458534,0.0537939385607309,-0.4721240330700083,0.0537939385607309,0.0641289930822768,0.1901229091120943,0.0351686163440565,0.1339954477089029,0.0028937878258757,0.2229011026022903,0.0028937878258757,0.0041125277537467,0.0361467205692456
2014-03-10,-0.2070879295587558,-0.0409426219676674,-0.0463356252015485,0.0793279488253492,-0.0463356252015485,-0.0870421751361114,0.0208383302958052,0.0428854105689322,0.0016762982935873,0.0021469901628183,0.0062929234648372,0.0021469901628183,0.0075763402524254,0.000434236009517
2014-03-11,-0.4115393350716398,-0.630901149284947,-0.5095076179252814,-0.4012796680732805,-0.5095076179252814,-0.5399767259119255,-0.2438283713457407,0.1693646243112074,0.398036260169067,0.2595980127238945,0.1610253720090022,0.2595980127238945,0.2915748645265626,0.0594522746731164
2014-03-12,-0.0683618593505272,0.3741146264539689,0.0305153074108299,0.4207039381662439,0.0305153074108299,0.0460691506086565,0.3622027570470143,0.0046733438138612,0.1399617537267927,0.0009311839863774,0.1769918035885868,0.0009311839863774,0.002122366637803,0.1311908372124584
2014-03-13,-1.4249709338400969,-1.4658654285438577,-1.177009932020802,-1.51035199824133,-1.177009932020802,-1.1721236811561575,-0.517153078046416,2.0305421622891173,2.148761454600068,1.3853523800756131,2.281163158591579,1.3853523800756131,1.3738739239270616,0.2674473061328824
2014-03-14,-0.2686580471169857,-0.3532645339244419,-0.2825787581649674,-0.6490699719991977,-0.2825787581649674,-0.2052574601632427,-0.122783865275294,0.0721771462807125,0.1247958309288532,0.0798507545660551,0.4212918285510392,0.0798507545660551,0.0421306249526651,0.0150758775719415
2014-03-18,1.6698485434406904,2.0497274843222733,1.6761402592585894,2.1475790100369667,1.6761402592585894,1.6854981935428484,0.9883759102140264,2.788394158030996,4.201382759986115,2.8094461687074515,4.612095604351358,2.8094461687074515,2.8409041604362053,0.9768869398914052
2014-03-19,-0.7004173721405268,-0.595100770658141,-0.6150535593061313,-0.6465806635336319,-0.6150535593061313,-0.6264270501923184,-0.2434588225077682,0.4905844951962412,0.3541449272379134,0.3782908808151407,0.4180665544555916,0.3782908808151407,0.3924108492126493,0.0592721982568689
2014-03-20,0.6689634821132485,0.2708742050219689,0.6022339367196353,0.3045807093455582,0.6022339367196353,0.5667173295133108,0.1936864690822808,0.4475121404010825,0.0733728349462836,0.3626857145368297,0.0927694085054434,0.3626857145368297,0.3211685315706984,0.0375144483055613
2014-03-21,-0.173370485360287,-0.9887850255922288,-0.2936985363948364,-1.1133853535346132,-0.2936985363948364,-0.2783498651367946,-0.1816877805524362,0.0300573251940615,0.9776958268354248,0.086258830280469,1.2396269454653956,0.086258830280469,0.0774786474216717,0.0330104496020702
2014-03-24,-0.1600586754877722,-1.185524282058919,-0.4876538949937361,-0.9814588456088892,-0.4876538949937361,-0.5289245623156221,-0.3998703881418415,0.0256187795988999,1.4054678233513151,0.2378063213025618,0.9632614656239336,0.2378063213025618,0.2797611926207724,0.1598963273127069
2014-03-25,0.5586958259663606,0.1863450086206708,0.4394241920648026,0.3405217581734155,0.4394241920648026,0.3998387484385849,0.1465461154615244,0.3121410259522338,0.0347244622378378,0.1930936205718045,0.1159550677895141,0.1930936205718045,0.159871024752934,0.0214757639568624
2014-03-26,-0.6060528955848448,-1.4436526742044185,-0.7024971200665743,-1.2989086232617288,-0.7024971200665743,-0.7873327073941725,-0.8102253349749937,0.3673001122467747,2.0841330437375687,0.4935022037018309,1.68716361158368,0.4935022037018309,0.6198927921326376,0.6564650934353408
2014-03-27,-0.0292146909588657,-0.5368783429956921,-0.1901880841274423,-0.5528684439337965,-0.1901880841274423,-0.2001350415521849,-0.0370906546380715,0.000853498167822,0.2882383551778,0.036171507344067,0.3056635162977775,0.036171507344067,0.0400540348570947,0.0013757166614806
2014-03-28,0.3610311038697419,0.1089925449094458,0.4629512997768188,0.2340981014895523,0.4629512997768188,0.4601769805205756,0.5758192197039591,0.1303434579614043,0.0118793748458375,0.2143239059650459,0.0548019211210127,0.2143239059650459,0.2117628534010342,0.3315677737804763
2014-03-31,0.8212440290962065,1.0349889684237048,0.7892887011329989,0.6767223320848456,0.7892887011329989,0.8818765743129885,0.5216819898785438,0.6744417553261709,1.0712021647587646,0.6229766537362165,0.457953114742352,0.6229766537362165,0.7777062923220119,0.272152098563637
2014-04-01,0.4543418120737791,1.6309732677427358,0.7014659430600536,1.7276100978040838,0.7014659430600536,0.7373685199113923,0.3150874633641022,0.2064264821984852,2.6600738000914177,0.4920544692731303,2.984636650034636,0.4920544692731303,0.5437123341563174,0.0992801095692244
2014-04-02,0.2440317530284977,0.1969923731392389,0.2849261279041829,0.2073894435724939,0.2849261279041829,0.2893368917932064,0.5448066607881681,0.0595514964861617,0.0388059950750291,0.0811828983624708,0.0430103813053086,0.0811828983624708,0.0837158369525536,0.296814297639154
2014-04-03,-0.0027125206270709,-0.9094520927323207,-0.1127082642389949,-0.7780893764239475,-0.1127082642389949,-0.1548164141382338,-0.3942998706906471,7.357768152285363e-06,0.8271031089751978,0.0127031528277671,0.6054230777038074,0.0127031528277671,0.0239681220866211,0.155472388026661
2014-04-04,-0.9691820474740016,-2.630345826359916,-1.2616514258563742,-2.736736023679259,-1.2616514258563742,-1.3233986335322128,-0.0632741950264832,0.939313841145898,6.9187191662490255,1.591764320365422,7.489724063303762,1.591764320365422,1.751383943234928,0.0040036237562494
2014-04-07,-1.021745419814452,-1.169020263947533,-1.080835182980323,-0.8975349046692899,-1.080835182980323,-1.1401096410002467,-0.8566368418917546,1.0439637029118107,1.366608377519959,1.1682046927681091,0.8055689050997112,1.1682046927681091,1.2998499935017114,0.733826678886279
2014-04-08,0.0632276597240819,0.8112838033203914,0.374358024432315,0.8650380219646437,0.374358024432315,0.407845164887399,0.7130622984029884,0.0039977369541842,0.6581814095299995,0.1401439304568657,0.7482907794445035,0.1401439304568657,0.1663376785220296,0.5084578414037525
2014-04-09,1.107484080528819,1.7094540502369078,1.085898956046606,1.7430033133337832,1.085898956046606,1.0733886717466572,0.4382812782100369,1.226520988624764,2.9222331498713685,1.1791765427431085,3.0380605502925464,1.1791765427431085,1.152163240634053,0.1920904788294237
2014-04-10,-1.6374598225688737,-3.1513631200110046,-2.1105915074922734,-3.1794948237434486,-2.1105915074922734,-2.1278635526762955,-0.8877171028697084,2.681274670527287,9.931089514165494,4.454596511498507,10.109187334211382,4.454596511498507,4.527803298808186,0.7880416547273884
2014-04-11,-0.8911854049903659,-1.3502335794607123,-0.953205144259062,-1.1801236604465182,-0.953205144259062,-0.989721203835382,-0.3522411117527993,0.7942114260678426,1.8231307191032884,0.908600047041939,1.392691853945689,0.908600047041939,0.9795480613213576,0.124073800808848
2014-04-14,0.9098495843676104,0.572396852625324,0.8183683881893848,0.8029254242412412,0.8183683881893848,0.7779564188159958,0.1873722612287659,0.8278262661739134,0.3276381568953769,0.6697268187876917,0.6446892368929772,0.6697268187876917,0.605216189577009,0.0351083642779809
2014-04-15,0.5508085201726604,0.2846522059238355,0.6734582113406398,0.3797786534760852,0.6734582113406398,0.657356516665466,0.1363492682824086,0.3033900258947959,0.0810268783373056,0.4535459624221338,0.1442318256361084,0.4535459624221338,0.4321175900025551,0.0185911229611482
2014-04-16,0.9929451833191266,1.282321146448533,1.0433825888179191,1.2885349336581164,1.0433825888179191,1.0474956114267615,0.9919929529949452,0.985940137076654,1.6443475226290798,1.088647226648383,1.6603222752573266,1.088647226648383,1.0972470559583254,0.9840500187916316
2014-04-17,-0.0993607705793909,0.2271155734139376,0.1362968261737882,0.0409190202463174,0.1362968261737882,0.1573382401906906,0.3721990512242523,0.0098725627301303,0.0515814836871417,0.0185768248250478,0.0016743662179185,0.0185768248250478,0.0247553218263034,0.1385321337322335
2014-04-21,0.2478267398136961,0.6335619001156386,0.3767994738389568,0.7164756910407083,0.3767994738389568,0.3669305449612806,-0.0462853274465554,0.0614180929666854,0.4014006812781384,0.1419778434853146,0.5133374158522604,0.1419778434853146,0.1346380248255823,0.0021423315368348
2014-04-22,0.3950941899014971,0.9637157944424508,0.4083770842982622,0.8073620893530146,0.4083770842982622,0.4527650487475309,0.4288526399937153,0.1560994188939203,0.9287481324578442,0.1667718429799499,0.6518335433244651,0.1667718429799499,0.204996189367354,0.1839145868295792
2014-04-25,-0.9302138457220398,-2.085708770934964,-0.8629610453958251,-1.5645020661519258,-0.8629610453958251,-0.9561954356022944,-0.1540072784059439,0.8652977987729868,4.350181077155039,0.7447017658706553,2.4476667149936446,0.7447017658706553,0.9143097110666611,0.0237182418020059
2014-04-28,0.5319963037326115,-0.0284663905876807,0.3230795533208884,0.3370954800723351,0.3230795533208884,0.238175182830668,-0.0183041293525703,0.283020067185161,0.0008103353930903,0.1043803977740248,0.1136333626851981,0.1043803977740248,0.0567274177164221,0.0003350411513556
2014-04-29,0.5252974133454329,0.7127004869098239,0.4749512631766084,0.8137406602469317,0.4749512631766084,0.4654600781124123,0.3585905068101216,0.2759373724674026,0.5079419840415,0.2255787023930559,0.6621738621391123,0.2255787023930559,0.216653084316413,0.1285871515743398
2014-04-30,0.2745933423618688,0.2680183481009167,0.2987552324704183,0.2244268347981247,0.2987552324704183,0.33049535487501,0.4703962635799835,0.0754015036694625,0.0718338349187441,0.0892546889284537,0.0503674041775047,0.0892546889284537,0.1092271795939588,0.2212726447900093
2014-05-01,-0.1325484316986506,0.3129094775458419,-0.0143326176117188,0.3439619621186339,-0.0143326176117188,-0.0045827413967048,0.0832311752874792,0.0175690867457718,0.0979123411380117,0.0002054239276037,0.1183098313845005,0.0002054239276037,2.1001518709071963e-05,0.006927428539735
2014-05-02,-0.2780692110109283,-0.0861435057587316,-0.1349334303038187,-0.1870787064040278,-0.1349334303038187,-0.0916989587650562,0.6869390183248705,0.0773224861122401,0.0074207035844046,0.0182070306135555,0.0349984423898044,0.0182070306135555,0.0084086990385954,0.4718852148971367
2014-05-05,0.1068918297337973,0.34272805890467,0.1869457233608725,0.4851570869238199,0.1869457233608725,0.1558382348156741,-0.4624241749089292,0.0114258632638391,0.117462522360563,0.0349487034829198,0.2353773989924069,0.0349487034829198,0.0242855554304651,0.2138361175402039
2014-05-06,-0.7866701675716159,-1.3942870153653828,-0.9028997640356607,-1.3567844756190746,-0.9028997640356607,-0.913269365081489,-0.5782477117934546,0.6188499525471542,1.9440362812165075,0.8152279838956521,1.8408641132809271,0.8152279838956521,0.8340609331963461,0.3343704161943661
2014-05-08,0.910133647723358,-0.719680489701269,0.4226167349051809,-0.4534364042621536,0.4226167349051809,0.3529537558042679,-0.454485128455291,0.8283432567182254,0.5179400072566583,0.1786049046219159,0.2056045727101912,0.1786049046219159,0.1245763537363388,0.2065567319870224
2014-05-09,0.1953663405291904,0.5015912177850185,0.1518336195539968,0.4306305437602075,0.1518336195539968,0.1794589106699111,-0.0823243715960745,0.0381680070117675,0.2515937497590578,0.0230534480268678,0.1854426652192119,0.0230534480268678,0.0322055006188311,0.0067773021586885
2014-05-12,0.6738684146297025,1.7525371474442997,0.9626232902744136,1.5911224874327428,0.9626232902744136,1.0518469831099475,0.8282619551740296,0.4540986402355486,3.071386453172203,0.9266435989787378,2.5316707700141587,0.9266435989787378,1.1063820758774985,0.6860178663887062
2014-05-13,0.1195553950471723,-0.3310121533041797,0.0421707394035806,-0.0441592358741144,0.0421707394035806,-0.0432275024647976,0.1695600334658388,0.0142934924848854,0.1095690456350698,0.0017783712618447,0.0019500381129856,0.0017783712618447,0.001868616969344,0.0287506049489363
2014-05-14,-0.6088744363935777,-0.7177468901333464,-0.4712130811625354,-0.4964212527036979,-0.4712130811625354,-0.5453584007867988,-0.0414260091760665,0.3707280792935969,0.51516059829609,0.2220417678586901,0.2464340601359087,0.2220417678586901,0.2974157853087346,0.0017161142362555
2014-05-15,-1.011257454332164,-0.7670860298927651,-0.9405875621160416,-0.7843946620243741,-0.9405875621160416,-0.9171318494353324,-0.5798540097568329,1.0226416389423687,0.5884209772566441,0.8847049620073983,0.6152749858123321,0.8847049620073983,0.8411308292486731,0.3362306726310772
2014-05-16,0.270228779541486,0.521969645415906,0.373995756988521,0.6158814597376487,0.373995756988521,0.3986869370391034,-0.5095595322134,0.073023593292481,0.2724523107356066,0.1398728262454169,0.379309972448577,0.1398728262454169,0.158951273765622,0.259650916869539
2014-05-20,-0.7120415736211719,0.1539668375368317,-0.2682174754783993,0.3647722231243533,-0.2682174754783993,-0.2994427998759479,0.0719698735572871,0.5070032025649148,0.0237057870610931,0.0719406141520057,0.133058774763083,0.0719406141520057,0.0896659903975469,0.0051796626998519
2014-05-21,0.9648410031802104,0.8421341366769477,0.8083301565924459,0.9758612705781672,0.8083301565924459,0.7721158840328369,0.8546395555991829,0.9309181614177944,0.709189904156628,0.6533976420567681,0.9523052194144346,0.6533976420567681,0.5961629383758092,0.7304087699947689
2014-05-22,0.0605768532619117,0.5504317604247984,0.2359464872078837,0.4185567939687621,0.2359464872078837,0.2857308075749143,0.3572484861390064,0.0036695551511151,0.3029751228843426,0.05567074482574,0.1751897897774088,0.05567074482574,0.0816420943974127,0.1276264808486118
2014-05-23,0.3812569430273042,0.7545703446542673,0.423937234257786,0.7224455110243445,0.423937234257786,0.4645663301536167,0.0395098472041912,0.1453568566065251,0.5693764050316598,0.1797227785901409,0.5219275163992263,0.1797227785901409,0.2158218751123992,0.0015610280260985
2014-05-27,0.4160159892087431,1.2171764811400267,0.5969947749389869,1.2359220662917667,0.5969947749389869,0.6228574092717226,-0.3410736491500603,0.1730693032773291,1.481518586240418,0.3564027613044516,1.5275033539469105,0.3564027613044516,0.3879513522846822,0.1163312341445384
2014-05-28,-0.254112099238923,-0.283450847610377,-0.111469021325644,-0.2906128824436327,-0.111469021325644,-0.1446099174211522,-0.3215693922557175,0.0645729589796122,0.0803443830110411,0.0124253427152968,0.0844558474421967,0.0124253427152968,0.0209120282165524,0.1034068740357115
2014-05-29,0.3934259754336738,0.5398795271424296,0.5352758739255505,0.6299713824992959,0.5352758739255505,0.5164706616725981,-0.1507539178611241,0.1547839981459377,0.2914699038275333,0.2865202612067619,0.3968639427680741,0.2865202612067619,0.2667419443685313,0.0227267437504785
2014-05-30,0.1103127052213072,-0.1255275873808032,0.1842023624180351,0.0294411194462538,0.1842023624180351,0.134879977286889,0.104202679168301,0.012168892933243,0.0157571751936451,0.0339305103203851,0.0008667795142485,0.0339305103203851,0.0181926082729117,0.0108581983458518
2014-06-02,0.1581458852661559,-0.1278093793220552,0.0727548660923367,-0.1033497455100513,0.0727548660923367,0.076351309540991,0.5231373327590282,0.0250101210266161,0.016335237442689,0.0052932705401138,0.0106811698969923,0.0052932705401138,0.0058295224686242,0.2736726689262301
2014-06-03,-0.1272263615395941,-0.0736134360049882,-0.0379298613872488,-0.0774484189390605,-0.0379298613872488,-0.0426597220116123,0.3666784660812489,0.0161865470706035,0.0054189379604604,0.0014386743848559,0.0059982575961602,0.0014386743848559,0.001819851882108,0.1344530974876976
2014-06-04,0.0907828867679489,0.4138957887204826,0.1889868998570514,0.3618844237234485,0.1889868998570514,0.2175986501573848,0.4205687729459338,0.0082415325299222,0.1713097239205504,0.0357160483175791,0.1309603361336524,0.0357160483175791,0.0473491725503159,0.1768780927772484
2014-06-05,0.5872299120035362,1.0431934399189862,0.6504104782935938,0.8870693058759109,0.6504104782935938,0.7256358798903773,0.0229077504543374,0.3448389695516809,1.0882525530900071,0.4230337902741014,0.7868919534271704,0.4230337902741014,0.526547430184282,0.0005247650308781
2014-06-06,0.5223493872872448,0.5841996761305275,0.4617093474191693,0.4654291821895763,0.4617093474191693,0.4882280397800531,0.2612768144424277,0.27284888239936,0.3412892615910132,0.2131755214942352,0.2166243236336578,0.2131755214942352,0.2383666188274731,0.0682655737651827
2014-06-09,0.1111176651883305,0.3429112579533578,0.093829079027121,0.0309078165640302,0.093829079027121,0.1371620939787634,0.2175018048564359,0.0123471355169059,0.1175881308311543,0.0088038960710777,0.0009552931247557,0.0088038960710777,0.0188134400246391,0.0473070351158071
2014-06-10,0.0166759008997075,0.0404415839060381,-0.0246023896311783,0.1347181305618431,-0.0246023896311783,-0.0597087557406722,0.2228000433998657,0.0002780856708168,0.0016355217088291,0.0006052775755643,0.0181489747020778,0.0006052775755643,0.0035651355120992,0.049639859338982
2014-06-11,-0.6039994698264417,-0.139908896354942,-0.3543298663357971,-0.0792239776865909,-0.3543298663357971,-0.3634433572476456,-0.0822243993687239,0.3648153595506226,0.0195744992792579,0.1255496541775438,0.0062764386404854,0.1255496541775438,0.1320910739274397,0.0067608518515474
2014-06-12,-0.6533270727480082,-0.7949225856268557,-0.7114123963848035,-0.9005234724300849,-0.7114123963848035,-0.6928614263678818,0.1174427417135644,0.4268362639854811,0.6319019171396857,0.5061075977299687,0.8109425243975379,0.5061075977299687,0.4800569561485358,0.013792797581199
2014-06-13,0.2479864561976025,0.3024994738416584,0.3129633956301321,0.3119893099743644,0.3129633956301321,0.3080359578550388,0.6150215767024271,0.0614972824574454,0.0915059316744801,0.0979460870043426,0.09733732953828,0.0979460870043426,0.0948861513316712,0.3782515398095394
2014-06-16,0.0313856361873478,0.2421755825019111,0.0836357865342108,0.1156509091848361,0.0836357865342108,0.0779744506106208,0.2584379862793899,0.0009850581588845,0.0586490127601399,0.006994944789196,0.0133751327952792,0.006994944789196,0.0060800149480281,0.0667901927521461
2014-06-17,0.163658005837178,0.3725661158939068,0.21702325923408,0.0366605957723159,0.21702325923408,0.2935292300985892,0.1027368220421434,0.0267839428746018,0.138805510712272,0.0470990950485826,0.0013439992823811,0.0470990950485826,0.0861594089222705,0.010554854603319
2014-06-18,0.5820990997214008,0.5885486875891621,0.7689248112361751,0.6139547424575162,0.7689248112361751,0.7300755863303752,0.3537862291145232,0.3388393618964653,0.3463895576629252,0.5912453653345875,0.3769404257860751,0.5912453653345875,0.5330103617556411,0.1251646959110738
2014-06-19,0.0877064924151339,-0.0804846364806167,0.1276663282431723,-0.1001656406233674,0.1276663282431723,0.1211627363576735,0.0195887293960205,0.0076924288117659,0.006477776709417,0.0162986913670934,0.0100331555614896,0.0162986913670934,0.0146804086816791,0.0003837183193505
2014-06-20,0.1513120826664723,0.1996250847544909,0.1728556015696327,0.0484254823241523,0.1728556015696327,0.1847656861554412,-0.0214419159835145,0.0228953463608653,0.0398501744632376,0.0298790589939996,0.0023450273383267,0.0298790589939996,0.034138358780491,0.000459755761044
2014-06-23,-0.0579948821159644,0.0146279270279263,-0.0132467876733658,0.0703211708443975,-0.0132467876733658,-0.0263742061793898,-0.0221085171645807,0.0033634063516446,0.0002139762491343,0.0001754773836632,0.0049450670689269,0.0001754773836632,0.0006955987515929,0.0004887865312165
2014-06-24,-0.7058293182655211,-0.4202537406832057,-0.6456103946242596,-0.1520873242143204,-0.6456103946242596,-0.6616260379148672,-0.9529139553861562,0.4981950265231702,0.1766132065582271,0.4168127816468922,0.0231305541866718,0.4168127816468922,0.4377490140469253,0.9080450063696892
2014-06-25,0.2932100717336592,0.6735792431112382,0.4885532455618503,0.7289795997470743,0.4885532455618503,0.505436158502507,0.0820388982519984,0.0859721461660576,0.4537089967503085,0.2386842737490176,0.5314112568474046,0.2386842737490176,0.2554657103217714,0.0067303808264017
2014-06-26,-0.1268632085761736,-0.0162350951736395,-0.1179549508052484,-0.0108959203247735,-0.1179549508052484,-0.1277730220317583,0.3738665975261496,0.0160942736902417,0.0002635783152971,0.0139133704194685,0.0001187210797238,0.0139133704194685,0.0163259451591282,0.1397762327457799
2014-06-27,0.0339221023768795,0.4303083234779118,0.190905018955777,0.4569216758962106,0.190905018955777,0.2355921164545418,0.4216439181685358,0.0011507090296674,0.1851652532543712,0.0364447262625056,0.2087774179038017,0.0364447262625056,0.0555036453355303,0.1777835937285149
2014-06-30,-0.1498778968492192,0.2327476480243612,-0.0372335953337436,0.1310386041681974,-0.0372335953337436,0.0153932423969904,0.3423254333562093,0.0224633839639451,0.0541714676608719,0.0013863406214769,0.0171711157823495,0.0013863406214769,0.0002369519114925,0.1171867023225164
2014-07-02,0.8853247377746102,1.1179113010364414,0.7314161480977257,1.2851541660996582,0.7314161480977257,0.6880710832440983,0.420216853803334,0.7837998913156823,1.2497256769849892,0.5349695816981143,1.6516212306433078,0.5349695816981143,0.4734418155967068,0.1765822042203726
2014-07-03,0.5406264527906309,0.6304152107010224,0.5464577266607205,0.6069860165601497,0.5464577266607205,0.5553210625340316,-0.0176217826730276,0.2922769614569803,0.3974233378832144,0.2986160470272027,0.3684320242995583,0.2986160470272027,0.3083814824939258,0.0003105272245754
2014-07-07,-0.2584418966112987,-0.7696859967680195,-0.3931280911030786,-0.3140784519632506,-0.3931280911030786,-0.4789176927033339,-0.225016256869775,0.0667922139240451,0.5924165336207797,0.1545496960143504,0.0986452739876319,0.1545496960143504,0.2293621563842849,0.0506323158556845
2014-07-09,-0.226969421502339,-0.7326737142807795,-0.2440211008169188,-0.45607111992713,-0.2440211008169188,-0.2884554348182455,0.2781351873253244,0.0515151182971064,0.5368107715979934,0.0595462976439008,0.2080008664315866,0.0595462976439008,0.083206537876183,0.0773591824284932
2014-07-10,-0.4161877149490215,-0.5179678879297164,-0.4139677938001678,-0.3312773173196465,-0.4139677938001678,-0.4540327815521021,-0.6641046218986902,0.1732122140744879,0.2682907329263712,0.1713693343037782,0.1097446609705017,0.1713693343037782,0.2061457667239389,0.4410349488272023
2014-07-11,0.1697530640262188,0.4377371886842319,0.1469896634417224,0.6305019578663842,0.1469896634417224,0.1054666998797882,0.0728836493133982,0.0288161027462895,0.1916138463571748,0.0216059611587108,0.3975327188733437,0.0216059611587108,0.0111232247835333,0.0053120263372384
2014-07-14,0.6565674532727697,0.5629928186017575,0.4831845777309738,0.6353062830881148,0.4831845777309738,0.4754141434714479,0.3018809932882539,0.4310808206970906,0.3169609137971514,0.2334673361570594,0.4036140733312358,0.2334673361570594,0.2260186078126904,0.0911321341087028
2014-07-15,0.0308710516950252,-0.5426800356433032,-0.1933991763156857,-0.3826918232482599,-0.1933991763156857,-0.2253756301178864,-0.5943979249123221,0.0009530218327569,0.2945016210858169,0.0374032413995856,0.1464530315810774,0.0374032413995856,0.0507941746510343,0.3533088931400745
2014-07-16,0.4533076883380054,0.2167070593641764,0.4192326961482921,0.4557031147490474,0.4192326961482921,0.3542458494492269,0.9569930953815452,0.2054878603063462,0.0469619495782686,0.1757560535197662,0.2076653287919835,0.1757560535197662,0.1254901218520043,0.915835784607951
2014-07-17,-0.9461221523412048,-1.4226670263641832,-1.1904630539099268,-1.39115229888461,-1.1904630539099268,-1.1857325695247092,-0.1436701591355313,0.8951471271507537,2.023981467903908,1.4172022827245492,1.935304718691935,1.4172022827245492,1.4059617264316693,0.0206411146260288
2014-07-18,0.7240440752366384,1.5621549806105446,1.0212621215764002,1.5832199657273225,1.0212621215764002,1.050305188130746,0.4075349286288325,0.5242398228852788,2.440328183446331,1.04297632096673,2.5065854598776234,1.04297632096673,1.103140988214362,0.1660847180525076
2014-07-21,-0.283753721135356,-0.1680507573554072,-0.2322963707646372,-0.1462529613516839,-0.2322963707646372,-0.2516825752689673,-0.1086623238753158,0.0805161742581613,0.0282410570477259,0.0539616038704217,0.0213899287041371,0.0539616038704217,0.0633441186940194,0.011807500629984
2014-07-22,0.3618373765559723,0.7051709715697225,0.5003598871257555,0.6962500005169461,0.5003598871257555,0.5158143143832481,0.4262381343266935,0.1309262870729085,0.4972660991445864,0.2503600166444988,0.4847640632198474,0.2503600166444988,0.2660644069226603,0.1816789471543004
2014-07-23,-0.1573558709927315,0.3960042860509804,0.1752910632348088,0.6182599434310285,0.1752910632348088,0.1416014266035009,0.5161279090875015,0.0247608701358811,0.1568193945707467,0.0307269568499897,0.3822453576513386,0.0307269568499897,0.0200509640161466,0.2663880185390362
2014-07-24,-0.0165386253871392,-0.035547392201821,0.0488051551955595,-0.0753885532444251,0.0488051551955595,0.0565844756006001,0.0004547103608837,0.0002735261296961,0.00126361709235,0.0023819431736626,0.0056834339602875,0.0023819431736626,0.0032018028789949,2.067615122950372e-07
2014-07-25,-0.7239833526011943,-0.5053773112499321,-0.4860938593827177,-0.4535035343605641,-0.4860938593827177,-0.5191643971182204,0.3928108886650691,0.5241518948436652,0.2554062267262107,0.2362872401295853,0.2056654556775233,0.2362872401295853,0.2695316712351252,0.1543003942538413
2014-07-29,-0.2860928231796351,-0.1544039556166774,-0.4249947510634748,-0.1547664817053089,-0.4249947510634748,-0.4383664743888579,-0.0549486302395462,0.0818491034748939,0.0238405815100768,0.1806205384315049,0.0239526638594397,0.1806205384315049,0.1921651658681172,0.0030193519652023
2014-07-30,-0.1879505087361929,0.4537377529413267,0.0060913396397368,0.4293084726645415,0.0060913396397368,0.0307482816329558,0.5054356111923883,0.0353253937341937,0.2058779484442444,3.710441860662932e-05,0.1843057647015613,3.710441860662932e-05,0.0009454568233795,0.2554651570614231
2014-07-31,-1.8960917288367864,-2.1088164403833187,-2.020198218038689,-2.12422911458655,-2.020198218038689,-2.0320131286754743,-1.2580070467392788,3.595163844163273,4.447106779230971,4.081200840166696,4.512349331257159,4.081200840166696,4.12907735510949,1.582581729645682
2014-08-01,-0.4231227442342685,-0.3928734858784747,-0.2863206151249897,-0.3300498636573302,-0.2863206151249897,-0.2827713457609254,-0.7561091479502855,0.1790328566883382,0.154349575906304,0.0819794946455525,0.1089329125002222,0.0819794946455525,0.0799596339834448,0.5717010436141067
2014-08-05,-0.3881712395388365,0.0045029139144622,-0.2569331723221267,-0.1219661588757602,-0.2569331723221267,-0.1957145892144336,-0.1812323436868325,0.1506769112051168,2.0276233721057787e-05,0.0660146550395116,0.0148757439109072,0.0660146550395116,0.0383042004313745,0.0328451623982221
2014-08-06,0.0843944225577983,0.0508963954704341,0.0015623169160183,-0.0173953261210615,0.0015623169160183,0.0202641089551527,0.0946370234305408,0.0071224185588642,0.0025904430718828,2.440834146077193e-06,0.000302597370858,2.440834146077193e-06,0.0004106341117462,0.0089561662037927
2014-08-07,-0.4575986020886876,-0.462255384878633,-0.5572092405117981,-0.4223639770180041,-0.5572092405117981,-0.5395229629537382,-0.5518389018749679,0.209396480633521,0.2136800408492931,0.3104821377117349,0.1783913290824651,0.3104821377117349,0.2910850275543808,0.3045261736225704
2014-08-08,1.12787477279625,0.8254712923265566,1.146541212583467,0.7785705018125002,1.146541212583467,1.1276411141521,0.5138105841368079,1.2721015031101923,0.6814028544552755,1.3145567521523671,0.6061720262925684,1.3145567521523671,1.2715744823261892,0.2640013163710077
2014-08-11,0.0969383148564404,0.6938515192556983,0.2755584642493888,0.5736720990903986,0.2755584642493888,0.3106182454781793,0.4289855370318737,0.0093970368872063,0.4814299307734407,0.0759324672194816,0.3290996772747841,0.0759324672194816,0.0964836944239424,0.184028590982525
2014-08-12,-0.0569883494273549,-0.2748397683804511,-0.1637959685912799,-0.1339869790912229,-0.1637959685912799,-0.1987739211025049,0.0824604028862135,0.0032476719704543,0.07553689828342,0.0268291193267555,0.0179525105659918,0.0268291193267555,0.0395110717104648,0.0067997180441566
2014-08-13,0.54953160336202,1.0171704549679232,0.6684782151863076,1.1198386332721486,0.6684782151863076,0.6773342592711448,-0.0753185683424426,0.3019849830936325,1.034635734459652,0.4468631241786713,1.2540385645688337,0.4468631241786713,0.4587816987823903,0.0056728867371552
2014-08-14,0.370319502880071,0.4247948861057239,0.4336355753249845,0.5029109586201039,0.4336355753249845,0.4165934051919594,0.1862282648753042,0.1371365342133429,0.180450695261575,0.1880398121874303,0.2529194323001918,0.1880398121874303,0.1735500652494321,0.0346809666384664
2014-08-15,-0.3036223539104974,0.2674613903463799,-0.0061377306783057,0.4624330739254174,-0.0061377306783057,-0.015480389694453,0.085372260248259,0.0921865337941513,0.0715355953260186,3.767173787941587e-05,0.2138443478601105,3.767173787941587e-05,0.0002396424650921,0.0072884228198964
2014-08-18,1.049707319564137,0.967016107719499,0.8495518142763089,0.8238051376592473,0.8495518142763089,0.8983085132965101,0.2234137531431325,1.1018854567465255,0.9351201525889696,0.721738285140168,0.6786549048337714,0.721738285140168,0.8069581850609862,0.0499137050935005
2014-08-19,0.4790077459763274,0.4249977096990696,0.4988197546781009,0.4871591568732608,0.4988197546781009,0.502865198902058,0.9001983190119267,0.2294484207053218,0.1806230532494546,0.2488211476571207,0.2373240441254663,0.2488211476571207,0.2528734082668064,0.8103570135518986
2014-08-20,0.3512318439893222,-0.0227965641793861,0.2474731046194183,0.0142312026163138,0.2474731046194183,0.2222029495643623,0.5462797323810525,0.1233638082321395,0.0005196833383848,0.0612429375099735,0.0002025271279065,0.0612429375099735,0.0493741507951025,0.2984215460103144
2014-08-21,0.3549022015086069,0.1241253485217991,0.294555464699719,0.1563108685739506,0.294555464699719,0.2868257762671791,-0.0376630409194839,0.1259555726356558,0.0154071021456581,0.0867629217844674,0.0244330876343428,0.0867629217844674,0.0822690259312698,0.0014185046513027
2014-08-22,-0.2248768951700334,0.142150728599255,-0.1994589647823374,0.1413866146421345,-0.1994589647823374,-0.1846040767932175,-0.1321255680825154,0.0505696179813142,0.020206829641299,0.0397838786320417,0.0199901747999634,0.0397838786320417,0.0340786651686761,0.0174571657411274
2014-08-25,0.4439845259635825,0.4132857856095298,0.4776344146317369,0.3626503131911398,0.4776344146317369,0.4511351077362743,0.4059195617788371,0.1971222592951071,0.1708051405868862,0.2281346340406019,0.1315152496576317,0.2281346340406019,0.2035228854322198,0.1647706906347232
2014-08-26,0.1745281174037235,0.2911926530730461,0.1050541125247729,0.103057504342556,0.1050541125247729,0.1427243284467302,0.1311425185430456,0.0304600637644878,0.0847931612037193,0.0110363665583676,0.0106208492013159,0.0110363665583676,0.0203702339305701,0.017198360169813
2014-08-27,0.0894942271706835,-0.0222313200389719,0.0049998250071612,0.0370049926584755,0.0049998250071612,-0.0108053205503455,-0.1060795324359009,0.0080092166968779,0.0004942315906751,2.49982501022351e-05,0.0013693694816538,2.49982501022351e-05,0.0001167549521957,0.0112528672018193
2014-08-28,-0.2482290095828081,-0.2613256029920227,-0.1691328095421374,-0.1696429526746007,-0.1691328095421374,-0.1881997202506602,-0.2854869044547424,0.0616176411984618,0.0682910707791442,0.0286059072636169,0.0287787313921568,0.0286059072636169,0.0354191347024267,0.0815027726151512
2014-08-29,0.1104835013174247,0.4941153410448106,0.3314911875534921,0.3997142580347337,0.3314911875534921,0.3587874253231742,0.433301195188374,0.0122066040633573,0.2441499702558295,0.1098864074256244,0.1597714880762577,0.1098864074256244,0.1287284165700323,0.1877499257516734
2014-09-02,-0.1808206179016985,0.3904146166171141,-0.0544231286759246,0.3240502255539407,-0.0544231286759246,-0.0021575205774313,-0.0425670701816483,0.032696095858352,0.1524235728682881,0.0029618769348762,0.1050085486815598,0.0029618769348762,4.654895042039757e-06,0.0018119554638493
2014-09-03,0.0628167947412684,-0.5587996247341138,-0.0779415477878281,-0.6086392992854059,-0.0779415477878281,-0.1057755713901473,0.2465094283980775,0.0039459497015666,0.3122570206029864,0.0060748848715622,0.3704417966346299,0.0060748848715622,0.0111884715029121,0.0607668982891468
2014-09-04,-0.0509651267370067,-0.2250283712779068,-0.1535626069269506,-0.1186173866093553,-0.1535626069269506,-0.1729356245953732,-0.5176352274597039,0.0025974441433191,0.0506377678799874,0.0235814742462011,0.0140700844060332,0.0235814742462011,0.0299067302541918,0.2679462287072594
2014-09-05,0.396315974980965,0.4507952632894162,0.5023279382596159,0.5832987870361213,0.5023279382596159,0.4834680918525145,-0.0441138092043146,0.1570663520251128,0.2032163694041741,0.2523333575561564,0.3402374749578103,0.2523333575561564,0.2337413958395114,0.0019460281625146
2014-09-08,-0.1515072002966335,0.2045736031054853,-0.3077884826784509,0.1355343017946108,-0.3077884826784509,-0.2738221436860387,-0.3895200796481607,0.0229544317417242,0.0418503590875606,0.094733750069503,0.0183695469629526,0.094733750069503,0.0749785663728176,0.1517258924491094
2014-09-09,-0.5717151317349918,-0.8748416845333463,-0.6566472549267278,-0.8234343347591395,-0.6566472549267278,-0.6867667838804284,0.1766400211915545,0.326858191854759,0.7653479729971431,0.4311856174028071,0.6780441036602266,0.4311856174028071,0.4716486154414671,0.0312016970865528
2014-09-10,0.3218272511260234,0.7492697936051993,0.36394434933185,0.8113470646543602,0.36394434933185,0.3472225710749279,-0.4187218093786226,0.1035727795673325,0.561405223609178,0.1324554894105837,0.6582840593232466,0.1324554894105837,0.1205635138638833,0.1753279536493076
2014-09-11,-0.1155727774453877,0.1151408096064534,0.0881511849807121,-0.0567686628784799,0.0881511849807121,0.1320618067903384,0.4026940691237311,0.0133570668864411,0.0132574060368295,0.0077706314135037,0.0032226810850105,0.0077706314135037,0.0174403208127286,0.1621625133074283
2014-09-12,-0.3613194655248829,-0.528572682608429,-0.5980449610726171,-0.5737175035361044,-0.5980449610726171,-0.6402834771069004,-0.0176399203442054,0.130551756167187,0.279389080799871,0.357657775464348,0.3291517738637,0.357657775464348,0.4099629310561026,0.0003111667897499
2014-09-15,0.2565485866258918,-1.0718639931746088,-0.0710386535553841,-0.9716441889433566,-0.0710386535553841,-0.130730365489829,-0.3161141390387906,0.0658171772997427,1.148892419864218,0.0050464902989618,0.9440924299073932,0.0050464902989618,0.0170904284611042,0.0999281489002358
2014-09-16,0.5902561271321104,0.7464159191745495,0.7456519556098105,0.9234908465360082,0.7456519556098105,0.7190759072605352,0.1805563664259163,0.3484022956169981,0.5571367243971876,0.5559968389047347,0.852835343635793,0.5559968389047347,0.5170701604025618,0.0326006014569297
2014-09-17,0.1451497175192481,0.2069129836729003,0.1294822142884601,0.1546032222830329,0.1294822142884601,0.1189845352329652,-0.3336197314354484,0.0210684404959175,0.0428129828124219,0.0167656438170427,0.0239021563402968,0.0167656438170427,0.0141573196246047,0.1113021252030607
2014-09-18,0.6341220476371676,0.682360016820728,0.4879237575787913,0.7219613950619114,0.4879237575787913,0.4745274423516155,0.0430727567596576,0.4021107712995543,0.4656151925555842,0.2380695932098071,0.5212282559597413,0.2380695932098071,0.2251762935447658,0.0018552623748766
2014-09-19,0.0795639850739346,-0.2973005981062189,-0.0477402937138458,-0.0728985976263814,-0.0477402937138458,-0.1248842829664588,-1.302876889192988,0.0063304277208452,0.0883876456343154,0.0022791356438842,0.005314205535893,0.0022791356438842,0.0155960841320465,1.6974881883931976
2014-09-22,-0.6214615969661352,-1.1441272399386555,-0.8045609973506699,-0.9522788060171012,-0.8045609973506699,-0.8633707569746744,-0.8972122428572621,0.3862145165036991,1.3090271411696464,0.6473183984579046,0.9068349243893558,0.6473183984579046,0.7454090639990222,0.8049898087329587
2014-09-23,-0.6825632150839726,-0.4205452695042251,-0.5793240342941877,-0.2381667545328329,-0.5793240342941877,-0.6147292323444857,-0.0220131306237813,0.4658925425857694,0.1768583237023813,0.3356163367108931,0.0567234029647026,0.3356163367108931,0.3778920290988407,0.0004845779198596
2014-09-24,0.8999732939174502,1.0267845545500764,0.7801962174309509,1.0493736888711849,0.7801962174309509,0.7580579573677737,-0.0339216057098803,0.8099519297646252,1.054286521462599,0.6087061376935636,1.101185138895118,0.6087061376935636,0.5746518667286015,0.0011506753339365
2014-09-25,-1.5474276188338747,-1.9613420568722133,-1.6300883863057505,-2.135123555644704,-1.6300883863057505,-1.6034643385700678,-1.5124508213856236,2.3945322355298755,3.846862664055726,2.6571881471688847,4.558752597868884,2.6571881471688847,2.571097885065945,2.287507487110048
2014-09-26,0.9827513999240688,1.012288264713881,0.853926846933231,1.1387029263337585,0.853926846933231,0.8366595792462088,0.8903700958025497,0.965800314052717,1.0247275308774395,0.7291910599133297,1.296644354441065,0.7291910599133297,0.6999992515444432,0.7927589074994414
2014-09-29,-0.2453481630307546,-0.1406513350125181,-0.2550087857627876,-0.1615377417630857,-0.2550087857627876,-0.2430294473459641,-0.3322927671207781,0.0601957211025657,0.0197827980408036,0.0650294808162113,0.0260944420139173,0.0650294808162113,0.0590633122772847,0.1104184830807836
2014-09-30,-0.1660357776166352,-0.2769568362718089,-0.2789811661869117,0.056048073866829,-0.2789811661869117,-0.3623550428546583,-0.109628659798268,0.0275678794487607,0.0767050891576895,0.0778304910870092,0.0031413865841815,0.0778304910870092,0.1313011770822012,0.0120184430491643
2014-10-01,-1.4074504359830715,-1.5996123690520452,-1.333710386960968,-1.6107016372904743,-1.333710386960968,-1.3377533333610208,-1.0419382073112673,1.9809167297489387,2.5587597312242965,1.7787833962875752,2.5943597643702145,1.7787833962875752,1.7895839809185223,1.0856352278550174
2014-10-02,-0.0217850210546305,0.1832296824994856,0.0005138310472075,0.0282036132102963,0.0005138310472075,0.0490414633101227,-0.3030502135333269,0.0004745871423506,0.0335731165488622,2.640223450743684e-07,0.000795443798116,2.640223450743684e-07,0.0024050651235981,0.091839431922595
2014-10-03,1.2342341387144538,1.0202182199592147,1.110364569816025,1.034305992434526,1.110364569816025,1.0618470215846512,0.1972223030698006,1.5233339091682094,1.0408452163367483,1.232909477902726,1.06978888598597,1.232909477902726,1.1275190972481943,0.0388966368281563
2014-10-06,-0.1046350838813108,-0.4663167855916122,-0.1566346258933585,-0.274529911877738,-0.1566346258933585,-0.1898162001934313,-0.3159868406021774,0.0109485007788489,0.2174513445244937,0.0245344060287523,0.0753666725155986,0.0245344060287523,0.0360301898558727,0.0998476834337459
2014-10-07,-1.6167960707244335,-1.5746696553320092,-1.524163333900896,-1.4464966615275112,-1.524163333900896,-1.5271550775210223,-1.136932058212051,2.614029534309968,2.4795845234234286,2.323073868407894,2.0923525918102355,2.323073868407894,2.3322026307982404,1.2926145049902906
2014-10-09,-0.3603600185653115,-0.1567175408352299,-0.3566893314264022,0.2707398685269982,-0.3566893314264022,-0.4068564196180491,-0.7979503062740722,0.1298593429803916,0.0245603876054419,0.1272272791534137,0.0733000764100162,0.1272272791534137,0.165532146184418,0.6367246912828856
2014-10-10,-0.6935809476863778,-2.359532627068551,-1.1517102846274003,-2.5119634452980457,-1.1517102846274003,-1.1941184409698036,-1.6260838297382425,0.4810545309935339,5.567394218201018,1.326436579716528,6.309960350513628,1.326436579716528,1.4259188510641545,2.6441486213361896
2014-10-14,-1.3932992590642903,-1.1540442269030546,-1.5027384955798164,-1.572759560014076,-1.5027384955798164,-1.3332154014143096,-1.3492967949914292,1.941282825309101,1.331818077648269,2.25822298609749,2.47357263361567,2.25822298609749,1.7774633065683187,1.820601840974143
2014-10-15,-1.0688538271045565,-0.2808178771452793,-0.8133321486981497,-0.6444631915301136,-0.8133321486981497,-0.7093872478581853,-1.1954320875501503,1.142448503716057,0.0788586801243811,0.6615091841059492,0.4153328052371798,0.6615091841059492,0.5032302674238104,1.4290578759445105
2014-10-16,-0.1518942067291307,0.0491657078031652,0.0144956714568312,-0.5480692096340979,0.0144956714568312,0.1185812245861623,1.3114178817925397,0.0230718500378719,0.0024172668237862,0.0002101244909843,0.3003798585489447,0.0002101244909843,0.0140615068243538,1.7198168606852315
2014-10-17,1.6196702482429142,0.9685973080118716,1.2801813443832692,1.3241361790220352,1.2801813443832692,1.1919202367252606,1.2355601629362178,2.6233317130432634,0.9381807450878448,1.6388642745069546,1.7533366205950751,1.6388642745069546,1.4206738507152012,1.5266089162349732
2014-10-20,0.1175460923474333,1.344376637804945,0.9101116168173852,1.42105484333855,0.9101116168173852,0.9279430286165732,0.7707951042936219,0.0138170838261513,1.807348544275729,0.8283031550659548,2.0193968677759506,0.8283031550659548,0.8610782643580983,0.5941250928030154
2014-10-21,1.3032972794042517,2.367562308483267,1.9385360865204253,2.5842259481202965,1.9385360865204253,1.955457667830578,1.4536278901374593,1.698583798502524,5.605351284550616,3.757922158741926,6.678223750938245,3.757922158741926,3.823814690677403,2.1130340429854813
2014-10-22,-0.9280754869453638,-0.832330260898387,-0.7326077968841472,-0.5505646481239809,-0.7326077968841472,-0.7749025360345716,-1.6330355719493466,0.8613241094688742,0.692773663207177,0.5367141840554439,0.3031214317638829,0.5367141840554439,0.6004739403528105,2.6668051792519294
2014-10-23,1.3071119129919646,1.5832801935673697,1.2228325652846546,1.574565098534652,1.2228325652846546,1.2534096195639863,1.2136723636987232,1.7085415530855133,2.506776171342727,1.4953194827206489,2.479255249523438,1.4953194827206489,1.571035674415537,1.473000606406046
2014-10-24,0.7616238056166124,0.6920628702374779,0.7028685012031182,0.7387157341386948,0.7028685012031182,0.6594695051804864,0.3926200288909669,0.5800708212819313,0.4789510163613362,0.4940241299835177,0.5457009358640709,0.4940241299835177,0.4349000282629956,0.1541504870863437
2014-10-27,0.0744887792359756,0.0494556764146715,-0.1502721736806668,0.0988621292702035,-0.1502721736806668,-0.1412647845559211,-0.515773136596848,0.0055485782320659,0.0024458639296327,0.0225817261827124,0.0097737206038384,0.0225817261827124,0.0199557393556308,0.2660219284349508
2014-10-28,1.1105349751394222,1.7317346470998858,1.1868342458139376,1.4869077177915355,1.1868342458139376,1.28606433925071,1.0672679996724188,1.2332879310079172,2.998904887966166,1.408575527036738,2.210894561228033,1.408575527036738,1.6539614846923654,1.1390609831247662
2014-10-29,-0.1850230028741312,-0.3306738500625299,-0.1386316024766647,-0.3921354542978582,-0.1386316024766647,-0.1396556842079523,-0.663288634838247,0.0342335115925607,0.1093451951151765,0.0192187212052479,0.1537702145173876,0.0192187212052479,0.0195037101315913,0.4399518131055853
2014-10-30,1.2941916373753533,0.371066243874162,0.6210809640156638,0.2462158756979037,0.6210809640156638,0.5965357757880013,-0.4752605520741058,1.6749319942522978,0.137690157342879,0.3857415638626263,0.0606222574456856,0.3857415638626263,0.3558549317949925,0.2258725923577838
2014-10-31,1.128209866737678,1.404912744797866,1.1663102277224977,1.3942365715092715,1.1663102277224977,1.1867910743275107,1.0637823679929688,1.2728575034042489,1.9737798204954733,1.360279547290104,1.9438956173339288,1.360279547290104,1.4084730541034471,1.131632926452728
2014-11-03,-0.1396849733384657,0.1761879655499661,-0.0118933758992051,0.2659625219245657,-0.0118933758992051,-0.0085805607449137,-0.5193669237573001,0.0195118917765678,0.031042199204636,0.0001414523902797,0.0707360630684751,0.0001414523902797,7.362602269715527e-05,0.2697420014931211
2014-11-04,0.1012725842089033,-0.3297153316329765,-0.2833812080753587,-0.3136386255299426,-0.2833812080753587,-0.2943295390683076,-1.0176370009674984,0.0102561363123494,0.1087121999138436,0.0803049090902497,0.0983691874243116,0.0803049090902497,0.0866298775681624,1.0355850657381245
2014-11-05,0.577580632905841,-0.063043847200121,0.5684325469845496,-0.0712197170315633,0.5684325469845496,0.5407274354360921,1.0907996522238006,0.3335993875079119,0.0039745266697922,0.3231155604713421,0.0050722480940559,0.3231155604713421,0.2923861594332932,1.1898438812915644
2014-11-06,0.3991845526268951,0.3833168537548626,0.3768396332812532,0.2599868008474035,0.3768396332812532,0.3951097029678214,0.1038759847233976,0.1593483070559344,0.1469318103725267,0.1420081092115494,0.0675931366148674,0.1420081092115494,0.15611167737932,0.0107902202022555
2014-11-07,0.1107851431733271,-0.1280768023123112,0.0349484268151198,-0.0859382232302535,0.0349484268151198,0.0340984168851662,0.8713330926067251,0.0122733479479345,0.0164036672905468,0.0012213925368517,0.0073853782119728,0.0012213925368517,0.0011627020340745,0.7592213582715998
2014-11-10,0.2263072042597055,0.4111099236770826,0.3115343855882586,0.3704698681456991,0.3115343855882586,0.3148603813828894,0.1290448717084877,0.051214950699844,0.1690113693457766,0.0970536734038538,0.1372479232038917,0.0970536734038538,0.0991370597645786,0.01665257891426
2014-11-11,0.0065625576664643,0.1919853650806553,0.0696430088423895,0.2682496838499341,0.0696430088423895,0.0637023846232834,0.3425173360093121,4.306716312567038e-05,0.0368583804051525,0.0048501486806211,0.0719578928855895,0.0048501486806211,0.0040579938066927,0.117318125466916
2014-11-12,-0.0153133234687244,0.3123499570752882,-0.0701336245896719,0.1965509038071063,-0.0701336245896719,-0.0212296196449441,0.647817484588507,0.0002344978756577,0.0975624956849344,0.004918725298085,0.0386322577873903,0.004918725298085,0.0004506967502689,0.4196674933385804
2014-11-13,0.2301815295496374,0.107019835177293,0.0529725977297739,0.4301170899355384,0.0529725977297739,-0.0212341275694919,-0.5225595045132668,0.0529835365458106,0.0114532451213749,0.0028060961102404,0.185000711054616,0.0028060961102404,0.0004508881736374,0.2730684357571509
2014-11-14,-0.1022779462827357,0.1792782387553488,0.0240246130864035,0.2725850956005586,0.0240246130864035,0.0148643627178081,0.4343419313746872,0.0104607782958141,0.0321406868912198,0.0005771820339513,0.0743026343435657,0.0005771820339513,0.0002209492790065,0.1886529133502935
2014-11-17,0.0737161706039206,-0.3747410374673802,0.0735088758309952,-0.2653704257053541,0.0735088758309952,0.0233538211097127,0.2650915242964603,0.0054340738085063,0.1404308451621284,0.0054035548259366,0.0704214628390408,0.0054035548259366,0.0005454009604244,0.0702735162538208
2014-11-18,0.2268139389556256,0.6708551213746863,0.512079924412077,0.6716459485969386,0.512079924412077,0.5081849715283816,0.6060549501674768,0.0514445629045662,0.4500465938746451,0.2622258489858784,0.4511082802666815,0.2622258489858784,0.258251965287302,0.3673026026225027
2014-11-19,-0.0118005671298081,-0.5700924169153648,-0.1502248777829699,-0.461296756224909,-0.1502248777829699,-0.1944991205321906,0.047941584299203,0.0001392533845851,0.3250053638244021,0.0225675139049082,0.2127946973036231,0.0225675139049082,0.0378299078877956,0.0022983955051175
2014-11-20,0.1879167965643514,0.5578427143700299,0.1965149713115464,0.45903374639346,0.1965149713115464,0.2515086553370649,0.6323691450396861,0.0353127224310078,0.3111884939757227,0.0386181339495779,0.2107119803280153,0.0386181339495779,0.0632566037094585,0.3998907355982236
2014-11-21,0.512614040448246,0.2358618666949052,0.5223212603738253,0.2174391508097584,0.5223212603738253,0.5011275305243159,0.2381875558579433,0.262773154464676,0.0556308201608052,0.2728194990385014,0.0472797843048688,0.2728194990385014,0.2511288018493992,0.0567333117655809
2014-11-24,0.0439810765178501,0.8855700256696615,0.2859972285084541,0.7730915689613218,0.2859972285084541,0.3438591051146479,-0.6354551309254484,0.0019343350916689,0.7842342703645648,0.0817944147145169,0.5976705739990782,0.0817944147145169,0.1182390841702465,0.4038032234194787
2014-11-25,-0.0165807719431539,0.0706180941375971,-0.1150748113177923,0.0912447670766942,-0.1150748113177923,-0.1068051744968495,0.3871179274605171,0.0002749219982308,0.0049869152196265,0.0132422121998255,0.0083256075188801,0.0132422121998255,0.0114073452993024,0.1498602897613261
2014-11-26,0.0718901273852236,0.6089965486073857,0.2802028955001452,0.6915725831113453,0.2802028955001452,0.2615748287151961,-0.234059151636523,0.0051681904154636,0.3708767962157079,0.0785136626466653,0.4782726377112986,0.0785136626466653,0.0684213910173841,0.0547836864648089
2014-11-28,0.0027016497286979,0.0900516579006351,-0.2545655286559101,0.4574296141930218,-0.2545655286559101,-0.3370354565230463,-1.9723898667736668,7.298911256573836e-06,0.008109301090653,0.064803608379863,0.2092418519407767,0.064803608379863,0.1135928989536982,3.8903217865514432
2014-12-01,-0.2889471564152849,-1.3506488614019994,-0.6852732470835006,-1.1587036423375636,-0.6852732470835006,-0.7556419415576148,-0.8129422959870708,0.0834904592004791,1.8242523468065173,0.4695994231683644,1.3425941307663365,0.4695994231683644,0.5709947438409617,0.6608751766047303
2014-12-02,0.5763434530468192,0.6003081564112931,0.6364114596567206,0.422376126481005,0.6364114596567206,0.6465426293913177,-0.0359030948562823,0.3321717758699311,0.3603698826539255,0.4050195459823977,0.1784015922210979,0.4050195459823977,0.4180173716202388,0.0012890322202592
2014-12-03,0.1848061197312181,0.3916153140289659,0.375765979910977,0.1617609106517896,0.375765979910977,0.4356849019156297,0.9123056875753044,0.0341533018901093,0.1533625541820055,0.1412000716584568,0.0261665922148962,0.1412000716584568,0.1898213337572319,0.8323016675822489
2014-12-04,-0.0699349323267142,-0.1055332986737605,-0.1162496362450737,-0.0232351490877613,-0.1162496362450737,-0.1359477333562662,-1.9444213935214183,0.004890894759542,0.0111372771289651,0.0135139779271119,0.0005398721531304,0.0135139779271119,0.0184817862047064,3.780774555583775
2014-12-05,0.3273759296558794,0.2370424905646563,0.1663737426515178,-0.0083028894102666,0.1663737426515178,0.1819189812404455,0.0259124196221529,0.1071749993180513,0.0561891423330951,0.0276802222438734,6.893797255911828e-05,0.0276802222438734,0.0330945157355615,0.0006714534906745
2014-12-08,-0.5937555931911314,-0.8415578148660058,-0.7282994123169773,-0.7738420043093444,-0.7282994123169773,-0.7444020996508875,-2.303068435480023,0.3525457044457523,0.7082195557620464,0.5304200339812545,0.5988314476335034,0.5304200339812545,0.5541344859646499,5.3041242185044
2014-12-09,-0.2876523590529096,0.5422034337704014,-0.0237856573608146,0.3809637730305747,-0.0237856573608146,0.0799478277840225,0.3638690107455216,0.082743879668704,0.293984563592414,0.000565757496086,0.1451333963616912,0.000565757496086,0.0063916551673837,0.1324006569809245
2014-12-10,-1.517262416549441,-1.744715697068998,-1.6486095225712945,-1.638505592426675,-1.6486095225712945,-1.692475342311039,-2.444300881855306,2.3020852406734496,3.044032863598959,2.7179133579127512,2.684700576413489,2.7179133579127512,2.864472784330869,5.974606801038625
2014-12-11,0.3597665205865463,0.5139602884863674,0.4525462792593977,0.51007335059123,0.4525462792593977,0.4545607878189616,0.3758911295173915,0.1294319493349498,0.26415517814099,0.2047981348715248,0.2601748229833638,0.2047981348715248,0.206625509822595,0.1412941412498604
2014-12-12,-1.8093159071632767,-1.1657131860173142,-1.6346465435817352,-1.1175425296197374,-1.6346465435817352,-1.6011674489858545,-1.2597425909535094,3.2736240519140734,1.3588872320546377,2.672069322443714,1.2489013055088818,2.672069322443714,2.563737199691869,1.586951395462261
2014-12-15,-0.5802973161675975,-1.0463708709466917,-0.6362810672940926,-1.0020785804944654,-0.6362810672940926,-0.6511994185915887,-0.1888746775884974,0.3367449751513166,1.0948919995657376,0.4048535965969096,1.0041614814858029,0.4048535965969096,0.4240606827740231,0.0356736438341588
2014-12-16,-0.6538280776238522,-1.2525469693064095,-0.8525252460965012,-1.6446076613304808,-0.8525252460965012,-0.7804938998941325,1.134571090583532,0.4274911550893021,1.5688739103186722,0.7267992952318999,2.7047343597069133,0.7267992952318999,0.6091707277719521,1.2872515595879053
2014-12-17,1.6731616661857824,2.0992169379551453,2.0148061015694454,1.8292634560433043,2.0148061015694454,2.05718064805718,2.510229612999713,2.799469961193584,4.406711752597777,4.059443626921467,3.3462047916154947,4.059443626921467,4.231992218740958,6.301252709980691
2014-12-18,2.39817897498878,2.216363176640208,2.373139163855712,2.435233499093398,2.373139163855712,2.2850728025409794,0.9304483730420692,5.751262396078234,4.912265730766673,5.631789491025785,5.9303621951066745,5.631789491025785,5.221557712912486,0.8657341748966335
2014-12-19,0.149797085684856,0.3570405282271542,0.4559675654011466,0.3277131794683004,0.4559675654011466,0.4340766973081976,0.843384890359011,0.0224391668796761,0.1274779387967253,0.2079064206978488,0.1073959279972224,0.2079064206978488,0.1884225791459926,0.711298073285881
2014-12-22,0.8647832664598574,0.336112799724983,0.38031565245638,0.2773032155775043,0.38031565245638,0.3926077926016735,-0.2482991271756188,0.7478500979489807,0.1129718141389665,0.144639995503322,0.0768970733696238,0.144639995503322,0.1541408788115587,0.0616524565561741
2014-12-23,0.3597934972010853,-0.3351894778310537,0.1744894943896145,-0.3352631603614912,0.1744894943896145,0.1998876298000124,1.113824763004983,0.1294513606281874,0.1123519860486544,0.0304465836523433,0.1124013866955749,0.0304465836523433,0.0399550645470668,1.2406056026831058
2014-12-24,0.0334863087282335,0.1687407412685526,-0.0139287472757942,0.0886667347635007,-0.0139287472757942,0.0083199866928356,0.1042348762058976,0.0011213328722425,0.0284734377638606,0.0001940100006729,0.0078617898536209,0.0001940100006729,6.922217856896163e-05,0.0108649094176588
2014-12-29,0.0445122650830294,0.6980543318715201,0.4165424422024962,0.6874593574817812,0.4165424422024962,0.4648179189139376,0.3735165242473535,0.0019813417428218,0.4872798502445943,0.1735076061560199,0.4726003681892635,0.1735076061560199,0.2160556977434838,0.1395145938858238
2014-12-30,-0.3062888153713408,-0.6149837173903124,-0.4900607277808058,-0.7049715804744178,-0.4900607277808058,-0.4814585845789771,-0.1629814215281808,0.0938128384215792,0.3782049726552077,0.2401595169130531,0.4969849292765985,0.2401595169130531,0.231802368664792,0.0265629437633465
2014-12-31,-0.8937238094801049,-0.8700540469114879,-1.036428918775506,-1.0816167706721191,-1.036428918775506,-1.0266579810309746,-0.0519259056339999,0.7987422476316308,0.7569940445470577,1.0741849036741644,1.1698948385991836,1.0741849036741644,1.054026610014597,0.002696299675911
2015-01-02,0.0556534368746039,-0.1953108902554603,-0.0340045180707516,-0.1427269735432995,-0.0340045180707516,-0.0609685610333492,0.82495280868288,0.0030973050359555,0.0381463438523804,0.001156307249224,0.0203709889768297,0.001156307249224,0.0037171654344772,0.6805471365537724
2015-01-05,-1.875498543429981,-1.583036465994253,-1.8447215507429584,-1.651124166047531,-1.8447215507429584,-1.816572670279698,-2.476937620262684,3.517494786407981,2.506004452667574,3.402997599775506,2.726211011706156,3.402997599775506,3.299936266407113,6.135219974672567
2015-01-06,-0.7456310215485826,-1.294468991532442,-0.8933269124887846,-1.2121823605256363,-0.8933269124887846,-0.933781904434382,-1.019091924251071,0.5559656202955829,1.6756499700390175,0.7980329725767447,1.4693860751695038,0.7980329725767447,0.8719486450491015,1.038548350073751
2015-01-07,1.2180418877451638,1.2491719744382104,1.1562716479232131,1.1890119681453075,1.1562716479232131,1.1605296699349084,0.2679821327514914,1.483626040301802,1.5604306217218569,1.336964123791063,1.4137494603927778,1.336964123791063,1.3468291147992273,0.0718144234740379
2015-01-08,1.822104312083616,1.8264948075761165,1.7730232270553912,1.917766772081159,1.7730232270553912,1.755824459608283,1.2018492267112078,3.320064124113708,3.3360832821025146,3.143611363677913,3.677829392098588,3.143611363677913,3.08291953295872,1.444441563746328
2015-01-09,-0.9566726728630032,-0.6805351629644742,-0.8439402894368317,-0.6452249630902891,-0.8439402894368317,-0.8454704112167413,-0.5048092310428708,0.9152226030028427,0.4631281080310835,0.7122352121347233,0.4163152529948649,0.7122352121347233,0.7148202162430056,0.2548323597460945
2015-01-12,-0.5456589198355738,-0.840221692911587,-0.8126593003387722,-1.0331650822853649,-0.8126593003387722,-0.7779659183620251,-0.8370749957728284,0.2977436567961251,0.7059724932392132,0.6604151384271028,1.0674300872537248,0.6604151384271028,0.6052309701328691,0.7006945485480807
2015-01-13,-0.1541070639514248,-0.0688382996288845,-0.2581895102717448,-0.0903772092159879,-0.2581895102717448,-0.2243087427502561,-0.5472355484938757,0.0237489871597285,0.004738711495796,0.0666618232143634,0.0081680399456704,0.0666618232143634,0.0503144120742005,0.299466745535393
2015-01-14,-1.0649969783889184,-0.4768406312897091,-0.5830024197198858,-0.4899406386944478,-0.5830024197198858,-0.5640584159318265,-0.7267398270891638,1.1342185639775262,0.2273769876487683,0.3398918213992418,0.2400418294443234,0.3398918213992418,0.3181618965835213,0.5281507762775878
2015-01-15,-0.61229755422452,-1.48747398732299,-0.9290915347145516,-1.3646760279776158,-0.9290915347145516,-0.9660449225203211,-0.3029912099760899,0.374908294909329,2.212578862962554,0.8632110798782408,1.8623406613367623,0.8632110798782408,0.9332427923272932,0.091803673322775
2015-01-16,1.095893293644936,1.3809793353103763,1.3334893478396,1.2753659717407009,1.3334893478396,1.3545783238903442,1.8877342983128715,1.2009821110559458,1.907103924554289,1.7781938408016815,1.6265583618741015,1.7781938408016815,1.8348824355535744,3.5635407810267887
2015-01-20,0.0209011952009097,0.4405539123303971,0.1548750052890778,0.6994558041006971,0.1548750052890778,0.0899415440634766,-0.0067789858453392,0.0004368599608265,0.1940877496696192,0.0239862672632918,0.4892384218901527,0.0239862672632918,0.0080894813485223,4.5954649091310405e-05
2015-01-21,0.2226748512795268,0.2697843266474341,0.4720491566868883,0.4993011347397981,0.4720491566868883,0.4591523373388154,1.7457315555568156,0.0495840893923594,0.0727835829046094,0.2228304063288024,0.24930162315245,0.2228304063288024,0.2108208688836973,3.047578664066819
2015-01-22,1.4685959478919512,1.762152275989987,1.5154358001382195,1.8498703449685685,1.5154358001382195,1.560219379284195,1.3883542014053438,2.156774058164659,3.105180643776692,2.2965456643405657,3.4220202931941297,2.2965456643405657,2.434284511493958,1.92752738855987
2015-01-23,-0.796808348314625,0.1573787202704026,-0.550673692932809,0.1819967853370093,-0.550673692932809,-0.5342432360127316,0.1040505683462134,0.6349035439438807,0.0247680615939496,0.3032415160882576,0.0331228298730054,0.3032415160882576,0.2854158352253552,0.01082652077317
2015-01-26,0.0345156172369922,0.2913857587427483,0.2565158589374469,-0.0567463324469203,0.2565158589374469,0.3473724269053787,0.1249612194587682,0.0011913278332505,0.0849056603980871,0.0658003858864161,0.0032201462461764,0.0658003858864161,0.1206676029741326,0.0156153063686224
2015-01-27,-1.6625782111043004,-1.9097907715172413,-1.347826914874784,-2.611478336572853,-1.347826914874784,-1.2647420239433824,0.2433205359132608,2.764166308038776,3.647300790972421,1.8166373924608776,6.819819102389316,1.8166373924608776,1.599572387128403,0.0592048831971164
2015-01-28,-1.132721525875658,-0.9335985404909372,-1.3587495823831957,-0.6050193054743188,-1.3587495823831957,-1.35211033838275,-1.5694984222565913,1.283058055182079,0.871606234806808,1.8462004276265085,0.3660483599966271,1.8462004276265085,1.8282023671615144,2.463325297465929
2015-01-29,1.3030310299715842,0.9743891353861606,0.948953412967013,0.9848036613293818,0.948953412967013,0.9383490041734042,0.2352929386888406,1.6978898650688077,0.9494341871585896,0.9005125799817423,0.9698382513677556,0.9005125799817423,0.8804988536332192,0.0553627669968305
2015-01-30,-1.4568678640454225,-1.0337858912744853,-1.3077094111243877,-0.7904450647484497,-1.3077094111243877,-1.3382587469459606,0.2470083914960136,2.1224639732882715,1.068713268998182,1.7101039039432928,0.6248034003851808,1.7101039039432928,1.7909364737773723,0.0610131454694479
2015-02-02,1.135935143548341,0.8902403303410359,1.2879177186226798,0.9633257400028004,1.2879177186226798,1.2463165143981605,1.5350973241222616,1.2903486503481898,0.7925278457657167,1.6587320499422482,0.9279964813519432,1.6587320499422482,1.5533048540615797,2.356523794527328
2015-02-03,1.7436130614552312,1.0856483100777503,1.4336212205417898,0.9637583974159144,1.4336212205417898,1.4778907911429895,1.0840683070330457,3.040186508077284,1.1786322531746756,2.055269803987731,0.9288302485896917,2.055269803987731,2.184161190545252,1.1752040943134938
2015-02-04,0.0374347388743595,-0.233682544506698,-0.4164697065034053,-0.1881579869959876,-0.4164697065034053,-0.4139830603523238,-0.4473280104336663,0.0014013596745914,0.0546075316071248,0.1734470164350325,0.0354034280703822,0.1734470164350325,0.1713819742586757,0.2001023489185422
2015-02-05,1.19164916499474,1.020785509539025,1.0238806024834353,0.8253068415223764,1.0238806024834353,1.0317618690169934,0.8583555602640122,1.4200277324326611,1.042003056484847,1.0483314881418424,0.6811313826636409,1.0483314881418424,1.0645325543574395,0.7367742678361462
2015-02-06,-0.3393591956335673,-0.4353340043791491,-0.3424003889146327,-0.6481918749053827,-0.3424003889146327,-0.3357327366149772,-0.2714438897660822,0.1151646636610618,0.189515695368785,0.1172380263288917,0.4201527066933552,0.1172380263288917,0.1127164704349817,0.073681785291341
2015-02-09,-0.5348403054383489,-0.3882835716631583,-0.425624879230165,-0.2983151068491497,-0.425624879230165,-0.4487004715863159,0.1111824613233818,0.2860541523213863,0.150764132023499,0.1811565378196925,0.0889919029744196,0.1811565378196925,0.2013321132017822,0.0123615397059253
2015-02-10,0.7840318857896217,1.2956923347735665,1.0618932294575798,1.5315623488191157,1.0618932294575798,1.0166873273545551,0.0782438985518696,0.6147059979348304,1.6788186263909752,1.1276172307678485,2.3456832283203264,1.1276172307678485,1.0336531216033484,0.0061221076605952
2015-02-11,-0.0370245888005092,0.2823288062842295,-0.0029005685116301,0.3759896820063964,-0.0029005685116301,-0.0083601555037666,0.257599760740111,0.0013708201758467,0.0797095548578779,8.413297690660194e-06,0.1413682409752711,8.413297690660194e-06,6.989220004716052e-05,0.0663576367333624
2015-02-12,0.6152343720216871,1.1685029814573984,0.9598318580950462,1.1726799674573978,0.9598318580950462,0.9734258818381848,0.5070448604822732,0.3785133325169196,1.365399217674829,0.921277195814189,1.3751783060758835,0.921277195814189,0.947557947432448,0.2570944905414878
2015-02-13,0.2610411062956689,0.7429494906270759,0.4066454532854633,0.8258406990815068,0.4066454532854633,0.4193051471662703,0.2380193775679942,0.0681424591760667,0.5519739456230316,0.1653605246777399,0.6820128602594319,0.1653605246777399,0.1758168064401276,0.0566532240978554
2015-02-17,0.1565117074134389,0.1109148051801627,0.1596253194923438,0.0299679454700526,0.1596253194923438,0.1421230118011347,0.1296260470573935,0.0244959145574699,0.0123020940081534,0.0254802426230328,0.000898077755696,0.0254802426230328,0.0201989504834254,0.0168029120757256
2015-02-18,-0.0982586085535792,0.1447332040615042,-0.0314284220281253,0.1269334444484068,-0.0314284220281253,0.0102909244428246,-0.4712547773938212,0.0096547541548855,0.020947700357909,0.0009877457111779,0.0161120993195367,0.0009877457111779,0.0001059031258879,0.2220810652164999
2015-02-19,-0.2448200027817543,0.3730424932666983,-0.1062630993007247,0.4760098846081855,-0.1062630993007247,-0.1111980675512787,-0.2133381170722829,0.0599368337620581,0.1391607017826347,0.0112918462729956,0.226585410244698,0.0112918462729956,0.0123650102271387,0.045513152195947
2015-02-20,0.856296126385823,0.6328744308943252,0.6107796303298104,0.7044703527608879,0.6107796303298104,0.6100648497802086,-0.0533068546852725,0.7332430560633653,0.4005300452798159,0.3730517568258198,0.4962784779190498,0.3730517568258198,0.3721791209373484,0.0028416207564367
2015-02-23,-0.1301845259004601,0.1009585907505386,-0.0303320412945737,0.1447954854046539,-0.0303320412945737,-0.030722281063771,0.1845090654320851,0.0169480107839275,0.0101926370463347,0.0009200327290957,0.0209657325935693,0.0009200327290957,0.0009438585537613,0.0340435952266214
2015-02-24,0.5084391514170273,0.1440212215915118,0.2754940040330833,0.0345597788737788,0.2754940040330833,0.263903674945575,-0.232437006987458,0.2585103706936668,0.0207421122687113,0.0758969462581805,0.0011943783158044,0.0758969462581805,0.0696451496497797,0.0540269622172876
2015-02-25,0.0844303381438416,-0.0198283709207383,-0.0766077014015406,-0.2347829708149,-0.0766077014015406,-0.0776667318866323,0.4185105968575411,0.0071284819990834,0.0003931642933703,0.0058687399140276,0.0551230433846701,0.0058687399140276,0.00603212124195,0.1751511196820553
2015-02-26,-0.0556913394582417,0.4169356861286207,-0.1477063185743682,0.4870577669376142,-0.1477063185743682,-0.1411808269530855,0.0826393979631777,0.0031015252906531,0.1738353663675437,0.0218171565467927,0.2372252683342553,0.0218171565467927,0.019932025899157,0.0068292700957164
2015-02-27,-0.4496613385174625,-0.4896397904869332,-0.296068767526803,-0.4852337020495273,-0.296068767526803,-0.3076042126884962,-0.0447572647789125,0.202195319357316,0.2397471244280878,0.0876567151048401,0.2354517456046894,0.0876567151048401,0.0946203516637096,0.0020032127504896
2015-03-02,0.8562342593965258,0.8939226200415092,0.6106288914289237,0.949767895122662,0.6106288914289237,0.6244709748018651,0.1948300182268577,0.733137106964317,0.7990976506218765,0.3728676430477163,0.902059054605732,0.3728676430477163,0.3899639983699916,0.0379587360022777
2015-03-03,-0.4672342550248301,-0.5645791622252612,-0.454893723637251,-0.5428657836068769,-0.454893723637251,-0.4643987028944682,-0.8566433616341308,0.218307849068608,0.3187496304189777,0.2069282998045637,0.2947032590111084,0.2069282998045637,0.2156661552500645,0.7338378490318241
2015-03-04,-0.5866416639973927,-0.2565588242035776,-0.439816129142098,-0.301410684923668,-0.439816129142098,-0.445965986726787,-0.3376283004952531,0.3441484419376298,0.0658224302767222,0.1934382274535386,0.0908484009861547,0.1934382274535386,0.1988856613171968,0.1139928692953129
2015-03-05,0.2142860015835,0.3149565852682489,0.1195360619718384,0.1505605956893398,0.1195360619718384,0.11939316760284,0.1343009118262241,0.0459184904746437,0.0991976506038357,0.0142888701117351,0.0226684929743288,0.0142888701117351,0.0142547284702398,0.0180367349173552
2015-03-06,-1.550006474945227,-1.1188611781753577,-1.4275342485307394,-1.193648364342914,-1.4275342485307394,-1.4109106479686744,-1.0022172942300809,2.4025200723721283,1.2518503360279496,2.037854030728223,1.4247964176985135,2.037854030728223,1.9906688565513848,1.0044395048538646
2015-03-09,0.7750623398769361,0.3053354575194695,0.3936699946892563,0.3122484726498156,0.3936699946892563,0.3998089576982989,-0.6576333486146027,0.6007216306955112,0.0932297416186238,0.154976064718639,0.0974991086721426,0.154976064718639,0.1598472026558001,0.4324816212100555
2015-03-10,-1.866560452102966,-1.6862475772179548,-1.7106870531886451,-1.9196727349520155,-1.7106870531886451,-1.6638412415272112,-1.442445656370284,3.4840479213548288,2.8434308916734223,2.9264501939472503,3.685143409318151,2.9264501939472503,2.7683676770068115,2.0806494715815
2015-03-11,-0.1560991277419769,-0.2029716025852607,-0.1919499169325112,-0.5489874593581442,-0.1919499169325112,-0.0909023707780494,0.6632891317448254,0.024366937681806,0.041197471456029,0.0368447706103979,0.30138723053251,0.0368447706103979,0.0082632410130699,0.4399524722908043
2015-03-12,1.4626084005474271,0.889854332773506,1.2522721054237218,0.7139210074930253,1.2522721054237218,1.2651746001517397,0.2136231612064962,2.139223333351903,0.7918407335557816,1.568185426022361,0.5096832049398563,1.568185426022361,1.6006667688691143,0.0456348550038566
2015-03-13,-0.8186813036626341,-0.4410225673533303,-0.609321316658598,-0.4930696484920464,-0.609321316658598,-0.6053705685854796,-0.2658784532437729,0.6702390769667502,0.1945009049149228,0.3712724669345674,0.2431176782640702,0.3712724669345674,0.3664735253095068,0.0706913518993011
2015-03-16,1.2769756068733034,1.1784328333140923,1.3442889619502028,1.2795947899059017,1.3442889619502028,1.2983942265721982,0.8870697272264078,1.6306667005494415,1.3887039426326793,1.8071128132211536,1.6373628263543287,1.8071128132211536,1.6858275675960166,0.7868927009615334
2015-03-17,-0.7164711544788607,0.1606779669337503,-0.3325739985623739,0.1179269554449817,-0.3325739985623739,-0.2782971681932679,0.2403794810234204,0.5133309152002714,0.0258174090579633,0.1106054645197659,0.0139067668205227,0.1106054645197659,0.077449313824392,0.0577822948970889
2015-03-18,1.264376765454595,0.9151635760884352,1.2085115625505267,1.065623253527615,1.2085115625505267,1.1866998886604243,0.4267143591542284,1.598648605021424,0.8375243709989731,1.4605001968183156,1.1355529184587798,1.4605001968183156,1.4082566257466635,0.1820851443084038
2015-03-19,-0.6502563072553387,0.1914948315087013,-0.4884498475311038,0.0977023528203989,-0.4884498475311038,-0.4511053532728722,-0.5919677886543867,0.4228332651253494,0.0366702704945459,0.2385832535531585,0.0095457497466417,0.2385832535531585,0.2034960397514428,0.3504258628043646
2015-03-20,0.934563787609625,0.6795053532426866,0.8972345217324728,0.7138286789538536,0.8972345217324728,0.9247337951681028,0.4593462538329188,0.8734094731112483,0.4617275250854682,0.8050297869884991,0.5095513828970037,0.8050297869884991,0.8551325919260028,0.2109989809103362
2015-03-23,-0.064071393445931,-0.3077295813009094,-0.1747173158173575,-0.2918663422960055,-0.1747173158173575,-0.1658222397471398,0.0989979217711713,0.0041051434581033,0.094697495207633,0.0305261404464222,0.085185961765249,0.0305261404464222,0.0274970151947579,0.0098005885150109
2015-03-24,-0.580720429511752,-0.3247351215649314,-0.6158382825834895,-0.328033920811311,-0.6158382825834895,-0.5774008418354926,0.8259455638656275,0.3372362172523137,0.1054528991777908,0.3792567902953818,0.1076062532028414,0.3792567902953818,0.3333917321523355,0.6821860744693092
2015-03-25,-1.637938836713243,-2.3951105439678884,-1.466595021813647,-2.3219043642683044,-1.466595021813647,-1.5074097279377725,-1.0122499724166474,2.682843632813532,5.736554517826154,2.150900958008572,5.391239876808199,2.150900958008572,2.2722840878814288,1.0246500066575033
2015-03-26,-0.2277303975466461,-0.2701882426221284,-0.2380259551864185,-0.3245749155371379,-0.2380259551864185,-0.2366815435617843,-0.3998103259341667,0.0518611339667535,0.0730016864512341,0.0566563553424069,0.1053488757959402,0.0566563553424069,0.0560181530627888,0.1598482967235846
2015-03-27,0.1945833949040516,0.571158837673788,0.2365703758294171,0.4070948679279448,0.2365703758294171,0.2617829953942064,-0.3866292445603746,0.0378626975723861,0.3262224178528724,0.0559655427200716,0.1657262314932708,0.0559655427200716,0.0685303366775631,0.1494821727493259
2015-03-30,1.477502929240563,1.1428916534520237,1.21623968046154,1.1464061815437858,1.21623968046154,1.2305800920071508,0.6458123688714419,2.1830149059144444,1.3062013315303007,1.479238960329189,1.3142471330818035,1.479238960329189,1.5143273628443277,0.4170736157873433
2015-03-31,-1.1198701340515205,-0.9454876200472252,-0.8834638950921472,-1.12732130698736,-0.8834638950921472,-0.8277282786218969,-0.0399183791864167,1.2541091171405705,0.8939468396625658,0.7805084539313885,1.2708533291876896,0.7805084539313885,0.6851341032303686,0.0015934769968705
2015-04-01,-0.439417291612556,-0.422365692312583,-0.3973277701576431,-0.5189402671432569,-0.3973277701576431,-0.3861210119408534,0.2687889937220979,0.193087556168114,0.1783927780426875,0.1578693569384449,0.2692990008627148,0.1578693569384449,0.1490894358622287,0.0722475231461379
2015-04-02,0.3669410946868098,0.1373786775415789,0.3523442754392329,0.1100928644383967,0.3523442754392329,0.3527855948352618,0.5610447037626556,0.1346457669699543,0.0188729010430731,0.124146488434798,0.0121204388002512,0.124146488434798,0.1244576759232695,0.314771159620126
2015-04-06,0.6599188804129409,0.6197329696557232,0.6586997425284128,0.8070439679212713,0.6586997425284128,0.6583958567367414,0.4914494343445118,0.4354929287254693,0.3840689536783016,0.4338853508069973,0.6513199661581099,0.4338853508069973,0.4334851041681077,0.2415225465175406
2015-04-07,-0.0304195599018709,-0.1441458045126719,-0.2064014011717633,-0.158687858190401,-0.2064014011717633,-0.2674047798435159,0.582315840933795,0.0009253496246235,0.0207780129586054,0.0426015384056672,0.0251818363370568,0.0426015384056672,0.0715053162831592,0.3390917386024328
2015-04-08,0.15144626679642,0.8231822901471902,0.2679026091104943,0.7311925641758891,0.2679026091104943,0.2922433293999373,0.1628816994564529,0.0229359717265724,0.6776290828119729,0.0717718079682103,0.5346425659061117,0.0717718079682103,0.0854061635787603,0.0265304480178222
2015-04-09,0.3135396470200965,0.4784508188329902,0.4447561655731752,0.6376622377149652,0.4447561655731752,0.3800872165150246,0.7381194752837099,0.0983071102534867,0.2289151860419588,0.1978080468153536,0.4066131294076568,0.1978080468153536,0.1444662921581392,0.5448203597930993
2015-04-10,0.5493425158313774,0.4295259129044758,0.5189316335635196,0.4094510860028545,0.5189316335635196,0.4936047206841555,0.4044968943212727,0.3017771996999471,0.1844925098564233,0.2692900403129029,0.1676501918289169,0.2692900403129029,0.2436456202816832,0.1636177375155549
2015-04-13,-0.4473982398279082,-0.1548242351441489,-0.4591746276668458,-0.2901976053781853,-0.4591746276668458,-0.4317707223828008,-0.0314571486689072,0.2001651850011104,0.0239705437879707,0.2108413386929865,0.0842146501672329,0.2108413386929865,0.1864259567069656,0.0009895522023777
2015-04-14,0.3312966926391311,-0.2199982905339023,0.1628357652912624,-0.2625911127232391,0.1628357652912624,0.1503032083405662,0.0369806265379014,0.1097574985536269,0.0483992478378393,0.0265154864579911,0.0689540924812288,0.0265154864579911,0.0225910544374676,0.0013675667391357
2015-04-15,0.4199519067755712,0.6754324154713955,0.5135086608693579,0.6094661750473407,0.5135086608693579,0.5109852179778116,0.3994149307310418,0.176359604004438,0.4562089478695239,0.2636911447878411,0.3714490185268357,0.2636911447878411,0.2611058929918316,0.1595322868908829
2015-04-16,-0.0377696166383287,-0.0644387928645965,-0.0778797746659118,-0.1288650646025593,-0.0778797746659118,-0.0942024603259052,-0.4157263157565143,0.0014265439410063,0.0041523580258463,0.0060652593020131,0.0166062048750217,0.0060652593020131,0.0088741035314537,0.172828369612485
2015-04-17,-1.5555381707145444,-1.5288028004533407,-1.1375675981876396,-1.5285858645404045,-1.1375675981876396,-1.160203837720422,-0.1705514910287254,2.419699000549951,2.337238002673977,1.294060040446395,2.336574745272736,1.294060040446395,1.3460729450611952,0.0290878110921214
2015-04-20,1.163551334347804,1.26508575506711,0.9192762234207432,1.4961059381506558,0.9192762234207432,0.9222550075002748,0.3382822339352039,1.353851707662555,1.6004419676737198,0.845068774946704,2.238332978169654,0.845068774946704,0.8505542988593319,0.114434869796192
2015-04-21,-0.4743546044682481,0.3896613322431411,-0.1481767624114939,0.4197276987161037,-0.1481767624114939,-0.139750937291269,-0.4301831398402298,0.2250122907802281,0.1518359538454995,0.0219563529187523,0.1761713410695163,0.0219563529187523,0.0195303244737882,0.1850575338027987
2015-04-22,0.4928529347433679,0.4193145289297657,0.5074620009561437,0.558337722127905,0.5074620009561437,0.4759959746396365,-0.2718980795322086,0.2429040152851504,0.1758246741715912,0.2575176824144132,0.3117410119509776,0.2575176824144132,0.2265721678731374,0.0739285656533032
2015-04-23,0.1131353641703027,0.4140629351991599,0.2354954664485388,0.3637108110217177,0.2354954664485388,0.2677760867448758,0.5706088234305983,0.012799610625947,0.1714481143057436,0.0554581147178148,0.1322855540540757,0.0554581147178148,0.0717040326323992,0.3255944293768517
2015-04-24,0.1187283725887176,0.7099256197404186,0.2250262140581372,1.3248923947534017,0.2250262140581372,0.1611373789558583,0.1037639521841636,0.0140964264575653,0.5039943855638174,0.0506367970133385,1.7553398576754036,0.0506367970133385,0.0259652548967639,0.0107669577728773
2015-04-27,-0.2335284336139121,-0.6272274688951733,-0.4149903864416299,-0.2591756544378353,-0.4149903864416299,-0.4534784607065552,-0.4178540380073726,0.0545355293061673,0.3934142977366456,0.1722170208389733,0.0671720198532802,0.1722170208389733,0.2056427143247867,0.1746019970790667
2015-04-29,-0.0135036514849568,-0.7259531935809305,-0.0982027087035199,-0.8184276189029824,-0.0982027087035199,-0.1188159517019925,0.0212437222667527,0.0001823486034271,0.5270080392703519,0.0096437719967083,0.6698237673832055,0.0096437719967083,0.0141172303788502,0.0004512957357469
2015-04-30,-1.0871805135552857,-1.65020180121385,-1.0180511364075624,-1.6602638460808603,-1.0180511364075624,-1.0653853797275703,-0.8034883109120667,1.1819614690543347,2.7231659847294347,1.0364281163407292,2.7564760386032114,1.0364281163407292,1.1350460073372592,0.645593465772326
2015-05-01,1.0235221597582902,1.2861982823482454,1.086376271801401,1.4573912659037984,1.086376271801401,1.0551360126170082,0.7541516340236288,1.0475976115162748,1.6543060215155767,1.1802134039331114,2.123989301932676,1.1802134039331114,1.1133120051213192,0.5687446871005094
2015-05-04,0.2567908297010518,0.2302461924430576,0.2936456294242169,0.0792933051204477,0.2936456294242169,0.300893696400169,0.1804135279719086,0.0659415302185546,0.0530133091345255,0.0862277556799445,0.0062874282369244,0.0862277556799445,0.0905370165333571,0.0325490410752706
2015-05-05,-0.7900373136021419,-1.5588906417169568,-1.1907989281938556,-1.6467977938542846,-1.1907989281938556,-1.1966341362742694,-1.2673454849333274,0.6241589568836892,2.430140032832705,1.4180020873876351,2.711942973843339,1.4180020873876351,1.4319332560968667,1.6061645781808909
2015-05-06,-0.4820473288495144,-0.3992916938518561,-0.446565288921807,-0.674607656384578,-0.446565288921807,-0.3916981682396983,-0.9937881955637043,0.2323696272509518,0.1594338567790844,0.1994205572698169,0.4550954900526928,0.1994205572698169,0.1534274550023349,0.9876149776417636
2015-05-07,0.4589680588682384,0.5250798972537047,0.3766663522739519,0.4966017516681723,0.3766663522739519,0.379286857382488,0.431247142003857,0.2106516790612787,0.2757088984999611,0.1418775409353648,0.2466132997598971,0.1418775409353648,0.1438585201830838,0.1859740974864948
2015-05-08,1.4789134471516066,1.166029165182868,1.336810183819619,1.2888823625669308,1.336810183819619,1.2785111767611137,0.5367039510735204,2.187184984165848,1.359624014057056,1.7870614675638432,1.6612177445361132,1.7870614675638432,1.634590829103087,0.2880511310979278
2015-05-11,-0.4735894944437719,-0.1995775445588255,-0.5102547415113406,-0.4499132884309158,-0.5102547415113406,-0.454443884588794,-0.1146337551075052,0.2242870092475075,0.0398311962921299,0.260359901234805,0.2024219671067204,0.260359901234805,0.2065192442401531,0.0131408978100474
2015-05-12,-0.2042095396461147,-0.3487148310789839,-0.2954015158135171,-0.4060831277078461,-0.2954015158135171,-0.2897093633990765,-0.7252036118810372,0.0417015360824781,0.1216020334144442,0.0872620555449235,0.1649035066089868,0.0872620555449235,0.0839315152410981,0.5259202786853021
2015-05-13,-0.0428501754712227,0.1105054601962506,-0.0304936156355596,0.133669323672895,-0.0304936156355596,-0.0226367725044944,-0.415869706176914,0.0018361375379145,0.0122114567331851,0.0009298605945292,0.0178674880911691,0.0009298605945292,0.0005124234694202,0.1729476125156728
2015-05-14,1.0560971154170815,1.3776265007067463,1.0721548914049035,1.5351140553579443,1.0721548914049035,1.0706455457456074,0.3159071754852697,1.115341117192281,1.897854775449515,1.1495161111634609,2.3565751629575145,1.1495161111634609,1.1462818846249097,0.0997973435230809
2015-05-15,0.1112620235871713,-0.0495688382771651,0.0768174069250656,-0.016597458713547,0.0768174069250656,0.0610674610843758,0.5309234856089813,0.0123792378927122,0.0024570697281477,0.0059009140066911,0.0002754756357478,0.0059009140066911,0.0037292348032917,0.2818797475711901
2015-05-19,0.2177807858728352,0.4297555438065059,0.2399684957914765,0.2095353194046955,0.2399684957914765,0.2905767856097475,0.0853481163080605,0.0474284706953897,0.1846898274324256,0.0575848789724238,0.0439050500780277,0.0575848789724238,0.0844348683352931,0.0072843009573342
2015-05-20,-0.1475065075840607,0.0337021809132167,-0.0930958672491967,0.0351203653108672,-0.0930958672491967,-0.077133871681818,-0.3192043473613837,0.0217581697796465,0.0011358369983071,0.00866684049888,0.0012334400595687,0.00866684049888,0.0059496341606271,0.1018914153744069
2015-05-21,0.001824662987467,0.3749265034239859,0.2335159764998982,0.5349791010393217,0.2335159764998982,0.2129883053105403,0.8639114333681984,3.329395017832063e-06,0.1405698829697361,0.054529711280701,0.2862026385488407,0.054529711280701,0.0453640181990559,0.7463429647042952
2015-05-22,-0.2941979379520719,-0.028133164353178,-0.2236380628012989,-0.0510123871785517,-0.2236380628012989,-0.2211111223079287,-0.0187473051298013,0.0865524266952511,0.0007914749365229,0.0500139831335177,0.0026022636456544,0.0500139831335177,0.0488901284082718,0.0003514614496298
2015-05-26,-1.0502468274324317,-1.1185725799538762,-1.0335154142642595,-1.204376678994841,-1.0335154142642595,-1.0452061020214776,-0.9913616257657502,1.1030183985318875,1.2512046166246706,1.068154111521824,1.4505231849066416,1.068154111521824,1.0924557957029313,0.9827978730409112
2015-05-27,0.670899751862753,1.456569685751266,0.9120904921787636,1.62105418928708,0.9120904921787636,0.9151512167929712,0.3956070684601347,0.4501064770495035,2.1215952494495416,0.8319090659228994,2.627816684605192,0.8319090659228994,0.8375017495976556,0.1565049526156217
2015-05-28,-0.2031906420685311,-0.1688851738497139,-0.1267591534086388,-0.2290977477073874,-0.1267591534086388,-0.1281881896511698,-0.0229668467628301,0.0412864370242219,0.028522201946248,0.0160678829728748,0.0524857780045977,0.0160678829728748,0.0164322119660442,0.0005274760502273
2015-05-29,-0.6389184357875831,-0.5497849656917282,-0.6338445791358441,-0.6060229230665788,-0.6338445791358441,-0.6372700747430926,-0.616911902352178,0.4082167675892519,0.3022635085006547,0.4017589504998953,0.3672637832821604,0.4017589504998953,0.4061131481630668,0.3805802952637832
2015-06-01,0.1647364424969583,0.2541921680748574,0.2057301774185428,0.3010821645205755,0.2057301774185428,0.2067406347022487,0.3990935967027584,0.0271380954865536,0.0646136583105965,0.0423249059006651,0.0906504697923949,0.0423249059006651,0.0427416900370886,0.1592756989291439
2015-06-02,-0.1576971990025077,-0.1260894823488075,-0.1009160705638819,-0.2870422345374457,-0.1009160705638819,-0.0756870682846559,0.2028572341969758,0.0248684065732365,0.0158985575589902,0.0101840532980544,0.08239324440825,0.0101840532980544,0.0057285323055261,0.0411510574660466
2015-06-03,0.3565000174278097,0.4462968632792458,0.2116643425678087,0.2431567298742436,0.2116643425678087,0.261593004420406,0.3300793296258361,0.1270922624260286,0.1991808901728938,0.0448017939146626,0.0591251952831359,0.0448017939146626,0.0684308999616945,0.1089523638462413
2015-06-05,-1.2626960393784632,-0.6053114716761465,-1.0097782442233327,-0.9487182931142446,-1.0097782442233327,-0.9536088670656938,-1.3119280190995484,1.5944012878620577,0.3664019777427423,1.0196521025067566,0.9000663996896058,1.0196521025067566,0.909369871346316,1.7211551272984649
2015-06-08,-0.4655855116976197,-0.928264455162193,-0.6495537098383695,-1.0252988670147694,-0.6495537098383695,-0.6491247236381822,-1.439933783111464,0.2167698687027344,0.8616748987175631,0.4219200219647886,1.0512377667017696,0.4219200219647886,0.4213629068383464,2.0734092997456925
2015-06-10,1.3076691270807546,1.0905292662292063,1.2388794555485796,1.210021113249806,1.2388794555485796,1.214185044618536,0.9834594695708536,1.7099985459201426,1.1892540805024112,1.534822305380345,1.4641510945102998,1.534822305380345,1.4742453225753165,0.9671925282885848
2015-06-11,0.2162611178975505,0.1145759859526495,0.1737042624111738,0.067016326343028,0.1737042624111738,0.1903729221977553,-0.3913878250235479,0.0467688711142982,0.0131276565570217,0.0301731707798099,0.0044911879965152,0.0301731707798099,0.0362418495061126,0.1531844295766634
2015-06-12,-0.7820808178415583,-0.6198599997887301,-0.7018875011890289,-0.7755569240623036,-0.7018875011890289,-0.6627500585402096,-0.606859085288811,0.6116504056357206,0.3842264193380844,0.492646064325379,0.6014885424609817,0.492646064325379,0.4392376400950513,0.3682779493975724
2015-06-15,-0.6033525489975504,-0.4191820999004304,-0.4633205529385608,-0.4698710414048912,-0.4633205529385608,-0.4684139266293211,0.1010265467047003,0.3640342983818415,0.1757136328769344,0.2146659347752937,0.220778795550917,0.2146659347752937,0.219411606660299,0.010206363139077
2015-06-16,0.6348504150656387,0.5072626822051386,0.5673679086406269,0.5170780666329189,0.5673679086406269,0.5795204768846594,-0.0203327109965129,0.4030350495090137,0.2573154287579514,0.3219063437552387,0.2673697269928373,0.3219063437552387,0.335843983128623,0.0004134191364677
2015-06-17,0.1744562472032056,0.1843399728010596,0.1977730925124627,0.2932254739930873,0.1977730925124627,0.168481650702985,-0.136132284335842,0.030434982188226,0.0339812255722954,0.0391141961219431,0.0859811785984707,0.0391141961219431,0.0283860666236026,0.0185319988384945
2015-06-18,0.9991476140729008,1.3349704964632851,0.9853976761801558,1.396916113054442,0.9853976761801558,0.976514399228688,0.2552908453510887,0.9982959547075704,1.78214622642743,0.9710085802212512,1.9513746269111305,0.9710085802212512,0.9535803719009656,0.0651734157200734
2015-06-19,-0.5529436745955808,-0.3111822568751769,-0.5317615213403526,-0.4073736086510065,-0.5317615213403526,-0.4870652288854541,-0.7988144609416499,0.3057467072752635,0.0968343969939286,0.2827703155782062,0.1659532570253434,0.2827703155782062,0.2372325371892398,0.6381045430094987
2015-06-22,0.5746738940430429,0.7199154291821054,0.6076317350836994,0.6760416956469038,0.6076317350836994,0.5927240825634985,0.9330448485517384,0.3302500844945945,0.518278225174455,0.369216325480827,0.4570323742531408,0.369216325480827,0.351321838050741,0.8705726894089367
2015-06-23,0.1339599356329749,0.1187310634942125,0.0635735414213575,0.1033787338653476,0.0635735414213575,0.0751124183955955,0.7706958312472008,0.0179452643547908,0.0140970654384667,0.004041595168853,0.0106871626156023,0.004041595168853,0.005641875397235,0.5939720643018137
2015-06-24,-0.9858850645197108,-0.7329177864124242,-0.7380525755900911,-0.5321759123397836,-0.7380525755900911,-0.7598093243653918,0.2854041911290049,0.9719693604430344,0.5371684816396879,0.5447216043351671,0.283211201674681,0.5447216043351671,0.5773102093925933,0.0814555523140015
2015-06-25,-0.4222654614976948,-0.1997928478902332,-0.2977994976722945,-0.2343061754421764,-0.2977994976722945,-0.2866798318477934,-0.3351317141897106,0.1783081199738611,0.0399171820680898,0.0886845408138709,0.0548993838503399,0.0886845408138709,0.082185325988279,0.1123132658557338
2015-06-26,0.3143099226650107,-0.6217217735262683,-0.0390123226794916,-0.660728015006432,-0.0390123226794916,-0.0287132369994338,-0.6019760590484167,0.098790727485685,0.3865379636766485,0.0015219613208487,0.4365615098143398,0.0015219613208487,0.0008244499789856,0.3623751756674628
2015-06-29,-1.971361766115301,-2.4313844039785297,-2.108692194926016,-2.356026851223506,-2.108692194926016,-2.1207482281591314,-2.170454480262925,3.886267212901237,5.91163011991003,4.4465827729418965,5.550862523686148,4.4465827729418965,4.497573047240095,4.710872650893403
2015-07-02,0.7572814492479492,1.018219450266478,0.9258922284331984,1.2147528680955455,0.9258922284331984,0.8532884402200052,1.0151095779482402,0.5734751933750742,1.0367708489009684,0.8572764186729939,1.4756245305463542,0.8572764186729939,0.7281011622130893,1.0304474552422542
2015-07-06,-0.2627993464185262,-0.3454404797171285,-0.3869223312543963,-0.332849534643045,-0.3869223312543963,-0.3767188329185439,-0.3039183279369148,0.0690634964780045,0.1193291250271998,0.1497088904233368,0.1107888127120916,0.1497088904233368,0.1419170790755098,0.0923663500559701
2015-07-07,0.5264131770560971,0.110497149258744,0.6062523086486957,0.2350662376840589,0.6062523086486957,0.5759510250006608,0.2117183753311442,0.2771108329782938,0.0122096199943091,0.3675418617418734,0.0552561360989384,0.3675418617418734,0.3317195831993118,0.0448246704528592
2015-07-08,-1.481912426939284,-1.770431880608661,-1.679294892719651,-1.764905976662499,-1.679294892719651,-1.6472288669692037,-1.4632154561698525,2.1960644411170787,3.13442904387552,2.820031336714304,3.114893106459009,2.820031336714304,2.7133629401766464,2.1409994711743487
2015-07-09,0.189395057215659,0.2570342534530561,0.2259645323714135,0.0104554305199195,0.2259645323714135,0.2189612850316857,-0.9311840914200687,0.0358704876977227,0.0660666074481698,0.0510599698898316,0.0001093160273568,0.0510599698898316,0.0479440443427271,0.8671038121138189
2015-07-10,1.1996450395065583,1.518139924799708,1.2262958517226932,1.553099239310419,1.2262958517226932,1.2186478299877366,0.924245222161541,1.4391482208126924,2.304748831270864,1.5038015159522855,2.412117247146602,1.5038015159522855,1.4851025335338193,0.8542292306884364
2015-07-13,1.2159022570727396,1.4661991761816595,1.1005278427365044,1.6673445049999656,1.1005278427365044,1.070457205609795,0.8440402246311299,1.4784182987545824,2.149740024235778,1.211161532638264,2.7800376983535804,1.211161532638264,1.145878629041931,0.7124039007953683
2015-07-14,0.4212828132458934,0.6560101777646273,0.4443342901147857,0.6430984463079762,0.4443342901147857,0.4430049494564644,0.4543368488085192,0.1774792087363743,0.4303493533307779,0.1974329613718105,0.4135756116437329,0.1974329613718105,0.1962533852429246,0.2064219721852553
2015-07-15,-0.018875216855737,-0.1166228662795977,-0.0735233113865361,0.108066639747402,-0.0735233113865361,-0.1392529713885465,0.4297777625033634,0.0003562738113511,0.0136008929392689,0.0054056773172415,0.0116783986262947,0.0054056773172415,0.0193913900405393,0.1847089251423974
2015-07-16,0.3875222111953358,1.2520572347513623,0.7982668716293924,1.458694170531249,0.7982668716293924,0.7635027392401396,0.4681337937923506,0.1501734641697224,1.5676473190932283,0.6372299983409768,2.1277886831418487,0.6372299983409768,0.5829364328271965,0.219149248890419
2015-07-17,-0.1867393641154331,0.905385914816342,0.1105640525435406,1.4411971036208324,0.1105640525435406,0.0203347093853979,-0.6008068751620903,0.0348715901102363,0.8197236547478245,0.0122244097148508,2.0770490914850765,0.0122244097148508,0.0004135004057885,0.3609689012420355
2015-07-20,0.0771737701593897,0.1671493020961179,0.0770872345996532,0.3870569783074371,0.0770872345996532,0.0508186901747776,-1.495053887389023,0.0059557908006143,0.0279388891912192,0.0059424417382219,0.1498131044564838,0.0059424417382219,0.00258253927108,2.235186126197029
2015-07-21,-1.005697231767848,-0.2059849510987593,-0.4270764044629494,-0.1126781160217147,-0.4270764044629494,-0.4460519641655404,-0.3424096084142267,1.0114269219855123,0.0424298000791582,0.1823942552490007,0.012696357830203,0.1823942552490007,0.1989623547359365,0.117244339934384
2015-07-22,-0.3815840039737422,-0.7003956418974974,-0.2390537261033747,-1.1005907615091115,-0.2390537261033747,-0.1879776614985687,-0.4819528381081288,0.1456063520886329,0.4905540551890073,0.0571466839639073,1.2113000243192065,0.0571466839639073,0.0353356012224704,0.2322785381604802
2015-07-23,-0.6695531497836185,-0.4915799788098051,-0.5692209947696617,-0.4424642580708655,-0.5692209947696617,-0.5948613467646111,-0.2922393513020029,0.4483014203851646,0.2416508755666484,0.3240125408865632,0.1957746196702015,0.3240125408865632,0.3538600218746069,0.0854038384494155
2015-07-24,-0.9256880863146544,-1.1290747297584662,-1.0761020194054138,-0.992453184078004,-1.0761020194054138,-1.0714314339548243,-0.5562441213581465,0.856898433144887,1.2748097453791536,1.1579955561684097,0.9849633225865684,1.1579955561684097,1.147965317666491,0.3094075225454964
2015-07-27,-0.7309094914986638,-0.964680595966486,-0.579175006922778,-0.8435489885268677,-0.579175006922778,-0.5986105956189284,-1.311729875462379,0.5342286847628352,0.9306086522342544,0.335443688644,0.7115748960447015,0.335443688644,0.3583346451872481,1.7206352661805482
2015-07-28,1.081676495691972,0.9760189601788968,1.231002184803006,0.9062408720473272,1.231002184803006,1.1998605150268162,0.5412651179155931,1.1700240413324647,0.9526130106286946,1.515366378989774,0.8212725181690999,1.515366378989774,1.4396652555204168,0.2929679278721808
2015-07-29,0.6846923649914318,0.4416659411311005,0.7292110507604485,0.4675436442435026,0.7292110507604485,0.7577977864474437,1.5817570320678858,0.4688036346775601,0.1950688035552207,0.5317487565511574,0.2185970592724949,0.5317487565511574,0.5742574851446455,2.5019553084962065
2015-07-30,-0.0304904255675262,0.3330303361645322,0.0028454898986964,0.3701231987618874,0.0028454898986964,0.0287161817656553,0.5646254199156032,0.0009296660512888,0.1109092048058613,8.096812763583639e-06,0.1369911822617316,8.096812763583639e-06,0.0008246190951981,0.3188018648148712
2015-07-31,-0.3167459047229964,-0.0098273716949031,-0.2274201152523918,-0.210851778798133,-0.2274201152523918,-0.1724209138517199,0.5938067901608809,0.1003279681587895,9.657723442978382e-05,0.0517199088214111,0.0444584726223368,0.0517199088214111,0.0297289715334622,0.3526065040411684
2015-08-04,-0.7898105938920935,-0.4443115444784806,-0.5012923991510513,-0.468352294879819,-0.5012923991510513,-0.4963402596205317,0.1561491904317523,0.6238007742241815,0.1974127485568529,0.2512940694466169,0.2193538721191929,0.2512940694466169,0.2463536533201768,0.0243825696724916
2015-08-05,-0.0582596222950124,0.6714979156558551,0.310982898558392,0.758436051543555,0.310982898558392,0.3256794732551827,0.0823617590025821,0.0033941835899575,0.450909450730158,0.0967103631957791,0.575225244280978,0.0967103631957791,0.1060671192997732,0.0067834593459994
2015-08-06,-0.6906529725273425,-1.6379700646190314,-0.7783182188635467,-1.6150402323474131,-0.7783182188635467,-0.7892276823967451,-0.6716296014622443,0.4770015284608541,2.682945932588074,0.6057792498149237,2.608354952100787,0.6057792498149237,0.6228803346613376,0.451086321560333
2015-08-07,-0.2665264944944598,-0.2553668799503288,-0.2879027637921453,-0.1862611794820912,-0.2879027637921453,-0.2866521841528899,-0.7190208418654462,0.0710363722675053,0.0652122433755656,0.0828880013991558,0.0346932269820598,0.0828880013991558,0.0821694746796223,0.5169909710368951
2015-08-10,1.3821136012856754,1.1484213053368422,1.2726901022967103,1.1664461823917855,1.2726901022967103,1.2855666467758862,1.1379697199328518,1.910238006858859,1.3188714945515765,1.619740096484011,1.3605966964163707,1.619740096484011,1.6526816033025962,1.2949750834840532
2015-08-11,-1.212667952189988,-1.2824248217020149,-0.9603129968501636,-1.301224849676817,-0.9603129968501636,-0.951218883928378,-0.3581589823070441,1.4705635622686593,1.6446134233174448,0.9222010519193424,1.693186109416455,0.9222010519193424,0.9048173651419492,0.1282778566072175
2015-08-12,-0.0019195324443706,0.1507165569670911,0.0949613032138853,0.3140174182759752,0.0949613032138853,0.0497450576108286,-0.5226378827271839,3.6846048049915816e-06,0.0227154805440144,0.0090176491080794,0.0986069389807087,0.0090176491080794,0.0024745707567046,0.2731503564615536
2015-08-13,0.0330109980804493,-0.2149050062832285,-0.1275950900305485,-0.1961425353105896,-0.1275950900305485,-0.11818494206792,-0.7077519060609214,0.0010897259942674,0.0461841617255944,0.0162805069999037,0.0384718941580658,0.0162805069999037,0.0139676805315976,0.5009127605328674
2015-08-14,0.3964314667081213,0.2911587327470967,0.390426203683068,0.2524405888407761,0.390426203683068,0.4264663634816656,0.2768946386038967,0.1571579077963523,0.0847734076548953,0.1524326205223725,0.0637262508942777,0.1524326205223725,0.1818735591812761,0.0766706408875825
2015-08-17,0.3870602642622235,0.8572889369202401,0.5197938255237148,0.7833517704332178,0.5197938255237148,0.5521119894139116,-0.1847217134363768,0.1498156481707423,0.7349443213658354,0.270185621052578,0.6136399962408567,0.270185621052578,0.3048276488545872,0.0341221114148709
2015-08-18,-0.193056733445103,-0.6374143026757033,-0.2628973548012266,-0.5335723274590862,-0.2628973548012266,-0.2900967994392838,-0.4054088110779369,0.0372709023284935,0.4062969932555531,0.069115019161482,0.2846994286301063,0.069115019161482,0.084156153044916,0.1643563040996263
2015-08-19,-0.932974125999277,-0.7996551580228066,-0.82892253214385,-0.688638681593604,-0.82892253214385,-0.8504349961056547,-1.113983996516845,0.8704407197841147,0.6394483717524798,0.687112564295772,0.474223233786977,0.687112564295772,0.7232396826012248,1.240960344495642
2015-08-20,-2.085358562166069,-2.861074379616945,-2.1325899205105867,-2.8278108728698768,-2.1325899205105867,-2.146600108332008,-2.157741895311996,4.348720332799337,8.185746605700485,4.54793976906335,7.996514332721095,4.54793976906335,4.6078920250909885,4.655850086784602
2015-08-21,-3.174768367967558,-3.578355064808209,-3.2369259548499683,-4.378380753506596,-3.2369259548499683,-3.109349236512137,-1.9355511718002305,10.079154190247392,12.804624969838564,10.47768963718138,19.170218022676984,10.47768963718138,9.66805267459861,3.7463583386572448
2015-08-24,-3.6402371895852688,-3.8953237332920407,-4.021141628117561,-3.85359597142296,-4.021141628117561,-4.022079694215173,-3.173933720940963,13.251326796439656,15.173546987148242,16.169579993379948,14.850201910967268,16.169579993379948,16.17712506661802,10.073855264926143
2015-08-25,-1.2994596736298054,-0.4375204040316988,-1.361426253218886,-0.5531536057551771,-1.361426253218886,-1.331241400137127,0.7494405140864129,1.6885954433900805,0.1914241039440609,1.853481442953614,0.3059789115599539,1.853481442953614,1.7722036654390585,0.5616610841541069
2015-08-26,3.875461988058076,4.152019261412121,3.8291286558614,4.937328039948969,3.8291286558614,3.6814808275173903,1.7387403164069517,15.019205620883053,17.239263947137257,14.662226263138932,24.37720817406633,14.662226263138932,13.553301083378129,3.0232178878989457
2015-08-27,2.242098160250246,2.422159065459948,2.400724232625184,2.463041541861174,2.400724232625184,2.376767837572108,2.83705717090089,5.027004160197538,5.866854538389808,5.763476841113778,6.06657363693387,5.763476841113778,5.649025353717193,8.048893390960162
2015-08-28,-0.0706271869422156,0.3239697169213245,0.0608570807887431,0.0993766853043516,0.0608570807887431,0.1086791247447381,0.7122274309134232,0.0049881995353706,0.1049563774820831,0.0037035842821276,0.0098757255820801,0.0037035842821276,0.0118111521552823,0.507267913345535
2015-08-31,-0.6932624940858246,-1.0789881035288182,-0.8427108353350126,-1.2677731384888329,-0.8427108353350126,-0.800466666554989,-0.0429228056174067,0.480612885706098,1.1642153275567158,0.7101615519910347,1.6072487306738248,0.7101615519910347,0.640746884265656,0.0018423672420696
2015-09-01,-2.8828593856707463,-2.983516153683051,-3.00226098516122,-3.1354970300701632,-3.00226098516122,-2.9850972368986413,-2.759545457595684,8.310878237549913,8.901368639287707,9.013571023021218,9.831341625578814,9.013571023021218,8.910805513739902,7.615091132536974
2015-09-02,1.808336239251348,2.426562292791859,1.8127666183109608,2.7051974520963364,1.8127666183109608,1.76671187302252,0.4687887255329435,3.270079954189709,5.888204560799283,3.2861228124625588,7.3180932548285105,3.2861228124625588,3.1212708422787405,0.2197628691868014
2015-09-03,0.1429049752623747,-0.3475944178038059,0.1164105680449443,-0.5082167284227691,0.1164105680449443,0.1484090602550322,0.3769854945471483,0.0204218319547399,0.1208218792883668,0.0135514203525466,0.2582842430487426,0.0135514203525466,0.0220252491657817,0.142118063098958
2015-09-04,-1.6774408937177192,-1.0529313628657646,-1.5448291002620418,-1.186158959586675,-1.5448291002620418,-1.4985896935328102,-0.8724060602713947,2.8138079519165005,1.1086644549063565,2.3864969490164296,1.4069730774077434,2.3864969490164296,2.245771069562762,0.7610923339982563
2015-09-08,2.394995088959152,2.6963311863256227,2.477360459264601,2.7994651630742307,2.477360459264601,2.456820677185498,1.1240674068549683,5.736001476138456,7.27020186635214,6.137314845127717,7.837005199266229,6.137314845127717,6.035967839846209,1.2635275351536528
2015-09-09,-1.460433921002946,-1.1580260712274175,-1.3995038527950137,-1.1704738550403926,-1.3995038527950137,-1.3641090013378685,-0.7276234752158277,2.132867237616039,1.3410243816424083,1.958611033988088,1.370009045333118,1.958611033988088,1.860793367530997,0.5294359216851583
2015-09-11,1.0984382028811537,1.3741504474767372,0.9741077105110404,1.6272859931095702,0.9741077105110404,0.937893974683294,-0.5214635286321104,1.2065664855487783,1.8882894523005167,0.9488858316770612,2.6480597033706004,0.9488858316770612,0.8796451077472274,0.2719242116934519
2015-09-15,1.0096601141696933,0.788593327032569,0.865168858649519,0.8533238075420814,0.865168858649519,0.8462550229216385,0.0092110511880239,1.019413546145158,0.6218794354402963,0.7485171539769113,0.7281615205181151,0.7485171539769113,0.7161475638201028,8.484346398839828e-05
2015-09-16,0.8404505414357869,0.5891239580746502,0.8667694070501722,0.535022695057221,0.8667694070501722,0.8737856363732242,2.2116862835192266,0.7063571125997073,0.3470670379775422,0.7512892049981071,0.2862492842262921,0.7512892049981071,0.7635013383321603,4.891556216707088
2015-09-17,-0.3902896525607752,0.0962876388330384,-0.2564290542541979,0.0294458738046521,-0.2564290542541979,-0.2274919463195306,0.1697220175593582,0.1523260128960106,0.0092713093920416,0.0657558598657023,0.0008670594841194,0.0657558598657023,0.0517525856402482,0.0288055632444191
2015-09-18,-1.755420227804426,-1.3727154172727662,-1.6296270451088188,-1.4032672553203231,-1.6296270451088188,-1.6335551697572366,-1.0225334646087108,3.0815001761849428,1.8843476168183448,2.6556843061501003,1.969158989854233,2.6556843061501003,2.668502492640594,1.0455746862446935
2015-09-21,0.7636725671284329,0.0357698278587574,0.455542189051565,0.2834185963001612,0.455542189051565,0.4575458928072221,0.9665236541727604,0.5831957897845309,0.0012794805850451,0.2075186860058918,0.0803261007287537,0.2075186860058918,0.2093482440247579,0.9341679740754658
2015-09-22,-1.0945079083716165,-1.507110237062446,-1.2394939887069494,-1.4409159263443851,-1.2394939887069494,-1.2566558551753668,-2.1148158604561305,1.1979475614880108,2.2713812666584223,1.5363453480406633,2.0762387067928976,1.5363453480406633,1.5791839383465325,4.472446123636804
2015-09-24,-0.7939630652314946,-0.4687296872711222,-0.541939607358467,-0.3044804338260722,-0.541939607358467,-0.5437581646008759,-1.1362132181341993,0.6303773489517905,0.219707519729284,0.2936985380238494,0.0927083345829131,0.2936985380238494,0.2956729415701132,1.2909804770628734
2015-09-25,0.6971605212958821,-1.0186507216503466,-0.0465889157868587,-0.8570561181988599,-0.0465889157868587,-0.0558802835377636,0.2986837687050332,0.4860327924535461,1.037649292718772,0.002170527074195,0.734545189742098,0.002170527074195,0.0031226060882608,0.0892119936878417
2015-09-28,-1.9357424170028,-3.0884322476142136,-2.6001239239395293,-2.912476322534111,-2.6001239239395293,-2.604844792315205,-2.8352569946150776,3.747098704983839,9.538413748103384,6.760644419842695,8.482518329321818,6.760644419842695,6.785216392051643,8.038682225513723
2015-09-29,0.2947487296963143,-0.5881740198939732,0.1232122433390623,-0.4909839563141668,0.1232122433390623,0.0871659649179972,0.2486797377338363,0.0868768136575909,0.345948677678236,0.0151812569086443,0.2410652453579116,0.0151812569086443,0.0075979054400855,0.0618416119593696
2015-10-01,1.379178258624311,2.400774505818336,2.0867847059584244,2.648452625328383,2.0867847059584244,1.9683931973445337,1.5596889080471026,1.902132669061987,5.763718227787274,4.354670409021987,7.014301308608805,4.354670409021987,3.874571779352237,2.432629489885163
2015-10-02,1.223824675155339,1.7288533190227569,1.421377260428928,1.7608815237360915,1.421377260428928,1.4130487919946166,0.7362260476796514,1.497746835519071,2.988933798696002,2.020313316464444,3.10070374063514,2.020313316464444,1.9967068885574453,0.5420287932820003
2015-10-05,1.8290141578163148,1.548954943104568,1.8124561438544924,1.4881744119080704,1.8124561438544924,1.8513557074723828,1.5801345727436706,3.3452927894925235,2.399261415768075,3.2849972733958963,2.2146630802579312,3.2849972733958963,3.427517955590567,2.496825267979822
2015-10-06,0.0820037954967,-0.6905651421389035,-0.359468696646854,-0.5726485877171386,-0.359468696646854,-0.3705968664279783,0.6989873110646948,0.0067246224758646,0.476880215537324,0.1292177438689879,0.3279264050144333,0.1292177438689879,0.1373420374062368,0.4885832610294524
2015-10-07,0.7245553547250803,0.8971588279317022,0.8003564071616849,0.6195504786861735,0.8003564071616849,0.8589903745846357,1.6070496581442686,0.5249804620607869,0.8048939625357856,0.6405703784847607,0.3838427956402667,0.6405703784847607,0.7378644636290527,2.5826086037416105
2015-10-08,0.8153884533047719,0.4090012512660262,0.8779731449656634,0.3842875202576851,0.8779731449656634,0.9031888348586672,0.7922615533426188,0.6648583297827483,0.1672820235371751,0.7708368432808977,0.1476768982258007,0.7708368432808977,0.8157500714133568,0.6276783689048593
2015-10-09,0.1976799265745966,0.408287535534473,0.0724867966759282,0.4554971214405778,0.0724867966759282,0.0793659347315454,-0.1023511506512897,0.0390773533705379,0.1666987116728135,0.0052543356923373,0.2074776276406525,0.0052543356923373,0.0062989515958119,0.010475758039643
2015-10-14,-0.9394204322424452,-0.990758644380457,-1.0301577957725037,-0.529706016552324,-1.0301577957725037,-1.1234013892620682,-0.639592635565468,0.8825107485145823,0.9816026914146008,1.0612250841908633,0.2805884639717309,1.0612250841908633,1.262030681395945,0.4090787394695815
2015-10-15,1.273997567057318,1.8078285789459032,1.4743553692310356,1.626911794508903,1.4743553692310356,1.461608360183803,-0.3346776007539681,1.6230698008679656,3.268244170853564,2.173723754780384,2.64684198711218,2.173723754780384,2.1362989985591856,0.1120090964464324
2015-10-16,0.4320803203433108,0.3400302637018492,0.4560061340766879,0.4606841530517807,0.4560061340766879,0.4115802579279681,0.0659990402410475,0.186693403227978,0.1156205802331491,0.2079415943155662,0.2122298888730365,0.2079415943155662,0.1693983087160528,0.0043558733127394
2015-10-19,0.0845639805577765,0.3836339470501106,0.0270484931950058,0.5267919562202932,0.0270484931950058,0.0510627444553946,-0.5777564512286796,0.007151066807776,0.147175005329247,0.0007316209841202,0.2775097651384033,0.0007316209841202,0.0026074038713169,0.3338025169363576
2015-10-20,-0.0779669529503799,-0.5006732512947587,-0.1422093866569021,-0.5367279658481555,-0.1422093866569021,-0.1213166192912871,0.6053575875302439,0.0060788457523667,0.2506737045620646,0.0202235096533322,0.2880769093234988,0.0202235096533322,0.0147177221162671,0.3664578087804369
2015-10-21,-0.2821194370495488,-0.8405486369072996,-0.5842410271440132,-0.5570917914988762,-0.5842410271440132,-0.6559502179906135,-1.0000043400541752,0.0795913767611543,0.7065220110067194,0.3413375777982915,0.3103512641554273,0.3413375777982915,0.4302706884819333,1.0000086801271864
2015-10-22,1.8498912268022711,1.6379799064120255,1.6490813232663315,2.0118118289563465,1.6490813232663315,1.554870789426971,1.2611153169299585,3.422097551000012,2.682978173809548,2.719469210745835,4.04738683512868,2.719469210745835,2.4176231718132524,1.5904118425953495
2015-10-23,0.8967475818978409,2.247179895167164,1.0970005786788946,2.648778665815658,1.0970005786788946,1.0476796193825613,0.5429060786842833,0.8041562256396249,5.049817481243506,1.2034102696218296,7.016028420480176,1.2034102696218296,1.0976325848695885,0.2947470102723452
2015-10-26,-0.1341142685278824,0.0564243955903933,-0.1914947055913748,0.1459977940431693,-0.1914947055913748,-0.1965212206321988,-1.1732885086821976,0.0179866370227689,0.0031837124177411,0.0366702222695273,0.0213153558654716,0.0366702222695273,0.0386205901587693,1.3766059246056952
2015-10-27,-0.2364637339914647,-0.0905925227849355,-0.2557366872257423,0.1809693614126174,-0.2557366872257423,-0.3311955402376704,-0.6642319032573344,0.0559150974931861,0.008207005184539,0.0654012531931971,0.0327499097700905,0.0654012531931971,0.1096904858733223,0.4412040213048608
2015-10-28,1.120416527604943,1.294627366047148,1.177038977262058,0.8444309981395256,1.177038977262058,1.2871640405230271,1.186832667547286,1.2553331953303175,1.676060016918176,1.3854207539941117,0.7130637106189155,1.3854207539941117,1.6567912672155651,1.4085717807574067
2015-10-29,-0.1334880488908833,-0.4211623886968937,-0.0449786598200612,-0.1670706556108695,-0.0449786598200612,-0.1119937068755136,-0.5154948815586968,0.0178190591966948,0.1773777576528734,0.0020230798392087,0.0279126039662457,0.0020230798392087,0.0125425903797184,0.2657349729132148
2015-10-30,-0.5209887188034156,-0.4053314280400922,-0.4821575414258127,-0.4707079684260045,-0.4821575414258127,-0.4471488758477714,-1.9231918045330936,0.2714292451204244,0.1642935665570204,0.2324758947537843,0.2215659915397364,0.2324758947537843,0.1999421171719257,3.6986667170232574
2015-11-02,0.9310377462317964,1.4418827820800422,1.1803904793109323,1.1779350561109114,1.1803904793109323,1.2223064960530226,0.6912179694260047,0.8668312849083828,2.0790259572588825,1.3933216836478926,1.387530996415016,1.3933216836478926,1.4940331702934175,0.4777822812574091
2015-11-03,0.5001412245940511,0.3500884734228868,0.2724357616923586,0.32130031690554,0.2724357616923586,0.2652712358681074,0.638782971491055,0.250141244538437,0.1225619392235673,0.0742212442488956,0.1032338936436004,0.0742212442488956,0.0703688285789931,0.408043684666942
2015-11-05,-0.3058432067420404,-0.3385232512616841,-0.4684405628100855,-0.3429654700373662,-0.4684405628100855,-0.432197260470945,-1.1113796588083489,0.0935400671102545,0.1145979916447813,0.2194365608858296,0.1176253136379515,0.2194365608858296,0.1867944719585899,1.235164746012962
2015-11-06,0.2622085398255575,0.3772708681559493,-0.0347691072843184,0.0921560324550507,-0.0347691072843184,-0.0247534965577555,-0.0404247853696868,0.0687533183574509,0.1423333079591437,0.0012088908213484,0.0084927343178563,0.0012088908213484,0.0006127355918348,0.0016341632721852
2015-11-09,-1.0092650635655924,-1.0118396235096914,-0.9871351502606852,-1.1047511161661223,-0.9871351502606852,-0.9951981291895942,-0.5228611493374138,1.0186159685340592,1.023819423704234,0.9744358048801856,1.220475028670293,0.9744358048801856,0.9904193163424682,0.2733837814864413
2015-11-10,0.1562544433208578,-0.2369298255508389,0.1509506812603005,-0.2965612197296787,0.1509506812603005,0.1769561922792696,-0.5279207627979655,0.0244154510575111,0.0561357422355509,0.0227861081729488,0.0879485570475548,0.0227861081729488,0.0313134939859778,0.2787003317931857
2015-11-11,-0.315772716565071,-0.3196766865672703,-0.3233321394967414,-0.1032907192919372,-0.3233321394967414,-0.3563134740880133,-0.5210533304291975,0.0997124085268847,0.1021931839346287,0.1045436724315402,0.0106689726918457,0.1045436724315402,0.1269592918166693,0.2714965731513585
2015-11-12,-1.4460831361577633,-1.2299676736327194,-1.4089149017324396,-1.0406919602420672,-1.4089149017324396,-1.4783307638969174,-1.62268177603478,2.091156436679872,1.5128204781814838,1.9850412003237297,1.0830397561124765,1.9850412003237297,2.1854618474840435,2.633096146275388
2015-11-13,-1.169324651072167,-1.5543712792139912,-1.1270674060276151,-1.9094926402988643,-1.1270674060276151,-1.097027755336026,-0.395075811748469,1.3673201396050458,2.4160700736453395,1.270280937729817,3.646162143355528,1.270280937729817,1.2034698959776,0.1560848970287117
2015-11-16,1.369386336665757,1.144708590445514,1.4793350640956329,1.396885501865966,1.4793350640956329,1.4501944595285332,1.834632978524603,1.875218939046862,1.3103577570397558,2.1884322318628304,1.951289105323332,2.1884322318628304,2.1030639704472547,3.3658781658900563
2015-11-17,0.0370611660524894,0.0280423549713115,-0.1340276979972219,0.0076440501018118,-0.1340276979972219,-0.1499963310309549,-0.2791950504305652,0.0013735300291701,0.000786373672337,0.0179634238304345,5.843150195900999e-05,0.0179634238304345,0.0224988993227478,0.0779498761849258
2015-11-18,1.4061525593993156,1.7729530607445496,1.6033163805428428,1.9010122157482272,1.6033163805428428,1.6044302516318616,0.8963957061437773,1.977265020305245,3.1433625556034666,2.5706234161170016,3.613847444423985,2.5706234161170016,2.5741964323514788,0.8035252619930011
2015-11-20,0.4873503490944746,0.5838060565619855,0.2679289841964222,0.7048144329784232,0.2679289841964222,0.2763322313954213,0.2498374599148909,0.2375103627625062,0.3408295116784562,0.0717859405725266,0.4967633849346962,0.0717859405725266,0.0763595021079726,0.0624187563767247
2015-11-23,-0.1748271811526356,-0.0478280612879444,-0.123570335857282,-0.2470851262584174,-0.123570335857282,-0.0767977455058105,-0.381192643677148,0.0305645432697764,0.0022875234465633,0.0152696279038814,0.061051059618138,0.0152696279038814,0.0058978937147752,0.1453078315935731
2015-11-24,0.1095841183983386,0.0064672366872327,0.122134348580085,-0.1152372475640478,0.122134348580085,0.1701209928766032,0.1899948350968025,0.0120086790051411,4.182515036868973e-05,0.0149167991030817,0.0132796232261376,0.0149167991030817,0.0289411522173212,0.0360980373634611
2015-11-25,0.0067512721358198,0.2609858403103109,-0.0129248135057524,0.0743928746457622,-0.0129248135057524,0.0352327958795386,-0.032896638834598,4.5579675451897815e-05,0.0681136088424791,0.0001670508041584,0.00553429979806,0.0001670508041584,0.0012413499054892,0.0010821888466139
2015-11-27,-0.0836727426391644,0.2222251772328997,0.0593446265065642,0.1621024011840358,0.0593446265065642,0.0869925489823983,-0.2628153820090657,0.0070011278607598,0.0493840293961937,0.0035217846952036,0.02627718846963,0.0035217846952036,0.0075677035784549,0.0690719250205711
2015-11-30,-0.4424137223653728,-0.3684773240017144,-0.4651706497517027,-0.3414672699054824,-0.4651706497517027,-0.4627572353962503,0.7570625250877752,0.1957299017371851,0.1357755383034644,0.2163837333904212,0.1165998964167035,0.2163837333904212,0.2141442589115806,0.5731436668922782
2015-12-01,0.946017692541541,0.928211826503862,1.062395243373084,1.101169381344658,1.062395243373084,1.0263716306041242,1.226538467913675,0.8949494746016216,0.8615771948616359,1.1286836531417546,1.212574006410977,1.1286836531417546,1.0534387241089689,1.5043966132720252
2015-12-02,-0.890985651121541,-0.6436893645769608,-1.1056653069340217,-0.6367557567552828,-1.1056653069340217,-1.105441111824703,-1.2711666568130593,0.7938554305044765,0.4143359980694915,1.2224957709575044,0.4054578937609929,1.2224957709575044,1.2220000517122354,1.61586466939329
2015-12-03,-1.4315940921835848,-1.6868250942242438,-1.4477878923262812,-1.7103222918864842,-1.4477878923262812,-1.4720641589163357,-1.0388883548367327,2.0494616447749423,2.8453788985046287,2.0960897811665755,2.925202342123836,2.0960897811665755,2.166972887966059,1.079289013815373
2015-12-04,2.094680800061428,2.0579523623320664,2.0317941551718297,2.34627230479068,2.0317941551718297,1.9372585515841128,0.2555893735099326,4.387687654145984,4.235167925628133,4.1281874889904095,5.50499372822777,4.1281874889904095,3.752970695685777,0.0653259278511998
2015-12-07,-0.6583764684222034,-0.7899039937329047,-0.7014104884478266,-0.4782074846911868,-0.7014104884478266,-0.748693290124271,-2.3934540509948605,0.4334595741720926,0.6239483193151927,0.4919766733046187,0.2286823984146716,0.4919766733046187,0.5605416426771058,5.728622294223708
2015-12-08,-0.9208176782723778,-0.0699800176695207,-0.6511062305276754,0.0244131368599517,-0.6511062305276754,-0.6555340507145994,-0.9270900938814152,0.8479051966189323,0.0048972028730264,0.4239393234319583,0.0005960012513427,0.4239393234319583,0.4297248916462909,0.8594960421730512
2015-12-10,0.0384025232373255,-1.0464224183263295,-0.5520177678885112,-1.107743703791892,-0.5520177678885112,-0.5921978087015106,0.7257041162325485,0.0014747537909933,1.0949998775759238,0.3047236160646142,1.227096113290579,0.3047236160646142,0.3506982446308709,0.5266464643168642
2015-12-11,-1.7769296379247872,-2.239016545096082,-1.9613874846502763,-2.2980963335684184,-1.9613874846502763,-1.9314477595700583,-1.756499143651059,3.157478938135516,5.013195089213995,3.847040864942738,5.281246758360608,3.847040864942738,3.730490447948199,3.085289241646904
2015-12-14,0.5964662284928964,0.3795995390626704,0.4744314616645313,0.7157475009684537,0.4744314616645313,0.3656704440295933,-0.7412893994024705,0.3557719617325401,0.1440958100565918,0.2250852118171436,0.5122944851425867,0.2250852118171436,0.1337148736367999,0.5495099736664755
2015-12-15,0.8964685966842351,0.8671304692398926,1.0562534400149612,0.5927488840281631,1.0562534400149612,1.065691513211214,1.749640378191911,0.8036559448410017,0.7519152506841963,1.1156713295434393,0.3513512395166327,1.1156713295434393,1.135698401330407,3.0612414529995333
2015-12-16,1.2711084478317711,1.5055185824836916,1.4410619402612932,1.4519534720986007,1.4410619402612932,1.4111627701966614,1.8900609217389828,1.615716686149295,2.266586202203704,2.076659515669643,2.108168885139182,2.076659515669643,1.9913803639891152,3.5723302878848133
2015-12-17,-1.4370816993351916,-1.3615684720584715,-1.515475083488926,-1.434314342329691,-1.515475083488926,-1.485541446072589,-1.1930913250867672,2.065203810564122,1.8538687041036408,2.296664728675767,2.0572576326126537,2.296664728675767,2.20683338799944,1.423466909997298
2015-12-18,-2.121648682649066,-1.601362497467313,-1.795751217964754,-1.828501251190905,-1.795751217964754,-1.7521169639825664,0.1103931359548433,4.501393132586518,2.5643618482947503,3.224722436821897,3.3434168256067047,3.224722436821897,3.069913855475486,0.0121866444659445
2015-12-23,2.7300138117943304,2.464761695984968,2.886800426980891,2.40206432520003,2.886800426980891,2.885153796103394,1.98119612381264,7.45297541258781,6.075050217994694,8.333616705217056,5.7699130223986765,8.333616705217056,8.324112427169826,3.925138081010228
2015-12-29,0.6702241903884764,1.2213426166153096,0.6792779549941469,1.427512394232917,0.6792779549941469,0.6808091234656364,-0.2952058368604374,0.4492004653818886,1.4916777871607312,0.4614185401410302,2.0377916356885954,0.4614185401410302,0.4635010625940481,0.0871464861164711
2015-12-30,-0.6630269921838594,-0.8274647892849661,-0.7243399159519185,-0.836323927678447,-0.7243399159519185,-0.7375777298491631,-0.7841471373720935,0.4396047923643755,0.6846979775064134,0.5246683138412324,0.6994377120075043,0.5246683138412324,0.5440209075694451,0.6148867330488489
2015-12-31,-1.0211301995876076,-1.1602137320857993,-0.9456404312783973,-1.2706765621742562,-0.9456404312783973,-0.9657827157198262,-1.0120825569243708,1.0427068845098275,1.3460959041204588,0.8942358252683932,1.6146189256589862,0.8942358252683932,0.9327362539831626,1.0243111020305722
2016-01-04,-1.597130958533868,-2.105360040380692,-1.5422087447211374,-2.099112759941636,-1.5422087447211374,-1.5580172625570223,-0.638469846466988,2.550827298707312,4.43254089963179,2.3784078122943466,4.406274378949791,2.3784078122943466,2.427417790425677,0.4076437448475792
2016-01-05,0.0566907020661342,-0.2380720381831508,0.2010240491123956,-0.3045413990314681,0.2010240491123956,0.1960848317815952,-0.0542416645758287,0.0032138357007512,0.0566782953646796,0.0404106683215428,0.0927454637240439,0.0404106683215428,0.0384492612548164,0.0029421581759567
2016-01-06,-1.4804542156850498,-1.1445356581673756,-1.320218727875292,-0.9004150699768105,-1.320218727875292,-1.3218247018972555,-1.5077327945082506,2.191744684739636,1.3099618728166276,1.7429774894326542,0.8107472982413446,1.7429774894326542,1.7472205425457683,2.2732581796356586
2016-01-07,-2.348410792673806,-3.072915078412956,-2.3985794022258524,-3.1606196155639705,-2.3985794022258524,-2.4152883913588417,-2.213316879029344,5.515033251146814,9.4428070791377,5.753183148782128,9.98951635428774,5.753183148782128,5.833618013432781,4.898771606996195
2016-01-08,-1.0203617422186506,-0.9813583594056428,-1.0897570278899054,-0.8148351632426409,-1.0897570278899054,-1.1281272028487432,-0.0221743207813312,1.04113808498348,0.9630642295753348,1.18757037983544,0.6639563432566613,1.18757037983544,1.2726709858073295,0.0004917005021133
2016-01-11,0.3183124109527516,-0.1215736195817904,0.0852900693978675,0.2984456051385498,0.0852900693978675,0.0497074051672657,-1.0192014636930762,0.1013227909665534,0.0147801449782179,0.007274395937893,0.0890697792265152,0.007274395937893,0.0024708261284627,1.038771623594109
2016-01-12,0.7149040649596519,1.028118728625489,0.7772509257391239,1.1644198638194632,0.7772509257391239,0.735934544561485,0.4426335986073527,0.5110878220958341,1.0570281201504916,0.6041190015623251,1.355873619257337,0.6041190015623251,0.5415996538789204,0.195924502616095
2016-01-13,-2.23355622844072,-3.470914582953756,-2.5282362871704307,-3.536917996678087,-2.5282362871704307,-2.5503533938990914,-1.6581819782888667,4.988773425606331,12.047248042161046,6.391978723765325,12.509788915225332,6.391978723765325,6.504302433772614,2.74956747312198
2016-01-14,1.3995605241408935,1.9459609433475449,1.6558094217956527,2.1252010351876054,1.6558094217956527,1.6109139741297591,1.3516652892506384,1.9587696607335328,3.786763993034066,2.7417048413072536,4.5164794399624695,2.7417048413072536,2.5950438320465343,1.826999054165012
2016-01-15,-2.415965876166791,-2.781243966615639,-2.1835767111975093,-3.135132737319072,-2.1835767111975093,-2.1043777467058424,-2.151459355131596,5.83689111480237,7.735318001835894,4.7680072536841305,9.829057280609778,4.7680072536841305,4.428405700830759,4.628777356783264
2016-01-19,0.1746097225027928,-0.2558067339141546,0.0531680175006266,0.1446160116047203,0.0531680175006266,-0.0254308801610997,-0.5916356138702912,0.0304885551925023,0.0654370851158271,0.0028268380849469,0.0209137908124566,0.0028268380849469,0.0006467296657682,0.3500326995996762
2016-01-20,-1.5686731104229406,-0.1176492284896488,-1.1762765749513873,-0.2606191526626116,-1.1762765749513873,-1.092678375132086,-1.334703515127469,2.460735327363983,0.0138413409642096,1.3836265807793666,0.0679223427345776,1.3836265807793666,1.193946031481296,1.781433473293622
2016-01-21,0.7326673884579162,0.008273941717264,0.5181970226003676,0.1526293707970117,0.5181970226003676,0.468756324238364,1.6144263045458802,0.5368015021097431,6.845811154068257e-05,0.2685281542318858,0.0232957248298917,0.2685281542318858,0.2197324915134623,2.606372292809667
2016-01-22,1.3186590357156092,2.6288813507164623,2.0080708854120792,2.7892503831569693,2.0080708854120792,2.04046413248695,2.8965269832609235,1.7388616524744205,6.911017156144811,4.032348680839652,7.7799176999413,4.032348680839652,4.163493875965721,8.389868564758626
2016-01-25,-1.3027065824587831,-1.5958983096470154,-1.5761508958281074,-1.495740256273992,-1.5761508958281074,-1.622539214929996,-2.008974846095807,1.6970444399814428,2.546891414734201,2.4842516464197457,2.237238914238588,2.4842516464197457,2.632633503985648,4.035979932245671
2016-01-27,0.3722187371703617,-1.1199831135575355,0.3122318050027115,-1.6256887901998296,0.3122318050027115,0.3954173793936348,1.9136073490071377,0.1385467883006988,1.2543621746540317,0.0974887000552512,2.6428640425813854,0.0974887000552512,0.1563549039265297,3.661893086174125
2016-01-28,0.7820795514590121,0.8581595539608445,0.551333252261662,1.3758614289974864,0.551333252261662,0.5018426738493804,1.715401078394318,0.6116484248103295,0.7364378200542756,0.3039683550494214,1.8929946718030053,0.3039683550494214,0.2518460692962956,2.9426008597563893
2016-01-29,2.438375172208836,2.3525120359949194,2.445864829101941,2.199863556215616,2.445864829101941,2.521389664066579,1.8116451763102208,5.945673480444468,5.534312879500961,5.982254762237868,4.839399665965616,5.982254762237868,6.357405838061777,3.282058244848092
2016-02-01,-0.1040288853059223,0.1389165857684881,-0.0443342396464687,0.1724781458961216,-0.0443342396464687,-0.0537526049359851,-1.1590740237621135,0.0108220089779927,0.0192978178015737,0.0019655248050305,0.0297487108117638,0.0019655248050305,0.002889342537404,1.3434525925600966
2016-02-02,-1.813652365959329,-2.2638037404389064,-1.89209815953702,-2.20432961460533,-1.89209815953702,-1.915763070036312,-1.848310126355052,3.289334904549872,5.124807375225184,3.5800354453233787,4.859069049826084,3.5800354453233787,3.670148140514955,3.416250323186627
2016-02-03,1.1272689164123382,-0.2817370404126891,0.4979620098044139,-0.5052450249890393,0.4979620098044139,0.503412186016168,1.2043949369967135,1.270735209909447,0.0793757599405012,0.2479661632084512,0.255272535276175,0.2479661632084512,0.2534238290295769,1.450567164263318
2016-02-04,0.4880129073812238,0.1180634668847569,0.1525609102635925,-0.1006266467314961,0.1525609102635925,0.2020179779331664,1.430830417421118,0.2381565977706749,0.013938982212848,0.0232748313404559,0.0101257220324253,0.0232748313404559,0.0408112634082053,2.0472756834174906
2016-02-05,-1.2973999748267475,-3.300646761841917,-1.8654209739793224,-3.4987629838420435,-1.8654209739793224,-1.900022821600692,-0.0823071418343882,1.6832466946804452,10.894269046457536,3.479795410161963,12.24134241710328,3.479795410161963,3.6100867226034543,0.0067744655969461
2016-02-08,-1.104002223402152,-1.8363403882610925,-1.4255000337827677,-1.5980515264462622,-1.4255000337827677,-1.438538808086029,-1.807128321092509,1.2188209092768951,3.3721460215589,2.032050346314671,2.5537686811772287,2.032050346314671,2.069393902369573,3.265712768894631
2016-02-09,-0.0790813168832159,-0.3505404807096656,-0.06638511706025,-0.3253980407954107,-0.06638511706025,-0.0938262406981846,-2.036894426775225,0.0062538546799836,0.1228786286161634,0.0044069837671031,0.1058838849534918,0.0044069837671031,0.0088033634435536,4.148938905827973
2016-02-10,-0.6241534666191503,0.3467820234508674,-0.0188981310310948,0.4667892129719651,-0.0188981310310948,-0.0023467843188911,-0.7922923108162909,0.3895675498927027,0.1202577717886779,0.0003571393564684,0.2178921693469865,0.0003571393564684,5.507396639393439e-06,0.6277271057786181
2016-02-11,-1.6124028747007444,-0.3919106619223795,-1.23774312134668,-0.1021883297839773,-1.23774312134668,-1.249234008864171,-0.8103668565908091,2.5998430303432243,0.1535939669284377,1.5320080344410218,0.0104424547440389,1.5320080344410218,1.560585608902847,0.6566944422608689
2016-02-12,1.983075159363398,1.6428108504150667,1.9329975470501768,1.4275154816917317,1.9329975470501768,1.9181797601699555,2.4021317982026407,3.932587087684166,2.6988274902414746,3.736479516902002,2.0378004504695766,3.736479516902002,3.679413592325667,5.770237175936252
2016-02-16,1.383725046839554,2.244201332279059,1.6381776635361385,2.0961875394946325,1.6381776635361385,1.6920173444862998,1.393497582593381,1.9146950052511256,5.036439619803103,2.6836260573087216,4.394002200732562,2.6836260573087216,2.86292269404247,1.9418355126935969
2016-02-17,1.5769167801330284,2.187596294706974,1.634611531802933,2.282841705859153,1.634611531802933,1.6142584070610853,2.4560929419113693,2.4866665314651177,4.785577548615682,2.671954859903132,5.211366254009929,2.671954859903132,2.6058302047673925,6.032392539306845
2016-02-18,-0.2458682911365029,-1.031488920386137,-0.4676637085284246,-1.1403143347366569,-0.4676637085284246,-0.4452940756111266,0.4977039963874345,0.0604512165863841,1.0639693928793583,0.2187093442745593,1.3003167820059045,0.2187093442745593,0.1982868137743678,0.2477092680200234
2016-02-19,-0.1306810309692731,0.3757136063619131,-0.0026071472335759,0.3029496351109361,-0.0026071472335759,0.0113264393193945,-0.9163870666348578,0.0170775318551921,0.1411607140054745,6.797216697542854e-06,0.0917784814138493,6.797216697542854e-06,0.0001282882276559,0.8397652558956393
2016-02-22,1.3853412549405264,1.4584883873689896,1.4350746375528582,1.6004427676569053,1.4350746375528582,1.4169640161184764,0.2512177346562772,1.9191703926401928,2.127188376090196,2.059439215347468,2.561417052545295,2.059439215347468,2.0077870229746018,0.0631103502058317
2016-02-23,-1.1429027380293637,-1.4772716661321013,-1.2532587736590248,-1.6376246861438168,-1.2532587736590248,-1.2087861752255529,-0.6418841621029966,1.3062266685950163,2.1823315755567143,1.5706575537533227,2.6818146126676345,1.5706575537533227,1.461164017416421,0.412015277558666
2016-02-24,0.3233090868834652,0.8627554002044939,0.4429944898265448,0.9115952872962731,0.4429944898265448,0.4735711538691232,-0.1816991047542631,0.1045287656614201,0.7443468805820165,0.1962441180166807,0.8310059678207747,0.1962441180166807,0.2242696377769328,0.0330145646685006
2016-02-25,1.2796026901780408,0.8679467134783325,1.1284417050872817,0.957158446597433,1.1284417050872817,1.120829639863268,0.1045741679453249,1.6373830447108793,0.7533314974378387,1.2733806817802915,0.916152291892811,1.2733806817802915,1.256259081596023,0.010935756601457
2016-02-26,-0.3438822469854832,0.1802745553517775,-0.1871915412947261,-0.1284230136951427,-0.1871915412947261,-0.1246605388275591,0.3458915077243564,0.1182549997917848,0.0324989153072811,0.0350406731322951,0.0164924704465428,0.0350406731322951,0.0155402499407773,0.1196409351158285
2016-02-29,-0.7448062241009561,-0.7110107832326829,-0.8154095918303473,-0.8178091728871218,-0.8154095918303473,-0.7714448553579402,0.4876434844538108,0.5547363114595236,0.5055363338731531,0.6648928024489337,0.6688118432583183,0.6648928024489337,0.5951271648582332,0.237796167930254
2016-03-01,2.088529520451877,2.8473263745147066,2.3588387634097945,3.105115558364581,2.3588387634097945,2.3274148933580734,0.9422550941653394,4.361955557798948,8.107267483007064,5.564120311764649,9.641742630797784,5.564120311764649,5.416860085824972,0.8878446624805325
2016-03-03,0.4662919241043131,0.3794399753163235,0.7578559593352355,-0.1790409043409563,0.7578559593352355,0.8799279473883287,1.0844460489714771,0.2174281584849025,0.1439746948680522,0.5743456550999302,0.0320556454272274,0.5743456550999302,0.7742731925950374,1.176023233129848
2016-03-04,0.3703468933020943,0.2036831736334723,0.3300456996226343,0.0725141576492904,0.3300456996226343,0.3645441815111212,0.6747405151684357,0.1371568213785128,0.0414868352214032,0.1089301638393941,0.0052583030595861,0.1089301638393941,0.1328924602736133,0.455274762809766
2016-03-07,0.394252716057268,-0.186031760948922,0.0884613039507582,-0.5946497350746395,0.0884613039507582,0.1471766168312448,1.2866725609998424,0.1554352041185328,0.0346078160817568,0.0078254022966684,0.3536083074243389,0.0078254022966684,0.021660956541891,1.6555262792298933
2016-03-08,-0.6454386993291733,-1.2702639168730898,-1.130375611146468,-0.882831935418826,-1.130375611146468,-1.2207347527260544,-0.543555945673853,0.416591114591735,1.613570418509764,1.277749022274751,0.7793922261953501,1.277749022274751,1.490193336513141,0.2954530660773966
2016-03-09,0.2135281765000768,0.5481820196617762,0.5039672807617217,0.6478077490173971,0.5039672807617217,0.4957478568384506,0.613019844047083,0.0455942821594479,0.3005035266804639,0.253983020078364,0.419654879686987,0.253983020078364,0.2457659375599168,0.3757933291955099
2016-03-10,-0.0308215591216438,-0.2618317605618314,0.015582470255186,-0.1460572614739956,0.015582470255186,-0.026145499854794,-0.1027938193102498,0.0009499685066889,0.0685558708389082,0.0002428133792537,0.0213327236292831,0.0002428133792537,0.000683587162657,0.0105665692883882
2016-03-11,1.2756521385562596,1.83436164322114,1.62625475679903,1.7312437441440434,1.62625475679903,1.655395021776877,1.062121107150177,1.6272883786031584,3.36488263812096,2.6447045340114723,2.9972049016378857,2.6447045340114723,2.740332678123667,1.128101246253918
2016-03-14,0.0918611374900672,0.0381945158245402,-0.1261804844999473,0.1259915354370381,-0.1261804844999473,-0.1544368724618583,-0.3293392419724814,0.008438468580969,0.001458821039071,0.0159215146686414,0.0158738670017824,0.0159215146686414,0.0238507475758002,0.1084643363030086
2016-03-15,0.1298931268726679,-0.4560007597759897,-0.183865032457848,-0.0056557906438148,-0.183865032457848,-0.2557738549292048,-0.5746755231131878,0.016872224408759,0.2079366929162799,0.0338063501607255,3.198796780666339e-05,0.0338063501607255,0.0654202648653459,0.3302519568654161
2016-03-16,0.4293908891478159,0.7437798164123821,0.55847689767839,0.8464033682120311,0.55847689767839,0.5943649550231112,0.5790530807854225,0.1843765356831519,0.5532084153024368,0.3118964452404789,0.7163986617206711,0.3118964452404789,0.3532696997596249,0.335302470367089
2016-03-17,0.8948236082278019,0.2309478322495888,0.657358536675143,-0.0894773336665765,0.657358536675143,0.7183770488748837,1.0566372211802777,0.8007092898418228,0.0533369012207842,0.4321202457396853,0.0080061932400798,0.4321202457396853,0.5160655843501871,1.116482217183579
2016-03-21,0.8111426866797682,0.7071712614549385,0.5380994805371295,0.6052646479424652,0.5380994805371295,0.5422822982317085,-0.4430081274789744,0.6579524581540726,0.5000911930277689,0.2895510509543286,0.3663452940489163,0.2895510509543286,0.2940700909754636,0.1962562010124272
2016-03-22,-0.2345898337896243,0.2655514532736251,-0.0877749117650662,0.240101299878123,-0.0877749117650662,-0.0845380048656394,-0.4997315846862818,0.0550323901174435,0.0705175743357343,0.0077044351353651,0.0576486342031643,0.0077044351353651,0.0071466742666628,0.2497316567330624
2016-03-23,-0.4559675854250209,-1.1010567394079138,-0.6406466530530142,-0.7932008568516845,-0.6406466530530142,-0.7172140150670815,-0.8485156946859016,0.2079064389583238,1.2123259433955866,0.4104281340680291,0.6291675993102465,0.4104281340680291,0.5143959434086438,0.7199788841282981
2016-03-24,0.0750964662936696,0.0973343585153344,-0.0378132178888343,0.0675061171121293,-0.0378132178888343,-0.0149080493093626,-0.1598498933552461,0.0056394792497962,0.0094739773475916,0.0014298394471084,0.0045570758475565,0.0014298394471084,0.0002222499342103,0.0255519884056835
2016-03-28,0.11214859820466,-0.140834287050957,0.0545054138350567,-0.1696125104729811,0.0545054138350567,0.0766463023747457,0.239865826098758,0.0125773080792702,0.0198342964091513,0.0029708401373307,0.0287684037089471,0.0029708401373307,0.0058746556677209,0.0575356145300396
2016-03-29,0.5557571136213448,1.6609680733712562,0.8778031272149313,1.5713088713812269,0.8778031272149313,0.9974141663846045,0.2687907013584375,0.3088659693407284,2.7588149407586227,0.7705383301483127,2.4690115692813444,0.7705383301483127,0.9948350193046954,0.0722484411367607
2016-03-30,0.4727023925704141,0.4666783618203872,0.434090840328253,0.5169795392243859,0.434090840328253,0.395357177156316,0.5774200500056478,0.2234475519417939,0.2177886933913602,0.1884348576568889,0.2672678439766583,0.1884348576568889,0.1563072975290106,0.3334139141485248
2016-03-31,-0.1783569539176951,0.0113562376927116,-0.2041861276038347,-0.1609220929380602,-0.2041861276038347,-0.1722508565796525,-0.0712636436694001,0.0318112030107988,0.0001289641345333,0.0416919747058494,0.0258959199955657,0.0416919747058494,0.029670357592424,0.0050785069090392
2016-04-01,0.606890739231946,0.9136045363808584,0.6310940191309253,1.0742874541075904,0.6310940191309253,0.6036741733325287,-0.4003747718794632,0.3683163693654979,0.8346732488956834,0.3982796609828247,1.154093534052968,0.3982796609828247,0.3644225075487119,0.1602999579575321
2016-04-04,-0.3137952920058918,-0.4639253331392349,-0.3213409193397976,-0.4506527352083941,-0.3213409193397976,-0.3894558828651329,-0.7789679518674626,0.0984674852850629,0.2152267147283501,0.1032599864421463,0.203087887750807,0.1032599864421463,0.1516758846982601,0.6067910700365895
2016-04-05,-0.7565282149634558,-0.983252418843708,-1.0196376617517549,-0.9119176773243668,-1.0196376617517549,-1.0269477146892394,-0.2364043335445173,0.5723349400357928,0.9667853191620028,1.039660961262586,0.831593850216668,1.039660961262586,1.0546216087054514,0.0558870089186274
2016-04-06,0.6383107330989896,1.5727057541608265,1.0452861947236771,1.6203752401203844,1.0452861947236771,1.0332413109571048,0.3211754771588434,0.4074405919893695,2.473403389170574,1.0926232288799052,2.625615918795193,1.0926232288799052,1.0675876066683565,0.1031536871282107
2016-04-07,-0.987495419586171,-1.4812104181873949,-1.2048133236940892,-1.5189447985162126,-1.2048133236940892,-1.217815622673478,-0.6088566522641509,0.975147203703668,2.1939843029468773,1.4515751449507983,2.3071933009394576,1.4515751449507983,1.4830748908275908,0.3707064230063091
2016-04-08,0.1992937671813772,0.0479015748321675,0.2782731266950438,-0.0080445039880376,0.2782731266950438,0.3116687387885041,0.9773109276801402,0.0397180056373449,0.0022945608714017,0.0774359330406358,6.471404441355304e-05,0.0774359330406358,0.0971374027380168,0.955136649363016
2016-04-11,-0.1169540584890223,-0.3570809842208211,-0.2743553030455823,-0.3631226684519558,-0.2743553030455823,-0.2649625833420819,0.1941126261040472,0.0136782517970536,0.1275068292921102,0.0752708323092333,0.131858072343669,0.0752708323092333,0.0702051705713097,0.0376797116130096
2016-04-12,0.9345299575998796,0.7973261521056939,0.9615763308903494,0.8339756312782177,0.9615763308903494,0.9695176642170164,1.1750908614479554,0.8733462416516329,0.6357289928316722,0.9246290401285469,0.6955153535659018,0.9246290401285469,0.9399645012288196,1.3808385326584978
2016-04-13,1.0498552372180674,1.534302018705202,0.9990093075086406,1.296637557815474,0.9990093075086406,1.0850469700077792,0.6599720059133227,1.1021960191142046,2.354082684602857,0.9980195964888936,1.6812689563376768,0.9980195964888936,1.1773269271230624,0.4355630485892549
2016-04-14,0.1012875080736854,-0.0310108675965929,0.0172860847448607,-0.002129680645679,0.0172860847448607,-0.0166361670654977,-0.0223850790484279,0.0102591592917768,0.0009616739090934,0.0002988087258065,4.535539652580031e-06,0.0002988087258065,0.0002767620546311,0.0005010917640043
2016-04-15,-0.1617266462759229,-0.1551987533017879,-0.0984746123180466,-0.2520174923347357,-0.0984746123180466,-0.0540866647954647,-0.2277198719752909,0.0261555081156575,0.0240866530264292,0.0096972492711895,0.0635128164426885,0.0096972492711895,0.0029253673086969,0.0518563400924429
2016-04-18,0.5943859628441059,0.4405035778168209,0.6519674261282988,0.4887707947374446,0.6519674261282988,0.6367796840457132,0.6040149927743103,0.3532946728261149,0.19404340206942,0.4250615247323588,0.2388968897882732,0.4250615247323588,0.4054883660133583,0.3648341114961501
2016-04-19,0.2742537735039317,-0.3977037562181844,0.307975662601835,-0.6224895852117365,0.307975662601835,0.3158451476350474,1.0690605712037382,0.0752151322811459,0.158168277710053,0.0948490087550393,0.3874932836970797,0.0948490087550393,0.0997581572846049,1.142890504902463
2016-04-20,0.2360453429677463,0.157759683868415,0.07613247417596,0.0737645788987947,0.07613247417596,0.0721121684472366,0.3168632281830256,0.0557174039367609,0.0248881178542622,0.0057961536241532,0.0054412131001165,0.0057961536241532,0.0052001648381626,0.1004023053745681
2016-04-22,-0.5125813932733086,-0.850430896472484,-0.5159788079787472,-1.469770640577016,-0.5159788079787472,-0.45621176302714,-0.2684155708907671,0.2627396847300063,0.7232327096749929,0.2662341302831688,2.160225735902172,0.2662341302831688,0.2081291727243313,0.0720469186966164
2016-04-25,-0.1473166023856991,-0.2130583357669454,-0.1813670978593873,-0.001363383954749,-0.1813670978593873,-0.2257781498689565,-0.5638614736559777,0.0217021813384661,0.0453938544397804,0.0328940241859365,1.8588158080671268e-06,0.0328940241859365,0.050975772958249,0.3179397614734908
2016-04-26,0.0727337551449465,-0.1533718020747729,0.1871042227964028,-0.4741751917003369,0.1871042227964028,0.2712862904057237,0.0974446046613473,0.005290199137485,0.0235229096716633,0.0350079901882459,0.2248421124240513,0.0350079901882459,0.0735962513620986,0.0094954509776062
2016-04-27,0.2843340773801779,-0.5156591634488206,0.1648017378620793,-0.8192297081275123,0.1648017378620793,0.1900827018610654,0.5648259778332364,0.0808458675596369,0.2659043728487374,0.0271596128023615,0.671137314678689,0.0271596128023615,0.0361314335468027,0.3190283852352716
2016-04-28,-1.175244315817671,-1.1966922946060128,-0.9273710899120032,-1.1990629990556791,-0.9273710899120032,-0.9665518177491474,-0.0088571758844573,1.3811992018617458,1.432072447969404,0.8600171384045766,1.4377520757043996,0.8600171384045766,0.9342224163941812,7.844956464821234e-05
2016-04-29,-0.3208311887853051,-0.6248657558842725,-0.5075944645770556,-0.5213851852396655,-0.5075944645770556,-0.5119375961552023,0.4671341225390245,0.1029326516973921,0.3904572128768232,0.2576521404692677,0.2718425113874003,0.2576521404692677,0.262080102357167,0.2182142884403043
2016-05-02,0.6590112944445524,0.880568836685933,0.7779663181895582,0.917278489030722,0.7779663181895582,0.7804388345901331,-0.6170329328957349,0.4342958862054846,0.7754014761424174,0.6052315922374168,0.8413998264384843,0.6052315922374168,0.6090847745364051,0.3807296402779125
2016-05-03,-0.7870152485535296,-1.1349883414972115,-0.8714589025124733,-0.9151362960169712,-0.8714589025124733,-0.9208956567338148,-1.1456856481879336,0.6193930014557739,1.2881985353345913,0.7594406187682444,0.8374744402876616,0.7594406187682444,0.8480488105912043,1.3125956044638056
2016-05-04,-0.5629219166657377,-0.7921959999076512,-0.5954583044667261,-0.67899536596094,-0.5954583044667261,-0.5806875143171478,-0.553628962024472,0.3168810842626277,0.6275745022696834,0.3545705923583883,0.4610347069964308,0.3545705923583883,0.3371979892838277,0.3065050275922942
2016-05-05,0.053526770324911,-0.1809857873242835,-0.0238922412302356,-0.0586672937626608,-0.0238922412302356,-0.048543177998652,7.335678061120678e-05,0.0028651151414157,0.0327558552133908,0.0005708391910037,0.0034418513574343,0.0005708391910037,0.0023564401302088,5.3812172616407234e-09
2016-05-06,0.4515082216022268,0.403269306283993,0.3169605625519852,0.4787932920900666,0.3169605625519852,0.3414123442765011,0.5082422693231221,0.2038596741744055,0.162626133390773,0.1004639982132709,0.2292430165504438,0.1004639982132709,0.1165623888243761,0.258310204326717
2016-05-10,1.0525342066597667,1.5446510694820246,1.315957786096829,1.6461275168864495,1.315957786096829,1.2876701258962258,0.5366021699305357,1.1078282561889046,2.3859469264519624,1.7317448947888676,2.709735801850748,1.7317448947888676,1.6580943531256018,0.2879418887741595
2016-05-11,-1.2190492951695486,-1.0279940167643489,-0.9607555492817648,-0.9358659603038748,-0.9607555492817648,-0.9704862821031562,0.0944731126666446,1.4860811840533732,1.0567716985033004,0.9230512254757056,0.875845095655494,0.9230512254757056,0.941843623750407,0.0089251690169245
2016-05-13,-0.9975348328910256,-0.9075890153093606,-0.8683925193714739,-0.7942889719748502,-0.8683925193714739,-0.8868537108241599,-0.2878333121656653,0.995075742830926,0.8237178207102148,0.7541055677003357,0.6308949710008643,0.7541055677003357,0.7865095044025826,0.0828480155922573
2016-05-17,-0.0304671002500111,-0.0411940164467936,0.0293124760881728,-0.0918940882473266,0.0293124760881728,-0.0021159319093846,1.2182753816224468,0.0009282441976442,0.0016969469910187,0.0008592212544197,0.0084445234548074,0.0008592212544197,4.477167845152241e-06,1.4841949054673182
2016-05-18,-0.0191442967329762,0.4946888156736854,0.0205136220938088,0.3619766539840856,0.0205136220938088,0.0211573046383239,-0.6566699070736011,0.0003665040974002,0.2447170243526335,0.0004208086914076,0.1310270980295144,0.0004208086914076,0.0004476315395588,0.4312153668560519
2016-05-20,-0.1466341955599824,0.640238467997665,0.2287833776359841,0.5670769644045093,0.2287833776359841,0.2957332108882137,0.6744881239483105,0.0215015873075231,0.4099052959039971,0.0523418338825293,0.3215762835582331,0.0523418338825293,0.0874581320222526,0.4549342293473114
2016-05-26,1.8531900114514168,2.734191021540185,1.824105115264216,2.8260816857630147,1.824105115264216,1.8577679596423229,0.9268972619576438,3.4343132185433016,7.475800542270959,3.327359471533078,7.986737694605122,3.327359471533078,3.4513017918735995,0.8591385342245769
2016-05-27,0.2516698902173961,0.6454140445420251,0.4277713748401147,0.5461931147233103,0.4277713748401147,0.4647664398222786,0.3980195938524135,0.0633377336420362,0.4165592888920951,0.1829883491326019,0.2983269185711512,0.1829883491326019,0.2160078435850757,0.1584195970904401
2016-05-31,-0.4824117609628438,0.2944881276882078,-0.1000948601451923,0.2512496848149762,-0.1000948601451923,-0.0742176259689055,-0.2800753383557624,0.2327211071152719,0.0867232573493062,0.0100189810274856,0.0631264041196248,0.0100189810274856,0.0055082560044603,0.0784421951550948
2016-06-01,0.013859566956771,0.0847650618322261,0.1129569334815085,-0.0845868359685147,0.1129569334815085,0.1504394970949182,-0.015926442620966,0.0001920875962292,0.0071851157074211,0.0127592688215459,0.0071549328191644,0.0127592688215459,0.0226320422861718,0.0002536515745589
2016-06-02,0.2744846349732056,0.3851827293909397,0.2820728742561005,0.2492649679275872,0.2820728742561005,0.3063608198518273,0.5209133735372399,0.0753418148363739,0.1483657350210539,0.0795651063910979,0.0621330242359411,0.0795651063910979,0.0938569519402838,0.271350742729948
2016-06-06,0.4573353672978385,-0.0533195131059895,0.1969312587323532,-0.1704255594894687,0.1969312587323532,0.2235233528135632,0.979624666530181,0.2091556381814488,0.0028429704778597,0.038781920665909,0.0290448713272984,0.038781920665909,0.0499626892530166,0.9596644872743684
2016-06-07,0.1000741078520329,-0.140154559481397,0.1288629446313622,-0.2334033761725798,0.1288629446313622,0.1555560417651555,0.6246142666385011,0.0100148270623803,0.0196433005434244,0.0166056584990655,0.0544771360087588,0.0166056584990655,0.0241976821296428,0.3901429820883525
2016-06-08,0.371535862144516,0.2594100965245672,0.3303991188786806,0.1669745152999711,0.3303991188786806,0.3531949406267206,-0.3661954019515273,0.1380388968594688,0.0672935981788852,0.1091635777558085,0.0278804887596602,0.1091635777558085,0.1247466660843126,0.1340990724104406
2016-06-10,-0.7789509618314836,-1.6231475624928595,-1.0936745321099757,-1.3266979121831863,-1.0936745321099757,-1.166391199633441,-1.944003226241886,0.6067646009381934,2.634608009626512,1.1961239821859742,1.7601273501912256,1.1961239821859742,1.3604684305823378,3.7791485436388617
2016-06-13,-0.7464386752917345,-0.9464928872836816,-0.8148294359401812,-0.862045483505476,-0.8148294359401812,-0.8468923884599877,-0.3115078387419521,0.5571706959712794,0.8958487856786003,0.6639470096745939,0.74312241563219,0.6639470096745939,0.7172267176314627,0.097037133597682
2016-06-14,-0.3257117772141591,-0.1008874319977968,-0.180050982836035,0.0486455765741134,-0.180050982836035,-0.1873244381680336,-0.7866427489822162,0.106088161816006,0.01017827393511,0.0324183564202221,0.0023663921202279,0.0324183564202221,0.0350904451349694,0.618806814526298
2016-06-15,-0.1962480609693328,-0.1781271542215153,-0.1842376124613485,-0.3486593088926811,-0.1842376124613485,-0.154285625751446,0.28208053319038,0.0385133014342229,0.0317292830710555,0.033943497845458,0.121563313677522,0.033943497845458,0.0238040543135152,0.0795694272049691
2016-06-16,0.5254356021759599,0.2062843466813294,0.3128097810598873,0.33333579282544,0.3128097810598873,0.27296517370796,-0.2951897894965682,0.2760825720340135,0.0425532316857429,0.0978499591267346,0.1111127507785646,0.0978499591267346,0.0745099860574168,0.0871370118230282
2016-06-17,-0.3272502277664911,-0.9243369227810302,-0.3263274699419063,-1.1331906017356943,-0.3263274699419063,-0.2938328518371437,0.1393599028892396,0.1070927115732203,0.8543987468163041,0.1064896176386858,1.2841209398621054,0.1064896176386858,0.0863377448187488,0.0194211825332983
2016-06-20,0.7311588136435603,0.7652603059755315,0.5791368633679743,0.5875425285164366,0.5791368633679743,0.6303656386029021,0.8122003704709365,0.5345932107686585,0.5856233359017641,0.3353995065116957,0.3452062228154877,0.3353995065116957,0.3973608383312445,0.6596694417931265
2016-06-21,0.1395239103400228,0.1352962825756047,0.2708437354294545,0.3004918096434336,0.2708437354294545,0.2320042469965242,-0.0201231221774395,0.0194669215565707,0.0183050840787778,0.0733563290213803,0.0902953276627855,0.0733563290213803,0.0538259706244242,0.0004049400461681
2016-06-23,1.0119470584811905,1.3590394090178382,1.1622558978383517,1.2179571477437323,1.1622558978383517,1.2010921184313212,0.8460913828823333,1.024036849168734,1.8469881152635548,1.350838772060033,1.4834196137400475,1.350838772060033,1.442622276957839,0.7158706281877392
2016-06-24,-3.4473368476757367,-4.202356318176056,-3.6580777234719344,-4.154080634224342,-3.6580777234719344,-3.6919774487652512,-1.709335969164354,11.884131341342885,17.659798624914217,13.38153263096161,17.25638591563771,13.38153263096161,13.630697482191174,2.921829455479041
2016-06-27,-1.5084390378876114,-2.441119915123158,-1.826224926163297,-1.994844837956948,-1.826224926163297,-1.9405607989718725,-1.4654197260730422,2.2753883310233025,5.959066440010897,3.3350974809401395,3.9794059275234814,3.3350974809401395,3.765776214506351,2.14745497356399
2016-06-28,1.5599827208788573,2.09830545243407,1.76141579169895,2.106013367656842,1.76141579169895,1.7515910522027265,1.1106995946391334,2.4335460894406027,4.402885771714548,3.1025855912464384,4.435292304749313,3.1025855912464384,3.0680712141566544,1.2336535895315353
2016-06-29,1.6235268978801751,1.8451999968774635,1.6889216752452152,1.7162346681575296,1.6889216752452152,1.7068137386598905,1.3920882439226334,2.6358395881404246,3.4047630284765904,2.852456425113104,2.9454614361857856,2.852456425113104,2.9132131384781523,1.937909678867601
2016-06-30,1.3210597553920456,1.3184050274619443,1.3473821400287618,1.2060807720599112,1.3473821400287618,1.4086639240420522,0.1978558205821083,1.7451988773164913,1.7381918164369308,1.8154386312684856,1.4546308287326313,1.8154386312684856,1.9843340508975529,0.0391469257382194
2016-07-05,-0.4996879881458448,-0.4090812934750321,-0.4924294890468939,-0.1574909431839512,-0.4924294890468939,-0.5453432230489297,1.0962448707870402,0.249688085497242,0.1673475046712053,0.242486801682985,0.0248033971849705,0.242486801682985,0.2973992309253946,1.2017528167268945
2016-07-06,0.4362646071674016,0.7489967687569569,0.5338719739026071,0.766876222930972,0.5338719739026071,0.535042334073109,0.0807715022456496,0.1903268074669272,0.5609961596083624,0.285019284518666,0.5880991412968739,0.285019284518666,0.2862702992504004,0.0065240355750189
2016-07-07,-0.1269676771829685,0.3624913171933066,-0.0871920638997417,0.3342663040443732,-0.0871920638997417,-0.0618276265522185,-0.6811112466776501,0.0161207910492385,0.1313999550405384,0.0076024560070966,0.1117339620194853,0.0076024560070966,0.0038226554050805,0.4639125303507827
2016-07-08,1.392006897020443,1.626099381464385,1.513818586662386,1.5305238223339002,1.513818586662386,1.5647850958955076,0.8831407353144971,1.9376832013524816,2.644199198398855,2.2916467133245044,2.342503170731572,2.2916467133245044,2.448552396336713,0.7799375583718307
2016-07-11,0.4409448813794839,0.6411430819426263,0.3402814586803249,0.580113602190495,0.3402814586803249,0.3808293708527899,0.7130279544110936,0.1944323884147671,0.4110644515228892,0.1157914711216096,0.3365317914464319,0.1157914711216096,0.1450310097041318,0.5084088637716685
2016-07-12,0.6602192064677913,0.6828401896911702,0.6984851096364438,0.5015602386932072,0.6984851096364438,0.7352604005588291,0.802998813673896,0.43588940058896,0.4662707246574733,0.4878814483838349,0.2515626730379869,0.4878814483838349,0.5406078566299298,0.6448070947616844
2016-07-13,0.1331625102882607,-0.3408872003551471,0.0134740520162754,-0.2590071228467882,0.0134740520162754,-0.006021255032067,0.1113509370883589,0.0177322541462711,0.1162040833659701,0.0001815500777372,0.0670846896853712,0.0001815500777372,3.625551216119218e-05,0.0123990311904556
2016-07-14,0.728315841445172,0.5643761335521993,0.5245391042533613,0.6705140093391467,0.5245391042533613,0.4865507611228381,0.1428555912492285,0.530443964899989,0.3185204201233299,0.2751412718909186,0.4495890367200573,0.2751412718909186,0.236731643149213,0.0204077199511666
2016-07-15,0.0547525660330527,-0.0888346091259899,-0.0929374542387683,-0.1449983032776113,-0.0929374542387683,-0.0799280689968918,-0.2214027625855041,0.0029978434872038,0.0078915877785674,0.0086373704003831,0.0210245079533861,0.0086373704003831,0.0063884962135719,0.049019183280493
2016-07-18,0.0890938158743704,0.5194664411447528,0.2379506878603322,0.6482888022069393,0.2379506878603322,0.2236378001230161,0.3445139375968015,0.0079377080270562,0.2698453834755949,0.0566205298532052,0.4202783710669081,0.0566205298532052,0.0500138656438621,0.1186898531984528
2016-07-19,0.1399497612811135,-0.3846556460783869,-0.1436267614307006,-0.3555476801684176,-0.1436267614307006,-0.1616879774964862,-0.0536187321863656,0.0195859356826406,0.1479599660599812,0.0206286465990714,0.1264141528731434,0.0206286465990714,0.0261430020669042,0.0028749684412731
2016-07-20,0.1939070669178012,1.0578487252049054,0.4261212867370133,1.1644447356890983,0.4261212867370133,0.4345666163142007,0.0616693838634516,0.0375999506006646,1.1190439254176434,0.1815793510104079,1.355931542474054,0.1815793510104079,0.1888481440147737,0.0038031129060977
2016-07-21,-0.4192522368479217,-0.31541263970927,-0.3619024785839965,-0.2189116002252061,-0.3619024785839965,-0.3766482795476893,0.2217228754965643,0.1757724381019858,0.0994851332883697,0.13097340400524,0.0479222887131604,0.13097340400524,0.1418639264862343,0.0491610335184649
2016-07-22,0.2891621612009632,0.5161762917803241,0.4543577237250907,0.4092096764491427,0.4543577237250907,0.4760538425156869,0.2388358459081111,0.0836147554704118,0.2664379641960863,0.2064409411086459,0.167452559299612,0.2064409411086459,0.2266272609739504,0.0570425612906429
2016-07-25,-0.4197991444656393,-0.0496970432251412,-0.3015996263403,-0.003064723860583,-0.3015996263403,-0.3064861992722874,-0.7049126814003599,0.1762313216940827,0.0024697961053215,0.0909623346086086,9.392532341626876e-06,0.0909623346086086,0.0939337903443722,0.4969018883990453
2016-07-26,-0.1044842933736902,0.2433268325554763,0.0322754667759328,0.1324475136969986,0.0322754667759328,0.0836803459800335,0.3573387259499248,0.0109169675617993,0.0592079474414808,0.0010417057556043,0.0175423438845166,0.0010417057556043,0.0070024003033381,0.1276909650635154
2016-07-27,-0.008526571603474,0.5807511978329045,-0.1199328519867676,0.6564932345474632,-0.1199328519867676,-0.1295349875722008,-0.0237828966351896,7.270242330917063e-05,0.3372719537843534,0.0143838889856799,0.4309833670065905,0.0143838889856799,0.0167793130053302,0.0005656261723601
2016-07-28,-0.085676925697761,0.2947511903942548,0.160492950624527,0.3931121812495156,0.160492950624527,0.155421862075806,0.0424753075707953,0.0073405355970196,0.0868782642388302,0.0257579872001668,0.154537187046752,0.0257579872001668,0.0241559552111108,0.0018041517532336
2016-07-29,-0.1306966713997563,0.1385853027720313,0.1629962190295242,0.1866766521348956,0.1629962190295242,0.1810207275627866,0.2060719866684311,0.0170816199149758,0.0192058861444156,0.0265677674179206,0.0348481724522928,0.0265677674179206,0.0327685038073606,0.042465663689474
2016-08-02,-0.6448388714322932,-0.4737741781364263,-0.7652503613858233,-0.2332202013285506,-0.7652503613858233,-0.83822787528045,-0.7276763671027727,0.4158171701100736,0.2244619718688462,0.5856081156011331,0.0543916623077296,0.5856081156011331,0.7026259708971776,0.5295128952398892
2016-08-03,0.2248610638496019,0.4273872248654179,0.3129038245299685,0.3198169423516957,0.3129038245299685,0.3401295770222423,0.2417464868807497,0.0505624980355747,0.1826598399781633,0.0979088034054813,0.1022828766151878,0.0979088034054813,0.1156881291653294,0.0584413639191845
2016-08-04,-0.0160447666145923,0.1261090513475716,0.0212567352303576,0.2001025974237658,0.0212567352303576,0.0219685850118959,0.1152171053703108,0.0002574345357167,0.0159034928317844,0.0004518487926535,0.0400410494957377,0.0004518487926535,0.0004826187274248,0.0132749813699133
2016-08-05,1.037959849863267,1.0565430080979712,0.8566643604324631,0.9941957220614948,0.8566643604324631,0.8827270583160303,0.8224863048925396,1.0773606499281756,1.1162831279607095,0.733873826435161,0.9884251337653768,0.733873826435161,0.7792070594832723,0.6764837217357836
2016-08-08,-0.0768460689780311,-0.1529576611328631,-0.0907474350504716,-0.1350675172102026,-0.0907474350504716,-0.0851493630591713,0.7267654272506364,0.0059053183173763,0.0233960460992357,0.0082350969682395,0.0182432342053283,0.0082350969682395,0.0072504140293825,0.5281879862468001
2016-08-10,-0.1816355892435773,-0.1642585324999969,-0.2479123843982623,-0.028218662631019,-0.2479123843982623,-0.2638288429153275,0.1315243397844705,0.0329914872798615,0.0269808654990525,0.0614605503380317,0.0007962929206832,0.0614605503380317,0.0696056583540405,0.0172986519557408
2016-08-11,0.635206307120366,0.4565144805752857,0.4723392742399633,0.4155969025251646,0.4723392742399633,0.4498754082073209,0.1421658547724884,0.4034870526054926,0.2084054709749229,0.2231043899895353,0.1727207853885111,0.2231043899895353,0.2023878829097036,0.0202111302631922
2016-08-12,-0.19924400096649,0.085954955033547,-0.0796367872489116,0.0782902710952527,-0.0796367872489116,-0.0850634565292623,-0.3290742627833508,0.0396981719211346,0.0073882542948191,0.0063420178833284,0.0061293665481681,0.0063420178833284,0.0072357916367057,0.1082898704264058
2016-08-15,0.3202170075532348,0.5549371024700582,0.2789083240051626,0.4160188815619862,0.2789083240051626,0.3299583136857188,0.2003084891081573,0.1025389319263484,0.3079551876978639,0.0777898531993687,0.1730717098160858,0.0777898531993687,0.1088724887703232,0.0401234908087927
2016-08-16,-0.4519136749167263,-0.6655297845301323,-0.5494141970826596,-0.6219483421501693,-0.5494141970826596,-0.5855836943892858,-0.499179136205404,0.2042259695767405,0.4429298940967244,0.3018559599559835,0.386819740303344,0.3018559599559835,0.3429082631346045,0.2491798100227732
2016-08-17,0.1180555247187773,0.0295721942427648,0.1866814596923769,0.1721610315842837,0.1866814596923769,0.1447364760515871,-0.0397264863882724,0.0139371069166258,0.0008745146723318,0.0348499673928765,0.0296394207961647,0.0348499673928765,0.0209486474998316,0.0015781937207575
2016-08-18,0.1278591168359156,0.2194712367517688,0.2197179340589589,0.0672135236191836,0.2197179340589589,0.2690886252016589,-0.0130642106136616,0.0163479537580603,0.0481676237613509,0.048275970547137,0.0045176577573065,0.048275970547137,0.0724086882129188,0.0001706735989581
2016-08-19,-0.2429615299612315,-0.0337261275611001,-0.1441354298710058,-0.0529599000274278,-0.1441354298710058,-0.1225829565497397,-0.0559504546786791,0.0590303050411024,0.0011374516802675,0.0207750221440996,0.0028047510109151,0.0207750221440996,0.0150265812364753,0.0031304533787509
2016-08-22,-0.1248439556614326,0.1187639418919238,-0.0563379006361229,0.0503396061842075,-0.0563379006361229,-0.0395749653937407,0.4126294895291389,0.0155860132651937,0.0141048738937082,0.0031739590480856,0.0025340759507811,0.0031739590480856,0.0015661778859157,0.1702630956290778
2016-08-23,0.0964168450078354,0.2946307687881555,0.1949862616979006,0.2061278560052747,0.1949862616979006,0.2332662268339981,0.1123574303915573,0.0092962080012649,0.0868072899166995,0.0380196422509222,0.0424886930213312,0.0380196422509222,0.0544131325813702,0.0126241921641936
2016-08-24,-0.3554661415783036,-0.809012204481969,-0.5254072980571481,-0.7289165279368275,-0.5254072980571481,-0.5385191893318562,-0.9426761847071476,0.1263561778085666,0.6545007470007752,0.2760528288517129,0.5313193046994799,0.2760528288517129,0.2900029172786395,0.8886383892140244
2016-08-25,-0.1791360753981103,-0.1052934550432211,-0.1366173845338029,-0.1686385144362433,-0.1366173845338029,-0.0953345719586738,0.0306251916468007,0.0320897335090374,0.0110867116749388,0.0186643097568569,0.028438948551263,0.0186643097568569,0.0090886806105435,0.0009379023634032
2016-08-26,-0.2877335959114035,0.1287110163281629,-0.1580095733346478,0.1730076184330154,-0.1580095733346478,-0.1730259075505422,0.0625884013243493,0.0827906222161068,0.0165665257242286,0.0249670252653974,0.0299316360358638,0.0249670252653974,0.0299379646836887,0.0039173079803378
2016-08-29,0.5831547559136335,0.2566394216349617,0.5214500184160159,0.1544056671508414,0.5214500184160159,0.5360027126084106,0.2870898589892235,0.3400694693446895,0.0658637927371276,0.2719101217060633,0.0238411100482964,0.2719101217060633,0.2872989079235744,0.0824205871344522
2016-08-30,-0.26350181797384,-0.1786459938754271,-0.1955699005068049,-0.3154778874822814,-0.1955699005068049,-0.1763651412789219,0.0196139725665508,0.0694332080755187,0.0319143911277391,0.0382475859842416,0.099526297490283,0.0382475859842416,0.031104663058334,0.0003847079198414
2016-08-31,-0.2898746561974568,-0.1872328120357939,-0.2378614762390405,-0.1034874739501819,-0.2378614762390405,-0.2522069432709835,-0.5935242196973319,0.0840273163055937,0.0350561259028309,0.0565780818786156,0.0107096572645895,0.0565780818786156,0.063608342234093,0.3522709993673267
2016-09-01,0.100064535109718,0.2679394443789724,-0.0041457364561137,0.2696602249051619,-0.0041457364561137,-0.0099424333193185,0.587122859882882,0.0100129111867239,0.0717915458541124,1.718713076355083e-05,0.0727166368959024,1.718713076355083e-05,9.885198030909602e-05,0.3447132525970543
2016-09-02,0.3937049371556893,0.4331928617172882,0.4192300041961849,0.3089535144573208,0.4192300041961849,0.4820624906075744,0.7584261518775022,0.1550035775407652,0.1876560554428135,0.1757537964183332,0.0954522740955299,0.1757537964183332,0.2323842448507777,0.575210227851716
2016-09-06,0.2492983075534215,0.4941958927178577,0.29772423433708,0.639183552069126,0.29772423433708,0.249046439478441,0.1169925749949889,0.0621496461490003,0.2442295803792003,0.0886397197116005,0.4085556132357051,0.0886397197116005,0.0620241290168887,0.0136872626039581
2016-09-07,-0.0646690476803929,0.1518584769582361,-0.0146364667830636,0.0486266299062584,-0.0146364667830636,0.0335540667716079,-0.1098961703347435,0.0041820857278889,0.0230609970240751,0.0002142261598917,0.0023645491360402,0.0002142261598917,0.0011258753969135,0.0120771682542429
2016-09-08,-0.2498303437613464,-0.4636649074443996,-0.2225550780543069,-0.5783205764540249,-0.2225550780543069,-0.2450061489181012,0.0439864723354045,0.0624152006639125,0.2149851463954236,0.0495307627677586,0.3344546891501156,0.0495307627677586,0.0600280130076787,0.0019348097485133
2016-09-12,-0.8414153328844943,-0.9090562785681464,-1.0257350885060346,-0.8223985987612559,-1.0257350885060346,-1.110017365093487,-1.402180767010632,0.7079797624131244,0.8263833176041674,1.0521324717924825,0.6763394552444771,1.0521324717924825,1.2321385508090876,1.966110903374524
2016-09-13,-1.4196753905157966,-1.0925587377038477,-1.4941739368126836,-0.8813129658924187,-1.4941739368126836,-1.5319482845007382,-1.713839664554553,2.01547821443618,1.1936845953330246,2.2325557534503133,0.7767125438500916,2.2325557534503133,2.3468655463847545,2.937246395800463
2016-09-15,0.803396067041848,1.815168250822505,0.9470671684127748,2.034118628819649,0.9470671684127748,0.932044797023598,1.0714498380776816,0.6454452405383094,3.294835778794035,0.896936221485391,4.137638596111129,0.896936221485391,0.8687075036587598,1.14800475551669
2016-09-16,-0.4881395585601805,-0.097558166474626,-0.3779382161111366,-0.0382446439593583,-0.3779382161111366,-0.3790479960774937,-0.3659556566073647,0.2382802286313278,0.0095175958458908,0.1428372951972682,0.001462652791578,0.1428372951972682,0.1436773833303636,0.1339235426029274
2016-09-19,-0.0200287696851823,-0.1820681723992575,-0.0018699103378474,-0.4573071040957203,-0.0018699103378474,0.0706763758305244,0.3146451337211941,0.000401151615102,0.0331488194008057,3.496564671588753e-06,0.2091297874564139,3.496564671588753e-06,0.0049951501005375,0.0990015601744281
2016-09-20,0.0540306530573302,0.1207478417588728,0.0299143703386378,0.1905785955058011,0.0299143703386378,-0.01816915488146,0.1774748115669237,0.0029193114698015,0.0145800412894257,0.0008948695527571,0.0363202010649637,0.0008948695527571,0.0003301181891064,0.031497308740715
2016-09-21,0.8991097928437527,1.0217870191855625,1.0857950722306076,1.0048362997034617,1.0857950722306076,1.1103082550869274,1.291991371491752,0.8083984195875359,1.0440487125761166,1.1789509388802704,1.009695989201745,1.1789509388802704,1.2327844213141774,1.6692417040091387
2016-09-22,0.538366346746322,0.8338972627848887,0.6478837490987623,0.7719806743425233,0.6478837490987623,0.7142532230199387,0.5853344623118284,0.289838323308981,0.6953846448801297,0.419753352346268,0.5959541615583369,0.419753352346268,0.5101576665943702,0.3426164327698772
2016-09-23,-0.7148425874441862,-0.6345750430466344,-0.5753297289882613,-0.6657069639512138,-0.5753297289882613,-0.594523797187168,-0.6729954531763537,0.5109999248238989,0.4026854852576378,0.3310042970577062,0.4431657618531426,0.3310042970577062,0.3534585454218488,0.4529228799960456
2016-09-26,-0.916599466141154,-0.9136655956125536,-0.8624922689932855,-0.8627931186853118,-0.8624922689932855,-0.8511882837354476,-0.5353149607632195,0.8401545813302487,0.8347848206060422,0.7438929140731859,0.7444119656507265,0.7438929140731859,0.7245214943684969,0.2865621072169272
2016-09-27,0.7349272471658407,0.9130059313759992,0.6423572318235906,1.0231326277122916,0.6423572318235906,0.5895936060764667,-0.4210099612517593,0.5401180586267607,0.8335798307277559,0.4126228132760661,1.046800373889459,0.4126228132760661,0.3476206203262518,0.1772493874732079
2016-09-28,0.6067843776714684,0.2416357703134564,0.5282490985375705,0.1757755092449008,0.5282490985375705,0.5622809063768397,1.183988822755225,0.3681872809861512,0.0583878454949774,0.2790471101057559,0.0308970296503042,0.2790471101057559,0.3161598176759603,1.4018295324093044
2016-09-29,-1.0733595968236576,-0.933051541247552,-0.9365019283515956,-0.7611657937731824,-0.9365019283515956,-0.9589716676009884,0.1568203243587235,1.1521008240934447,0.870585178624432,0.8770358618062571,0.5793733656103588,0.8770358618062571,0.9196266592614208,0.0245926141319752
2016-09-30,0.9036811526694748,0.8098970322642687,0.7936329103087052,0.7699649228907062,0.7936329103087052,0.8037631994718883,-0.194637788669831,0.8166396256900308,0.6559332028704699,0.6298531963250653,0.5928459824820911,0.6298531963250653,0.6460352808252866,0.0378838687782818
2016-10-03,-0.297069036416904,-0.2097076057076289,-0.3265991580707919,-0.1862390223231016,-0.3265991580707919,-0.3530999628993151,-0.2503494435182774,0.0882500123976678,0.0439772798916263,0.1066670100525501,0.0346849734358647,0.1066670100525501,0.1246795837994977,0.0626748438699111
2016-10-04,-0.4689362326144851,-0.2118308174431866,-0.4967899838307757,-0.147191724946497,-0.4967899838307757,-0.4968456579546033,-1.150507126554977,0.2199011902586665,0.0448722952186486,0.2468002880345824,0.0216654038927252,0.2468002880345824,0.2468556078283427,1.3236666482537902
2016-10-05,0.6177683340616541,0.4971498622582471,0.4287490733456811,0.3755081839063507,0.4287490733456811,0.440873642500332,0.6149357604874341,0.3816377145693114,0.2471579855433941,0.1838257678947802,0.1410063961806457,0.1838257678947802,0.1943695686515106,0.378145989526259
2016-10-06,-0.0685777275782406,-0.1726087309767988,0.0481425770205703,-0.0784480815991677,0.0481425770205703,0.0519750531451007,-0.1032661784128334,0.0047029047197953,0.0297937740094209,0.0023177077221815,0.0061541015065896,0.0023177077221815,0.002701406149436,0.0106639036039911
2016-10-07,-0.1534395376362412,-0.2726041824756183,-0.325877386832757,-0.1930698584745858,-0.325877386832757,-0.3643939482389589,-0.2005366603321764,0.0235436917100234,0.0743130403032002,0.1061960712489463,0.0372759702513965,0.1061960712489463,0.132782949513177,0.0402149521371827
2016-10-11,-0.6149902841220414,-0.8656694088730842,-0.7929242773975492,-0.87977188778887,-0.7929242773975492,-0.7934312033605059,-0.1144393592922335,0.3782130495645092,0.749383525458675,0.6287289096864256,0.7739985745435921,0.6287289096864256,0.6295330744661004,0.0130963669552169
2016-10-12,0.0857152118238255,-0.1481812782092323,0.1145955021557563,-0.0472745622605561,0.1145955021557563,0.1313303955923153,0.4756498572753738,0.0073470975380032,0.0219576912117219,0.0131321291143299,0.0022348842369271,0.0131321291143299,0.017247672806434,0.2262427867260834
2016-10-13,-0.2497983955209532,-0.4914884555378678,-0.3104131264702985,-0.3436239869824387,-0.3104131264702985,-0.3418184410857624,0.1690891326053331,0.0623992384048426,0.2415609019269987,0.0963563090850655,0.1180774444297071,0.0963563090850655,0.1168398466663008,0.0285911347652239
2016-10-14,0.2177109931017238,0.0158810928443783,0.0201616212501756,0.1120106505368875,0.0201616212501756,0.0162071271196151,-0.4017974045955981,0.0473980765173388,0.0002522091099317,0.0004064909714355,0.0125463858336967,0.0004064909714355,0.0002626709694713,0.1614411543397588
2016-10-17,-0.2869789328419801,-0.2753606892356322,-0.3042627268630379,-0.2564382947368828,-0.3042627268630379,-0.2880677124934852,0.0790226455039588,0.0823569078951217,0.0758235091763224,0.0925758069581316,0.0657605990075604,0.0925758069581316,0.0829830069812292,0.0062445785024443
2016-10-18,0.4167750878586631,0.8428705029129364,0.6141459963406811,0.9039391696688702,0.6141459963406811,0.6035828095035587,1.0612469386743584,0.1737014738595963,0.7104306846807064,0.3771753048212879,0.8171060224616465,0.3771753048212879,0.3643122079282092,1.1262450648456974
2016-10-19,0.2237289495511411,0.0491122812688206,0.2189599580657028,-0.0643012337463629,0.2189599580657028,0.2420283144303338,0.596364253674271,0.050054642867257,0.0024120161714277,0.0479434632361343,0.0041346486613044,0.0479434632361343,0.0585777049859885,0.3556503230604703
2016-10-20,-0.2214665518601626,-0.0873168064042804,-0.1376693959079235,-0.0806675177051836,-0.1376693959079235,-0.173394131914511,0.0500532036247326,0.0490474335928301,0.0076242246806425,0.0189528625696525,0.0065072484127161,0.0189528625696525,0.0300655249823868,0.0025053231930989
2016-10-21,-0.0916678519124409,0.2965742058652988,-0.0084063047335106,0.3954955766817751,-0.0084063047335106,-0.0201816347809155,0.6118132513692314,0.0084029950742412,0.0879562595846326,7.066595927264419e-05,0.1564167511748498,7.066595927264419e-05,0.0004072983824302,0.3743154545509903
2016-10-24,0.4251872146870607,0.9922266302492586,0.4738517284547238,1.1905285449648817,0.4738517284547238,0.4872558265075973,-0.1073603556334204,0.1807841675333406,0.984513685775799,0.2245354605595293,1.4173582163761975,0.2245354605595293,0.2374182404656017,0.0115262459617345
2016-10-25,-0.2954434406729972,-0.4989614085419386,-0.3804880140132455,-0.3777822899861985,-0.3804880140132455,-0.4267231370078915,-0.3516190298807348,0.0872868266366988,0.2489624872141554,0.1447711288077437,0.1427194586272162,0.1447711288077437,0.1820926356578557,0.123635942174269
2016-10-26,0.1653300609714392,-0.6290517680327705,-0.1741936978872807,-0.632935831111001,-0.1741936978872807,-0.2160678526048975,-0.425026559539696,0.0273340290608198,0.3957061268651545,0.0303434443836452,0.4006077663041736,0.0303434443836452,0.0466853169292917,0.1806475763141507
2016-10-27,-0.1630685756993011,-0.6553282970342929,-0.2991246171217767,-0.4980086687124062,-0.2991246171217767,-0.3685930819117964,0.1767128835762646,0.0265913603805986,0.4294551768938663,0.0894755365682495,0.2480126341127032,0.0894755365682495,0.1358608600332362,0.0312274432218384
2016-10-28,-0.0467476303986017,-0.4972104436677709,-0.3113080493690933,-0.6399912323954207,-0.3113080493690933,-0.2885301199066292,-0.3272222411003265,0.0021853409478842,0.2472182252923016,0.0969127016019898,0.4095887775430093,0.0969127016019898,0.0832496300933338,0.1070743950707202
2016-10-31,-0.1033747901782724,-0.0186718891975635,-0.0122279286041235,-0.0899773389440728,-0.0122279286041235,0.0528917562221768,0.0133907920244835,0.0106863472444018,0.000348639446206,0.0001495222379475,0.0080959215234565,0.0001495222379475,0.0027975378762661,0.0001793133110429
2016-11-01,-0.582248766084363,-0.6875979935580377,-0.6810051166296054,-0.717671425305829,-0.6810051166296054,-0.7287010598556362,-0.0605433564720682,0.3390136256067633,0.4727910007450393,0.4637679688757024,0.5150522747005,0.4637679688757024,0.5310052346347274,0.0036654980129039
2016-11-02,-0.4303422509304051,-0.9359719519884038,-0.654687039773644,-0.843288287074175,-0.654687039773644,-0.6886584040620063,-1.2501422471960582,0.1851944529358477,0.8760434949089828,0.4286151200475768,0.7111351351164962,0.4286151200475768,0.4742503974852295,1.56285563822441
2016-11-03,-0.1614273095726553,-0.9279507876462396,-0.4433198871881831,-1.016465251309998,-0.4433198871881831,-0.4196258470093436,-0.0774552494774102,0.0260587762758659,0.8610926642932767,0.1965325223765434,1.033201607120697,0.1965325223765434,0.176085851478309,0.0059993156716078
2016-11-04,-0.2366964485018888,-0.2382636351819547,-0.1667529568162566,-0.3993127465075956,-0.1667529568162566,-0.1243652352230455,-0.509888990549355,0.0560252087334073,0.0567695598501196,0.0278065486069643,0.1594506695234393,0.0278065486069643,0.0154667117320834,0.2599867826834402
2016-11-07,2.0544982539401047,2.346300936800429,2.1980157782961816,2.401446306315832,2.1980157782961816,2.1949599155054607,0.982117990615608,4.220963075442938,5.505128086030571,4.831273361638969,5.7669443621179495,4.831273361638969,4.817849030675739,0.9645557474908396
2016-11-08,0.399756518104286,0.5273543346373899,0.3764860174332019,0.6512632469464774,0.3764860174332019,0.3625357138865204,0.0299563724186319,0.1598052737668623,0.2781025942608442,0.1417417213227132,0.4241438168232684,0.1417417213227132,0.1314321438432089,0.0008973842484837
2016-11-10,2.5587199182070206,0.2943009357696816,1.2965001992679417,-1.2121654946061302,1.2965001992679417,1.4769894441416005,0.5946055573841831,6.547047619829343,0.0866130407949102,1.6809127667018124,1.4693451863137243,1.6809127667018124,2.181497818105713,0.353555768872155
2016-11-11,0.2113300515940634,0.5421848239293667,-0.1398914799700448,0.103653254539725,-0.1398914799700448,0.0278845581108392,-1.289043045875671,0.0446603907067495,0.2939643832993184,0.0195696261682094,0.010743997176677,0.0195696261682094,0.0007775485810367,1.6616319741204273
2016-11-15,0.3992513521871565,0.7325814303234965,0.7337472273045273,0.2631872205926433,0.7337472273045273,0.8625614884374219,1.3693810800844488,0.1594016422232729,0.53667555205482,0.5383849935770817,0.0692675130832806,0.5383849935770817,0.7440123213353806,1.8752045424932515
2016-11-16,-0.2906683719254567,0.3588013731783779,-0.158353887400465,0.581664302826244,-0.158353887400465,-0.1383016777129239,-0.1551748537511749,0.0844881024377956,0.1287384253946896,0.0250759536548391,0.3383333611823405,0.0250759536548391,0.0191273540582094,0.0240792352366985
2016-11-17,0.1889218373301832,0.7411952596405191,0.4665388864814814,0.7136014020542022,0.4665388864814814,0.4773184604790234,0.6283658554673889,0.0356914606202122,0.5493704129135766,0.2176585325993806,0.5092269610137231,0.2176585325993806,0.227832912714065,0.3948436483172634
2016-11-18,-0.1900107158096822,-0.23387024635374,-0.2389553027376295,-0.3849867178415135,-0.2389553027376295,-0.1969628967888223,0.2555733735754177,0.0361040721225078,0.054695292129559,0.0570996367064321,0.1482147729143811,0.0570996367064321,0.0387943827114442,0.06531774928072
2016-11-21,0.4692940420550113,0.8857934064954252,0.7433688411606852,1.0542311180670072,0.7433688411606852,0.7268330430229067,1.1760474498623703,0.2202368979083307,0.7846299589907695,0.5525972340085801,1.111403250300812,0.5525972340085801,0.5282862724299386,1.3830876043277849
2016-11-22,0.3537707719725553,0.3252380086934274,0.2163086603401473,0.3050293955188601,0.2163086603401473,0.2912120575365408,0.401523419982878,0.1251537591020577,0.1057797622988659,0.0467894365381492,0.0930429321306012,0.0467894365381492,0.0848044624546655,0.1612210567947466
2016-11-23,0.3112624589650964,-0.1053587029713641,0.0807684847182356,-0.410786103197036,0.0807684847182356,0.124824481802817,-0.1290203480424639,0.0968843183609983,0.0111004562918081,0.0065235481236798,0.1687452225798059,0.0065235481236798,0.0155811512573418,0.0166462502089985
2016-11-25,0.3607273567817015,0.3384545029179556,0.3906688203705128,0.332275110858656,0.3906688203705128,0.3871336553706451,-0.0362776003063406,0.1301242259307129,0.1145514505454404,0.152622127209688,0.1104067492961321,0.152622127209688,0.1498724671206374,0.0013160642839866
2016-11-28,-0.2836007734235521,-0.5592278571823807,-0.5268331826910543,-0.2672140837320398,-0.5268331826910543,-0.5685705680419438,-0.3993252411807634,0.0804293986864369,0.3127357962487971,0.2775532023843858,0.0714033665447535,0.2775532023843858,0.3232724908435387,0.1594606482440748
2016-11-29,0.1239952613166558,0.2066477426112496,0.1334428912745541,0.3327365321325832,0.1334428912745541,0.1287955841143522,-0.1036142816528962,0.0153748248289857,0.0427032895263252,0.0178070052317124,0.1107135998156175,0.0178070052317124,0.0165883024873571,0.0107359193624457
2016-11-30,0.0103856750491747,-1.050815103947358,-0.2656997068934635,-1.2886351763175363,-0.2656997068934635,-0.2636231132588232,0.552080241018365,0.000107862246227,1.104212382683897,0.0705963342432724,1.660580617642928,0.0705963342432724,0.0694971458442743,0.3047925925228959
2016-12-01,0.3567551129628361,-1.3726069863230188,-0.3521731974758958,-1.6075510848843009,-0.3521731974758958,-0.3466954808028021,-0.3674484496273447,0.1272742106251259,1.88404993890276,0.1240259610203963,2.584220490512692,0.1240259610203963,0.1201977564090861,0.1350183631335393
2016-12-02,-0.112108409566421,0.0865157425518936,0.0396985652129197,0.1113847757859273,0.0396985652129197,0.0451188300298804,0.1661566769295622,0.0125682954955124,0.0074849737093055,0.0015759760799644,0.0124065682768813,0.0015759760799644,0.0020357088232652,0.0276080412882749
2016-12-05,0.2387040478112144,1.0079081635861695,0.5804422368380822,0.8146921245529957,0.5804422368380822,0.6587651984322443,0.2829406064147247,0.0569796224414585,1.015878866223645,0.3369131903055962,0.6637232578086738,0.3369131903055962,0.4339715866654742,0.0800553867583321
2016-12-06,0.1847912484864372,0.4530968549639734,0.3405075579885737,0.220136117493638,0.3405075579885737,0.4102629683845776,0.2027069977453069,0.0341478055171761,0.2052967599782439,0.1159453970473419,0.0484599102251728,0.1159453970473419,0.1683157032277249,0.0410901269349158
2016-12-07,1.5351979858735514,1.1328981514177918,1.3077306345682038,1.3125498969099818,1.3077306345682038,1.2878527716438175,0.7374006483566203,2.3568328558302087,1.28345822148585,1.710159412588157,1.722787231878404,1.710159412588157,1.6585647614306631,0.543759716196764
2016-12-08,0.3329349757049609,0.4364772904690458,0.2157084672990433,0.1492515304928165,0.2157084672990433,0.3289350833509082,0.3763152122364421,0.1108456980476629,0.1905124250951998,0.0465301428645024,0.0222760193544481,0.0465301428645024,0.1081982890590689,0.1416131389605584
2016-12-09,0.7215073552372695,0.4997683911685057,0.5921379481215525,0.7528003002151507,0.5921379481215525,0.5217767441194237,0.1110842590231529,0.5205728636614794,0.2497684448111565,0.3506273496056024,0.566708292004021,0.3506273496056024,0.2722509707038665,0.0123397126027229
2016-12-12,0.2001517310703512,-0.5887073859189619,-0.1138052017110923,-0.4422843093836482,-0.1138052017110923,-0.1825026170977604,-0.1601312764763721,0.0400607154504582,0.3465763862355375,0.0129516239365024,0.1956154103269706,0.0129516239365024,0.0333072052475317,0.0256420257059523
2016-12-13,0.578116042312236,0.9431159401359384,0.6518478790004478,1.25463718864358,0.6518478790004478,0.597594334133522,0.6361974669749586,0.334218158378763,0.8894676765384951,0.4249056573573824,1.5741144751274665,0.4249056573573824,0.3571189881884876,0.4047472169853535
2016-12-14,-0.5978363908263211,-0.4982534045303188,-0.8150321360078533,-0.2966405125586142,-0.8150321360078533,-0.864342453586389,-1.2300673856968944,0.3574083501962418,0.2482564551260535,0.6642773827255238,0.0879955936910373,0.6642773827255238,0.747087877071739,1.5130657733551924
2016-12-15,0.3012623154291975,0.37055075172683,0.3875707737847659,0.2473763581239909,0.3875707737847659,0.403656298282135,0.1389423836294357,0.0907589826977613,0.1373078596053188,0.1502111046921222,0.0611950625586889,0.1502111046921222,0.1629384071428359,0.0193049859686293
2016-12-16,-0.0445103158913035,-0.3615382911663258,-0.1752174072758334,-0.376574160335183,-0.1752174072758334,-0.1844896153540495,0.2224446783098627,0.0019811682207436,0.130709935979467,0.0307011398124652,0.1418080982321481,0.0307011398124652,0.0340364181734851,0.0494816349083783
2016-12-19,0.1996238946843505,0.3722765009521642,0.1973190039851425,0.4057586545774274,0.1973190039851425,0.2357818969903676,0.1156541055883599,0.0398496993289486,0.1385897931611867,0.0389347893336887,0.164640085764484,0.0389347893336887,0.0555931029483763,0.0133758721394435
2016-12-20,0.4594454709617948,0.4844551550781597,0.3630921049278551,0.3833895065377466,0.3630921049278551,0.3999360884850083,0.151229578722993,0.2110901407873054,0.2346967972818038,0.1318358766609405,0.1469875137232568,0.1318358766609405,0.1599488748726883,0.0228703854807339
2016-12-21,-0.1636737315898393,-0.2283993593058046,-0.2460351245738565,-0.0989224442327894,-0.2460351245738565,-0.2746656017693913,0.0845129850932226,0.0267890904125427,0.052166267331302,0.0605332825240731,0.0097856499729893,0.0605332825240731,0.0754411927953418,0.0071424446493672
2016-12-22,-0.115797038653465,-0.4398087291032372,-0.1864724123784829,-0.2937078973182423,-0.1864724123784829,-0.2449934279566136,0.1915074185738586,0.013408954160912,0.1934317181954047,0.034771960578251,0.0862643289471031,0.034771960578251,0.0600217797419324,0.036675091368823
2016-12-23,0.0749225852630199,0.2798690126087401,0.1250898002771041,0.1140726044243988,0.1250898002771041,0.146308585149948,-0.046178863033476,0.0056133937824944,0.0783266642185911,0.0156474581333658,0.0130125590801653,0.0156474581333658,0.0214062020885795,0.0021324873910645
2016-12-28,-0.5035399435808636,-0.4427758782209812,-0.6145739826410604,-0.2784629769162318,-0.6145739826410604,-0.6189965388022699,0.2147332545509465,0.2535524747814193,0.1960504783343611,0.3777011801392945,0.0775416295130498,0.3777011801392945,0.38315671504919,0.0461103706100415
2016-12-29,-0.0701179074364691,-0.1189810163560118,-0.0293386797031513,-0.162587143489287,-0.0293386797031513,0.0038209502708217,0.3964502733785397,0.0049165209432692,0.0141564822531095,0.0008607581267241,0.026434579228006,0.0008607581267241,1.4599660972093095e-05,0.1571728192619188
2016-12-30,-0.2889340052906741,-0.905601598514965,-0.4647865250606844,-1.1176469243433695,-0.4647865250606844,-0.4595596323337339,-0.8761454313766872,0.0834828594133113,0.8201142552328599,0.2160265138779862,1.2491346474941936,0.2160265138779862,0.2111950556707167,0.7676308169222413
2017-01-03,0.6011501927248064,0.8502852831744336,0.8450767046807911,0.9762578721018088,0.8450767046807911,0.8180786478813133,0.7522855154279006,0.3613815542130719,0.7229850627830268,0.714154636794145,0.9530794328407516,0.714154636794145,0.6692526741193179,0.565933496722622
2017-01-04,0.3033463516120725,0.8787991443377194,0.5705998372356855,0.5253786273916834,0.5705998372356855,0.6791777354974927,0.7355842296870007,0.0920190090363551,0.7722879360887078,0.3255841742533908,0.2760227021199693,0.3255841742533908,0.4612823963955021,0.5410841589642181
2017-01-06,0.108458384772848,0.8010546506005748,0.2739830155797272,1.4052930092818166,0.2739830155797272,0.1152672532458902,-0.13349328712035,0.0117632212275351,0.6416885532488089,0.075066692826161,1.974848441936344,0.075066692826161,0.0132865396708522,0.0178204577061962
2017-01-09,-0.3835636390762208,0.1947548551757594,-0.3554871008026604,0.3553042540952223,-0.3554871008026604,-0.3992776685206848,-0.6935433336199288,0.1471210652213934,0.037929453614531,0.1263710788370808,0.1262411129781623,0.1263710788370808,0.1594226565793139,0.4810023556086439
2017-01-11,0.3358701688147784,0.5737853929840676,0.282556930401906,0.5024472340432884,0.282556930401906,0.3671673598913972,0.6644349064602657,0.1128087702996677,0.3292296772018809,0.0798384189181475,0.252453222997751,0.0798384189181475,0.1348118701696188,0.441473744922862
2017-01-12,-0.3176210093373888,-0.2909335273359095,-0.214705654265648,-0.1740649652302399,-0.214705654265648,-0.268619044293406,-0.4748033002933916,0.1008831055725016,0.0846423173281144,0.0460985179736399,0.0302986121206046,0.0460985179736399,0.0721561909571028,0.2254381739694965
2017-01-13,-0.0265140405986621,0.4788707327059553,0.1848152813804706,0.3580463736829048,0.1848152813804706,0.230829005297827,0.5118489191045814,0.0007029943488675,0.2293171786423385,0.0341566882317425,0.1281972057074783,0.0341566882317425,0.0532820296867842,0.2619893159885283
2017-01-17,-0.2969545830594464,-0.6369048789556921,-0.2971914315658324,-0.2940968426529134,-0.2971914315658324,-0.3748939352455943,-0.3614901036023679,0.0881820244000096,0.4056478248375648,0.0883227469961488,0.0864929528584125,0.0883227469961488,0.1405454626839278,0.1306750950024507
2017-01-18,-0.1112831527713444,0.3051456973487774,0.1762200386413681,0.2217514234515728,0.1762200386413681,0.2065548720477678,-0.2821734335578097,0.0123839400907303,0.0931138966104716,0.0310535020187652,0.0491736938027987,0.0310535020187652,0.0426649151666697,0.0796218466058036
2017-01-19,-0.365824935288965,-0.2807026343993667,-0.3615859023188288,-0.0926682800363558,-0.3615859023188288,-0.413537276488474,0.0776430316410548,0.1338278832791754,0.0787939689587445,0.1307443647557216,0.0085874101248964,0.1307443647557216,0.1710130790455046,0.0060284403624138
2017-01-23,0.3412706474996668,0.2318935894079868,0.0666830086821858,0.2872827834573201,0.0666830086821858,0.0836041014704207,0.4552946459189032,0.1164656548448418,0.0537746368085199,0.0044466236469084,0.0825313976709855,0.0044466236469084,0.0069896457826764,0.2072932146024194
2017-01-24,0.5683871389240641,0.8609418512709898,0.6543088991933502,0.6956813913770512,0.6543088991933502,0.7474229899782662,0.8398669925643685,0.3230639396942834,0.7412208712699191,0.4281201355636137,0.4839725983083099,0.4281201355636137,0.5586411259480514,0.705376565199117
2017-01-25,0.7793657644417611,0.9839387151212764,0.7994031790009635,0.9833159537238092,0.7994031790009635,0.8054793316746869,0.212129329290399,0.6074109947838906,0.9681353951145084,0.6390454425968465,0.9669102648477644,0.6390454425968465,0.6487969537551003,0.0449988523451945
2017-01-26,0.1612796393072809,-0.0205631165073363,-0.073557418361088,0.1057584922901629,-0.073557418361088,-0.1085207605659953,-0.1811937784277015,0.0260111220550866,0.0004228417604942,0.0054106937959481,0.0111848586914884,0.0054106937959481,0.011776755473822,0.0328311853409069
2017-01-27,-0.0354387617065441,0.0990813231831033,-0.0866843719678466,0.2157486438307101,-0.0866843719678466,-0.1273813933176086,-0.2546221751630168,0.0012559058312932,0.0098171086037145,0.0075141803434599,0.0465474773147906,0.0075141803434599,0.0162260193635353,0.064832452084746
2017-01-30,-0.6122750403498778,-0.8349868912538616,-0.6027656215802972,-0.752252491258592,-0.6027656215802972,-0.6431253127010481,-1.1019148044807934,0.3748807250354444,0.6972031085657882,0.363326394559082,0.565883810604758,0.363326394559082,0.4136101678368209,1.214216236333945
2017-01-31,-0.537411138222006,0.0191298961495135,-0.0890395846332738,-0.2451861678191848,-0.0890395846332738,-0.0320763797952147,-0.1244516429625245,0.2888107314850721,0.0003659529266911,0.0079280476316659,0.0601162568898574,0.0079280476316659,0.0010288941407668,0.0154882114360716
2017-02-01,0.1350541850095113,0.4950515274243857,0.0298348991556035,0.6995336456271022,0.0298348991556035,0.0037742258123749,0.1067286915967945,0.0182396328885833,0.2450760148052173,0.000890121207625,0.4893473213643441,0.000890121207625,1.4244780482797696e-05,0.0113910136099636
2017-02-02,-0.0303024102254452,-0.1144443245343358,0.0570125443036994,-0.0967924685018137,0.0570125443036994,0.0396207731233711,-0.0212976641553013,0.0009182360654711,0.0130975034181203,0.0032504302079812,0.0093687819586746,0.0032504302079812,0.0015698056628936,0.000453590498472
2017-02-03,0.9337660828221928,0.5409037352679623,0.7238573675816558,0.2695819971423986,0.7238573675816558,0.7947509633537402,0.5005921289144263,0.8719190974291021,0.2925768508268339,0.5239694886022442,0.0726744531832842,0.5239694886022442,0.6316290937516981,0.2505924795310776
2017-02-06,-0.0948977144262824,-0.0567327428269022,-0.2117657077464753,0.1232385540021123,-0.2117657077464753,-0.2529583405687025,-0.1257543404684154,0.0090055762033322,0.0032186041086634,0.0448447149773656,0.0151877411925315,0.0448447149773656,0.0639879220632717,0.0158141541466461
2017-02-07,0.1886828304149165,0.1881323061992377,0.0226794952167503,0.3460362121752207,0.0226794952167503,-0.0131338243070666,0.2704508147111768,0.0356012104933841,0.0353937646358437,0.0005143595032866,0.1197410601365743,0.0005143595032866,0.0001724973409288,0.0731436431779393
2017-02-08,-0.1791207009875842,0.1450601403243775,0.0693150264796855,0.2061170468595907,0.0693150264796855,0.0600262632917503,0.3557810381855697,0.0320842255222835,0.0210424443109281,0.0048045728958795,0.0424842370061187,0.0048045728958795,0.0036031522847705,0.1265801471324018
2017-02-09,0.5869991989042321,0.5742611130575836,0.5735978912330699,0.2993450141008301,0.5735978912330699,0.6374270365462509,0.4058862201453052,0.3445680595142102,0.3297758259701349,0.3290145408270247,0.0896074374670262,0.3290145408270247,0.4063132269201354,0.1647436237038431
2017-02-10,0.4795652620724939,0.3309722989499826,0.3559715435258431,0.2783835483599007,0.3559715435258431,0.3849699289538341,0.7134497292677371,0.2299828405866598,0.1095426626722366,0.1267157398001712,0.0774973999974492,0.1267157398001712,0.14820184619872,0.5090105161922074
2017-02-13,0.701979325111051,0.5188528717078035,0.523217574810087,0.5748095046747839,0.523217574810087,0.4943767880544102,0.1744284355267214,0.4927749728833666,0.2692083024794344,0.273756630590149,0.3304059666644703,0.273756630590149,0.2444084085669952,0.0304252791202996
2017-02-14,0.4509028274004469,0.3224521887454016,0.3999293774357181,0.2708237153252851,0.3999293774357181,0.3816059714806559,0.1867315897914477,0.2033133597577172,0.1039754140267001,0.1599435069361211,0.073345484782591,0.1599435069361211,0.1456231174696951,0.0348686866260415
2017-02-15,0.5226658047726591,0.6355470774833012,0.4979922087050161,0.5924470665421808,0.4979922087050161,0.4827513298859099,0.372546586582814,0.2731795434786514,0.4039200876975652,0.2479962399309003,0.3509935266544352,0.2479962399309003,0.2330488465066146,0.1387909591745061
2017-02-16,0.0383676834504693,-0.0780448264438312,-0.0864479120029517,-0.0330848764013783,-0.0864479120029517,-0.0897657906081291,0.1212269678490394,0.0014720791333554,0.0060909949346477,0.00747324148967,0.0010946090464944,0.00747324148967,0.0080578971635024,0.014695977733872
2017-02-17,0.0207555959075705,0.4063685121978617,0.1677174227530911,0.4532936528347271,0.1677174227530911,0.1520049373781987,-0.1611214499992452,0.0004307947614783,0.1651353677059037,0.0281291338949391,0.2054751357002501,0.0281291338949391,0.0231055009873501,0.0259601216498592
2017-02-21,0.5751223753893463,0.4677002307492028,0.6029862181035704,0.4871749888752896,0.6029862181035704,0.6275446101166879,0.5273145936206273,0.3307657466734842,0.2187435058428576,0.3635923792228466,0.2373394697856386,0.3635923792228466,0.3938122376865058,0.2780606806452873
2017-02-22,0.1570283779984565,-0.0907852525669055,-0.1082864620850989,0.0263294136293854,-0.1082864620850989,-0.1364840116146579,-0.5804267224014211,0.0246579114968261,0.0082419620836368,0.0117259578709075,0.0006932380220672,0.0117259578709075,0.01862788542643,0.3368951800776564
2017-02-23,0.1669842774600327,-0.4295272398000641,0.0418903114682956,-0.3699005023232151,0.0418903114682956,-0.0200333282402366,-0.3101413305232409,0.0278837489188491,0.1844936497302618,0.0017547981949108,0.1368263816189668,0.0017547981949108,0.000401334240381,0.0961876448987261
2017-02-24,0.0549417160909171,0.1677794567668873,0.1492237893553473,0.2049704872487587,0.1492237893553473,0.1437867108537005,-1.582230744573496,0.0030185921670149,0.0281499461129918,0.022267739309569,0.0420129006429935,0.022267739309569,0.0206746182181256,2.5034541290735994
2017-02-27,0.0752901642285619,0.2834666534131436,0.1017502394054127,0.0792265361836464,0.1017502394054127,0.1653718972128262,-0.4513995801717434,0.0056686088295638,0.0803533435972472,0.0103531112190588,0.0062768440356586,0.0103531112190588,0.0273478643877695,0.2037615809792262
2017-02-28,-0.1210180316398822,-0.6239422767853648,-0.2581660667547418,-0.322986528769246,-0.2581660667547418,-0.3638153650021808,-0.4164897353880658,0.0146453639819915,0.3893039647601048,0.0666497180236138,0.104320297766407,0.0666497180236138,0.13236161981167,0.1734636996836211
2017-03-01,1.44685532356258,1.3400809452277749,1.3581181939563836,1.1320396224578295,1.3581181939563836,1.3970802163490037,1.293224367213839,2.0933903273213783,1.7958169397625665,1.8444850287553487,1.2815137068144653,1.8444850287553487,1.951833130913779,1.6724292639556344
2017-03-02,-0.5346180364443113,-0.7276884937961364,-0.5877100476420299,-0.5157043329632435,-0.5877100476420299,-0.6490602431023421,-0.4048652239796885,0.2858164448915709,0.5295305440032897,0.3454031000993971,0.2659509590370639,0.3454031000993971,0.4212791991760714,0.1639158495881233
2017-03-03,0.0130417359527396,0.162479072735425,0.0503668395383051,0.1903558424825187,0.0503668395383051,0.0415939532006497,0.4613888676835159,0.0001700868766609,0.0263994490769635,0.0025368185250773,0.0362353467672294,0.0025368185250773,0.0017300569428578,0.2128796872222769
2017-03-06,-0.2448157598086082,-0.3682279341931337,-0.3282598257417541,-0.24530022247296,-0.3282598257417541,-0.3640813694334745,0.1360511762201619,0.0599347562506661,0.1355918115201428,0.1077545131960067,0.0601721991452836,0.1077545131960067,0.1325552435685541,0.0185099225508895
2017-03-07,-0.1412863887241388,-0.2609924323924575,-0.2917555877758864,-0.1686397400897747,-0.2917555877758864,-0.3271718933459711,-0.1342572979578205,0.0199618436387084,0.0681170497661315,0.0851213229984529,0.0284393619375467,0.0851213229984529,0.1070414477955874,0.0180250220549349
2017-03-08,-0.3304465802138545,0.0620829544488435,-0.2286865055045871,0.1591622324657017,-0.2286865055045871,-0.2606850379300257,-0.7188410212253438,0.1091949423750314,0.0038542932330971,0.0522975177998995,0.025332616243466,0.0522975177998995,0.0679566890005789,0.5167324137962951
2017-03-09,0.011820466690133,0.0214964271796125,0.0799517793787236,0.0779015885197975,0.0799517793787236,0.0273765093010492,-0.0009034059047916,0.0001397234327725,0.0004620963814883,0.0063922870258241,0.0060686574939078,0.0063922870258241,0.0007494732615104,8.161422288123656e-07
2017-03-13,0.1115690788199366,0.6313002785451313,0.3629967221969017,0.5686838510011434,0.3629967221969017,0.3915752683531253,0.3091331984784249,0.0124476593487292,0.3985400416911603,0.1317666203256946,0.3234013223894906,0.1317666203256946,0.153331190785822,0.0955633344015012
2017-03-14,-0.2114304479179392,-0.3233386721704368,-0.3384740682155033,-0.230236703868528,-0.3384740682155033,-0.3459644012296132,-1.0684858009026426,0.0447028343067804,0.1045478969209412,0.1145646948543531,0.0530089398082442,0.1145646948543531,0.1196913669181648,1.1416619067305616
2017-03-15,0.5395089065428385,0.7354205767843768,0.8339854388317126,0.6312982150657988,0.8339854388317126,0.8861828895746141,0.9145540908077924,0.2910698602390492,0.5408434247578654,0.6955317121833242,0.3985374363452635,0.6955317121833242,0.7853201137748127,0.8364091850132678
2017-03-16,-0.0742309237406053,0.012083919360236,-0.1627981495115238,-0.0770571165796955,-0.1627981495115238,-0.1411177481668032,0.2670244018889623,0.0055102300393835,0.0001460211071046,0.0265032374843764,0.0059377992155767,0.0265032374843764,0.0199142188476693,0.071302031204158
2017-03-17,-0.0952401184296443,0.0039994048348724,-0.1315228474144621,-0.0612891213254823,-0.1315228474144621,-0.0851287397114189,-0.4632103835405178,0.0090706801584926,1.599523903320145e-05,0.0172982593920078,0.0037563563928496,0.0172982593920078,0.0072469023248545,0.2145638594197536
2017-03-21,-1.186123801571806,-1.8328454991528973,-1.449751900285586,-1.4194241140867936,-1.449751900285586,-1.5816525793871166,-1.1515656924524211,1.4068896726551527,3.359322623765035,2.101780572381668,2.0147648156510787,2.101780572381668,2.501624881881919,1.326103544033424
2017-03-22,-0.0324774291819277,0.4789485531270102,0.188813197147545,0.6546137763210548,0.188813197147545,0.1747335758224383,0.2304512951599726,0.0010547834062671,0.2293917165424565,0.0356504234170776,0.4285191961493119,0.0356504234170776,0.0305318225196958,0.0531077994409088
2017-03-23,-0.0228730991226775,-0.0678389356540333,-0.1060836285503304,-0.2315090016273132,-0.1060836285503304,-0.0551460465069913,0.5532455561930448,0.0005231786634758,0.004602121190672,0.0112537362464044,0.0535964178344753,0.0112537362464044,0.0030410864453512,0.3060806454473515
2017-03-24,-0.2901795927475812,0.1896718971028649,-0.084436053238891,0.1651625720698199,-0.084436053238891,-0.0846163801568065,0.0586858278265548,0.0842041960471521,0.0359754285505997,0.0071294470865608,0.0272786752127184,0.0071294470865608,0.0071599317908411,0.003444026387688
2017-03-27,-0.2223539477579077,0.1994325507662877,-0.1020153452952507,0.1914275773076881,-0.1020153452952507,-0.0994237189039145,0.4106776644813976,0.0494412780835263,0.0397733423051479,0.0104071306757092,0.0366445173538909,0.0104071306757092,0.0098850758806846,0.1686561441038953
2017-03-28,0.7297823886813002,0.5935053648049263,0.7225317380816645,0.6109569259835365,0.7225317380816645,0.7286508208729878,0.5938009634824931,0.5325823348293843,0.3522486180522287,0.522052112535311,0.3732683654072524,0.522052112535311,0.530932018758879,0.3525995842327371
2017-03-29,-0.203988431297808,0.3806612212997662,0.1084814819185856,0.4255609848969723,0.1084814819185856,0.1242758352100338,0.3779094726105145,0.0416112801033405,0.1449029654014296,0.0117682319192524,0.1811021518664811,0.0117682319192524,0.0154444832171514,0.1428155694887572
2017-03-30,0.3342437110173989,0.28440850533288,0.2930736536392889,0.1743145111906842,0.2930736536392889,0.3282218806994323,-0.50498900550166,0.1117188583546824,0.0808881979056828,0.0858921664574819,0.0303855488116471,0.0858921664574819,0.1077296029698723,0.2550138956775556
2017-03-31,-0.3153506800190683,-0.0440720780082768,-0.2257556795272832,-0.064545945436448,-0.2257556795272832,-0.18950788302411,-0.1992514436050477,0.0994460513884888,0.0019423480599676,0.0509656268388254,0.0041661790722849,0.0509656268388254,0.0359132377282797,0.0397011377786955
2017-04-03,-0.0629906562076971,-0.2889277505828542,-0.1643524967756089,-0.0741965388378448,-0.1643524967756089,-0.2501895988064455,0.23544802996906,0.0039678227694762,0.083479245056868,0.0270117431963765,0.0055051263755158,0.0270117431963765,0.0625948353509301,0.0554357748163114
2017-04-04,0.1888530587624153,0.0665802357956195,0.0559440574031177,0.1509665815881852,0.0559440574031177,0.0438740820902122,0.541829161013071,0.0356654778039203,0.0044329277986003,0.0031297375587233,0.0227909087564221,0.0031297375587233,0.0019249350792586,0.2935788397241284
2017-04-05,-0.1988026054354966,-0.5803085803146761,-0.3059553298912912,-0.4030420604534395,-0.3059553298912912,-0.3643725021238353,-0.1665812216177949,0.0395224759279417,0.3367580483868349,0.0936086638888888,0.162442902494554,0.0936086638888888,0.1327673203039843,0.0277493033956769
2017-04-06,0.071614505328831,0.2464869467431743,0.1927633684241772,0.043471025475236,0.1927633684241772,0.2601401093312777,0.3458185070791847,0.0051286373734931,0.0607558149147724,0.037157716206235,0.0018897300558686,0.037157716206235,0.0676728764828891,0.1195904398384761
2017-04-07,-0.0331484907597084,-0.0193590718865311,-0.0827493188573361,-0.0463316239883163,-0.0827493188573361,-0.0823655429152536,-0.1916191313934381,0.0010988224396464,0.0003747736643078,0.006847449771353,0.0021466193813947,0.006847449771353,0.0067840826597244,0.0367178915159757
2017-04-10,0.0092826870158616,0.0529648687265184,0.0687504005690672,0.0610698421791648,0.0687504005690672,0.087854167741673,0.405505124112863,8.616827823444615e-05,0.0028052773192173,0.0047266175784072,0.0037295256237881,0.0047266175784072,0.007718354789582,0.1644344056817884
2017-04-11,-0.0324931509062198,-0.2409664744318036,-0.1434958025354097,-0.430311794843392,-0.1434958025354097,-0.0622220615576655,-0.0233963488776184,0.0010558048558143,0.058064841800093,0.0205910453452812,0.1851682407813415,0.0205910453452812,0.0038715849444859,0.0005473891408032
2017-04-12,-0.2882583277464409,-0.5231521437161052,-0.3766995820262467,-0.3966250998124253,-0.3766995820262467,-0.4660644411343855,-0.5017299487132758,0.0830928635151745,0.2736881654747564,0.1419025750987489,0.1573114698012163,0.1419025750987489,0.217216063289907,0.2517329414358263
2017-04-13,-0.6754054546694872,-0.532759171381428,-0.6838028476069099,-0.436956038711265,-0.6838028476069099,-0.7291285566864676,-0.7242234997939065,0.4561725281972967,0.2838323346910258,0.4675863343953188,0.1909305797662405,0.4675863343953188,0.5316284521756913,0.5244996776537345
2017-04-17,0.8940000012336883,0.8855875838478654,0.857644056804569,0.8483436852101863,0.857644056804569,0.8890095070266999,0.9571388208239006,0.7992360022058347,0.7842653686655,0.7355533281721988,0.7196870082359997,0.7355533281721988,0.790337903583856,0.9161147223281668
2017-04-18,-0.5522233174844103,-0.1250100643234999,-0.290757367184553,-0.1397480241060482,-0.290757367184553,-0.257405132104454,-0.3981165020261873,0.3049505923734878,0.0156275161821655,0.0845398465720929,0.0195295102415446,0.0845398465720929,0.0662574020337114,0.1584967491855672
2017-04-19,-0.5804586529343223,0.2315987239694868,-0.1717817000636604,0.1478970535611542,-0.1717817000636604,-0.1215783224583097,-0.4470833048587547,0.336932247766328,0.0536379689442945,0.0295089524767613,0.0218735384520709,0.0295089524767613,0.0147812884917767,0.1998834814834262
2017-04-20,0.8502128210388346,0.9124657922536252,0.7528779642538522,0.8096571001751469,0.7528779642538522,0.7876297200840453,0.4662204500839182,0.7228618410588133,0.8325938220330361,0.5668252290590248,0.6555446198640279,0.5668252290590248,0.6203605759596715,0.2173615080764512
2017-04-21,-0.1505327099036762,-0.105772257607799,-0.3039625852145616,-0.0272470529441657,-0.3039625852145616,-0.2966980803284686,-0.0709346112527116,0.0226600967509443,0.0111877704794505,0.0923932532103196,0.0007424018941421,0.0923932532103196,0.0880297508705984,0.0050317190735733
2017-04-24,1.046362724506713,1.2324840497821952,1.078175277383728,1.2051927770714117,1.078175277383728,1.0890591690514146,0.6255339301590129,1.0948749512371116,1.5190169329675205,1.162461928761479,1.4524896299051016,1.162461928761479,1.1860498736949578,0.3912926977801809
2017-04-25,1.1122067216800102,0.6940142905266687,0.6072128106062107,0.7264897263246697,0.6072128106062107,0.6149747165675843,0.2080893633847405,1.2370037917501957,0.4816558354552354,0.3687073973642938,0.5277873224552935,0.3687073973642938,0.3781939020173806,0.0433011831538666
2017-04-26,-0.1001845368882044,-0.004431271600583,-0.0485756051142471,-0.1281958968202073,-0.0485756051142471,-0.019837155056348,-0.6093398220203726,0.0100369414315039,1.963616799813382e-05,0.0023595894122152,0.0164341879615372,0.0023595894122152,0.0003935127207295,0.3712950186998194
2017-04-27,0.0297068731104934,0.3927731048147905,0.0552738372021074,0.5434858098949064,0.0552738372021074,0.0486841759000449,-0.9184167398117714,0.0008824983100029,0.1542707118658504,0.003055197079045,0.2953768255571223,0.003055197079045,0.0023701489830665,0.843489307966483
2017-04-28,-0.1947242199749269,-0.0220062873396383,-0.1914950815332929,0.2195824335358859,-0.1914950815332929,-0.2798063039896784,0.5124060020451461,0.0379175218448437,0.0004842766824747,0.0366703662514425,0.0482164451175417,0.0366703662514425,0.0782915677523643,0.2625599109318902
2017-05-01,-0.1292630308599622,0.7248610063785452,0.1730738635875043,0.8222883031273831,0.1730738635875043,0.1878273985465932,-0.0673902911605523,0.0167089311471035,0.5254234785681173,0.029954562257106,0.676158053460111,0.029954562257106,0.0352791316447807,0.004541451342704
2017-05-02,0.1740570167405868,0.0617709034713802,0.1188408969242813,0.2561006216269716,0.1188408969242813,0.0847679303358429,0.2822223696538328,0.0302958450766329,0.0038156445156705,0.0141231587817676,0.0655875283977212,0.0141231587817676,0.0071856020134223,0.0796494659330246
2017-05-03,0.0382388525001581,-0.3750194649645711,-0.1272152997295754,-0.3356045525872519,-0.1272152997295754,-0.1659961047314,-0.4910353259851538,0.0014622098405288,0.1406395991023132,0.0161837324852857,0.1126304157172895,0.0161837324852857,0.0275547067859979,0.2411156913653462
2017-05-04,-0.0307206236698999,0.045884523767768,0.0581876043334532,0.0205839697818753,0.0581876043334532,0.0343043885898824,-0.9466182987515704,0.0009437567186676,0.0021053895213948,0.0033857972980665,0.0004236998119811,0.0033857972980665,0.0011767910765256,0.8960862035313175
2017-05-05,0.2644113501580986,0.4175564815370881,0.408035130033309,0.3509102365011611,0.408035130033309,0.4394978074770733,1.1965768227099574,0.0699133620924286,0.1743534152736326,0.1664926673412994,0.1231379940813008,0.1664926673412994,0.1931583227771545,1.4317960926466566
2017-05-08,0.0254249855284963,0.0311715949646335,0.0037510393509375,0.2295412405290759,0.0037510393509375,-0.0341539266853401,0.4484846533072694,0.0006464298891242,0.0009716683326391,1.4070296212282197e-05,0.052689181103627,1.4070296212282197e-05,0.0011664907080275,0.2011384842521416
2017-05-09,-0.1738662892505982,0.2933265253287491,-0.1025790803623928,0.3394086087648774,-0.1025790803623928,-0.1043315679614366,-0.5309211837769916,0.0302294865377726,0.0860404504614373,0.0105224677279942,0.1151982037037096,0.0105224677279942,0.0108850760732918,0.2818773033831621
2017-05-10,-0.155855637421273,0.1396928975798726,0.112997895919189,0.0593486507591946,0.112997895919189,0.1600503870856085,0.4102893961969007,0.0242909797159913,0.0195141056342607,0.0127685244821638,0.0035222623469368,0.0127685244821638,0.0256161264062531,0.1683373886316174
2017-05-11,-0.1132047368316606,-0.2152534083799302,-0.2165175739008351,-0.1314207132539235,-0.2165175739008351,-0.2626892962393872,-0.5301489852538054,0.0128153124411255,0.046334029819177,0.0468798598079036,0.0172714038721699,0.0468798598079036,0.0690056663587445,0.2810579465656395
2017-05-12,-0.1090724929815032,0.0860981604842429,-0.1479518966572056,0.2216701720333634,-0.1479518966572056,-0.1911529263998268,-0.0815094277933836,0.0118968087252,0.0074128932387704,0.0218897637244644,0.0491376651693009,0.0218897637244644,0.0365394412712176,0.0066437868192048
2017-05-15,0.4075123952390126,0.4635688829160831,0.4765073002474166,0.3102197507233834,0.4765073002474166,0.4987541511038968,0.5877321212651584,0.1660663522734372,0.2148961092080651,0.2270592071890817,0.0962362937388781,0.2270592071890817,0.2487557032433687,0.3454290463668428
2017-05-16,-0.0104450507000122,0.3278695719904409,-0.068707203842168,0.3492548249917082,-0.068707203842168,-0.0700714218133274,-0.5526627011501883,0.0001090990841258,0.1074984562371949,0.0047206798598092,0.1219789327799887,0.0047206798598092,0.0049100041549412,0.3054360612426224
2017-05-17,-1.7930375058748886,-2.6047383362766805,-1.8345513143686247,-2.545722453674909,-1.8345513143686247,-1.8777594749763835,-1.7500522086224113,3.214983497474041,6.78466180046941,3.3655785250516503,6.4807028111446,3.3655785250516503,3.525980645863584,3.06268273290418
2017-05-18,0.2718092140419349,0.727546199369952,0.3680063440703132,0.8166830408519619,0.3680063440703132,0.3437120593136669,0.0230435261804305,0.0738802488380944,0.529323472217662,0.1354286692759977,0.6669711892152073,0.1354286692759977,0.1181379797176417,0.0005310040988281
2017-05-19,0.6840439487880966,0.4707710003230034,0.6744699024732498,0.4478511146705934,0.6744699024732498,0.6911506023555846,1.1794905422536095,0.4679161238736121,0.2216253347451212,0.454909649342275,0.200570620911693,0.454909649342275,0.4776891551364873,1.3911979392657143
2017-05-24,0.9927680097875744,1.2954009542458602,0.9469118749911448,1.3835738876308754,0.9469118749911448,0.9506786732777908,-0.2524132637731325,0.9855883212575816,1.6780636322610851,0.8966420989992453,1.9142767025340144,0.8966420989992453,0.9037899398252204,0.063712455728605
2017-05-25,0.3351329331919453,0.6829269830089862,0.4432039059246487,0.8354268340960492,0.4432039059246487,0.4138789535583643,-0.056827361178363,0.1123140829098368,0.4663892641217562,0.1964297022268649,0.6979379951277478,0.1964297022268649,0.1712957881985666,0.0032293489784961
2017-05-26,-0.0126690459879011,0.0795299383038391,0.0310501794089996,0.1726503495894076,0.0310501794089996,0.0107273117459863,0.0402236179041485,0.0001605047262435,0.0063250110866124,0.000964113641331,0.0298081432133446,0.000964113641331,0.0001150752172955,0.0016179394372989
2017-05-30,-0.2413433065512568,-0.1128620738371206,-0.1205286007825416,0.1083140030633835,-0.1205286007825416,-0.1538682046936748,-0.2895815111820643,0.0582465916170939,0.0127378477108156,0.0145271436065972,0.0117319232596146,0.0145271436065972,0.0236754244156546,0.083857451618488
2017-05-31,-0.0990476838320031,-0.0753444763328026,-0.0460131290620126,-0.1006610041940426,-0.0460131290620126,-0.0393996924757344,-0.1460830289869835,0.0098104436724844,0.0056767901138642,0.0021172080460774,0.010132637765353,0.0021172080460774,0.0015523357671824,0.0213402513580118
2017-06-01,0.6430346991679534,0.7764065187561385,0.754259171830006,0.4775235731035064,0.754259171830006,0.838362443066885,0.7787236032516578,0.4134936243340203,0.6028070823670261,0.5689068982896865,0.2280287628695398,0.5689068982896865,0.702851585945076,0.6064104502612453
2017-06-02,0.293334563512073,0.9395075377989796,0.3700870703285542,1.1104092912848835,0.3700870703285542,0.3652486330045141,-0.1757209310922106,0.0860451661508184,0.8826744135811012,0.1369644396243722,1.233008794171797,0.1369644396243722,0.1334065639116662,0.0308778456239134
2017-06-05,-0.105009953999387,-0.1604891198563387,-0.1218419200735627,-0.05682178292825,-0.1218419200735627,-0.1629559139850624,-0.2137264759182163,0.0110270904389533,0.0257567575922622,0.0148454534872124,0.0032287150151451,0.0148454534872124,0.026554629902707,0.0456790065084199
2017-06-06,-0.2259024834911797,-0.3281591255287853,-0.278290073815012,-0.3638386184601541,-0.278290073815012,-0.2804801952372063,0.3548581604298924,0.0510319320474827,0.107688411667817,0.0774453651839648,0.1323785402829936,0.0774453651839648,0.0786691399203013,0.1259243140236872
2017-06-07,0.1770756924124987,0.3550945879429143,0.1567105104904475,0.3548727604245015,0.1567105104904475,0.1456638620438167,-0.5994174261297792,0.0313558008433658,0.1260921663863481,0.0245581840981766,0.1259346760913056,0.0245581840981766,0.02121796070552,0.3593012507480493
2017-06-08,0.0417144371799372,0.3864609255323266,0.0267108836110084,0.1310222865782571,0.0267108836110084,0.1224066358854413,0.3308957035778334,0.0017400942692389,0.1493520469633025,0.0007134713032808,0.0171668395801949,0.0007134713032808,0.014983384508791,0.1094919666462693
2017-06-09,0.4213412424562647,-1.817270910697752,-0.0830325847818522,-2.4659207861648618,-0.0830325847818522,-0.0230506672415674,0.3244404279104482,0.1775284425945888,3.302473562868236,0.0068944101355554,6.0807653236399295,0.0068944101355554,0.0005313332602814,0.1052615912627147
2017-06-12,-0.1707744253730663,-0.5241390708205891,-0.0979190230383209,-0.5897595146367367,-0.0979190230383209,-0.0887059633088161,-0.5795133762181237,0.0291639043615009,0.2747217655606705,0.0095881350727792,0.3478162851045592,0.0095881350727792,0.007868747926545,0.3358357532157286
2017-06-13,0.4360235655544456,0.7245046427697941,0.4501274608283941,0.7615571086235596,0.4501274608283941,0.4586473539657442,-0.0263298613027243,0.1901165497188119,0.5249069773949869,0.2026147309918174,0.5799692296950762,0.2026147309918174,0.2103573952997787,0.0006932615962206
2017-06-14,0.2158591379462975,-0.4104148235188078,-0.0996254902244436,-0.4312447188156603,-0.0996254902244436,-0.1379042314694263,-1.372334620004568,0.0465951674349186,0.1684403273639741,0.0099252383024607,0.1859720075063979,0.0099252383024607,0.0190175770571731,1.8833023092630816
2017-06-15,-0.0685881694645989,-0.4755682993816134,-0.224212578375531,-0.4581931757295492,-0.224212578375531,-0.249772057967712,-0.0640278552925873,0.0047043369905045,0.2261652073767199,0.0502712803018036,0.2099409862851296,0.0502712803018036,0.062386080941426,0.0040995662533685
2017-06-16,0.1140740201633749,-0.2231503892691954,0.0283623226943943,-0.3409839784214412,0.0283623226943943,0.010641316695639,0.2116433586020588,0.013012882076234,0.0497960962309934,0.0008044213486209,0.1162700735401139,0.0008044213486209,0.0001132376210168,0.0447929112403596
2017-06-19,0.6744091197628157,1.4084102165142558,0.8312558992556568,1.5845688791846848,0.8312558992556568,0.8054446086959312,0.4826235672629319,0.4548276608192559,1.9836193379817328,0.6909863700473307,2.5108585328806083,0.6909863700473307,0.6487410176773416,0.2329255076775978
2017-06-20,-0.2876553879050293,-0.8205054399275493,-0.6719188389873109,-0.7985756095961879,-0.6719188389873109,-0.716810978841816,-0.7656624608043214,0.0827456221907929,0.6732291769507013,0.4514749261860558,0.6377230042419231,0.4514749261860558,0.5138179793881624,0.586239003884929
2017-06-21,-0.2664121121846928,0.7393699621657714,-0.0582846276432932,0.9746264925807496,-0.0582846276432932,-0.1116912473949216,-0.0070631421836578,0.0709754135187093,0.5466679409530143,0.0033970978195173,0.9498968000402542,0.0033970978195173,0.0124749347446335,4.988797750656732e-05
2017-06-22,-0.0595125774294643,0.0438149201942426,-0.045584186772818,-0.0436592701929743,-0.045584186772818,-0.0230629353042478,0.4700284564999623,0.0035417468722979,0.0019197472316278,0.0020779180837391,0.0019061318737831,0.0020779180837391,0.0005318989848479,0.220926749919737
2017-06-23,-0.0118427604103757,0.4569700563669734,0.1559678529930483,0.4011928052168454,0.1559678529930483,0.1985217873752673,0.6526661163646849,0.0001402509741375,0.2088216324160349,0.0243259711672611,0.1609556669577616,0.0243259711672611,0.0394109000626708,0.4259730594505603
2017-06-27,-0.3938490255495578,-1.9115666468098853,-0.7789766173464341,-2.292220688701299,-0.7789766173464341,-0.7500657254805502,-0.2505819790333952,0.1551170549263362,3.6540870451959897,0.6068045703724928,5.254275685710257,0.6068045703724928,0.562598592540664,0.0627913282162929
2017-06-28,0.6732198903715068,1.4181763836094348,0.8769477216597062,1.4256107933974258,0.8769477216597062,0.912842880621113,0.4854302408851895,0.4532250207918236,2.0112242550275345,0.7690373065241496,2.032366134251238,0.7690373065241496,0.8332821247006514,0.2356425187658531
2017-06-29,-0.7841493776264145,-1.4551466029895703,-0.8637220671771834,-1.7536927653069851,-0.8637220671771834,-0.841504752718337,-0.9300992825117044,0.6148902464318932,2.117451636192087,0.7460158093288268,3.0754383150900604,0.7460158093288268,0.7081302488475495,0.8650846753287873
2017-06-30,0.2936142835062676,-0.0639979391421945,0.1532073698797482,-0.108018292725515,0.1532073698797482,0.1496446220146013,-0.2054902730320681,0.0862093474788989,0.004095736214448,0.0234724981854699,0.011667951563335,0.0234724981854699,0.0223935128978929,0.0422262523107939
2017-07-05,0.6002797253189135,0.1697952817270088,0.3760339689781994,0.0336056075304573,0.3760339689781994,0.364266761457352,-0.1916578989864098,0.3603357486289502,0.0288304376967543,0.1414015458254974,0.0011293368574911,0.1414015458254974,0.1326902735026273,0.0367327502438848
2017-07-06,-0.7389484052233897,-1.0031031833542037,-0.9412971248548744,-0.9053545073268696,-0.9412971248548744,-0.9767303971115848,-0.4969723557074363,0.546044745582191,1.0062159964553368,0.8860402772600527,0.8196667839370786,0.8860402772600527,0.954002268641754,0.2469815223373986
2017-07-07,0.441337659931758,1.0392542229196209,0.6382740756956851,1.040760213462012,0.6382740756956851,0.6765285569634621,-0.3377497301440329,0.19477893007404,1.0800493398562645,0.4073937957051811,1.0831818219254927,0.4073937957051811,0.4576908883870644,0.114074880212367
2017-07-10,-0.027186689399719,0.3781837176314571,0.0927336077385501,0.6639660528636097,0.0927336077385501,0.0462435978644942,0.5185121087067838,0.0007391160805167,0.1430229242815497,0.0085995220042072,0.4408509193552817,0.0085995220042072,0.002138470343453,0.2688548068755556
2017-07-11,0.0025590414624644,0.2734425777848928,-0.0783027305841691,0.2744138381316528,-0.0783027305841691,-0.0533598959692248,0.2899413092440907,6.548693206612345e-06,0.0747708433456471,0.0061313176169369,0.0753029545581449,0.0061313176169369,0.0028472784978464,0.0840659628061774
2017-07-12,0.5731771239569592,1.089835842571805,0.7279063026366936,1.2038183635007995,0.7279063026366936,0.7250326470045534,-0.0340011088297164,0.3285320154275714,1.187742163754197,0.5298475854182219,1.4491786523017436,0.5298475854182219,0.5256723392224293,0.0011560754016502
2017-07-13,0.0972762739555436,0.2116531555918689,0.1872797557450086,0.2489738422343031,0.1872797557450086,0.1852881760417943,-0.05938111055993,0.0094626734746739,0.0447970582719958,0.0350737069119101,0.0619879741169116,0.0350737069119101,0.0343317081808949,0.0035261162913306
2017-07-14,0.3919596473799523,0.6042490154521952,0.4662640144143031,0.7690745823894588,0.4662640144143031,0.4520715884739827,0.2626873800415985,0.1536323651742166,0.3651168726749472,0.2174021311377414,0.5914757132775205,0.2174021311377414,0.2043687211053899,0.0690046596331192
2017-07-17,-0.0370372098849272,0.0311398781757049,-0.0052862612116695,0.0283100810355046,-0.0052862612116695,0.0140395212754001,-0.062293654291247,0.0013717549160601,0.0009696920127977,2.7944557598001906e-05,0.0008014606882368,2.7944557598001906e-05,0.0001971081576424,0.0038804993649574
2017-07-18,-0.254566379084371,0.4719911286556927,0.0597591358807591,0.6887327903721355,0.0597591358807591,0.0228100189610391,-0.1041731016891584,0.0648040413601276,0.2227756255296746,0.003571154321215,0.474352856533788,0.003571154321215,0.0005202969650029,0.0108520351155397
2017-07-19,0.3055285676749054,0.640050727989572,0.5358270292070911,0.6115009598169427,0.5358270292070911,0.5860092163710751,0.6260408914621067,0.0933477056654792,0.409664934399981,0.2871106052288969,0.3739334238570422,0.2871106052288969,0.3434068016718414,0.3919271977826693
2017-07-20,-0.1339500070905099,0.0776513998578751,-0.0153619767123524,0.0855087556647543,-0.0153619767123524,-0.0191876641352072,0.1306484919205437,0.0179426043995476,0.0060297398998876,0.0002359903285108,0.0073117472953346,0.0002359903285108,0.0003681664549655,0.0170690284411123
2017-07-21,-0.1468226617536046,-0.0351861472889802,-0.036797486863832,0.005100167631113,-0.036797486863832,-0.0663129997775295,-0.5354099476992982,0.0215568940044134,0.0012380649610418,0.0013540550394938,2.601170986545335e-05,0.0013540550394938,0.0043974139394946,0.2866638120953652
2017-07-24,-0.3105271486278722,0.360259612513306,-0.106424961233164,0.3345561126841934,-0.106424961233164,-0.0838266932305871,-0.3592001967168525,0.0964271100349566,0.1297869884082374,0.0113262723734804,0.1119277925343587,0.0113262723734804,0.0070269144979749,0.1290247813214255
2017-07-25,0.464954632361055,0.021305496727157,0.2918919243124604,-0.1806433518815885,0.2918919243124604,0.3488152550478055,0.4858395646479527,0.2161828101540038,0.0004539241907908,0.0852008954788311,0.0326320205790154,0.0852008954788311,0.1216720821540656,0.2360400825773122
2017-07-26,0.4505017411377036,0.1647536808616641,0.0282545168742718,0.3381428611931067,0.0282545168742718,-0.0539867484355766,-0.2039919374026496,0.2029518187681024,0.027143775357467,0.0007983177237985,0.1143405945758606,0.0007983177237985,0.0029145690066462,0.0416127105252865
2017-07-27,0.3931987230217892,-0.6335235906392919,-0.0973098547488282,-0.5680277482563242,-0.0973098547488282,-0.1237569989137946,0.1315427810695151,0.1546052357859657,0.401352139896501,0.009469207831238,0.32265552278915,0.009469207831238,0.0153157947801489,0.0173035032515023
2017-07-28,0.1547771558820307,-0.1177248805954267,-0.1342086741774223,-0.1371899151950104,-0.1342086741774223,-0.1605893273953515,-0.4136548069698254,0.0239559679829304,0.0138591475112074,0.0180119682244615,0.0188210728312141,0.0180119682244615,0.0257889320732914,0.1711102993292435
2017-07-31,0.2781843666482532,-0.4174244436302939,-0.0728391097273743,-0.4850024050047977,-0.0728391097273743,-0.0768948500865544,0.1005532494976224,0.0773865418474897,0.1742431661400604,0.0053055359058764,0.2352273328604378,0.0053055359058764,0.0059128179698336,0.0101109559845311
2017-08-01,0.3319922026681934,0.2331041713736394,0.2446101105449387,0.2521168593078741,0.2446101105449387,0.2444604755121845,0.3837746591659576,0.1102188226324788,0.054337554711791,0.0598341061808071,0.0635629107472664,0.0598341061808071,0.0597609240876433,0.1472829890179469
2017-08-02,0.2379307344659291,-0.0046048970809637,0.0492539251608557,0.3227770239520294,0.0492539251608557,-0.0453546391614461,0.4170320012277642,0.0566110344034964,2.1205077126268623e-05,0.0024259491437511,0.1041850071913289,0.0024259491437511,0.0020570432934649,0.1739156900480339
2017-08-03,0.0447822638787991,-0.3511618909141914,-0.2185978691487649,-0.3902108619348882,-0.2185978691487649,-0.2288310531702551,-0.4837555674522124,0.0020054511581104,0.1233146736304304,0.0477850283963805,0.1522645167719684,0.0477850283963805,0.0523636508950081,0.234019449041012
2017-08-04,0.3023767272865442,0.1768529298821249,0.1887254323046072,0.1477046264744723,0.1887254323046072,0.1991649708823386,0.4335648942629357,0.0914316852045211,0.0312769588078917,0.0356172887985608,0.0218166566819634,0.0356172887985608,0.0396666856265627,0.1879785175372306
2017-08-08,-0.0337934934499477,0.2970598687060308,-0.0771444477093637,0.447259755769183,-0.0771444477093637,-0.0942918577257156,-0.0106179656077593,0.0011420001995516,0.0882445655956442,0.0059512658123827,0.2000412891307092,0.0059512658123827,0.0088909544333666,0.0001127411936475
2017-08-09,-0.1660328079911321,-0.2849690896106264,-0.0363714253929811,-0.1175274662172243,-0.0363714253929811,-0.1083707784654168,-0.256089985358545,0.0275668933294201,0.0812073820335092,0.0013228805851171,0.0138127053154408,0.0013228805851171,0.0117442256252004,0.0655820806009397
2017-08-10,-0.932718280895926,-2.1555103214611475,-1.4580194485226952,-2.2413591683422407,-1.4580194485226952,-1.4710681489852968,-0.944691984293249,0.8699633915174515,4.646224745925539,2.125820712270424,5.023690921511821,2.125820712270424,2.1640414989590275,0.8924429451879161
2017-08-11,0.0655021411330373,0.6362827774971567,0.1274713106023881,0.7459935755109207,0.1274713106023881,0.1259300811147002,-0.2714928083268654,0.0042905304930123,0.4048557729394962,0.0162489350266905,0.5565064147035678,0.0162489350266905,0.0158583853295549,0.073708344973208
2017-08-14,0.6174931525367795,1.3285646697720244,0.999364360375926,1.3055714972244703,0.999364360375926,1.0228283718082745,0.5739356304153864,0.3812977934298104,1.7650840817664482,0.9987291247895836,1.7045169343649451,0.9987291247895836,1.0461778781759656,0.329402107860307
2017-08-15,0.0239731152909208,-0.1139250567757488,-0.0498940269353361,-0.0073968146506309,-0.0498940269353361,-0.110595206525872,-0.1460731121562302,0.0005747102567517,0.0129789185613575,0.002489413923824,5.471286697578919e-05,0.002489413923824,0.0122312997065002,0.0213373540950066
2017-08-16,0.1176027483623513,0.190816962800026,0.1419095585140641,0.1638880211902293,0.1419095585140641,0.1474331113919334,-0.1035783664863709,0.0138304064223785,0.0364111132922265,0.0201383227976565,0.026859283489649,0.0201383227976565,0.0217365223347062,0.0107284780039849
2017-08-17,-1.252486171017469,-1.9606703442094329,-1.5557302982010086,-2.067765471415746,-1.5557302982010086,-1.5785940450453606,-0.3225546820747107,1.5687216085900009,3.844228198662336,2.420296760740599,4.275654044779182,2.420296760740599,2.491959159052674,0.1040415229283177
2017-08-18,-0.3510485520115272,-0.0866185776306244,-0.1837069773336156,-0.0933614296654515,-0.1837069773336156,-0.1854758699786935,-0.5423216209833677,0.1232350858693899,0.0075027779907525,0.0337482535210535,0.008716356549177,0.0337482535210535,0.0344012983443532,0.2941127405860275
2017-08-21,0.1348247723892705,-0.0547078797977848,0.1161947587631654,-0.075526160222599,0.1161947587631654,0.0981310574309396,-0.0030096096839486,0.0181777192498186,0.0029929521119688,0.0135012219640302,0.0057042008779697,0.0135012219640302,0.0096297044325143,9.05775044971727e-06
2017-08-22,0.8996363277385436,1.3484923905318456,0.9891739536413192,1.4888262607299318,0.9891739536413192,0.9831141078626624,0.2209986990188416,0.8093455221868923,1.818431727322292,0.9784651105623988,2.216603634639071,0.9784651105623988,0.9665133490785986,0.0488404249680205
2017-08-23,-0.4017000757079847,-0.3033109182856562,-0.3459582133507087,-0.3675873955597968,-0.3459582133507087,-0.3378530989241865,0.5204996289243192,0.1613629508238006,0.091997513151288,0.1196870853848144,0.1351204933744345,0.1196870853848144,0.1141447164526761,0.270919863710354
2017-08-24,-0.1316395383358847,-0.112831106690099,-0.207658875239382,-0.2968112577041683,-0.207658875239382,-0.189768521687316,0.0862660524935524,0.0173289680532848,0.0127308586369125,0.0431222084656852,0.0880969226999301,0.0431222084656852,0.0360120918233893,0.0074418318128203
2017-08-25,0.1388605464643435,-0.0906598778261046,0.1671439670407705,-0.2042898124768297,0.1671439670407705,0.1950839479414627,-0.1338769587471492,0.0192822513643761,0.0082192134474442,0.0279371057181262,0.0417343274818182,0.0279371057181262,0.0380577467444273,0.0179230400833859
2017-08-28,-0.0241767548328164,0.2768744051791122,0.0486977455201765,0.2666756521440398,0.0486977455201765,0.0407422174715945,-0.0263052835944327,0.0005845154742461,0.0766594362432872,0.0023714704187478,0.0711159034464489,0.0023714704187478,0.0016599282845027,0.0006919679449835
2017-08-29,0.26092558873637,0.2998992863550783,0.0842442806656934,0.4112065928527443,0.0842442806656934,0.0708165173706775,0.2035525826164839,0.0680821628574213,0.0899395819562852,0.0070970988248801,0.1690908620055626,0.0070970988248801,0.0050149791325114,0.0414336538898405
2017-08-30,0.1236390467933631,1.0485017558116037,0.4604515985119675,1.1998919376180537,0.4604515985119675,0.4696585076013846,0.333798851959045,0.0152866138919714,1.0993559319400157,0.2120156745722261,1.4397406619608073,0.2120156745722261,0.2205791137623599,0.1114216735691764
2017-08-31,0.2539971246510784,0.9432458270464206,0.5704748858195643,0.9345197619006724,0.5704748858195643,0.6006235017524534,0.5189663979090122,0.0645145393310154,0.8897126902404859,0.3254415953508449,0.8733271853828897,0.3254415953508449,0.3607485908573793,0.2693261221586552
2017-09-05,-0.8914605085873493,-0.8292303297758723,-0.5598959752747384,-0.9373683251167644,-0.5598959752747384,-0.5636389731918225,-0.8033831056463856,0.7947018383708154,0.687622939820202,0.3134835031288505,0.8786593769322083,0.3134835031288505,0.317688892100732,0.6454244144380316
2017-09-06,0.2494259431184226,0.2778630592405088,0.3123866382146231,0.309579872787505,0.3123866382146231,0.2936291659475326,-0.2011278960780707,0.0622133011005145,0.0772078796904945,0.0975854117350338,0.0958396976351277,0.0975854117350338,0.0862180870950436,0.0404524305807912
2017-09-07,-0.1048790716055959,0.0712209369929369,-0.0178475817000667,0.2213264066780499,-0.0178475817000667,-0.04917111647261,-0.234673539342355,0.0109996196608517,0.0050724218661518,0.0003185361725405,0.0489853782930175,0.0003185361725405,0.0024177986951629,0.0550716700674678
2017-09-08,0.0597187342853843,-0.5906400593616514,-0.1489892755705481,-0.857815876360602,-0.1489892755705481,-0.1072065762307135,-0.2613143505361367,0.0035663272246483,0.3488556797227351,0.0221978042350367,0.7358480777363076,0.0221978042350367,0.0114932499871118,0.0682851897961229
2017-09-11,1.1838248374355198,1.1268010234863906,1.0780904250841916,1.1292806097269994,1.0780904250841916,1.0825853170479554,0.3662209902629647,1.401441245729235,1.2696805465299772,1.162278964658213,1.2752746955053835,1.162278964658213,1.171990968687822,0.1341178137091864
2017-09-12,0.2783715229658692,0.3417210698033238,0.3358353592483666,0.252334772038306,0.3358353592483666,0.3732934858889185,0.6832188692993622,0.0774907047983374,0.1167732895475281,0.1127853885214795,0.0636728371796239,0.1127853885214795,0.1393480266071002,0.4667880233666989
2017-09-13,0.1775903801772647,0.0914633029729267,0.0756779518985454,0.1457498436141036,0.0756779518985454,0.0675646437413788,-0.1096787645684209,0.0315383431315054,0.0083655357907173,0.0057271524035585,0.0212430169135356,0.0057271524035585,0.0045649810838994,0.0120294313972551
2017-09-14,0.2042584761423601,-0.4826348668426767,-0.1101323902514677,-0.5940285055491945,-0.1101323902514677,-0.1108993355731864,0.3030412361785816,0.041721525075999,0.2329364146922483,0.0121291433825015,0.3528698654050094,0.0121291433825015,0.0122986626305742,0.0918339908246428
2017-09-15,0.2916943588509242,0.3010357270229164,0.1845532315208729,0.3208381704535422,0.1845532315208729,0.2130258254998647,0.0020431197120631,0.0850855989854517,0.0906225089442158,0.0340598952647969,0.1029371316199762,0.0340598952647969,0.0453800023298988,4.174338157821061e-06
2017-09-18,0.2825213886034703,0.0956668955633831,0.1454807314799407,-0.1149792546612928,0.1454807314799407,0.1866736347115124,0.4185512708543914,0.079818335018433,0.0091521549067352,0.0211646432319386,0.0132202290024664,0.0211646432319386,0.0348470458964071,0.1751851663338261
2017-09-19,0.1765176584731742,0.1034998492047507,0.1109665378150237,0.1663855536241517,0.1109665378150237,0.0932063033508319,0.3688223236217919,0.0311584837528521,0.0107122187854061,0.012313572514653,0.0276841524548154,0.012313572514653,0.0086874149843273,0.1360299064017778
2017-09-20,0.1866524114870742,-0.0817349277742313,0.0634111636856433,-0.2920764791119355,0.0634111636856433,0.0879484782109243,0.6298710927587683,0.03483912271394,0.0066805984182588,0.0040209756799674,0.0853086696504249,0.0040209756799674,0.0077349348196174,0.3967375934931249
2017-09-21,-0.2383739947938072,-0.5179246156235658,-0.3050608893458573,-0.6498228604726047,-0.3050608893458573,-0.2900053819167106,0.4235442642504206,0.056822161393958,0.2682459074688184,0.0930621462084854,0.4222697499927983,0.0930621462084854,0.0841031215406572,0.1793897437794301
2017-09-22,-0.0431217786974476,0.0658229861780159,0.0647634756646367,-0.0436833054984394,0.0647634756646367,0.1019429726042571,-0.0044646973476481,0.0018594877980316,0.0043326655093912,0.004194307780164,0.0019082311792699,0.004194307780164,0.0103923696633923,1.9933522406096623e-05
2017-09-26,-0.2924862976921447,-0.7301927660043326,-0.2152405483054877,-0.8631589109093097,-0.2152405483054877,-0.1503590753621857,0.1286198762107513,0.0855482343376579,0.533181475525058,0.046328493634847,0.7450433054821457,0.046328493634847,0.0226078515437714,0.0165430725564689
2017-09-27,0.252736197038981,1.1392092005123051,0.4076842021607466,0.9553231699693292,0.4076842021607466,0.4934362421147948,0.8721002339489881,0.0638755852937266,1.2977976025318854,0.1662064086914445,0.912642359080248,0.1662064086914445,0.2434793250323704,0.7605588180538797
2017-09-28,0.1810584747242848,0.0029132124569217,0.1203882866496213,-0.0795561610372465,0.1203882866496213,0.1307144763188424,0.0550148903122703,0.0327821712694844,8.486806819164304e-06,0.0144933395624313,0.0063291827589843,0.0144933395624313,0.0170862743193092,0.0030266381560711
2017-09-29,0.1066955741584971,0.6565264777936194,0.3698243773508062,0.776155269156765,0.3698243773508062,0.3483098500082407,0.1068051074886854,0.0113839455450113,0.4310270160440958,0.1367700700829115,0.6024170018398104,0.1367700700829115,0.1213197516127631,0.0114073309856696
2017-10-02,0.6783985251551586,0.3190583706987406,0.3866515132982871,0.0438082556472813,0.3866515132982871,0.4511671328954489,0.4470979632140583,0.4602245589326944,0.101798243912935,0.1494993927358555,0.0019191632628575,0.1494993927358555,0.2035517818050997,0.1998965887101595
2017-10-03,0.3720030382917748,0.2298514733755096,0.2156526696299534,0.2194544445911282,0.2156526696299534,0.216315734872059,0.1495856134666578,0.1383862604983116,0.0528316998128926,0.0465060739185258,0.0481602532508005,0.0465060739185258,0.0467924971532389,0.0223758557561963
2017-10-04,0.0881515271324112,0.0445878467163905,0.1245978332918514,0.0629653637942724,0.1245978332918514,0.0935350356876406,-0.0477590915899652,0.0077706917357762,0.0019880760748043,0.015524620061024,0.003964637037745,0.015524620061024,0.0087488029010882,0.0022809308294986
2017-10-05,0.5006829495733197,0.7733127825640534,0.5630873397280621,0.9672786359883369,0.5630873397280621,0.5340217653110036,0.3511415697277118,0.2506834159934394,0.598012659676959,0.3170673521620261,0.9356279596394572,0.3170673521620261,0.2851792458258806,0.1233004019908415
2017-10-06,-0.0075582688120901,0.0732266257032541,-0.1074215024692334,0.1225734300819006,-0.1074215024692334,-0.1065764533106313,-0.3045904828858531,5.7127427435815296e-05,0.0053621387118844,0.0115393791927475,0.0150242457620425,0.0115393791927475,0.0113585404002731,0.0927753622646372
2017-10-10,0.2500265702743494,-0.044439615369478,0.051372852342699,-0.0173151692693653,0.051372852342699,0.0372300823362089,0.2669319791317487,0.0625132858431541,0.0019748794141871,0.0026391699578247,0.0002998150868267,0.0026391699578247,0.0013860790307608,0.0712526814831923
2017-10-11,0.1847022779937679,0.2470814247882451,0.1801844635810783,0.2919447576548608,0.1801844635810783,0.1589180385173936,0.1903027299048409,0.0341149314960871,0.0610492304753892,0.0324664409160009,0.0852317415221554,0.0324664409160009,0.0252549429662158,0.0362151290092348
2017-10-12,-0.1394744293206776,-0.1824623027771589,-0.1688154144329804,-0.1853638818474932,-0.1688154144329804,-0.1538422828631951,-0.3690251662645278,0.0194531164343286,0.0332924919347436,0.0284986441501789,0.0343597686935714,0.0284986441501789,0.0236674479965593,0.1361795733365624
2017-10-13,0.1343567980965357,0.2165745065178387,0.0877725806237687,0.3694163950810569,0.0877725806237687,0.0710335409644023,0.4118630060828397,0.0180517491947532,0.0469045168734453,0.0077040259093559,0.1364684729546835,0.0077040259093559,0.0050457639419414,0.1696311357795933
2017-10-16,0.3720023013557423,0.2751969528313501,0.1749233933479306,0.3616459741156613,0.1749233933479306,0.1587972290784007,-0.0282823056836026,0.1383857122139685,0.0757333628476603,0.0305981935403548,0.1307878105940656,0.0305981935403548,0.025216559962978,0.0007998888147807
2017-10-17,0.1762025392154957,-0.0052537572302197,0.0672268932882235,0.1321387703089704,0.0672268932882235,0.0388162729438545,0.0898177140420605,0.0310473348259883,2.7601965034086044e-05,0.0045194551811861,0.0174606546187668,0.0045194551811861,0.0015067030452518,0.0080672217557413
2017-10-18,0.6939914000650402,0.0084994750530792,0.0742097670671056,-0.1349844933591341,0.0742097670671056,0.1096167739088057,-0.2198800470426884,0.4816240633642347,7.224107617791661e-05,0.005507089528154,0.0182208134474221,0.005507089528154,0.0120158371221742,0.0483472350874948
2017-10-19,0.0234862917913972,-0.2895547338548367,0.032790981212586,-0.3561248456162564,0.032790981212586,0.0269641715206925,0.2268343917723516,0.0005516059021106,0.0838419438977453,0.0010752484488841,0.1268249056652025,0.0010752484488841,0.0007270665457973,0.0514538412907327
2017-10-20,0.7123665986576097,0.3624876646747398,0.5103849469401585,0.2655427579196954,0.5103849469401585,0.5159718671535345,0.2476385012826778,0.5074661708830119,0.1313973070413466,0.2604927940631084,0.0705129562835979,0.2604927940631084,0.2662269676939046,0.0613248273175308
2017-10-23,-0.234623989000258,-0.6390364757586489,-0.3980402867081287,-0.6731598837995769,-0.3980402867081287,-0.4115543222569766,-0.0092075863008206,0.0550484162143931,0.4083676173500342,0.1584360698426893,0.4531442291570599,0.1584360698426893,0.1693769601683993,8.477964548705962e-05
2017-10-24,0.7183830937585561,0.1760148304421836,0.161663887366759,0.2039175718241836,0.161663887366759,0.1782681557187409,0.3109486178762721,0.5160742693981144,0.0309812205355906,0.0261352124785321,0.0415823760986711,0.0261352124785321,0.0317795353433612,0.0966890429591639
2017-10-25,-0.4802173826277381,-0.524817458510133,-0.4673963111462271,-0.4149402352899521,-0.4673963111462271,-0.474964260082457,-0.3171926005553537,0.2306087345778354,0.2754333647570351,0.2184593116731008,0.1721753988624808,0.2184593116731008,0.2255910483556759,0.1006111458470681
2017-10-26,0.305592103114051,-0.1084853656122421,0.1270139202127056,-0.2839516258146398,0.1270139202127056,0.1619433552302754,0.2322154106522366,0.0933865334856687,0.0117690745520218,0.0161325359277995,0.0806285258027772,0.0161325359277995,0.0262256503032391,0.0539239969443869
2017-10-27,0.1423102849225836,2.1797302388676845,0.8040545353815921,2.8667562186801065,0.8040545353815921,0.7773778014442155,0.3886312189759403,0.0202522171947469,4.751223914234172,0.646503695867708,8.218291217341063,0.646503695867708,0.6043162461782422,0.1510342243627253
2017-10-30,-0.3652974813268704,-0.0343277795850076,-0.3197581257238267,0.2270386478610788,-0.3197581257238267,-0.3837361122192242,0.3083589430463115,0.1334422498637552,0.0011783964512368,0.1022452589664145,0.0515465476225869,0.1022452589664145,0.1472534038211251,0.0950852377566383
2017-10-31,0.12201234309938,0.4275985777891533,0.0944039509981503,0.3360976438605,0.0944039509981503,0.1509890064896035,0.1424362454687795,0.0148870118686008,0.1828405437273065,0.0089121059640611,0.1129616262085795,0.0089121059640611,0.0227976800807175,0.0202880840232424
2017-11-01,0.24681090777956,-0.1656625294206266,0.1590806253280877,0.0014243187055752,0.1590806253280877,0.1055568219854368,0.0233349514955643,0.0609156241989704,0.0274440736540399,0.0253066453547754,2.0286837750516337e-06,0.0253066453547754,0.0111422426676652,0.0005445199613003
2017-11-02,0.346096207983742,-0.0236757301643909,0.0189951562922585,-0.1963150599530697,0.0189951562922585,0.0217677051837854,-0.0895010470326549,0.1197825851807256,0.000560540198817,0.0003608159625673,0.0385396027643773,0.0003608159625673,0.0004738329889682,0.0080104374199415
2017-11-03,0.0974532004093898,0.7343398546512521,0.3092293216846263,0.9446309030997814,0.3092293216846263,0.2758714684619716,0.0322770459628549,0.0094971262700327,0.539255022129222,0.0956227733895341,0.8923275430911085,0.0956227733895341,0.0761050671113646,0.0010418076960882
2017-11-06,0.039188613593482,0.3247174197407354,0.1270523074112308,0.2859186853290548,0.1270523074112308,0.1501551885447354,0.4486753440283019,0.0015357474353792,0.1054414026830809,0.0161422888185178,0.081749494620295,0.0161422888185178,0.022546580646905,0.201309564338915
2017-11-07,0.037419590848777,-0.2752355082268796,-0.0189124566107982,0.1134998076631499,-0.0189124566107982,-0.0984096087159633,0.2457176775404512,0.0014002257792898,0.0757545849889087,0.0003576810150553,0.012882206339572,0.0003576810150553,0.009684451087629,0.0603771770558731
2017-11-08,0.0260100321318161,0.3147477083904026,0.1442617636431107,0.395276653744757,0.1442617636431107,0.1634069027837228,-0.1640344393365847,0.0006765217714981,0.0990661199370099,0.0208114564494207,0.1562436329956525,0.0208114564494207,0.026701815877369,0.0269072972884676
2017-11-09,-0.4313538515975333,-0.5770679520589785,-0.3769071849442632,-0.5309532494666748,-0.3769071849442632,-0.3889464134911297,-0.1445284499101714,0.1860661452880267,0.3330074212935435,0.142059026062609,0.281911353119221,0.142059026062609,0.1512793125676128,0.0208884728334369
2017-11-10,-0.1694773878727151,0.0131249615031678,-0.0898020544506791,-0.0497731102852402,-0.0898020544506791,-0.0819884760097797,-0.2666763718373338,0.0287225850001587,0.0001722646144596,0.0080644089835627,0.0024773625074666,0.0080644089835627,0.0067221101984062,0.0711162872963239
2017-11-13,0.0746406786553995,0.0985451202720355,0.0983135817720292,0.1126473486800057,0.0983135817720292,0.1054014134369389,-0.0810839849922853,0.0055712309101386,0.0097111407294299,0.0096655603608454,0.0126894251646347,0.0096655603608454,0.0111094579545045,0.0065746126222291
2017-11-14,-0.1290400583930398,-0.2922909454231945,-0.231229199934948,-0.3574202609924498,-0.231229199934948,-0.2176170131299753,-0.7084072244962484,0.0166513366700791,0.0854339967763848,0.0534669429025561,0.1277492429679109,0.0534669429025561,0.0473571644036118,0.5018407957184781
2017-11-15,-0.5920694319380512,-0.4710483506263403,-0.5540998994613265,-0.5621907284587709,-0.5540998994613265,-0.547808461191831,-0.217982126229555,0.3505462122354466,0.2218865486277956,0.3070266985830522,0.3160584151650035,0.3070266985830522,0.3000941101533618,0.0475162073555576
2017-11-16,0.8006844440431214,1.2901842944723887,0.8162740022441171,1.2825260138604853,0.8162740022441171,0.8573518394251115,0.3576433574647769,0.6410955789326425,1.6645755137032154,0.6663032467396288,1.6448729762288656,0.6663032467396288,0.7350521765656222,0.1279087711386781
2017-11-17,-0.4276879643441195,-0.1546838343142043,-0.2629496392601534,-0.3893110551188777,-0.2629496392601534,-0.207371804864034,0.3958176317340547,0.1829169948448168,0.0239270885981442,0.0691425127870448,0.1515630976377738,0.0691425127870448,0.043003065452567,0.1566715975915557
2017-11-20,0.3081548506910365,0.1167421517115356,0.1274949358807877,-0.0934951247762995,0.1274949358807877,0.1622548760602006,0.0364341188614107,0.0949594120044149,0.0136287299862392,0.0162549586752461,0.0087413383569358,0.0162549586752461,0.026326644805311,0.0013274450172074
2017-11-21,0.6826724644298638,1.0512364600344577,0.6519786005639133,1.103781869709456,0.6519786005639133,0.6713055652116565,0.4504224278871339,0.4660416936907437,1.1050980949057776,0.4250760955932788,1.2183344158993028,0.4250760955932788,0.4506511618841416,0.2028803635437403
2017-11-22,-0.2744415826459027,0.0711443238587979,-0.0750561512956219,0.1173701423138561,-0.0750561512956219,-0.0780594786400024,-0.0190978416598035,0.0753181822851878,0.0050615148173255,0.0056334258473112,0.0137757503067748,0.0056334258473112,0.0060932822055489,0.0003647275560629
2017-11-24,0.1351229039707278,0.3169263252849531,0.2054044380228372,0.3621303664526038,0.2054044380228372,0.1942054373734945,0.2144699962934044,0.0182581991774825,0.1004422956586239,0.0421909831594775,0.1311384023070971,0.0421909831594775,0.0377157519054302,0.0459973793100929
2017-11-27,0.0966966848604793,-0.1545503867743203,-0.038433157526338,-0.0518288647807641,-0.038433157526338,-0.0630339242899601,-0.4103866978620195,0.0093502488630068,0.0238858220520919,0.0014771075974443,0.0026862312244627,0.0014771075974443,0.0039732756113924,0.1684172417820924
2017-11-28,1.0794934739708386,0.490716623651667,0.9800287295721388,0.258658136249015,0.9800287295721388,1.023516594887996,-0.0778254802973689,1.1653061603456296,0.2408028047280918,0.9604563107867804,0.066904031447814,0.9604563107867804,1.0475862200111183,0.0060568053835161
2017-11-29,0.435228184793885,-1.2808010887969852,-0.0369305044449572,-1.746276411416271,-0.0369305044449572,0.019707022332718,-0.3870324132599082,0.1894235728389801,1.6404514290635428,0.001363862158559,3.0494813050688894,0.001363862158559,0.0003883667292222,0.1497940889137884
2017-11-30,1.3758808675675096,0.723943732187388,0.815758318578807,0.8549276770420265,0.815758318578807,0.7671897932609788,0.6228169168586367,1.8930481617383228,0.5240945273734045,0.6654616343305223,0.7309013329724756,0.6654616343305223,0.5885801788838234,0.387900911925298
2017-12-01,-0.1680763167145664,-0.3846069171427554,-0.2026542339749596,-0.4359456684671786,-0.2026542339749596,-0.2185971506681696,-0.1775967601122102,0.0282496482403352,0.1479224807140543,0.0410687385479776,0.1900486258552952,0.0410687385479776,0.0477847142802424,0.0315406092023539
2017-12-04,0.2409540616291091,-1.0602793957607763,-0.1052699437952113,-1.1772156511424527,-0.1052699437952113,-0.0931304138091331,-0.437016441586086,0.0580588598155645,1.124192397074837,0.0110817610666469,1.385836689294749,0.0110817610666469,0.0086732739762603,0.1909833702165649
2017-12-05,-0.4514475298774171,-0.1943184100904866,-0.3746438721674561,0.0225081197794743,-0.3746438721674561,-0.4259089752479581,-0.3346434688426591,0.2038048722324214,0.0377596445000945,0.1403580309526252,0.0005066154560071,0.1403580309526252,0.1813984551967658,0.1119862512390477
2017-12-06,-0.1644359574138374,0.2092094857370031,-0.0114093602515208,0.4450179801823465,-0.0114093602515208,-0.0558301464443523,-0.0433628731366984,0.0270391840906053,0.0437686089223413,0.0001301735013489,0.1980410026855754,0.0001301735013489,0.0031170052519978,0.0018803387666694
2017-12-07,0.2919227574241257,0.536691557921431,0.2928081845175483,0.3683625153293602,0.2928081845175483,0.3263287662596706,0.6697084276245,0.0852188963021049,0.2880378283441327,0.0857366329204626,0.1356909426997731,0.0857366329204626,0.1064904636885587,0.4485093780312801
2017-12-08,0.4848408552842124,0.3990359887083036,0.5491194628844653,0.4469060732955219,0.5491194628844653,0.5192696187919175,0.5006900461151435,0.2350706549527265,0.1592297202844134,0.3015321845185237,0.1997250383484224,0.3015321845185237,0.2696409370003033,0.2506905222787844
2017-12-11,0.2334950101671785,0.5103415273216261,0.3196845792997223,0.7743362705386319,0.3196845792997223,0.2683735742190878,0.0462117837090116,0.0545199197729707,0.26044847450897,0.1021982302420404,0.5995966598716773,0.1021982302420404,0.0720243753391282,0.0021355289535684
2017-12-12,0.4858747196070104,-0.1857849129400901,0.1547679728927253,-0.1602186679071669,0.1547679728927253,0.116883130189936,0.0653060436885542,0.2360742431531909,0.0345160338761568,0.0239531254333233,0.025670021545947,0.0239531254333233,0.0136616661229975,0.0042648793422513
2017-12-13,0.3284913532260731,0.1962715168222884,-0.047306532187143,0.1724014360301248,-0.047306532187143,-0.0292079772307184,0.1399043099311824,0.1079065691442967,0.0385225083157218,0.0022379079875732,0.0297222551452492,0.0022379079875732,0.0008531059339101,0.0195732159373203
2017-12-14,-0.3127575134237159,-0.2806955508892704,-0.4079134739528824,-0.0744647450896967,-0.4079134739528824,-0.465230607315696,-0.7472420748582221,0.0978172622029858,0.0787899922890309,0.1663934022323089,0.0055449982612735,0.1663934022323089,0.2164395179833314,0.5583707184384209
2017-12-15,0.5820940186474625,1.160839068305202,0.8934295194916394,1.188745342385379,0.8934295194916394,0.9299222298511852,0.159209277747682,0.3388334465451523,1.3475473425036897,0.7982163062990617,1.4131154890429327,0.7982163062990617,0.8647553535714005,0.0253475941209385
2017-12-18,0.5681722807472734,0.8351864187273844,0.53485331483242,0.7234159473198924,0.53485331483242,0.5910934690885123,0.5573524651627957,0.3228197406095585,0.6975363540266739,0.2860680683872278,0.5233306328367374,0.2860680683872278,0.3493914891990921,0.3106417704230453
2017-12-19,-0.1511972305802535,-0.4428528415595577,-0.3235519788593535,-0.5017735719079044,-0.3235519788593535,-0.3490797982055481,0.0105997243551142,0.0228606025351383,0.1961186392773747,0.1046858830238035,0.2517767174652169,0.1046858830238035,0.1218567055152262,0.0001123541564044
2017-12-20,-0.1135481349184733,-0.0415373716636827,-0.0828246999249518,-0.1263939827731657,-0.0828246999249518,-0.0596423091193119,0.1630073980568974,0.0128931789434638,0.0017253532447269,0.0068599309176583,0.0159754388812633,0.0068599309176583,0.0035572050370835,0.0265714118212797
2017-12-21,0.2247447924612614,0.0632184259245408,0.1983661548850703,0.0031826542257404,0.1983661548850703,0.2110062232395984,0.141981268227847,0.0505102217384554,0.0039965693763766,0.0393491314038877,1.0129287920623325e-05,0.0393491314038877,0.0445236262458392,0.0201586805275878
2017-12-22,-0.1139781830633022,-0.0775709266712983,-0.0458278928494295,-0.1162789570438602,-0.0458278928494295,-0.0531123015744675,-0.107333098387316,0.0129910262144116,0.0060172486646439,0.0021001957630187,0.0135207958512078,0.0021001957630187,0.0028209165785371,0.0115203940094212
2017-12-27,0.0817438814636977,-0.2967634495451369,-0.0268358319600328,-0.465322702224023,-0.0268358319600328,-0.0193205603563478,0.233931966148913,0.006682062156751,0.088068544985929,0.0007201618769871,0.2165252172050668,0.0007201618769871,0.0003732840524832,0.0547241647862962
2017-12-28,0.2548118875771533,0.1558588186516573,0.1832348152224436,0.0973706357321278,0.1832348152224436,0.19785900560101,0.11608299571426,0.0649290980506318,0.0242919713514902,0.033574997509603,0.0094810407028787,0.033574997509603,0.0391481860974205,0.0134752618939969
2017-12-29,-0.477400846035399,-0.675223045024567,-0.5196657936668189,-0.7010396418147722,-0.5196657936668189,-0.5284964688186551,-0.079059967585178,0.2279115677953148,0.4559261605322484,0.2700525371073647,0.4914565793957841,0.2700525371073647,0.2793085175537876,0.0062504784745693
2018-01-02,0.4230510409290822,1.4882641966548589,0.8269096661866973,1.780680783696614,0.8269096661866973,0.8269562539137372,0.6203139778401664,0.17897218323118,2.214930319044732,0.6837795960329951,3.170824053426387,0.6837795960329951,0.6838566458870413,0.3847894311038904
2018-01-03,0.3966836738455632,0.8333080137100944,0.6378433382130944,0.9851120515338492,0.6378433382130944,0.5958531674935255,0.3767268788836381,0.1573579370956132,0.694402245713463,0.4068441241028239,0.9704457540772292,0.4068441241028239,0.3550409972120673,0.1419231412734073
2018-01-04,0.6098033105621489,0.1751200261214529,0.4020568037294825,0.133354821572723,0.4020568037294825,0.3862819252993899,0.2524975803507593,0.3718600775725565,0.0306670235487783,0.1616496734251676,0.0177835084366927,0.1616496734251676,0.1492137258130034,0.0637550280829881
2018-01-05,0.8764911575749755,0.8251214478837696,0.700917790358176,1.038137136956621,0.700917790358176,0.6720296000248274,-0.3876402112128162,0.7682367493071206,0.6808254037578083,0.491285748840588,1.07772871512849,0.491285748840588,0.4516237833095294,0.1502649333491167
2018-01-08,-0.0509136733341942,0.2914243226458979,0.166094238364022,0.3501899538814165,0.166094238364022,0.1873617968021156,-0.1946301922533349,0.002592202132381,0.0849281358296204,0.0275872960177245,0.1226330037994686,0.0275872960177245,0.0351044429009172,0.0378809117365701
2018-01-09,0.4057715749041059,0.086474630979563,0.130205510302921,0.019543875951258,0.130205510302921,0.1021924293603299,0.0097435754525506,0.1646505710001584,0.0074778618030515,0.016953474913244,0.0003819630871981,0.016953474913244,0.010443292618566,9.493726259954732e-05
2018-01-10,-0.0656596725275285,-0.1397764447407259,-0.1112824506788398,-0.2290453735307191,-0.1112824506788398,-0.1368043047255315,-0.4378032852630871,0.0043111925964222,0.0195374545043572,0.0123837838290884,0.0524617831358266,0.0123837838290884,0.018715417791436,0.191671716587152
2018-01-11,0.8071644656793587,0.810357179852859,0.7008997490407507,0.6855682498187615,0.7008997490407507,0.7836907870476165,0.2396812693420674,0.6515144746554447,0.6566787589390789,0.4912604582053873,0.4700038251595598,0.4912604582053873,0.6141712497033126,0.0574471108734246
2018-01-12,0.8893331304444668,0.6810714955145262,0.6726951075669084,0.7432851827482325,0.6726951075669084,0.6349721746851283,0.1303262758740166,0.790913416906155,0.4638583820023932,0.4525187077444545,0.5524728628930734,0.4525187077444545,0.4031896626243611,0.0169849381831902
2018-01-16,-0.0400346883797926,-0.5160888617608136,-0.3530688627795424,-0.3171981125556716,-0.3530688627795424,-0.3948273486976931,-0.0570428628166821,0.0016027762736671,0.2663477132335721,0.1246576218644393,0.1006146426088805,0.1246576218644393,0.1558886352796497,0.0032538881983228
2018-01-17,1.2437020999698498,1.0273356422669837,0.937095716052361,1.0798618599832603,0.937095716052361,0.92090818571504,0.1705410707959816,1.5467949134694143,1.0554185218721155,0.8781483810436871,1.1661016366465065,0.8781483810436871,0.8480718865169667,0.02908425682824
2018-01-18,-0.375352933979086,-0.0305872298234641,-0.1617687060786026,0.0160773345094745,-0.1617687060786026,-0.1961829919176962,-0.2589911591967357,0.1408898250467081,0.0009355786282734,0.0261691142663453,0.0002584806849295,0.0261691142663453,0.0384877663177788,0.0670764205420689
2018-01-19,0.2070013815139329,0.5512838321070179,0.4375641082824612,0.3363845001470953,0.4375641082824612,0.5135848792921313,0.4227602838334067,0.0428495719486768,0.3039138635425987,0.1914623488570254,0.1131545319392112,0.1914623488570254,0.263769428237513,0.1787262575869026
2018-01-22,0.5465034111960844,0.9719284030659818,0.8034392098314768,1.0472558829404444,0.8034392098314768,0.7631753104933836,-0.033515343980542,0.2986659784489565,0.9446448206863896,0.6455145638946278,1.0967448843533698,0.6455145638946278,0.5824365545466724,0.001123278282134
2018-01-23,-0.0144471552440188,0.702933642270146,0.2172035902672236,0.8246055068467425,0.2172035902672236,0.2150259698315585,0.0585222148861666,0.0002087202946447,0.4941157054351736,0.0471773996249719,0.6799742419219731,0.0471773996249719,0.0462361677020023,0.0034248496351826
2018-01-24,0.1574927516526588,-0.6081221009203186,-0.0560187589407204,-0.6354784450486765,-0.0560187589407204,-0.0899191550272491,-0.4493637806999626,0.024803966823126,0.3698124896277421,0.0031381013532585,0.4038328541214837,0.0031381013532585,0.0080854544408144,0.201927807404964
2018-01-25,0.5344102224922488,-0.0525420410796095,0.0602453165158584,-0.0440600727469455,0.0602453165158584,0.0640185370765215,-0.4937184180078024,0.2855942859042149,0.0027606660808113,0.0036294981620959,0.0019412900104661,0.0036294981620959,0.0040983730894179,0.2437578762801271
2018-01-26,0.8448142076191743,1.2684812560359104,1.1771597314994502,1.5304824979918816,1.1771597314994502,1.0971635616819615,0.217056155159932,0.7137110453952132,1.609044696914441,1.3857050334638576,2.34237667665947,1.3857050334638576,1.203767881082647,0.0471133744928124
2018-01-29,-0.6680915202225147,-0.5245306379270851,-0.6754705760662041,-0.4946879347690979,-0.6754705760662041,-0.6820390746232399,-0.8938036131030378,0.4463462793932308,0.2751323901241948,0.4562604991312096,0.2447161528061152,0.4562604991312096,0.4651772993129253,0.7988848987960449
2018-01-30,-1.380876673435974,-0.8611668793056283,-1.095860831840555,-0.8274754626742459,-1.095860831840555,-1.0924401464066134,-0.8687043771769928,1.9068203872396008,0.7416083940129946,1.200910962762273,0.6847156413279573,1.200910962762273,1.1934254734809029,0.754647294926467
2018-01-31,0.2776523459095809,0.1215069930951222,0.0488820888761006,0.2775075166907341,0.0488820888761006,0.0153400113816895,-0.0240698176306341,0.0770908251890935,0.014763949371018,0.002389458612891,0.0770104218198581,0.002389458612891,0.0002353159491903,0.0005793561207719
2018-02-01,0.1426132017340019,-0.3462651657787574,-0.0648270681016733,-0.7000430205877918,-0.0648270681016733,-0.0322167422455697,-0.5705303853786322,0.0203385253088231,0.1198995650317903,0.0042025487586589,0.4900602306736795,0.0042025487586589,0.0010379184809174,0.3255049206402906
2018-02-02,-2.575208449645212,-1.9815906807487884,-2.143664501131662,-2.0673570322472865,-2.143664501131662,-2.137045536204997,-1.620084406024804,6.631698559124095,3.926701626030447,4.595297493412058,4.273965098782308,4.595297493412058,4.566963623813703,2.6246734826447424
2018-02-05,-4.7142666373604944,-3.849164886733128,-4.184256124518214,-3.98916549731905,-4.184256124518214,-4.131523211234545,-1.753197049843896,22.224309928130225,14.816070325259252,17.507999315568185,15.913441365000748,17.507999315568185,17.06948404496981,3.0736998955813406
2018-02-07,2.2243369228294902,1.2048783695097112,1.227644578019634,1.316801132383833,1.227644578019634,1.1855022079165192,-0.0275881052015221,4.947674746262566,1.4517318853123802,1.507111209941005,1.733965222247344,1.507111209941005,1.4054154849749418,0.0007611035486102
2018-02-08,-4.237779832784496,-3.975100808567708,-3.825908502051072,-4.282472598341885,-3.825908502051072,-3.761987709903272,-1.743486351253299,17.958777911154993,15.801426438275648,14.637575866066674,18.33957155554909,14.637575866066674,14.152551529463263,3.039744657006542
2018-02-09,1.3753514378556406,1.425961686069685,1.48256265596341,1.675986136813427,1.48256265596341,1.4428727840044189,-0.2065107407838712,1.891591577611578,2.0333667301387,2.1979920288572803,2.808929530790796,2.1979920288572803,2.0818818708206623,0.0426466860591032
2018-02-12,1.6821634511565444,1.5512648105653497,1.3818684318076369,1.718756547035896,1.3818684318076369,1.3425003047489077,1.3697346670926802,2.829673876406896,2.4064225124983505,1.9095603628264968,2.9541240679787566,1.9095603628264968,1.8023070682509088,1.876173058235496
2018-02-13,0.1591259224502121,0.4508036444377077,0.2609543983683735,0.4589953625995141,0.2609543983683735,0.2572453388645893,-0.1668508366011277,0.0253210591956309,0.2032239258383192,0.0680971980277997,0.2106767428878594,0.0680971980277997,0.0661751643675574,0.0278392016744962
2018-02-14,1.021692179574225,1.8380661746423568,1.3313461230303598,1.8319198907592047,1.3313461230303598,1.3806909520121715,0.7320442031538527,1.043854909803131,3.378487262364386,1.77248249930797,3.355930486159218,1.77248249930797,1.9063075049682767,0.5358887153711591
2018-02-15,1.2252518510078354,1.5669021613320349,1.1996836229864198,1.7801570226212111,1.1996836229864198,1.1782004331856324,0.5165952457407001,1.501242098398127,2.4551823831870023,1.4392407952618222,3.168959025187615,1.4392407952618222,1.3881562607588118,0.2668706479218943
2018-02-16,0.075382452045684,-0.2340663718317598,0.0373392494756247,-0.3576554326195922,0.0373392494756247,0.0617944167019753,0.2915074179580028,0.0056825140764198,0.0547870664224836,0.0013942195514029,0.1279174084823076,0.0013942195514029,0.0038185499355373,0.0849765747245417
2018-02-20,-1.0147663332015753,-0.0712599295045817,-0.5858531424820396,0.133310150737117,-0.5858531424820396,-0.6053258396778018,-0.0854588024072971,1.0297507109993704,0.0050779775529979,0.343223904556081,0.0177715962895528,0.343223904556081,0.3664193721816358,0.0073032069088894
2018-02-21,-0.6710774968628836,-0.222521592544369,-0.5511689809002754,-0.3018699082447708,-0.5511689809002754,-0.5048498572784148,0.5462583161501061,0.4503450067957536,0.0495158591484821,0.3037872455066482,0.0911254415037063,0.3037872455066482,0.2548733783940358,0.2983981479631493
2018-02-22,0.6619754900926829,-0.1128614315470624,0.0973120852921204,0.0383844088577225,0.0973120852921204,0.078450840165397,-0.1020875837642539,0.4382115494834476,0.0127377027308522,0.0094696419439009,0.0014733628433568,0.0094696419439009,0.0061545343226566,0.0104218747588235
2018-02-23,1.3825212137539142,1.7502314456060577,1.590124602558474,1.9731420840207936,1.590124602558474,1.5530777605208343,0.8365643513933901,1.911364906479596,3.0633101131882707,2.5284962516617453,3.893289683733921,2.5284962516617453,2.41205053022441,0.6998399140222435
2018-02-26,1.5652711995402313,1.13931487397812,1.1688421260557076,1.3322681815282809,1.1688421260557076,1.1110093673076586,0.4861409288653828,2.4500739281101147,1.2980383820677794,1.3661919156424267,1.7749385075126722,1.3661919156424267,1.234341814245364,0.2363330027180971
2018-02-27,-1.1707697894484972,-1.2352532887700791,-1.2788286983879775,-1.27792283968761,-1.2788286983879775,-1.3002779011434542,-0.2772592319443058,1.3707018998852785,1.5258506874172966,1.6354028398206897,1.6330867841952448,1.6354028398206897,1.6907226202020265,0.0768726816983463
2018-02-28,-1.5100983258225529,-0.7853710786575919,-1.1157824195769546,-0.6678872967551515,-1.1157824195769546,-1.1400025021946936,-1.4686337652085657,2.2803969536520765,0.6168077311917894,1.2449704078370032,0.4460734411669037,1.2449704078370032,1.2996057050101624,2.1568851363106885
2018-03-01,-1.6931665594703442,-1.2792584912644285,-1.3413907890662753,-1.527046402973277,-1.3413907890662753,-1.248499799778834,-0.3160529575601668,2.8668129981086428,1.636502287472141,1.7993292489918449,2.3318707168336243,1.7993292489918449,1.5587517500477888,0.0998894719825286
2018-03-02,-0.2886037327125935,1.0708332521525183,0.5058756308712583,0.892202713751464,0.5058756308712583,0.5820015622096497,-0.0608216003003654,0.0832921145356421,1.1466838539155388,0.2559101539093936,0.7960256824254768,0.2559101539093936,0.3387258184144727,0.0036992670630974
2018-03-05,1.36281758124,0.9985845121293654,1.097163914490453,1.0260292023006712,1.097163914490453,1.0808150491293491,1.0133350544666484,1.857271759736844,0.9971710278646428,1.2037686552600142,1.0527359239737517,1.2037686552600142,1.1681611704244774,1.0268479326109252
2018-03-06,0.0376383054643151,0.5618297990513539,0.2635318442214533,0.4601762250335427,0.2635318442214533,0.3397313994502458,0.0251556385824322,0.001416642038225,0.3156527231020847,0.0694490329187603,0.2117621580861217,0.0694490329187603,0.1154174237724224,0.0006328061524899
2018-03-07,-0.333147914644946,0.3337070464347436,-0.0483966777061543,0.2364185307017004,-0.0483966777061543,-0.0095094698542312,-0.4679902021898474,0.1109875330322762,0.1113603928402001,0.0023422384129933,0.0558937216591508,0.0023422384129933,9.043001690853196e-05,0.2190148293456942
2018-03-08,0.3776867610292658,0.4222313863781736,0.4453176811945213,0.5331546667585065,0.4453176811945213,0.3875697928155407,0.4262322362833589,0.1426472894567777,0.1782793436428345,0.1983078371844653,0.2842538986863741,0.1983078371844653,0.1502103443030811,0.1816739192471131
2018-03-09,1.7540653658776126,1.772895363514808,1.7229511513169882,1.9158356078528047,1.7229511513169882,1.710968659716794,0.2513779379175372,3.076745307771363,3.143157969972304,2.968560669824535,3.670426076316726,2.968560669824535,2.9274137545330823,0.0631908676716732
2018-03-12,-0.6221054678648601,0.3632554631808063,-0.1274779824277249,0.420747764821971,-0.1274779824277249,-0.0947212393897659,0.1730452671205001,0.3870152131473565,0.1319545315307021,0.0162506360038433,0.1770286816026846,0.0162506360038433,0.0089721131915333,0.0299446644728052
2018-03-13,-0.6838046136971841,-1.0240671581638014,-0.6383924585162931,-1.1935844362474393,-0.6383924585162931,-0.6249192438663812,0.2710234275005047,0.4675887497135552,1.0487135444296842,0.407544931090477,1.4246438064521174,0.407544931090477,0.3905240613545296,0.0734536982541213
2018-03-14,-1.000341821362896,-0.1892480240256657,-0.5740941532718953,-0.078509365386625,-0.5740941532718953,-0.5738041925464672,0.0413408630281855,1.0006837595676363,0.0358148145976189,0.3295840968209744,0.0061637204534106,0.3295840968209744,0.3292512513839032,0.0017090669559152
2018-03-15,0.4655804201258792,-0.2012211205043136,-0.0782271939412493,-0.1422830663480013,-0.0782271939412493,-0.1085460444012803,0.1086060322758444,0.2167651276045901,0.0404899393370115,0.0061194938719218,0.0202444709693897,0.0061194938719218,0.0117822437551647,0.0117952702467017
2018-03-16,0.2924439324045787,0.0033013161361412,0.1702022835388948,-0.1568723335480866,0.1702022835388948,0.2279678059228385,0.2594486501707965,0.0855234536002538,1.0898688230746749e-05,0.0289688173218543,0.0246089290328221,0.0289688173218543,0.0519693205372729,0.0673136020754483
2018-03-19,-1.3543949097193209,-1.8581654908287524,-1.4306008195445936,-2.2337102619875813,-1.4306008195445936,-1.3836290973934091,-0.7791553478446597,1.834385571473608,3.4527789913068583,2.046618704881663,4.989461534508629,2.046618704881663,1.9144294791537009,0.6070830560749326
2018-03-20,0.4717003374783829,0.2727395683266551,0.1480701430416187,0.3059896639460093,0.1480701430416187,0.1352523457648949,0.1728528025450652,0.2225012083772203,0.0743868721310101,0.0219247672603654,0.0936296744417917,0.0219247672603654,0.0182931970349066,0.0298780913476832
2018-03-21,-0.1819968866087658,-0.2585662071284534,-0.1845688484801197,-0.4726280129603094,-0.1845688484801197,-0.128883426090738,0.3765866514658876,0.0331228667352839,0.0668564834687943,0.0340656598292774,0.2233772386348104,0.0340656598292774,0.0166109375208867,0.1418175060622899
2018-03-22,-2.9788972736608472,-2.461652245419164,-2.548489001614073,-2.5296961510762355,-2.548489001614073,-2.5396603547201435,-1.7721985243653922,8.873828967024028,6.059731777377213,6.494796191347894,6.39936261676992,6.494796191347894,6.449874717337245,3.1406876097628733
2018-03-23,-1.7885684222759002,-2.458020279160825,-2.1189833248420764,-2.6409640693663987,-2.1189833248420764,-2.109232716709776,-1.150691240411994,3.1989770011625027,6.041863692765858,4.490090330958781,6.974691215684328,4.490090330958781,4.448862653238902,1.324090330760893
2018-03-26,2.8047983838605184,3.206827229968106,2.679502611263216,3.70641827657368,2.679502611263216,2.628849793592956,0.4902654771399727,7.866893974106576,10.283740882864915,7.179734243766393,13.73753644091941,7.179734243766393,6.910851237273727,0.2403602380752851
2018-03-27,-1.4352702217306663,-2.976279939669642,-1.7427312133270447,-3.372745367119597,-1.7427312133270447,-1.7239263477606608,-0.5399370935925641,2.060000609386796,8.858242279279928,3.0371120819043536,11.375411311426705,3.0371120819043536,2.9719220525034107,0.2915320650371854
2018-03-28,-0.0389692096783102,-0.8537071967838065,-0.2920874045064601,-1.0627896903038592,-0.2920874045064601,-0.2499028996743754,-0.3043497208129294,0.0015185993029521,0.7288159778404648,0.0853150518713204,1.1295219258161728,0.0853150518713204,0.0624514592656609,0.092628752558908
2018-03-29,1.06230150362746,1.630260636269035,1.3675733119263356,1.8451158386016848,1.3675733119263356,1.3529066276645558,1.2925386325187618,1.1284844846091622,2.657749742168319,1.8702567634931664,3.404452457858798,1.8702567634931664,1.830356343178681,1.6706561165534708
2018-04-02,-1.9223235820297664,-2.7751465058421885,-2.2590592580476767,-2.934060959010849,-2.2590592580476767,-2.265121229788756,-1.006131949510272,3.6953279540277513,7.701438128888108,5.10334873137092,8.608713711191665,5.10334873137092,5.1307741856397255,1.0123014998253406
2018-04-03,1.63252429009528,1.03050559109689,1.2535934603553565,1.0583095939966534,1.2535934603553565,1.267848459427149,-0.2151068417634708,2.6651355577510976,1.0619417732819505,1.5714965638457166,1.1200191967453612,1.5714965638457166,1.6074397160717953,0.0462709533734548
2018-04-04,0.9563175433317508,1.442093148071956,1.1500105825438875,1.5551407588636563,1.1500105825438875,1.1328682266354515,-0.108023933947975,0.9145432436840748,2.079632647716084,1.3225243399629316,2.418462779879029,1.3225243399629316,1.2833904189201533,0.0116691703055964
2018-04-05,0.988008870815539,0.4879368265715031,0.6839366240059898,0.5287472548258091,0.6839366240059898,0.6979326333699939,1.2560935938612168,0.9761615288101964,0.2380823467246691,0.4677693056567106,0.2795736594858291,0.4677693056567106,0.4871099607227743,1.5777711165391874
2018-04-06,-2.3637743374336098,-2.307776638151744,-2.216402280202734,-2.4813119399308423,-2.216402280202734,-2.188091786781068,-0.972672412680421,5.587429118309701,5.325833011598966,4.912439067687878,6.15690894324336,4.912439067687878,4.787745667378766,0.9460916223895512
2018-04-09,0.1934344926039283,0.5082137706045762,0.3331017352751162,0.6064227978642742,0.3331017352751162,0.2945266541020818,0.1333328711866331,0.0374169029289392,0.2582812366321207,0.1109567660432936,0.3677486097695344,0.1109567660432936,0.0867459499765673,0.0177776545388712
2018-04-10,1.7728089416347257,2.050063091934515,1.6588521255114927,2.193328011352302,1.6588521255114927,1.6614617343987412,0.2259114160475808,3.1428515435400355,4.202758680912103,2.7517903743139973,4.810687765382643,2.7517903743139973,2.7604550948712734,0.0510359679006231
2018-04-11,-0.8994109766387238,-0.3569080461125272,-0.5540619488903828,-0.4913597832434068,-0.5540619488903828,-0.5017522948144248,-0.0277850227409779,0.808940104898223,0.1273833533798618,0.3069846432082092,0.2414344365890077,0.3069846432082092,0.2517553653515415,0.0007720074887166
2018-04-12,1.2064258267528136,1.002480442895078,0.8216880187239336,1.0999001418810366,0.8216880187239336,0.785721232848533,0.0744910224286067,1.4554632754562098,1.0049670383871117,0.6751712001144634,1.2097803221099244,0.6751712001144634,0.6173578557490186,0.0055489124224591
2018-04-13,-0.5032652664362182,-0.4716544230818469,-0.2890821874502216,-0.4202316574206136,-0.2890821874502216,-0.2953444854945838,0.0307760410296679,0.2532759284011177,0.2224578948126698,0.083568511101005,0.1765946458984759,0.083568511101005,0.0872283651120604,0.0009471647014598
2018-04-16,0.8701629505389978,0.6960026161223136,0.8076322362107757,0.7041322897239468,0.8076322362107757,0.8286446068999814,0.172759234904758,0.7571835604907344,0.4844196416491046,0.6522698289668183,0.4958022814318882,0.6522698289668183,0.6866518845444247,0.0298457532448773
2018-04-17,0.8654342545999567,1.7290820781262342,1.0605144127271393,2.0930904979427547,1.0605144127271393,1.035813452337258,0.3452769949600562,0.7489764490349827,2.9897248328973367,1.1246908196019891,4.381027832578249,1.1246908196019891,1.072909508042829,0.1192162032486466
2018-04-18,-0.1556827175307697,0.1939720023250586,0.0831020374581962,0.2468062179515417,0.0831020374581962,0.1036310826532368,1.1441270772846106,0.0242371085377654,0.0376251376859925,0.0069059486297034,0.0609133092195439,0.0069059486297034,0.010739401291882,1.3090267689758253
2018-04-19,-0.3366574757244767,-0.7868870321232575,-0.5742577941307845,-0.85722999052223,-0.5742577941307845,-0.5721058815836676,-0.4876658841836076,0.1133382559611766,0.6191912013237485,0.3297720141199544,0.7348432566507426,0.3297720141199544,0.3273051397426255,0.2378180145965798
2018-04-20,-0.8221455325549697,-1.2782270367942268,-0.857318047104584,-1.5940066000075206,-0.857318047104584,-0.8384814922154377,0.1932852424414312,0.6759232767000948,1.6338643575917495,0.7349942338912178,2.540857040867536,0.7349942338912178,0.703051212787827,0.0373591849456428
2018-04-23,-0.0582800887719751,-0.2455389697436925,0.0056175251820395,-0.2845783193985765,0.0056175251820395,0.0064643330446725,0.4365206739034008,0.0033965687472693,0.0602893856627939,3.1556589170848685e-05,0.0809848198717182,3.1556589170848685e-05,4.178760171244609e-05,0.1905502987450792
2018-04-24,-1.7517742047319484,-1.715511838470437,-1.3470895618345118,-2.124347586580273,-1.3470895618345118,-1.2783364021886865,-0.4838054804709886,3.0687128643642505,2.94298086793222,1.814650287603497,4.512852668609432,1.814650287603497,1.6341439571607153,0.2340677429337641
2018-04-25,0.2481785147123194,-0.0516019858301595,0.1835433472667841,0.075128679820832,0.1835433472667841,0.161914220854823,0.2113807494778522,0.0615925751648129,0.0026627649416159,0.0336881603258953,0.0056443185316211,0.0336881603258953,0.0262162149150244,0.0446818212498185
2018-04-26,0.9854678707493928,1.62780298043271,1.038012915836822,2.062017384073932,1.038012915836822,0.9724918898923642,0.8208772746749865,0.971146924279342,2.649742543105614,1.0774708134440611,4.251915692223099,1.0774708134440611,0.9457404759064224,0.6738395000778332
2018-04-27,-0.0458713200889566,0.0157601136852348,0.1113016219906615,0.1006913729414806,0.1113016219906615,0.0808852121230776,0.2002139520395593,0.0021041780067035,0.0002483811833715,0.0123880510577521,0.0101387525848403,0.0123880510577521,0.0065424175401952,0.0400856265912989
2018-04-30,-0.610786930502136,-0.754730139907153,-0.8221243907144358,-0.7658504458675595,-0.8221243907144358,-0.8395291463473299,-0.3903855766233103,0.3730606744722211,0.5696175840842708,0.6758885138075822,0.5865269054355396,0.6758885138075822,0.7048091875666764,0.1524008984355145
2018-05-01,-0.2656468435094999,0.907777399061548,0.2545802217910509,1.1498274831953683,0.2545802217910509,0.2687013577969045,0.0707725218248351,0.0705682454665607,0.8240598062469491,0.0648110893271806,1.322103241111395,0.0648110893271806,0.0722004196819001,0.0050087498454467
2018-05-02,-0.7249068187561423,-0.4188853184404019,-0.7231903167589714,-0.5625373566817726,-0.7231903167589714,-0.659196017015371,0.0576057898225992,0.5254898958791505,0.1754649100049169,0.5230042342539414,0.3164482776625159,0.5230042342539414,0.4345393888489293,0.0033184270210854
2018-05-03,0.0215821390888939,-0.1796597407862943,-0.2256239799390603,-0.0150361715029874,-0.2256239799390603,-0.2360153849899376,-0.0413447944090042,0.0004657887276523,0.0322776224593984,0.0509061803235415,0.0002260864534672,0.0509061803235415,0.0557032619519484,0.0017093920247228
2018-05-04,1.3793203779860557,1.6991312532563911,1.272983193382955,1.8734730267676407,1.272983193382955,1.2750449918072295,0.6885322569493046,1.9025247051275955,2.8870470157926342,1.6204862106354656,3.509901182025905,1.6204862106354656,1.625739731132698,0.4740766688597033
2018-05-07,0.3900164270626526,0.7681786023366421,0.3451995069662222,0.7763711841410375,0.3451995069662222,0.3735541266680279,0.5024420782068517,0.1521128133787174,0.5900983650878769,0.1191626996097229,0.6027522155645567,0.1191626996097229,0.139542685550713,0.2524480419528201
2018-05-08,0.0118720719124157,0.0232450680111664,-0.0265691219719782,-0.0937278457676119,-0.0265691219719782,0.0242085812533087,0.2153464161090087,0.0001409460914935,0.0005403331868437,0.0007059182423618,0.0087849090722372,0.0007059182423618,0.000586055406298,0.0463740789309943
2018-05-09,0.745673185209322,0.9995833839732704,0.9635604216150478,1.13405136990627,0.9635604216150478,0.918808166500022,0.4289294818899,0.5560284991402159,0.9991669415154544,0.9284486861029688,1.2860725095862875,0.9284486861029688,0.8442084468271323,0.183980500434338
2018-05-10,0.7994532134635215,0.8826171853457281,0.9327000979503942,1.0151665162343877,0.9327000979503942,0.9072739151592264,0.3055510779870496,0.6391254405171508,0.7790130958676154,0.869929472716675,1.0305630556834633,0.869929472716675,0.8231459571283514,0.0933614612590481
2018-05-11,0.3697560373317968,-0.028255268438126,0.1706175115176048,-0.1578745999025096,0.1706175115176048,0.1614895382778207,0.1491415248576823,0.1367195271433131,0.0007983601945105,0.02911033523646,0.0249243892943775,0.02911033523646,0.0260788709731837,0.0222431944368746
2018-05-14,0.2744177048714322,0.1138367518858952,0.0883131693481618,0.1697213069733538,0.0883131693481618,0.0521908298327141,0.6379405044455568,0.0753050767469044,0.0129588060799308,0.0077992158803171,0.0288053220407434,0.0077992158803171,0.0027238827186273,0.4069680872122515
2018-05-15,-0.7781340853243077,-0.8086237178976295,-0.6865679959648896,-1.094900105300047,-0.6865679959648896,-0.6344595086053466,0.0758154390327402,0.605492654743497,0.6538723171465852,0.4713756130832446,1.1988062405860542,0.4713756130832446,0.4025388680597379,0.0057479807957271
2018-05-16,0.252731332978388,0.6327918984982529,0.4052336187627977,0.5996182093673444,0.4052336187627977,0.4477121803680027,0.063652994600574,0.0638731266690328,0.4004255868050232,0.1642142857755925,0.3595419970049005,0.1642142857755925,0.200446196449871,0.0040517037216207
2018-05-17,-0.2220801001436677,-0.2140890925726066,-0.0856210055265063,-0.4096712415264926,-0.0856210055265063,-0.0396099220110165,0.2200821250473238,0.0493195708798214,0.0458341395585621,0.00733095658737,0.1678305261338578,0.00733095658737,0.0015689459217188,0.0484361417653458
2018-05-18,0.0044575793222204,-0.3818198152979975,-0.2635697537311793,-0.513936203459793,-0.2635697537311793,-0.2491096021220102,0.1161399331805436,1.987001341388777e-05,0.1457863713541969,0.0694690150819145,0.2641304212266657,0.0694690150819145,0.0620555938693862,0.0134884840791811
2018-05-22,0.4816393689430215,0.3273787923590676,0.421892666295168,0.397765794679807,0.421892666295168,0.4011262265416565,-0.1084591419065933,0.231976481715832,0.1071768736864814,0.177993421873646,0.1582176274172584,0.177993421873646,0.1609022496195483,0.0117633854631145
2018-05-23,0.2107680793388341,0.6417028844400205,0.3243109408800207,0.8667623011504647,0.3243109408800207,0.3017642053254956,-0.0680946746723613,0.044423183268181,0.4117825918986423,0.1051775863744843,0.7512768866956488,0.1051775863744843,0.0910616356157278,0.0046368847187347
2018-05-24,-0.3020263275613578,-0.020551657187731,-0.2025252246426963,-0.0565619906141853,-0.2025252246426963,-0.176840289872193,-0.1251573157432188,0.0912199025402005,0.000422370613162,0.0410164666165746,0.0031992587822391,0.0410164666165746,0.0312724881220812,0.0156643536840477
2018-05-29,-1.83156839490954,-0.3756155391743939,-1.3991611921748854,-0.3337361776046038,-1.3991611921748854,-1.3043386548203055,-1.1924765396153576,3.354642785231508,0.1410870332692706,1.9576520416882468,0.1113798362421316,1.9576520416882468,1.7012993264584442,1.4220002975330177
2018-05-30,1.2496107384821324,0.8864556558453912,1.2615911702766045,0.716730665757105,1.2615911702766045,1.280630923618161,0.7885245291655476,1.5615269977298605,0.7858036297802826,1.591612280919892,0.513702847236623,1.591612280919892,1.640015562527104,0.6217709330957485
2018-05-31,-1.0265765845461703,-0.272882916036476,-0.69033368781207,-0.1238947452016636,-0.69033368781207,-0.7313719984529813,0.0799746914021519,1.0538594839384805,0.0744650858645704,0.4765606005282126,0.0153499078885851,0.4765606005282126,0.5349050001211076,0.0063959512648694
2018-06-01,0.8944623262312255,1.496582216846028,1.079076407564197,1.6538785909879723,1.079076407564197,1.037559106349706,-0.1118827565608966,0.8000628530469752,2.239758331779772,1.164405893361653,2.7353143937283604,1.164405893361653,1.0765288991692006,0.0125177512156648
2018-06-04,0.7218418403890164,0.6876712697334655,0.4469595089461682,0.8384518767450272,0.4469595089461682,0.46694160038845,0.0542127358367762,0.5210556425362023,0.4728917752168366,0.1997728026373998,0.7030015496172582,0.1997728026373998,0.2180344581733269,0.002939020726908
2018-06-05,-0.0552349008921168,0.4119965762971586,0.0702371168335618,0.3239901978220087,0.0702371168335618,0.1097367994867548,0.4351901801305105,0.0030508942765619,0.1697411788805804,0.0049332525810914,0.1049696482847443,0.0049332525810914,0.0120421651615962,0.1893904928820261
2018-06-06,1.3871362124665352,0.670448713036954,0.853088317566569,0.6027770953746855,0.853088317566569,0.8378564441418821,0.3818469094446517,1.9241468719360049,0.4495014768129078,0.7277596775685593,0.3633402267083427,0.7277596775685593,0.7020034209900788,0.145807062252432
2018-06-07,0.3771516710678259,-0.7070232207773552,-0.0714450697210934,-0.7972241733208466,-0.0714450697210934,-0.0699425722304595,0.0546689285008712,0.1422433829892535,0.4998818347183848,0.0051043979874519,0.6355663825271073,0.0051043979874519,0.004891963410213,0.0029886917434333
2018-06-08,0.2971648691898835,0.1366571287426433,0.312106066593447,-0.0029219631036373,0.312106066593447,0.3228813733376292,0.061181395479822,0.0883069594806405,0.0186751708361834,0.0974101968044331,8.53786837901829e-06,0.0974101968044331,0.1042523812483935,0.0037431631528583
2018-06-11,0.0228432159803776,0.1883514361994107,0.1068147549062869,0.2214635255872913,0.1068147549062869,0.1053316495043595,0.3733142839278483,0.0005218125163261,0.0354762635183807,0.0114093918656901,0.0490460931655528,0.0114093918656901,0.0110947563873092,0.1393635545845621
2018-06-12,-0.0062541661555504,0.571074220029165,0.1741832236901113,0.5662131819007762,0.1741832236901113,0.168609322736892,0.1578384876597089,3.911459430123228e-05,0.3261257647819191,0.0303397954150793,0.3205973673582014,0.0303397954150793,0.0284291037137934,0.024912988186704
2018-06-13,-0.4731865532774061,-0.1051333410212724,-0.4034177279463059,-0.0544870334135809,-0.4034177279463059,-0.4243857431938088,-0.1422831896198935,0.2239055142025515,0.0110530193942951,0.1627458632213597,0.0029688368102126,0.1627458632213597,0.1801032590261614,0.0202445060484105
2018-06-14,-0.1027830787607789,0.8455002159181938,0.2468461812029283,1.026405698041832,0.2468461812029283,0.2464869129489636,0.3874244831620375,0.0105643612795444,0.7148706151177123,0.0609330371744689,1.0535086569727403,0.0609330371744689,0.0607557982551099,0.1500977301533718
2018-06-15,-0.3375206976988535,-0.189122424887741,-0.1017592205964955,-0.327973177749428,-0.1017592205964955,-0.1006916828550822,-0.0890839181578091,0.1139202213751209,0.0357672915954192,0.0103549389764062,0.1075664053230579,0.0103549389764062,0.0101388149961884,0.0079359444743472
2018-06-18,-0.4113840408622648,0.0083519417958136,-0.2128422800086842,-0.0599427997118072,-0.2128422800086842,-0.1644226963466654,0.4233286288184099,0.1692368290761655,6.975493176065931e-05,0.0453018361592951,0.0035931392372898,0.0453018361592951,0.0270348230739077,0.1792071279772751
2018-06-19,-1.1562776903209262,-0.277135062827596,-0.4031549765965106,-0.3227335108246532,-0.4031549765965106,-0.3763963755710133,-0.4103961214722224,1.3369780971338958,0.0768038430484555,0.162533935154533,0.1041569190092065,0.162533935154533,0.1416742315429953,0.1684249765194431
2018-06-20,-0.1718640138315854,0.721350123806359,0.1710697336312203,0.7259376380010673,0.1710697336312203,0.2117028856864881,0.6379254243947966,0.0295372392503033,0.5203460011154495,0.0292648537646566,0.5269854542665685,0.0292648537646566,0.0448181118079862,0.4069488470892813
2018-06-21,-0.7984544218003273,-0.8850055636915155,-0.6365707692292354,-0.8720728251173216,-0.6365707692292354,-0.6521083951174584,-0.5238730876182711,0.6375294636924951,0.7832348477649371,0.4052223442371004,0.7605110123081067,0.4052223442371004,0.4252453589826673,0.2744430119307007
2018-06-22,0.4860559949317,-0.2613957338296157,0.1860249344731609,-0.2771559179632775,0.1860249344731609,0.1751450867605079,0.7014760066135627,0.2362504302090448,0.0683277296643233,0.0346052762457438,0.076815402862067,0.0346052762457438,0.0306758014163458,0.492068587854511
2018-06-25,-1.3437291133978508,-2.1125628939012304,-1.3819790665146472,-2.238707546894956,-1.3819790665146472,-1.393981037008059,-1.631335952793956,1.8056079301929744,4.462921980688342,1.909866140284696,5.0118114805244325,1.909866140284696,1.943183131538064,2.661256990878164
2018-06-26,0.1248933334311902,0.3924971281193295,0.220215414730887,0.4256807931576513,0.220215414730887,0.2357913153408496,0.5922260529117934,0.0155983447355544,0.1540539955819213,0.0484948288850965,0.1812041376633271,0.0484948288850965,0.055597544390168,0.3507316977474823
2018-06-27,-0.6839314597495485,-1.5532295547723696,-0.8641521386801524,-1.403669141189187,-0.8641521386801524,-0.906636040190002,-0.3004492385720271,0.4677622416351483,2.412522049818373,0.7467589187854813,1.97028705792679,0.7467589187854813,0.8219889093714071,0.0902697449585109
2018-06-28,0.40739193859119,0.783988354592768,0.6159615039220663,0.8846393004898789,0.6159615039220663,0.5900097426771085,-0.3169283338373201,0.1659681916290879,0.6146377401370758,0.3794085743139336,0.7825866919712223,0.3794085743139336,0.3481114964539077,0.1004435687888998
2018-06-29,0.2283608916554231,0.0881977642473963,0.0758094349127548,0.1307239332044842,0.0758094349127548,0.0649901348832391,0.6028802872463008,0.0521486968376599,0.0077788456182393,0.0057470704217912,0.0170887467124504,0.0057470704217912,0.0042237176321416,0.3634646407501822
2018-07-03,-0.3987472970547617,-0.1016453984936171,-0.1896314538942446,-0.3734950649841737,-0.1896314538942446,-0.1157435063136939,-0.0895488781876578,0.1589994069084783,0.0103317870349262,0.035960088306045,0.1394985635675321,0.035960088306045,0.0133965592537881,0.0080190015846679
2018-07-05,0.7497097436384165,1.1101239248671408,0.8583806694084265,1.225510447792648,0.8583806694084265,0.8719056973708336,0.0212113397231938,0.5620646997063802,1.2323751285624254,0.7368173736140584,1.5018758576489366,0.7368173736140584,0.7602195451077196,0.0004499209328527
2018-07-06,0.4086678673140435,1.3350279009089625,0.8445532084704199,1.485688073670812,0.8445532084704199,0.8363007412676247,0.6444580385154952,0.1670094257750086,1.78229949620539,0.7132701219376806,2.207269052247688,0.7132701219376806,0.6993989298447785,0.4153261634072395
2018-07-09,1.3004027155429814,0.8781643874473114,0.8784343615273702,0.9482279393172276,0.8784343615273702,0.880392621986445,0.4908595371517047,1.69104722259156,0.7711726913807117,0.7716469275119985,0.8991362249017959,0.7716469275119985,0.7750911688481674,0.2409430852127858
2018-07-10,0.5757775301282414,0.0386325873704456,0.3467189799676614,0.0906405897782493,0.3467189799676614,0.2932915566024675,0.5841041107305706,0.3315197642005779,0.0014924768069351,0.1202140510698156,0.0082157165153488,0.1202140510698156,0.0860199371742983,0.3411776121723506
2018-07-11,-0.8835793092380066,-0.5503700323411507,-0.7119461953973613,-0.5317024880023076,-0.7119461953973613,-0.7224268968441974,-0.7971882329919204,0.780712395713513,0.3029071724991992,0.5068673851407777,0.282707535747844,0.5068673851407777,0.5219006212839365,0.6355090788207804
2018-07-12,0.9045285207481664,1.3809918463344315,0.8710984661528809,1.6737978058207457,0.8710984661528809,0.8087068498123514,0.910124112521212,0.818171844846866,1.907138479642182,0.7588125377339018,2.801599094770342,0.7588125377339018,0.6540067689334171,0.8283259001925236
2018-07-13,0.3785054942616539,0.0263260604213427,0.1078648579473495,0.129791858130098,0.1078648579473495,0.0938988885789426,-0.0380336717280206,0.1432664091862589,0.0006930614573081,0.0116348275800019,0.0168459264368634,0.0116348275800019,0.0088170012763606,0.0014465601851148
2018-07-16,0.1795194125630056,-0.2591786922590425,-0.1028619276585639,-0.2432245719043682,-0.1028619276585639,-0.1447334232667999,-0.4016843570323671,0.0322272194869666,0.0671735945211074,0.0105805761616356,0.0591581923780631,0.0105805761616356,0.0209477638105266,0.1613503226845061
2018-07-17,0.2213152435451593,0.6308623713367717,0.3965782536343808,0.6231242798626265,0.3965782536343808,0.4090236815909633,0.148482624192855,0.0489804370254532,0.3979873315686548,0.1572743112556952,0.3882838681543169,0.1572743112556952,0.1673003721022258,0.0220470896871966
2018-07-18,0.3155864783506577,-0.0085807612002572,0.2158157835582412,-0.1860887948450887,0.2158157835582412,0.2299168714109193,-0.2536017147448117,0.0995948253177701,7.362946277584097e-05,0.0465764524328576,0.0346290395668975,0.0465764524328576,0.0528617677593852,0.0643138297215088
2018-07-19,-0.5363606762521617,-0.3717923074737564,-0.3960781746415427,-0.5123842792493135,-0.3960781746415427,-0.3097449382844634,0.3973911065463166,0.2876827750296761,0.1382295198966602,0.1568779204273764,0.2625376496218385,0.1568779204273764,0.095941926792846,0.1579196915621059
2018-07-20,-0.0254324698281708,-0.0651689257038024,-0.0948929136975197,-0.028974498835056,-0.0948929136975197,-0.1306255612462036,-0.6522460337716396,0.0006468105215608,0.0042469888773877,0.0090046650700049,0.0008395215827426,0.0090046650700049,0.0170630372508856,0.4254248885708348
2018-07-23,-0.0552161838412023,0.2767834960972435,0.1836397184893872,0.2927999612844335,0.1836397184893872,0.1628714904770898,-0.0889935931002691,0.0030488269579854,0.0766091037118128,0.0337235462068613,0.0857318173281657,0.0337235462068613,0.0265271224102287,0.0079198596128962
2018-07-24,0.7861156104013236,-0.0140920142446455,0.4769546552917793,0.4664771578754547,0.4769546552917793,0.3509609040010288,-0.1871935451325125,0.6179777529166456,0.0001985848654712,0.2274857432045,0.2176009388195618,0.2274857432045,0.1231735561372193,0.0350414233392779
2018-07-25,0.6797165569845087,1.159855256978718,0.9060376426541358,1.3723197465254209,0.9060376426541358,0.8409555958945856,0.1867063581501321,0.4620145978388749,1.3452642171411675,0.8209042099062634,1.8832614867035955,0.8209042099062634,0.7072063142664176,0.0348592641736854
2018-07-26,0.4435081155482883,-1.014350430521814,-0.3036858079784691,-1.446608957557132,-0.3036858079784691,-0.2095768228025727,0.2127356855217165,0.1966994485571938,1.0289067958997895,0.0922250699675356,2.092677476084532,0.0922250699675356,0.0439224446560209,0.0452564718943946
2018-07-27,-0.2982063469098933,-1.4723667554528894,-0.6583879546122514,-1.4147784183588756,-0.6583879546122514,-0.7232145771403118,-0.3761380496766774,0.0889270253373436,2.167863862562869,0.433474698778504,2.0015979730540416,0.433474698778504,0.52303932458824,0.1414798324145746
2018-07-30,-0.5682767002042669,-1.3979799915718572,-0.5770799909402402,-1.4310641739302166,-0.5770799909402402,-0.5651120690180254,-0.2961569596187728,0.3229384079950502,1.9543480568352496,0.3330213159435877,2.047944669906573,0.3330213159435877,0.3193516505498334,0.0877089447306354
2018-07-31,0.4272436909403617,0.546146505342715,0.4872858193980632,0.5390622163429745,0.4872858193980632,0.5375448738055485,0.5402173269698446,0.1825371714483433,0.2982760052980602,0.2374474697864419,0.2905880730885998,0.2374474697864419,0.288954491354623,0.2918347603584439
2018-08-01,-0.3206629862403128,0.4616280632856417,-0.104091738014146,0.5640051710943024,-0.104091738014146,-0.1149451838092044,-0.3489100720502592,0.102824750744555,0.2131004688128524,0.0108350899228056,0.3181018330211133,0.0108350899228056,0.0132123952809318,0.121738238378117
2018-08-02,-0.0302488093684165,1.2301790002051116,0.4914398127409042,1.355579143482215,0.4914398127409042,0.5276572842742854,0.1975848209123865,0.0009149904682068,1.513340372545648,0.241513089546815,1.837594814243976,0.241513089546815,0.278422209647714,0.0390397614549798
2018-08-03,0.5372251290819212,0.119502790451831,0.4633387321150211,0.3161104168039405,0.4633387321150211,0.421649316752841,0.0675004747007384,0.2886108393170869,0.0142809169257742,0.2146827806779553,0.099925795611961,0.2146827806779553,0.1777881463181377,0.004556314084825
2018-08-07,0.6510963432976019,0.912983728639952,0.6352235861082081,0.9040761283909226,0.6352235861082081,0.6510439662431842,-0.819045663428313,0.4239264482555087,0.8335392887613096,0.403509004348172,0.8173536459263199,0.403509004348172,0.4238582459816563,0.6708357987807253
2018-08-08,-0.1763566333066024,0.0591174624860434,-0.0262414388811961,0.0923105960609766,-0.0262414388811961,-0.043774576727139,0.1765569891591833,0.0311016621112394,0.0034948743707887,0.0006886131145555,0.0085212461451327,0.0006886131145555,0.0019162135676401,0.0311723704209559
2018-08-09,-0.2916966582529548,0.04380198228373,-0.144275914144179,-0.0345863999628295,-0.144275914144179,-0.1344624349926167,0.6226331565930713,0.0850869404359411,0.0019186136519841,0.0208155394021385,0.0011962190623888,0.0208155394021385,0.0180801464241436,0.387672047689052
2018-08-10,-0.7716853647838317,-0.6696657359350167,-0.7139295225622618,-0.7886689763133399,-0.7139295225622618,-0.6872149439029104,-0.5525998005759694,0.5954983022215553,0.4484521978853875,0.5096953631859791,0.6219987541991314,0.5096953631859791,0.4722643791234802,0.3053665395966011
2018-08-13,-0.4967853684522282,-0.2478349567676463,-0.4014003101377948,-0.0963572512276957,-0.4014003101377948,-0.4164416327213442,-0.4651105499659386,0.2467957023082161,0.0614221657960211,0.1611222089787179,0.0092847198641572,0.1611222089787179,0.1734236334636189,0.2163278236896178
2018-08-14,0.4445377025991711,0.6524693969161138,0.6368919546678298,0.6195865187268377,0.6368919546678298,0.6764090931840828,0.4905873365255982,0.197613769032149,0.4257163139120773,0.4056313619206089,0.383887454188042,0.4056313619206089,0.4575292613421132,0.2406759347592805
2018-08-15,-0.5450000202963932,-1.237164079574201,-0.7631263915857994,-1.2499563997268992,-0.7631263915857994,-0.7880597758337469,-1.1217768823945915,0.2970250221230689,1.5305749597886795,0.5823618895347629,1.5623910012182318,0.5823618895347629,0.6210382102871354,1.2583833738749293
2018-08-16,1.5627845470707693,0.4159783239854819,0.7888276759113128,0.2666042539541252,0.7888276759113128,0.7910963360186093,0.4766157322835415,2.442295540563189,0.1730379660257706,0.622249102283643,0.0710778282264357,0.622249102283643,0.6258334128620684,0.2271625562601764
2018-08-17,0.4317591527696965,0.1255340578329112,0.331762686521854,0.0440487460923711,0.331762686521854,0.351616736676205,0.6025328711150986,0.1864159660004061,0.0157587996759966,0.1100664801681979,0.0019402920323101,0.1100664801681979,0.1236343295108237,0.363045860774204
2018-08-20,0.347544846637215,0.0598055850353596,0.2425016695182756,-0.0830702574496963,0.2425016695182756,0.2568675674246566,0.0448326957900122,0.1207874204240853,0.0035767080014216,0.0588070597191509,0.0069006676727588,0.0588070597191509,0.0659809471946605,0.0020099706117997
2018-08-21,0.2466086250230232,0.4868193836001895,0.20664306891217,0.3494975743213332,0.20664306891217,0.2787846801433207,-0.2087778127484232,0.060815813935746,0.2369931122488684,0.0427013579294398,0.1221485544564958,0.0427013579294398,0.0777208978826136,0.0435881750960156
2018-08-22,-0.3440524248041198,0.3800295018326403,-0.0398268585017595,0.3693207368171042,-0.0398268585017595,-0.031606752067349,0.3085992013569505,0.1183720710135945,0.1444224222631647,0.0015861786581191,0.1363978066431287,0.0015861786581191,0.0009989867762468,0.0952334670781476
2018-08-23,-0.2981878939845689,-0.1349480197095125,-0.169266320052944,-0.14500184972267,-0.169266320052944,-0.1883424168858731,-0.1257876045030442,0.0889160201189525,0.0182109680235189,0.0286510871042656,0.0210255364229957,0.0286510871042656,0.035472865998412,0.0158225214466142
2018-08-24,0.5184862106659257,0.8533311708619863,0.6179719474590772,0.9606737094107144,0.6179719474590772,0.5954546644832779,0.1790542548774681,0.2688279506507107,0.7281740871646885,0.3818893278463645,0.922893975952942,0.3818893278463645,0.354566257454893,0.0320604261897253
2018-08-27,1.000348417796685,0.9010407449164386,0.7641124395724228,0.9801510044300664,0.7641124395724228,0.7215070847840169,0.5386526131733653,1.000696956988331,0.8118744239995705,0.5838678203093195,0.9606959914852684,0.5838678203093195,0.5205724733935306,0.2901466376784951
2018-08-28,0.0551669583026738,0.1513341601998712,0.026923196567344,0.1469062543627449,0.026923196567344,0.0238120043391326,-0.541770774045641,0.0030433932883689,0.0229020280434003,0.0007248585134038,0.0215814475708915,0.0007248585134038,0.0005670115506468,0.293515571610013
2018-08-29,0.2320442980154722,0.9870012853030758,0.5685235804660677,1.1809918552085643,0.5685235804660677,0.5372367556320168,0.2122408443739015,0.0538445562414933,0.9741715371899238,0.3232190615459573,1.394741762068967,0.3232190615459573,0.2886233316020153,0.0450461760205466
2018-08-30,-0.5282728672334475,-0.2632911037878529,-0.4440118245784964,-0.2288463605374266,-0.4440118245784964,-0.4420453989578478,-0.1144014014100589,0.2790722222550476,0.0693222053338259,0.1971465003655254,0.0523706567312258,0.1971465003655254,0.1954041347398028,0.0130876806445854
2018-08-31,-0.0850966353801098,0.2614414468621761,0.013442134217546,0.1553746273283511,0.013442134217546,0.0475617196581951,-0.6659862094112904,0.0072414373530153,0.068351630137388,0.0001806909723225,0.0241412748174239,0.0001806909723225,0.0022621171768447,0.4435376311260191
2018-09-04,-0.0475394193836383,-0.2258039969026255,-0.1655675203683984,-0.4219717149885341,-0.1655675203683984,-0.1769846158208234,-0.626571480473886,0.0022599963953334,0.0509874450172009,0.02741260380094,0.1780601282503646,0.02741260380094,0.0313235542372444,0.3925918201432373
2018-09-05,0.0867032934516406,-1.1944751940382452,-0.2807106722542491,-1.3081493027493132,-0.2807106722542491,-0.2638268323161848,-0.1469401515885871,0.0075174610953613,1.4267709891727036,0.0787984815174324,1.7112545982835143,0.0787984815174324,0.0696045974499923,0.0215914081488769
2018-09-06,0.0803684630587408,-0.9102646050809418,-0.3658974194848502,-0.9360511928540118,-0.3658974194848502,-0.3753247372359208,-0.2272438506806721,0.0064590898544241,0.8285816512631629,0.1338809215856724,0.8761918356434185,0.1338809215856724,0.140868658381213,0.0516397676721796
2018-09-07,-0.3056396634279056,-0.2550985199326925,-0.2215757124654065,-0.3078056760191424,-0.2215757124654065,-0.2234704831724721,-0.0662913906668835,0.0934156038603234,0.0650752548718503,0.0490957963545524,0.0947443341896012,0.0490957963545524,0.0499390568493381,0.0043945484765493
2018-09-10,-0.229713247726236,0.2731967129015098,0.1896045140724331,0.2341051444646736,0.1896045140724331,0.1905062490676507,-0.2064244888660184,0.052768176180935,0.0746364439401899,0.0359498717566434,0.0548052186648256,0.0359498717566434,0.0362926309338257,0.0426110696035969
2018-09-11,0.4398429293684002,0.6078538231582692,0.3732862156378708,0.8050032679943167,0.3732862156378708,0.3455836841263904,0.2311568758662686,0.1934618025153754,0.3694862703281244,0.1393425987852429,0.6480302614815296,0.1393425987852429,0.1194280827343688,0.0534335012602535
2018-09-12,0.1072467332167642,-0.2291121769650616,0.0356598195514398,-0.2641650404145239,0.0356598195514398,0.0283715480075708,-0.2814276820769987,0.0115018617856678,0.0524923896336697,0.0012716227304412,0.069783168577207,0.0012716227304412,0.0008049447363458,0.0792015402392322
2018-09-13,0.5640835827684108,0.7450087969181038,0.5268348654683924,0.9783893752574492,0.5268348654683924,0.4840604919559592,-0.2952196992750232,0.3181902883488465,0.5550381074853605,0.2775549754730991,0.9572457696166616,0.2775549754730991,0.2343145598726452,0.0871546708400351
2018-09-14,0.0331892520716854,-0.0457570687113996,0.0275427085863538,-0.2143484486705797,0.0275427085863538,0.0698090676163337,0.0735900480498103,0.0011015264530778,0.0020937093370597,0.0007586007962728,0.0459452574474841,0.0007586007962728,0.0048733059214618,0.0054154951719733
2018-09-17,-0.3545011644240963,-1.436629486642596,-0.5585314617480499,-1.4788698937840767,-0.5585314617480499,-0.5956830719191446,0.4288418140046742,0.1256710755780401,2.0639042818909688,0.3119573937624133,2.187056162740926,0.3119573937624133,0.3548383221710288,0.1839053014388195
2018-09-18,0.7067167225794566,0.7609850538282779,0.5354649595431229,0.7993811527036006,0.5354649595431229,0.5184446389900842,0.7046857762880891,0.4994485259734486,0.579098252150027,0.2867227228985182,0.6390102272977372,0.2867227228985182,0.2687848436975587,0.4965820433027468
2018-09-19,0.6032012134303054,-0.0763101341589766,0.1252524999182669,-0.0544020783372154,0.1252524999182669,0.0698142523695936,-0.2851671816455965,0.3638517038837928,0.005823236575361,0.0156881887357754,0.0029595861274085,0.0156881887357754,0.0048740298339253,0.0813203214876926
2018-09-20,0.9468835652906774,0.978762084150808,0.7809997394075652,1.045366167619621,0.7809997394075652,0.7809650839173746,0.4006225721396951,0.8965884862175846,0.9579752173712331,0.6099605929546847,1.0927904244037336,0.6099605929546847,0.609906462298072,0.1604984453078252
2018-09-21,0.3240415789074081,-0.5154743606661556,-0.0368574270180634,-0.5028186884209284,-0.0368574270180634,-0.0618994301436107,0.0578318379760903,0.105002944860806,0.2657138165041818,0.0013584699263918,0.2528266334253426,0.0013584699263918,0.0038315394521037,0.0033445214836927
2018-09-24,-0.6807852890306744,0.0787599547427812,-0.3521949122205566,0.2344723555379651,-0.3521949122205566,-0.3692439134549811,-0.1036648161299567,0.4634686097605788,0.0062031304710849,0.1240412561940456,0.0549772855115219,0.1240412561940456,0.1363410676235495,0.0107463941032577
2018-09-25,-0.2632764435803226,0.1777795578567493,-0.1305928448663518,0.1911468629292593,-0.1305928448663518,-0.1199280575482015,-0.2954880015663506,0.0693144857443028,0.0316055711917412,0.017054491130287,0.036537123207697,0.017054491130287,0.0143827389872847,0.0873131590696756
2018-09-26,-0.4044419649289457,-0.2138414901735818,-0.3294669502632633,-0.0014279783264912,-0.3294669502632633,-0.3874161548600585,0.0605033675774003,0.1635733029955865,0.0457281829196581,0.1085484713157756,2.039122100928733e-06,0.1085484713157756,0.1500912770465528,0.003660657488206
2018-09-27,0.2069134396573484,0.6437263369354603,0.2759466146894934,0.8752441400410389,0.2759466146894934,0.249543376231964,0.2183241069964524,0.0428131715108351,0.4143835968643458,0.0761465341585917,0.7660523046761777,0.0761465341585917,0.0622718966212475,0.0476654156957984
2018-09-28,0.0694741146713504,0.0545115939517057,-0.0006863441535533,-0.025194625996361,-0.0006863441535533,0.0355982738596463,-0.8146830957447316,0.0048266526093679,0.0029715138751556,4.710682971168594e-07,0.0006347691790965,4.710682971168594e-07,0.0012672371017863,0.6637085464922196
2018-10-01,0.7264513945897667,-0.1125490562366704,0.3634455587307056,0.2331288941499144,0.3634455587307056,0.2325599667603478,0.1944833613138019,0.5277316287014169,0.0126672900597652,0.1320926741610748,0.054349081287562,0.1320926741610748,0.0540841381395741,0.0378237778279148
2018-10-02,0.459439456529076,-0.4708539658061796,-0.0396715474712436,-0.2248960288616807,-0.0396715474712436,-0.0932552819724081,-0.5429371595817136,0.2110846142157327,0.2217034571154069,0.0015738316787631,0.0505782237977539,0.0015738316787631,0.0086965476157533,0.2947807592546592
2018-10-03,0.2031546771555435,0.3187345783717203,0.0711240015347556,0.1198503664819426,0.0711240015347556,0.1154461083758715,0.3416720682459722,0.0412718228501731,0.1015917314497983,0.0050586235943159,0.0143641103458559,0.0050586235943159,0.0133278039391334,0.1167398022194803
2018-10-04,-0.7516801087085715,-1.8306541665053115,-0.8203069104388573,-1.9491303842025545,-0.8203069104388573,-0.8512080392571684,-0.4076228136752075,0.5650229858281298,3.351294677343256,0.6729034273137434,3.7991092546215977,0.6729034273137434,0.7245551260960331,0.1661563582284929
2018-10-05,-0.6799157812151458,-1.1624237338541306,-0.5543301253226848,-1.2223529557619262,-0.5543301253226848,-0.5820276621466969,-0.3786835367253665,0.462285469545402,1.3512289370273785,0.3072818878402634,1.4941467484599174,0.3072818878402634,0.3387561995039495,0.1434012209868319
2018-10-09,-0.0623202383244852,-0.6496157862762973,-0.1814111366402681,-0.3708988206686207,-0.1814111366402681,-0.2148131726828227,-0.5793686816068827,0.0038838121048206,0.422000669779372,0.032910000497114,0.1375659351733736,0.032910000497114,0.0461446991580602,0.3356680692268974
2018-10-10,-3.1978453956035087,-4.169002464958114,-3.3416333989061715,-4.539021111790651,-3.3416333989061715,-3.280385843132948,-2.1463013240350155,10.226215174182562,17.38058155282683,11.166513772685212,20.60271265328124,11.166513772685212,10.760931279827064,4.606609373554461
2018-10-11,-2.155601489919204,-1.260789533526884,-2.078764746357497,-1.1488847306692138,-2.078764746357497,-2.0788941490442494,-1.299016499977616,4.646617783341889,1.5895902478509376,4.3212628706987495,1.319936124364872,4.3212628706987495,4.321800882930414,1.687443867214096
2018-10-12,1.1396832480956605,2.2641397422949723,1.4106320709680948,2.736234512429418,1.4106320709680948,1.2863535720512909,0.6323191295863971,1.2988779059898747,5.126328772639544,1.989882839643736,7.486979307009856,1.989882839643736,1.6547055123291154,0.3998274816408989
2018-10-15,-0.3535661184643263,-0.8862813126003298,-0.5922538841602318,-1.2447615640413394,-0.5922538841602318,-0.4914632070757658,-0.0312745754527559,0.12500900012593,0.7854945650645636,0.3507646633028813,1.5494313513146416,0.3507646633028813,0.241536083909197,0.0009780990697501
2018-10-16,2.146523904644566,2.8489812404174435,2.1267870038650147,2.896732272572069,2.1267870038650147,2.138127934320946,1.0989096752310166,4.6075648732105545,8.116694108250515,4.523222959809126,8.39105785896054,4.523222959809126,4.571591063523555,1.2076024743163385
2018-10-17,-0.3562400138537663,-0.0364464291243748,-0.025270816079308,0.0302987479453941,-0.025270816079308,-0.0570235276026318,-0.3204154251905404,0.1269069474705316,0.001328342195918,0.0006386141453142,0.0009180141270585,0.0006386141453142,0.0032516827002481,0.1026660447000347
2018-10-18,-1.281105701459977,-2.083174824552275,-1.449651506164546,-2.2584658849373542,-1.449651506164546,-1.4675429736823085,-0.8131542706382598,1.6412318183132597,4.339617349648401,2.101489489325137,5.100668153425866,2.101489489325137,2.1536823796043127,0.6612198678572403
2018-10-19,0.2553523371756664,-0.4836302584000471,-0.0361235139102369,-0.1245138339216727,-0.0361235139102369,-0.1064362735092483,0.4273473404744108,0.0652048161010752,0.2338982268400963,0.001304908257223,0.0155036948378738,0.001304908257223,0.0113286803185355,0.182625749410552
2018-10-22,-0.5001092159142085,0.2628162574285207,-0.4308743988789517,0.4769651991410576,-0.4308743988789517,-0.4221633872111739,-0.3717283801794926,0.2501092278423245,0.0690723851687345,0.1856527476092979,0.2274958011916688,0.1856527476092979,0.1782219255016116,0.1381819886308694
2018-10-23,-0.498854587371931,-0.4171433608250079,-0.5527097324213361,-0.3161177752591304,-0.5527097324213361,-0.5883436925852902,-0.8308767590402616,0.2488558993420195,0.1740085834803827,0.305488048313265,0.099930447834782,0.305488048313265,0.3461483006048944,0.6903561887132489
2018-10-24,-2.4431695223011585,-4.526269054766097,-3.135083200711912,-4.739513330939158,-3.135083200711912,-3.143235273603505,-2.490930032238605,5.969077314701271,20.487111556133176,9.828746675386046,22.46298661415,9.828746675386046,9.8799279852253,6.204732425508219
2018-10-25,1.6185691358283614,2.91056557193765,1.845372947933219,3.292235941534727,1.845372947933219,1.8263058052162464,0.1002238864099455,2.6197660474561686,8.47139194854874,3.405401316963739,10.83881749473305,3.405401316963739,3.335392894166563,0.0100448274071136
2018-10-26,-1.1927865560955169,-2.0866243133358524,-1.7479090705260276,-2.36491586196341,-1.7479090705260276,-1.6811193619838527,-0.2403032921071018,1.4227397684022036,4.354001025004318,3.055186118827162,5.592827034166138,3.055186118827162,2.826162309236996,0.0577456721975111
2018-10-29,-0.9989166255298912,-1.6447702187662312,-0.658123033377329,-2.041923752556856,-0.658123033377329,-0.626294900398903,-1.1246990812707918,0.9978344247600248,2.705269072540316,0.4331259270617769,4.169452611255873,0.4331259270617769,0.3922453022656718,1.264948023411363
2018-10-30,1.7508101923688706,1.5671366944940126,1.5545366655688744,1.422958590631226,1.5545366655688744,1.5850874596134996,1.166602518637286,3.065336329702722,2.4559174192296203,2.4165842445979946,2.0248111506512045,2.4165842445979946,2.512502254623978,1.360961436490859
2018-10-31,0.9646577569571494,1.994170267238324,1.0792838671999128,2.278860720623622,1.0792838671999128,0.9944575934071004,0.8875198706729721,0.9305645880575988,3.976715054737368,1.1648536659979989,5.193206184001213,1.1648536659979989,0.988945905085042,0.7876915208393691
2018-11-01,1.0495231489828316,1.738963529593748,1.050245250390489,1.4544721824081337,1.050245250390489,1.138091854349076,0.8143216899429727,1.101498840250839,3.023994157257146,1.1030150859677816,2.115489329399079,1.1030150859677816,1.2952530689357182,0.663119814711579
2018-11-05,0.3184732860418359,-1.4252988777498046,-0.0752005993078498,-1.886098294778304,-0.0752005993078498,-0.0189678337721987,0.4448791166380451,0.101425233922285,2.031476890914852,0.0056551301362597,3.557366777565625,0.0056551301362597,0.0003597787180097,0.1979174284206473
2018-11-06,0.678366356206665,0.6407855006302442,0.6239826862749526,0.743350172226275,0.6239826862749526,0.6209046674836152,0.4917020199130907,0.4601809132331078,0.4106060578179527,0.3893543927709059,0.5525694785488326,0.3893543927709059,0.3855226061029387,0.2417708763866134
2018-11-07,2.1048284609665777,2.606606063981047,2.0987099015788777,3.020033446880505,2.0987099015788777,2.032523920345423,0.5004227369886921,4.430302850094932,6.794395172782766,4.404583250985223,9.120602020276944,4.404583250985223,4.131153486776327,0.2504229156952537
2018-11-08,0.0416893739645922,-0.5280101401864409,-0.2512134997959903,-0.6202896367611994,-0.2512134997959903,-0.2620425391556685,-0.0778471020766693,0.0017380039015596,0.2787947081397049,0.06310822247975,0.3847592334733407,0.06310822247975,0.06866629232715,0.0060601713017353
2018-11-09,-0.7739506050178042,-1.6600296570249768,-0.924156159302086,-1.6825891716340755,-0.924156159302086,-0.9553126217965664,-0.5421157436603135,0.5989995390074252,2.7556984622024623,0.8540646067759826,2.831106320500245,0.8540646067759826,0.9126222053638292,0.2938894795243746
2018-11-12,-2.344030534075636,-2.8210555032469653,-1.98981367275931,-3.029468174171841,-1.98981367275931,-1.9606928554446548,-0.7757958178492096,5.494479144678908,7.958354152399989,3.959358452299895,9.177677418320071,3.959358452299895,3.844316473391714,0.601859150992324
2018-11-13,-0.3974105428750295,8.332324196454802e-05,-0.1483004456512661,0.02647144189061,-0.1483004456512661,-0.1383488997714944,-0.1625717056783397,0.1579351395882257,6.942762651482616e-09,0.0219930221803641,0.0007007372357679,0.0219930221803641,0.019140418067983,0.0264295594871647
2018-11-14,-0.8179729502735982,-0.8995079784676661,-0.7596242848709707,-0.8974987342340648,-0.7596242848709707,-0.7491269969099688,0.0088551424315106,0.6690797473792943,0.8091146033269871,0.5770290541657336,0.8055039779517484,0.5770290541657336,0.5611912574993483,7.841354748233961e-05
2018-11-15,0.828966437330703,1.7039019982483687,1.0538079545354202,1.7653632037649174,1.0538079545354202,1.0684714212054065,0.077680167721444,0.6871853542207583,2.903282019634784,1.1105112050421262,3.1165072412071333,1.1105112050421262,1.1416311779327013,0.0060342084572316
2018-11-16,0.4889253067878654,-0.1538440101582749,0.2220812515123669,-0.3406445557834442,0.2220812515123669,0.2170796520379544,0.0700981336528979,0.2390479556176082,0.0236679794615793,0.0493200822732991,0.1160387133849,0.0493200822732991,0.0471235753289193,0.0049137483416195
2018-11-19,-1.5696351311947312,-3.073800711875995,-1.6783146839093228,-3.3178339746047216,-1.6783146839093228,-1.6598156313577088,-0.5590471413977929,2.463754445080701,9.448250816329374,2.81674017822565,11.008022283041363,2.81674017822565,2.7549879300993894,0.3125337063050438
2018-11-20,-2.230353623922336,-1.7170748972999292,-1.831796215430848,-1.7609423373609256,-1.831796215430848,-1.8254075557692813,-1.2956634788189656,4.974477287743497,2.9483462029375627,3.3554773748667763,3.10091791551016,3.3554773748667763,3.332112744659581,1.678743850345264
2018-11-21,-0.0038801293141517,0.9138837736845437,0.3038654446444182,0.7433658605591303,0.3038654446444182,0.376247785584601,1.454849192485167,1.5055403494539644e-05,0.835183551803902,0.09233420844895,0.5525928026448164,0.09233420844895,0.1415623961573158,2.1165861728747424
2018-11-23,-0.7332663038650494,-0.4782762050195495,-0.6576467765855122,-0.7374827460917942,-0.6576467765855122,-0.6043205067095581,-0.5599609393356694,0.537679472383911,0.2287481282879021,0.4324992827533145,0.5438808007830938,0.4324992827533145,0.365203274829697,0.3135562535816852
2018-11-26,1.4482622452774156,2.038023051893751,1.5413016366781476,2.286872191358358,1.5413016366781476,1.5031993107869286,0.0127900323189267,2.0974635310959813,4.153537960050319,2.3756107352267364,5.229784419608178,2.3756107352267364,2.2596081679502973,0.0001635849267191
2018-11-27,0.4393245989460044,0.0119594314202427,0.3256395228060269,0.3392837374353689,0.3256395228060269,0.2182154085398289,-0.457727507749902,0.1930061032390676,0.0001430279998954,0.1060410988133369,0.1151134544881123,0.1060410988133369,0.0476179645242044,0.2095144713509366
2018-11-28,2.4652785071955714,2.9066712582999035,2.271400793888423,3.118871207144877,2.271400793888423,2.2527034797954184,1.5086285486142388,6.077598118040425,8.448737803826743,5.159261566476958,9.727357606757344,5.159261566476958,5.074672967882387,2.2759600976939045
2018-11-29,-0.1088519268593955,-0.2541767837089795,-0.2200108521253824,-0.303149809373195,-0.2200108521253824,-0.221260007452238,0.1501056257269056,0.0118487419810031,0.0646058373766413,0.0484047750529369,0.0918998069230044,0.0484047750529369,0.0489559908977644,0.0225316988748658
2018-11-30,0.7847128934316537,0.7868501686410175,0.8152204233588811,0.8180423721724464,0.8152204233588811,0.7989641839019063,0.024875081811319,0.615774325117878,0.6191331878903977,0.6645843386614334,0.6691933226695232,0.6645843386614334,0.6383437671580391,0.0006187696951198
2018-12-03,1.1212830144041614,1.5025416631425594,1.0881931492828127,1.6147351512050945,1.0881931492828127,1.0632169663161015,0.5064199214016523,1.257275598391283,2.2576314494792085,1.184164330146046,2.6073696085373395,1.184164330146046,1.1304303174624142,0.2564611367924556
2018-12-04,-3.144030007169945,-3.878392960024994,-3.290020854234479,-3.8528736830402943,-3.290020854234479,-3.3573871360232195,-1.3935621949961734,9.884924685985045,15.041931952371437,10.82423722129777,14.844635617464482,10.82423722129777,11.272048381134196,1.9420155913225527
2018-12-06,-0.31776166769962,0.4158876144545979,-0.1523348101579547,0.6401195154102023,-0.1523348101579547,-0.1784265187521703,-0.8439217449715779,0.1009724774592437,0.1729625078567362,0.0232058943858601,0.4097529940089922,0.0232058943858601,0.0318360225940185,0.7122039116358729
2018-12-07,-2.26501533523354,-3.094109860780864,-2.3596383238556005,-3.354059625908224,-2.3596383238556005,-2.3242855533452245,-0.9543283762304604,5.130294468843104,9.573515830581377,5.567893019408068,11.24971597414761,5.567893019408068,5.402303333489316,0.9107426496786672
2018-12-10,0.1405778391871137,0.7329387428072344,0.1760644000385231,1.0449389781796377,0.1760644000385231,0.0987540610566419,-0.4528617408944437,0.019762128870518,0.5371992007078492,0.030998672960925,1.0918974681191052,0.030998672960925,0.0097523645751789,0.2050837563659463
2018-12-11,-0.2173400334492029,0.1609837733597353,-0.0356431893051986,0.3211332216557392,-0.0356431893051986,-0.059240733026451,-0.4112794870457423,0.0472366901397006,0.0259157752851386,0.0012704369438462,0.1031265460509941,0.0012704369438462,0.0035094644495112,0.1691508164646089
2018-12-12,0.6423149947382768,0.9409882200179692,0.5404856335625491,0.8868359247476029,0.5404856335625491,0.5695589427054986,0.7825270340359995,0.4125685524656325,0.8854588302125863,0.29212472008751,0.7864779574229359,0.29212472008751,0.3243973892158054,0.6123485589971784
2018-12-13,0.285440793866055,-0.3949288642558837,-0.0199939264399219,0.0593706857948734,-0.0199939264399219,-0.1326618546115486,-0.2215119308944663,0.0814764468028837,0.1559688078224422,0.000399757094485,0.0035248783317535,0.000399757094485,0.0175991676689756,0.0490675355285948
2018-12-14,-2.0407280284848244,-2.2841850173407803,-1.927117875072764,-2.589560484627974,-1.927117875072764,-1.8876756818478688,-1.058301086021824,4.164570886243558,5.217501193444101,3.713783304424966,6.705823503546667,3.713783304424966,3.5633194798398167,1.120001188674972
2018-12-17,-2.128353977739317,-2.297048143340342,-2.0992280594401733,-2.24763089065473,-2.0992280594401733,-2.11657043038026,-1.6052713473079052,4.5298906545587725,5.2764301728233125,4.406758445540956,5.051844620625375,4.406758445540956,4.479870386760076,2.576896098487737
2018-12-18,0.3497244282592151,0.4458390246920125,0.0086408358098435,0.6666226640593529,0.0086408358098435,0.0136458226937043,0.376934893470199,0.1223071757212349,0.1987724359383249,7.466404349267451e-05,0.4443857762375888,7.466404349267451e-05,0.000186208476988,0.1420799139153903
2018-12-19,-1.4978300569036913,-2.1919791469380017,-1.5515478113209684,-2.31492958691309,-1.5515478113209684,-1.5816042253248497,-1.0657348973558074,2.243494879364115,4.80477258061105,2.407300610814888,5.358898992365609,2.407300610814888,2.501471925565417,1.1357908714419933
2018-12-20,-2.0097165457513446,-1.6471025298342608,-1.5897793403096878,-1.5854727132627664,-1.5897793403096878,-1.5665295943817004,-0.8610257507851802,4.038960594266716,2.712946743786422,2.5273983508755062,2.513723724500798,2.5273983508755062,2.454014970073694,0.7413653435151832
2018-12-21,-1.828652121531955,-3.0389694513305634,-2.080320065348312,-3.200305143502088,-2.080320065348312,-2.082686100678686,-1.469759383199857,3.3439685815833204,9.235335326120383,4.327731574290803,10.24195301152592,4.327731574290803,4.33758139396019,2.1601926445040243
2018-12-24,-2.9532249096472194,-2.236672543141616,-2.748656592240741,-2.464599623827913,-2.748656592240741,-2.727267869192836,-1.1203182016709206,8.721537366960828,5.002704065243584,7.555113062068482,6.074251305772691,7.555113062068482,7.437990030331629,1.2551128729951655
2018-12-27,5.99594644358044,6.05509961221266,5.692941678577842,6.384805906173393,5.692941678577842,5.630334752021502,2.755690485699673,35.95137375428492,36.6642313138179,32.4095849556887,40.76574645950664,32.4095849556887,31.70066941982104,7.593830052975699
2018-12-28,-0.3308000549393613,0.0764204633145692,-0.1242318591321124,-0.0482917825553149,-0.1242318591321124,-0.0995589794475135,0.4001103015178133,0.1094286763478844,0.0058400872132134,0.015433554823421,0.0023320962623698,0.015433554823421,0.0099119903886304,0.1600882533806755
2018-12-31,1.142725941850737,0.7678671874580745,0.8456582977787399,0.7086542777023176,0.8456582977787399,0.8474405786071301,0.7066800800046571,1.305822578178654,0.5896200175747737,0.7151379566020359,0.5021908853057935,0.7151379566020359,0.7181555342699874,0.4993967354753885
2019-01-02,0.0804826418655254,0.461026369502026,0.1267720346464718,0.4870296323524788,0.1267720346464718,0.1073741920210045,0.1695150949940785,0.0064774556416544,0.2125453133762186,0.0160711487684062,0.2371978627893906,0.0160711487684062,0.0115292171121635,0.0287353674308514
2019-01-03,-2.8678186561407992,-3.083909331077634,-2.506827626353524,-3.418002236456992,-2.506827626353524,-2.4300637772114104,-0.9412564139847616,8.22438384450922,9.5104967623077,6.284184748249244,11.682739288424994,6.284184748249244,5.905209961314988,0.8859636368674526
2019-01-04,3.2394639311413425,4.171874037196895,3.3759378318728883,4.3849561014863285,3.3759378318728883,3.3655597502325394,1.493566204295663,10.49412656116572,17.404532982237523,11.396956244670616,19.22784001196218,11.396956244670616,11.326992432385312,2.230740006614154
2019-01-07,0.4181134623469623,1.247796069528718,0.6985975834124729,1.0158923356613894,0.6985975834124729,0.7448696755449808,0.5358325342636732,0.1748188673957647,1.5569950311313172,0.488038583549747,1.032037237655553,0.488038583549747,0.554830833546485,0.2871165047754305
2019-01-08,1.082461076498058,1.0717957799279805,0.9648598495866724,0.9753529384440408,0.9648598495866724,1.0261710571115272,0.6940769785227618,1.171721982133335,1.1487461938714274,0.930954529344416,0.9513133545314246,0.930954529344416,1.0530270384533893,0.4817428521152864
2019-01-09,0.3846432155480624,0.8673026662832212,0.4089652304170427,0.7427800389735655,0.4089652304170427,0.4588667507430889,1.3572518062903105,0.1479504032671532,0.7522139149419845,0.1672525596900648,0.5517221862975714,0.1672525596900648,0.21055869493752,1.84213246567831
2019-01-10,0.512921120975893,0.4158608959695352,0.4508267632578381,0.3062860878800179,0.4508267632578381,0.4701245870494425,0.6648689407003614,0.2630880763431667,0.1729402847965846,0.2032447704695388,0.093811167628846,0.2032447704695388,0.2210171273484089,0.4420507083080207
2019-01-11,-0.0248631049097846,-0.2090913031153846,-0.0146353675471501,-0.2956665563701359,-0.0146353675471501,0.0033381736854892,0.2391878274661777,0.0006181739857549,0.0437191730384896,0.0002141939832401,0.0874187125557747,0.0002141939832401,1.1143403554492867e-05,0.05721081680799
2019-01-14,-0.3595099781649172,-0.9448676305130722,-0.5271432420136155,-0.918512186314732,-0.5271432420136155,-0.5422425925033271,0.2430243708898677,0.1292474244001392,0.8927748391913876,0.2778799976006252,0.8436646364086688,0.2778799976006252,0.2940270291247292,0.059060844846416
2019-01-15,0.649289597500273,1.693093204193877,1.06646417681244,1.946971711968918,1.06646417681244,1.0234410201264117,0.4713248866354587,0.4215769814220665,2.8665645980874896,1.1373458404242356,3.790698847207179,1.1373458404242356,1.0474315216773895,0.222147148761928
2019-01-16,0.5865762128170552,0.154482786988668,0.2219501906088628,-0.0161341110844689,0.2219501906088628,0.2687281824198991,0.4309376730360547,0.3440716534427992,0.0238649314757861,0.0492618871113105,0.0002603095404859,0.0492618871113105,0.0722148360267026,0.1857072780417296
2019-01-17,0.6708371142094622,0.705002567326946,0.7562782854258203,0.7453675219424808,0.7562782854258203,0.7706499521667974,0.6593152149953871,0.4500224338008791,0.497028619937585,0.5719568450066186,0.5555727427666746,0.5719568450066186,0.5939013487746871,0.4346965527244136
2019-01-18,1.3703216506649514,1.0218678833032484,1.3096912647036882,0.9798597415523356,1.3096912647036882,1.3049024400522338,0.6069810426827581,1.877781426281117,1.0442139709266614,1.7152912088411465,0.9601251131150098,1.7152912088411465,1.7027703780542736,0.3684259861762482
2019-01-22,-1.2293573347559996,-1.9308826169722129,-1.425845436347687,-2.051902544386499,-1.425845436347687,-1.4397908485883224,-0.4589106276703731,1.511319456518375,3.728307680525461,2.033035208353525,4.210304051659789,2.033035208353525,2.072997687678681,0.2105989641888158
2019-01-23,0.698821464993937,0.0770461751996623,0.2200471333308696,0.1796239894166632,0.2200471333308696,0.1825493266644209,-0.1670713536107079,0.4883514399362724,0.005936113112897,0.0484207408871335,0.0322647775739575,0.0484207408871335,0.0333242566656334,0.0279128371973142
2019-01-24,-0.0910902896604251,0.6765643984106431,0.1374732039655543,0.655387184668688,0.1374732039655543,0.188776864420238,0.4752525499493656,0.0082974408704201,0.4577393851967554,0.0188988818085549,0.4295323618279489,0.0188988818085549,0.0356367045403369,0.2258649862333742
2019-01-25,0.7464209829445232,1.2839045202869492,0.8452893602496171,1.2576076142353565,0.8452893602496171,0.867064534204493,0.5564700821479713,0.5571442837798681,1.6484108172132612,0.714514102551207,1.5815769113827451,0.714514102551207,0.7518009064752544,0.3096589523257699
2019-01-28,-0.8483748323400783,-1.1112528339070442,-0.7877809121115847,-1.3391023819608447,-0.7877809121115847,-0.7408650075028321,0.0817702756308685,0.7197398561480559,1.2348828608664368,0.6205987654873604,1.793195189373208,0.6205987654873604,0.5488809593421715,0.0066863779767482
2019-01-29,0.210700528041237,-0.8133118611616903,-0.1457270997978342,-0.9646824042957493,-0.1457270997978342,-0.1311196162482869,0.5480894189115291,0.0443947125168561,0.6614761835062926,0.0212363876154879,0.9306121411578272,0.0212363876154879,0.017192353765098,0.3004020111227776
2019-01-30,1.7538744323769313,2.178468823146177,1.5429591679246102,2.6059192862222864,1.5429591679246102,1.465275389808597,0.1383625299054042,3.076075524545503,4.745726413419892,2.3807229938826056,6.790815326305271,2.3807229938826056,2.147031967978736,0.0191441896818238
2019-01-31,-0.0607360228446595,1.3641311427146487,0.8560630907940894,1.442705559509319,0.8560630907940894,0.8289052055454703,0.3613201610872049,0.003688864470987,1.8608537745239733,0.7328440154199293,2.0813993314390973,0.7328440154199293,0.6870838397803783,0.1305522588080837
2019-02-01,0.2565211666226936,-0.2456963321787081,0.0898231874432829,-0.454509398048065,0.0898231874432829,0.1025312489694885,-0.2208916374778146,0.0658031089254677,0.0603666876460701,0.0080682050024711,0.2065787929140144,0.0080682050024711,0.0105126570152432,0.0487931155076302
2019-02-04,0.6976935707462949,1.145254959693964,0.6753348935356753,1.220630999746965,0.6753348935356753,0.7020707928755685,0.6172583288806615,0.4867763186607152,1.3116089227036232,0.4560772184268419,1.489940037543276,0.4560772184268419,0.4929033982089294,0.3810078445725468
2019-02-05,0.6797856722356069,0.7396563259165148,0.4697431279443066,0.9091363080303142,0.4697431279443066,0.4568825765909649,0.641241411048204,0.462108560176816,0.5470914804683175,0.2206586062509012,0.8265288265789903,0.2206586062509012,0.2087416887923989,0.4111905472430917
2019-02-06,-0.0835525513244713,-0.3627578988872826,-0.2226972878443177,-0.3694282192997594,-0.2226972878443177,-0.2154900060644379,0.0612446302766076,0.0069810288328284,0.1315932932051159,0.0495940820132149,0.1364772092149911,0.0495940820132149,0.0464359427136515,0.0037509047377183
2019-02-07,-0.8733258278618792,-1.185654583063226,-0.9401171920809304,-1.3327341825413963,-0.9401171920809304,-0.9082425122943416,-0.0569779364382917,0.7626980016106366,1.405776790338832,0.8838203348461329,1.776180401314284,0.8838203348461329,0.8249044611387373,0.003246485240766
2019-02-08,-0.2513919543402907,0.1350011002654693,0.067603388654662,0.1179466707815785,0.067603388654662,0.0512081944299353,-0.446952863117154,0.0631979147070308,0.0182252970728873,0.0045702181575932,0.013911417148458,0.0045702181575932,0.002622279176774,0.1997668618486213
2019-02-11,-0.2122325221034564,0.1329170611642093,0.0708790508255085,-0.0570816119747867,0.0708790508255085,0.1342968801959342,-0.4133050433516072,0.0450426434383941,0.0176669451485301,0.005023839845925,0.0032583104256401,0.005023839845925,0.0180356520303611,0.1708210588598739
2019-02-12,1.4765213830379935,1.4496952958057576,1.2807878037835878,1.5151842020493231,1.2807878037835878,1.2653272162882658,0.4693874072383039,2.1801153945684297,2.101616450681344,1.640417398320786,2.295783166139844,1.640417398320786,1.601052964279812,0.2203245380738974
2019-02-13,0.46109210345789,0.0776407341275172,0.3019413836117687,0.0172053188664841,0.3019413836117687,0.3165980199132593,-0.098308770989364,0.2126059278712215,0.0060280835958598,0.0911685991373893,0.0002960229972973,0.0911685991373893,0.1002343062129965,0.0096646144534392
2019-02-14,-0.407503749143271,0.0885950416845249,-0.2655145628696972,0.0932164550436456,-0.2655145628696972,-0.2393249662270888,0.4421719118747373,0.1660593055658219,0.0078490814110827,0.0704979830958864,0.008689307490904,0.0704979830958864,0.0572764394595972,0.1955159996509604
2019-02-15,1.7297071630039118,0.6101621246707277,1.0819962367806282,0.4654211483575158,1.0819962367806282,1.098989685002622,0.9022640489666266,2.991886869747041,0.3722978183826966,1.1707158564074411,0.2166168453384288,1.1707158564074411,1.2077783277421623,0.8140804140576512
2019-02-19,0.0311691665263046,0.1919357644727446,0.1497652997307532,0.1619200071425479,0.1497652997307532,0.1589082405808718,0.6243789103804244,0.0009715169419445,0.0368393376837368,0.0224296450034423,0.0262180887130427,0.0224296450034423,0.0252518289245082,0.389849023727846
2019-02-20,0.2435182019468781,0.0307562151713801,0.1775554608288014,-0.0604857378339591,0.1775554608288014,0.2130389951642214,0.586826038349584,0.0593011146794405,0.0009459447716682,0.031525941670128,0.0036585244813184,0.031525941670128,0.0453856134605811,0.3443647992850674
2019-02-21,-0.4007727645310575,-0.3928219379493564,-0.3532644628713823,-0.3855297446535791,-0.3532644628713823,-0.3579157584413756,-0.1896847793870249,0.1606188087898664,0.154309074934288,0.1247957807278062,0.1486331840126538,0.1247957807278062,0.1281036901406651,0.0359803155311043
2019-02-22,0.6984133630716334,0.9052688077810286,0.6390624438174243,0.7852486680066247,0.6390624438174243,0.643328870227554,0.0759046037442621,0.4877812257170292,0.8195116143412848,0.4084008070978985,0.6166154706061784,0.4084008070978985,0.413872035268261,0.0057615088695734
2019-02-25,0.2307718550822218,0.3569157890115736,0.1231038056402477,0.3491614270075374,0.1231038056402477,0.1021782634994852,0.2745243077082286,0.0532556490980899,0.1273888804457541,0.0151545469631118,0.1219137021099398,0.0151545469631118,0.0104403975317702,0.0753635955226821
2019-02-26,-0.1302803334881702,-0.0683538520808533,-0.0790696301130478,0.1094205581857972,-0.0790696301130478,-0.1564060992010547,0.0677355376600582,0.0169729652937888,0.0046722490942911,0.0062520064062142,0.0119728585536914,0.0062520064062142,0.0244628678672901,0.0045881030620971
2019-02-27,-0.2798567696194587,0.0690024734394544,-0.054419042278991,-0.0872317977909137,-0.054419042278991,-0.038752180295075,0.0397608010412624,0.0783198115018387,0.0047613413407626,0.0029614321625626,0.0076093865458348,0.0029614321625626,0.001501731477622,0.0015809212994428
2019-02-28,-0.2665128291354321,-0.2913363269111108,-0.282954605868959,-0.2740859134277416,-0.282954605868959,-0.2918984776067133,-0.4694877971395663,0.071029088093772,0.0848768553780576,0.0800633089824579,0.0751230879395194,0.0800633089824579,0.0852047212291168,0.2204187916629626
2019-03-01,0.4247776635630245,0.8305372642841081,0.6871673980360752,0.7586060954261652,0.6871673980360752,0.6880121353599545,0.4318429925335504,0.180436063462062,0.6897921473645304,0.4721990329236697,0.575483208017732,0.4721990329236697,0.4733606984025644,0.1864883702003321
2019-03-04,-0.7972546803591848,-0.2344441036608057,-0.3888149274266251,-0.0103339263663479,-0.3888149274266251,-0.4131693757240285,-0.1876263149947888,0.6356150253546259,0.0549640377413186,0.1511770477897717,0.0001067900341451,0.1511770477897717,0.1707089330361834,0.0352036340785237
2019-03-05,-0.0504342047783679,-0.0159166653364894,-0.1132117502861303,0.0832004369049705,-0.1132117502861303,-0.1443147241970978,0.3013885381195729,0.0025436090116263,0.0002533402354338,0.0128169004028491,0.0069223127011779,0.0128169004028491,0.0208267396200844,0.0908350509098532
2019-03-06,-0.5173660727951993,-0.93409627078379,-0.6545490992497904,-0.6211557464401318,-0.6545490992497904,-0.7403573488708806,0.0343706583624182,0.2676676532795274,0.8725358430921832,0.428434523328712,0.3858344613355973,0.428434523328712,0.5481290040271187,0.001181342156266
2019-03-11,-0.087986414581383,0.6923030224206356,0.4266625132196378,0.7221975609965872,0.4266625132196378,0.4106012560015805,0.0880170475704484,0.007741609150887,0.479283474852747,0.1820409001868976,0.5215693171094192,0.1820409001868976,0.1685933914300754,0.0077470006630185
2019-03-12,-0.3758033681376014,0.4352346069637924,0.2948976274417827,0.5187650932354567,0.2948976274417827,0.2738363672827683,0.1886927604269849,0.1412281715035655,0.1894291630989268,0.0869646106707924,0.2691172219595921,0.0869646106707924,0.0749863560466231,0.0356049578375555
2019-03-13,0.5783467235445643,0.6875765710868631,0.692558154704747,0.7705113065753842,0.692558154704747,0.6628078899967759,0.0824489936174364,0.3344849326347326,0.4727615411075681,0.4796367976480443,0.5936876735605058,0.4796367976480443,0.4393142990419781,0.006797836548528
2019-03-14,0.0274319509074836,-0.1636080280807942,-0.0868420170603447,-0.1926621817084343,-0.0868420170603447,-0.1034677218992806,-0.3872511161277727,0.0007525119305905,0.0267675868524859,0.0075415359271092,0.0371187162606537,0.0075415359271092,0.0107055694750268,0.1499634269422057
2019-03-15,0.5389331286010092,0.7522113465973784,0.4972519373935739,0.8793595579529292,0.4972519373935739,0.463995036375585,0.3276666940185231,0.2904489171036719,0.5658219099498414,0.2472594892416627,0.773273232163171,0.2472594892416627,0.2152913937811804,0.1073654623690284
2019-03-18,0.252029221739794,0.3369605418486471,0.3699110562037016,0.263700646780407,0.3699110562037016,0.40366266910888,0.6854865053652068,0.0635187286107662,0.1135424067629338,0.1368341895017381,0.069538031112405,0.1368341895017381,0.1629435504321051,0.4698917490378037
2019-03-19,-0.1031451643542837,0.1226550221316779,-0.0130614896285029,0.3134056947832933,-0.0130614896285029,-0.0674195205041921,-0.3900808504452111,0.0106389249296721,0.0150442544541224,0.0001706025113154,0.0982231295225987,0.0001706025113154,0.0045453917450151,0.1521630698840591
2019-03-20,-0.5489266445625035,0.0649974519602308,-0.29486656918281,0.4273724308045489,-0.29486656918281,-0.3439331493005889,-0.1269638929274133,0.3013204611106491,0.0042246687613225,0.0869462936216409,0.1826471946117889,0.0869462936216409,0.1182900111878211,0.0161198301072836
2019-03-21,0.8387190193658627,1.413069706878531,1.0794049627223463,1.512934949600874,1.0794049627223463,1.101315871583572,0.4753164786998405,0.7034495934460343,1.9967659964977773,1.1651150735496305,2.288972161723799,1.1651150735496305,1.2128966490018829,0.225925754923616
2019-03-22,-1.7884369846947437,-2.535941890144606,-1.915685423505291,-2.256770607713801,-1.915685423505291,-2.0237788974737008,-0.9603610901006806,3.198506848224026,6.431001270190196,3.669850641830646,5.093013575840919,3.669850641830646,4.095681025859868,0.9222934233793676
2019-03-25,0.0568820619924295,-0.0670933300422351,-0.0839425168105024,-0.1242777006117051,-0.0839425168105024,-0.0527925730007469,-0.1459795707497704,0.0032355689765106,0.0045015149361562,0.0070463461284814,0.0154449468693326,0.0070463461284814,0.0027870557640391,0.0213100350762872
2019-03-26,0.5506647983011771,0.7042990577832281,0.7157105194891676,0.4662095742767436,0.7157105194891676,0.7381135105478036,0.5542979622760887,0.303231720088076,0.4960371627943429,0.5122415477074542,0.2173513671473025,0.5122415477074542,0.5448115544532026,0.3072462309834243
2019-03-27,-0.1253421122603804,-0.6279162084839542,-0.4655198908681941,-0.5860715989407292,-0.4655198908681941,-0.4295167594544441,-0.1401772855574367,0.0157106451058938,0.3942787648768647,0.2167087687939353,0.3434799190849429,0.2167087687939353,0.1844846466522468,0.0196496713862511
2019-03-28,0.3578927149124882,0.3368352909515853,0.3583117299404196,0.1678759187356547,0.3583117299404196,0.4033042374284838,0.1422199556987834,0.1280871953874316,0.1134580132304391,0.1283872958128961,0.0281823240913401,0.1283872958128961,0.1626543079277708,0.0202265157989639
2019-03-29,0.817932279019434,0.7813145020593881,0.671171968568772,0.793228681048044,0.671171968568772,0.631809208397096,-0.3310852753353492,0.6690132130619252,0.6104523511283096,0.4504718113924807,0.6292117404372195,0.4504718113924807,0.399182875815365,0.109617459543884
2019-04-01,1.2636933043681164,1.280227298348385,1.1502181500052782,1.341391127597702,1.1502181500052782,1.1669846025934092,0.7792765420702487,1.596920767504809,1.6389819354364046,1.3230017926015645,1.7993301571978344,1.3230017926015645,1.361853062690097,0.607271929020964
2019-04-02,-0.3023920627193623,0.2523219339110075,0.0017438524840564,0.2833881195293191,0.0017438524840564,-0.0363575771680089,0.2204240529823835,0.0914409595956707,0.0636663583325908,3.041021486149888e-06,0.0803088262903636,3.041021486149888e-06,0.0013218734175277,0.0485867631331806
2019-04-03,0.1488528837968796,0.5953178108697648,0.2146103000463118,0.6026495095509119,0.2146103000463118,0.2375998999058123,0.0982677848343538,0.0221571810146473,0.354403295938769,0.046057580885968,0.3631864313619546,0.046057580885968,0.056453712435252,0.0096565575362508
2019-04-04,0.633056303523751,-0.0477471288742958,0.2082468563852873,-0.0583870398422777,0.2082468563852873,0.2445764161326406,0.1948363178702777,0.4007602834311555,0.0022797883157386,0.0433667531943544,0.0034090464215437,0.0433667531943544,0.0598176233282865,0.0379611907612479
2019-04-05,0.1528276875934086,0.5926307874557663,0.4625683691842571,0.5062642894973638,0.4625683691842571,0.4918671499108302,0.5169426965544331,0.0233563020951485,0.3512112502404416,0.2139694961697832,0.2563035308202706,0.2139694961697832,0.2419332931614031,0.2672297515209687
2019-04-08,-0.3182473160482207,0.191183664968852,0.1046901629863659,0.2754145705093981,0.1046901629863659,0.0929869885227067,0.0679197085930409,0.1012813541718961,0.0365511937509222,0.0109600302261118,0.0758531856488762,0.0109600302261118,0.0086465800345219,0.0046130868153636
2019-04-10,-0.7004626163301793,0.1301660781062078,-0.2614118411604768,0.1544385606508025,-0.2614118411604768,-0.2431484402689052,-0.067065853253215,0.4906478768761199,0.0169432078895513,0.0683361506989103,0.0238512690158916,0.0683361506989103,0.0591211640052014,0.0044978286725817
2019-04-11,-0.0539458282397761,-0.2122351385719004,0.0038085148008697,-0.2183032223933841,0.0038085148008697,0.0165288014741283,0.0193927508309977,0.0029101523844754,0.0450437540446337,1.4504784988444203e-05,0.0476562969073353,1.4504784988444203e-05,0.0002732012781711,0.0003760787847931
2019-04-12,1.0246493590951358,0.4620407663044258,0.6587632286936534,0.4369699208954051,0.6587632286936534,0.6574291187310588,0.4930666923598253,1.0499063090940726,0.213481669727181,0.4339689914788867,0.1909427117673366,0.4339689914788867,0.4322130461554966,0.2431147631146586
2019-04-15,-0.1043071623380652,-0.1021542708415959,-0.0629624362145833,0.0127152498619642,-0.0629624362145833,-0.0791416901473816,0.2117227763025486,0.0108799841150194,0.0104354950511781,0.0039642683740754,0.0001616775790521,0.0039642683740754,0.0062634071193841,0.044826534005259
2019-04-16,0.2569748222683273,0.3031129112389529,0.0509235057386166,0.3351383623329709,0.0509235057386166,0.0627212063033219,-0.0803206569628469,0.0660360592798384,0.0918774369597533,0.0025932034367109,0.1123177219072257,0.0025932034367109,0.0039339497201438,0.0064514079349433
2019-04-17,-0.0117945583335864,-0.0518244693730459,-0.227636383039406,0.3389144311918603,-0.227636383039406,-0.2720764687966735,0.2544299638853117,0.0001391116062843,0.0026857756257977,0.0518183228832631,0.1148629916701022,0.0518183228832631,0.0740256048728672,0.064734606522681
2019-04-18,0.4150487742733145,0.024771571166328,0.1577819904698736,0.117068933940158,0.1577819904698736,0.1540682542788002,0.4136079521736803,0.1722654850257808,0.0006136307380484,0.0248951565166353,0.013705135293885,0.0248951565166353,0.023737026976517,0.1710715381013054
2019-04-22,-0.1827469409568334,0.2148835981471498,0.1011525976494131,0.3087670543040081,0.1011525976494131,0.0522993026228542,-0.2141001339383331,0.0333964444290803,0.0461749607526657,0.010231848011224,0.0953370938235742,0.010231848011224,0.0027352170548368,0.0458388673524121
2019-04-23,0.5467331260510228,1.308340729337493,0.8802364401891406,1.2523964437578254,0.8802364401891406,0.9219396156418912,0.5541620140530654,0.2989171111215235,1.7117554640433623,0.7748161906368505,1.568496852337248,0.7748161906368505,0.8499726548899179,0.3070955378193499
2019-04-24,-0.222873502696539,-0.2318584403612571,-0.2194191904615014,-0.3371955662896826,-0.2194191904615014,-0.170364101795629,-0.4984386033516755,0.0496725982042242,0.0537583363667546,0.0481447811427806,0.1137008499254197,0.0481447811427806,0.0290239271806314,0.2484410413111689
2019-04-25,-0.5087352383861847,0.2055029554598948,-0.0369015041550198,0.4167086122878813,-0.0369015041550198,-0.1365005627455111,-0.0628418402581861,0.2588115427758482,0.0422314647027515,0.0013617210089029,0.1736460675548918,0.0013617210089029,0.0186324036298412,0.0039490968870353
2019-04-26,0.3065736584030735,0.3408040639969151,0.4674363485904015,0.1247794946706439,0.4674363485904015,0.5109192090176079,0.2251311302688242,0.0939874080266443,0.1161474100368134,0.2184967399835273,0.0155699222902612,0.2184967399835273,0.2610384381431781,0.0506840258161182
2019-04-29,0.0416399032673153,0.1895360161760932,0.1070898688248271,0.1577840652178423,0.1070898688248271,0.1092492911495819,-0.0788225909371744,0.0017338815441113,0.0359239014279042,0.0114682400049186,0.0248958112366683,0.0114682400049186,0.0119354076166861,0.0062130008420491
2019-04-30,0.1449656582002322,-0.8176709727383406,0.095094813291652,-0.7372655541786021,0.095094813291652,0.0708006401632644,-0.1183806582278545,0.0210150420574265,0.6685858196588641,0.0090430235149741,0.5435604973782813,0.0090430235149741,0.005012730647528,0.01401398024246
2019-05-01,-0.6139681070199996,-0.5667146868861667,-0.7530412649501568,-0.3812329658550248,-0.7530412649501568,-0.7786057067241813,-0.4714144002590179,0.3769568364377216,0.3211655363324859,0.5670711467177322,0.1453385742546185,0.5670711467177322,0.6062268465434618,0.2222315367715695
2019-05-02,-0.4639937958918218,-0.1599859899733121,-0.2126258023403761,-0.3591522882133285,-0.2126258023403761,-0.1740152590882533,-0.5582504183766291,0.2152902426261016,0.0255955169877407,0.0452097318208886,0.1289903661288698,0.0452097318208886,0.0302813103955519,0.3116435296176815
2019-05-03,0.7466314748242663,1.570624495772106,0.9592170641481536,1.5629692628453498,0.9592170641481536,1.0204245737930835,0.5078218655347246,0.5574585591982589,2.4668613067193825,0.9200973761530032,2.442872916599336,0.9200973761530032,1.041266310800796,0.2578830471151679
2019-05-06,-0.2510800181921325,-0.4998633567211352,-0.4481039666655326,-0.6603168196996021,-0.4481039666655326,-0.419349737446328,-0.0058809460094605,0.0630411755353616,0.2498633753925209,0.2007971649413848,0.4360183023781968,0.2007971649413848,0.1758542022963042,3.4585525966190186e-05
2019-05-07,-1.806775950963841,-1.9834373562179224,-1.664951500981834,-1.9949033494853303,-1.664951500981834,-1.6891890243581338,-0.8262147543283386,3.264439336981292,3.934023746040741,2.772063500621662,3.979639373787791,2.772063500621662,2.853359560011984,0.6826308202698369
2019-05-08,0.008619318496683,-0.2569549869445351,-0.1606671326817902,-0.2962309916592799,-0.1606671326817902,-0.1882885135450958,0.2420994522475343,7.429265134726299e-05,0.0660258653156662,0.0258139275241879,0.0877528004194403,0.0258139275241879,0.0354525643330217,0.0586121447785561
2019-05-09,-0.5365959218055242,-0.4129209105655974,-0.3026015588718783,-0.4579392509513368,-0.3026015588718783,-0.292927672163873,-0.4624211497183837,0.2879351832983202,0.170503678382322,0.0915677034316908,0.2097083575618714,0.0915677034316908,0.0858066211193454,0.2138333197068718
2019-05-10,0.4404352588382685,0.080277864522791,0.3713417756454091,0.0499035000619905,0.3713417756454091,0.3607523855669122,-0.1483784412291338,0.1939832172279326,0.0064445355323395,0.1378947143394853,0.002490359318437,0.1378947143394853,0.130142283692218,0.0220161618215875
2019-05-13,-2.408588283572619,-3.468821498946668,-2.4426544706444164,-3.51997885924324,-2.4426544706444164,-2.4958581360575565,-0.6410420413724782,5.801297519763295,12.032722591554606,5.966560862959154,12.390251169519336,5.966560862959154,6.2293078353247004,0.4109348988069941
2019-05-14,0.8142844036555245,1.1373512406399362,0.7984060207655183,1.0559912812876473,0.7984060207655183,0.8169339043494946,0.5611208043426074,0.6630590900366331,1.293567844585202,0.6374521739946292,1.1151175861555271,0.6374521739946292,0.6673810040757092,0.3148565570660946
2019-05-15,0.4532042052155352,1.1269004355022885,0.5821977020810246,1.3601164510344703,0.5821977020810246,0.5500816071034801,0.2061795055824287,0.2053940516250449,1.2699045915352474,0.3389541643084255,1.849916760374604,0.3389541643084255,0.3025897744735474,0.0425099885222147
2019-05-16,0.8334445971419042,0.9656317802536956,0.8855919648712163,1.0196206076685757,0.8855919648712163,0.8512239303511752,0.7674782803190532,0.694629896505031,0.9324447350359216,0.7842731282444616,1.0396261835824354,0.7842731282444616,0.7245821796025023,0.5890229107614912
2019-05-17,-0.3822850305485517,-1.040600936682616,-0.585442365312817,-1.0138366116640436,-0.585442365312817,-0.6487623555182974,-0.2564118801370049,0.146141844581507,1.082850309424738,0.3427427631030659,1.0278646751504288,0.3427427631030659,0.4208925939376497,0.0657470522753937
2019-05-21,0.4389122425762773,-0.3917577420448034,0.1687663860208361,-0.7042631099954008,0.1687663860208361,0.2035701424619059,0.1506021628482416,0.1926439566833369,0.1534741284520427,0.0284820930505338,0.4959865281003939,0.0284820930505338,0.0414408029019606,0.0226810114545682
2019-05-22,-0.3899612851364648,-0.4490188676208343,-0.2828361699002851,-0.4083472796565061,-0.2828361699002851,-0.3344383038770777,-0.6052442284937295,0.1520698039052831,0.2016179434794963,0.0799962990038629,0.1667475008028688,0.0799962990038629,0.1118489791001765,0.3663205761249698
2019-05-23,-1.1162805767492825,-1.593869334493627,-1.1985681943016435,-1.5306992536182076,-1.1985681943016435,-1.258032420193972,-1.0017331110172434,1.2460823260277107,2.540419455439157,1.4365657163915022,2.3430402050273376,1.4365657163915022,1.582645570259103,1.003469225708285
2019-05-24,0.3728612791616316,0.114311608039108,0.1352619578427582,-0.0954487113030938,0.1352619578427582,0.1787117824543676,0.4039561407465535,0.1390255334980481,0.0130671437324866,0.0182957972394561,0.0091104564894213,0.0182957972394561,0.0319379011880172,0.1631805636468493
2019-05-30,-1.6385331778082102,-0.9114729760393228,-1.3250605277326015,-0.76387845313477,-1.3250605277326015,-1.3715935409250637,-0.8713120513549703,2.684790974778272,0.8307829860499798,1.7557854021550003,0.583510291163569,1.7557854021550003,1.8812688415073533,0.7591846908364063
2019-05-31,-1.419822356556792,-1.5254811140595617,-1.3283188023120185,-1.6342681484374848,-1.3283188023120185,-1.308419605335227,-0.3221619178714908,2.0158955241784824,2.327092629352401,1.7644308405756353,2.6708323809972847,1.7644308405756353,1.711961863625591,0.1037883013266371
2019-06-04,2.062559010101139,0.987560649525212,1.8436870750329424,0.5427338395059242,1.8436870750329424,1.967892552517985,0.7996010771503078,4.25414967014939,0.9752760364906584,3.3991820306435265,0.2945600205448423,3.3991820306435265,3.872601098255752,0.6393618825799325
2019-06-05,0.8153820449396221,0.6403955727065542,0.8128768500641471,0.752815863129637,0.8128768500641471,0.7505942666828255,0.2867301347678609,0.6648478792099198,0.4101064895421555,0.6607687733702099,0.5667317237796203,0.6607687733702099,0.5633917531771285,0.0822141701839956
2019-06-07,1.724952350821766,2.175704209487664,1.6559754780433118,2.683388184019628,1.6559754780433118,1.575412689240909,0.1128110977798813,2.9754606126055365,4.733688807182341,2.742254783880775,7.200572146136156,2.742254783880775,2.481925141421273,0.0127263437823019
2019-06-10,0.3025783981282162,1.0416617640236494,0.4649257428952237,1.134629129551321,0.4649257428952237,0.4759647252987912,-0.0906086931682681,0.0915536870138373,1.0850592306288611,0.2161559464066757,1.2873832616263876,0.2161559464066757,0.2265424197287538,0.0082099352776613
2019-06-11,-0.0544017912516531,-0.0077081709526442,-0.03499380714625,0.1587663656704477,-0.03499380714625,-0.0331684962635691,0.2002155603581867,0.0029595548913884,5.941589943518906e-05,0.0012245665385889,0.0252067588682023,0.0012245665385889,0.0011001491443863,0.0400862706095427
2019-06-12,-0.1678167892281953,-0.3822797515142025,-0.2039698498872941,-0.5545804081171948,-0.2039698498872941,-0.1992423415001351,-0.132528655929199,0.0281624747468605,0.1461378084177604,0.0416036996630453,0.3075594290674343,0.0416036996630453,0.0396975106464564,0.0175638446424
2019-06-13,0.3912218638882245,0.5682859702694405,0.4089078171241749,0.5124359999338093,0.4089078171241749,0.4387129099542549,0.0740455580317438,0.1530545467841764,0.3229489440050794,0.1672056029052577,0.262590654028163,0.1672056029052577,0.1924690173605301,0.0054827446642323
2019-06-14,-0.0657473283878057,-0.517738731195633,-0.1612842169983723,-0.4212472391132291,-0.1612842169983723,-0.2138394008141265,0.3850511669147388,0.0043227111901339,0.2680533937800639,0.026012598652778,0.177449236460518,0.026012598652778,0.0457272893405446,0.148264401142402
2019-06-17,0.0878266374147152,0.6184136852452171,0.0931335703024821,0.6318716073219913,0.0931335703024821,0.0843856473932417,0.3156605396238219,0.0077135182395758,0.3824354860985705,0.0086738619172873,0.3992617281396768,0.0086738619172873,0.0071209374859765,0.0996415762756024
2019-06-18,1.3428284089898102,1.3780791643487538,0.967046255701112,1.4362676877091016,0.967046255701112,0.9862338065537164,0.91245063434326,1.8031881359901047,1.8991021832121595,0.9351784606655404,2.0628648707572497,0.9351784606655404,0.9726571211894331,0.8325661601134178
2019-06-19,0.1451960765207868,0.4195422736485505,0.2980730141062033,0.4226329022807402,0.2980730141062033,0.2963627024875262,0.051128059331929,0.0210819006370301,0.1760157193781952,0.0888475217383568,0.1786185700902417,0.0888475217383568,0.0878308514257099,0.0026140784510492
2019-06-20,0.9357550277120564,0.798287737122265,0.9427615127716308,0.9128707403977248,0.9427615127716308,0.9206968735249164,0.3810608414050948,0.8756374718883913,0.6372633112397864,0.8887992699634536,0.8333329886742904,0.8887992699634536,0.847682732918556,0.1452073648523588
2019-06-21,-0.1273423579564554,-0.2441454004604575,-0.126002618014856,-0.1199081765852678,-0.126002618014856,-0.1769677053452636,-0.2984873029837378,0.01621607612991,0.0596069765659971,0.0158766597465977,0.0143779708120037,0.0158766597465977,0.031317568735168,0.0890946700425057
2019-06-24,0.0314701773293135,-0.3243794872243732,-0.173343485612406,-0.0745673532977457,-0.173343485612406,-0.239404264016134,-0.0118612117335019,0.0009903720611384,0.1052220517319473,0.0300479640042584,0.0055602901778308,0.0300479640042584,0.0573144016291068,0.0001406883437869
2019-06-25,-0.6731803226986887,-1.5226959489329293,-0.9541702315563342,-1.7171666259336689,-0.9541702315563342,-0.9185831111771836,-0.9253214321382685,0.4531717468687106,2.3186029528967538,0.9104408307882684,2.9486612212204206,0.9104408307882684,0.8437949321399543,0.856219752774416
2019-06-26,-0.0429274619957047,0.3197786688825578,-0.1234745902146149,0.4667327455746052,-0.1234745902146149,-0.1195296650553538,-0.3614059955879143,0.0018427669933926,0.1022583970723005,0.015245974428667,0.2178394557916092,0.015245974428667,0.014287340828245,0.1306142936468916
2019-06-27,-0.0385993328327612,0.7279032807547717,0.3815922557317216,0.3925260954580576,0.3815922557317216,0.4772638032112037,-0.0275291656078932,0.0014899084951342,0.5298431861335601,0.1456126496344236,0.1540767356155481,0.1456126496344236,0.2277807378556226,0.0007578549590668
2019-06-28,0.2762573935096299,0.4818588912976115,0.5740911810813222,0.183023112687361,0.5740911810813222,0.6362788157547129,0.4556151011875643,0.0763181474687345,0.2321879911225634,0.3295806841953475,0.0334974597777704,0.3295806841953475,0.4048507313782198,0.2075851204301544
2019-07-02,0.6994767694215998,1.27641640686255,1.0566865922836297,1.664440732652634,1.0566865922836297,0.9490878401708,0.5423485807797225,0.4892677509604778,1.6292388437079024,1.1165865543119895,2.770362952513237,1.1165865543119895,0.900767728360074,0.2941419830737791
2019-07-03,0.6672074761857832,0.751128132927925,0.7643076127192919,0.7391500777886195,0.7643076127192919,0.7688249522231317,0.6349066293116793,0.4451658162782025,0.5641934720757906,0.5841661268606632,0.5463428374949223,0.5841661268606632,0.5910918071609008,0.4031064279439181
2019-07-05,-0.1628580603413263,-0.1033552459251104,-0.1807481995469197,-0.2087905643589604,-0.1807481995469197,-0.1468888199595301,-0.206593489364018,0.026522747818139,0.01068230686024,0.0326699116394531,0.0435934997653332,0.0326699116394531,0.0215763254291032,0.0426808698476006
2019-07-08,-0.4317098689745551,-0.77993415480917,-0.4847185993376031,-0.7104872452891314,-0.4847185993376031,-0.5282524541828437,-0.4789595199963445,0.1863734109700275,0.6082972858378944,0.2349521205438078,0.5047921257185384,0.2349521205438078,0.2790506553501974,0.2294022217951287
2019-07-09,-0.0845402376373397,0.5338153858790735,0.1235815980426504,0.5261260310473481,0.1235815980426504,0.1067509076493829,0.4984232401670593,0.0071470517797778,0.2849588662012242,0.0152724113747752,0.2768086005456351,0.0152724113747752,0.011395756283967,0.2484257263386301
2019-07-10,0.285984306817743,0.7440322684087316,0.4500484767317741,0.9732020830539884,0.4500484767317741,0.411313133661034,0.1092166772713621,0.081787023746025,0.5535840164334428,0.2025436314085902,0.9471222944606222,0.2025436314085902,0.1691784939220596,0.0119282825941968
2019-07-11,0.8448162001672347,-0.07912883569672,0.2282671715919597,-0.0838598249658939,0.2282671715919597,0.1774210432977898,-0.2138938701969271,0.7137144120650052,0.0062613726387185,0.0521059016265932,0.0070324702433103,0.0521059016265932,0.0314782266048762,0.0457505877078199
2019-07-12,0.8965652358371925,0.5851653299990943,0.46094985236418,0.5866803460456179,0.46094985236418,0.5072548159824535,-0.2409740438108825,0.8038292221118006,0.3424184634329489,0.2124747663945593,0.344193828436206,0.2124747663945593,0.2573074483373927,0.0580684897905691
2019-07-15,0.0992065883477044,0.1701699607165096,0.0175844010227408,0.2977343669171186,0.0175844010227408,-0.0289167777158136,0.1375801985191432,0.0098419471715908,0.0289578155302584,0.0003092111593285,0.0886457532435374,0.0003092111593285,0.0008361800334657,0.0189283110245668
2019-07-16,-0.086056070377469,-0.4294410901648594,-0.3409581359505424,-0.5014354596017062,-0.3409581359505424,-0.3055825458834855,-0.0508886748545613,0.0074056472488119,0.1844196499219829,0.1162524504708685,0.2514375201459743,0.1162524504708685,0.0933806923486325,0.0025896572284532
2019-07-17,-0.4244179479534622,-0.4582040333471091,-0.6552626285154947,-0.4845152376082163,-0.6552626285154947,-0.6636130007293625,-0.1104083796970635,0.1801305945450278,0.2099509361755586,0.4293691123290351,0.2347550154745463,0.4293691123290351,0.4403822147370288,0.0121900103073309
2019-07-18,0.0114608300613289,0.2688678583101472,0.3575535665450798,0.1946445642278156,0.3575535665450798,0.3498188883735759,0.0607669756867456,0.0001313506256946,0.0722899252322854,0.1278445529491068,0.0378865063834362,0.1278445529491068,0.1223732546629243,0.0036926253341135
2019-07-19,-0.2529411445231564,-0.7430020192879634,-0.6195889687754784,-0.8797931128521169,-0.6195889687754784,-0.5895675596040418,-0.0502726345837328,0.0639792225926843,0.5520520006659911,0.3838904902282608,0.7740359214220177,0.3838904902282608,0.3475899073374654,0.0025273377879895
2019-07-22,0.0651673074387107,0.7051502355003096,0.2824727960312813,0.8922794729115875,0.2824727960312813,0.2455890251575859,0.1996072751611597,0.0042467779588114,0.4972368546261421,0.0797908804977298,0.7961626577793804,0.0797908804977298,0.0603139692778533,0.0398430642972629
2019-07-23,0.6503400472050508,0.5744707252143918,0.6824164701727632,0.6235327679482532,0.6824164701727632,0.7114257733838931,0.3251587256778911,0.4229421769986677,0.3300166141283492,0.4656922387630537,0.3887931127052101,0.4656922387630537,0.5061266310348704,0.10572819688447
2019-07-24,-0.2900654621422951,0.8459280550659427,0.4677163660893439,0.7020436823691363,0.4677163660893439,0.5594642593266346,0.2360137689355077,0.0841379723278232,0.7155942743476486,0.2187585991078212,0.4928653319544167,0.2187585991078212,0.3130002574638998,0.0557024991271432
2019-07-25,-0.4741578563944142,-1.001926190758254,-0.5276251069020221,-1.0130025061471355,-0.5276251069020221,-0.568162811023244,-0.7470720581948691,0.224825672780546,1.0038560917273451,0.2783882534333702,1.0261740774603774,0.2783882534333702,0.3228089798298344,0.5581166601355179
2019-07-26,0.1894840566468077,1.1065520852940194,0.7360474259664691,1.0922160748259886,0.7360474259664691,0.7539574965890807,0.2594852215721944,0.0359042077233306,1.2244575174685428,0.5417658132718648,1.1929359541082896,0.5417658132718648,0.5684519066628737,0.0673325802143708
2019-07-29,0.1061936585260516,-0.4437329295307811,-0.1617376729950297,-0.348256494114693,-0.1617376729950297,-0.1915612825543855,-0.2354102944614781,0.0112770931111476,0.1968989127499691,0.0261590748658471,0.1212825856930572,0.0261590748658471,0.0366957249738811,0.0554180067384398
2019-07-30,-0.0857438626746402,-0.2380041907123672,-0.2581972383093503,-0.4592910083741445,-0.2581972383093503,-0.1630439064627664,-0.1585037387852415,0.0073520099863675,0.0566459947966488,0.0666658138705754,0.2109482303733384,0.0666658138705754,0.0265833154346393,0.0251234352089
2019-07-31,-1.234702838352631,-1.1939445495055452,-1.09451903192766,-1.3124843773074324,-1.09451903192766,-1.0728828749883417,-0.36194305803288,1.5244910990360434,1.4255035872939992,1.1979719112518616,1.7226152406760786,1.1979719112518616,1.1510776634432496,0.1310027772581928
2019-08-01,-1.0509408626310592,-0.7895886303004017,-0.9039586726804724,-0.6087459723238158,-0.9039586726804724,-0.9724407258165552,-0.180090093695513,1.1044766967477149,0.6234502050996644,0.8171412819142412,0.3705716588204679,0.8171412819142412,0.9456409652266288,0.0324324418472586
2019-08-02,-0.3708767889228591,-1.32855458698346,-0.7309385354454939,-1.39856895100168,-0.7309385354454939,-0.756004636340325,-0.6455409615213532,0.137549592561731,1.7650572905947917,0.5342711425992036,1.9559951107059392,0.5342711425992036,0.5715430101680671,0.4167231330019132
2019-08-07,-1.8210440726983992,-1.7804453313558992,-1.6530552499106888,-1.8485769240208103,-1.6530552499106888,-1.6395159838083155,-0.0395858489449365,3.3162015147099724,3.169985577947018,2.73259165925729,3.4172366440222417,2.73259165925729,2.688012661162949,0.0015670394366913
2019-08-08,1.416909800097327,2.2178018750105744,1.8588425780336089,2.264062883906517,1.8588425780336089,1.873881820287796,0.8528430390900048,2.0076333816118472,4.91864515680042,3.4552957299106324,5.125980742283094,3.4552957299106324,3.511433076405103,0.7273412493242755
2019-08-09,-0.3446094450336869,-1.00031487376992,-0.6638529760062074,-1.02221304021599,-0.6638529760062074,-0.7166890640435056,-0.3859422787382174,0.1187556696064256,1.0006298466853312,0.4407007737522982,1.0449194995876174,0.4407007737522982,0.5136432145195561,0.1489514425176479
2019-08-12,-1.456385606621408,-1.2100472049274056,-1.2029650100344291,-1.1124033449594564,-1.2029650100344291,-1.2402561383770148,-0.6358083379388692,2.121059035174006,1.4642142381526266,1.4471248153671348,1.2374412018769874,1.4471248153671348,1.5382352887818649,0.4042522425925872
2019-08-13,1.427743497261556,1.926384699956372,1.4654130432155563,2.177598383938369,1.4654130432155563,1.4519311324453148,0.6939262136351295,2.038451493972659,3.7109580122260017,2.147435387226279,4.741934721730996,2.147435387226279,2.1081040133639344,0.4815335899699874
2019-08-14,-3.093401638404464,-3.070734303794897,-2.973036347309137,-3.128348220299394,-2.973036347309137,-2.972797744729617,-1.882341409552631,9.56913369648342,9.429409164502736,8.838945122421253,9.786562587450389,8.838945122421253,8.837526431069495,3.5432091821165854
2019-08-15,0.3915843823882257,-0.0942308697551711,0.2461236782690441,-0.0700099354018733,0.2461236782690441,0.2038174318121783,-0.2084317317418627,0.1533383285303682,0.008879456814816,0.0605768650046839,0.0049013910549744,0.0605768650046839,0.0415415455105119,0.0434437867969118
2019-08-16,1.1915774934237673,1.6520865219159502,1.4323116131046665,1.5802704584413525,1.4323116131046665,1.4921567805031812,0.8535505730752093,1.4198569228340685,2.729389875896341,2.051516557034492,2.4972547218224417,2.051516557034492,2.226531857601619,0.7285485807970182
2019-08-19,0.9603236145018502,1.3437437665710938,1.2033185301994735,1.503790680659539,1.2033185301994735,1.1859476164699734,0.9506496719607334,0.9222214445698982,1.8056473101986703,1.4479754851214213,2.261386411238479,1.4479754851214213,1.406471749010811,0.90373479879905
2019-08-20,-0.665483645805409,-0.6802199733809956,-0.79462520811493,-0.7131170951925784,-0.79462520811493,-0.7990824688642388,-0.5581033363727396,0.442868482834459,0.4626992121864424,0.6314292213716958,0.5085359914559009,0.6314292213716958,0.6385327920461672,0.3114793340703833
2019-08-21,0.9212796697472028,0.8973576519834029,0.8213006299499565,0.8929322536388368,0.8213006299499565,0.8035537076216808,0.5898695374022456,0.8487562298895152,0.805250755573166,0.6745347247561954,0.7973280095885319,0.6745347247561954,0.6456985610325496,0.3479460711551392
2019-08-22,0.1887705500495517,-0.3599894866667309,-0.0506209629476387,-0.3340408036137886,-0.0506209629476387,-0.0491946253613736,-0.3425396030283562,0.0356343205660103,0.1295924305105764,0.0025624818897462,0.1115832584789457,0.0025624818897462,0.0024201111644459,0.1173333796428238
2019-08-23,-2.403101396538386,-3.0443773463188126,-2.6288935558066755,-3.1959648240556304,-2.6288935558066755,-2.6532847071638206,-1.33710909498035,5.774896322044741,9.268233426779176,6.911081327761866,10.214191156600936,6.911081327761866,7.039919737269401,1.7878607318791704
2019-08-26,1.0477171335549622,1.3068526443198467,1.092319117394898,1.4631098444547377,1.092319117394898,1.0737152063493267,0.3809395648649952,1.0977111919446263,1.7078638339657757,1.193161054226369,2.140690416940367,1.193161054226369,1.1528643443457771,0.1451149520795318
2019-08-28,0.5286277736645489,0.0400620808474935,0.3315809306116388,0.1698486484385067,0.3315809306116388,0.2979816609343477,1.068021584706058,0.2794473230895375,0.0016049703218311,0.1099459135452804,0.0288485633763874,0.1099459135452804,0.0887930702531925,1.1406701053980397
2019-08-29,1.244917959183372,1.4720413455002157,1.260743543874108,1.4966197403466046,1.260743543874108,1.2800967157962404,0.6910825902772273,1.5498207250972922,2.1669057228620847,1.5894742834202449,2.239870647195138,1.5894742834202449,1.6386476017923206,0.477595146584282
2019-09-03,-0.9307393822078204,-1.2523990720669853,-0.6280408579955262,-1.2121368448878191,-0.6280408579955262,-0.6762747021472569,0.0899226871949899,0.866275797592595,1.5685034357142458,0.3944353193117567,1.469275730734597,0.3944353193117567,0.4573474727643611,0.008086089672368
2019-09-05,2.309155285153053,3.035317909930529,2.3709644920564923,3.271040718654362,2.3709644920564923,2.4161174110179253,1.0649690451070388,5.332198130950279,9.213154814345035,5.621472622592701,10.699707383094845,5.621472622592701,5.837623343823962,1.134159067036198
2019-09-06,0.2589926582489186,-0.1695941602683582,0.0910203918275309,-0.1272663279142002,0.0910203918275309,0.0732439789574218,-0.2384769059305353,0.0670771970268411,0.0287621791971295,0.0082847117284372,0.0161967182207647,0.0082847117284372,0.0053646804535152,0.0568712346622014
2019-09-09,0.1418825621880006,-0.1931625859373521,-0.0094004841318652,-0.256755951816483,-0.0094004841318652,0.0775800906929503,-0.2436543035654685,0.0201306614530318,0.0373117846060049,8.836910191344972e-05,0.0659236187931881,8.836910191344972e-05,0.0060186704719263,0.0593674196459734
2019-09-10,0.2750977902698492,-0.0405896963645815,0.0322265529441398,-0.2257409578538136,0.0322265529441398,0.0979868892979298,0.2558093548659679,0.0756787942113539,0.0016475234509689,0.0010385507146614,0.0509589800527572,0.0010385507146614,0.0096014304742847,0.0654384260369426
2019-09-11,0.842277206261361,1.052352257655919,0.7203659050794233,0.927754733544667,0.7203659050794233,0.7978610841770031,0.4452700210276647,0.7094308921874434,1.1074452741935097,0.5189270372008967,0.860728845614536,0.5189270372008967,0.6365823096441028,0.1982653916259769
2019-09-12,0.1671832956802096,0.3029674811775453,0.2874970784836015,0.3765793599118761,0.2874970784836015,0.2549026667688165,0.193297672954877,0.0279502543544964,0.0917892946510662,0.0826545701366061,0.1418120143116383,0.0826545701366061,0.0649753695258543,0.0373639903697705
2019-09-13,0.136261641798108,-0.2168934305282456,-0.0724618443661999,-0.3084701371612313,-0.0724618443661999,-0.0593227100384075,0.2348938986805349,0.0185672350255159,0.0470427602063109,0.0052507188889513,0.0951538255202688,0.0052507188889513,0.0035191839263009,0.0551751436373414
2019-09-16,-0.5256227794435977,-0.283767940293,-0.3140535605966141,-0.5149843709962152,-0.3140535605966141,-0.2681141597857995,0.4120993828340208,0.2762793062700129,0.0805242439381316,0.0986296389234112,0.2652089023703674,0.0986296389234112,0.0718852026776452,0.1698259013321808
2019-09-17,0.1254110341080713,0.3974775910779001,0.2578428587944307,0.4621511620748908,0.2578428587944307,0.2058598271178269,0.4968738319786614,0.0157279274760558,0.1579884354090904,0.0664829398312847,0.213583696607172,0.0664829398312847,0.0423782684209815,0.246883604905159
2019-09-18,0.1337484853144761,-0.1054059252017433,0.0342623534935491,-0.0029155734852805,0.0342623534935491,-0.0057930714881155,-0.2049054322934969,0.0178886573239166,0.0111104090676355,0.0011739088669169,8.500568748071197e-06,0.0011739088669169,3.355967726641692e-05,0.0419862361833848
2019-09-19,-0.1928047597784414,0.0670771310051274,0.0019955034655944,0.1676467561073334,0.0019955034655944,-0.0231756425035868,0.3449934850966886,0.0371736753932225,0.004499341503879,3.9820340811993175e-06,0.0281054348333117,3.9820340811993175e-06,0.000537110405454,0.1190205047591591
2019-09-20,-0.5912296941399341,-0.8000384746834024,-0.4907608960300919,-0.9950769994158232,-0.4907608960300919,-0.4719215931646558,0.2449195549565892,0.3495525512328,0.6400615609737451,0.2408462570722586,0.990178234766398,0.2408462570722586,0.2227099900950669,0.0599855884001337
2019-09-23,0.0553799121618999,-0.0642262046252982,-0.0096927563433914,-0.0632009801270384,-0.0096927563433914,0.0014554875519601,-0.1924370886772269,0.0030669346710597,0.0041250053605706,9.39495255323549e-05,0.0039943638890183,9.39495255323549e-05,2.1184440139109994e-06,0.0370320330985669
2019-09-24,-0.5291224778093435,-1.4756798684283865,-0.8452012089671584,-1.3982894964172754,-0.8452012089671584,-0.8756533771637787,-0.4091430972422973,0.2799705965230992,2.1776310740848195,0.7143650836395462,1.9552135157908777,0.7143650836395462,0.7667688369383309,0.16739807402102
2019-09-25,0.6059741864577867,1.0423458528888792,0.6139678900037132,1.205371060619418,0.6139678900037132,0.6658447505012165,-0.0836146841312345,0.3672047146531764,1.086484877034645,0.3769565699556116,1.452919393778781,0.3769565699556116,0.4433492317700273,0.0069914154023661
2019-09-26,-0.2955290650929162,-0.5801216849721363,-0.2431871105205874,-0.4051102860751785,-0.2431871105205874,-0.2848193323887887,0.0363964645240112,0.0873374283146931,0.3365411693749106,0.0591399707233524,0.164114343883913,0.0591399707233524,0.0811220521023953,0.0013247026298476
2019-09-27,-0.2639053821391559,-1.1400544059091346,-0.5330508411847584,-1.1701377193240965,-0.5330508411847584,-0.5485493367914356,-0.5741747736999796,0.0696460507220139,1.2997240484328298,0.2841431992877785,1.3692222821849975,0.2841431992877785,0.3009063748943238,0.3296766707534228
2019-09-30,0.3594465869245969,0.7491741367916684,0.5034926684707536,0.8796619078221777,0.5034926684707536,0.5031955398281137,-0.2137146309026192,0.1292018488517418,0.5612618872375416,0.2535048672038001,0.7738050720733535,0.2535048672038001,0.2532057513029068,0.0456739434618427
2019-10-01,-1.2854484904331,-1.139790637034208,-1.2334130226057023,-0.8463019369653636,-1.2334130226057023,-1.2916708174647,-1.274518261135313,1.6523778215567355,1.299122696270846,1.5213076843333353,0.7162269685113263,1.5213076843333353,1.6684135006899263,1.624396797967382
2019-10-02,-1.878132211231001,-1.5731269185471604,-1.806544138860686,-1.750706089136407,-1.806544138860686,-1.7616725972373242,-0.8345330272260895,3.5273806028634493,2.474728301857684,3.2636017256518977,3.064971810539293,3.2636017256518977,3.1034903398569,0.696445373531141
2019-10-03,0.4683205169074991,1.1115435823437407,0.7940382236732715,1.1535838772262754,0.7940382236732715,0.7650088785454128,0.3553247312526773,0.2193241065565071,1.2355291354495563,0.6304967006542043,1.3307557617964063,0.6304967006542043,0.5852385842533101,0.1262556646397873
2019-10-04,1.4123639102282517,1.390246144628316,1.41167416692291,1.503449108830884,1.41167416692291,1.3754352369790053,0.4894827859740837,1.994771814915237,1.9327843426538969,1.992823953557492,2.260359222844379,1.992823953557492,1.8918220911234924,0.2395933977649506
2019-10-07,-0.360766129834821,-0.328508028350073,-0.4488362257589361,-0.3743471989612321,-0.4488362257589361,-0.445500962534368,-0.151062255352326,0.1301522004359949,0.1079175246904523,0.2014539575535266,0.1401358253701203,0.2014539575535266,0.1984711076190483,0.0228198049921313
2019-10-08,-1.192900634201232,-1.6796294392741729,-1.5683166513284146,-1.576859005014177,-1.5683166513284146,-1.5863736955773131,-0.7981466929832043,1.4230119230777016,2.821155053276472,2.459617118833972,2.4864843216943004,2.459617118833972,2.516581502019622,0.6370381435200254
2019-10-09,0.6930713012570385,1.016928818934519,0.906335021885044,1.1279640165410003,0.906335021885044,0.8792782394258016,0.5259268615964551,0.4803478286261247,1.0341442227795556,0.821443171895363,1.272302822611306,0.821443171895363,0.7731302223277373,0.2765990637486968
2019-10-10,0.570243824397959,0.5933854353455026,0.6395208846051041,0.6458884745015601,0.6395208846051041,0.6239921361401385,0.2610164411317147,0.3251780192640102,0.3521062748801716,0.4089869618460949,0.4171719214939524,0.4089869618460949,0.3893661859647331,0.0681295825410658
2019-10-11,1.2001451886946797,1.327759152071885,1.0879533213144676,1.3284515926264664,1.0879533213144676,1.1469352919907014,-0.0458008208302201,1.4403484739469878,1.762944365910651,1.1836424293591812,1.764783633951795,1.1836424293591812,1.3154605640137955,0.0020977151887219
2019-10-15,0.773432195406024,1.1313022346168176,0.8518393098169186,1.2539306359572586,0.8518393098169186,0.8199942168399443,0.0196749971320223,0.5981973608905822,1.279844746049005,0.7256302097493642,1.572342039792175,0.7256302097493642,0.6723905156509536,0.000387105512145
2019-10-16,-0.0844839274387222,-0.3013849237805273,-0.2001547773907985,-0.2854684452586524,-0.2001547773907985,-0.1806685224949035,0.0535232009055888,0.0071375339954712,0.0908328722821942,0.0400619349123601,0.0814922332383922,0.0400619349123601,0.0326411150204914,0.00286473303518
2019-10-17,0.0884991957989482,0.4013140421622397,0.2759018658342625,0.276566963067862,0.2759018658342625,0.3333991572153889,-0.0053571189427191,0.0078321076570605,0.1610529604365959,0.0761218395708274,0.0764892850605801,0.0761218395708274,0.1111549980319315,2.86987233664407e-05
2019-10-18,-0.9505871004451784,-0.8286192843078095,-0.3927045645713622,-0.93169607408263,-0.3927045645713622,-0.3771583655802827,-0.2998470089239617,0.9036158355327718,0.6866099183267864,0.1542168750351832,0.8680575744609854,0.1542168750351832,0.1422484327271902,0.0899082287606463
2019-10-21,0.2143553289502233,0.9037915934585564,0.684810749787516,0.9088658790673834,0.684810749787516,0.6819216119464729,0.2520463701645231,0.0459482070493584,0.8168392444063565,0.4689657630245398,0.8260371861329275,0.4689657630245398,0.465017084839676,0.0635273727131118
2019-10-22,-0.1474939796740154,-0.7215987855438969,-0.3575055742610474,-0.8310540429534372,-0.3575055742610474,-0.3192989752132347,-0.1641574560873142,0.0217544740400788,0.5207048072984269,0.1278102356277213,0.6906508223092535,0.1278102356277213,0.1019518355722218,0.0269476703890585
2019-10-23,0.1710020415234576,0.1910493177052978,0.284309358564318,0.1884917599590268,0.284309358564318,0.2700193267103649,-0.3397151532551261,0.0292416982051903,0.0364998417956598,0.0808318113672539,0.0355291435724514,0.0808318113672539,0.0729104367971187,0.1154063853511538
2019-10-24,-0.1059564407295431,0.8095795925741427,0.1918598183469321,0.9743400067811332,0.1918598183469321,0.1709253559426411,0.2041874720477112,0.0112267673320731,0.6554191167125148,0.0368101898961178,0.9493384488142584,0.0368101898961178,0.0292154773041185,0.0416925237412348
2019-10-25,0.5674142865402182,0.697833455490563,0.406442633236787,0.781427457891426,0.406442633236787,0.4188336567525714,0.2146226728004286,0.3219589725699448,0.4869715316018995,0.1651956141124533,0.6106288719466563,0.1651956141124533,0.1754216320287308,0.0460628916799998
2019-10-28,0.4908872130093746,1.0002675573213966,0.5565861774647979,1.0093341612954,0.5565861774647979,0.5662399079170276,-0.1034398095160981,0.2409702558961111,1.0005351862297134,0.3097881729448755,1.0187554491578887,0.3097881729448755,0.3206276333178839,0.0106997941927266
2019-10-29,-0.0712649435658522,-0.5918885241875678,-0.0832742288067822,-0.7817752927364496,-0.0832742288067822,-0.0501709406107271,0.186614136417494,0.0050786921814441,0.350332025064937,0.0069345971833643,0.6111726083331616,0.0069345971833643,0.0025171232817651,0.034824835910847
2019-10-30,0.4248840193871767,0.3271733771906124,0.3248047618049563,0.4414468061985285,0.3248047618049563,0.266334621973848,0.5060222701930177,0.1805264299306027,0.1070424187423107,0.1054981332911744,0.1948752827028812,0.1054981332911744,0.0709341308619525,0.2560585379312954
2019-10-31,-0.5179835912382101,-0.1399706850497071,-0.302745151380397,0.008894692231259,-0.302745151380397,-0.3509655144302402,-0.110779014493801,0.2683070007920332,0.0195917926732843,0.0916546266843394,7.911554988881999e-05,0.0916546266843394,0.1231767923192831,0.0122719900522177
2019-11-01,1.1072294309397352,1.127649870364512,0.9615978507102712,0.9521155922032272,0.9615978507102712,1.0066121048567205,0.6706148952460999,1.22595701273913,1.2715942301331011,0.9246704264906132,0.906524100916502,0.9246704264906132,1.0132679296440772,0.4497243377259374
2019-11-04,0.4187388944610175,0.5565188988854696,0.3697210802720748,0.6046623716993969,0.3697210802720748,0.3955796706676385,0.4553896351906277,0.1753422617344351,0.3097132848166955,0.13669367719755,0.3656165837491396,0.13669367719755,0.1564832758455173,0.2073797198390529
2019-11-05,0.1110721664161469,0.0175481448029909,-0.1186434481407325,-0.005955846715822,-0.1186434481407325,-0.0906040805501274,0.0726199242569705,0.0123370261523762,0.0003079373860267,0.0140762677867226,3.547211010236776e-05,0.0140762677867226,0.0082090994123339,0.0052736533990881
2019-11-06,-0.0002466845744881,-0.2855633906441378,0.0702279184827971,-0.17245920346534,0.0702279184827971,0.0198266584233101,0.3812427660214085,6.085327929040194e-08,0.0815464500761764,0.0049319605344264,0.0297421768598995,0.0049319605344264,0.0003930963842346,0.1453460466436544
2019-11-07,0.6606705224930313,0.2836190181914616,0.2726406923545448,0.2877495775852183,0.2726406923545448,0.2644512766218154,0.3583163875654268,0.4364855392912149,0.0804397474798886,0.0743329471275655,0.0827998194004716,0.0743329471275655,0.0699344777069079,0.1283906335979371
2019-11-08,0.0232785775939258,0.4825132360976926,0.2557355729783027,0.4399258057034496,0.2557355729783027,0.2538931627914242,0.4255544128411098,0.0005418921747964,0.2328190230094676,0.0654006832865407,0.1935347145238293,0.0654006832865407,0.0644617381122326,0.1810965582885417
2019-11-11,0.0369895439374526,-0.130286532464917,-0.1964373318799634,-0.1694044664853792,-0.1964373318799634,-0.2002397905194888,0.0320495259739591,0.0013682263607007,0.0169745805417318,0.0385876253561189,0.0286978732651959,0.0385876253561189,0.0400959737072887,0.0010271721151554
2019-11-13,0.332047495530737,0.21035771269418,0.2274695409757741,0.21695922119489,0.2274695409757741,0.1650153754089261,0.4441980045575554,0.1102555392882348,0.0442503672899271,0.0517423920717293,0.0470713036614932,0.0517423920717293,0.0272300741213488,0.197311867252914
2019-11-14,-0.0058587383731952,-0.0363655277203784,0.0836743083095441,-0.0239985800579323,0.0836743083095441,0.0873337896392872,0.0836423797893169,3.4324815325550115e-05,0.0013224516063816,0.0070013898710806,0.0005759318447969,0.0070013898710806,0.0076271908127592,0.0069960476968203
2019-11-15,0.7992232682885317,0.7263552415499747,0.7666003452600061,0.696204679244442,0.7666003452600061,0.7406713900316575,0.3311116195007931,0.6387578325738024,0.527591936927122,0.5876760893527605,0.4847009554018563,0.5876760893527605,0.5485941080114277,0.109634904568438
2019-11-18,0.1118235609282879,0.1065955771618445,0.0503004420704855,0.155683742609915,0.0503004420704855,0.0251537172930684,-0.0197336081017286,0.0125045087786825,0.0113626170704667,0.0025301344724862,0.0242374277130302,0.0025301344724862,0.0006327094936596,0.0003894152887126
2019-11-19,-0.3652199713345321,0.2420477665151458,-0.0592738806981872,0.1230919584315937,-0.0592738806981872,-0.0377329489981306,-0.0805605553652938,0.1333856274615964,0.0585871212749705,0.0035133929330229,0.0151516302305251,0.0035133929330229,0.0014237754400955,0.0064900030807645
2019-11-20,-0.4050681581496647,-0.5138339436186017,-0.3763265763221234,-0.6615639478658855,-0.3763265763221234,-0.3823239561942964,-0.0328069139691594,0.1640802127467618,0.2640253216146443,0.1416216920463309,0.437666857115896,0.1416216920463309,0.1461716074800582,0.0010762936041798
2019-11-21,-0.19716652472486,-0.2409567146296063,-0.1584031239135053,-0.2191624957693656,-0.1584031239135053,-0.2008498164578897,-0.038994254576084,0.0388746384720788,0.0580601383250935,0.0250915496655573,0.0480321995518571,0.0250915496655573,0.0403406487711679,0.0015205518899444
2019-11-22,0.3929718566599205,0.1606240554490063,0.2172573969691297,0.077822328485915,0.2172573969691297,0.2232974504312391,-0.2612357073482973,0.1544268801267451,0.0258000871888854,0.047200776537802,0.0060563148109696,0.047200776537802,0.0498617513690917,0.0682440947937652
2019-11-25,0.6823151350417243,1.3130032929378597,0.7479298726807982,1.2001479548995015,0.7479298726807982,0.8200832510053647,0.4591080716978574,0.4655539435070064,1.723977647265663,0.559399094448315,1.440355113649456,0.559399094448315,0.672536538579528,0.2107802214981249
2019-11-26,0.1965068755359379,0.1787572458471013,0.2193123145604235,0.1649036012466823,0.2193123145604235,0.2251470660474368,0.017728862340722,0.0386149521328966,0.031954152942841,0.0480978913178501,0.0271931977041248,0.0480978913178501,0.0506912013497688,0.0003143125598962
2019-11-27,0.1503781453466917,0.6597227921541006,0.4165779003972946,0.7006850943056537,0.4165779003972946,0.4308112412592517,0.3790088157265942,0.0226135865979107,0.4352341624876026,0.1735371470994182,0.4909596013821228,0.1735371470994182,0.1855983255953371,0.1436476823984754
2019-11-29,-0.4005448842327219,-0.4571398109596494,-0.4019317171346201,-0.4869791277814946,-0.4019317171346201,-0.4488599032776351,-0.3536537864911717,0.1604362042850046,0.2089768067642239,0.1615491052387843,0.2371486708948253,0.1615491052387843,0.2014752127704079,0.1250710006995432
2019-12-02,-0.9613134276410082,-1.1313462426621912,-0.8668527546202967,-1.1299744564841765,-0.8668527546202967,-0.8659873810729914,-0.3452508847305918,0.924123506162904,1.2799443207858576,0.7514336981927963,1.2768422723067097,0.7514336981927963,0.7499341441776585,0.1191981734072563
2019-12-03,-1.013789923440443,-0.5541008393606116,-0.6660171838373699,-0.6583338178618695,-0.6660171838373699,-0.6548002094083993,-0.527195662746148,1.0277700088693793,0.3070277401801343,0.4435788891666609,0.4334034157405851,0.4435788891666609,0.4287633142412836,0.2779352668183503
2019-12-04,0.5329568092557936,0.5387518323849919,0.6303638685847347,0.5050017179021109,0.6303638685847347,0.6435950998667175,0.0305420144477435,0.2840429605321163,0.2902535368981864,0.3973586068171126,0.2550267350840832,0.3973586068171126,0.41421465257245,0.0009328146465261
2019-12-05,0.1012526923612891,0.0470200429695776,0.1499151992036997,0.1429455574913932,0.1499151992036997,0.1553588611583925,-0.2513610782506086,0.0102521077104098,0.0022108844408609,0.0224745669522849,0.0204334324065252,0.0224745669522849,0.0241363757404326,0.0631823916593085
2019-12-06,1.211217874980153,0.9964307684474462,0.9094252040368332,1.0651514192450977,0.9094252040368332,0.925732749263152,0.8392490567604365,1.4670487406714374,0.992874276308768,0.8270542017374356,1.134547545919846,0.8270542017374356,0.8569811230583138,0.7043389792732824
2019-12-09,-0.3771598483875789,-0.4016822741622954,-0.3167849166222322,-0.4131601425739862,-0.3167849166222322,-0.323380086534115,-0.2717112814559755,0.1422495512357414,0.1613486493761935,0.1003526833993546,0.1707013034117566,0.1003526833993546,0.1045746803668117,0.0738270204704483
2019-12-10,-0.0999247552707183,-0.0654831990662436,-0.1097554860293561,-0.1011184126202384,-0.1097554860293561,-0.1057067848127442,-0.0008849152914727,0.0099849567159129,0.0042880493599492,0.0120462667135402,0.0102249333708367,0.0120462667135402,0.0111739243554478,7.830750730822599e-07
2019-12-11,0.1059996847542668,0.4385355831043876,0.2903981065843948,0.5766834082740117,0.2903981065843948,0.276548464500719,-0.0654464382051555,0.0112359331680039,0.1923134576487053,0.0843310603078015,0.3325637533785304,0.0843310603078015,0.0764790532177054,0.0042832362737412
2019-12-12,0.7878201537349546,0.7284086790669486,0.8538608499854607,0.7621482526969069,0.8538608499854607,0.8704958731171245,0.0430259717655381,0.6206605946309676,0.530579203740057,0.7290783511378935,0.5808699590889482,0.7290783511378935,0.757763065113945,0.0018512342463688
2019-12-13,0.0118123393036478,0.2012469367253404,0.0072585315391421,0.245526382230867,0.0072585315391421,-0.048162597858222,0.3312518511271001,0.0001395313598245,0.0405003295413331,5.26862801047208e-05,0.0602832043713778,5.26862801047208e-05,0.0023196358324528,0.1097277888751304
2019-12-16,0.3566061286573919,0.9043029397845151,0.7122391651237605,0.9687705800522975,0.7122391651237605,0.7049816606929491,0.3125709946823237,0.1271679309960123,0.8177638069029164,0.5072846283361914,0.9385164367748652,0.5072846283361914,0.4969991419133884,0.0977006267166972
2019-12-17,0.1106692693808616,0.1035289279470296,0.0335214610977103,0.0625917360852863,0.0335214610977103,0.0710450482794975,0.1103963716479123,0.0122476871852937,0.0107182389218612,0.0011236883541253,0.0039177254261701,0.0011236883541253,0.0050473988850361,0.0121873588730239
2019-12-18,-0.0986601686660166,0.0496059970655296,-0.0432353860167047,0.0574015754797073,-0.0432353860167047,-0.0259529160923771,-0.2534365088730677,0.0097338288812068,0.0024607549448653,0.0018692986040134,0.0032949408675525,0.0018692986040134,0.0006735538536979,0.0642300640297685
2019-12-19,0.4863554866667711,0.6715594848361047,0.4449308599583262,0.7045354821912247,0.4449308599583262,0.4375658728685757,0.1880571952297451,0.2365416594108717,0.4509921416733343,0.1979634701432557,0.4963702456664216,0.1979634701432557,0.1914638930992385,0.0353655086776784
2019-12-20,0.2749523323438458,0.4237220968037298,0.4932641459037747,0.4295672682678704,0.4932641459037747,0.4857540080569438,0.3182919783882927,0.0755987850613206,0.1795404153197494,0.2433095176341804,0.1845280379671205,0.2433095176341804,0.2359569563433854,0.1013097835063333
2019-12-23,0.3383550282453541,0.2315983192267516,0.086575659030548,0.2016289153696436,0.086575659030548,0.0703606009678259,0.0599757954040052,0.1144841251389143,0.0536377814686563,0.0074953447365737,0.0406542195131389,0.0074953447365737,0.0049506141685536,0.003597096034343
2019-12-24,-0.1264517038191681,0.0808446188752876,-0.0195427917965358,0.0402287652820496,-0.0195427917965358,-0.0175855095854627,0.2998644580154644,0.0159900333987706,0.0065358524010905,0.0003819207112027,0.0016183535561182,0.0003819207112027,0.0003092501473804,0.0899186931809082
2019-12-27,0.4541956616718907,0.5983814397780465,0.5149004166113399,0.8182188273381316,0.5149004166113399,0.4575678643028733,-0.0695229727470586,0.2062936990815666,0.3580603474708478,0.2651224390265314,0.6694820494105872,0.2651224390265314,0.2093683504426927,0.0048334437395882
2019-12-30,-0.6413140837513995,-0.6753695095365767,-0.579760217757659,-0.7007983622968944,-0.579760217757659,-0.5360639908956312,-0.4065168436784471,0.4112837540178971,0.4561239744116762,0.3361219100944081,0.4911183445980093,0.3361219100944081,0.2873646023349513,0.165255944194287
2019-12-31,0.2677142262242468,0.2970100625246131,0.2941693702493735,0.2676865404715902,0.2941693702493735,0.2825681767104065,-0.2056672482079471,0.0716709069228472,0.0882149772408745,0.086535618392913,0.0716560839496482,0.086535618392913,0.0798447744894435,0.0422990169854293
2020-01-02,1.1509439460035704,1.3239758334872929,0.8343874454693168,1.5807621649437484,0.8343874454693168,0.766606761580291,0.2137962573417758,1.3246719668422695,1.7529120076583715,0.6962024091568121,2.4988090221176464,0.6962024091568121,0.587685926900621,0.0457088396533508
2020-01-03,-0.8135754921383659,-0.7885996995005186,-0.7084909578083601,-0.8866179978739533,-0.7084909578083601,-0.6748425890478723,-0.1980327913390258,0.6619050814081843,0.6218894860523082,0.5019594372962075,0.7860914741540176,0.5019594372962075,0.4554125199928354,0.0392169864455261
2020-01-06,0.2389323428595501,0.5604076298567418,0.3527166358322553,0.6190894165210101,0.3527166358322553,0.3137901798363499,0.2303083783537217,0.0570886644643536,0.3140567116016509,0.1244090251928238,0.3832717056483247,0.1244090251928238,0.0984642769617288,0.053041949139921
2020-01-07,-0.4179138194647069,-0.0317970530427454,-0.2807144942889736,-0.0233512767744157,-0.2807144942889736,-0.2841197906668451,0.3652385358542221,0.1746519604995796,0.0010110525822031,0.0788006273039142,0.0005452821269953,0.0788006273039142,0.0807240554485718,0.1333991880729358
2020-01-08,0.563123194208679,0.6666866106308031,0.4890437358736846,0.7424063816276232,0.4890437358736846,0.462795622259665,-0.0013979545595232,0.3171077318557855,0.4444710367943881,0.2391637755972902,0.5511672354814201,0.2391637755972902,0.2141797879827105,1.954276950491765e-06
2020-01-09,0.734143641372682,0.8093137879728034,0.6633244037575673,0.8631491416854005,0.6633244037575673,0.6181944915729386,0.3938570447856878,0.5389668861679411,0.6549888074028878,0.4399992646203322,0.7450264407922436,0.4399992646203322,0.382164429411124,0.1551233717273152
2020-01-10,-0.4608254337310051,-0.2672683178409175,-0.2859307305046252,-0.2561112936142508,-0.2859307305046252,-0.2925638813558642,-0.0062663076324881,0.212360080373369,0.0714323537215137,0.0817563826469086,0.0655929947167649,0.0817563826469086,0.0855936246740082,3.9266611344978845e-05
2020-01-13,0.2885285879683707,1.0304330754951665,0.6952059592316183,1.1532907546038036,0.6952059592316183,0.7078944127631043,0.3413473750368713,0.0832487460750218,1.0617923230744275,0.4833113257511545,1.3300795646546106,0.4833113257511545,0.5011144996212202,0.1165180304445624
2020-01-14,0.1127883492406449,-0.2440236735803908,-0.1515686731772783,-0.4112452138060364,-0.1515686731772783,-0.1156399871003458,0.3433557066706705,0.0127212117244297,0.0595475532676691,0.0229730626887206,0.1691226258783726,0.0229730626887206,0.0133726066165681,0.1178931413033155
2020-01-15,0.3123755943575866,0.0795893121352068,0.1868408623343315,0.0248712069578586,0.1868408623343315,0.1900042425690362,0.3582026070570908,0.0975785119502554,0.0063344586061553,0.0349095078378366,0.0006185769355406,0.0349095078378366,0.0361016121942331,0.1283091077024966
2020-01-16,0.9169629082165828,1.0575616408517297,0.833174163220134,0.9838044542466023,0.833174163220134,0.8657147267176862,0.3988550826706146,0.840820975045013,1.1184366242010029,0.6941791862575706,0.9678712041954554,0.6941791862575706,0.7494619880558782,0.1590853769721828
2020-01-17,0.1720816535894545,0.3394100422649096,0.385470571772163,0.5326501882407259,0.385470571772163,0.3337058867649526,0.4237561696863515,0.029612095502081,0.1151991767902677,0.1485875617023582,0.2837162230328807,0.1485875617023582,0.1113596188615833,0.1795692913472479
2020-01-21,-0.5194588046977721,-0.1933608356629571,-0.2655476937142426,-0.0774793948214103,-0.2655476937142426,-0.3034425295382068,0.0754882434164462,0.2698374497780381,0.0373884127682771,0.0705155776369532,0.0060030566218919,0.0705155776369532,0.0920773687325454,0.0056984748941006
2020-01-22,-0.0334564002044739,0.1382169637369409,0.0289046059695109,0.2391366683213028,0.0289046059695109,0.023677979589705,0.1568287039276474,0.0011193307146419,0.0191039290646588,0.0008354762462526,0.0571863461358127,0.0008354762462526,0.0005606467174504,0.0245952423756257
2020-01-23,-0.0897369724651655,0.1991883443466804,0.114031444714571,0.3087004590354765,0.114031444714571,0.1222469935549083,0.1244689505086452,0.0080527242272138,0.0396759965235717,0.0130031703836922,0.0952959734087139,0.0130031703836922,0.0149443274332138,0.0154925196407235
2020-01-24,-0.5859633499101264,-0.9356822030483916,-0.9083268789936676,-0.8226993218208387,-0.9083268789936676,-0.9317862292667046,-0.3207994766441723,0.3433530474378973,0.8755011851014917,0.8250577191023767,0.6768341741244679,0.8250577191023767,0.8682255770510638,0.1029123042151748
2020-01-27,-1.5782187505552645,-1.903155925087748,-1.5855725118383686,-2.092402123227357,-1.5855725118383686,-1.5662487756997034,-0.7016738750437699,2.4907744246042203,3.622002475196602,2.5140401902974334,4.378146645286352,2.5140401902974334,2.45313522738082,0.49234622691894
2020-01-28,0.6533602271436871,1.416407662865795,1.0003350352589395,1.5380578549758528,1.0003350352589395,0.9957798842166694,0.3340261924248933,0.4268795864132504,2.006210667424943,1.0006701827665043,2.3656219652529216,1.0006701827665043,0.9915775778105635,0.1115734972258718
2020-01-29,0.0403690787781654,0.059132337420633,-0.0867223291048406,0.1174217376099278,-0.0867223291048406,-0.1281042089279948,0.0620918814109813,0.0016296625213977,0.0034966333288275,0.0075207623653682,0.0137878644633347,0.0075207623653682,0.0164106883450673,0.0038554017371553
2020-01-30,0.4340577907848583,0.2559479655626865,0.3129453862988932,0.3780525072743577,0.3129453862988932,0.285341136027894,-0.1210777379474552,0.1884061657410318,0.0655093610756781,0.0979348148057635,0.1429236982564282,0.0979348148057635,0.0814195639096891,0.0146598186264726
2020-01-31,-2.113021450049072,-1.604360079589089,-1.786447639264373,-1.5951154419381337,-1.786447639264373,-1.813834491800534,-0.9886589928463624,4.464859648367483,2.573971264979109,3.191395167833252,2.544393273109488,3.191395167833252,3.2899955636453013,0.9774466041359838
2020-02-03,0.5075630770218881,1.329413340694814,0.7228455862910543,1.4871882837649204,0.7228455862910543,0.7483285407805272,0.3531593880425075,0.2576202771559271,1.767339830417345,0.522505741620458,2.211728991367649,0.522505741620458,0.5599956049467132,0.1247215533625584
2020-02-04,1.4257519745084857,2.076464301130719,1.4869265218066252,2.251663589286193,1.4869265218066252,1.4707817274738169,0.7621734286903623,2.0327686928148454,4.311703993870286,2.2109504812519485,5.069988919317181,2.2109504812519485,2.163198889870865,0.5809083354016228
2020-02-05,1.6635200749133785,0.4290435606970922,1.1187822882933645,0.3574683447832192,1.1187822882933645,1.1431558955592265,0.7897819254762369,2.7672990396398123,0.1840783769756395,1.251673808598937,0.1277836175220544,1.251673808598937,1.306805401551817,0.6237554898089522
2020-02-06,0.3030960459405299,0.6652877345594483,0.3320128729662092,0.8338255387060243,0.3320128729662092,0.2631666603449306,0.5981534439602412,0.0918672130647838,0.442607769755243,0.1102325478152762,0.6952650289983916,0.1102325478152762,0.069256691117104,0.3577875425214973
2020-02-07,-0.948173392393382,-0.5409629638727416,-0.5415470514539197,-0.4756094186956446,-0.5415470514539197,-0.5914577420384826,-0.5760615574838673,0.8990327820427743,0.292640928281981,0.2932732089384343,0.226204319152009,0.2932732089384343,0.3498222606172602,0.331846918010739
2020-02-10,0.5971359805360472,1.126729322621672,0.7299652162371021,1.223647633383376,0.7299652162371021,0.7103754741389778,0.4807323970657338,0.3565713792507465,1.2695189664554922,0.5328492169160792,1.4973135306847372,0.5328492169160792,0.5046333142581776,0.2311036375885663
2020-02-11,-0.0016216034745906,0.109542946610205,0.1687074905651209,0.0107277755608633,0.1687074905651209,0.2191695918612717,0.2057567548965053,2.629597828804318e-06,0.0119996571520462,0.0284622173727803,0.0001150851684842,0.0284622173727803,0.0480353099966364,0.0423358421855405
2020-02-12,0.9352262684647716,0.8987453358678295,0.6441867553745035,0.9967119366666396,0.6441867553745035,0.6481678567077402,0.3130587370705987,0.8746481732265409,0.8077431787441776,0.4149765757999304,0.9934346846937632,0.4149765757999304,0.4201215704691057,0.0980057728562382
2020-02-13,-0.4344747736684328,-0.1439865501903768,-0.1631773441964911,-0.1821968161405161,-0.1631773441964911,-0.1230753441144867,-0.0655185609803432,0.1887683289542359,0.0207321266357259,0.0266268456590201,0.033195679811741,0.0266268456590201,0.0151475403288993,0.0042926818329349
2020-02-14,-0.0857838677592612,0.19758127850864,0.184184473383264,0.2901046933172618,0.184184473383264,0.1541441098987736,0.1524550800998951,0.0073588719677384,0.0390383616171087,0.0339239202354703,0.0841607330847025,0.0339239202354703,0.0237604066164852,0.0232425514482654
2020-02-18,-0.5658921482977487,0.0161015877982816,-0.2924251578309562,0.0646328028665053,-0.2924251578309562,-0.3033330041886549,0.0558998745886888,0.3202339235050412,0.0002592611296257,0.0855124729324596,0.0041773992063805,0.0855124729324596,0.0920109114301145,0.0031247959790311
2020-02-19,0.3954899068674123,0.8638144000811799,0.4694788714441035,0.9191875072086738,0.4694788714441035,0.4662858485962783,0.3745843966110535,0.1564122664339944,0.7461753177876088,0.220410410732429,0.8449056734084958,0.220410410732429,0.2174224926011514,0.140313470184467
2020-02-21,-1.2191437988046363,-2.4812333360727306,-1.439665550072441,-2.839033603904098,-1.439665550072441,-1.37398398718326,-0.4575492432675362,1.4863116021638,6.156518868038612,2.072636896065384,8.06011180409669,2.072636896065384,1.887831997036009,0.209351310014695
2020-02-24,-3.623019903653456,-3.7807722155846992,-3.4088046120521467,-3.9630540726507992,-3.4088046120521467,-3.373441484217378,-1.5861365052322771,13.126273222269097,14.294238546137237,11.619948883147986,15.705797582754084,11.619948883147986,11.380107447438746,2.515829013230462
2020-02-25,-3.195794709537888,-2.8117374824859884,-3.074792518809927,-2.732783763843954,-3.074792518809927,-3.113081147658032,-2.218679262615035,10.21310382551035,7.905867670416644,9.454349033729494,7.468107099929127,9.454349033729494,9.691274231903847,4.922537670357995
2020-02-26,-0.4580940792289377,0.1689699744305057,-0.3785675340731014,0.4392443695552649,-0.3785675340731014,-0.4722046116146122,-0.791662874483196,0.2098501854246083,0.0285508522590457,0.1433133778541888,0.1929356161860022,0.1433133778541888,0.2229771952301067,0.6267301068349966
2020-02-27,-4.518414640494837,-4.722926837315756,-4.516817410065284,-5.0511062345876825,-4.516817410065284,-4.45162446156393,-1.6220581584109324,20.416070863438083,22.306037910637407,20.40163951586885,25.513674193090555,20.40163951586885,19.81696034679435,2.631072669267465
2020-02-28,-1.3963183099175416,0.010365447397408,-0.827244991427585,0.2978728124894209,-0.827244991427585,-0.9235010902694996,-3.055994612083751,1.94970482261098,0.0001074424997484,0.6843342758420252,0.0887282124203577,0.6843342758420252,0.8528542637289543,9.339103069084915
2020-03-02,4.9670598356565465,4.3934834888785375,4.501086517277788,4.800789337951566,4.501086517277788,4.382845276278824,1.7687397872157906,24.67168341099244,19.30269716704833,20.259779836019884,23.04757826738944,20.259779836019884,19.2093327157996,3.12844043488016
2020-03-03,-2.987320492647376,-3.0402786625202336,-2.85105302619053,-3.245229541539308,-2.85105302619053,-2.7934214745797483,-0.7862518701146946,8.924083725790958,9.24329434577582,8.128503358150178,10.531514777279424,8.128503358150178,7.803203534643296,0.6181920032588545
2020-03-05,0.7835429323786426,0.6256805746258696,0.6825625315945276,0.8938473692461689,0.6825625315945276,0.5977373653347943,0.7906617803314574,0.6139395268805221,0.3914761814641583,0.4658916095367305,0.798963119508297,0.4658916095367305,0.3572899579173813,0.6251460508769098
2020-03-06,-0.9868157984987947,-1.8826361170275228,-1.720100245462004,-1.6431138306901707,-1.720100245462004,-1.7302456554636394,-2.315908351717332,0.973805420166814,3.5443187491364685,2.9587448544384465,2.699823060605327,2.9587448544384465,2.993750028250799,5.363431493554089
2020-03-09,-8.105515521871615,-7.566610392812064,-7.901039484826663,-7.070514657851929,-7.901039484826663,-8.05382913933634,-10.833784038443415,65.69938187530168,57.253592836611546,62.42642494078999,49.99217752689898,62.42642494078999,64.86416380562314,117.37087659163132
2020-03-10,4.77750430996138,4.831608192985884,4.821508053580021,5.200073544745567,4.821508053580021,4.713110337188182,3.01220541207378,22.82454743169956,23.344437730528323,23.246939910737,27.04076487076272,23.246939910737,22.21340905051009,9.07338144452657
2020-03-11,-6.033967960086784,-4.8143155613079625,-5.010285683741073,-4.4718332900255895,-5.010285683741073,-5.142577529343184,-4.708655219205897,36.40876934335387,23.177634323852,25.102962632700752,19.99729297378109,25.102962632700752,26.44610364530544,22.171433973354937
2020-03-12,-10.523190605843045,-9.9098610329063,-9.994485184600745,-9.732325397783754,-9.994485184600745,-10.071588996390703,-13.176132248331257,110.7375405269033,98.20534569151472,99.88973410520374,94.7181576483467,99.88973410520374,101.4369049122183,173.6104610255149
2020-03-13,8.950192299726263,8.934603908431693,8.88083564407466,9.5966370970406,8.88083564407466,8.80942141284618,9.218267788063722,80.10594220207929,79.82714700056289,78.86924173706697,92.09544357229584,78.86924173706697,77.6059056291128,84.97646101245323
2020-03-16,-13.841829730893238,-13.14906140720011,-12.765214115647323,-13.003232100516406,-12.765214115647323,-12.909901609045104,-10.408927983837392,191.59625029904,172.89781589031932,162.95069141832172,169.08404505990032,162.95069141832172,166.66555955522537,108.34578177271317
2020-03-17,5.06487513656411,6.0440993137372745,5.82262866907417,6.260672088330866,5.82262866907417,5.789420972473636,2.59389339349786,25.65296014898531,36.53113651431939,33.903004617924445,39.19601499760516,33.903004617924445,33.517395196517576,6.728282936831844
2020-03-18,-6.509732716377083,-4.816945223510655,-5.322233622142454,-4.079635022117644,-5.322233622142454,-5.743170497581806,-7.901881068132378,42.37662003867016,23.20296128630212,28.326170728663584,16.643421913688833,28.326170728663584,32.98400736429405,62.439724414908895
2020-03-19,0.9416974527656438,2.273495419933544,0.4696846277420958,1.5673628221558555,0.4696846277420958,0.79951791882432,3.75986968872473,0.8867940925453018,5.1687814244588015,0.2206036495372311,2.456626216276368,0.2206036495372311,0.6392289025211719,14.136620076190995
2020-03-20,-4.65285366652212,-3.8644746606946647,-4.43276347431585,-4.1206674315695935,-4.43276347431585,-4.453683708197782,-2.6536035573132435,21.64904724206833,14.934164403151144,19.649392019228728,16.979900081598352,19.649392019228728,19.835298572666343,7.0416118393855
2020-03-23,-3.082626546939872,-0.2742758352129809,-2.9731491257259943,0.1803559153255055,-2.9731491257259943,-2.951467936123396,-5.40263000880529,9.502586427898438,0.0752272337817782,8.839615723805244,0.0325282561929009,8.839615723805244,8.711162977964495,29.18841101204345
2020-03-24,10.76433201511769,7.808451380794645,8.96831569482165,7.515625346694906,8.96831569482165,9.026794045638288,11.294463932060252,115.87084373168766,60.9719129662338,80.43068640198433,56.48462435188292,80.43068640198433,81.48301074237087,127.56491551260991
2020-03-25,2.3656258597515274,-0.4534753799858088,1.1468998674479098,-1.1210599162408166,1.1468998674479098,1.237994855402689,4.420347387809112,5.596185708325153,0.2056399202532736,1.3153793059520331,1.2567753358018667,1.3153793059520331,1.5326312620035247,19.53947102891084
2020-03-26,6.1803998275960375,5.445246695071733,6.054382875166776,5.565569074570542,6.054382875166776,6.053965706364438,1.7498484990572414,38.19734202894913,29.650711570189628,36.65555199911272,30.975559123816,36.65555199911272,36.65050077383667,3.0619697696528805
2020-03-27,-4.143655386210643,-3.858787764525738,-3.426780802262948,-3.988194164330997,-3.426780802262948,-3.4474103532881104,-5.246472375516796,17.16987995967247,14.890243011653547,11.742826666757894,15.905692692403822,11.742826666757894,11.884638143958057,27.52547238706085
2020-03-30,3.142333806517948,3.5584219007567635,3.296661622145552,3.885293723771389,3.296661622145552,3.230663651948878,2.727034632787121,9.874261751585578,12.662366423785375,10.86797785092734,15.095507319977346,10.86797785092734,10.43718763202366,7.436717888420389
2020-03-31,-1.8548345224141192,-0.9571199910111662,-1.6142381973062483,-0.9617265777739136,-1.6142381973062483,-1.5493148280261864,2.5761108109323514,3.440411105539213,0.9160786771932148,2.6057649576425264,0.9249180103967236,2.6057649576425264,2.400376436341812,6.636346910202537
2020-04-01,-4.544092911183844,-4.509405034998195,-4.514632872715227,-4.277993190888127,-4.514632872715227,-4.654116614108216,-3.8273778660562927,20.648780385471262,20.334733769667068,20.381909975400944,18.30122574128518,20.381909975400944,21.66080145771813,14.64882132957762
2020-04-02,2.2190219143869574,1.707071535147186,2.257269570362298,1.9756170034743992,2.257269570362298,2.173921688250007,1.705348245992936,4.924058256529557,2.91409322610977,5.095265913283592,3.903062544417164,5.095265913283592,4.725935506643761,2.908212640111184
2020-04-03,-1.6998015537348314,-1.5373784818601153,-1.5252860231953609,-1.4184571380638356,-1.5252860231953609,-1.6366746283927125,-1.2255426253185873,2.889325322079347,2.363532596486513,2.3264974525551185,2.012020652524247,2.3264974525551185,2.678703839224423,1.501954726472775
2020-04-06,7.446209448458331,7.070111702882222,6.796823056768604,7.095312255449178,6.796823056768604,6.871632625906582,4.934097906374938,55.44603515031013,49.98647949123215,46.19680366502131,50.3434560023273,46.19680366502131,47.21933494542378,24.345322149693548
2020-04-07,-0.1152870245527146,-0.3288253750926081,-0.1604331662952307,-0.4011667419053191,-0.1604331662952307,-0.0664971015143919,0.1576074578164778,0.0132910980302182,0.1081261273047944,0.0257388008475131,0.1609347548109289,0.0257388008475131,0.0044218645098153,0.0248401107593728
2020-04-08,3.3839281124718408,2.549154461233791,3.348934524468995,2.214436231144737,3.348934524468995,3.445517087131274,2.262781344166467,11.450969470377236,6.498188467228139,11.215362449180375,4.903727821806508,11.215362449180375,11.87158799771358,5.120179411507802
2020-04-09,1.2122665152678194,0.771613725610159,1.438343869822631,0.1091445487713839,1.438343869822631,1.6191846841589457,1.7152427077409969,1.4695901040395822,0.5953877415499896,2.068833087856341,0.011912532526509,2.068833087856341,2.621759041414905,2.942057546458667
2020-04-13,-1.395072836584901,0.4753465453650903,-1.0155992507349274,1.1370285080715905,-1.0155992507349274,-1.1863252164528737,-0.642224214795894,1.946228219377042,0.2259543381905259,1.031441838093346,1.292833828167507,1.031441838093346,1.4073675191919577,0.4124519420702026
2020-04-14,2.361689341848097,3.87062689652922,3.01144965504564,4.222880107669931,3.01144965504564,2.935174928394314,1.2881353872523786,5.577576547398898,14.981752572135424,9.068829024874503,17.832716403754407,9.068829024874503,8.615251860274565,1.6592927758918354
2020-04-15,-1.877280993879876,-1.4497221062883772,-2.227675067901237,-1.15942452384271,-2.227675067901237,-2.383198541297787,-2.12539377854124,3.524183929982613,2.101694185461209,4.962536208148782,1.3442652264878951,4.962536208148782,5.679635287243901,4.517298713861809
2020-04-17,3.09215317111044,3.015662665231126,3.224078807162286,2.76017139497362,3.224078807162286,3.246286247595341,2.834383407643063,9.561411233608352,9.094221310468898,10.394684154792987,7.618546129630618,10.394684154792987,10.53837440132664,8.033729301522303
2020-04-20,-2.472522027717154,-1.0390388122615035,-1.804279409979037,-1.2062500639261202,-1.804279409979037,-1.812071712422858,0.1975779266482926,6.113365177546547,1.0796016533857964,3.2554241892743008,1.4550392167217692,3.2554241892743008,3.283603890963109,0.0390370370986381
2020-04-21,-2.7066890510407777,-3.5369802025969266,-3.115516777979546,-3.777672083551076,-3.115516777979546,-3.078342067429311,-3.1647276821880213,7.326165619024026,12.510228953562596,9.706444793872052,14.270806370841123,9.706444793872052,9.476189884104963,10.015501302407165
2020-04-22,1.965591316374588,2.7706937367419235,2.26713010621012,3.066065683369563,2.26713010621012,2.1962382142950827,2.466451279592695,3.8635492230071855,7.676743782820924,5.139878918484309,9.400758774736468,5.139878918484309,4.823462293930054,6.083381914604442
2020-04-23,0.1678535834798233,-0.0073689833637989,-0.0539564181026851,-0.2673967098665824,-0.0539564181026851,0.0332197011700079,-0.2597827262305566,0.028174825487018,5.430191581594614e-05,0.0029112950544717,0.0715010004474732,0.0029112950544717,0.0011035485458246,0.0674870648477803
2020-04-24,1.0996692363039635,1.631944355504305,1.3822111461719606,1.6652343416535869,1.3822111461719606,1.3759955728704598,1.1807701853685733,1.2092724292733423,2.6632423794623614,1.910507652602005,2.773005412622455,1.910507652602005,1.893363816559105,1.3942182306553348
2020-04-27,1.4966529019043686,1.1016033141955734,1.4606871524449172,0.579362115704865,1.4606871524449172,1.6585051707447722,1.526052696000662,2.239969908778768,1.2135298618466712,2.1336069573176406,0.3356604611140173,2.1336069573176406,2.7506394013871462,2.328836830970889
2020-04-28,-0.1336628852110615,-1.412340254002825,-0.5256139460119837,-1.827680352611284,-0.5256139460119837,-0.3827858846561009,1.0610009723089255,0.0178657668829454,1.994704993076764,0.2762700202422886,3.3404154713213057,0.2762700202422886,0.1465250334919537,1.125723063240485
2020-04-29,2.184582619608139,3.504196841011663,2.623666320724924,3.4562303338281706,2.623666320724924,2.7691576735844303,2.863142847554724,4.772401221893958,12.279395500556117,6.88362496250626,11.945528120473988,6.88362496250626,7.668234221171534,8.19758696550377
2020-04-30,-1.1765780863145503,-0.2826179277647638,-0.925511652526566,0.1973835210417421,-0.925511652526566,-1.1193837551933554,-2.981808010404272,1.3843359931956094,0.0798728930940492,0.856571818962455,0.0389602543788358,0.856571818962455,1.2530199913907778,8.891179010911081
2020-05-01,-2.58817060406995,-3.2539155416619088,-2.8460220686828817,-3.187074545498905,-2.8460220686828817,-2.908334525655908,-1.0911272060537276,6.698627075771809,10.587966352268912,8.09984161542999,10.157444158567053,8.09984161542999,8.458409713122174,1.1905585797906135
2020-05-04,0.1098021812448274,1.2216490400500375,0.424081221459387,1.321009234724121,0.424081221459387,0.3829632926314517,0.8493045182380858,0.0120565190061219,1.4924263770551782,0.1798448823944856,1.7450653982264075,0.1798448823944856,0.1466608835031229,0.7213181646996271
2020-05-06,-0.3590377456087274,1.635927830366153,0.199607879093777,1.6920349106197985,0.199607879093777,0.1723214920050427,0.5795298711054756,0.1289081027717972,2.676259866166509,0.0398433053963159,2.862982138756149,0.0398433053963159,0.029694696606844,0.3358548715035291
2020-05-07,0.8887254647131188,1.4048975693596248,1.1438948664053583,1.2939718831154343,1.1438948664053583,1.1796135395182543,0.0198891400220696,0.7898329516295489,1.9737371803925816,1.3084954653885326,1.6743632342933037,1.3084954653885326,1.391488102614784,0.0003955778908174
2020-05-08,1.8895009658614343,1.5652509043482878,1.673075806255052,1.2932885503193297,1.673075806255052,1.8227891325559769,0.8917433947096858,3.5702138999912933,2.450010393563133,2.799182653475993,1.6725952743870731,2.799182653475993,3.32256022176417,0.7952062820083544
2020-05-12,-2.355962683565407,-1.3106658470351666,-2.0580320569403847,-1.1772150494061815,-2.0580320569403847,-2.265247336986816,-0.5722395750222111,5.550560166352713,1.7178449625844108,4.235495947394271,1.3858352725483989,4.235495947394271,5.131345497725861,0.3274581312216008
2020-05-13,-2.198685948141309,-1.5603831660703682,-1.7616955794106537,-1.2408148276129187,-1.7616955794106537,-1.899460241122391,-2.572597911961508,4.834219898554048,2.434795624955786,3.103571314515038,1.5396214364240772,3.103571314515038,3.607949207604732,6.618260016628709
2020-05-14,1.610209738352145,0.9047571872423548,1.1458917804071491,1.0428455566040369,1.1458917804071491,1.1235196594563746,0.0444630269688096,2.592775401484084,0.8185855678666974,1.313067972404666,1.087526854928783,1.313067972404666,1.2622964251849678,0.001976960767229
2020-05-15,0.2539934311366632,0.7889326091573522,0.3918692254435326,0.6380664583062284,0.3918692254435326,0.428902776460416,0.886773459246906,0.0645126630605748,0.6224146617918275,0.1535614898497142,0.4071288052154539,0.1535614898497142,0.1839575916554536,0.7863671680247241
2020-05-19,2.177640119970482,1.8741993490744169,2.047546405393112,1.5815575758485034,2.047546405393112,2.248864977297881,1.6703872078315825,4.742116492105055,3.512623200070968,4.192446282238253,2.5013243657237947,4.192446282238253,5.057393686117001,2.79019342408739
2020-05-20,1.5130128163349417,2.054630035237049,1.651393441786152,1.9855883214505137,1.651393441786152,1.710518751494908,0.7505947442332378,2.289207782393792,4.221504581698197,2.727100299574313,3.942560982280668,2.727100299574313,2.925874399215699,0.5633924700705597
2020-05-21,-0.4150242402886062,-0.9741963412235828,-0.7803935472623134,-1.1348044370592272,-0.7803935472623134,-0.7004395188982026,-0.754827146091677,0.1722451200271347,0.9490585112534152,0.6090140886086565,1.2877811103693095,0.6090140886086565,0.4906155196343454,0.5697640204769059
2020-05-22,-0.0365789204616109,0.4267296652783723,0.2350965520250862,0.3831000674201975,0.2350965520250862,0.2315386396684255,0.1932313278833159,0.0013380174221368,0.1820982072285916,0.0552703887740841,0.1467656616573599,0.0552703887740841,0.0536101416595049,0.0373383460755495
2020-05-26,2.1429941131806767,0.1675131562367784,1.2214261971750162,-0.2553824477977297,1.2214261971750162,1.4031003062441696,1.5600201409225722,4.592423769127035,0.0280606575124073,1.4918819551454217,0.0652201946431601,1.4918819551454217,1.9686904693824825,2.4336628400840823
2020-05-27,2.1889482367580047,0.7693700123630879,1.4718492616296688,0.5529850158510788,1.4718492616296688,1.5924205515411065,0.8146618954735957,4.791494383205977,0.591930215923578,2.166340248959801,0.3057924277558179,2.166340248959801,2.5358032129704817,0.6636740039366318
2020-05-28,-0.5795455469780011,-0.4618313807216757,-0.2110171476044307,-0.2686604695194485,-0.2110171476044307,-0.3524935653449543,-0.0609141862426201,0.3358730410220304,0.2132882242192894,0.0445282365831101,0.0721784478824105,0.0445282365831101,0.1242517136095976,0.0037105380856006
2020-05-29,-0.0690151137317885,1.281993176527876,0.4800767858804524,1.4633431971539608,0.4800767858804524,0.3886879440292409,-0.4590302902841824,0.0047630859234117,1.643506504664034,0.2304737203413057,2.141373312656776,0.2304737203413057,0.1510783178336783,0.2107088073983807
2020-06-01,0.3614289677602433,0.6530561803941093,0.3744242117017055,0.4527633014762117,0.3744242117017055,0.4318725251941273,0.2851225631047954,0.1306308987362349,0.4264823747509434,0.1401934903084435,0.204994607163639,0.1401934903084435,0.1865138780175521,0.081294875991448
2020-06-02,1.0450798196919444,0.5879427538219324,0.8177278702023465,0.6067676638058054,0.8177278702023465,0.8310356772601666,1.032637690683227,1.092191829527347,0.3456766817717174,0.6686788697056656,0.3681669978403548,0.6686788697056656,0.6906202968792637,1.066340600219588
2020-06-03,2.027411002740088,0.7727465229787448,1.3556655475681827,0.4894236836501041,1.3556655475681827,1.4798059590760544,1.167291867551242,4.110395374031569,0.5971371887757397,1.8378290768633403,0.2395355421176371,1.8378290768633403,2.189825676517001,1.3625703040512664
2020-06-04,0.0454193062671993,-0.6953648372487619,-0.3374382935045795,-0.7760733491480013,-0.3374382935045795,-0.2679454430616604,-0.3037653390443571,0.0020629133817936,0.4835322568819971,0.1138646019232827,0.6022898432577956,0.1138646019232827,0.0717947604575095,0.0922733812047332
2020-06-05,3.106137389567857,2.040926030068423,2.5874065601552974,2.001973507828437,2.5874065601552974,2.660061119066669,2.078977583627923,9.648089482871423,4.165379060210854,6.694672707534669,4.007897926046899,6.694672707534669,7.075925157170221,4.322147793227398
2020-06-08,1.68779105696719,1.1212942398939336,1.1969668235859063,0.7820312389440637,1.1969668235859063,1.2544061291682027,0.7593116750178021,2.848638651978424,1.2573007724193144,1.4327295767653343,0.6115728586843873,1.4327295767653343,1.5735347368947536,0.5765542198183402
2020-06-09,-1.094522598845955,0.2918532435442137,-0.7829755338198062,0.6608711739727205,-0.7829755338198062,-0.904378661850018,-0.8876260191733213,1.1979797193845034,0.0851783157672781,0.6130506865604105,0.4367507085880818,0.6130506865604105,0.8179007640096294,0.7878799499134773
2020-06-10,-1.0405410958054986,0.6667960015244132,-0.5327243376570845,1.2669455754371342,-0.5327243376570845,-0.7206049032320752,-0.8397684111095323,1.0827257720601078,0.4446169076489452,0.2837952199321794,1.605151091119731,0.2837952199321794,0.5192714265621085,0.7052109842974283
2020-06-11,-7.1476564461087495,-5.409169954475626,-6.07527591986929,-5.140427559197238,-6.07527591986929,-6.2091261640360695,-4.230630324742799,51.08899267159996,29.259119596401845,36.90897750254364,26.42399549135447,36.90897750254364,38.55324772091728,17.898232944633364
2020-06-12,1.8819300653344664,1.0070658574219948,1.2976299868566437,0.7822085031205067,1.2976299868566437,1.3681261208094042,1.3571111054747285,3.5416607708097887,1.0141816411850977,1.6838435827895732,0.6118501423540238,1.6838435827895732,1.8717690824409885,1.84175055260284
2020-06-15,0.613664323942731,1.4208491746064582,0.8277851423430304,1.1637181210639191,0.8277851423430304,0.894137855892063,0.6734362108465063,0.376583902480089,2.0188123769798536,0.685228241883871,1.3542398652925385,0.685228241883871,0.7994825053392556,0.4535163300793001
2020-06-16,2.0242480571488786,1.731211845203475,1.878488465267299,1.748729070012725,1.878488465267299,1.901379104777709,1.0116201027760905,4.09758019687101,2.9970944529728207,3.528718914142293,3.0580533603075697,3.528718914142293,3.6152425000852833,1.023375232340708
2020-06-17,-0.6501602621763923,0.1480834823116534,-0.3606796221336869,0.3322625724163137,-0.3606796221336869,-0.4602902584851974,-0.5632029861067801,0.4227083665132752,0.0219287177335457,0.1300897898224992,0.110398417028706,0.1300897898224992,0.2118671220563698,0.3171976035595939
2020-06-18,-0.1513674520983115,0.3275885172088024,0.0594012055040192,0.2958210931555359,0.0594012055040192,0.0297145285004988,0.3309122964573973,0.0229121055547346,0.1073142366070618,0.0035285032153307,0.0875101191557362,0.0035285032153307,0.0008829532040069,0.1095029479467083
2020-06-19,-0.8032319968755702,0.0308911775263248,-0.5665482200964774,-0.0340547587623492,-0.5665482200964774,-0.5760515361933352,-0.0363765239103355,0.6451816408047161,0.0009542648489629,0.3209768856944866,0.0011597265943618,0.3209768856944866,0.3318353723507013,0.0013232514917992
2020-06-22,0.5915644188886505,1.103387865699676,0.6474055690439127,1.2084774619902727,0.6474055690439127,0.6312122461949347,0.2755631585856452,0.3499484616950667,1.2174647821732865,0.4191339708290724,1.4604177761384511,0.4191339708290724,0.3984288997464548,0.0759350543696974
2020-06-23,0.5026364518671752,0.7419746615080487,0.4298191170312536,0.7815814176216235,0.4298191170312536,0.4106260399876009,0.3078989551854521,0.2526434027456231,0.5505263983199834,0.1847444733655265,0.6108695123714266,0.1847444733655265,0.1686137447158988,0.094801766604293
2020-06-24,-2.752623430613183,-2.217626488505951,-2.619527873275449,-2.049495178009632,-2.619527873275449,-2.6903100333265364,-1.7523301429402438,7.57693575076069,4.917867242523235,6.861926278866997,4.200430484684734,6.861926278866997,7.23776807541743,3.070660929856975
2020-06-25,1.17075737711363,1.0823761736736106,1.089985017340929,0.9862234889683332,1.089985017340929,1.1148708234631388,0.987369328295306,1.3706728360659863,1.171538181336326,1.1880673380277045,0.9726367701928724,1.1880673380277045,1.2429369530093772,0.974898190458324
2020-06-26,-2.876613070499855,-2.6276527822731435,-2.4525217335129468,-2.531091918529612,-2.4525217335129468,-2.437078978322984,-1.678896902865739,8.274902757370604,6.904559144187792,6.01486285335335,6.406426300045911,6.01486285335335,5.939353946583798,2.8186948104521705
2020-06-29,2.293081700101996,1.1913113658929084,1.4578907539069856,1.1287759512110789,1.4578907539069856,1.5634976530266138,1.3129589140417417,5.25822368334266,1.419222770505627,2.125445450327479,1.2741351480324754,2.125445450327479,2.44452491101973,1.7238611099616692
2020-06-30,0.8445353547594825,1.8523858759419225,1.529233363768146,1.945471977150327,1.529233363768146,1.5138458917688395,0.8121723572732646,0.7132399654387249,3.431333433389124,2.3385546808616384,3.784861213877203,2.3385546808616384,2.291729384025393,0.6596239379188115
2020-07-02,0.0560495855664557,1.4690988182021598,0.9540543932317423,1.8054279445582628,0.9540543932317423,0.8436001904885806,0.6884304150663538,0.0031415560421714,2.158251337642983,0.910219785244788,3.2595700629918736,0.910219785244788,0.7116612813923695,0.4739364363884322
2020-07-06,1.7641524292045678,2.190077795701558,1.5756943165826314,2.50339269807987,1.5756943165826314,1.5315948628718965,0.3021215020654459,3.112233793468378,4.796440751224996,2.4828125793108056,6.266975000799612,2.4828125793108056,2.3457828239755827,0.0912774020102812
2020-07-07,-1.5211917935115091,-0.8640249301590368,-1.0877508816987262,-0.7577349638470409,-1.0877508816987262,-1.1559692585509425,-0.4744585693106086,2.314024472646762,0.7465390799363284,1.1832019806363565,0.5741622754362763,1.1832019806363565,1.3362649267148157,0.2251109339922696
2020-07-08,0.6816918152234056,1.4264805672097287,0.7797026481291787,1.346742446898589,0.7797026481291787,0.766555251021088,0.2157908570001462,0.4647037309425817,2.0348468086269893,0.6079362194996538,1.8137152182783989,0.6079362194996538,0.5876069528680032,0.0465656939648575
2020-07-09,-1.3952741394998367,0.5251850808975774,-0.5659625451287915,0.8205993279880835,-0.5659625451287915,-0.65568504900945,-0.3881685106173834,1.9467899243570097,0.2758193691973949,0.3203136024886593,0.6733832570944943,0.3203136024886593,0.4299228834945248,0.1506747926349177
2020-07-10,1.426054320435212,0.6585647660885482,1.0411813000986476,0.757182849135684,1.0411813000986476,1.0853446942473044,0.9281945366475628,2.0336309248319338,0.4337075511332642,1.08405849967511,0.573325867025232,1.08405849967511,1.1779731053307747,0.861545097862384
2020-07-14,2.1522603240260065,-1.2211454491825056,0.3910661522962801,-1.3640832396197515,0.3910661522962801,0.4057137740429055,1.2309834665065724,4.6322245023765305,1.4911962080591432,0.1529327354718174,1.8607230846115164,0.1529327354718174,0.1646036664481378,1.5153202948125375
2020-07-15,0.8502944619552543,0.5885733702139437,0.9041044884784208,0.1136822794223947,0.9041044884784208,1.0789370376565497,0.968861987281158,0.7230006720317753,0.3464186121250001,0.8174049260868268,0.0129236606546714,0.8174049260868268,1.1641051312270905,0.9386935503983946
2020-07-16,-0.5051523823434277,-0.7292824322681805,-0.3411918313161816,-0.7053527910646206,-0.3411918313161816,-0.3533233842324635,-0.2420233400263425,0.2551789293872406,0.5318528660149933,0.1164118657568897,0.4975225598626502,0.1164118657568897,0.124837413845481,0.0585752971175066
2020-07-17,-0.235019542939955,0.2799350963416235,0.2844589903158819,0.1763847976631758,0.2844589903158819,0.2849473131924254,0.6157793600940786,0.0552341855637053,0.078363658163794,0.080916917171531,0.0311115968466794,0.080916917171531,0.0811949712955821,0.3791842203178729
2020-07-20,0.0334244041486696,2.48154248776571,0.8371764170464782,2.8418062222188225,0.8371764170464782,0.7251347097222606,0.3725496568547772,0.0011171907926936,6.158053118586432,0.7008643532587787,8.075862604641616,0.7008643532587787,0.5258203472439871,0.1387932468226122
2020-07-21,0.596159822868282,-0.8087530075915424,0.1677641372159388,-1.0925165414360494,0.1677641372159388,0.2698983755945323,-0.1279886604890415,0.3554065344023413,0.6540814272883655,0.0281448057358083,1.193592393311387,0.0281448057358083,0.0728451331485672,0.0163810972137791
2020-07-22,0.6144709933790137,0.2409279059575321,0.5730639622957727,0.3472202033339052,0.5730639622957727,0.5739884889918988,0.0501020298091074,0.3775746017041919,0.0580462558690814,0.3284023048821308,0.1205618696032385,0.3284023048821308,0.3294627854952031,0.0025102133909926
2020-07-23,-1.3176283483627231,-2.3122276494838374,-1.2396345287241564,-2.705477896939632,-1.2396345287241564,-1.1213248230416175,-0.9469556508199686,1.7361444644090778,5.346396703037552,1.5366937648051613,7.319610650828892,1.5366937648051613,1.257369358769315,0.8967250046198703
2020-07-24,-0.686886818282657,-0.9435067860638592,-0.6209630744305032,-0.9253795776977544,-0.6209630744305032,-0.6544767412756096,-0.134871307072259,0.4718135011304718,0.890205055348553,0.3855951398061827,0.8563273628200742,0.3855951398061827,0.4283398048707412,0.0181902694713795
2020-07-27,0.4330818641657681,1.6564455753175076,0.7367919510066762,1.807852018483964,0.7367919510066762,0.7579259651039951,1.0216396330843531,0.1875599010692968,2.743811943988949,0.5428623790682243,3.268328920736544,0.5428623790682243,0.5744517685788224,1.0437475398887317
2020-07-28,-0.7759626500774273,-1.281636604077541,-0.6494444344686342,-1.338010463186192,-0.6494444344686342,-0.6716015306149936,-0.2478732104427274,0.6021180343151838,1.642592384911412,0.4217780734622841,1.790271999595728,0.4217780734622841,0.4510486159244022,0.0614411284551846
2020-07-29,0.6057977326926656,1.3449786384631903,1.2351783128253628,1.2312305977274507,1.2351783128253628,1.31709752037702,1.069482719364052,0.3669908929355743,1.8089675379222976,1.52566546447411,1.5159287847802956,1.52566546447411,1.734745878183295,1.1437932870183274
2020-07-30,-0.8549345155456275,0.4246896555909022,-0.3757310720683139,0.4913733914945675,-0.3757310720683139,-0.399553573908159,0.0284101806080062,0.7309130258712367,0.1803613035659191,0.1411738385176045,0.2414478098688735,0.1411738385176045,0.1596430584227826,0.0008071383621795
2020-07-31,0.4348692404206592,1.4762500360879995,0.7641191392371668,1.7610240367758618,0.7641191392371668,0.650657346851483,-0.8013350551886971,0.1891112562640411,2.17931416904982,0.5838780589485487,3.101205658102352,0.5838780589485487,0.423354983011811,0.6421378706742722
2020-08-04,1.5027186352210915,1.80662496011,1.0760818561923695,1.7331072876761986,1.0760818561923695,1.122228860259059,1.2221844022234294,2.25816329664074,3.26389374649246,1.1579521612264154,3.0036608705963497,1.1579521612264154,1.2593976147983472,1.4937347130382417
2020-08-05,1.380922133136991,0.5217253161449246,0.6409157519801222,0.2601030051711293,0.6409157519801222,0.7187155224436474,0.8127909851740223,1.9069459377876168,0.2721973055065215,0.4107730011362455,0.0676535732990525,0.4107730011362455,0.5165520022014451,0.6606291855801577
2020-08-06,0.6794935194179396,0.9922335385097742,0.6407158132423376,1.2651355361160732,0.6407158132423376,0.5623257554362261,0.4684914062114531,0.4617114429309778,0.9845273949436276,0.41051675333879,1.600567924743704,0.41051675333879,0.3162102552269223,0.2194841976939847
2020-08-07,0.1696544368308016,-0.8778731994199368,0.0632794285373039,-1.1398437253951208,0.0632794285373039,0.1670316762046318,-0.2090354521234829,0.0287826279363764,0.7706613542597961,0.0040042860760077,1.2992437183226275,0.0040042860760077,0.0278995808557289,0.0436958202444689
2020-08-10,1.2963919292344277,-0.3878738255193331,0.273848273347593,-0.487920748599249,0.273848273347593,0.2991696343764799,0.36814543428099,1.6806320341841614,0.150446104523002,0.074992876815458,0.2380666569136515,0.074992876815458,0.0895024701329566,0.1355310607819387
2020-08-11,-0.3768252041300016,-1.706008592610683,-0.8001046543221288,-1.9042116180496889,-0.8001046543221288,-0.7430089743118653,-0.6554813423173221,0.1419972344676174,2.9104653180614832,0.6401674578679333,3.626021886315413,0.6401674578679333,0.5520623359079702,0.4296557901261184
2020-08-12,1.0416978961306491,2.105288560259084,1.3899455827979217,2.5565931865033105,1.3899455827979217,1.3282566963220206,0.4733276475830519,1.0851345068030211,4.432239921957766,1.9319487231394536,6.536168721275151,1.9319487231394536,1.7642658513242884,0.2240390619665057
2020-08-13,-0.2867575476686836,0.2744536084373124,-0.2049223522710518,0.1848846779610663,-0.2049223522710518,-0.2216775370544519,-0.2731887249842383,0.0822298911449573,0.0753247831842616,0.041993170460301,0.0341823441447672,0.041993170460301,0.0491409304345279,0.0746320794585138
2020-08-14,0.1228564598059077,-0.2103455139340213,-0.0171946613964711,-0.1246306748356242,-0.0171946613964711,-0.0248062826446436,-0.0935097922043219,0.0150937097160406,0.0442452352321675,0.0002956563805392,0.0155328051099831,0.0002956563805392,0.0006153516586459,0.0087440812380954
2020-08-17,-0.3087794197588915,0.9971085399848716,0.2706209348590858,1.1056355092766117,0.2706209348590858,0.2647177348316542,0.85322727892434,0.0953447300666377,0.9942254405107622,0.0732356903840055,1.222429879373352,0.0732356903840055,0.0700754791344019,0.7279967895006335
2020-08-18,-0.2403288350293133,0.7261977984485434,0.2300728889572129,0.9737817863556782,0.2300728889572129,0.1288450328891283,-0.180637254974088,0.0577579489465469,0.5273632424715112,0.052933534233118,0.9482509674380558,0.052933534233118,0.0166010425002005,0.0326298178845737
2020-08-19,-0.3071386360723969,-0.575938654905286,-0.4414143638946041,-0.707724962722222,-0.4414143638946041,-0.4262119912858058,-0.2932228400374548,0.0943341417684122,0.3317053342141101,0.1948466406524779,0.5008746228601705,0.1948466406524779,0.1816566615158118,0.0859796339196308
2020-08-20,0.1690182482735926,1.0574442010341574,0.3153680820281193,1.3898024483782128,0.3153680820281193,0.2348368311686996,0.1770725875473859,0.0285671682494738,1.1181882383007675,0.0994570271620946,1.9315508455180748,0.0994570271620946,0.0551483372733563,0.0313547012607266
2020-08-21,0.6847729912770093,0.4150026630137882,0.3435228739303047,0.6783134517872819,0.3435228739303047,0.2862758789948674,-0.5368227038219407,0.4689140495824631,0.1722272103085358,0.118007964913336,0.4601091388755771,0.118007964913336,0.0819538788942839,0.2881786153386991
2020-08-24,1.3447347733148982,0.5986131013091713,0.9993580954932104,0.6126412993166361,0.9993580954932104,1.0392927144860964,0.6564613948451721,1.8083116105622707,0.3583376450589842,0.998716603027817,0.3753293616283761,0.998716603027817,1.0801293463838786,0.4309415629220689
2020-08-25,-0.2122270156208119,0.7594650748147067,0.358987425339455,0.819193292057656,0.358987425339455,0.3248194203907731,-0.055107491079995,0.0450403061593163,0.5767871998633081,0.1288719715518507,0.6710776497522601,0.1288719715518507,0.1055076558629977,0.0030368355731317
2020-08-26,0.2950551818058407,1.7170750229156435,1.0144040989640823,2.111487928317396,1.0144040989640823,0.8957912058375863,1.0326530927607611,0.0870575603104777,2.9483466343207576,1.0290156759951317,4.458381271430088,1.0290156759951317,0.8024418844559569,1.0663724099883651
2020-08-27,0.5644045173862033,-0.3411108751555097,0.1671626404583025,-0.3831187437372999,0.1671626404583025,0.1840323908640486,-0.3489111710973401,0.3185524592459531,0.1163566291493577,0.0279433483649917,0.1467799718028468,0.0279433483649917,0.0338679208871379,0.1217390053165173
2020-08-28,0.5655455887007211,0.6028583965589329,0.6710014078511689,0.582669907603962,0.6710014078511689,0.6635053504189456,-0.153720667834037,0.3198418128988452,0.3634382463016076,0.4502428893382507,0.3395042212272096,0.4502428893382507,0.4402393500345679,0.0236300437193423
2020-08-31,-0.7841771608167021,0.680184100115347,-0.2197389131289535,0.9528020768163048,-0.2197389131289535,-0.2914001242038333,-1.1520216220819657,0.6149338195465438,0.4626504100497244,0.0482851899430938,0.9078317975854638,0.0482851899430938,0.0849140323860094,1.327153817744363
2020-09-01,0.7555279187414037,1.3848852861007368,0.7496875851234013,1.4929655849872907,0.7496875851234013,0.7588903565609043,0.7874120545916746,0.5708224359977171,1.91790725565832,0.562031475288157,2.228946237956443,0.562031475288157,0.5759145732811365,0.6200177437162824
2020-09-02,1.5753453249737075,0.9732987709921956,1.5248997908235746,1.033294528712134,1.5248997908235746,1.505659004444019,0.3177884902052366,2.481712892916516,0.9473104976149184,2.325319372053781,1.067697583066431,2.325319372053781,2.2670090376633545,0.1009895245069237
2020-09-03,-2.815033468381697,-5.090221508880266,-3.5757586556313434,-5.368190799631998,-3.5757586556313434,-3.530791377717377,-1.5029157416800312,7.92441342810909,25.91035500946729,12.786049963322473,28.81747246125364,12.786049963322473,12.466487752963374,2.258755726589638
2020-09-04,-0.5650648249250717,-1.273263909489904,-0.8166252396865901,-1.2758762044667948,-0.8166252396865901,-0.7873702443888211,-1.413564461002826,0.3192982563676019,1.621200983209515,0.6668767820931807,1.6278600891245945,0.6668767820931807,0.6199519017489118,1.9981644854102096
2020-09-08,-2.2735993154252374,-4.201219756096903,-2.814886686405828,-4.882984356636331,-2.814886686405828,-2.7771572723240427,-0.7332895239631346,5.169253847102108,17.650247439018916,7.923587057304783,23.84353622715512,7.923587057304783,7.712602515222318,0.5377135259540806
2020-09-09,1.585769435699459,2.673046552420298,1.9944798533671328,2.916762128177824,1.9944798533671328,1.938034975787764,1.7491376615184282,2.5146647031985805,7.1451778714060445,3.9779498854873774,8.50750131237243,3.9779498854873774,3.755979567376679,3.059482558942156
2020-09-10,-1.463349895056031,-2.0123921057851364,-1.774123987058698,-2.143960803723217,-1.774123987058698,-1.7367104044765067,-1.217617592054765,2.1413929153604974,4.049721987426335,3.1475159214570514,4.596567927901504,3.1475159214570514,3.016163029016952,1.482592600481244
2020-09-11,0.4748677324241583,-0.6066943826842771,0.0532921379765575,-0.5999966564309944,0.0532921379765575,0.0277827391598705,0.229204322292133,0.225499363297662,0.368078073980656,0.0028400519701124,0.3599959877283727,0.0028400519701124,0.0007718805952254,0.0525346213573959
2020-09-14,1.177514031852528,1.8540392613764884,1.2661314711189058,1.702358237063883,1.2661314711189058,1.314131163030342,0.8451186796255956,1.3865392952095963,3.437461582725475,1.6030889021577246,2.898023567299252,1.6030889021577246,1.7269407136474797,0.7142255826521101
2020-09-15,0.0081084945368438,1.2017328981428514,0.5205811831507181,1.418464373407561,0.5205811831507181,0.4831839570228043,0.4338338092963683,6.574768365402625e-05,1.444161958478817,0.2710047682506015,2.0120411786265047,0.2710047682506015,0.2334667363242152,0.1882117740885976
2020-09-16,0.1312895458827878,-1.2576605826276617,-0.4629658363745303,-1.68628708835686,-0.4629658363745303,-0.3931426493859091,-0.8287411997023801,0.0172369448581086,1.5817101410953494,0.2143373656499684,2.8435641443590565,0.2143373656499684,0.1545611427661718,0.6868119760841404
2020-09-17,-0.4662824542502551,-1.2767681428437463,-0.8447955322129994,-1.492717568960769,-0.8447955322129994,-0.8277715897137494,-0.3007772442914901,0.2174193271416413,1.6301368905806697,0.7136794912470449,2.228205740684148,0.7136794912470449,0.6852058047372279,0.0904669506835827
2020-09-21,-2.7405131367186084,-1.2111236989153895,-2.288415592427844,-0.9132035650305408,-2.288415592427844,-2.403917118587445,-1.6442344589595723,7.510412252527266,1.466820614074495,5.236845923666879,0.833940751184489,5.236845923666879,5.778817513037766,2.7035069560300777
2020-09-22,0.5161036632175028,1.7002430809755018,1.0463013638868863,1.8600689996943431,1.0463013638868863,1.019999863094414,1.0031007394557818,0.2663629911865255,2.890826534405067,1.094746544071559,3.459856683623914,1.094746544071559,1.0403997207126234,1.0062110934967363
2020-09-23,-1.942825066480008,-3.061990329939752,-2.400729416109185,-3.2068392409123057,-2.400729416109185,-2.4050391302575367,-2.03874395534361,3.7745692389430463,9.375784780644548,5.76350172937195,10.283817917055012,5.76350172937195,5.784213218069929,4.156476915450108
2020-09-24,0.1952538028951758,0.3687394820000194,0.2982954347357314,0.5811205446797933,0.2982954347357314,0.2878092353282645,0.5997615787708028,0.0381240475450281,0.1359688055856426,0.088980166384179,0.3377010874489397,0.088980166384179,0.0828341559402403,0.3597139513696459
2020-09-25,1.3281223521974757,2.235784680347281,1.5850478138509476,2.310213174836628,1.5850478138509476,1.5609374238488525,0.9574897535416504,1.7639089824065557,4.998733136875593,2.512376572193668,5.337084913188732,2.512376572193668,2.436525641171892,0.9167866281372504
2020-09-28,1.4978934345479047,1.8516441838611493,1.5982150874003724,1.894895484725788,1.5982150874003724,1.6636353823000352,1.0985570499420692,2.2436847412617182,3.4285861836268223,2.55429146559418,3.59062889803418,2.55429146559418,2.767682685240584,1.2068275919774218
2020-09-29,-0.4774739541428329,-0.2907431667083542,-0.4824244783809024,-0.3658069144721367,-0.4824244783809024,-0.4918172741754417,-0.1928248692550823,0.2279813768847921,0.0845315889876018,0.2327333773410858,0.1338146986756251,0.2327333773410858,0.2418842311773615,0.0371814302032395
2020-09-30,1.191450312608165,0.7393160924628639,0.8219833784947334,0.8364582334577259,0.8219833784947334,0.8012662415086503,-0.5575759274965929,1.419553847414094,0.5465882845745579,0.675656674521616,0.6996623763192195,0.675656674521616,0.6420275897813987,0.3108909149236858
2020-10-01,0.126623220633212,1.4130579155139422,0.5278935121522739,1.435945635019917,0.5278935121522739,0.587288501573083,0.3910124241715608,0.0160334400035271,1.996732672596608,0.2786715601724629,2.0619398667327524,0.2786715601724629,0.3449077840799571,0.1528907158565206
2020-10-02,-0.4832118546084936,-2.2453952430095394,-0.9617802143182246,-2.868189753933898,-0.9617802143182246,-0.8110493551953244,0.0908479273841756,0.2334936964341799,5.041799797329869,0.92502118065401,8.226512464571394,0.92502118065401,0.6578010565627515,0.0082533459100004
2020-10-05,1.6687362579556158,2.2981597075706786,1.781588530117781,2.2260678006770083,1.781588530117781,1.8176383416791968,1.293753847054686,2.784680698615712,5.281538041501347,3.174057690647236,4.9553778532109725,3.174057690647236,3.3038091411423,1.6737990167688002
2020-10-06,-1.3443615271981724,-1.5821092713577452,-1.4086778930182593,-1.910459692891454,-1.4086778930182593,-1.32602370204102,-1.06634774980354,1.8073079158106025,2.503069746516135,1.9843734062783625,3.649856238162909,1.9843734062783625,1.7583388583745716,1.1370975235110727
2020-10-07,1.892848371081308,1.8650948730408616,1.725604732087949,1.8594520917921828,1.725604732087949,1.7211994623243645,1.176645158947393,3.582874955905162,3.478578885443308,2.9777116914043225,3.4575620816703245,2.9777116914043225,2.9625275891056813,1.3844938300743357
2020-10-08,0.4302917959843269,0.4948798552555902,0.7975248642444218,0.414234271940725,0.7975248642444218,0.8266101053212229,0.6446068838225908,0.1851510296914175,0.2449060711377939,0.6360459090880834,0.1715900320502625,0.6360459090880834,0.6832842662191633,0.4155180346714711
2020-10-09,0.5661775086682092,1.3822587463149298,0.8752272809348647,1.502881299922745,0.8752272809348647,0.8299753590345994,0.1708294281865805,0.32055697132174,1.9106392417641216,0.7660227932926366,2.25865220165748,0.7660227932926366,0.6888590966046122,0.029182693534554
2020-10-13,0.3244562476623557,2.422516239936186,0.9958503031221264,3.001776640367059,0.9958503031221264,0.8985534781573665,-0.314329132191515,0.1052718566471359,5.8685849327545565,0.9917178262284312,9.010662998653348,0.9917178262284312,0.807398353108701,0.0988028033442709
2020-10-14,-0.5797971253000545,-0.8053839543085549,-0.6645169155040893,-0.812783651253638,-0.6645169155040893,-0.6503924006994279,-0.3362838409892653,0.336164706506207,0.6486433138576845,0.441582730991069,0.6606172637451955,0.441582730991069,0.4230102748875652,0.1130868217104934
2020-10-15,-0.0694788114584524,-0.467227827327018,-0.152897113984394,-0.7267344586432808,-0.152897113984394,-0.0569213173047191,0.2769112380042304,0.0048273052416791,0.2183018426287257,0.0233775274647567,0.5281429733795424,0.0233775274647567,0.0032400363637045,0.0766798337330355
2020-10-16,0.3926932633249675,-0.3618892830483748,0.0134918869469547,-0.3907672526931178,0.0134918869469547,-0.0177154643813083,-0.3781450526609593,0.1542079990608123,0.1309638531852667,0.0001820310133894,0.152699045777327,0.0001820310133894,0.0003138376782454,0.1429936808519597
2020-10-19,-1.4467774546243937,-1.6645711783161494,-1.6464623898632638,-1.8548961114140488,-1.6464623898632638,-1.6099545326439233,-1.006830906926283,2.09316500320944,2.7707972076808143,2.71083840123425,3.4406395841389616,2.71083840123425,2.591953597180713,1.0137084751420018
2020-10-20,0.4012623037248834,0.3262470552044528,0.4716138487297713,0.3730842942604471,0.4716138487297713,0.4798264385919963,-0.0049773668080657,0.1610114363906006,0.1064371410295772,0.2224196223137076,0.1391918906238158,0.2224196223137076,0.2302334111718788,2.4774180342034743e-05
2020-10-21,-0.3466724235120252,-0.2765076330923723,-0.2198097031385949,-0.1068405370111457,-0.2198097031385949,-0.2537389389523419,-0.2647717222867313,0.1201817692237009,0.0764564711583459,0.0483163055938772,0.01141490034883,0.0483163055938772,0.0643834491406602,0.0701040649226819
2020-10-22,0.5403224485562965,0.1853967569883475,0.5205373886326261,-0.0210216956331944,0.5205373886326261,0.6076402032980442,0.3022495048516914,0.2919483484138717,0.0343719575017963,0.2709591729644736,0.0004419116872946,0.2709591729644736,0.3692266166640885,0.0913547631830926
2020-10-23,-0.0991000859078086,0.3667521407458156,0.3439866491129748,0.25397044567102,0.3439866491129748,0.364090431738191,0.1517335477331556,0.009820827026935,0.1345071327416385,0.1183268147679728,0.0645009872743365,0.1183268147679728,0.1325618424833023,0.0230230695076898
2020-10-26,-2.321331909768821,-1.6531846344455772,-1.8764495369547167,-1.6213853688652728,-1.8764495369547167,-1.8947030528785591,-1.386710495507134,5.388581835310962,2.733019435566957,3.521062864737573,2.6288905143703767,3.521062864737573,3.589899658587332,1.9229659983496408
2020-10-27,-0.8057911169323003,0.6354833576174292,-0.303019380375247,0.8174230996661962,-0.303019380375247,-0.3879670358727961,-0.3651661711615986,0.6492993241270041,0.4038390978087214,0.0918207448829986,0.6681805238678922,0.0918207448829986,0.1505184209239234,0.1333463325608219
2020-10-28,-3.494921043132239,-3.80219481886458,-3.5925571226008888,-4.012454503040575,-3.5925571226008888,-3.527473920905897,-2.7486970538412168,12.214473097728536,14.456685440600658,12.906466679150377,16.09979113897059,12.906466679150377,12.443072262671222,7.555335493795384
2020-10-29,0.5233521783030656,1.6288890612224989,1.18765014438055,1.849360366989232,1.18765014438055,1.1888167641091008,0.5383080682140885,0.2738975025345637,2.653279573770313,1.4105128654471415,3.4201337669905443,1.4105128654471415,1.4132852986268334,0.2897755763043838
2020-10-30,-0.5925950483745477,-2.4800992243685323,-1.22036690467355,-2.658620557444828,-1.22036690467355,-1.1995913200057895,-0.5763608812285023,0.3511688913580325,6.150892162713396,1.489295382022502,7.0682632684682485,1.489295382022502,1.4390193350332323,0.3321918654104956
2020-11-02,1.5852236402738675,0.4208664580334469,1.224294189485278,0.2873922546983209,1.224294189485278,1.28472827591517,0.7432211517049947,2.512933989683132,0.1771285754976191,1.4988962624074136,0.0825943080605845,1.4988962624074136,1.650526742935965,0.5523776803416988
2020-11-03,2.040252803156176,1.8352926812554555,1.7642760820758658,1.7452346002245118,1.7642760820758658,1.8065993618786256,1.5317017550128291,4.162631500786634,3.3682992258698383,3.1126700937849674,3.045843809820812,3.1126700937849674,3.263801254340258,2.3461102663093816
2020-11-04,1.3289378185718312,3.782283063866994,2.180751658433598,4.312656812409378,2.180751658433598,1.9885586417352177,0.3731622167227299,1.7660757256304576,14.305665175215095,4.755677795760889,18.599008781621013,4.755677795760889,3.954365471619814,0.1392500399894216
2020-11-05,1.92941282871742,2.556563158114584,1.927326267001391,2.524124491288146,1.927326267001391,1.993716267994144,1.854286243248784,3.722633863619356,6.536015181428814,3.7145865394735176,6.371204447520642,3.7145865394735176,3.9749045572644968,3.438377471901686
2020-11-06,-0.2355063107231817,0.0361807083585665,-0.0287753798697412,0.1098909757209831,-0.0287753798697412,-0.0790905879494058,-0.0941653180289841,0.0554632223904438,0.0013090436573276,0.0008280224866479,0.0120760265449097,0.0008280224866479,0.0062553211021827,0.0088671071194997
2020-11-09,2.904023419115873,-1.5371296769453031,1.1631958050304203,-2.18187682694266,1.1631958050304203,1.3361060544023424,1.1785100938637572,8.433352018773446,2.362767643745972,1.3530244808403675,4.760586487949371,1.3530244808403675,1.785179388610595,1.3888860413387618
2020-11-10,0.8977695962089893,-1.3746948588729122,-0.1400783483912877,-1.7574691607101305,-0.1400783483912877,0.003717633355037,0.8431891262938983,0.8059902478772517,1.889785955011616,0.0196219436880309,3.08869785084717,0.0196219436880309,1.3820797762484163e-05,0.7109679027002676
2020-11-11,-0.0791976329815193,1.9929720492346992,0.7622761226929676,2.2847575680266,0.7622761226929676,0.6780105629914065,0.951024418492736,0.0062722650698754,3.971937589030756,0.5810648872278242,5.220117144654823,0.5810648872278242,0.459698323527924,0.9044474445694464
2020-11-12,-1.0857601416002962,-0.6540875770543553,-1.0028678908945363,-0.5547215392298908,-1.0028678908945363,-1.0716067601884725,-1.150978999829653,1.1788750850878953,0.4278305584568371,1.0057440065872556,0.3077159860855792,1.0057440065872556,1.1483410484816343,1.3247526580488682
2020-11-13,1.3649098216614075,1.017024235226296,1.351857670637486,0.9316715392494248,1.351857670637486,1.4230016419799043,0.5620347095515663,1.8629788212677751,1.034338295037632,1.8275191616614093,0.8680118570473923,1.8275191616614093,2.0249336730775043,0.3158830147407135
2020-11-16,1.5838464530630414,0.7985673135309901,1.1580731916656504,0.630783892689702,1.1580731916656504,1.24811175945734,1.2761509621760152,2.508569586880377,0.6377097542401026,1.341133517254666,0.3978883192767735,1.341133517254666,1.5577829640956973,1.6285612782627694
2020-11-17,-0.5594387983461301,-0.2080805765264007,-0.480347613410369,-0.2992389963670646,-0.480347613410369,-0.4175523454549748,0.3442891502264368,0.312971769094962,0.0432975263275593,0.2307338297090373,0.0895439769467681,0.2307338297090373,0.1743499611949506,0.1185350189636419
2020-11-18,-1.1648908443987551,-0.82478188065015,-1.163121347960132,-0.6935291409892077,-1.163121347960132,-1.1758004117679626,-0.3442299429467861,1.3569706793640453,0.6802651506487983,1.352851270080594,0.4809826694012283,1.352851270080594,1.3825066083137103,0.1184942536211476
2020-11-19,0.1520882222987727,0.8699086427911259,0.3938653922538715,0.7597981957669747,0.3938653922538715,0.4261570701499898,0.1182853322994197,0.0231308273620009,0.7567410468026987,0.1551299472152961,0.57729329829075,0.1551299472152961,0.1816098484388233,0.0139914198371841
2020-11-20,-0.7481493728694747,-0.4187267194375511,-0.6815715636269892,-0.6612231230747116,-0.6815715636269892,-0.6331352634970762,0.6442315888854632,0.5597274841249883,0.1753320655709336,0.464539796344939,0.4372160184886752,0.464539796344939,0.400860261883512,0.4150343401178884
2020-11-23,1.1139099852397814,0.2162490577546444,0.5620094595057822,-0.0041994958763287,0.5620094595057822,0.6637682014966254,0.4422286513021444,1.2407954552168898,0.0467636549797715,0.3158546325739814,1.7635765615302533e-05,0.3158546325739814,0.4405882253180647,0.1955661800325136
2020-11-24,1.5258241477585543,1.310264267721344,1.603250755728577,1.4497613540772851,1.603250755728577,1.6283442393627976,1.0458424076988364,2.328139329883119,1.71679245126735,2.570412985744252,2.101807983776004,2.570412985744252,2.651504961866008,1.0937863417412992
2020-11-25,-0.5800033338096657,0.4730378730439326,-0.1585672026628919,0.5976324922792353,-0.1585672026628919,-0.2111576442338945,0.2244754222120061,0.3364038672303265,0.2237648293339276,0.0251435577603346,0.3571645958278903,0.0251435577603346,0.0445875507184079,0.0503892151772584
2020-11-27,0.1267854154117344,0.9172316375298,0.2394057279951637,0.8684622043998061,0.2394057279951637,0.229236141116395,0.481077793231608,0.016074541561126,0.8413138768855981,0.0573151025968943,0.7542266004709707,0.0573151025968943,0.0525492083939357,0.2314358431405937
2020-11-30,-0.91264493824877,-0.0582595506842093,-0.4606081438497098,0.0823924248193034,-0.4606081438497098,-0.5825634692358276,-1.1930122897454536,0.8329207833111014,0.0033941752459259,0.2121598621806749,0.0067885116676045,0.2121598621806749,0.339380195688083,1.42327832348369
2020-12-01,0.6231804417667265,1.2736997136223305,1.1208121636017976,1.5128318608775817,1.1208121636017976,1.1269999775813266,0.6186666480885361,0.3883538630005724,1.6223109604816066,1.2562199060777426,2.288660239286327,1.2562199060777426,1.2701289494683108,0.3827484214571046
2020-12-02,0.2005554781222911,-0.0464693202371711,0.1789548534859762,0.0086786415114438,0.1789548534859762,0.1676606941092662,0.3536564207821868,0.0402224998048607,0.0021593977233047,0.0320248395861872,7.531881848415603e-05,0.0320248395861872,0.0281101083492009,0.1250728639604671
2020-12-03,0.2864704539571551,0.224989042010478,-0.0624341428702424,0.0860391612284609,-0.0624341428702424,-0.0083763619116046,0.2290813325246208,0.0820653209904185,0.0506200690247926,0.0038980221959418,0.0074027372648971,0.0038980221959418,7.01634388741804e-05,0.0524782569112559
2020-12-04,0.8265453791971297,0.7008486418386886,0.8797424045414703,0.490919151890002,0.8797424045414703,0.977673892469761,0.7042042630338874,0.6831772638721268,0.4911888187671343,0.773946698348408,0.2410016136923988,0.773946698348408,0.9558462400169738,0.4959036440751004
2020-12-07,-0.4925250051852311,0.4459950001259316,-0.1937471178708317,0.5411844443039995,-0.1937471178708317,-0.2099707168413736,0.3497108681187612,0.2425808807327119,0.1989115401373297,0.0375379456832539,0.2928806027566287,0.0375379456832539,0.0440877019308802,0.1222976912803775
2020-12-08,0.3455562877650233,0.5005683144243422,0.2783260589747119,0.3111266335835562,0.2783260589747119,0.3118314607040934,0.3216801675704805,0.1194091480139435,0.2505686374056272,0.0774653951043948,0.0967997821250364,0.0774653951043948,0.0972388598848485,0.1034781302081724
2020-12-09,-0.3488384393099767,-1.956756685941256,-0.7980983560702697,-2.1687178561947325,-0.7980983560702697,-0.7557608993299919,-0.4496744119299396,0.1216882567402203,3.828896727975807,0.636960985962067,4.703337139777876,0.636960985962067,0.5711745369560781,0.202207076744537
2020-12-10,-0.2315553782726606,0.5403581200329377,-0.128594253865602,0.2996402886804449,-0.128594253865602,-0.0895004146929263,0.1904805828369349,0.0536178932069949,0.2919868978855307,0.0165364821272508,0.0897843026005003,0.0165364821272508,0.0080103242302057,0.0362828524378984
2020-12-11,0.1569115959553881,-0.2254387712519723,-0.1265760798383449,-0.2125588029798805,-0.1265760798383449,-0.1529326319313864,-0.2528011781642466,0.0246212489452669,0.050822639583599,0.016021503987243,0.0451812447242396,0.016021503987243,0.0233883899094609,0.0639084356812311
2020-12-14,-0.6170099966989573,0.5009940403697449,-0.4368796230526419,0.6989425988726607,-0.4368796230526419,-0.424176249496799,-0.9246603581832292,0.3807013360264473,0.2509950284860016,0.1908638050386185,0.4885207565188691,0.1908638050386185,0.1799254906371706,0.854996777995538
2020-12-15,1.1247342482188918,1.238437084843594,1.2838447626446778,1.0672245569777865,1.2838447626446778,1.3821120692783473,0.682529212998269,1.2650271291165156,1.5337264131158992,1.6482573745701692,1.1389682550164322,1.6482573745701692,1.910233772044875,0.4658461265960364
2020-12-16,-0.1483701835830329,0.4999604921777201,0.1771278446930641,0.5718884882678164,0.1771278446930641,0.1266399747906844,0.3474952105260303,0.0220137113764628,0.2499604937385881,0.0313742733656102,0.3270564430132483,0.0313742733656102,0.0160376832149851,0.1207529213385301
2020-12-17,0.4923384412979937,0.8382795485516379,0.5741126947631057,0.6600831520843062,0.5741126947631057,0.6002411903690237,0.485629153547311,0.242397140779738,0.7027126015199379,0.3296053862881549,0.4357097676655533,0.3296053862881549,0.3602894866156225,0.2358356747750777
2020-12-18,-0.4110945976040219,-0.0713704052683857,-0.3517278505023192,-0.1088965880827046,-0.3517278505023192,-0.3698603695669643,-0.6724559031962903,0.1689987681792127,0.0050937347481736,0.1237124808189818,0.0118584668960542,0.1237124808189818,0.1367966929762114,0.4521969417435386
2020-12-21,0.1238652102519131,-0.1029251071148809,-0.3913931036978114,-0.3769327611969454,-0.3913931036978114,-0.3795250448452875,-0.1926045934543466,0.0153425903107506,0.0105935776746097,0.1531885616222057,0.1420783064635535,0.1531885616222057,0.1440392596648174,0.0370965294197141
2020-12-22,-0.667216785353725,0.5119454553480096,-0.2075268484142856,0.2149339186622018,-0.2075268484142856,-0.1517397007408502,0.2942374249872577,0.4451782386577587,0.2620881492514809,0.0430673928127659,0.0461965893914899,0.0430673928127659,0.0230249367809227,0.0865756622631321
2020-12-23,0.3801426991251405,-0.287767147699748,0.0745533273792525,-0.5078704254650687,0.0745533273792525,0.1481859352297569,0.233938335274897,0.1445084716981471,0.0828099312952485,0.005558198623318,0.2579323690620698,0.005558198623318,0.0219590713999177,0.0547271447111901
2020-12-24,0.2321870621463853,0.2629044351903113,0.3530336802928148,0.4563299740172609,0.3530336802928148,0.329961094349576,0.1721306198136433,0.0539108318281694,0.0691187420427366,0.1246327794210894,0.208237045186594,0.1246327794210894,0.1088743237843697,0.029628950277429
2020-12-29,0.4486661665720375,0.3546063336686821,0.6454848053357813,1.0368677682632448,0.6454848053357813,0.4770467540983232,-0.4575279732200719,0.2013013290264473,0.1257456518779447,0.4166506339193715,1.075094768863202,0.4166506339193715,0.227573605595746,0.2093318462788668
2020-12-30,0.2432714647106234,0.1538167371261717,0.1340648109120908,0.0145277048101425,0.1340648109120908,0.1960474193806652,0.0135654120958452,0.059181005542452,0.0236595886201418,0.0179733735248946,0.0002110542070506,0.0179733735248946,0.0384345906458184,0.0001840204053301
2020-12-31,0.645486999377484,0.1419349446479786,0.6418196978792083,0.3336258543204758,0.6418196978792083,0.5986711518572893,-0.6429562930351488,0.416653466365348,0.0201455285122247,0.4119325245857583,0.1113062106710673,0.4119325245857583,0.3584071480661335,0.4133927947535001
2021-01-04,-1.25793536090699,-1.483882393191213,-1.4864718123372964,-1.513685516777049,-1.4864718123372964,-1.484518788956712,0.5400868306600602,1.5824013722201995,2.201906956822882,2.2095984488733267,2.2912438437006024,2.2095984488733267,2.2037960347655026,0.2916937846524285
2021-01-05,0.5533637601720722,0.9445622434179508,0.7057576170722057,0.8448952232786426,0.7057576170722057,0.7884589370505415,0.8789535113830336,0.3062114510717746,0.8921978316907524,0.4980938140554382,0.7138479383190673,0.4980938140554382,0.6216674954148698,0.7725592751725645
2021-01-06,1.4302539611995762,-0.6116353364035461,0.569366086621762,-1.408226749355577,0.569366086621762,0.8742663040156676,0.8200409676088171,2.045626393527079,0.3740977847374789,0.3241777405949798,1.9831025776005744,0.3241777405949798,0.7643415703372157,0.672467188556805
2021-01-07,0.6844271976482026,2.531772949624288,1.4738221178340891,2.474162430344363,1.4738221178340891,1.449895141941279,1.1125827623004918,0.4684405888805718,6.409874268449264,2.1721516350169603,6.121479731727525,2.1721516350169603,2.102195922624922,1.2378404029681926
2021-01-08,0.1829667839605046,1.0239738523176127,0.547686553610569,1.2718886194683563,0.547686553610569,0.466868145556955,0.0804000305025955,0.0334768440328499,1.0485224502301722,0.2999605610058226,1.617700660333122,0.2999605610058226,0.2179658653357901,0.0064641649048182
2021-01-11,-0.2875181438761116,-1.2618616894493793,-0.6576373761664375,-1.5588628202689168,-0.6576373761664375,-0.5758887497712882,-0.5982808843787334,0.0826666830579644,1.5922949233000416,0.4324869185310764,2.430053292416761,0.4324869185310764,0.3316478521131374,0.3579400166129993
2021-01-12,0.1933236073733801,0.2757915583093556,0.0415745716966057,-0.0806293365035033,0.0415745716966057,0.1503026413810775,0.2859113451613981,0.0373740171678568,0.0760609836347027,0.0017284450117562,0.0065010899049951,0.0017284450117562,0.0225908840061288,0.0817452972920001
2021-01-13,-0.0264751349442256,0.4314053448197507,0.2273017902771311,0.6304966910620434,0.2273017902771311,0.1271791047754432,-0.2842943585497355,0.0007009327703149,0.1861105715390479,0.0516661038631889,0.3975260774401858,0.0516661038631889,0.0161745246914831,0.0808232823032056
2021-01-14,-0.22224351559766,-0.1243370035513324,-0.3760500291053589,-0.5793388750666488,-0.3760500291053589,-0.2258255913250896,0.1301095694822786,0.0493921802252073,0.015459690452124,0.1414136243901412,0.3356335321634901,0.1414136243901412,0.0509971976973263,0.0169285000708638
2021-01-15,-0.5735786894097396,-0.8742301660862153,-0.7215990506594139,-0.737328894202699,-0.7215990506594139,-0.764936625430945,-0.2735654861404912,0.3289925129449945,0.7642783832951315,0.5207051899125673,0.5436538982261748,0.5207051899125673,0.5851280409256818,0.0748380752072833
2021-01-19,0.376582439620964,1.516897457869263,0.8103480771510009,1.493054800531124,0.8103480771510009,0.8165661104550674,0.2695560706960131,0.141814333830877,2.3009778976902333,0.6566640061423245,2.2292126373890344,0.6566640061423245,0.6667802127437173,0.072660475249074
2021-01-20,0.8301897158794452,1.9514751028539783,1.3839368887685783,2.281414494624605,1.3839368887685783,1.3364902671390595,0.3199132725208582,0.689214964351994,3.808255077058946,1.9152813120944523,5.2048520962832425,1.9152813120944523,1.7862062341574343,0.1023445019350049
2021-01-21,-0.0396684127222032,0.5459221730554275,0.031668077285579,0.812964499523999,0.031668077285579,-0.0396207731233621,-0.5494416861956349,0.001573582967899,0.29803101903356,0.0010028671189654,0.6609112774863061,0.0010028671189654,0.0015698056628929,0.3018861665295025
2021-01-22,-0.57590568686887,0.0897319283018009,-0.3015127294928243,-0.2882856423640766,-0.3015127294928243,-0.2187626618419981,-0.3930981170499073,0.3316673601679049,0.0080518189567595,0.090909926046213,0.0831086115932682,0.090909926046213,0.0478571022161964,0.1545261296281826
2021-01-25,-0.1193629037499697,0.6838380919637358,0.3609282023548102,0.870734427553292,0.3609282023548102,0.3104325886444432,0.3362618837062202,0.0142475027916245,0.4676345360206028,0.1302691672550748,0.7581784433265591,0.1302691672550748,0.09636839209249,0.1130720544336555
2021-01-26,-0.0741957331020967,-0.0728264960985721,-0.1489945739475156,0.0511242962868968,-0.1489945739475156,-0.1981577644002815,-0.7095922972283673,0.0055050068105575,0.0053036985339953,0.0221993830658017,0.0026136936708304,0.0221993830658017,0.0392664995921174,0.5035212282858315
2021-01-27,-2.070183485804813,-2.6433591249167456,-2.601328989204868,-2.8385044992571933,-2.601328989204868,-2.53683786921772,-2.016780169278092,4.285659664898966,6.987347463280623,6.76691251007762,8.057107792303329,6.76691251007762,6.4355463746971004,4.067402251193367
2021-01-28,0.9857479754722188,0.5003062929211303,0.9713334927599454,0.6755546089512607,0.9713334927599454,0.8900470212215322,1.3270387718678145,0.971699071147578,0.2503063867364838,0.9434887541572348,0.4563740296752908,0.9434887541572348,0.7921836999853227,1.7610319020404377
2021-01-29,-2.049204632285846,-2.0181272879446617,-1.9500405967127863,-2.114044833220464,-1.9500405967127863,-1.9430512406311249,-1.8299532603787367,4.199239624981769,4.072837750346875,3.80265832882796,4.469185556866139,3.80265832882796,3.7754481237181534,3.348728935170771
2021-02-01,0.7618530578455334,2.5135257035299245,1.5924269140718337,2.472201923759826,1.5924269140718337,1.6256730925749112,2.0293895302363145,0.5804200817485896,6.3178114623056025,2.5358234766603425,6.111782351841785,2.5358234766603425,2.642813003922076,4.11842186543277
2021-02-02,1.5618429916287777,1.55008785279433,1.380254196564921,1.5519416711963356,1.380254196564921,1.3365376009003944,1.0236561796939037,2.4393535304999303,2.402772351380537,1.9051016471350768,2.408522950795675,1.9051016471350768,1.786332758620582,1.0478719742255176
2021-02-03,0.1176383999556971,-0.0164123994062069,0.1008296325994851,-0.400209138576281,0.1008296325994851,0.1071579313902931,0.2314588185193394,0.0138387931441365,0.0002693668542688,0.0101666148101471,0.1601673545999689,0.0101666148101471,0.0114828222598467,0.0535731846703684
2021-02-04,1.0756593683706157,1.220975107011831,1.0794829768938023,1.1758132873927327,1.0794829768938023,1.1137726382490356,0.7011565556530629,1.1570430767634718,1.4907802119425524,1.1652834974035051,1.382536886809305,1.1652834974035051,1.2404894897122172,0.4916205155352667
2021-02-05,0.2970104562297508,0.5685250106424211,0.3889896985553502,0.3170644478700696,0.3889896985553502,0.4463214059989537,0.5192688848777027,0.0882152111098047,0.323220687725965,0.1513129855821822,0.100529864103152,0.1513129855821822,0.1992027974528828,0.2696401748021328
2021-02-08,0.7596549939085866,0.9434511329364024,0.7372105129886367,0.6671922381030845,0.7372105129886367,0.8433401374693764,1.0659846853168076,0.5770757097702547,0.8901000402389814,0.5434793404609689,0.4451454825850029,0.5434793404609689,0.7112225874668667,1.1363233493299734
2021-02-09,-0.031659652447558,0.1432738744877631,-0.1114117981757834,-0.0579867695542022,-0.1114117981757834,-0.0689870064746758,0.426578702595046,0.0010023335931001,0.0205274031107352,0.0124125887727615,0.0033624654433321,0.0124125887727615,0.0047592070623369,0.1819693895076727
2021-02-10,0.1973424229421589,-0.2513705018727091,-0.0345219543877296,-0.2327306238860226,-0.0345219543877296,-0.0501010381394548,0.2666928647091808,0.0389440318926819,0.0631871292117376,0.0011917653347484,0.0541635432943773,0.0011917653347484,0.0025101140226511,0.0711250840867894
2021-02-11,-0.0226055007946209,0.3803092628464753,0.166107476484293,0.5774394399601819,0.166107476484293,0.2002537215498644,-0.3516348057806135,0.0005110086661756,0.1446351354068294,0.0275916937439799,0.3334363068215284,0.0275916937439799,0.0401015529945706,0.1236470366363697
2021-02-12,0.0880907278038271,0.4957117305509043,0.4699921149026048,0.5326342233123454,0.4699921149026048,0.4557483645700778,0.3647991194580782,0.0077599763250079,0.2457301198057723,0.2208925880706233,0.2836992158435454,0.2208925880706233,0.2077065718083005,0.1330783975573892
2021-02-16,0.204339227961548,-0.3409025163779552,-0.0569437009979914,-0.2460349427144837,-0.0569437009979914,-0.0730460222399031,0.1759536166008748,0.0417545200839215,0.116214525672822,0.0032425850833486,0.0605331930365192,0.0032425850833486,0.0053357213650724,0.0309596751949276
2021-02-17,0.285958059615675,-0.5854441452814407,-0.0320450872028801,-0.5391030728019107,-0.0320450872028801,-0.0775314041008415,-0.6398068885894589,0.0817720118591619,0.3427448472443167,0.0010268876138401,0.2906321231044622,0.0010268876138401,0.0060111186218479,0.4093528546865242
2021-02-18,-0.3793005565529007,-0.7196647650287132,-0.442558686962702,-0.455043330843745,-0.442558686962702,-0.5154478802483339,-0.5495957090053383,0.1438689122013402,0.5179173740238331,0.1958581914061508,0.2070644329453699,0.1958581914061508,0.2656865172525007,0.3020554433570804
2021-02-19,0.0031336932518658,0.0657105803615637,-0.1856616582049052,-0.4169041057528363,-0.1856616582049052,-0.0289616149238437,0.60122925345679,9.820033396789495e-06,0.0043178803714535,0.034470251327395,0.1738090333935721,0.034470251327395,0.000838775138997,0.361476615212209
2021-02-22,0.0868691911577149,-2.4915618944904394,-0.7762902892533375,-2.664156425168388,-0.7762902892533375,-0.7110703797832088,0.1764625939652577,0.0075462563723956,6.207880674076788,0.6026266131890304,7.097729457766006,0.6026266131890304,0.5056210850050368,0.0311390470689474
2021-02-23,0.0496652940624289,-0.5026262283141931,0.1255499419223564,-0.2197934775499899,0.1255499419223564,0.1065350965658674,-0.4716061799084189,0.0024666414343075,0.2526331253893514,0.015762787916707,0.0483091727735179,0.015762787916707,0.0113497268002987,0.2224123889278119
2021-02-24,1.3370751247725805,0.981193741835513,1.1287715277782164,0.8112843823088842,1.1287715277782164,1.2154039472161882,0.8390194221057196,1.787769889285611,0.9627411590171754,1.274125161922769,0.6581823489783079,1.274125161922769,1.4772067549086907,0.7039535906706156
2021-02-25,-1.7671419646014437,-3.5826179444813864,-2.4783434790564103,-3.6274082772379295,-2.4783434790564103,-2.534307711113926,-1.4220001097853932,3.12279072305545,12.835151336120036,6.142186400181432,13.158090809774247,6.142186400181432,6.422715574611507,2.02208431222967
2021-02-26,-1.5068861942807092,0.5542778686174799,-0.4761483718072274,0.6304533700203151,-0.4761483718072274,-0.4507537255303886,-0.9000220604928139,2.2707060025137995,0.3072239556391362,0.2267172719746737,0.3974714517699723,0.2267172719746737,0.2031789210795249,0.8100397093737303
2021-03-01,1.9311113459004103,2.961101560523008,2.3512130081996934,2.8522424707976373,2.3512130081996934,2.3897885306309057,1.316635026298849,3.7291910302652944,8.768122451731792,5.528202609927451,8.13528711222181,5.528202609927451,5.711089221135024,1.7335277924769716
2021-03-02,-0.4576499649490189,-1.7073536597012815,-0.8113671312552936,-1.6931264999745868,-0.8113671312552936,-0.8715115210235106,0.6643594556815752,0.2094434904178382,2.91505651929536,0.6583166216814448,2.8666773449161944,0.6583166216814448,0.7595323312767129,0.4413734863535188
2021-03-03,-0.387557709422282,-2.739832958569648,-1.3152318131987126,-2.926184364690777,-1.3152318131987126,-1.2437127503331482,-0.5493958531627856,0.150200978132646,7.50668464086451,1.7298347224499733,8.562554936160765,1.7298347224499733,1.546821405341244,0.3018358034724651
2021-03-04,-1.11249550513123,-2.132794610761741,-1.3508037960082262,-1.7443645318593837,-1.3508037960082262,-1.419649973357705,-1.06980065399577,1.2376462489371904,4.548812851694326,1.8246708953102333,3.0428076200090066,1.8246708953102333,2.0154060468545327,1.1444734392897773
2021-03-05,1.8332775379091937,1.5339788742878655,1.930836381558388,1.6274735900456634,1.930836381558388,1.9699216750678232,1.3983422159407046,3.360906531002395,2.3530911867614672,3.728129132349488,2.64867028629612,3.728129132349488,3.8805914059020186,1.95536095288196
2021-03-08,0.9673078780228744,-2.436457423472407,-0.5373684030541239,-2.9595002889028423,-0.5373684030541239,-0.3877116295349328,0.4170615572127463,0.9356845308851162,5.936324776393799,0.2887648006009394,8.758641960016007,0.2887648006009394,0.1503203076766329,0.1739403425047209
2021-03-09,0.0952260432914454,3.618822335291617,1.4055441418613446,3.9490224822955193,1.4055441418613446,1.3437407791728138,0.7632069562578874,0.0090679993209442,13.095875094405477,1.975554334720744,15.594778565675464,1.975554334720744,1.8056392816119609,0.5824848580804288
2021-03-10,1.4479735985768765,-0.038175166332422,0.6012173623113212,-0.3321311544095003,0.6012173623113212,0.6890917778447585,0.4870590083671338,2.096627542175669,0.001457343324508,0.3614623167445824,0.1103111037293873,0.3614623167445824,0.47484747829325,0.2372264776315757
2021-03-11,0.5821598789231406,2.492544265049501,1.0341818218279306,2.331687858004502,1.0341818218279306,1.0716246510899183,0.8236187267764952,0.3389101246278057,6.212776913231157,1.0695320405993376,5.4367682671656254,1.0695320405993376,1.1483793928235893,0.678347807096935
2021-03-12,0.8980514554035769,-0.5899293753048066,0.1014883350162415,-0.8896183794306805,0.1014883350162415,0.1771265267182532,0.0358129232239532,0.8064964165524826,0.3480166678475194,0.0102998821443688,0.7914208610208702,0.0102998821443688,0.031373806467272,0.0012825654698447
2021-03-15,0.5319103030729401,1.0444624118516084,0.6470976590856805,1.1164369443793651,0.6470976590856805,0.6715441664189253,0.5471621781689694,0.2829285705151469,1.0909017297708787,0.4187353803941676,1.2464314507751335,0.4187353803941676,0.4509715674512893,0.299386449218611
2021-03-16,-0.3876927500774249,0.0880760273309725,-0.1570921884146989,0.5316383153713529,-0.1570921884146989,-0.2755214233245005,-0.4268716320769924,0.1503056684625966,0.0077573865904062,0.0246779556609192,0.28263929837089,0.0246779556609192,0.0759120547107586,0.1822193902720751
2021-03-17,0.5753970808581566,0.3973073115573678,0.2875205304977583,0.3802141387047701,0.2875205304977583,0.3180938926794609,0.5763266237387006,0.3310818006600879,0.1578530998169433,0.0826680554577123,0.1445627912710102,0.0826680554577123,0.1011837245599724,0.3321523772300497
2021-03-18,-0.4647173967626918,-3.07087918868114,-1.4870520601810135,-3.1800278818063576,-1.4870520601810135,-1.5363853092902928,-0.775422537662119,0.2159622588538931,9.430298991474938,2.2113238296885966,10.11257732906583,2.2113238296885966,2.3604798186030287,0.6012801119143604
2021-03-19,-0.7156181249746818,0.752488890473231,-0.0602920606469393,0.6068353238277807,-0.0602920606469393,-0.0432317394206061,0.0930208684796927,0.5121093007922793,0.5662395302856342,0.0036351325770542,0.3682491102451675,0.0036351325770542,0.0018689832933311,0.0086528819727162
2021-03-22,0.3158930465381714,1.22064722223447,0.7000559550654081,1.691719499217741,0.7000559550654081,0.5594574822102867,-0.2063759571614429,0.0997884168511673,1.4899796411487276,0.4900783402225406,2.861914864033524,0.4900783402225406,0.3129926744010732,0.0425910356943017
2021-03-23,-0.9456153831342156,-1.126406559719813,-0.7660100809949314,-0.5265350784668171,-0.7660100809949314,-0.9571783357638114,-0.7754088278881348,0.8941884528200695,1.2687917377798246,0.5867714441858614,0.2772391888560572,0.5867714441858614,0.9161903664555796,0.6012588503668511
2021-03-24,-0.0095379915951108,-2.0299602072148404,-0.5482303984823846,-1.6959138280808184,-0.5482303984823846,-0.5850059107889174,-0.2225852162303936,9.097328366840442e-05,4.120738442875718,0.3005565698201543,2.8761237122757355,0.3005565698201543,0.3422319156579708,0.049544178484331
2021-03-25,0.6132437733842051,0.1217445158134372,0.5226550815926714,-0.1436312728472948,0.5226550815926714,0.6706828472379662,0.1223732622585103,0.3760679255944983,0.0148217271306482,0.273168334314642,0.020629942539734,0.273168334314642,0.4498154815792251,0.0149752153157901
2021-03-26,1.380376668415241,1.2332637047637085,1.6494413826353245,1.5420248726392012,1.6494413826353245,1.708142606173467,0.5426217366664252,1.9054397467051605,1.5209393654875076,2.7206568747499307,2.3778407078379447,2.7206568747499307,2.917751163025084,0.2944383491028873
2021-03-29,0.2973700841238589,-0.6036271728853978,-0.0868401930824789,-0.1030955741103915,-0.0868401930824789,-0.2616584498220738,-0.178053943570852,0.0884289669318309,0.3643657638456179,0.0075412191346022,0.0106286974011512,0.0075412191346022,0.0684651443632907,0.0317032068211321
2021-03-30,-0.3152762675260298,-0.1092509447858924,-0.3162819611881571,-0.5352132390309206,-0.3162819611881571,-0.1777485655613778,-0.0729997643626205,0.0993991248651447,0.0119357689366101,0.1000342789730269,0.2864532112339693,0.1000342789730269,0.0315945525591274,0.0053289655969981
2021-03-31,-0.258604006775387,1.5326483457409132,0.3615992965994898,1.5000217572615442,0.3615992965994898,0.3365769930857741,-0.0261453775366253,0.0668760323202844,2.349010951702358,0.1307540513012458,2.250065272258011,0.1307540513012458,0.1132840722746612,0.0006835807665326
2021-04-01,0.5191209721678117,1.745396757697275,1.175577423688851,1.8021938764497865,1.175577423688851,1.20432920108255,1.5370023560708026,0.2694865837444539,3.0464098417801604,1.3819822790869165,3.247902768313107,1.3819822790869165,1.4504088245801334,2.362376242567198
2021-04-05,1.1217180593366085,1.6588513121628536,1.4335038467166317,1.9953960656667888,1.4335038467166317,1.357627855098466,0.1918610393445217,1.258251404641887,2.751787675864421,2.0549332785513803,3.981605458878499,2.0549332785513803,1.8431533929392607,0.0368106584183601
2021-04-06,-0.2895842568475975,-0.0526201142853702,-0.0974012111081841,-0.1450143743268493,-0.0974012111081841,-0.0885848364411311,0.4057079441686919,0.0838590418139753,0.0027688764274054,0.009486995925341,0.0210291687614075,0.009486995925341,0.0078472732473019,0.1645989359615864
2021-04-07,0.0479124900469518,-0.0696675338779031,0.1474143283355581,0.2812414269246692,0.1474143283355581,0.0533737563242396,0.1304102037635209,0.0022956067024992,0.0048535652766287,0.0217309841986237,0.079096740218624,0.0217309841986237,0.0028487578641593,0.017006821245643
2021-04-08,0.1711953792241989,1.0209350563661417,0.4211758040807235,1.036019773141216,0.4211758040807235,0.4206541774732439,0.5203627994437205,0.0293078578677172,1.0423083893173364,0.177389057943044,1.0733369703395763,0.177389057943044,0.1769499370256914,0.2707774430449057
2021-04-09,0.8826607290290284,0.5112256216061041,0.7690316372555687,0.6270950821568656,0.7690316372555687,0.7358696576461121,-0.0043685268450382,0.7790899625700558,0.2613516361865475,0.5914096590999806,0.393248242065326,0.5914096590999806,0.5415041530442063,1.9084026795819743e-05
2021-04-12,-0.1634502915870024,-0.3617276474626005,-0.0196202156673171,-0.1858272857671782,-0.0196202156673171,0.0031647071857326,-0.1392166776890346,0.0267159978198761,0.1308468909388274,0.000384952862832,0.0345317801355965,0.000384952862832,1.0015371571428182e-05,0.0193812833467725
2021-04-13,-0.2021006273160184,1.0493486745111975,0.3289166381145364,1.2022293382591915,0.3289166381145364,0.2560092423710557,0.0126025322924426,0.0408446635615281,1.1011326406984072,0.1081861548285689,1.4453553817711335,0.1081861548285689,0.0655407321794019,0.000158823820182
2021-04-14,0.1590994226022742,-0.99275819175086,-0.4096179929697001,-1.3139974555111231,-0.4096179929697001,-0.3182668748987659,-0.1669821856773496,0.025312626272377,0.9855688272884376,0.1677869001645252,1.726589313089706,0.1677869001645252,0.1012938036578266,0.0278830503335848
2021-04-15,0.9004215298675782,1.2970938148035016,1.103315801615433,1.597447763199654,1.103315801615433,1.059410911187452,0.780705578417535,0.81075893144907,1.6824523644015006,1.2173057580943054,2.5518393561515778,1.2173057580943054,1.1223514787430275,0.6095012001722578
2021-04-16,0.4826888543240599,0.0966854345888272,0.3602253326539839,0.1119634030234131,0.3602253326539839,0.3836095227602048,0.1520431474771352,0.2329885300886735,0.0093480732616303,0.1297622902856733,0.0125358036165832,0.1297622902856733,0.1471562659523121,0.0231171186947538
2021-04-19,-0.3603982614760857,-0.9838064039243734,-0.5320582266875933,-0.960572838462272,-0.5320582266875933,-0.5519025386010824,-0.7620173330180156,0.129886906874985,0.9678750404026072,0.2830859565859464,0.9227001779914662,0.2830859565859464,0.3045964121143192,0.5806704158198892
2021-04-20,-0.7550598902444179,-0.9277696557635806,-0.6825603130708005,-0.7097990526682997,-0.6825603130708005,-0.7676956014304139,-0.8557465962522439,0.5701154378559123,0.8607565341556729,0.4658885809793091,0.5038146951688156,0.4658885809793091,0.5893565364556049,0.732302236997301
2021-04-21,0.9300249078589524,1.1822109394344464,0.9263025469113548,0.9072000771535376,0.9263025469113548,1.0038528288141222,0.5367178162402221,0.8649463292380529,1.3976227053184764,0.8580364084144627,0.8230119799873845,0.8580364084144627,1.0077205019181152,0.2880660142696728
2021-04-22,-0.9459782593705038,-0.949351768287896,-0.925335185679316,-1.2477384557828195,-0.925335185679316,-0.882688583778864,-0.5847315762039211,0.8948748672016482,0.9012687799513552,0.8562452058561744,1.5568512540392956,0.8562452058561744,0.7791391359335367,0.341911016209922
2021-04-23,0.6707575728277514,1.4255562550624974,1.0869423861541934,1.2928659208292574,1.0869423861541934,1.142235408794836,0.3707459830225341,0.4499157215057762,2.0322106363478123,1.1814437508185716,1.6715022892416838,1.1814437508185716,1.3047017291047058,0.1374525839273451
2021-04-26,-0.1820304950851026,0.8664053069426556,0.1780637890878801,0.6058314124901163,0.1780637890878801,0.203829145331166,0.3565451800521795,0.0331351011409275,0.7506581558983972,0.031706712984333,0.3670317003597694,0.031706712984333,0.0415463204864336,0.1271244654184411
2021-04-27,0.0098741287721847,-0.344043699024367,-0.0214942312699236,-0.4708146259878387,-0.0214942312699236,-0.0031167050197095,0.023627191199388,9.74984190096864e-05,0.1183660668383692,0.0004620019778849,0.2216664120440684,0.0004620019778849,9.713850179882888e-06,0.0005582441639724
2021-04-28,-0.4853714127321428,-0.2785236997990175,-0.0845888292830316,-0.4210918804160283,-0.0845888292830316,-0.0737903866944765,0.943948726140112,0.2355854082975961,0.0775754513497332,0.0071552700394738,0.1773183717523066,0.0071552700394738,0.0054450211685203,0.89103919758154
2021-04-29,0.7070886786136021,0.224073958509835,0.6740032543708108,0.4921755091380961,0.6740032543708108,0.6167068845919381,-0.5232982192270114,0.4999743994235299,0.0502091388822672,0.4542803869024438,0.2422367317953441,0.4542803869024438,0.3803273815030941,0.2738410262461612
2021-04-30,-0.5461369483540268,-0.8548386300026702,-0.7220643718202429,-0.7865021150020391,-0.7220643718202429,-0.7769466541712396,-0.7694180291025704,0.2982655663574489,0.7307490833448421,0.5213769570521619,0.6185855769026808,0.5213769570521619,0.6036461034278838,0.5920041035080839
2021-05-03,0.7012302871579059,-0.4850356629101987,0.274426569704096,-0.4413596676255885,0.274426569704096,0.3150329334901389,0.5471095277795787,0.4917239156275592,0.2352595942947358,0.0753099421595571,0.19479835620657,0.0753099421595571,0.0992457491834022,0.2993288353871935
2021-05-04,0.0580377871735977,-1.9007700112449584,-0.6700737740405456,-1.8655265289969007,-0.6700737740405456,-0.6446428114431371,-0.1308813793910794,0.0033683847400078,3.61292663564816,0.4489988626569401,3.480189230391226,0.4489988626569401,0.4155643543453119,0.0171299354713116
2021-05-05,0.2846874384298451,-0.3753689750500062,0.0703291456874022,-0.3053606369728075,0.0703291456874022,0.0532701068076202,0.6374770703276147,0.0810469375997468,0.1409018674300922,0.0049461887331198,0.0932451186124387,0.0049461887331198,0.0028377042792952,0.4063770151934786
2021-05-06,0.9252469520406236,0.3705278412555161,0.8132234115911917,0.8139631236942384,0.8132234115911917,0.7853048684390715,-0.1023788666719755,0.8560819222604642,0.1372908811454729,0.6613323171600168,0.662535966734082,0.6613323171600168,0.6167037363941075,0.0104814323410381
2021-05-07,0.6613100087410874,0.87201320283915,0.7346296237811824,0.774851901328323,0.7346296237811824,0.7627361169879268,0.937790965751069,0.437330927661137,0.7604070259257925,0.5396806841368815,0.6003954689921173,0.5396806841368815,0.5817663841578203,0.8794518954443227
2021-05-10,-0.100508890447518,-2.5808216640886776,-1.0490499399026396,-2.663112991014565,-1.0490499399026396,-1.088590995302297,-0.5709354238010075,0.0101020370589911,6.660640461829451,1.1005057764097317,7.092170802910545,1.1005057764097317,1.1850303550532455,0.325967258150836
2021-05-11,-1.3727068364128312,-0.0927913578769638,-0.8711731693215893,-0.0585091607411182,-0.8711731693215893,-0.863338747930156,-0.4547071810235614,1.884324058734524,0.0086102360966507,0.7589426909458225,0.00342332189063,0.7589426909458225,0.7453537936776093,0.2067586204743939
2021-05-12,-2.0087242850628533,-2.708227365900359,-2.168276845268453,-2.653624483936257,-2.168276845268453,-2.256388536975316,-0.8664054149524961,4.034973253401271,7.334495465411596,4.7014244777273175,7.041722901745967,4.7014244777273175,5.091289229793605,0.750658343059007
2021-05-13,1.283237958058168,0.7134730516050813,1.2099654192200688,0.8235188952184389,1.2099654192200688,1.275477208166397,0.1466390177098291,1.6466996570012962,0.5090437953666671,1.464016315708397,0.6781833707817981,1.464016315708397,1.6268421085519464,0.0215030015149035
2021-05-14,1.0545994989564746,2.297147475812581,1.480775516646066,2.143053812039999,1.480775516646066,1.51211552254379,1.1993131219143809,1.112180103199247,5.276886525632113,2.192696130698424,4.592679641299171,2.192696130698424,2.2864933535178795,1.4383519643960183
2021-05-17,-0.1581918312369031,-0.3799470646172519,-0.253324416940257,-0.6006678055866308,-0.253324416940257,-0.2338840417126987,0.5559039828346032,0.0250246554700848,0.1443597719112662,0.0641732602181211,0.3608018126682585,0.0641732602181211,0.0547017449678673,0.3090292381313748
2021-05-18,-0.7812118626024825,-0.5652368691045917,-0.8553781927838235,-0.7178914856026982,-0.8553781927838235,-0.8735330518263893,0.1662318855304817,0.61029197427084,0.3194927181951613,0.73167185269012,0.515368185100849,0.73167185269012,0.7630599926331253,0.0276330397670191
2021-05-19,-0.4844837481766342,-0.0293195829096783,-0.2947775595103636,0.1529280410352641,-0.2947775595103636,-0.3263782861417315,-0.4625422642981445,0.2347245022472803,0.0008596379419975,0.086893809590886,0.0233869857348834,0.086893809590886,0.1065227856648139,0.2139453462620545
2021-05-20,0.5534217694860876,1.758910847711985,1.0499443868610716,1.916750358530369,1.0499443868610716,0.991670582533392,0.6464091534860427,0.3062756549411122,3.093767370198894,1.1023832155010715,3.6739319369262993,1.1023832155010715,0.9834105442621168,0.4178447937105423
2021-05-21,0.3622528893724851,-0.4795110260797453,-0.0784127001396456,-0.6121815481903415,-0.0784127001396456,-0.046101780973902,-0.0801121100428541,0.1312271558587139,0.2299308241320502,0.0061485515431899,0.3747662479447234,0.0061485515431899,0.0021253742089656,0.0064179501755183
2021-05-25,0.3053525495337508,1.3726466953402288,0.7734947163428678,1.8175517164670785,0.7734947163428678,0.6726506180152823,0.1883789889877938,0.0932401795067617,1.8841589502284508,0.5982940762103336,3.3034942420324223,0.5982940762103336,0.4524588539163411,0.0354866434920633
2021-05-26,0.0308674344883388,0.5900473294279908,0.1874973712845062,0.3290224105120155,0.1874973712845062,0.284823477374281,0.9226821576583346,0.0009527985118918,0.3481558509651039,0.0351552642385999,0.1082557466191372,0.0351552642385999,0.0811244132635775,0.8513423640610398
2021-05-27,0.4116759491416198,-0.012520804935226,0.1164719842704113,-0.3281730782482567,0.1164719842704113,0.1711272515064154,0.1464579607681454,0.1694770871016536,0.0001567705562259,0.0135657231198869,0.1076975692869364,0.0135657231198869,0.0292845362081399,0.0214499342723636
2021-05-28,0.1878658270893405,0.0906894237037167,0.0768591077206521,0.2096667290659682,0.0768591077206521,0.0652623205789225,0.3925147223051601,0.0352935689879619,0.0082245715717122,0.0059073224396148,0.0439601372772221,0.0059073224396148,0.004259170487346,0.1540678072262969
2021-06-01,0.1327236167741429,-0.0892188758292478,-0.0492496574969484,-0.2335166715221304,-0.0492496574969484,0.0362384493909573,0.6218228797464923,0.0176155584496095,0.0079600078042347,0.0024255287635667,0.0545300358787745,0.0024255287635667,0.0013132252142609,0.3866636937762206
2021-06-02,0.0724761056258321,0.1443941674828059,0.1445870485034223,0.1551753171920604,0.1445870485034223,0.0931243276983934,-0.0243321428806225,0.0052527858866867,0.0208496756030526,0.020905414594931,0.0240793790656565,0.020905414594931,0.0086721404092777,0.000592053177163
2021-06-03,-0.067459645672509,-1.0362948324979315,-0.3635298499241423,-1.0741322376054143,-0.3635298499241423,-0.3834002934945245,-0.1491260917755297,0.0045508037942604,1.073906979861916,0.1321539517858694,1.1537600638632146,0.1321539517858694,0.1469957850516875,0.0222385912482437
2021-06-04,0.5173447088000549,1.4582053503275236,0.87952943520972,1.7662506525101829,0.87952943520972,0.8384601281014296,0.4393238287540014,0.2676455477234136,2.126362843723816,0.7735720274003292,3.119641367492646,0.7735720274003292,0.7030153864158657,0.1930054265110752
2021-06-07,-0.363609154893478,0.4854969835865934,-0.0797028568482506,0.232954249605556,-0.0797028568482506,-0.0514901253317789,0.0305008252812719,0.1322116175223492,0.2357073210716809,0.0063525453897727,0.0542676824092877,0.0063525453897727,0.0026512330066823,0.0009303003428386
2021-06-08,-0.0878743140327067,0.3106455663684301,0.0175069614276595,0.0577320992483139,0.0175069614276595,0.1019247389549463,0.1527135880197775,0.0077218950667187,0.0965006679043627,0.0003064936984295,0.0033329952836171,0.0003064936984295,0.0103886524110339,0.0233214399658743
2021-06-09,-0.4422536989039897,-0.0945587617756622,-0.1825541746812573,0.029530361411308,-0.1825541746812573,-0.2307661633139989,-0.3177086538703431,0.1955883341942608,0.0089413594285464,0.033326026693555,0.0008720422450824,0.033326026693555,0.0532530221306632,0.1009387887441055
2021-06-10,0.0554126678724053,0.7774826314781412,0.4641367023082649,1.047012209594356,0.4641367023082649,0.3829450233732574,0.2356952374630892,0.0030705637607375,0.6044792422501751,0.2154228784295909,1.096234567039656,0.2154228784295909,0.1466468909263446,0.055552244962782
2021-06-11,0.0387706086518443,0.3495227938337319,0.1946594193743096,0.2714868668914783,0.1946594193743096,0.2514098224713253,0.4423237931872477,0.0015031600952344,0.1221661834093374,0.0378922895511433,0.0737051188945512,0.0378922895511433,0.0632068988350633,0.1956503380195551
2021-06-14,-0.2493109103450089,0.7415528186452638,0.1813565540193048,0.9236836909216086,0.1813565540193048,0.0911721834353437,0.0957911528479208,0.0621559300170571,0.5499005828407355,0.032890199685757,0.8531915608745658,0.032890199685757,0.0083123670323679,0.0091759449639337
2021-06-15,-0.2748850108520612,-0.7171553630090106,-0.2013706110178522,-0.6945613472263124,-0.2013706110178522,-0.1834533810266705,0.3648029731916987,0.0755617691911378,0.5143118146925858,0.0405501229817031,0.48241546506083,0.0405501229817031,0.0336551430101167,0.1330812092495032
2021-06-16,-0.777552689918525,-0.2359944380372864,-0.5404786783292966,-0.3383809989950885,-0.5404786783292966,-0.5338228231660612,-0.0017794350689542,0.6045881855995339,0.0556933747845346,0.2921172017285833,0.1145017004809141,0.2921172017285833,0.2849668065329839,3.16638916462425e-06
2021-06-17,-0.6196115772863756,0.8628531482283832,-0.0435731918099562,1.284688502417733,-0.0435731918099562,-0.1858084230930392,-0.4305641326604746,0.3839185067073102,0.7445155554076323,0.0018986230445072,1.6504245482443176,0.0018986230445072,0.0345247700923218,0.1853854723336668
2021-06-18,-1.5894699085077624,-0.929172923399224,-1.321143494825587,-0.8097191290491607,-1.321143494825587,-1.3879141192801827,-0.719668965909564,2.5264145900516746,0.8633623215782603,1.7454201339199655,0.6556450679481313,1.7454201339199655,1.926305602497285,0.5179234204933412
2021-06-21,1.7475997690229474,0.7887629130612462,1.3905201143734751,0.6218885139660719,1.3905201143734751,1.4643438231690789,0.7808098001632591,3.05410495268906,0.6221469330208631,1.9335461884772225,0.3867453238029292,1.9335461884772225,2.1443028324534343,0.6096639440309886
2021-06-22,0.2023058112074046,0.7873891154351019,0.5111429423335091,0.9376840014474904,0.5111429423335091,0.4861278034954799,0.2194910761777571,0.040927641248286,0.6199816191056723,0.261267107497357,0.879251286570577,0.261267107497357,0.2363202413313399,0.0481763325216699
2021-06-23,-0.2103715556725028,0.129465394789247,-0.108384748154184,0.0268141232510868,-0.108384748154184,-0.0914833209544587,-0.179660467341556,0.0442561914360689,0.0167612884479355,0.0117472536324459,0.0007189972057244,0.0117472536324459,0.0083691980128565,0.0322778835253863
2021-06-24,0.9477790360381516,0.6841581660952006,0.5794337776572367,0.6404725324180077,0.5794337776572367,0.6222820956204452,0.251266182725784,0.8982851011534079,0.4680723962347481,0.335743502690136,0.4102050647819359,0.335743502690136,0.3872350065297729,0.0631346945815871
2021-06-25,0.6907178188404081,-0.0648866610303016,0.3325072472302817,-0.1447312987444478,0.3325072472302817,0.360114442289785,0.0748664035653112,0.4770911052636508,0.0042102787796612,0.1105610694606597,0.0209471488362546,0.1105610694606597,0.1296824115456829,0.005604978382804
2021-06-28,-0.4382446214133101,0.9710100541928744,0.231236635141237,1.2455651406527164,0.231236635141237,0.1251749304775292,-0.4210974703159743,0.1920583481976955,0.942860525343649,0.0534703814314415,1.5514325196092211,0.0534703814314415,0.0156687632200542,0.1773230795065128
2021-06-29,0.026306662362891,0.1917197218195231,0.0277311386341689,0.3283352421131335,0.0277311386341689,0.0030510905108352,0.1278392247578084,0.0006920404846751,0.0367564517345553,0.0007690160499474,0.1078040312134899,0.0007690160499474,9.309153305308876e-06,0.0163428673866774
2021-06-30,0.6111661090305305,-0.1679647551873223,0.1327232914611209,-0.1232166995609196,0.1327232914611209,0.135171551221117,-0.0269730221832367,0.3735240128275183,0.0282121589851371,0.0176154720962736,0.0151823550506859,0.0176154720962736,0.018271348259523,0.0007275439256973
2021-07-02,0.8192787232960972,0.9290167950932304,1.268017322717545,1.1804483665785477,1.268017322717545,1.1802912538929402,0.2997153390283113,0.671217626445683,0.8630722055652971,1.607867930711771,1.3934583461579613,1.607867930711771,1.3930874440161691,0.0898292844488556
2021-07-06,-0.6025464010371321,0.1659559405034249,-0.2023947663491245,0.3979474106224844,-0.2023947663491245,-0.2884844515455148,0.3648019869524208,0.3630621654028004,0.0275413741883763,0.0409636414455167,0.1583621416211402,0.0409636414455167,0.0832232787835164,0.1330804896844342
2021-07-07,0.3015371874762921,0.0097038045024806,0.3353382436303607,0.163382056320871,0.3353382436303607,0.2975175578863742,-0.0464639261309948,0.0909246754311125,9.416382182236426e-05,0.1124517376410951,0.0266936963276362,0.1124517376410951,0.088516697250672,0.0021588964315065
2021-07-08,-0.7521117536030311,-0.7204722186909812,-0.8597867216573877,-0.5986540398486826,-0.8597867216573877,-0.895221415116137,-1.1369624860311447,0.5656720899078265,0.5190802179055051,0.7392332067383582,0.358386659427148,0.7392332067383582,0.8014213820825388,1.292683694642121
2021-07-09,1.2937685875315637,0.9714753306225028,1.1214829918570923,0.7036457509783479,1.1214829918570923,1.2208713739971042,0.9759209343292464,1.6738371580834173,0.9437643180081012,1.257724101024735,0.4951173428698832,1.257724101024735,1.490526911845577,0.9524216700620692
2021-07-12,0.3607356476996805,0.2128136071625712,0.3445214723939316,0.3487616509866219,0.3445214723939316,0.3415426652849131,-0.1228420374953939,0.130130207521308,0.0452896313935452,0.1186950449404826,0.1216346891989142,0.1186950449404826,0.1166513922099222,0.0150901661760197
2021-07-13,-0.3073159780662158,-0.3779964402645356,-0.3523028967647121,-0.0225057218117448,-0.3523028967647121,-0.4626607702290848,0.1855138318119391,0.0944431103747948,0.1428813088526606,0.1241173310688074,0.0005065075142676,0.1241173310688074,0.21405498830897,0.0344153817935484
2021-07-14,0.1272993052022265,-0.2230498446014033,0.1164292275068231,0.1739514446081603,0.1164292275068231,0.044059922205997,-0.6106720737638519,0.0162051131049696,0.0497512331767101,0.0135557650178355,0.0302591050812658,0.0135557650178355,0.0019412767447985,0.3729203816750434
2021-07-15,0.1538628239254848,-0.6976779258165864,-0.3267568936996537,-0.7122342516946976,-0.3267568936996537,-0.3309235779360349,0.180903256201677,0.0236737685863247,0.4867544881717342,0.1067700675802468,0.5072776292871058,0.1067700675802468,0.1095104144339869,0.0327259881043695
2021-07-16,-0.858775057168471,-0.8001045086607239,-0.7567500391698109,-0.7688580322560321,-0.7567500391698109,-0.7987134030052202,-0.9867326804931684,0.7374945988147107,0.6401672247792184,0.5726706217835102,0.5911426737646177,0.5726706217835102,0.6379431001401793,0.973641382753233
2021-07-20,-0.508258136751228,0.495338876183447,-0.0947952839818246,0.3184814610101298,-0.0947952839818246,-0.0070878539526619,-0.2145349041201205,0.25832633357383,0.2453606022586802,0.0089861458651947,0.1014304410071468,0.0089861458651947,5.023767365426628e-05,0.0460252250858293
2021-07-21,0.8252984929750866,0.9136500166948986,0.8208068658883821,0.7738878642803155,0.8208068658883821,0.8660506914316132,0.8356027084437193,0.6811176025069491,0.8347563530065886,0.6737239110895086,0.5989024264803481,0.6737239110895086,0.7500438001291753,0.6982318863584793
2021-07-22,0.0728170378398158,0.3591354015802516,0.2014630238242788,0.6549710690246751,0.2014630238242788,0.0852912748564842,-0.062326573854709,0.0053023209997651,0.1289782366682085,0.0405873499684219,0.4289871012593256,0.0405873499684219,0.0072746015666443,0.0038846018084665
2021-07-23,0.6817129007379715,1.0324333071841243,1.0094319060166317,1.142207621436099,1.0094319060166317,0.9950231546334832,0.4513243665093632,0.4647324790325794,1.0659185337831487,1.0189527728843697,1.304638250466711,1.0189527728843697,0.9900710782567688,0.203693683805078
2021-07-26,0.235763567383214,0.0250828030329647,0.2379419942212948,0.0936577938595492,0.2379419942212948,0.2459781843687067,-0.116322334487473,0.0555844597052593,0.0006291470079905,0.0566163926140067,0.0087717823506378,0.0566163926140067,0.0605052671853254,0.0135308855006155
2021-07-27,-0.2444018919945799,-1.221229613389245,-0.4723618672649374,-1.1234399189527182,-0.4723618672649374,-0.4875854367661036,0.0415981736517271,0.0597322848105303,1.491401768618845,0.2231257336460184,1.26211725149649,0.2231257336460184,0.237739558146392,0.0017304080511592
2021-07-28,-0.3646164811149308,0.6933885327152951,-0.0186319174372443,0.4078594961636229,-0.0186319174372443,0.0437911170747003,0.282399717423686,0.1329451783006346,0.4807876573010698,0.0003471483473882,0.1663493686108443,0.0003471483473882,0.0019176619346501,0.0797496004009777
2021-07-29,0.4387691984553949,0.1061580999472485,0.4197385011620316,0.2013074316926442,0.4197385011620316,0.4715280758121194,0.4014589708773395,0.1925184095131897,0.01126954218441,0.1761804093577488,0.0405246820546886,0.1761804093577488,0.2223387262790798,0.1611693052978925
2021-07-30,-0.425764635455583,-0.717032768454754,-0.5420682382193263,-0.5896127411874452,-0.5420682382193263,-0.5093465476004374,-0.1181293145819769,0.1812755248046255,0.514135991037889,0.2938379748862042,0.3476431845705732,0.2938379748862042,0.2594339055524846,0.0139545349636076
2021-08-03,0.516550277720248,0.6021427535662551,0.6325424422805602,0.6763619574489652,0.6325424422805602,0.5984387044749352,0.3839758343752365,0.2668241894128653,0.3625758956723519,0.4001099412862559,0.4574654974841958,0.4001099412862559,0.3581288830136388,0.147437441384159
2021-08-04,-0.9261566556084668,0.1302424665086117,-0.4643208229642879,0.1457564449938214,-0.4643208229642879,-0.5287841880462414,-0.1775131819464881,0.85776615072786,0.0169631000822468,0.2155938266382336,0.0212449412572369,0.2155938266382336,0.2796127175277227,0.031510929764767
2021-08-05,0.7775553841180776,0.772246400318237,0.5987499431547569,0.649253247858926,0.5987499431547569,0.6375669201218532,0.2247870445294849,0.6045923753710112,0.5963645028044747,0.3585014944278246,0.421529779855364,0.3585014944278246,0.4064915776336655,0.0505292153883006
2021-08-06,0.4105543121914415,-0.3992823680474817,0.167388219492745,-0.4772516373953503,0.167388219492745,0.2063617393317995,0.4892925217617865,0.1685548432589876,0.1594264094336046,0.0280188160249513,0.2277691253965429,0.0280188160249513,0.0425851674600455,0.2394071718520083
2021-08-09,-0.3033966006860391,0.1644332950789497,-0.0940367895186531,0.1570837781472955,-0.0940367895186531,-0.1243584842462343,-0.1857608072538578,0.0920494973078438,0.0270383085305209,0.0088429177829754,0.0246753133570287,0.0088429177829754,0.0154650326040209,0.0345070775116049
2021-08-10,0.4627788123668617,-0.4863026184025781,0.0992208986475461,-0.5269155470104893,0.0992208986475461,0.1352078409393403,0.284952539516624,0.2141642291756829,0.2364902366652035,0.0098447867284266,0.2776399936813631,0.0098447867284266,0.0182811602514779,0.0811979497769731
2021-08-11,0.6227558003933688,-0.1553265807333259,0.2464982197991973,-0.1716945326293966,0.2464982197991973,0.292488575458697,0.2838996054179021,0.3878247869235853,0.0241263466823064,0.0607613723641733,0.0294790125348269,0.0607613723641733,0.0855495667738578,0.0805989859564405
2021-08-12,0.0419235046327282,0.3456702934538742,0.2947738741945439,0.4065917117681041,0.2947738741945439,0.2465220540060923,-0.1626796084890373,0.0017575802406903,0.1194879517764875,0.0868916369076607,0.165316820078517,0.0868916369076607,0.0607731231113827,0.0264646550181464
2021-08-13,0.0437597979367283,0.0447785977125015,0.1606033834479566,0.3155930292901119,0.1606033834479566,0.116664964238067,-0.0123298342914311,0.0019149199154632,0.002005122813098,0.0257934467749313,0.0995989601365094,0.0257934467749313,0.0136107138806694,0.0001520248136541
2021-08-16,0.3092948986639224,-0.1967541876722307,0.2617430981866714,0.0270432287061856,0.2617430981866714,0.2133699546901267,-0.1690182881098899,0.095663334339526,0.0387122103665594,0.0685094494483575,0.000731336218855,0.0685094494483575,0.0455267375644667,0.0285671817155977
2021-08-17,-0.7950620342684545,-0.9343447686841826,-0.7085769790768185,-0.9152587451025213,-0.7085769790768185,-0.7547057496331526,-0.58672761488005,0.632123638335093,0.8730001467674987,0.5020813352776301,0.837698570486642,0.5020813352776301,0.5695807685293388,0.3442492940628323
2021-08-18,-1.088403544194673,-0.8927930998454018,-1.0806639720144595,-0.9705324384247204,-1.0806639720144595,-1.0666477284912954,-0.3023680735401684,1.1846222750155253,0.7970795191315616,1.167834620410069,0.9419332140346338,1.167834620410069,1.1377373766956402,0.0914264518963927
2021-08-19,-0.1905766199575893,0.1092208911322526,0.125595202557439,0.5102814492755308,0.125595202557439,0.04380070748439,-0.4282110040796321,0.0363194480744594,0.0119292030597233,0.0157741549054441,0.260387157474736,0.0157741549054441,0.0019185019761331,0.1833646640148867
2021-08-20,0.6454717333126261,1.1818043963089049,0.8108577149077302,1.0566297107634122,0.8108577149077302,0.849314607756852,0.6098497043223529,0.4166337585056059,1.396661631135055,0.6574902338253859,1.116466345667972,0.6574902338253859,0.7213353029491754,0.3719166618620612
2021-08-23,0.6120833644009397,1.5375194369486402,0.8487698356534068,1.4487687599297194,0.8487698356534068,0.8597744850788859,0.6773793622863248,0.3746460449763735,2.363966018994864,0.7204102339151112,2.098930919748297,0.7204102339151112,0.7392121651926633,0.458842800451428
2021-08-24,0.0864174048811857,0.5149656676318917,0.1494575194334851,0.2925549818212921,0.1494575194334851,0.2120850112042507,0.3436930409704482,0.0074679678663987,0.2651896388395599,0.0223375501152105,0.0855884173884565,0.0223375501152105,0.0449800519775071,0.1181249064115142
2021-08-25,0.1108921884762022,0.1467583938679406,0.2217666081518089,0.0731548616963844,0.2217666081518089,0.2447551964637349,0.1923419728181533,0.0122970774650415,0.0215380261706975,0.0491804284911579,0.0053516337898171,0.0491804284911579,0.0599051061960014,0.0369954345075792
2021-08-26,-0.5448497146360478,-0.6406122336085414,-0.5841962859469615,-0.5899368304719711,-0.5841962859469615,-0.6174246126174222,-0.4048047615399578,0.2968612115389827,0.4103840338489243,0.341285300514224,0.3480254639473151,0.341285300514224,0.3812131522657739,0.1638668949654221
2021-08-27,0.686820496967363,1.221575415290058,0.876904555289769,1.0057043941912678,0.876904555289769,0.9819822737342826,0.6828416869046128,0.4717223950544955,1.4922464952410777,0.7689615990879475,1.011441328495625,0.7689615990879475,0.9642891859283516,0.4662727693747372
2021-08-30,-0.1579644081359427,0.8974381371888381,0.4297341469056862,1.1092051944301204,0.4297341469056862,0.3661340187235526,-0.2408850327040327,0.0249527542377386,0.8053952100809718,0.1846714370167578,1.2303361633507612,0.1846714370167578,0.1340541196666588,0.0580255989808229
2021-08-31,-0.110537544188573,-0.0436034257382317,-0.1350057157132422,-0.1447691048146407,-0.1350057157132422,-0.1393216038358051,-0.0584293877093589,0.0122185486752407,0.0019012587361094,0.0182265432752447,0.0209580937088324,0.0182265432752447,0.019410509295381,0.0034139933480905
2021-09-01,-0.1363862873254387,0.3280884223335081,0.0311713464897868,0.1862725952785748,0.0311713464897868,0.0513006665818586,0.5167614544087901,0.0186012193704171,0.1076420128692904,0.0009716528419863,0.0346974797518157,0.0009716528419863,0.002631758391743,0.267042400762688
2021-09-02,0.3710862503411898,0.1422689735372488,0.2838528167776818,-0.0468800869226607,0.2838528167776818,0.3014640671428361,0.5088151906423523,0.1377050051922841,0.0202404608313424,0.0805724215926242,0.0021977425498762,0.0805724215926242,0.0908805837783004,0.2588928982284132
2021-09-03,-0.2110562422525005,0.2107140277671916,-0.0335082969236693,0.3110399128807609,-0.0335082969236693,-0.0733498725135515,0.1264400989758746,0.0445447373937461,0.0444004014978727,0.0011228059627247,0.0967458274048713,0.0011228059627247,0.0053802037977542,0.0159870986290289
2021-09-07,-0.7636998556954939,0.0703432602332402,-0.3401266163481994,0.1462241355529317,-0.3401266163481994,-0.4043888412345641,-0.0711058868637099,0.5832374695893182,0.0049481742602413,0.1156861151484752,0.0213814978182021,0.1156861151484752,0.1635303349150335,0.0050560471466747
2021-09-08,-0.1965852468906689,-0.5719992306108403,-0.1319445404559348,-0.3509457069614177,-0.1319445404559348,-0.1629913141100155,-0.3121180186298212,0.0386457592950652,0.3271831198193933,0.0174093617561278,0.1231628892346492,0.0174093617561278,0.0265661684753097,0.0974176575534054
2021-09-09,-0.4339660112003209,-0.2514043375256719,-0.461623827628892,-0.3835563889258354,-0.461623827628892,-0.4447241432362319,-0.176224849005607,0.188326498877117,0.0632041409267219,0.213096558234749,0.1471155034858267,0.213096558234749,0.1977795635772005,0.031055197407049
2021-09-10,-0.7818831768462666,-0.8744694232638989,-0.7752617623130542,-0.7760815385217991,-0.7752617623130542,-0.7911681563388522,-0.349361347909262,0.6113413022352102,0.764696772223496,0.6010308001047425,0.6023025544343626,0.6010308001047425,0.6259470516046185,0.1220533514129764
2021-09-13,0.7539424211663524,-0.0655966078469224,0.2273922239413449,-0.0404531129814105,0.2273922239413449,0.2631115421552351,0.161503318318549,0.5684291744341814,0.0043029149610229,0.0517072235089907,0.0016364543498867,0.0517072235089907,0.069227683615306,0.0260833218279025
2021-09-14,-0.8411122817503603,-0.450003962422677,-0.5763174377801672,-0.3348759997582105,-0.5763174377801672,-0.6265173163573536,-0.5490597655724693,0.7074698705112976,0.20250356619611,0.3321417890894969,0.112141935214061,0.3321417890894969,0.3925239476956203,0.3014666261704949
2021-09-15,0.6825706039243212,0.8196927888116623,0.8438206673245678,0.781123554408737,0.8438206673245678,0.8615534634154574,0.6814575973023886,0.4659026293416126,0.6718962680298404,0.712033318604079,0.6101540072521392,0.712033318604079,0.7422743703231698,0.4643844569211445
2021-09-16,-0.1813364231223034,0.1344277005737264,-0.155230112303541,0.0797822311193053,-0.155230112303541,-0.158588789099513,-0.4440642914920069,0.032882898350791,0.0180708066815394,0.0240963877657699,0.0063652044023742,0.0240963877657699,0.0251504040280498,0.1971930949782981
2021-09-17,-0.4801008915041269,-0.9128396142004436,-0.9152683146433817,-1.1827669705368888,-0.9152683146433817,-0.8777510499304432,-0.5438480704815525,0.2304968660230574,0.8332761612536145,0.8377160877901363,1.3989377065930098,0.8377160877901363,0.7704469056539953,0.2957707237665076
2021-09-20,-1.792502106679867,-2.218428438464349,-1.712302037376946,-2.117588137015579,-1.712302037376946,-1.7125788629510057,-1.652495845472175,3.213063802451761,4.921424736587371,2.93197826720524,4.48417951802911,2.93197826720524,2.932926361826558,2.7307425193027983
2021-09-21,-0.1491534370801308,0.2206020446169002,-0.0812679683659171,0.1037618158768955,-0.0812679683659171,-0.0875106300786439,0.4443205293529931,0.0222467477928165,0.0486652620891568,0.0066044826823237,0.0107665144340707,0.0066044826823237,0.0076581103767612,0.197420732804524
2021-09-22,0.9929344405003312,1.015073024695192,0.9474540664091248,0.98490149310906,0.9474540664091248,0.9833452625650316,0.7735158917229471,0.985918803131706,1.030373245463846,0.8976692079551865,0.9700309511284558,0.8976692079551865,0.9669679054090912,0.598326834747946
2021-09-23,1.4676533828445244,1.0377503249724975,1.2061715863250255,0.9187129320782438,1.2061715863250255,1.23197929648022,0.2958149076806563,2.154006452174976,1.0769257369805243,1.454849895657829,0.8440334515678037,1.454849895657829,1.5177729869558976,0.0875064596061152
2021-09-27,0.3002914396475517,-0.5480888648659078,-0.1320274727916308,-0.7323155390859107,-0.1320274727916308,-0.038393573978085,0.0072815504358925,0.0901749487255992,0.3004014037899993,0.0174312535717448,0.5362860487866881,0.0174312535717448,0.0014740665228106,5.302097675044649e-05
2021-09-28,-1.6463658710664937,-2.868319930228473,-2.057432158747444,-2.8994268505196685,-2.057432158747444,-2.0110276033080745,-1.42373157459641,2.710520581412534,8.227259222145875,4.233027087848166,8.406676061514405,4.233027087848166,4.044232021267018,2.0270115965027733
2021-09-29,0.264159400152205,-0.2356713564291873,0.1567936373304978,-0.1179818522323103,0.1567936373304978,0.1525890231215743,-0.0793409191810164,0.0697801886887728,0.055540988241173,0.0245842447073276,0.0139197174561667,0.0245842447073276,0.0232834099771963,0.0062949814564885
2021-09-30,-1.6027236502650657,-0.4410072510540304,-1.1981220973814677,-0.4297875050983574,-1.1981220973814677,-1.2313437774901816,-0.4369557908757235,2.5687230991189764,0.1944873954822326,1.435496560233767,0.1847172995386705,1.435496560233767,1.51620749836379,0.190930363179829
2021-10-01,1.415698827940659,0.8141686766733323,1.1425952216359554,0.6936585480332708,1.1425952216359554,1.1902078225810555,0.4008844506030337,2.004203171432556,0.662870634076005,1.305523840505318,0.4811621812596254,1.305523840505318,1.416594660933138,0.1607083427352961
2021-10-04,-0.9469902714323032,-2.1596150875496165,-1.3070933999937524,-2.1853118766958053,-1.3070933999937524,-1.2440458121691835,-0.4906096731469501,0.8967905741874275,4.663937326371938,1.7084931563072276,4.775587998427742,1.7084931563072276,1.5476499827756836,0.2406978513853572
2021-10-05,0.9126516184483788,1.2433011898103938,1.0469458977261836,1.38627853398577,1.0469458977261836,0.9797705308678094,0.6520603841927086,0.8329329766564453,1.545797848583941,1.0960957127656843,1.921768173789736,1.0960957127656843,0.9599502931569892,0.4251827446335428
2021-10-06,0.2977207701026615,0.470567701229185,0.4094493547635241,0.6291200920803793,0.4094493547635241,0.3435221393987334,0.0407677115468247,0.0886376569505218,0.2214339614401196,0.1676487741162662,0.3957920902592249,0.1676487741162662,0.1180074602570828,0.0016620063047651
2021-10-07,0.9771460142610584,1.0433993743201198,0.826404773501655,0.8790408615953833,0.826404773501655,0.8785297300192041,1.1059545294421511,0.9548143331862724,1.0886822543316177,0.6829448496663216,0.7727128363543538,0.6829448496663216,0.7718144865276156,1.22313542119361
2021-10-08,-0.0250090107818167,-0.5095457342848962,-0.1915574290979084,-0.5140687746705909,-0.1915574290979084,-0.2228945358419042,0.00048980567451,0.000625450620285,0.259636855327934,0.0366942486426002,0.2642667050913227,0.0366942486426002,0.0496819741081779,2.399095987822158e-07
2021-10-12,-1.064492377961851,-0.7823086403449583,-0.9309160465930936,-1.076147649859286,-0.9309160465930936,-0.8583915445663044,0.1018763996063774,1.133144022738876,0.6120068087583773,0.866604685804515,1.1580937642976648,0.866604685804515,0.7368360437829258,0.0103788007967582
2021-10-13,-0.0015321101421021,0.7280946952346766,0.3017978181310264,0.7643010894010882,0.3017978181310264,0.2939629396219401,0.8834420817414719,2.347361487532172e-06,0.5301218852288766,0.091081923028648,0.5841561552596902,0.091081923028648,0.0864142098711723,0.7804699117917054
2021-10-15,2.632300380856928,2.2105842728987404,2.43516119570544,2.488771912567603,2.43516119570544,2.35339921015832,1.4905477520975274,6.929005295059529,4.8866828275872525,5.930010049069547,6.193985632785405,5.930010049069547,5.538487842373803,2.221732601282992
2021-10-18,-0.1024634967726568,0.8320404973593744,0.336912271696709,1.011358895281391,0.336912271696709,0.3311665647325883,0.2732774720933456,0.0104987681708802,0.6922913892460351,0.113509878819837,1.0228468150647956,0.113509878819837,0.1096712935967836,0.0746805767537292
2021-10-19,0.5619760112894739,0.7116302087120753,0.7366160006043284,0.715237543808237,0.7366160006043284,0.6929657485751006,0.4830734364171821,0.3158170372648269,0.5064175539515918,0.542603132346316,0.5115647440728398,0.542603132346316,0.4802015286982495,0.2333599449719052
2021-10-20,0.4278321102682412,-0.0490037155309545,0.3657320586952314,-0.1429377623929846,0.3657320586952314,0.397280459891296,0.4787688346138269,0.1830403145765765,0.0024013641358387,0.1337599387574522,0.0204312039179133,0.1337599387574522,0.1578317638114396,0.2292195969974819
2021-10-21,-0.0175663747555654,0.6198446090671488,0.299142747209858,0.6534321644979662,0.299142747209858,0.297649369429296,0.1141493943136329,0.0003085775220529,0.3842073393896065,0.089486383208261,0.4269735936004971,0.089486383208261,0.0885951471216575,0.0130300842221692
2021-10-22,0.2074560975103139,-0.8282263017944735,-0.1073154958358597,-0.8722798356360787,-0.1073154958358597,-0.0904533312892359,0.0177239188991384,0.0430380323942089,0.6859588069841503,0.0115166156464964,0.7608721116573045,0.0115166156464964,0.0081818051413202,0.0003141373011432
2021-10-25,0.1795829330007918,0.9005333361302144,0.4736942230947685,1.030995979220067,0.4736942230947685,0.4821137789649475,0.3232398106884472,0.0322500298251669,0.8109602894818136,0.2243862169933563,1.0629527091679447,0.2243862169933563,0.2324336958678622,0.1044839752139032
2021-10-26,0.0440167954705211,0.0591482880671253,0.1818128616510003,0.2915202230241962,0.1818128616510003,0.1091609082572615,-0.5247043889932821,0.0019374782834936,0.0034985199812716,0.0330559166617257,0.0849840404320771,0.0330559166617257,0.0119161038915502,0.2753146958288134
2021-10-27,-0.7472231250913287,0.0008073103461415,-0.5064400451443849,0.2497347073713334,-0.5064400451443849,-0.6047534629846849,-1.0371234167311565,0.5583423986712515,6.517499949871542e-07,0.2564815193258466,0.0623674240658455,0.2564815193258466,0.3657267509919686,1.0756249815321082
2021-10-28,0.6733596598679192,1.3836767778467345,0.978134404008955,1.1458935952415947,0.978134404008955,1.0354449051802146,1.1507861292407666,0.4534132315374399,1.914561425552321,0.9567469123059535,1.3130721316157077,0.9567469123059535,1.0721461516636637,1.3243087152529465
2021-10-29,0.2490019446278449,0.3248834890526598,0.194744568057697,0.4572446978499861,0.194744568057697,0.1761343265030507,-0.7598545839249969,0.0620019684284483,0.1055492814590297,0.0379254467879789,0.2090727137119251,0.0379254467879789,0.0310233009726832,0.5773789887118302
2021-11-01,0.2628672301416623,0.6273002473258863,0.1798450433493269,0.3451724768903773,0.1798450433493269,0.344705134425714,0.993005997106835,0.0690991806823496,0.3935056002951181,0.0323442396173212,0.119144038802638,0.0323442396173212,0.1188216296994495,0.9860609102901396
2021-11-02,0.385705246979227,0.3436528262178474,0.3673611276116367,0.4217114020036742,0.3673611276116367,0.3435209987367552,-0.3630622074852918,0.1487685375473064,0.118097264967514,0.1349541980800932,0.1778405065799045,0.1349541980800932,0.1180066765730978,0.131814166504093
2021-11-03,0.2906729770967348,1.029728670377992,0.6440511240473569,1.0711502363455525,0.6440511240473569,0.7088522882337916,0.4481673744217956,0.0844907796142789,1.0603411345984273,0.4148018503866639,1.1473628288231326,0.4148018503866639,0.5024715665342825,0.2008539954961259
2021-11-04,-0.0922756720801401,0.8108159678571573,0.4173172106260179,1.2418525969737986,0.4173172106260179,0.3576916806680082,0.3615822193804228,0.0085147996578415,0.6574225337321387,0.1741536542846802,1.5421978726105678,0.1741536542846802,0.1279433384191043,0.1307417013720722
2021-11-05,0.5623598828340208,0.1960398092162098,0.372590830062826,0.0803103583073468,0.372590830062826,0.4467186717528343,0.5312883791146892,0.3162486378210936,0.0384316067975279,0.1388239266469057,0.0064497536514544,0.1388239266469057,0.1995575716926165,0.2822673417823137
2021-11-08,0.2866016581842017,0.0674032605846642,0.0887306784404892,-0.142833555259185,0.0887306784404892,0.0865015749786677,0.4683313544966424,0.082140510473934,0.0045431995374441,0.0078731332965095,0.0204014245079786,0.0078731332965095,0.00748252247379,0.2193342576046597
2021-11-09,-0.3085563939271579,-0.6013027665932216,-0.3504869385575243,-0.7131872931361465,-0.3504869385575243,-0.3361942474718169,0.176032801083257,0.0952070482333314,0.3615650171126623,0.1228410940994258,0.5086361150908637,0.1228410940994258,0.1130265720331412,0.0309875470572175
2021-11-10,-0.663084836847994,-1.6747093832149562,-0.8259833757375561,-1.4554475862299112,-0.8259833757375561,-0.833705052834945,-0.6158910877173984,0.4396815008577308,2.8046515182282192,0.6822485369948088,2.1183276762624748,0.6822485369948088,0.6950641151225184,0.3793218319297201
2021-11-11,-0.4408422478832147,0.520804550984189,0.0550775725575221,0.2929662541584478,0.0550775725575221,0.0987208677352983,0.5578039321925472,0.1943418875187257,0.2712373803258427,0.0030335389988291,0.0858292260756322,0.0030335389988291,0.0097458097264102,0.3111452267694678
2021-11-12,0.497271705928895,0.9927267568993972,0.7196680911038463,1.0387915487461132,0.7196680911038463,0.6743303347534684,0.8606641607906508,0.2472791495174334,0.9855064138639948,0.517922161353054,1.0790878817463485,0.517922161353054,0.4547214003687247,0.7407427976694752
2021-11-15,-0.0356071178954001,-0.0448497182528114,-0.0010677315509449,-0.0665040624714979,-0.0010677315509449,0.011200403226231,-0.393311594921317,0.0012678668448169,0.0020114972273565,1.1400506648832996e-06,0.0044227903252129,1.1400506648832996e-06,0.0001254490324301,0.1546940106995501
2021-11-16,0.1516530150337271,0.7541202472617103,0.385775812258696,0.7425089306552387,0.385775812258696,0.3651917120753849,0.1570498550457794,0.0229986369688198,0.5686973473300632,0.1488229773238567,0.5513195121027861,0.1488229773238567,0.1333649865685508,0.0246646569699003
2021-11-17,-0.5859831082655619,-0.3278466751347173,-0.2605019594335724,-0.0104053490578013,-0.2605019594335724,-0.3101413022390887,-0.2957794814824029,0.3433762031725692,0.1074834423968888,0.0678612708687306,0.0001082712890146,0.0678612708687306,0.0961876273545577,0.0874855016659991
2021-11-18,-0.1674264311433977,0.4520663493770949,0.3379039774514253,1.0667830726247214,0.3379039774514253,0.2896811343943412,-0.0715167494242998,0.0280316098454149,0.2043639842391336,0.1141790979774933,1.1380261240386416,0.1141790979774933,0.0839151596239923,0.005114645448218
2021-11-19,-0.7526493753654545,0.3976586795943523,-0.139962798705924,0.5467591875305046,-0.139962798705924,-0.182466513103373,-0.3820569156444618,0.5664810822380089,0.1581324254567238,0.019589585021595,0.2989456091490174,0.019589585021595,0.0332940284041033,0.1459674867917594
2021-11-22,0.0484906030757618,-1.270252526443233,-0.320225411956815,-1.1674777638281175,-0.320225411956815,-0.2668509458421618,-0.6248187900660029,0.002351338586651,1.6135414809354165,0.1025443144629119,1.3630043290331022,0.1025443144629119,0.0712094272968563,0.3903985204195438
2021-11-23,0.5447332016478914,-0.5034425069370735,0.1655707232782677,-0.4543736108448952,0.1655707232782677,0.1484420858410249,0.1539375420312779,0.2967342609775623,0.2534543577910852,0.0274136644068886,0.2064553782322283,0.0274136644068886,0.0220350528488342,0.0236967668466314
2021-11-24,-0.0263195446076831,0.443309980763836,0.2291273723497374,0.3739798014548718,0.2291273723497374,0.1975806342777266,0.4402572561251026,0.0006927184283558,0.1965237390448326,0.0524993527598952,0.1398608918962254,0.0524993527598952,0.0390381070415887,0.1938264515708042
2021-11-26,-2.5602412697822112,-2.256663526785892,-2.298704497328377,-2.1130462708140456,-2.298704497328377,-2.3895008895676484,-1.9803184181453548,6.554835359496029,5.09253027312574,5.2840423660377045,4.464964542601145,5.2840423660377045,5.709714501244583,3.92166103724572
2021-11-29,0.6756858684984877,1.8621272768091088,1.31138573926838,2.3048609492739494,1.31138573926838,1.201887418120791,0.1092847164584923,0.4565513928885555,3.4675179950365065,1.7197325571564752,5.312383995488011,1.7197325571564752,1.4445333658370612,0.011943149251413
2021-11-30,-1.8737258872248213,-1.5654144114724398,-1.9143376992336785,-1.6186901617415566,-1.9143376992336785,-1.9628714629105184,-2.3393643386343004,3.5108487004564446,2.4505222796456048,3.664688826707293,2.6201578397189067,3.664688826707293,3.85286437990848,5.4726255088738975
2021-12-01,-1.3478862117970134,-1.842357692302345,-1.1885550113429817,-1.6131410934892143,-1.1885550113429817,-1.2229404980670429,-0.9502415476520524,1.8167972399525032,3.3942818663856222,1.412663014988515,2.602224187503579,1.412663014988515,1.4955834618124668,0.902958998884168
2021-12-02,1.7994532478188416,0.8308613464250186,1.409462571569703,0.7094500754018352,1.409462571569703,1.516533478515193,1.442927352976043,3.2380319910857773,0.6903305769831948,1.98658474065588,0.5033194094876697,1.98658474065588,2.299873791457391,2.08203934596645
2021-12-03,-0.1725294273561723,-1.9421624660589203,-0.8484472537634198,-1.7583819415476118,-0.8484472537634198,-0.8862772543942453,-0.6221016166662093,0.0297664033038487,3.7719950445680666,0.7198627424186889,3.091907052360749,0.7198627424186889,0.7854873716566019,0.3870104214587113
2021-12-06,1.8535868878740784,0.9216635643949596,1.166265505592308,0.8499775491536182,1.166265505592308,1.2429918452686048,1.0981359133865891,3.4357843508987105,0.8494637259332217,1.360175229534482,0.7224618340651915,1.360175229534482,1.5450287274042511,1.2059024842693984
2021-12-07,1.3880996324016472,2.987819198165986,2.049558617174563,2.981108907128766,2.049558617174563,2.0111058089600022,1.435165475887089,1.926820589473588,8.927063560929234,4.200690525234506,8.887010316162469,4.200690525234506,4.044546574832665,2.059699943178216
2021-12-08,0.0988510382564893,0.6359067322791766,0.3080543895616996,0.4197683681975211,0.3080543895616996,0.3269350443718595,-0.4038831247738034,0.0097715277643859,0.4043773721579803,0.0948975069282313,0.1762054829392096,0.0948975069282313,0.1068865232384297,0.1631215784770516
2021-12-09,-0.0001843393054497,-1.7226014797787883,-0.7207038387208449,-1.504236155446698,-0.7207038387208449,-0.785507336831248,-0.7230971129127883,3.398097953369079e-08,2.967355858136072,0.5194140231469616,2.262726411353063,0.5194140231469616,0.6170217762157196,0.5228694347028098
2021-12-10,0.6031576563975594,0.7270553757167536,0.9503806818878938,1.123160109731143,0.9503806818878938,0.8787213629691191,-0.1667778666286034,0.3637991584709962,0.5286095193586298,0.903223440505698,1.2614886320912733,0.903223440505698,0.7721512337383063,0.0278148567971882
2021-12-13,-0.8937192240527084,-1.40009901489559,-0.9178200213042892,-1.5390564316062707,-0.9178200213042892,-0.9445380564578814,-0.682870930899991,0.7987340514413752,1.9602772515116016,0.8423935915070061,2.368694699668628,0.8423935915070061,0.8921521400972319,0.4663127082682202
2021-12-14,-0.2999374515712821,-1.1460922616556866,-0.7498643121874399,-1.0478995719513338,-0.7498643121874399,-0.7306468587008026,-0.4825477476914044,0.0899624748550752,1.313527472227047,0.5622964866923423,1.0980935128957885,0.5622964866923423,0.5338448321293506,0.2328523288020473
2021-12-15,1.0724719739752258,2.1293576398425573,1.6216212899904034,2.327097159519812,1.6216212899904034,1.581038309833161,0.5823126509106681,1.150196134962317,4.534163958355866,2.62965560815014,5.415381189845179,2.62965560815014,2.499682137160099,0.3390880234106096
2021-12-16,-0.0829522120370164,-2.5054831339121,-0.8781825842753357,-2.6478077436450254,-0.8781825842753357,-0.9190750342228244,-0.1415598900201517,0.0068810694818341,6.277445734317998,0.7712046513245071,7.01088584730656,0.7712046513245071,0.8446989185316861,0.0200392024625174
2021-12-17,-1.4936597323962193,-0.070859696850137,-1.0341010906645294,-0.3946078877572211,-1.0341010906645294,-0.951352392551492,-0.002844815095653,2.2310193961819453,0.0050210966376933,1.0693650657135692,0.1557153850802156,1.0693650657135692,0.905071374813448,8.092972928455716e-06
2021-12-20,-1.23270838357365,-1.2519837254847246,-1.14533730102018,-1.1061070794537975,-1.14533730102018,-1.1871561031062083,-0.9737606502532806,1.5195699589327611,1.5674632488786102,1.3117975331081904,1.22347287121781,1.3117975331081904,1.4093396131423184,0.948209803981692
2021-12-21,1.5919268449155484,2.3755660464022057,1.7621763861808752,2.2689333397530413,1.7621763861808752,1.8349837968651344,1.865086312202864,2.5342310795627725,5.643314040819006,3.1052656160134893,5.1480585002428905,3.1052656160134893,3.367165534757585,3.478546951966479
2021-12-22,0.7332085140784165,1.1716760617426147,1.012871135227677,1.2053712122600215,1.012871135227677,1.0106788765981738,0.691419716355902,0.5375947251170794,1.3728247936606834,1.0259079365774024,1.452919759345194,1.0259079365774024,1.0214717916017466,0.478061224165676
2021-12-23,0.5485539919536356,0.8435070262576975,0.6204416895324275,0.7884283151614435,0.6204416895324275,0.6242043055408859,0.7041106930794956,0.3009114820882693,0.7115041033461039,0.3849478901098531,0.6216192081483125,0.3849478901098531,0.3896310150557796,0.4957718681088876
2021-12-29,1.4856037209493425,0.7182938107683983,1.413429561768404,1.114672194819027,1.413429561768404,1.4402801229739248,0.5907415006435446,2.207018415698532,0.5159459985881876,1.9977831260808228,1.242494101902667,1.9977831260808228,2.074406832633784,0.3489755205825869
2021-12-30,-0.2484873253284374,-0.1564820182848019,-0.2994217530076943,-0.3761231234403171,-0.2994217530076943,-0.3034792392317493,-0.2345724937322319,0.0617459508488807,0.024486622046485,0.0896533861742007,0.1414686039865,0.0896533861742007,0.0920996486446813,0.055024254815758
2021-12-31,-0.1643695460030484,-0.6155079237129057,-0.2629675341545801,-0.6657901218680272,-0.2629675341545801,-0.2381095784995533,-0.3377437621062089,0.0270173476532482,0.3788500041533722,0.0691519240193402,0.4432764863770425,0.0691519240193402,0.0566961713732349,0.1140708488416554
2022-01-04,1.2616144366058808,-0.142338653535286,0.5724032650147068,-0.247535296229724,0.5724032650147068,0.6157140745010398,0.064438090792497,1.591670986652374,0.0202602922902382,0.3276454977994967,0.0612737228795372,0.3276454977994967,0.3791038215386719,0.004152267544982
2022-01-05,-1.0724407491568662,-3.4019870023122194,-1.9583272775802296,-3.16989483962815,-1.9583272775802296,-1.990124625574568,-0.9313113099170937,1.1501291604521404,11.57351556390128,3.8350457261147937,10.048233294301172,3.8350457261147937,3.9605960253183152,0.8673407559794929
2022-01-06,-0.4697872934806691,-0.1279545255844315,-0.0964175529085811,-0.0406948855405351,-0.0964175529085811,-0.0448024499499578,0.1545408180794515,0.2207001011158923,0.0163723606175369,0.009296344508879,0.0016560737091572,0.009296344508879,0.0020072595215184,0.0238828644526661
2022-01-07,-0.0132782784384426,-0.9658876787889386,-0.4058436737205577,-1.1045045807493512,-0.4058436737205577,-0.444443096769605,0.0581165739914914,0.0001763126782888,0.9329390080362836,0.1647090874989985,1.2199303688963,0.1647090874989985,0.1975296662661565,0.0033775361725085
2022-01-10,-0.450320635722745,0.046360739723885,-0.1442124837517331,0.1425275070044143,-0.1442124837517331,-0.1633021169843524,-0.0575471049359564,0.2027886749577372,0.0021493181877458,0.0207972404698438,0.0203140902528933,0.0207972404698438,0.0266675814115711,0.0033116692865099
2022-01-11,0.5065138629328452,1.3996710524385088,0.9118332112991406,1.4603412387352883,0.9118332112991406,0.904188118591838,0.9563412835286808,0.256556293343153,1.959079055034323,0.8314398052281032,2.1325965335509163,0.8314398052281032,0.8175561538026479,0.9145886505812848
2022-01-12,0.1055723396166457,0.2303289075183278,0.281373405603089,0.3840918100028564,0.281373405603089,0.2305798055678998,0.5633506119021101,0.0111455188921323,0.0530514056385864,0.0791709933806804,0.1475265185112703,0.0791709933806804,0.0531670467357305,0.3173639119304819
2022-01-13,-0.4880913437189048,-2.544410673789881,-1.4345962458906216,-2.608235127718695,-1.4345962458906216,-1.3322124922946743,-0.4780748217919864,0.2382331598133261,6.474025676895876,2.0580663887234647,6.802890481465756,2.0580663887234647,1.7747901246259885,0.2285555352314395
2022-01-14,-0.5603844743126557,0.5854518143197819,0.0819577212714005,0.7456633600034599,0.0819577212714005,0.0677392066545886,0.302927370640024,0.3140307590506714,0.3427538268903243,0.0067170680760005,0.5560138464516494,0.0067170680760005,0.004588600118193,0.0917649918828785
2022-01-18,-1.5245534128491829,-2.631767178078771,-1.8559054584436705,-2.601090267962778,-1.8559054584436705,-1.8912554593276083,-0.389331261794185,2.324263108630091,6.9261984796126965,3.44438507068101,6.765670582090675,3.44438507068101,3.5768472124364825,0.1515788314102522
2022-01-19,-0.965443889247152,-1.1553574070733232,-0.9736769104655738,-1.0768348454475778,-0.9736769104655738,-1.0143862719742776,-0.3267914450992845,0.9320819032846668,1.3348507380791927,0.948046725973785,1.1595732843701088,0.948046725973785,1.028979508769873,0.1067926485900786
2022-01-20,-0.8983162876718788,-1.307193475943312,-1.1098789654240206,-1.347340864157358,-1.1098789654240206,-1.1735795032492595,-0.6955465069984798,0.8069721526965856,1.7087547835487586,1.2318313178906943,1.8153274042282963,1.2318313178906943,1.3772888504467793,0.4837849433977862
2022-01-21,-1.3047801059350908,-2.7584659133935894,-1.9095986358635348,-2.786985956641052,-1.9095986358635348,-1.8858874330760167,-2.09601966202178,1.7024511248439866,7.609134195354329,3.646566950091873,7.767290722514436,3.646566950091873,3.5565714102340475,4.393298423581896
2022-01-24,0.2888687755607571,0.6241465442971583,0.2767918007616829,0.4917934760892968,0.2767918007616829,0.4104613483862858,-0.2431986096967285,0.083445169493971,0.3895589087580846,0.0766137009688951,0.2418608231239937,0.0766137009688951,0.1684785185190878,0.0591455637584217
2022-01-25,-0.1944721075025696,-2.3059290808027546,-1.2246661962160472,-2.5156686068197662,-1.2246661962160472,-1.2525800304194596,0.0956215326241937,0.0378194005964909,5.317308925691837,1.4998072921542818,6.328588539338504,1.4998072921542818,1.5689567326056144,0.0091434775013997
2022-01-26,-0.3787011634711971,0.0208556319122408,-0.1497752503069915,0.1669169183217174,-0.1497752503069915,-0.2298040622272954,0.023842549935267,0.1434145712144383,0.0004349573824588,0.0224326256045219,0.0278612576220189,0.0224326256045219,0.0528099070161666,0.0005684671874157
2022-01-27,-0.0214133507765936,-1.407992696079824,-0.5398540617999041,-1.2042222662315525,-0.5398540617999041,-0.6316513728376633,-0.2517259472163585,0.0004585315914814,1.982443432214132,0.2914424080418547,1.450151266487856,0.2914424080418547,0.3989834568077047,0.0633659525019729
2022-01-28,1.6395409679036466,3.080909653518924,2.4055891707799004,3.173401396981302,2.4055891707799004,2.3563322385421954,0.9574295400670604,2.6880945854344263,9.492004293146096,5.786859258573529,10.07047642636288,5.786859258573529,5.552301618393273,0.916671324193023
2022-01-31,1.163488380340978,3.351276558270528,1.8709891511396817,3.236262825948084,1.8709891511396817,1.895144129957043,1.7043417288601754,1.353705211188472,11.231054570013557,3.5006004036823866,10.473397078613475,3.5006004036823866,3.5915712733106377,2.904780728734092
2022-02-01,0.7751556854079186,0.7424677163804063,0.6839508503304335,0.5984979999978203,0.6839508503304335,0.7040575258826066,1.0449852401528756,0.60086633662022,0.5512583098671354,0.467788765667723,0.3581998560013908,0.467788765667723,0.4956969997519372,1.091994152137363
2022-02-02,0.6309227584571309,0.4974639607544005,0.9378434574517934,0.7961867314682982,0.9378434574517934,0.8516012880041439,0.1988647934764893,0.3980635271391551,0.2474703922494557,0.8795503506851339,0.633913311366172,0.8795503506851339,0.7252247537303169,0.0395472060844467
2022-02-03,-1.465002419230948,-3.8082213478262488,-2.469348416817584,-4.309767261779058,-2.469348416817584,-2.4000570211675867,-1.2641380957387336,2.1462320883525305,14.50254983403957,6.097681603639509,18.57409385070256,6.097681603639509,5.7602737048558295,1.5980451250979515
2022-02-04,-0.0610247971374163,1.566964692486374,0.5143713090857854,1.3237798072528122,0.5143713090857854,0.4836650410910555,0.8395488469961919,0.0037240258656628,2.455378347498917,0.2645778436106246,1.7523929780902925,0.2645778436106246,0.2339318719736124,0.7048422664926353
2022-02-07,0.0039442656410283,-0.5857593177013025,-0.3708654800609762,-0.8412862218416318,-0.3708654800609762,-0.3404758205448708,-0.171029287220301,1.5557231446996554e-05,0.3431139782738954,0.1375412043008583,0.7077625070605673,0.1375412043008583,0.115923784375703,0.0292510170870842
2022-02-08,1.0535391020431888,1.2675548688362417,0.8366130962778838,1.1991163342393003,0.8366130962778838,0.9170259178262218,0.66496884059395,1.1099446395339685,1.6066953455104618,0.6999214728636677,1.4378799830394973,0.6999214728636677,0.8409365339650244,0.4421835589608621
2022-02-09,0.8571734784766487,2.0633102504993737,1.441281239835631,2.079890742797878,1.441281239835631,1.4537998264560714,1.0563279433162012,0.7347463722037577,4.257249189815788,2.0772916123021337,4.325945501976309,2.0772916123021337,2.113533935403704,1.1158287238306357
2022-02-10,-1.4828396817931853,-2.1254242072906613,-1.82818035103296,-2.3609453098832454,-1.82818035103296,-1.7971870480533765,-0.3360080646636782,2.1988135219005147,4.517428060937136,3.3422433959029973,5.574062756259694,3.3422433959029973,3.229881285690809,0.1129014195190305
2022-02-11,-1.4391122577057658,-2.8202883686551163,-1.91516962340658,-3.120461572602846,-1.91516962340658,-1.8390102095531016,0.079479008170788,2.0710440902789866,7.954026482371337,3.667874686419299,9.737280426091028,3.667874686419299,3.3819585508405425,0.0063169127398121
2022-02-14,-0.4960372892202058,-0.0017040053516346,-0.3847942065319174,0.1034694396450904,-0.3847942065319174,-0.3848472572420154,-0.9152689627406037,0.2460529922969301,2.9036342383994124e-06,0.1480665813805279,0.010705924940469,0.1480665813805279,0.148107411406702,0.8377172741562603
2022-02-15,1.215356725473392,2.498014295154094,1.5643739212372925,2.4385298380306617,1.5643739212372925,1.6168916449183297,0.7002235584513278,1.4770919701534062,6.240075418794205,2.447265765447342,5.946427770965845,2.447265765447342,2.614338591406702,0.49031303181024
2022-02-16,-0.1560900926321371,-0.1108270847377007,0.0880832779215702,-0.1175727912984953,0.0880832779215702,0.1028862120360958,-0.5545389073731971,0.0243641170179091,0.0122826427114575,0.0077586638494085,0.0138233612537195,0.0077586638494085,0.0105855726271364,0.3075133997906593
2022-02-17,-1.7972095697383104,-2.9266750425890384,-2.140050300402348,-3.002098025599578,-2.140050300402348,-2.135122210912901,-0.9742095195059052,3.2299622375589627,8.56542680491355,4.579815288252179,9.012592555308885,4.579815288252179,4.558746855533594,0.9490841878959266
2022-02-18,-0.6809427682756489,-1.2371647246114454,-0.7192042117620436,-1.151081828917205,-0.7192042117620436,-0.6997915135674926,-0.7971210785102023,0.4636830536669041,1.5305765558229136,0.5172546982162625,1.3249893768633774,0.5172546982162625,0.4897081624610822,0.6354020138052681
2022-02-22,-1.426163707959011,-1.2369454791718584,-1.0194654042815754,-0.9972366789769886,-1.0194654042815754,-1.0513192624494552,-0.4789586029119745,2.033942921899395,1.5300341184436983,1.039309710526996,0.9944809938970536,1.039309710526996,1.1052721915972663,0.2294013433033905
2022-02-23,-1.3932724034576245,-2.6045528516987764,-1.858379019433392,-2.6378117267837604,-1.858379019433392,-1.8372707798105457,-0.7858008325244775,1.9412079902365849,6.783695557292228,3.453572579870216,6.958050705957924,3.453572579870216,3.375563918345651,0.617482948396162
2022-02-24,0.2775139353097851,3.2902278802050966,1.484605971153555,3.3858077406788145,1.484605971153555,1.483338656951281,0.0855777877655948,0.0770139842911236,10.825599503678925,2.2040548895847905,11.46369405684058,2.2040548895847905,2.20029357120603,0.0073235577588531
2022-02-25,2.4819515849638853,1.6272245057727546,2.212614836475683,1.5232241099120407,2.212614836475683,2.245014927328053,1.6436339027695777,6.160083670104743,2.6478595921873853,4.8956644145923125,2.3202116890173285,4.8956644145923125,5.040092023925783,2.7015324063335533
2022-02-28,-0.4890364788453173,0.413721732891756,-0.2445600339325641,0.3422527314046862,-0.2445600339325641,-0.2150377144488725,0.0964189620344454,0.2391566776414265,0.1711656722669575,0.0598096101970969,0.1171369321539683,0.0598096101970969,0.0462412186353948,0.0092966162397998
2022-03-01,-1.7790977555418492,-1.6049394450212522,-1.5594426756135318,-1.641622096251988,-1.5594426756135318,-1.5925896218965452,-0.5784373299094772,3.165188823774045,2.575830622185125,2.4318614585246907,2.694923106902771,2.4318614585246907,2.536341703772581,0.3345897446328053
2022-03-02,1.7754029277073848,1.6094261605807916,1.847098344898933,1.6829401395948482,1.847098344898933,1.914474021531648,1.1885095349512016,3.1520555557119536,2.590252566361828,3.411772295728378,2.832287513459528,3.411772295728378,3.66521077911956,1.4125549146699214
2022-03-04,-0.8193326015711764,-3.241153046565852,-1.3234223453317342,-2.890820873199937,-1.3234223453317342,-1.404064332896752,0.6882195063542406,0.6713059119973921,10.505073071263103,1.751446704123348,8.356845320928446,1.751446704123348,1.971396650912801,0.4736460889264746
2022-03-07,-2.400808181711151,-3.691274475027868,-2.9962522550535007,-3.818595624083197,-2.9962522550535007,-3.027140426020125,-0.459084283108676,5.763879925371203,13.62550724999226,8.977527575913188,14.581672540267345,8.977527575913188,9.163579158845303,0.2107583789974069
2022-03-08,-0.5645209683016811,-0.2763623949771807,-0.7260127998095253,-0.3894767718026543,-0.7260127998095253,-0.6363182119270862,-0.3402733601694882,0.3186839236522676,0.0763761733575232,0.5270945854872658,0.1516921557738168,0.5270945854872658,0.4049008668300841,0.1157859596410342
2022-03-09,1.983125889365688,3.531849851434516,2.537367234563523,3.514596789235822,2.537367234563523,2.538736229212457,1.2227111275977545,3.93278829307245,12.473963373078012,6.43823248303654,12.352390590906747,6.43823248303654,6.445181641515886,1.4950225015513725
2022-03-10,-0.3375694722172034,-0.951923672068996,-0.4301081899390585,-1.1063876574077172,-0.4301081899390585,-0.3989728421969067,0.4107731545914891,0.1139531485730012,0.9061586774453216,0.1849930550526532,1.224093648464136,0.1849930550526532,0.1591793288106778,0.1687345845330434
2022-03-11,-0.6953803581457229,-2.203496667355237,-1.3046288284512193,-2.150582133514053,-1.3046288284512193,-1.2835606560840815,-0.5569724875358564,0.4835538424948737,4.855397563045637,1.702056380026001,4.625003512989856,1.702056380026001,1.647527957846998,0.3102183518718797
2022-03-14,0.003200877655826,-2.0656601599020648,-0.7448628397104685,-1.9370990394568244,-0.7448628397104685,-0.7659509643712978,-1.318184180633163,1.0245617767566248e-05,4.266951896206623,0.5548206499815431,3.752352688664552,0.5548206499815431,0.5866808798213212,1.737609534071523
2022-03-15,1.802136343353654,2.8784070086595284,2.1182551140656725,3.108500269380195,2.1182551140656725,2.0556775455002323,0.0333265518930974,3.2476954000360787,8.285226907500293,4.487004728265375,9.662773924736744,4.487004728265375,4.22581017107386,0.0011106590610833
2022-03-16,1.5346507171097914,3.698953299686656,2.2136998842954765,3.6350137904592255,2.2136998842954765,2.251670011723562,1.317468355255956,2.355152823525597,13.682255513262795,4.900467177729806,13.213325256828746,4.900467177729806,5.0700178416951855,1.735722867100834
2022-03-17,1.2186700923352471,1.3177211810369596,1.2272191404503483,1.1527307056440528,1.2272191404503483,1.2133707892642749,1.3986798336736372,1.4851567939523995,1.7363891109534395,1.5060668186876918,1.328788079734636,1.5060668186876918,1.4722686722398088,1.956305277125313
2022-03-18,0.7920109756751845,2.0289319722923693,1.1594770446318643,2.112867203160945,1.1594770446318643,1.1242561352098197,0.2167944690874638,0.6272813855899577,4.116564948190204,1.344387017028242,4.464207818193154,1.344387017028242,1.2639518575569204,0.0469998418269153
2022-03-21,-0.5827371725797544,-0.3993688197061014,-0.0434767999856168,-0.3055339143643977,-0.0434767999856168,-0.0765884781602813,0.8700508479908001,0.3395826123062465,0.1594954541534445,0.0018902321369893,0.0933509728268311,0.0018902321369893,0.0058657949869078,0.7569884780895104
2022-03-22,0.733762393734914,1.9348248780435853,1.1240769260246015,1.916958151553356,1.1240769260246015,1.081514095410658,0.2958933713263269,0.538407250459591,3.743547308696376,1.263548935620918,3.674728554806858,1.263548935620918,1.169672738571934,0.0875528871948595
2022-03-23,-1.2982368938279742,-1.3286214725932723,-1.234871315104348,-1.4211487480575542,-1.234871315104348,-1.2840687118176095,-0.6461336288925853,1.685419032496107,1.7652350174359157,1.524907164867542,2.019663764105553,1.524907164867542,1.6488324566689352,0.4174886663859011
2022-03-24,1.011910224468248,1.915337470691025,1.4242030309045384,2.17820809328981,1.4242030309045384,1.3909001032107822,0.0260314151868973,1.0239623023833797,3.6685176266330943,2.0283542732376736,4.7445904976732285,2.0283542732376736,1.9346030971117645,0.0006776345766326
2022-03-25,0.4407163108300196,-0.1589428742265414,0.5053402374178504,-0.0771409147818898,0.5053402374178504,0.5189334806580216,0.3097138069036022,0.1942308666316225,0.0252628372673941,0.2553687555535294,0.0059507207333867,0.2553687555535294,0.2692919573478493,0.0959226421867217
2022-03-28,0.2711179951935326,1.3013834318919746,0.7119559648821333,1.5674872556883237,0.7119559648821333,0.6544966913434704,-0.1278198927793442,0.0735049673177603,1.6935988368029335,0.5068812959312494,2.457016296745312,0.5068812959312494,0.42836591897955,0.016337924990123
2022-03-29,0.9631489438210328,1.8274069950727847,1.2182027285255537,1.6668684708616366,1.2182027285255537,1.2934398812747696,0.4964942724956915,0.9276558879835712,3.339416325640946,1.4840178877871038,2.7784504991526107,1.4840178877871038,1.67298672647209,0.246506562621026
2022-03-30,-0.1854157668865724,-1.220588707918961,-0.6313610350948985,-1.1070071331414455,-0.6313610350948985,-0.708986917898786,-0.0509927058875381,0.0343790066101357,1.4898367938992787,0.3986167566361016,1.225464792826042,0.3986167566361016,0.5026624497516199,0.0026002560537329
2022-03-31,-1.5748654059990768,-1.5473747932318145,-1.5776327279397289,-1.5583978932371996,-1.5776327279397289,-1.5561860973023998,-0.8452012871463682,2.480201047012637,2.3943687507292006,2.4889250242665506,2.428603993646142,2.4889250242665506,2.421715169437274,0.7143652157938776
2022-04-01,0.4026730276183264,0.2877677195594149,0.3404485526057287,0.1529914484431015,0.3404485526057287,0.370333190930574,0.2864306064452597,0.1621455671713095,0.082810260420426,0.1159052169713356,0.0234063832967181,0.1159052169713356,0.1371466723048209,0.0820424923085992
2022-04-04,0.2971225623171147,1.8827637600905247,0.805832262263298,1.987814410794757,0.805832262263298,0.7193307035104879,0.6024285594224107,0.0882818170378877,3.544799376310211,0.6493656349043846,3.9514061317633074,0.6493656349043846,0.5174366610128934,0.362920169207761
2022-04-05,-0.8070435656388075,-2.2855793730780505,-1.2631155137050305,-2.261200496252828,-1.2631155137050305,-1.3185435513404968,-0.7032403029567227,0.6513193168390002,5.223873070639854,1.595460800962323,5.1130276842540345,1.595460800962323,1.7385570967816093,0.4945469237026631
2022-04-06,-0.4184908409688158,-2.245145871239106,-0.9764386222700548,-2.194898642920572,-0.9764386222700548,-0.9894115020473848,-0.6506512174183852,0.1751345839747866,5.040679983142005,0.9534323830606426,4.817580052694569,0.9534323830606426,0.978935120383662,0.4233470067280267
2022-04-07,0.2520669143292814,0.0610592711716819,0.4244352439511796,0.226828976136969,0.4244352439511796,0.3777947569893066,0.2122251904833698,0.0635377292994853,0.0037282345960169,0.1801452763078973,0.0514513844153456,0.1801452763078973,0.1427288784086092,0.0450395314757025
2022-04-08,0.396941013631802,-1.3496438026489483,-0.2654507487977465,-1.417630256744656,-0.2654507487977465,-0.2631310178550889,0.18055683750264,0.1575621683030424,1.821538394028713,0.0704641000372843,2.009675544837919,0.0704641000372843,0.0692379325574551,0.0326007715689547
2022-04-11,-1.196734046144338,-2.2051590683511906,-1.7021333762949848,-2.3806295218202647,-1.7021333762949848,-1.6074278289637245,-0.3841081433262441,1.4321723772009982,4.862726516731491,2.8972580306973645,5.667396920162182,2.8972580306973645,2.583824225327032,0.1475390657695345
2022-04-12,-0.2560195255324652,-0.3015587087970411,-0.342339363486817,-0.357782006690584,-0.342339363486817,-0.3090329735047766,-0.3451489316817716,0.0655459974538686,0.0909376548513386,0.117196239792559,0.1280079643115411,0.117196239792559,0.095501378713204,0.1191277850410682
2022-04-13,1.0009118951662166,2.013863351620518,1.1112682823133002,1.967920773352734,1.1112682823133002,1.1495406374057129,0.563034065983311,1.0018246218852274,4.055645599000227,1.2349171952755529,3.872712170193223,1.2349171952755529,1.3214436770471327,0.3170073594576993
2022-04-14,-0.3285078633872924,-2.1672388832421343,-1.2218479951525796,-2.305823809419761,-1.2218479951525796,-1.1725069917976287,0.0809269660029418,0.1079174163072839,4.696924377036614,1.4929125232583782,5.316823440087059,1.4929125232583782,1.3747726458143246,0.0065491738264413
2022-04-18,-0.1148501288274226,-0.1403192779980044,-0.0204911501716647,0.1262265588755551,-0.0204911501716647,-0.0389550074595665,0.1038548722780352,0.0131905520916755,0.0196894997778812,0.0004198872353577,0.0159331441655639,0.0004198872353577,0.0015174926061748,0.010785834495887
2022-04-19,1.4411474000362523,2.1320104080422686,1.5930040161497565,2.1301100373774258,1.5930040161497565,1.6349786027862696,0.6397236402023064,2.0769058286312503,4.54546838000056,2.537661795469253,4.537368771336058,2.537661795469253,2.6731550315689425,0.40924633583369
2022-04-20,0.7123908086161934,-1.2307155722857752,-0.0618718957693342,-1.501170476248927,-0.0618718957693342,0.0029484753927274,-0.0928727927682145,0.507500664200834,1.514660819866703,0.0038281314860913,2.2535127987614305,0.0038281314860913,8.69350714151925e-06,0.0086253556365677
2022-04-21,-1.0522168307389417,-2.091228071145986,-1.4862847316476122,-2.006461342091292,-1.4862847316476122,-1.5081360235274648,-1.5944422369863642,1.107160258890303,4.373234845548962,2.2090423035288147,4.025887117306787,2.2090423035288147,2.274474265461234,2.5422460470860813
2022-04-22,-2.861142372108883,-2.5784445975805217,-2.813199052103028,-2.685685489003651,-2.813199052103028,-2.7985598613946387,-2.166586952699954,8.186135673476846,6.648376542792178,7.914088906753376,7.212906545844778,7.914088906753376,7.83193729780918,4.694099023609674
2022-04-25,0.701610046611735,1.2812284156954878,0.5681687572860795,1.311691473386099,0.5681687572860795,0.560707057650939,-0.8270054412264553,0.4922566575065209,1.6415462531855698,0.3228157367560079,1.720534521353795,0.3228157367560079,0.3143924044995734,0.6839379998181639
2022-04-26,-2.405477931177989,-4.033470863924784,-2.855002843027312,-3.945146676200157,-2.855002843027312,-2.8638586638325747,-1.5398827635614696,5.786324077384337,16.26888721013014,8.151041233694036,15.564182296733147,8.151041233694036,8.2016864464089,2.3712389255137087
2022-04-27,0.1856131584119297,-0.0144917812638326,0.2095905140410517,-0.0488677432266761,0.2095905140410517,0.1846238290475426,0.2578495379636041,0.0344522445756521,0.0002100117241987,0.0439281835759923,0.0023880563280683,0.0439281835759923,0.0340859582521762,0.0664863842280441
2022-04-28,1.8282926714519705,3.017484813381721,2.444564600458133,3.4221858671189107,2.444564600458133,2.401320645773953,1.8002511254271671,3.342654092484982,9.10521459898932,5.975896085813032,11.711356109108412,5.975896085813032,5.766340843820237,3.240904114601782
2022-04-29,-2.80817694914026,-4.260617596923543,-3.695920232685872,-4.5711819950122745,-3.695920232685872,-3.617060969071916,-1.7146254201500974,7.885857777682697,18.152862307214548,13.659826366376787,20.8957048315244,13.659826366376787,13.083130053983467,2.939940331424898
2022-05-02,0.2552923474653574,1.6194296837062825,0.565927003737552,1.704919435156069,0.565927003737552,0.5712246052617884,-0.3366608557946816,0.0651741826743727,2.62255250046903,0.3202733735593632,2.906750280372889,0.3202733735593632,0.326297549656486,0.1133405318244073
2022-05-03,0.2033279990386612,0.2210379367900793,0.4825441551572873,0.1074076110875026,0.4825441551572873,0.5186728162707922,1.0243974430622096,0.0413422751930658,0.048857769500415,0.2328488616764601,0.0115363949195242,0.2328488616764601,0.2690214903382749,1.0493901213523928
2022-05-04,2.775190228921057,3.142607158772718,2.9425235047606604,3.34904403273837,2.9425235047606604,2.9243845476207144,1.3289265271517663,7.701680806698909,9.875979754369537,8.65844457606896,11.216095933220483,8.65844457606896,8.552024982362811,1.7660457145676542
2022-05-05,-3.1708750823624205,-5.120579039377517,-3.63007239912506,-5.194445897112278,-3.63007239912506,-3.6352168942657337,-2.334236491759314,10.054448787946887,26.22032969851237,13.17742562288957,26.982268178026576,13.17742562288957,13.214801868355009,5.44865999946083
2022-05-06,-0.2992469109329975,-1.414679002511113,-0.5690318260649576,-1.2294036700813935,-0.5690318260649576,-0.6254857289620436,-0.304335279276985,0.0895487137029413,2.001316680145837,0.3237972190748202,1.5114333840096,0.3237972190748202,0.391232397135179,0.0926199622126004
2022-05-09,-2.0068862585701868,-4.388250124583391,-3.256155498687775,-4.066383924099821,-3.256155498687775,-3.257786071591785,-3.118853277101886,4.027592454837842,19.256739155906143,10.602548631634637,16.535478218177456,10.602548631634637,10.613170088257434,9.727245764089174
2022-05-10,-0.2638089219118252,0.9796182680198724,0.2454867109816866,1.2891490714046876,0.2454867109816866,0.1931816288002411,-0.5496663981281841,0.0695951472802795,0.9596519510382544,0.0602637252686061,1.6619053283035683,0.0602637252686061,0.0373191417059141,0.3021331492312114
2022-05-11,-1.0208352874311382,-3.233218200660609,-1.6600202520523653,-3.112105503423469,-1.6600202520523653,-1.666327441687079,-0.2658626073921256,1.0421046840646144,10.453699933083026,2.755667237223998,9.685200664438645,2.755667237223998,2.7766471429194057,0.0706829260093395
2022-05-12,-0.3266123274450577,0.0591681690761767,-0.1296842244188994,-0.1845017893394592,-0.1296842244188994,-0.037916806520966,-0.699107214775584,0.1066756124390775,0.003500872231827,0.0168179980631314,0.0340409102694621,0.0168179980631314,0.0014376842167483,0.4887508977512745
2022-05-13,1.4590731632728084,3.746034244483072,2.3589314531626497,3.632519750872696,2.3589314531626497,2.369831387073696,2.013995105312847,2.1288944957829194,14.032772560839865,5.56455760072005,13.195199740480223,5.56455760072005,5.616100803159637,4.056176284224105
2022-05-16,0.0830750281156294,-1.2119737616680717,-0.3954237650276509,-1.1678111835136074,-0.3954237650276509,-0.402757629525708,0.5289518518318949,0.0069014602964126,1.4688803989718553,0.1563599539486428,1.3637829603394522,0.1563599539486428,0.1622137081411674,0.2797900615563908
2022-05-17,1.3291837575172532,2.7212549713968723,1.9968898134440816,2.584214753232181,1.9968898134440816,2.072775702178453,1.3986372571353347,1.766729461247684,7.405228619352193,3.987568927036739,6.678165890822862,3.987568927036739,4.29639911154138,1.9561861770470523
2022-05-18,-3.63132254857789,-4.841152241760193,-4.123376798543937,-5.192888642322189,-4.123376798543937,-4.08559179728803,-1.9197783949023173,13.186503451810225,23.436755027899743,17.00223622277045,26.96609245155879,17.00223622277045,16.692060334067236,3.6855490855337183
2022-05-19,-0.7552660013249626,-0.2600909648725129,-0.5850892213605512,-0.442666974125018,-0.5850892213605512,-0.5595234041794299,0.399868468154412,0.5704267327573984,0.0676473100083147,0.3423293969522961,0.1959540499809993,0.3423293969522961,0.3130664398245377,0.159894791824156
2022-05-20,0.0280435307478885,-0.2979189924159702,0.0146113571519155,-0.3374520229923904,0.0146113571519155,-0.0112224628934823,0.0777126469259728,0.0007864396168077,0.0887557260421469,0.0002134917578208,0.1138738678216567,0.0002134917578208,0.0001259436733955,0.0060392554922409
2022-05-24,2.110273186664799,-0.7972874002097242,1.023107699827961,-0.5573216793791356,1.023107699827961,0.9283167735501436,0.4376571345786895,4.4532529223564055,0.635667198533181,1.0467493654472606,0.3106074543059799,1.0467493654472606,0.8617720320545487,0.1915437674476291
2022-05-25,0.5984800816606347,1.500460610667917,0.9406385602538604,1.468270479040571,0.9406385602538604,1.0232899553118069,0.4797162872075425,0.35817840814452,2.2513820441659385,0.8848009010364556,2.155818199622028,0.8848009010364556,1.0471223326420398,0.2301277162121894
2022-05-26,1.596493737386078,2.640100167773569,1.968813943934496,2.748737435446431,1.968813943934496,1.9908798978479127,0.7255396669317813,2.548792253512968,6.970128895878028,3.8762283458309033,7.555557489024623,3.8762283458309033,3.963602767654917,0.5264078082914802
2022-05-27,1.748769450433448,3.271777937400084,2.4441095491293146,3.2427602534279023,2.4441095491293146,2.429122523236892,1.0484399137405098,3.058194590769304,10.704530871657948,5.973671488145102,10.515494061211792,5.973671488145102,5.900636232896765,1.0992262527242076
2022-05-31,-0.6731846654077427,-0.4108623626307602,-0.6294055196399692,-0.3105494816561494,-0.6294055196399692,-0.6603194571086076,-0.0927722575285395,0.4531775937401345,0.1688078810265303,0.3961513081532596,0.096440980556903,0.3961513081532596,0.4360217854362063,0.0086066917669416
2022-06-01,-0.5376518586820414,-0.7221458363685967,-0.7510923912143033,-0.7442215644983049,-0.7510923912143033,-0.743703521962545,-0.0753805377288037,0.2890695211442537,0.5214946089845001,0.56413978014002,0.5538657370643046,0.56413978014002,0.5530949285794936,0.0056822254682835
2022-06-02,1.317143543449144,2.652726416727597,1.8263262738202752,2.708538786767942,1.8263262738202752,1.848465820234113,1.5239770886099226,1.7348671140497671,7.036957442004436,3.335467658446251,7.336182359426354,3.335467658446251,3.416825888573775,2.322506166607976
2022-06-03,-1.0539659543922757,-2.5004886872422563,-1.6482457202400496,-2.711240370649364,-1.6482457202400496,-1.6010148641546929,-1.1528839245012128,1.1108442330180206,6.252443675026502,2.71671395428964,7.350824347438902,2.71671395428964,2.5632485952442696,1.329141343373318
2022-06-06,0.0488682912877368,0.4040529705178182,0.3132456264123724,0.4104165771079351,0.3132456264123724,0.3360632749172901,0.1363139969912431,0.0023881098933831,0.1632588029842729,0.0981228224664795,0.1684417667649936,0.0981228224664795,0.1129385247481341,0.0185815057757286
2022-06-07,0.7999189378330938,0.939594070808042,0.9478331934066118,0.8853414066725684,0.9478331934066118,0.9688759472127374,0.5227655369614753,0.6398703071040249,0.8828370178976281,0.8983877625233755,0.7838294063689623,0.8983877625233755,0.9387206010873792,0.2732838066346196
2022-06-08,-0.8147371230024852,-0.7333543902833349,-1.0852585537420805,-0.7624133821273796,-1.0852585537420805,-1.144211121321394,-0.6509031471608201,0.6637965795983668,0.5378086617478419,1.177786128470352,0.5812741652469098,1.177786128470352,1.3092190901555616,0.4236749069838602
2022-06-09,-1.957968187703316,-2.785734482311082,-2.4086469933734813,-2.77571555374984,-2.4086469933734813,-2.3785533390770963,-1.105235313141512,3.833639424058208,7.760316605936992,5.801580338687112,7.704596835328782,5.801580338687112,5.657515986834804,1.2215450974150162
2022-06-10,-2.7646168132880105,-3.587442080315228,-2.954242533536117,-3.626246205353497,-2.954242533536117,-2.928774447370683,-1.415690299150615,7.643106124314754,12.869740679616449,8.727548946953895,13.149661541840636,8.727548946953895,8.57771976357145,2.004179023109158
2022-06-13,-2.830267105331909,-4.793847849538881,-3.953987319895819,-4.710872543805245,-3.953987319895819,-4.008018313988764,-2.660301051982027,8.010411887523865,22.98097720452856,15.63401572589692,22.192320123978096,15.63401572589692,16.064210805269333,7.0772016871766805
2022-06-14,-0.4990586976599228,0.1767296880057876,-0.3780844063995452,0.2067964972725718,-0.3780844063995452,-0.3789566864043208,-0.9877642820646886,0.2490595837100182,0.031233382622623,0.1429478183624964,0.0427647912842047,0.1429478183624964,0.1436081701705427,0.9756782769227696
2022-06-15,0.99520930879324,2.47017462102698,1.4487056184644878,2.463162049082626,1.4487056184644878,1.4160537743382398,0.3220119600467598,0.9904415683087188,6.101762658365785,2.098747968970574,6.067167280040921,2.098747968970574,2.0052082918175747,0.103691702413156
2022-06-16,-2.447365011435968,-4.167544531976357,-3.305221501708393,-4.104188891694657,-3.305221501708393,-3.433072109599805,-3.1466547743836912,5.989595499200977,17.36842742600603,10.924489175355488,16.84436645870982,10.924489175355488,11.785984109712055,9.90143626915168
2022-06-17,-0.1280340885167173,1.4199810706024665,0.2198428750710516,1.23621931102945,0.2198428750710516,0.2686745223253325,-0.3879319073126678,0.0163927278223066,2.0163462408693262,0.048330889719506,1.5282381849621278,0.048330889719506,0.0721859989467456,0.1504911647112442
2022-06-21,2.123512942841397,2.478234675472033,2.418248850178457,2.461634300098688,2.418248850178457,2.3302231201990096,1.7116368866635383,4.509307218414929,6.141647106711975,5.84792750138943,6.0596434274223565,5.84792750138943,5.429939789910008,2.929700831787251
2022-06-22,-0.1544708891215394,-0.1466569278801628,-0.1302381149128968,-0.1650742586945247,-0.1302381149128968,-0.1445693485018086,-1.323810220075871,0.0238612555859989,0.0215082544952472,0.0169619665760649,0.0272495108835468,0.0169619665760649,0.0209002965262374,1.752473498777326
2022-06-23,0.6351499129539906,1.6074908027659884,0.94870490606574,1.4636313860821863,0.94870490606574,0.9255830608294188,-1.521297508243138,0.4034154119254618,2.584026680977242,0.9000409987932045,2.142216834324862,0.9000409987932045,0.8567040024943557,2.3143461085867805
2022-06-24,2.6484145163834176,3.2877748817681844,3.0105537080807645,3.4298452038161167,3.0105537080807645,3.0386609568236698,1.830594927298733,7.014099450590412,10.8094636731858,9.06343362923884,11.763838122140418,9.06343362923884,9.23346041052454,3.3510777878518536
2022-06-27,-0.1983335854994328,-0.7182149663393749,-0.2977529930125207,-0.8095310997796217,-0.2977529930125207,-0.2357670816266718,1.0198612818063386,0.0393362111370608,0.5158327378738694,0.0886568448479141,0.6553406015104037,0.0886568448479141,0.0555861167787577,1.040117034127668
2022-06-28,-1.5750054279468426,-3.021542512274679,-2.034865838324872,-3.133757336917733,-2.034865838324872,-1.9877939800957485,-0.1849221936151264,2.4806420980620167,9.129719153483178,4.140678979981582,9.820435046685722,4.140678979981582,3.951324907304896,0.0341962176914302
2022-06-29,0.265645655686994,-0.0326215788418486,-0.0712006500961869,0.1759441718386124,-0.0712006500961869,-0.1353894373592025,-0.7524568561277509,0.0705676143853729,0.0010641674061349,0.0050695325741196,0.0309563516039751,0.0050695325741196,0.0183302997484414,0.5661913203336588
2022-06-30,-0.8215472983225969,-1.3433758283510366,-0.8797814830608449,-1.3344998447587806,-0.8797814830608449,-0.8717867919035855,-1.1453999761878402,0.674939963381158,1.8046586161978333,0.7740154579367398,1.7808898356612095,0.7740154579367398,0.7600122105375455,1.3119411054511048
2022-07-05,0.6231773489631466,2.626452627067676,1.208138348222186,2.3724913137772896,1.208138348222186,1.1961851345819638,-0.144314256551965,0.3883500082607353,6.898253402230695,1.4595982684450324,5.62871503394869,1.4595982684450324,1.430858876194871,0.0208266046441463
2022-07-06,0.225341680367564,0.3492671759821165,0.3566747349581468,0.6151126685748493,0.3566747349581468,0.265155133865918,-0.5563878731264763,0.0507788729108774,0.1219875602185227,0.1272168665574642,0.3783635950412723,0.1272168665574642,0.0703072450154529,0.3095674653622039
2022-07-07,1.1113841639510758,2.258215130870683,1.485371347119902,2.140711431184547,1.485371347119902,1.5268855640323309,1.764983769592792,1.2351747598812317,5.099535577293296,2.2063280388447923,4.582645431604193,2.2063280388447923,2.331379525650329,3.115167706925982
2022-07-08,-0.1479495586600519,0.1200688772973477,-0.0830556315368429,0.137307021803082,-0.0830556315368429,-0.1000950424062983,-0.211678744420005,0.0218890719077041,0.0144165352954455,0.0068982379299838,0.018853218236432,0.0068982379299838,0.0100190175143186,0.0448078908392298
2022-07-11,-0.525684948451778,-2.2837402621983727,-1.159442997810581,-2.213133851551179,-1.159442997810581,-1.1634749894724956,-1.0891326027556685,0.2763446650287485,5.215469585185892,1.3443080651719868,4.897961444881756,1.3443080651719868,1.353674051128024,1.186209826385337
2022-07-12,-0.6194714908225493,-0.9530437625036088,-0.9286899019016758,-0.9768660261334676,-0.9286899019016758,-0.8677960099484051,-0.7369462808109393,0.3837449279419117,0.9082924132470348,0.8624649338941441,0.9542672330137928,0.8624649338941441,0.7530699148823724,0.5430898208010757
2022-07-13,-0.6753638111192125,-0.1523255793415435,-0.4466859031662644,-0.1402346781014389,-0.4466859031662644,-0.4327018351323057,-0.3402710916041535,0.4561162773694673,0.0232030821217368,0.1995282960874613,0.0196657649422142,0.1995282960874613,0.187230878126865,0.1157844157814822
2022-07-14,-0.4645519836427633,0.0320284220979593,-0.3003100189584755,0.3393469004898575,-0.3003100189584755,-0.3558475922667294,-1.549013560968362,0.2158085455064262,0.001025819822085,0.0901861074868399,0.1151563188720732,0.0901861074868399,0.1266275089220285,2.399443012063885
2022-07-15,2.1257398633590565,1.77276922611792,1.9019223492515367,1.812350277830776,1.9019223492515367,1.9064791618434151,0.3561210195185748,4.51876996667378,3.142710729070729,3.617308622582486,3.284613529553289,3.617308622582486,3.634662794543171,0.1268221805429491
2022-07-18,-0.6916215295809706,-0.8098510061584461,-0.8398790728860633,-0.8895197036824289,-0.8398790728860633,-0.7854711861279485,1.0877080436959392,0.4783403401799213,0.6558586521758475,0.7053968570719533,0.7912453032392762,0.7053968570719533,0.6169649842372463,1.183108788320847
2022-07-19,2.3989976306810616,3.0609247530738006,2.7253558019802915,3.083273485211948,2.7253558019802915,2.773237175047276,1.822910319950762,5.755189632013347,9.369260343979906,7.427564247387638,9.506575384611033,7.427564247387638,7.690844429064191,3.32300203458299
2022-07-20,0.1500207915162866,1.5629099507622215,0.587850371833506,1.5412935352278712,0.587850371833506,0.6325201966213251,0.4371110257618292,0.0225062378871731,2.4426875141915696,0.3455680596647912,2.3755857617352287,0.3455680596647912,0.4000817991338797,0.1910660488425585
2022-07-21,0.5071593436421842,1.352078387171124,0.9813054238448902,1.434450130525872,0.9813054238448902,0.952299027381036,0.2215132280179959,0.2572105998435711,1.828115965055268,0.9629603348673996,2.057647176965692,0.9629603348673996,0.9068734375508668,0.0490681101869526
2022-07-22,-0.4304770787907018,-1.8875561081011336,-0.937626992342271,-1.7824512929674428,-0.937626992342271,-0.9346016741952156,-0.4201787352291259,0.1853105153641761,3.5628680612298984,0.8791443767688131,3.177132611801309,0.8791443767688131,0.8734802894085001,0.1765501695387479
2022-07-25,0.2841002114596911,-0.435674005789212,0.1314251236346316,-0.5504995342302416,0.1314251236346316,0.1734893330374769,0.6383235020166969,0.0807129301514412,0.1898118393204184,0.0172725631223782,0.3030497371877129,0.0172725631223782,0.0300985486777885,0.40745689322686
2022-07-26,-0.7168534078822791,-1.885587910336622,-1.161033289574997,-1.97846267619124,-1.161033289574997,-1.1157918173686048,-0.6922812855766556,0.5138788083924373,3.5554417676076286,1.347998299501339,3.914314561081803,1.347998299501339,1.2449913797067338,0.4792533783596669
2022-07-27,1.3635319644217327,3.9831333535524704,2.582003453356371,4.169158326436585,2.582003453356371,2.5354371305616645,1.4747866131378444,1.8592194179997887,15.865351312182147,6.666741833144225,17.381881150895506,6.666741833144225,6.428441443030767,2.174995554290594
2022-07-28,1.0259841992231509,1.0760171097637066,1.2060363275690102,0.9194695870440016,1.2060363275690102,1.2268101419477764,1.044408191830103,1.0526435770555698,1.1578128205042406,1.454523623416145,0.8454243214988667,1.454523623416145,1.5050631243859232,1.090788471161825
2022-07-29,0.965211186488794,1.858012881437676,1.4107749538291978,1.7931235572497717,1.4107749538291978,1.3891855857792388,1.2067182568023078,0.9316326345231056,3.452211867588334,1.9902859703517752,3.2152920915640752,1.9902859703517752,1.9298365917368068,1.4561689513000005
2022-08-02,-1.37633626032682,-0.3389731536344486,-0.9511741144286058,-0.3587993068078182,-0.9511741144286058,-0.9471674643483392,-0.9571418730340446,1.894301501490416,0.1149027988848834,0.9047321959590424,0.1287369425657709,0.9047321959590424,0.8971262055200626,0.9161205651151192
2022-08-03,1.2769593199929423,2.553618869282784,1.5517460750035557,2.6892072258691355,1.5517460750035557,1.4970609865398643,0.2079830675871604,1.6306251049168377,6.52096932955708,2.4079158812889405,7.231835503666772,2.4079158812889405,2.2411915974197125,0.0432569564029653
2022-08-04,-0.2614612087011236,0.4129474448704358,-0.0777647139083269,0.4350356766781582,-0.0777647139083269,-0.1329661132364441,0.1589858776137803,0.0683619636554525,0.1705255922250216,0.0060473507292439,0.189256039982823,0.0060473507292439,0.0176799872692068,0.0252765092806239
2022-08-05,0.2339394058221842,-0.4966884254380566,-0.1627068995938667,-0.7794454073959728,-0.1627068995938667,-0.1067117563426318,0.2198629000919086,0.0547276455964365,0.2466993919641359,0.0264735351754486,0.607535143110674,0.0264735351754486,0.0113873989417292,0.0483396948368246
2022-08-08,0.0885649818801629,-0.103517460463482,-0.123834541035453,-0.3681217080026229,-0.123834541035453,-0.062389300672829,0.2496355265542694,0.0078437560154335,0.0107158646208085,0.0153349935534613,0.1355135919027683,0.0153349935534613,0.0038924248384446,0.0623178961180273
2022-08-09,-0.1772084708553989,-1.197624917018155,-0.4257782198348112,-1.1540932838567,-0.4257782198348112,-0.4771355525944802,-0.4630625228821706,0.0314028421429087,1.4343054418627426,0.1812870924857008,1.3319313078431414,0.1812870924857008,0.22765833554964,0.2144269000980008
2022-08-10,1.619503318861059,2.847482508041145,2.1067154907856915,2.805832379952736,2.1067154907856915,2.1294068032994056,1.55911393113674,2.622790999801985,8.10815663360029,4.438250159116397,7.872695344391232,4.438250159116397,4.534373333937793,2.430836250264659
2022-08-11,0.0814868654702589,-0.5843029993453127,-0.0705671896617345,-0.6474263799708314,-0.0705671896617345,-0.0156078476574722,0.5313241758375116,0.006640109244168,0.3414099950439285,0.0049797282567552,0.4191609174821353,0.0049797282567552,0.0002436049084988,0.2823053798294109
2022-08-12,1.2649755098830646,2.069783691835196,1.717407440983608,2.039592989961461,1.717407440983608,1.7085614639203262,0.935640850482638,1.6001630406039191,4.284004530986933,2.949488318345865,4.159939564699933,2.949488318345865,2.919182275993568,0.8754238010918741
2022-08-15,0.4474132201349178,0.6178912619263782,0.3961629423932771,0.7440111180126214,0.3961629423932771,0.3808439316106073,0.0039147273285794,0.2001785895514964,0.3817896115649721,0.1569450769256989,0.5535525437263908,0.1569450769256989,0.145042100244625,1.532509005712676e-05
2022-08-16,0.7039657365487648,-0.1944599520581096,0.1873909275518255,-0.2341920587308756,0.1873909275518255,0.2178472673742375,0.4418733551291195,0.4955677582346449,0.0378146729544422,0.0351153597287335,0.0548459203726059,0.0351153597287335,0.0474574319024225,0.1952520619730649
2022-08-17,-0.5039889615505292,-1.2628566975950308,-0.726407864047862,-1.2126806455052022,-0.726407864047862,-0.7768476346515363,-0.4377110283482154,0.2540048733647808,1.5948070386606272,0.5276683849505771,1.4705943479829138,0.5276683849505771,0.6034922474636868,0.1915909443376522
2022-08-18,0.055068952315157,0.2101495770362495,0.2266944033161183,0.260475351787487,0.2266944033161183,0.2722259722559639,0.415014783443168,0.003032589509089,0.0441628447285145,0.0513903524948509,0.0678474088888151,0.0513903524948509,0.0741069799707048,0.1722372704763796
2022-08-19,-0.8634480543550365,-2.0267181125515417,-1.2983869381359625,-1.9671729512553584,-1.2983869381359625,-1.3282019937561842,-0.7627693988056995,0.745542542569498,4.107586307744484,1.6858086411220792,3.8697694201507176,1.6858086411220792,1.7641205362179029,0.5818171557544083
2022-08-22,-1.9264432204287816,-2.5803220141542464,-2.1632427725287453,-2.6968081408047766,-2.1632427725287453,-2.1682286177227263,-0.680833736791205,3.711183481536016,6.658061696729027,4.679619292897853,7.272774148310916,4.679619292897853,4.701215338711805,0.4635345771530758
2022-08-23,-0.466936229404668,-0.0021968370877449,-0.2240309064050325,-0.0678945314956052,-0.2240309064050325,-0.2087185759641582,0.0522018506724423,0.2180294423306487,4.826093190091545e-06,0.0501898470246604,0.0046096674070077,0.0501898470246604,0.043563443952506,0.0027250332136279
2022-08-24,0.1810791647950977,0.4048475778585801,0.2911907251337381,0.2796551062990498,0.2911907251337381,0.3039274608550975,0.1801197435583897,0.0327896639228901,0.1639015612979591,0.0847920384039122,0.0782069784791328,0.0847920384039122,0.0923719014618268,0.03244312201954
2022-08-25,0.973587361353913,1.6572411927253012,1.3993218645290095,1.7322495120212933,1.3993218645290095,1.4257010303548223,0.751165653866482,0.9478723501880748,2.746448370865579,1.958101680548944,3.0006883718980086,1.958101680548944,2.032623427954802,0.5642498395486595
2022-08-26,-3.075755332464944,-4.016160590969018,-3.4268526748985457,-4.182692479917348,-3.4268526748985457,-3.3990699252364176,-1.4935740015945114,9.46027086518654,16.12954589245261,11.743319255459316,17.494916381557132,11.743319255459316,11.553676356646706,2.230763298239041
2022-08-29,-0.572858629381953,-1.0268648871995745,-0.668872350926395,-0.963311283944068,-0.668872350926395,-0.6773964634293547,-0.1872100887724117,0.3281670092573697,1.0544514965633949,0.4473902218338024,0.9279686297739688,0.4473902218338024,0.458865968666597,0.0350476173381743
2022-08-30,-0.964536535855432,-1.1257731348432,-1.1089367791653617,-1.1408983937902226,-1.1089367791653617,-1.13453316446629,-1.6428732904236725,0.930330728999997,1.2673651511346855,1.229740780185646,1.3016491449531098,1.229740780185646,1.2871655012738936,2.699032648387504
2022-08-31,-0.886044185987214,-0.5648526987423641,-0.784776025709875,-0.5741862455726847,-0.784776025709875,-0.7860730960612634,-0.9375589192313388,0.7850742995217447,0.3190585712765319,0.6158734105289865,0.3296898446048554,0.6158734105289865,0.6179109123513402,0.8790167270302364
2022-09-01,0.4622223143079851,-0.263349728828497,0.2991727649110381,0.0211352618430331,0.2991727649110381,0.199031446317106,-0.9777709427983232,0.2136494678442297,0.0693530796740429,0.0895043432645153,0.0004466992931735,0.0895043432645153,0.039613516623079,0.956036016580722
2022-09-02,-1.0733727854101809,-1.317597348915619,-1.0794530441166157,-1.445735667869838,-1.0794530441166157,-1.0515951196238058,0.667110477819427,1.1521291364592097,1.7360627738694674,1.1652188744526275,2.0901516213510467,1.1652188744526275,1.1058522956166064,0.4450363896164642
2022-09-06,-0.5543687913782259,-0.7417693823540721,-0.410344720981454,-0.7227727703899771,-0.410344720981454,-0.4452805459836216,-0.95258678040227,0.307324756854155,0.5502218165979416,0.1683827900373473,0.5224004776172025,0.1683827900373473,0.1982747646314721,0.9074215741971629
2022-09-07,1.390115212967571,2.116829451007082,1.8174804228558856,2.0442890324862324,1.8174804228558856,1.8409278774275173,0.7998562846724205,1.932420305323875,4.480966924650944,3.303235087464409,4.179117648343496,3.303235087464409,3.389015449889785,0.6397700761299683
2022-09-08,0.610020597668549,0.5938033335250892,0.6589013388980101,0.5028939735753651,0.6589013388980101,0.6670787486119616,0.887665823151239,0.3721251295798937,0.3526023989055083,0.4341509744015903,0.25290234865842,0.4341509744015903,0.4449940568497006,0.7879506135907667
2022-09-09,1.18009035593876,2.0871154716780507,1.5155971507018435,2.144630663460918,1.5155971507018435,1.538708917745362,1.8391621012742911,1.392613248179669,4.356050992117892,2.2970347232155466,4.599440682656818,2.2970347232155466,2.3676251335491028,3.382517234763666
2022-09-12,0.7116449927764301,1.2642670760855974,1.0528639881468729,1.195765324144166,1.0528639881468729,1.0540169131586874,1.0759003870074375,0.5064385957437653,1.5983712396740255,1.108522577536538,1.4298547104256027,1.108522577536538,1.110951653224568,1.1575616427627538
2022-09-13,-4.021462447309516,-5.296948589289776,-4.419911011958206,-5.70204297681775,-4.419911011958206,-4.371197719104159,-1.7250355407805358,16.172160215120645,28.057664357578943,19.53561335362941,32.513294109476625,19.53561335362941,19.1073694995014,2.975747616955996
2022-09-14,0.0967858429682661,0.7374081363340103,0.3381271704881856,0.8339912686464501,0.3381271704881856,0.3056457891334325,0.4101445520445225,0.0093674993990778,0.5437707595315983,0.1143299834223465,0.6955414361785154,0.1143299834223465,0.0934193484149987,0.168218553571802
2022-09-16,-1.0092994198416405,-2.3418977730247548,-1.859033963898542,-2.275690471227516,-1.859033963898542,-1.8559600859564265,-1.7399693721483274,1.018685318892672,5.484485179298305,3.456007278928326,5.178767120835713,3.456007278928326,3.444587840663385,3.0274934160142446
2022-09-19,0.6379542560549292,0.7537293839242943,0.6833745439536254,0.7717892331893498,0.6833745439536254,0.722057330613163,0.9063368079041694,0.4069856328185981,0.5681079841908963,0.4670007673238255,0.5956586204670046,0.4670007673238255,0.5213667886922067,0.8214464093619193
2022-09-20,-1.0156490897537402,-0.957922481243096,-1.133612455307255,-0.854773559616279,-1.133612455307255,-1.1662104322261435,-0.9950489320606524,1.031543073517601,0.9176154800709294,1.2850771988277434,0.7306378382190845,1.2850771988277434,1.3600467722330885,0.9901223771950448
2022-09-21,-1.7160862806527415,-1.8093388417670693,-1.7264673789774228,-1.819991615044515,-1.7264673789774228,-1.6914521453002478,-0.9553098429602228,2.9449521226445605,3.2737070443270007,2.980689610673172,3.312369478832342,2.980689610673172,2.8610103598408108,0.9126168960566854
2022-09-22,-0.3554569571443234,-1.3764925071392815,-0.8463309268931809,-1.1767405155248287,-0.8463309268931809,-0.9527252378272127,-0.9524724495013284,0.1263496483823014,1.8947316222105857,0.7162760378158707,1.3847182408776395,0.7162760378158707,0.9076853787929192,0.9072037670590604
2022-09-23,-1.629967786322005,-1.813420461578201,-1.7382826077567963,-1.669296726816507,-1.7382826077567963,-1.7739554711943244,-2.783792674052082,2.656794984447457,3.288493770470496,3.021626424429769,2.786551562160305,3.021626424429769,3.1469180137802777,7.749501652106042
2022-09-26,-1.120138024797372,-0.5999229468251297,-1.0394376865970472,-0.5063702259085425,-1.0394376865970472,-1.0823171789547528,-0.8364530204992495,1.254709194596958,0.3599075421273474,1.0804307043182213,0.2564108056866684,1.0804307043182213,1.1714104758605743,0.699653655502318
2022-09-27,-0.4309140327672137,0.2457515824299568,-0.2122610977533864,0.1566022521549517,-0.2122610977533864,-0.1885422166419776,-0.1044358009973102,0.1856869036357033,0.0603938402668278,0.0450547736194726,0.024524265380003,0.0450547736194726,0.0355481674562704,0.0109068365299497
2022-09-28,1.8659457118335936,2.0304302386973165,1.9481144387776417,1.951051314097173,1.9481144387776417,2.008730494779601,1.845502867031139,3.4817533995101773,4.1226469542164415,3.795149866573926,3.8066012302403056,3.795149866573926,4.034998200657501,3.4058808322201544
2022-09-29,-1.5553832871282611,-2.8835625203940944,-2.135277627216209,-2.904592797665918,-2.135277627216209,-2.132617184387707,-1.116623933514977,2.4192171698779155,8.314932809021542,4.559410545290084,8.436659320252723,4.559410545290084,4.548056055145752,1.2468490088984598
2022-09-30,-1.7260043950822712,-1.5191588601269974,-1.5181392276394086,-1.7488517868427051,-1.5181392276394086,-1.449880534107286,0.0129046040878563,2.979091171843317,2.307843642302358,2.30474671449758,3.0584825723429225,2.30474671449758,2.102153563183229,0.0001665288066643
2022-10-03,2.629600295576447,2.2423023011913363,2.555462879740763,2.3288795774561493,2.555462879740763,2.5760360819349035,2.3415146120499686,6.914797714495736,5.027919609927962,6.530390529732952,5.4236800862923324,6.530390529732952,6.635961895430529,5.4826906784435145
2022-10-04,2.760467996763189,3.283066863005276,3.012534086530393,3.09342468810902,3.012534086530393,3.076083996121169,2.5610397684610606,7.620183561153777,10.778528026963304,9.07536162250751,9.569276301002386,9.07536162250751,9.46229275119278,6.558924695639083
2022-10-05,-0.1401035884277243,-0.2487611161663514,-0.2020013335064303,-0.0808180450031987,-0.2020013335064303,-0.2310670544585889,-0.7040370912757983,0.0196290154903251,0.0618820929163289,0.040804538738376,0.006531556398139,0.040804538738376,0.0533919836561685,0.4956682258920867
2022-10-06,-1.1526142239508517,-0.6779539320849628,-1.0297920383574248,-0.7604806497387137,-1.0297920383574248,-1.0043909923589025,-1.3402583511144306,1.328519549253824,0.4596215340294623,1.06047164226434,0.5783308186270161,1.06047164226434,1.008801265531701,1.7962924477319724
2022-10-07,-2.128087924607841,-3.875211039987077,-2.8403167167490584,-3.960877663816942,-2.8403167167490584,-2.814050040244694,-2.107945174457253,4.528758214861707,15.017260604437723,8.06739905144415,15.688551867723955,8.06739905144415,7.918877629001165,4.443432858517619
2022-10-11,-0.196813224463357,-2.146468249405564,-1.4061240183989523,-2.2732239908049765,-1.4061240183989523,-1.2868447134722694,-1.9916522023585064,0.0387354453236637,4.607325945706184,1.9771847551184167,5.167547312371304,1.9771847551184167,1.655969316591527,3.966678495159489
2022-10-12,-0.0969726696330686,-0.087241511073026,-0.3296183350464421,-0.0531400098791488,-0.3296183350464421,-0.3511856111539548,-0.0571068374598782,0.0094036986557642,0.0076110812543049,0.1086482467987886,0.002823860649956,0.1086482467987886,0.1233313334815767,0.0032611908846689
2022-10-13,2.7946854066710576,2.203167391906298,2.563429144689717,2.2730138733600453,2.563429144689717,2.537644009711484,2.212751854437022,7.810266522260174,4.8539465567592,6.5711689798446535,5.166592068487236,6.5711689798446535,6.439637120024577,4.896270769314479
2022-10-14,-1.3536585707892133,-3.126201743844174,-2.394716377195182,-3.144221771438871,-2.394716377195182,-2.398485529716333,-1.5554193145251212,1.832391526271096,9.773137343214351,5.734666527206818,9.886130547990192,5.734666527206818,5.752732836258638,2.419329243997798
2022-10-17,1.8421840453470169,3.376134429484442,2.613555691190645,3.4062680106736054,2.613555691190645,2.623318338181367,1.595113524606491,3.393642056931099,11.398283685950243,6.83067335095501,11.602661760538322,6.83067335095501,6.88179910343865,2.5443871563825424
2022-10-18,1.1134241258558868,0.9007901799638248,1.1362760181543907,0.7672524976236618,1.1362760181543907,1.1554129906387798,0.9469006483797292,1.2397132840379457,0.8114229483192598,1.2911231894327972,0.5886763951097471,1.2911231894327972,1.334979178936849,0.8966208379019516
2022-10-19,-0.3280914560557363,-0.8567095284222205,-0.6694436704711701,-0.3987131678795509,-0.6694436704711701,-0.7569541177607461,-0.6606454650325863,0.1076440035367731,0.7339512160894234,0.4481548279339126,0.1589721902405469,0.4481548279339126,0.5729795363949494,0.4364524304681221
2022-10-20,-0.2970094052561136,-0.6166999081330328,-0.7982718516093059,-0.5117012306923983,-0.7982718516093059,-0.8534057071625745,-0.5106082465541317,0.0882145868105903,0.380318776691291,0.6372379490717497,0.261838149492115,0.6372379490717497,0.7283013010176538,0.2607207814490849
2022-10-21,2.4391348595699283,2.280676428836934,2.344776785243657,2.358436027493669,2.344776785243657,2.3278128535515203,1.504612756946109,5.949378863169214,5.201484973052391,5.49797817261758,5.562220495780117,5.49797817261758,5.418712681159672,2.263859548364971
2022-10-24,1.3328700132070883,0.8517803478481603,1.1811917059798285,1.0547755428059251,1.1811917059798285,1.1421672046480509,0.3041346358968712,1.7765424721066638,0.7255297609803328,1.395213846275537,1.112551445701534,1.395213846275537,1.304545923373542,0.0924978767521224
2022-10-25,1.0645405760606308,2.22568799851606,1.6135765325269211,2.075644679091991,1.6135765325269211,1.6806541834368305,0.939678484401512,1.1332466380794997,4.953687066738424,2.603629226321602,4.308300833842895,2.603629226321602,2.82459848430372,0.8829956540471227
2022-10-26,0.007452369463871,-2.0580147974659564,-0.7415138056792231,-2.2890431784952434,-0.7415138056792231,-0.659745548184435,0.9524062676544062,5.553781062603716e-05,4.235424906588841,0.5498427240128846,5.239718673015607,0.5498427240128846,0.4352641883491806,0.9070776986673964
2022-10-27,0.6079760982954089,-1.6387035359807431,-0.6101172384332341,-1.8964237196095075,-0.6101172384332341,-0.5493073102931731,0.3745616486441817,0.3696349360985086,2.685349278835791,0.3722430446333958,3.596422924297559,0.3722430446333958,0.3017385211415204,0.1402964286350474
2022-10-28,2.5535670670929504,2.829832154404799,2.43280345757694,3.119072066773536,2.43280345757694,2.389097320478632,0.6134479729083955,6.520704766141693,8.007950022103305,5.918532663198313,9.728610557726938,5.918532663198313,5.707786006718179,0.3763184154654195
2022-10-31,-0.3928654183723969,-1.0348929457000189,-0.7482306966126504,-1.2255153265537635,-0.7482306966126504,-0.6937171898291328,-0.2316355397297808,0.1543432369529184,1.0710034090596623,0.5598491753534521,1.501887815618178,0.5598491753534521,0.481243539464429,0.0536550232659068
2022-11-01,-0.2439300973185012,-0.8894527309528147,-0.4109694089746852,-1.0277107964920478,-0.4109694089746852,-0.3413126886569033,0.4702676738797166,0.0595018923778134,0.7911261605994202,0.1688958551130021,1.0561894812263193,0.1688958551130021,0.1164943514382041,0.2211516850962395
2022-11-02,-1.560025489740264,-3.418843608613519,-2.53198028276198,-3.448009033891956,-2.53198028276198,-2.5779174767590987,-1.2409064360928097,2.43367952863935,11.688491620157508,6.410924152295436,11.888766297800542,6.410924152295436,6.6456585169799975,1.5398487831365584
2022-11-03,-0.4567892894413082,-1.742993061752144,-1.064240923898342,-1.9979789443515448,-1.064240923898342,-1.0028862798400662,-0.1858341377568962,0.2086564549482953,3.0380248133161136,1.1326087440999963,3.991919862072116,1.1326087440999963,1.0057808902914476,0.034534326755849
2022-11-04,1.2482854882343155,1.271155237024947,1.3526781457993704,1.544776297799091,1.3526781457993704,1.3727739381347397,1.078244858854106,1.5582166601363834,1.6158356366159492,1.8297381661232228,2.386333810241867,1.8297381661232228,1.8845082852219608,1.162611975645311
2022-11-07,1.299373045788765,0.8485503278064839,0.9568061802673562,1.0989563484153315,0.9568061802673562,0.9514556600254866,0.4928756004168865,1.6883703121223717,0.7200376588204912,0.9154780665978084,1.2077050557223594,0.9154780665978084,0.9052678729945344,0.2429263574863063
2022-11-08,1.0117773052417975,0.4879919337704564,0.5582267593980096,0.7487432250034931,0.5582267593980096,0.5259679622923535,0.5835825268295823,1.0236933154023535,0.2381361274250295,0.3116171149080032,0.5606164169886315,0.3116171149080032,0.2766422973579706,0.3405685656208002
2022-11-09,-1.9700235726565345,-2.508790038584552,-2.0996774887089926,-2.397025931208965,-2.0996774887089926,-2.106699711700766,-1.6206664958697643,3.880992876822415,6.294027457701077,4.408645556591302,5.745733314888207,4.408645556591302,4.438183675280094,2.6265598908347814
2022-11-10,3.6284893376695937,7.092556537718766,5.395250428096393,7.219915807516891,5.395250428096393,5.417755392333633,3.2854939661673987,13.165934873581929,50.3043582407372,29.10872718187431,52.12718426763228,29.10872718187431,29.352073491160155,10.794470601722384
2022-11-11,0.0963264263387499,1.8646486108833955,0.919835904482699,1.8021519652493767,0.919835904482699,0.8896758117123819,0.6042130632402853,0.0092787804111946,3.4769144420693765,0.846098091175505,3.2477517058521905,0.846098091175505,0.7915230499460856,0.365073425790209
2022-11-14,-0.6276884314909696,-1.1289066105081265,-0.8975957665021739,-0.9870753814395188,-0.8975957665021739,-0.9117435597882482,-0.947717650461984,0.3939927670275936,1.2744301352489469,0.805678160042625,0.9743178086439716,0.805678160042625,0.8312763188153469,0.8981687449971835
2022-11-15,0.1674944966170318,1.4382217373181694,0.8675381307597811,1.444173789428936,0.8675381307597811,0.9215845189616728,0.3656128005129391,0.0280544063969928,2.0684817656944934,0.7526224083221751,2.0856379340735325,0.7526224083221751,0.8493180255898177,0.1336727198989142
2022-11-16,-0.1164113390021099,-1.550474366735628,-0.8286297872085079,-1.4600113780255135,-0.8286297872085079,-0.8884847227748932,-0.1843178236289523,0.0135515998482641,2.4039707619042465,0.686627324249217,2.13163322396396,0.686627324249217,0.7894051026043788,0.0339730601073135
2022-11-17,-0.0223947929971829,-0.3466496716256588,-0.3094109623737159,-0.1901955848396899,-0.3094109623737159,-0.3248513955831444,-0.3683504263008544,0.0005015267533866,0.1201659948381771,0.095735143637029,0.0361743604925117,0.095735143637029,0.1055284292123165,0.1356820365560211
2022-11-18,0.5925551551314739,0.0099143058624763,0.4747288330235593,0.0013702223451331,0.4747288330235593,0.4890849085714093,0.4832760740520867,0.3511216118728851,9.829346073473318e-05,0.2253674649039104,1.8775092751022863e-06,0.2253674649039104,0.2392040477923037,0.233555763751198
2022-11-21,-0.1346569930927211,-1.0965274775542817,-0.3891212801476293,-1.063837072752364,-0.3891212801476293,-0.3795782857518263,-0.0189198469758545,0.0181325057887731,1.2023725090315551,0.1514153706637298,1.1317493173623188,0.1514153706637298,0.1440796750142951,0.0003579606095897
2022-11-22,1.1735471362015448,1.3505007606927704,1.3488571921957369,1.472523209835237,1.3488571921957369,1.3626268336157337,1.208458889301707,1.3772128808868471,1.823852304631752,1.819415724938167,2.1683246035034696,1.819415724938167,1.8567518876896405,1.4603728871323152
2022-11-23,0.2810324276879966,0.987642604575424,0.5897283130642713,0.9665680843869808,0.5897283130642713,0.5481372753166377,0.3073904204188779,0.078979225412209,0.9754379143725276,0.3477794832296312,0.9342538617555176,0.3477794832296312,0.3004544725915474,0.0944888705652945
2022-11-25,0.4463653384118631,-0.5238272146331376,-0.0283110944129042,-0.7008452467931282,-0.0283110944129042,0.0054228464534226,0.4992383610364203,0.1992420153355371,0.2743949507903112,0.0008015180668563,0.4911840599525208,0.0008015180668563,2.9407263657398683e-05,0.2492389411303311
2022-11-28,-1.459249252545635,-1.5879140544721688,-1.5564652905563017,-1.4417962464358367,-1.5564652905563017,-1.5861809718504465,-0.8042549235651777,2.129408381054996,2.5214710443902417,2.4225842007065124,2.078776416236468,2.4225842007065124,2.515970075460426,0.6468259820788298
2022-11-29,0.0090535304345562,-0.5965539480929049,-0.1593118872794044,-0.7301600919672966,-0.1593118872794044,-0.1201770826946443,0.2811011804602348,8.196641332943708e-05,0.3558766129852322,0.0253802774285256,0.533133759901691,0.0253802774285256,0.0144425312049953,0.0790178736561375
2022-11-30,2.154431386706698,4.31406511359541,3.047858758258928,4.476144019668078,3.047858758258928,2.9908446322962896,0.8634824451261874,4.641574600026946,18.611157804340976,9.289443010295653,20.035865284810303,9.289443010295653,8.945151614535527,0.7456019330410993
2022-12-01,-0.5646391201192089,0.1259496442060752,-0.0868000270271791,0.0983302017105694,-0.0868000270271791,-0.1006963127400215,0.3523296593682413,0.3188173359689944,0.0158633128756369,0.007534244691919,0.0096688285684412,0.007534244691919,0.0101397473994362,0.1241361888705409
2022-12-02,0.1013154802853063,-0.1826364638756746,-0.1195345902842209,-0.3963617505643911,-0.1195345902842209,-0.0932880900170279,-0.1940450404061968,0.0102648265454422,0.0333560779370105,0.0142885182744165,0.1571026373104686,0.0142885182744165,0.0087026677390251,0.0376534777062425
2022-12-05,-1.412116571115202,-1.9520091560084267,-1.805628360207544,-1.7447940762238827,-1.805628360207544,-1.8744356360494685,-1.1952630911637112,1.994073210418155,3.8103397451407295,3.2602937751857843,3.044306368425952,3.2602937751857843,3.513508953692175,1.42865385709823
2022-12-06,-1.0386307553480685,-2.0225245645394607,-1.4503849921748773,-2.032209738592272,-1.4503849921748773,-1.4178857324561551,-1.2531845536519786,1.078753845954899,4.090605614165535,2.1036166255261186,4.129876421629268,2.1036166255261186,2.010399950302728,1.5704715255119088
2022-12-07,0.0047080801799365,-0.5127746565951609,-0.1864084916262704,-0.4537936827177803,-0.1864084916262704,-0.1919865644271836,-0.0848276435827547,2.2166018980711213e-05,0.2629378484462851,0.0347481257503813,0.2059287064745655,0.0347481257503813,0.0368588409205531,0.0071957291158028
2022-12-08,0.5448346764967706,1.1202193898095096,0.7493612090724109,1.2111985916106314,0.7493612090724109,0.7414901335300326,-0.020179052859745,0.2968448247133407,1.25489148130519,0.5615422216624655,1.467002028319577,0.5615422216624655,0.5498076181223855,0.0004071941743163
2022-12-09,-0.907023248639424,-0.7007529144133307,-0.737668721482345,-0.6393674832730275,-0.737668721482345,-0.7648199674941009,-0.1108320381934653,0.8226911735724141,0.4910546470587767,0.5441551426533975,0.4087907786668851,0.5441551426533975,0.5849495826776775,0.0122837406901177
2022-12-12,1.566621887633559,1.256281378169544,1.4178262831053965,1.2300494176678065,1.4178262831053965,1.3869572391201457,0.3634523377898941,2.454304138812536,1.5782429011355683,2.010231369064463,1.5130215699049094,2.010231369064463,1.923650383147777,0.1320976018449393
2022-12-13,0.3042174535602411,1.0095908391895183,0.7263262233261697,1.0855034770682987,0.7263262233261697,0.7086381602671743,0.0187797367193275,0.0925482590506774,1.0192736625753958,0.527549782691257,1.1783177987273663,0.527549782691257,0.5021680421868454,0.0003526785112472
2022-12-14,-0.4180529579718804,-0.7662704642273364,-0.6071158028413108,-0.7913550488238922,-0.6071158028413108,-0.6045941238299554,-0.6604540442378779,0.1747682756690388,0.5871704243471776,0.3685895980596494,0.6262428132990647,0.3685895980596494,0.3655340545697114,0.4361995445501688
2022-12-15,-2.2753676866642243,-3.279064042484157,-2.523746079196396,-3.4284359309053403,-2.523746079196396,-2.508347217439065,-1.473833710758368,5.177298109515704,10.752260994712543,6.369294272259178,11.754172932322769,6.369294272259178,6.291805763234303,2.172185806967781
2022-12-16,-0.8522243605317902,-0.9770694305828808,-1.1200267830704025,-0.8986317772181925,-1.1200267830704025,-1.1083509810599654,-0.8060199497255923,0.7262863606838187,0.9546646721795552,1.2544599947950343,0.8075390710263273,1.2544599947950343,1.2284418972165878,0.6496681593556464
2022-12-19,-0.4961295457604099,-1.4999919381407956,-0.9048278034291596,-1.4253623176451116,-0.9048278034291596,-0.9166844872441926,-1.2551647496118308,0.2461445261764307,2.2499758144873803,0.818713353858438,2.031657736562644,0.818713353858438,0.8403104491541483,1.57543854866813
2022-12-20,0.2810810729920618,0.0102402942012194,0.1036747011419641,-0.1098433072025361,0.1036747011419641,0.132777822721372,0.5512165438334444,0.0790065695943688,0.0001048636253275,0.0107484436568755,0.0120655521371907,0.0107484436568755,0.017629950206628,0.3038396781956876
2022-12-21,1.590744041457821,1.526698082857678,1.4758594440961796,1.4654445973454815,1.4758594440961796,1.4975047529226049,1.3591961288714187,2.5304666054335607,2.330807036201309,2.1781610987278843,2.1475278678890604,2.1781610987278843,2.242520485025792,1.8474141167390503
2022-12-22,-1.0510939504909615,-2.2020773321683085,-1.4557129502374848,-2.521183443020595,-1.4557129502374848,-1.4311818954069329,-1.1379140048731826,1.104798492758696,4.849144576849495,2.119100193489122,6.356365953361182,2.119100193489122,2.0482816177405807,1.2948482824865255
2022-12-23,0.5327837105399178,0.2073426761781835,0.5850906388984781,0.2671002063728824,0.5850906388984781,0.5960708997648493,0.8080584812713306,0.2838584822166829,0.042990985364731,0.3423310557266293,0.0713425202444363,0.3423310557266293,0.355300517546477,0.6529585091545294
2022-12-28,-0.9934153964727632,-2.7482095088040297,-1.615128895410552,-2.8259894797911045,-1.615128895410552,-1.6278963036082366,-1.1474510898637953,0.9868741499491374,7.552655504280886,2.60864134879011,7.986216539889997,2.60864134879011,2.65004637530136,1.3166440036296116
2022-12-29,1.0442168081424164,2.5596506510705685,1.7310618960093669,2.512365738207366,1.7310618960093669,1.7528139877528444,1.0409691732636135,1.090388742407136,6.551811455525986,2.9965752878155434,6.311981602518243,2.9965752878155434,3.0723568756620283,1.0836168196851317
2022-12-30,-0.2216516541438751,-0.1108163284487109,-0.2543968035109525,-0.1031117715602397,-0.2543968035109525,-0.2704731516832607,-0.5195169696565394,0.049129455784716,0.0122802586508525,0.0647177336365902,0.010632037434291,0.0647177336365902,0.0731557257814761,0.2698978817611137
2023-01-03,-0.0328127816339426,-0.7624380646552678,-0.4008544390807093,-0.7074939019862858,-0.4008544390807093,-0.3990883290099598,0.3031266059312916,0.0010766786385568,0.5813118024352703,0.1606842813307101,0.5005476213477802,0.1606842813307101,0.1592714943519619,0.0918857392234245
2023-01-04,0.4017616158800894,0.688651585986168,0.7510674075384772,0.4790655334686767,0.7510674075384772,0.8067909419132635,0.7432795552276171,0.1614123959945805,0.4742410068812646,0.564102250666569,0.2295037853576278,0.564102250666569,0.6509116239532909,0.5524644972193643
2023-01-05,-1.0262586184783544,-1.4787495217219615,-1.171390238451922,-1.6031360672141717,-1.171390238451922,-1.1570179171229689,-0.419433252839572,1.0532067520011006,2.18670014799293,1.3721550907404505,2.5700452500029205,1.3721550907404505,1.3386904605435732,0.1759242535875843
2023-01-06,2.105019841904734,2.5300404067127578,2.2583841176026542,2.746870817981124,2.2583841176026542,2.2694240797945726,1.564932430045896,4.431108534812631,6.401104459599257,5.100298822639919,7.545299290676287,5.100298822639919,5.1502856539514426,2.4490135106093534
2023-01-09,-0.3364666768958821,0.6258466866412356,-0.0767929850494406,0.6148524307002432,-0.0767929850494406,-0.0695145223642532,0.21456174081142,0.1132098246613579,0.3916840751798129,0.0058971625528036,0.3780435115379973,0.0058971625528036,0.0048322688195302,0.0460367406200269
2023-01-10,0.5547404964152884,1.000846635194957,0.6954020552451892,0.8724086751293129,0.6954020552451892,0.7263900340406441,0.2102328653456409,0.3077370183630806,1.0016939871810673,0.4835840184392331,0.761096896440883,0.4835840184392331,0.5276424815535681,0.0441978576714383
2023-01-11,0.7946690018435275,1.7444234419470956,1.2767544131228952,1.7405105492401178,1.2767544131228952,1.2690680098202658,0.6321546172851479,0.6314988224909883,3.043013144814552,1.6301018314287885,3.0293769720161365,1.6301018314287885,1.6105336135491704,0.3996194601549317
2023-01-12,0.6366172060778292,0.633154981920398,0.3410131586882788,0.4994118979919378,0.3410131586882788,0.4015849327672753,0.925291636886942,0.4052814670743413,0.4008852311306195,0.1162899743985572,0.2494122438559096,0.1162899743985572,0.161270458225697,0.8561646132929164
2023-01-17,-0.8197267056050861,0.8509018802001204,0.1956324440675236,0.847846692299464,0.1956324440675236,0.2012821472884094,1.211070194528444,0.6719518718821674,0.7240340097281,0.0382720531718327,0.7188440136431419,0.0382720531718327,0.0405145028170329,1.4666910160751634
2023-01-18,-1.8269114215945053,-1.2525033221907025,-1.5685001660276408,-1.2792178714215028,-1.5685001660276408,-1.5506577092447411,-0.3978582741355367,3.337605342352456,1.5687645720987462,2.460192770828737,1.6363983625641605,2.460192770828737,2.404539331240149,0.1582912062981079
2023-01-19,-0.7608943543698893,-0.9605525331731803,-0.766766960752083,-1.009576284852551,-0.766766960752083,-0.7855587472059719,-0.1708840828365852,0.5789602185119707,0.9226611689854136,0.5879315721009863,1.0192442749366786,0.5879315721009863,0.617102545311816,0.0292013697669009
2023-01-20,0.9964608385906746,2.6207009900660525,1.874167155917249,2.822454653490757,1.874167155917249,1.8509195337140696,0.7921274677367562,0.9929342028448304,6.868073679333188,3.51250252831895,7.96625027101163,3.51250252831895,3.4259031202843087,0.6274659251430458
2023-01-23,0.7583759710210392,1.9905701714940007,1.1811328415709266,2.15844944996096,1.1811328415709266,1.1833553295307842,0.6241452392421724,0.575134113422104,3.962369607641657,1.3950747894374116,4.658904028036771,1.3950747894374116,1.4003298359289107,0.3895572796686685
2023-01-24,0.3099533869967784,-0.2655838114783764,-0.0711729632521093,-0.218380234608168,-0.0711729632521093,-0.0966314778919328,-0.0098397693017202,0.0960711021107746,0.0705347609193817,0.0050655906980861,0.0476899268675185,0.0050655906980861,0.0093376425195791,9.682105991107648e-05
2023-01-25,0.0293019029481215,-0.1846992985072053,-0.0181746434348977,-0.2701286591388069,-0.0181746434348977,0.0054312109984464,-0.1452855820126281,0.0008586015163811,0.0341138308690537,0.0003303176639856,0.0729694924881297,0.0003303176639856,2.949805290964576e-05,0.021107900340748
2023-01-26,0.607347080556638,1.7441781486901258,1.0947717569977038,1.984405543129483,1.0947717569977038,1.0706844504262525,0.4886196437692376,0.3688704762606713,3.0421574143681145,1.1985251999198394,3.937865359603018,1.1985251999198394,1.1463651923845664,0.2387491562771767
2023-01-27,0.0844129871621066,0.9448970070156576,0.2491702791684163,0.950710067402174,0.2491702791684163,0.2586546043841719,0.0675118062642434,0.0071255524016299,0.8928303538671477,0.0620858280208665,0.903849632259846,0.0620858280208665,0.0669022043691325,0.0045578439850607
2023-01-30,-0.7710904043244202,-1.9804238076063927,-1.3053559781991078,-2.111587549061029,-1.3053559781991078,-1.288071488359554,-0.6896697659553775,0.5945804116411979,3.922078457734205,1.7039542298201495,4.458801977349564,1.7039542298201495,1.6591281591247968,0.4756443860729452
2023-01-31,1.088311213505178,1.6601909898038385,1.4536285322318163,1.5786162229157137,1.4536285322318163,1.5342979268593024,0.9447211483029374,1.1844212974411132,2.756234122625849,2.113035909718425,2.492029179252674,2.113035909718425,2.3540701283647536,0.8924980480508207
2023-02-01,0.0203003877662721,1.9809140343441705,1.0398089735210485,2.135169180305036,1.0398089735210485,1.0847131398973229,-0.0786638649008901,0.000412105743461,3.924020411461696,1.0812027014148962,4.55894742852448,1.0812027014148962,1.1766025958659088,0.0061880036411454
2023-02-02,-0.1145094385686365,3.20213718866564,1.4592431217642186,3.497390015428583,1.4592431217642186,1.4636661205258092,-0.0511430186347287,0.0131124115213043,10.253682575035484,2.129390488416182,12.231736920019545,2.129390488416182,2.1423185123750725,0.0026156083550722
2023-02-03,-0.3763663739029775,-1.6016933444060288,-1.0408643989373003,-1.8110083822475656,-1.0408643989373003,-1.002517287451714,0.0862676016505227,0.1416516474048759,2.56542156951457,1.0833986969751075,3.2797513605709443,1.0833986969751075,1.0050409116395422,0.0074420990945332
2023-02-06,-0.1032098979138064,-1.0002843463962794,-0.6159416919169087,-0.8694562245401944,-0.6159416919169087,-0.6707925157269179,-0.6254118868668662,0.0106522830273783,1.0005687736454318,0.3793841678414641,0.755954126391689,0.3793841678414641,0.4499625991552474,0.3911400282343739
2023-02-07,0.7808491351326403,1.8860921127919763,1.279038304091915,2.0939932306317464,1.279038304091915,1.2314297913909504,0.464672625378221,0.6097253718373924,3.557343457936102,1.6359389833343227,4.384807649931578,1.6359389833343227,1.5164193311251597,0.2159206487758885
2023-02-08,-0.6098624370584427,-1.692209968838246,-1.1142539811002887,-1.8467003679244216,-1.1142539811002887,-1.1307883260316942,-0.2195895342258389,0.3719321921348629,2.863574578635538,1.2415619343978426,3.410302248892194,1.2415619343978426,1.278682238289561,0.0482195635415208
2023-02-09,-0.7365439256786588,-1.0206037518942674,-0.8869043032445953,-0.9181965839866216,-0.8869043032445953,-0.9179890123300184,-0.3962959149834881,0.5424969544541296,1.0416320183806551,0.7865992431137812,0.8430849668447009,0.7865992431137812,0.8427038267586429,0.1570504522326
2023-02-10,0.501361743201446,-0.6079643958850631,0.2192865258876484,-0.6177831465957393,0.2192865258876484,0.2220254319835633,0.0697405771114224,0.2513635975459927,0.3696207066638897,0.0480865804358743,0.3816560162177327,0.0480865804358743,0.0492952924474879,0.0048637480958342
2023-02-13,1.1059672953390585,1.4711800232360346,1.1383550959928976,1.591472859571435,1.1383550959928976,1.1418033308228626,0.436217163714036,1.2231636583595922,2.164370660768779,1.2958523245729991,2.53278586275248,1.2958523245729991,1.3037148462781831,0.1902854139187181
2023-02-14,-0.4585124709592176,0.5731710236889146,-0.0280416081282251,0.7059551701856761,-0.0280416081282251,-0.032683701140192,0.0123650530912944,0.2102336860251273,0.3285250223965983,0.0007863317864169,0.4983727023118869,0.0007863317864169,0.0010682243202213,0.0001528945379505
2023-02-15,0.1137149477464457,0.919229178234958,0.2769285655189374,0.7675091614703979,0.2769285655189374,0.3179485538754129,0.0753165139532795,0.0129310893409768,0.8449822821185163,0.0766894304003764,0.5890703129409933,0.0766894304003764,0.1010912829114663,0.0056725772740745
2023-02-16,-1.271528241831518,-1.795209687097904,-1.3884644172642286,-1.9531805781932543,-1.3884644172642286,-1.327956450954132,-0.5515561879918559,1.6167840697751512,3.2227778206501543,1.927833438008894,3.814914371031336,1.927833438008894,1.763468335630694,0.3042142285121075
2023-02-17,0.3845715607006116,-0.5799761857536745,-0.277128520590475,-0.6797908138476657,-0.277128520590475,-0.2591766464100424,-0.443465314532048,0.1478952852997042,0.3363723760413807,0.0768002169246653,0.4621155505916717,0.0768002169246653,0.0671725340443561,0.1966614851930083
2023-02-21,-2.0823442649085115,-2.5342972340953627,-2.024478441412393,-2.4399695808448785,-2.024478441412393,-2.076146867392599,-1.2882869157286343,4.33615763759737,6.422662470743406,4.098512959743554,5.953451555448332,4.098512959743554,4.310385814984103,1.659683177237598
2023-02-22,-0.2553654054338106,0.1284296168797003,-0.1574785732771509,0.0495221668234812,-0.1574785732771509,-0.1276533240462659,-0.2932803565452767,0.0652114902923744,0.0164941664918666,0.0247995010414069,0.0024524450068927,0.0247995010414069,0.0162953711400609,0.0860133675353246
2023-02-23,0.3287469095466737,0.7215626468707841,0.5315273460274993,0.9392634022162396,0.5315273460274993,0.5302741643465207,-0.0254571894656858,0.1080745305364888,0.5206526533591719,0.2825213195750369,0.8822157387428257,0.2825213195750369,0.2811906893734009,0.0006480684954918
2023-02-24,-1.0216291310444447,-1.7007682812237666,-1.0593457421727142,-1.743231000300716,-1.0593457421727142,-1.0238699262913895,0.1534373477416508,1.043726081398627,2.892612746416845,1.1222134014594585,3.038854320409435,1.1222134014594585,1.0483096259639353,0.0235430196819922
2023-02-27,0.2196720557517967,0.6301940979417782,0.3068304831168187,0.7336311758589747,0.3068304831168187,0.2957933795583208,0.2022761941606682,0.0482558120782205,0.3971446010806514,0.0941449453697003,0.5382147021922219,0.0941449453697003,0.0874937233905328,0.0409156587241243
2023-02-28,-0.7090959058952309,-0.0997708755581083,-0.3040597685619458,-0.130058627695215,-0.3040597685619458,-0.2892106788933033,-0.1923850902609055,0.5028170037573781,0.0099542276096315,0.092452342857944,0.0169152466379625,0.092452342857944,0.0836428167859254,0.0370120229546967
2023-03-01,0.0157407077873185,-0.6661719993126466,-0.473646161527038,-0.8636087935745831,-0.473646161527038,-0.4122538502846958,0.1906575444691599,0.0002477698816457,0.4437851326682088,0.2243406863292969,0.7458201483393468,0.2243406863292969,0.1699532370745564,0.0363502992630096
2023-03-02,1.0408344117361965,0.7310801898406007,0.7553542016924832,0.8864676114132509,0.7553542016924832,0.7255277060709511,0.3814573143974455,1.0833362726542335,0.5344782439773689,0.5705599700144887,0.7858248260847145,0.5705599700144887,0.5263904522765763,0.1455096827073116
2023-03-03,1.1669916211963176,1.952585506653024,1.6018800257414187,2.021282443739563,1.6018800257414187,1.5582757936335665,1.194428795512274,1.3618694439424095,3.8125901607914456,2.5660196168693283,4.08558271736978,2.5660196168693283,2.428223449024321,1.4266601475489018
2023-03-06,0.1211188903370286,-0.1135814027699651,0.0686923523995504,0.094960864550293,0.0686923523995504,-0.0689350637481521,-0.324992414307838,0.0146697855964731,0.012900735055193,0.004718639278184,0.009017565796139,0.004718639278184,0.0047520430139618,0.1056200693576374
2023-03-07,-1.7348337698509704,-1.2531712857461148,-1.5445639173959798,-1.229343854610705,-1.5445639173959798,-1.5101222234933402,-1.1731343450201552,3.00964820901533,1.5704382714185705,2.385677694921615,1.511286312869106,2.385677694921615,2.28046912988847,1.3762441914658683
2023-03-09,-1.847979245203531,-1.678998899470534,-1.721805185892697,-1.2944330436195717,-1.721805185892697,-1.7723798943364135,-0.9356333240763972,3.4150272907030126,2.8190373044232646,2.964613098166985,1.675556904414227,2.964613098166985,3.1413304898479564,0.8754097171222486
2023-03-10,-1.076070010515472,-1.77488169987835,-1.4583974750190178,-1.390090881923614,-1.4583974750190178,-1.5688268525002054,-1.5644432057965456,1.1579266675307682,3.1502050485630617,2.126923195141847,1.9323526600071708,2.126923195141847,2.4612176931257013,2.447482544162973
2023-03-13,-0.2839885588682969,0.4474712038966325,-0.1510881613259081,0.7820798860939242,-0.1510881613259081,-0.3092523208905331,-0.9451388851105382,0.0806495015680921,0.2002304783167016,0.0228276324928436,0.6116489482326855,0.0228276324928436,0.0956369979761812,0.8932875121479912
2023-03-15,0.1740464434119275,2.167879958229053,0.933704440313652,2.715045364358522,0.933704440313652,0.8416844867524423,-1.0781330132367726,0.0302921644643412,4.699703513291203,0.87180398186143,7.371471330524699,0.87180398186143,0.7084327752397223,1.1623707942310029
2023-03-16,1.160262736919503,2.4468498599065707,1.740955128696453,2.6584970102729355,1.740955128696453,1.717718686202271,0.8231230879110873,1.346209618683936,5.987074236924805,3.0309247601344835,7.067606353630136,3.0309247601344835,2.9505574849284564,0.6775316178522837
2023-03-17,-1.199763961630884,-0.7432343652337868,-1.1080586449227314,-0.4901356417643895,-1.1080586449227314,-1.2172070307366043,-0.7773104073156937,1.4394335636282332,0.5523973216644701,1.2277939605879995,0.2402329473277899,1.2277939605879995,1.4815929556746212,0.6042114693212896
2023-03-20,1.1936321729027757,0.3863808245754727,0.8878824909597214,0.3407321599404191,0.8878824909597214,0.9414639281623772,0.6770503782916967,1.4247577641886011,0.1492901415996222,0.7883353177528397,0.1160984048176633,0.7883353177528397,0.8863543280309338,0.4583972147449295
2023-03-21,0.9753217978110372,1.5684700220142007,1.289863554198477,1.41347349357648,1.289863554198477,1.3296002791794004,0.6917308915475923,0.9512526092853538,2.460098209957227,1.6637479884495276,1.997907317043299,1.6637479884495276,1.7678369023939395,0.4784916263212268
2023-03-22,-1.6426581294155818,-1.6162908143810268,-1.6600211922495949,-1.3773091974497562,-1.6600211922495949,-1.732954327049228,-0.6233608785827368,2.6983257301350982,2.612395996652483,2.7556703587177664,1.896980625379692,2.7556703587177664,3.0031306996386427,0.3885787849474415
2023-03-23,0.2343004249327628,1.001331874774938,0.2980083847039386,1.2814813222198609,0.2980083847039386,0.2279893999407768,-0.3737114116078663,0.0548966891236732,1.002665523440292,0.0888089973538506,1.6421943791983629,0.0888089973538506,0.0519791664853555,0.1396602191659441
2023-03-24,0.4111628297456052,0.3096986562413509,0.5623958124210314,0.2966317144681914,0.5623958124210314,0.5837249703907025,0.2133907154504428,0.1690548725644135,0.0959132576776984,0.316289049828712,0.0879903740283386,0.316289049828712,0.3407348410576264,0.0455355974404518
2023-03-29,1.4781892933444511,0.8612697951893865,1.420737004388693,0.6167415511137815,1.420737004388693,1.485390183078927,1.70907743536164,2.185043586958168,0.7417856601055678,2.018493635639358,0.3803701408702331,2.018493635639358,2.206383995987247,2.920945680062321
2023-03-30,0.4313669882873844,0.7287924293738977,0.5698994460609172,0.9075207777082523,0.5698994460609172,0.5360953934131094,0.5195764987451669,0.1860774785841285,0.5311384051127076,0.3247853786205403,0.8235939619721911,0.3247853786205403,0.2873982708387566,0.2699597380482864
2023-03-31,1.255419872265034,1.7201393718690423,1.4333332809426855,1.6692927802508286,1.4333332809426855,1.4622798173218603,0.7936930165174428,1.5760790556779545,2.958879458654024,2.0544442942579235,2.786538386197541,2.0544442942579235,2.138262264146853,0.6299486044685578
2023-04-03,0.9779491920310897,-0.2658927574746401,0.3692093649516912,-0.2506752148912655,0.3692093649516912,0.3386043803760778,0.8836020089674999,0.956384622194261,0.0706989584774678,0.1363155551680311,0.0628380633607821,0.1363155551680311,0.1146529264098675,0.7807525102514017
2023-04-04,-0.5933357838143642,-0.5192195505733258,-0.5813920385208212,-0.3678320084363549,-0.5813920385208212,-0.6804996661927503,-0.0124278617037603,0.352047352354606,0.2695889416975664,0.338016702455396,0.1353003864303226,0.338016702455396,0.4630797956884445,0.0001544517465277
2023-04-05,0.2402371366715077,-1.0733758543121583,-0.2495429192470336,-1.0194940283381762,-0.2495429192470336,-0.2883128206265865,-0.5747962360407115,0.0577138818361247,1.1521357246203563,0.0622716685463315,1.039368073817202,0.0622716685463315,0.0831242825376582,0.3303907129665693
2023-04-06,0.007676501427427,0.7564552126341704,0.3572739725370165,0.7329863882145532,0.3572739725370165,0.3193452926119952,0.184060806880713,5.8928674165290056e-05,0.572224488721408,0.1276446914523808,0.5372690453078157,0.1276446914523808,0.1019814159134408,0.0338783806295791
2023-04-10,0.3018680569564705,-0.0298026934838673,0.0995845047011905,-0.0870190295101968,0.0995845047011905,0.1891966124176519,0.3910313485791646,0.0911243238106749,0.0008882005388933,0.0099170735765814,0.0075723114968965,0.0099170735765814,0.0357953581503152,0.1529055155716401
2023-04-11,0.2921552276410758,-0.4352096366546696,-0.0041372345026909,-0.6694447291030053,-0.0041372345026909,0.0640532945292246,0.7176363006226433,0.0853546770380088,0.1894074278370895,1.7116709330256624e-05,0.4481562453237962,1.7116709330256624e-05,0.0041028245400476,0.5150018599713528
2023-04-12,-0.1137430585870504,-0.8558884033079824,-0.4143458650798345,-0.8972998628828961,-0.4143458650798345,-0.431014405151695,0.1588701036787188,0.0129374833767371,0.7325449589170876,0.1716824959087564,0.8051470439296641,0.1716824959087564,0.1857734174482695,0.0252397098428868
2023-04-13,1.1324249416282115,1.966687265524706,1.3175446748330009,2.0113448279625965,1.3175446748330009,1.2695202186776893,0.537169483531044,1.2823862484216582,3.8678588003770455,1.735923970180798,4.045508016971887,1.735923970180798,1.611681585631448,0.2885510540370085
2023-04-14,-0.4217478879569797,-0.3524702166829704,-0.2071498810492095,-0.2281348758666829,-0.2071498810492095,-0.2384018675508278,0.0749555260106144,0.1778712809961731,0.1242352536485401,0.0429110732187016,0.0520455215867068,0.0429110732187016,0.0568354504517224,0.0056183308795278
2023-04-17,0.2967482185068374,0.2821857095494768,0.3300778968762975,0.0626585257072848,0.3300778968762975,0.3600325800186222,0.3011024576643072,0.0880595051869817,0.0796287746739416,0.1089514180062797,0.0039260908438104,0.1089514180062797,0.1296234586748656,0.0906626900114859
2023-04-18,-0.0310318707794835,-0.0354734558287737,0.0854784255152459,0.0311617788143009,0.0854784255152459,0.0581189552834584,0.2066947851119382,0.0009629770040745,0.0012583660684359,0.0073065612285654,0.0009710564588714,0.0073065612285654,0.0033778129632406,0.0427227341924703
2023-04-19,-0.2346019233902684,0.0313772105141041,-0.0084242044291161,-0.023513676771908,-0.0084242044291161,0.0105634546820304,-0.0186145414917682,0.0550380624584133,0.0009845293396464,7.096722026354089e-05,0.0005528929953337,7.096722026354089e-05,0.0001115865748193,0.0003465011549487
2023-04-20,-0.3262099120858625,-0.8066184969065159,-0.5970339945819703,-0.7880094598835861,-0.5970339945819703,-0.5784036973298801,-0.2427411270275224,0.1064129067430661,0.6506333995517269,0.3564495906865041,0.620958908866021,0.3564495906865041,0.3345508370848755,0.0589232547505917
2023-04-21,0.0661069290965227,0.1068953567503327,0.0902785990925368,0.1138118674661302,0.0902785990925368,0.0711566165847916,0.3022954670457206,0.0043701260745726,0.0114266172947809,0.0081502254541109,0.012953141176128,0.0081502254541109,0.005063264083795,0.0913825493963903
2023-04-24,0.1963079934432942,-0.2924307113552471,0.0851212061223925,-0.2388092927919134,0.0851212061223925,0.0795929130043147,-0.0793330649932508,0.0385368282897324,0.0855157209437358,0.0072456197317308,0.0570298783237738,0.0072456197317308,0.0063350318005124,0.0062937352012233
2023-04-25,-1.0223626167957882,-1.997409875679481,-1.593714559496794,-1.904321149649765,-1.593714559496794,-1.6374434717731368,-1.1521991744592406,1.0452253202215318,3.98964621146192,2.53992609715206,3.6264390410034015,2.53992609715206,2.681221123252463,1.3275629376245557
2023-04-26,-0.6851854580574247,0.4666884943765946,-0.3848609877111783,0.6374555036318306,-0.3848609877111783,-0.4246841518138652,-0.358520907305128,0.4694791119333629,0.2177981507834927,0.1481179798620237,0.4063495191105107,0.1481179798620237,0.1803566288018621,0.1285372409748921
2023-04-27,1.562106818711408,2.39951447143526,1.937716738000212,2.723221832756737,1.937716738000212,1.9039408984546733,0.7626470834038811,2.440177713064676,5.757669698627236,3.754746156726183,7.415937150402962,3.754746156726183,3.62499094480839,0.5816305738244464
2023-04-28,0.8008977291722494,0.6922479619779439,0.8219359612570367,0.6510661560274592,0.8219359612570367,0.8327077102332011,0.5534623904031727,0.6414371725932658,0.4792072408626169,0.675578724407529,0.4238871395243718,0.675578724407529,0.6934021306818209,0.3063206175907939
2023-05-01,-0.1363608836130145,-0.1144555617844731,-0.0386213849727294,-0.1096631228587604,-0.0386213849727294,-0.0389939564309239,-0.1039473918152408,0.018594290579722,0.0131000756233993,0.0014916113772117,0.0120260005151355,0.0014916113772117,0.0015205286381367,0.0108050602651912
2023-05-02,-1.084131690117926,-1.0874962855065384,-1.1653897528004022,-0.8943496896239774,-1.1653897528004022,-1.197212706955524,-1.0118396549262292,1.175341521517951,1.1826481709905186,1.3581332759321827,0.7998613673305047,1.3581332759321827,1.4333182656957737,1.0238194872812303
2023-05-03,-0.8056440131165765,-0.4577986919529803,-0.702288909058116,-0.6384080843279277,-0.702288909058116,-0.6517958099526364,-0.2594559556321214,0.6490622758705825,0.2095796423538597,0.4932097117860388,0.4075648821352545,0.4932097117860388,0.4248377778718133,0.0673173929129773
2023-05-04,-0.8611171182454112,-0.4912536806495807,-0.7244906241251436,-0.366952094458114,-0.7244906241251436,-0.7912678866258922,-0.5739447335311136,0.7415226913352814,0.2413301787517602,0.5248866644452401,0.1346538396271966,0.5248866644452401,0.6261048684054058,0.329412557148101
2023-05-05,1.6366247445416902,2.223189662344411,1.8306159168068423,2.108568935825239,1.8306159168068423,1.857187045479269,1.490161762212226,2.6785405544461525,4.942572274755056,3.351154634866556,4.4460629571271815,3.351154634866556,3.449143721896016,2.220582077559447
2023-05-08,-0.1655206347683802,0.1755978751352851,0.0451998165863282,0.2448894050854688,0.0451998165863282,0.0138100271639675,0.2096910889587595,0.0273970805341275,0.0308346137520271,0.0020430234194377,0.0599708207231148,0.0020430234194377,0.0001907168502695,0.0439703527887103
2023-05-09,-0.1693297593543597,-0.6331868594486926,-0.4589891663841041,-0.6834196665052955,-0.4589891663841041,-0.4578080095224151,0.0028175253967773,0.0286725674030053,0.4009255989784984,0.2106710548579747,0.4670624405662093,0.2106710548579747,0.2095881735828757,7.938449361485145e-06
2023-05-12,-0.7812855635136106,0.8599523832481817,0.1191277852950177,1.0478938871460284,0.1191277852950177,0.0682717669435478,-0.8101913951944456,0.61040713175478,0.7395181014542276,0.0141914292292958,1.0980815987180133,0.0141914292292958,0.0046610341615941,0.6564100968471224
2023-05-15,0.1439799723289827,0.6528717444646209,0.2953868565234483,0.5482174616876638,0.2953868565234483,0.3385358908460076,0.5876540577887948,0.0207302324318546,0.4262415147202772,0.0872533950068042,0.3005423852992651,0.0872533950068042,0.1146065493909,0.3453372916356361
2023-05-16,-1.0140372551611658,-0.1793408693690373,-0.639813586199316,0.0931834809795701,-0.639813586199316,-0.698554013515454,-1.460963201755523,1.0282715548547914,0.0321631474260421,0.4093614250852296,0.0086831611274699,0.4093614250852296,0.4879777097985491,2.134413476883749
2023-05-17,1.2302108614357627,1.2680528598791303,1.182066016444788,1.2085827371367712,1.182066016444788,1.2380502742143131,0.2681896596190505,1.5134187635945215,1.6079580554476414,1.3972800672336498,1.46067223250501,1.3972800672336498,1.5327684814821358,0.0719256935265822
2023-05-18,0.34392607101116,1.4948786086620154,0.9400774284705667,1.7893861521356171,0.9400774284705667,0.9311495082896782,0.0032517505259956,0.1182851423211734,2.234662054635283,0.8837455715198336,3.2019028014547097,0.8837455715198336,0.8670394067881095,1.0573881483312668e-05
2023-05-19,-0.3263763073013578,-0.2441420196229186,-0.1446955746059144,-0.2252470866621298,-0.1446955746059144,-0.2002275504752675,0.2655472965647172,0.1065214939676703,0.0596053257455575,0.0209368093105357,0.050736250049777,0.0209368093105357,0.0400910719693258,0.0705153667128298
2023-05-23,-1.1164793372470234,-0.7744621954305583,-1.113046959304891,-0.9532090758540204,-1.113046959304891,-1.0368799023340989,-1.01267450873182,1.2465261104995526,0.5997916921511203,1.2388735336178638,0.9086075422904758,1.2388735336178638,1.0751199318643705,1.0255096606352332
2023-05-24,-0.7762186679447418,-0.6075866284834244,-0.7345550785867145,-0.4989998263491406,-0.7345550785867145,-0.762070635036109,-1.0896032059540426,0.6025154204659093,0.3691615111118547,0.5395711634775344,0.2490008266964724,0.5395711634775344,0.5807516527843384,1.1872351464253277
2023-05-25,-0.107559870792095,1.6991102527048645,0.8719564785563249,2.425772230567875,0.8719564785563249,0.7959944551835663,-0.7738232653922608,0.0115691258048121,2.886975650846788,0.7603081004963466,5.884370914594243,0.7603081004963466,0.6336071726829825,0.5988024460623412
2023-05-26,0.9981599050997688,2.1625549232896613,1.296458273531355,2.549125275625647,1.296458273531355,1.2733256469383618,0.7367825101002757,0.9963231961487796,4.676643796244353,1.6808040550079018,6.4980396708335295,1.6808040550079018,1.6213582031509977,0.542848467189663
2023-05-30,-0.1528700176442211,0.3211468689143764,0.0016644929182328,0.3949065967720974,0.0016644929182328,-0.0156991622202829,-0.9107977962895428,0.0233692422945444,0.1031353114135076,2.770536674847221e-06,0.1559512201741199,2.770536674847221e-06,0.0002464636944187,0.8295526257258877
2023-05-31,-0.4079317367305233,-0.6330072745084667,-0.6127372232971846,-0.7053455225747314,-0.6127372232971846,-0.6710835470976036,-0.8519600554071953,0.1664083018319809,0.4006982095806373,0.3754469048139439,0.4975123062162209,0.3754469048139439,0.4503531271851016,0.7258359360094313
2023-06-01,0.4647620951892464,1.2728340591266267,0.9806229149665344,1.3063023292295857,0.9806229149665344,0.9689469906224476,0.5096777483806048,0.2160038051246981,1.6201065420727652,0.961621301357463,1.7064257753506409,0.961621301357463,0.9388582706362972,0.259771407194323
2023-06-02,2.0986874530361286,1.0613214590552045,1.442978965214366,0.7253201489747183,1.442978965214366,1.5984439050149235,1.7754002628656351,4.404489025531272,1.126403239451068,2.082188294051123,0.5260893185087075,2.082188294051123,2.555022917479358,3.1520460933833663
2023-06-05,-0.5938256272540965,-0.0856586110770988,-0.200557326556811,0.067731530371682,-0.200557326556811,-0.2910731125838651,-0.4655600462819907,0.3526288755837211,0.0073373976516576,0.0402232412356153,0.00458756020649,0.0402232412356153,0.0847235568692594,0.2167461566940894
2023-06-06,0.0310217433346993,0.3545561039788248,0.2351116577490032,0.0109704443493675,0.2351116577490032,0.3937235558088602,0.6201001083709997,0.0009623485595239,0.1257100308686432,0.0552774916094844,0.0001203506492225,0.0552774916094844,0.1550182383987726,0.3845241444017256
2023-06-07,0.2728905255097326,-1.300355421504726,-0.3819275706767389,-1.7657756614189952,-0.3819275706767389,-0.2095187998139006,-0.3591975647767529,0.074469238912978,1.6909242222367336,0.1458686692430353,3.11796368645969,0.1458686692430353,0.0438981274754573,0.1290228905415496
2023-06-08,0.4995421175585537,1.0145239397735522,0.616953524709693,1.2592709852493036,0.616953524709693,0.5270671854356246,-0.2053279267221486,0.2495423272148839,1.02925882437365,0.3806316516517137,1.5857634142907515,0.3806316516517137,0.277799817963031,0.042159557492016
2023-06-09,0.1275121755002227,0.1556288269579223,0.1147473763688445,0.3020520443187391,0.1147473763688445,0.053167560861455,-0.2542504449855587,0.0162593549007996,0.0242203317802989,0.0131669603835332,0.0912354374771295,0.0131669603835332,0.0028267895279565,0.0646432887753546
2023-06-12,0.557969164262543,1.517768099956906,0.9277902665684432,1.7463273252946558,0.9277902665684432,0.887393118931672,0.1469355910468297,0.3113295882678406,2.3036200052467968,0.8607947787391429,3.049659127070787,0.8607947787391429,0.7874665475272806,0.0215900679162811
2023-06-13,0.4270392362272766,0.8241068054328858,0.6908664883365828,0.7852585094384181,0.6908664883365828,0.7177680160549208,0.3462145270747496,0.1823625092775757,0.6791520267607963,0.4772965047065217,0.6166309266454462,0.4772965047065217,0.515190924871417,0.1198644987575925
2023-06-14,-0.6827442860381483,0.3908637088375335,0.0819072069219616,0.7011136154671395,0.0819072069219616,0.0090527321710521,0.1234330744842628,0.4661397601177408,0.1527744388862321,0.006708790545757,0.4915603017934039,0.006708790545757,8.195195976080246e-05,0.0152357238766375
2023-06-15,1.2538412584327836,1.14082232712034,1.2104580063652604,1.1909914792940004,1.2104580063652604,1.1868299743805577,0.0612350315470127,1.5721179013483064,1.3014755820562678,1.4652085851737606,1.4184607037509114,1.4652085851737606,1.4085653880881552,0.0037497290885636
2023-06-16,-0.317129580556071,-0.6788659547778794,-0.367837633765043,-0.6710367425028562,-0.367837633765043,-0.3704334917149591,-0.2598824742697378,0.1005711708636695,0.4608589845564818,0.1353045248138659,0.4502903097888445,0.1353045248138659,0.1372209717841367,0.0675389004325609
2023-06-20,-0.7175788619494528,-0.1628622645466192,-0.4746380368690653,-0.0913243374896061,-0.4746380368690653,-0.4880351310505003,-1.1136925001689342,0.5149194231166717,0.0265241172132529,0.2252812660429202,0.0083401346179154,0.2252812660429202,0.2381782891394789,1.2403109849325311
2023-06-21,-0.3010190900724003,-1.2153118353419694,-0.5259081846186578,-1.3541572968829008,-0.5259081846186578,-0.4934509804130982,-0.2442469034260853,0.0906124925880158,1.476982857122266,0.2765794186488923,1.8337419847012049,0.2765794186488923,0.2434938700706478,0.0596565498332314
2023-06-22,-0.0141719753832556,0.9465364493027626,0.3703885765053952,1.1693168651809085,0.3703885765053952,0.28470987395892,-0.636601928210103,0.0002008448862636,0.8959312498586812,0.137187697605693,1.3673019311965064,0.137187697605693,0.0810597123297041,0.4052620150008211
2023-06-23,-0.6480331004780472,-1.0182764207400532,-0.7688274822307147,-1.007812383662856,-0.7688274822307147,-0.8109870046950624,-0.8342285758679034,0.4199468993151908,1.0368868690351738,0.59109569743322,1.0156858006642078,0.59109569743322,0.6576999217842691,0.6959373167945904
2023-06-26,-0.0377217240385801,-1.1684662714675411,-0.4496875789266097,-1.368902763949253,-0.4496875789266097,-0.3561232032379291,0.8670102547774472,0.0014229284644427,1.365313427557258,0.2022189186408758,1.8738947771479044,0.2022189186408758,0.1268237358844433,0.7517067818892539
2023-06-27,0.6269100130928691,1.6354632654662211,1.13906572305121,1.7337139098612837,1.13906572305121,1.1791648153189815,0.7414503958967315,0.3930161645161013,2.674740092689435,1.297470721430176,3.0057639212464986,1.297470721430176,1.390429661686248,0.5497486895754198
2023-06-28,-0.2185920924044883,0.2657859734088205,-0.0354072465199509,0.1248258214224675,-0.0354072465199509,-0.03013924353221,0.4336582953949833,0.0477825028617723,0.0706421836608742,0.0012536731061245,0.0155814856937937,0.0012536731061245,0.0009083740006938,0.1880595171648826
2023-06-29,0.7937065314594864,-0.0030827999227366,0.446355020531417,-0.1646841388838845,0.446355020531417,0.5161340575315889,0.474781685795016,0.6299700580814488,9.503655363625258e-06,0.1992328043536017,0.0271208655999265,0.1992328043536017,0.2663943653440215,0.2254176491663573
2023-06-30,0.8322890227608885,1.4360901043943128,1.2194363266362709,1.5887696779851697,1.2194363266362709,1.1598048941121513,1.208546307818358,0.6927050174082747,2.0623547879392685,1.4870249547201615,2.5241890896851,1.4870249547201615,1.3451473924064985,1.4605841781413853
2023-07-05,-0.3463461029799483,0.0270562526956887,-0.0800251807307194,0.1617352906387372,-0.0800251807307194,-0.1275453626271376,-0.2553456276453095,0.1199556230493969,0.0007320408099329,0.0064040295509843,0.0261583042379968,0.0064040295509843,0.016267819527688,0.065201389557577
2023-07-06,-1.0742682253233409,-0.8198672992683904,-0.7954065287478301,-0.7548191734471839,-0.7954065287478301,-0.8275470808866663,-1.4691637681005298,1.1540522199393604,0.6721823884096445,0.6326715459746727,0.5697519846034899,0.6326715459746727,0.6848341710840425,2.158442177499348
2023-07-07,-0.5538982213430627,-0.134068502543374,-0.2869292613602346,-0.3491769762277816,-0.2869292613602346,-0.1877203518833433,0.10266959483144,0.3068032396070084,0.0179743633742226,0.0823284010247298,0.1219245607275767,0.0823284010247298,0.0352389305112062,0.010541045702852
2023-07-10,0.6191584291682323,0.1811221265624379,0.2402231733022815,0.0584193659355079,0.2402231733022815,0.3232987239784912,-0.0433253170622163,0.3833571604100729,0.0328052247304998,0.0577071729914179,0.0034128223163067,0.0577071729914179,0.1045220649261206,0.0018770830985415
2023-07-11,0.9295920576369734,0.548114078635624,0.6719588071620385,0.486815002764608,0.6719588071620385,0.7028510166429757,0.2826630222210824,0.864141393621742,0.300429043198579,0.4515286385226296,0.2369888469167053,0.4515286385226296,0.4939995515960644,0.0798983841311561
2023-07-12,0.2507241963157288,1.1435524371232604,0.7383817501052891,1.2368672697438976,0.7383817501052891,0.7450879588823459,0.9622763795012168,0.0628626226181681,1.3077121764505484,0.5452076088885496,1.5298406429637237,0.5452076088885496,0.5551560664714604,0.9259758305459695
2023-07-13,0.1388284377614177,1.5654368807773829,0.8434509266769535,1.7147884031764429,0.8434509266769535,0.8223899435353031,1.025427335041451,0.0192733351312758,2.450592627698022,0.7114094657122116,2.940499267668414,0.7114094657122116,0.6763252192279992,1.0515012194502116
2023-07-14,0.3305706039668396,-0.1760354391420993,-0.1024906195450116,-0.0409730076858733,-0.1024906195450116,-0.170571162202905,-0.0768135774309508,0.1092769242070011,0.0309884758339517,0.0105043270947203,0.0016787873588266,0.0105043270947203,0.0290945213752497,0.0059003256777406
2023-07-17,0.2209182460344835,0.9256148118417598,0.3847943597379543,0.9442865325369352,0.3847943597379543,0.4088830548862235,-0.1742702013779026,0.0488048714309526,0.8567627799008564,0.1480666992861421,0.8916770555306284,0.1480666992861421,0.1671853525730904,0.0303701030882947
2023-07-18,1.0543454014649236,0.7601390374238184,0.7092079866132412,0.8117649385613115,0.7092079866132412,0.7385536496511536,0.737774801844225,1.111644225590231,0.5778113562156092,0.5029759682760073,0.6589623154774498,0.5029759682760073,0.5454614934130388,0.5443116582362854
2023-07-19,0.3121554726851132,0.0304823896206907,0.2355083483514212,-0.0947274333195958,0.2355083483514212,0.2504287490912595,0.5608350272447304,0.0974410391272664,0.0009291760769875,0.0554641821432143,0.0089732866233184,0.0554641821432143,0.062714558371413,0.3145359277845975
2023-07-20,0.4666008838577593,-2.073946682524975,-0.6779806181851591,-2.3026642749021646,-0.6779806181851591,-0.6717912605288591,-0.2653439151219588,0.2177163848168421,4.301254841956349,0.4596577186347305,5.302262762910711,0.4596577186347305,0.4513034977229534,0.0704073932922492
2023-07-21,0.0071096888509504,-0.2171262129305744,0.0324102300104932,-0.2616491934405352,0.0324102300104932,0.0096841983012338,0.5399143223333476,5.0547675557328986e-05,0.0471437923415731,0.001050423009333,0.0684603004280826,0.001050423009333,9.378369673762146e-05,0.2915074754606779
2023-07-24,0.5196939833991111,0.18554259357855,0.4025974035341746,0.1447640387886754,0.4025974035341746,0.3914239764690064,0.1682972016480567,0.2700818363812355,0.0344260540318549,0.162084669332459,0.0209566269264091,0.162084669332459,0.1532127293548093,0.0283239480825666
2023-07-25,0.0757224102370402,0.6076515587608277,0.2810758145650153,0.7313548394386183,0.2810758145650153,0.2668350819101565,-0.1487347008557145,0.0057338834121066,0.3692404168644635,0.0790036135333868,0.5348799011702872,0.0790036135333868,0.0712009609379999,0.0221220112386388
2023-07-26,0.2312771260336895,-0.1221922873224531,-0.0155459531022328,-0.4001849472921656,-0.0155459531022328,0.0307798855879341,0.0491813217214021,0.0534891090264031,0.0149309550810929,0.0002416766578568,0.1601479920392333,0.0002416766578568,0.0009474013568063,0.002418802406264
2023-07-27,-0.6705949478346239,-0.5477810096498703,-0.6445427491141288,-0.2217788331497356,-0.6445427491141288,-0.6861338673454966,-0.8604811768569292,0.449697584061322,0.3000640345330313,0.4154353554355988,0.0491858508332582,0.4154353554355988,0.4707796839184875,0.7404278557250857
2023-07-28,0.4991853617667623,1.8793742997788616,0.9829414508767575,1.8324469056278616,0.9829414508767575,0.9723175466161156,0.6546925902695405,0.2491860254022134,3.532047758669288,0.9661738958517054,3.357861661945125,0.9661738958517054,0.945401411457582,0.4286223877538405
2023-07-31,0.2823070144968704,0.2049076236128238,0.1467639686456588,0.038536334523896,0.1467639686456588,0.1810822310910134,0.5214126134223435,0.0796972504341362,0.0419871342146547,0.0215396624926239,0.0014850490785376,0.0215396624926239,0.0327907744168992,0.2718711134359182
2023-08-01,0.1998794496305718,-0.4338891660269912,-0.2668649552448092,-0.247752248029702,-0.2668649552448092,-0.2712665393784013,-0.4553505389799627,0.0399517943846203,0.1882598083955979,0.071216904337814,0.061381176403771,0.071216904337814,0.0735855353863337,0.2073441133493425
2023-08-02,-0.9819322150795112,-2.1975053129189166,-1.3936235197657028,-2.234148796444348,-1.3936235197657028,-1.3645624285603093,-1.5446255359320744,0.9641908750109552,4.829029600306866,1.9421865148441464,4.991420844653729,1.9421865148441464,1.8620306214384093,2.385868046253448
2023-08-03,-0.1890329602697597,-0.0983204200528139,-0.2551225527671505,-0.1119505602486241,-0.2551225527671505,-0.263063179657456,-0.4832559582725952,0.0357334600683485,0.0096669049993617,0.0650875169304275,0.0125329279399808,0.0650875169304275,0.0692022364914909,0.2335363212059643
2023-08-04,-0.4276220127083963,-0.4857507912623178,-0.5314091027456737,-0.5134191074763876,-0.5314091027456737,-0.4909497298953366,0.5714049223716865,0.1828605857527798,0.2359538312119678,0.2823956344809619,0.2635991799218505,0.2823956344809619,0.2410316372843039,0.3265035853105931
2023-08-08,0.7072117577281737,-0.1792771806864982,0.4756391932760667,-0.0122234009667047,0.4756391932760667,0.4294686187614475,-0.1486572902926105,0.500148470268973,0.0321403075148993,0.2262326421803075,0.0001494115311928,0.2262326421803075,0.1844432945008655,0.0220989899571414
2023-08-09,-0.5426984835136137,-1.1758907875833424,-0.7063636404007057,-1.1281922595154967,-0.7063636404007057,-0.6955084656546217,0.3423316605490343,0.294521644007976,1.3827191443233733,0.4989495924801374,1.272817774430682,0.4989495924801374,0.483732025797246,0.1171909658142592
2023-08-10,0.1501916970073187,0.1163125427652967,0.0250656295582881,0.179487390524209,0.0250656295582881,0.0039319381511331,0.3329056711903813,0.0225575458499382,0.0135286076045289,0.0006282857851533,0.0322157233571899,0.0006282857851533,1.5460137624336153e-05,0.1108261859107182
2023-08-11,0.2987743564809524,-0.5567531710971267,-0.1070203664713967,-0.6682805479676691,-0.1070203664713967,-0.1012967047175568,0.3174936931533265,0.0892661160906072,0.3099740935267064,0.011453358839672,0.4465988907919681,0.011453358839672,0.0102610223866359,0.1008022451921386
2023-08-14,0.0743209772643017,1.046056697442323,0.5733913274737527,1.1742942360536386,0.5733913274737527,0.5221021516886883,-0.5751142869781573,0.0055236076615208,1.0942346142639403,0.3287776144221122,1.3789669528287989,0.3287776144221122,0.2725906567979581,0.3307564430863942
2023-08-15,-1.0283903973357456,-1.1472596143181242,-1.1618060736365814,-1.1105871261461095,-1.1618060736365814,-1.1726441767514857,-1.9445588668241447,1.0575868093323726,1.316204622645371,1.3497933527388497,1.2334037647614746,1.3497933527388497,1.3750943652691692,3.7813091865444033
2023-08-16,-0.5182833103599834,-1.1541548870696372,-0.7584130338210396,-1.0776153235495496,-0.7584130338210396,-0.7794907184273818,-0.003618194089373,0.2686175897977029,1.332073503346727,0.5751903298696334,1.1612547855488005,0.5751903298696334,0.6076057801144359,1.309132846837428e-05
2023-08-17,-0.8403106802757397,-1.177220148314582,-0.7742762356125065,-1.085834403635456,-0.7742762356125065,-0.8087553540598755,-0.4373573185664872,0.7061220393854765,1.385847277597806,0.5995036890342736,1.1790363521183669,0.5995036890342736,0.6540852227205146,0.1912814241036677
2023-08-18,0.0749129359340609,-0.1966047464528634,-0.0148740227755153,-0.1426218440899732,-0.0148740227755153,0.0140863493446456,0.0310870738313307,0.0056119479702607,0.0386534263277947,0.0002212365535265,0.0203409904116246,0.0002212365535265,0.0001984252378594,0.0009664061593946
2023-08-21,-0.1072269201882003,1.5440890202258146,0.6855621481266927,1.632412688191564,0.6855621481266927,0.6248421872107877,-0.1692790341219716,0.0114976124130466,2.384210902381916,0.4699954589440853,2.664771184568808,0.4699954589440853,0.390427758918361,0.0286553913932676
2023-08-23,0.0269608914966222,1.6418760019124592,0.8203056938041452,1.4051872407342894,0.8203056938041452,0.8085841132985442,0.4786133610871411,0.0007268896702926,2.6957568056560417,0.6729014312875,1.9745511815224457,0.6729014312875,0.6538082682787929,0.2290707494111301
2023-08-24,-1.0895581813290725,-1.8912533742046744,-1.3549420207499292,-2.213469681815512,-1.3549420207499292,-1.3258318307414272,-0.5243152832338447,1.187137030501116,3.5768393254405653,1.8358678795939016,4.899448032316464,1.8358678795939016,1.7578300434071643,0.2749065162325868
2023-08-25,0.723148322383875,0.936438471885732,0.6695523315478111,0.8426951312357461,0.6695523315478111,0.6371554029029453,0.3025380240000593,0.5229434961666128,0.8769170116276848,0.44830032468111,0.7101350842084314,0.44830032468111,0.4059670074484145,0.0915292559658604
2023-08-28,0.6184578892556089,0.8388526278865123,0.6245056511156882,0.7376971602460478,0.6245056511156882,0.6450286645893737,0.9502618990892516,0.3824901607825029,0.7036737313121074,0.3900073082754297,0.5441971002350832,0.3900073082754297,0.4160619781419507,0.9029976768607112
2023-08-29,0.8433548213741713,1.726159295127402,1.440410798415081,2.1302058564176374,1.440410798415081,1.4343236448837084,1.3159876441178198,0.7112473547350604,2.979625912154729,2.074783268190771,4.537776990716,2.074783268190771,2.0572843182724867,1.7318234794707694
2023-08-30,0.1077309241790498,0.5403855103336069,0.382580216990696,0.55697837483704,0.382580216990696,0.3758540450430332,0.196500716958472,0.0116059520244721,0.2920164997785128,0.1463676224326481,0.3102249100361103,0.1463676224326481,0.1412662631752104,0.0386125317651935
2023-08-31,-0.4836178076959366,0.1116264728653361,-0.1598221681660476,0.2496036547722551,-0.1598221681660476,-0.1482204074380952,-0.1856094651116594,0.2338861839206239,0.0124604694443556,0.0255431254372964,0.0623019844756671,0.0255431254372964,0.0219692891811149,0.0344508735390363
2023-09-01,0.3329511763813085,-0.0224749655199143,0.1797543103615184,-0.0658881052831813,0.1797543103615184,0.241720229198004,1.2377851542861371,0.1108564858536972,0.0005051240751213,0.0323116120935451,0.0043412424178075,0.0323116120935451,0.0584286692035356,1.5321120881711567
2023-09-05,-0.5634630066371128,-0.0774469095542113,-0.4203010869610264,0.1120806850429356,-0.4203010869610264,-0.5887510232849082,-0.6425941418820569,0.317490559848535,0.0059980237994981,0.1766530037006203,0.0125620799596937,0.1766530037006203,0.3466277674190265,0.412927231181137
2023-09-06,-0.5754576996164332,-1.0646409547876916,-0.6995992744252874,-0.8859800311275421,-0.6995992744252874,-0.6661451239750916,-0.9192815260345576,0.3311515640478371,1.1334603626112476,0.4894391447763885,0.7849606155567604,0.4894391447763885,0.4437493261957902,0.8450785241084252
2023-09-07,0.166910630029424,-0.8952497699017992,-0.3216468205008196,-0.7373270689656436,-0.3216468205008196,-0.3673896779644907,-0.4701805334933789,0.0278591584168192,0.8014721505092244,0.1034566771382864,0.543651206629467,0.1034566771382864,0.1349751754748522,0.2210697340761184
2023-09-08,0.2196370870918191,0.0922852468943561,0.1425584197664381,0.1421669337125945,0.1425584197664381,0.1156955457722369,-0.285673761864941,0.0482404500261793,0.0085165667943522,0.0203229030463039,0.0202114370412412,0.0203229030463039,0.0133854593115357,0.081609498218067
2023-09-11,0.2516739850785524,1.1298622837960288,0.6701012782986727,1.1816833796402766,0.6701012782986727,0.6255962316586603,0.5370949591054082,0.0633397947653194,1.276588780344778,0.4490357231775152,1.396375609718066,0.4490357231775152,0.3913706450655161,0.2884709950964401
2023-09-12,-0.0511592149949965,-1.042054483743443,-0.5712155841120605,-1.1194916172654277,-0.5712155841120605,-0.5258298347786949,0.199575177167306,0.0026172652789042,1.0858775470898128,0.3262872435324825,1.2532614811275622,0.3262872435324825,0.2764970151433896,0.0398302513413615
2023-09-14,0.7508715257254011,1.1006525016639996,0.963540408768305,1.1972527673629418,0.963540408768305,0.9462723591544316,1.6904164435647702,0.5638080481451916,1.2114359294192207,0.9284101193293924,1.4334141889582226,0.9284101193293924,0.8954313776996937,2.8575077526741657
2023-09-15,-0.8309910972770704,-1.5757288538108944,-1.2234084667107636,-1.7701102711660543,-1.2234084667107636,-1.2072581234269248,0.2646263347427472,0.6905462037537495,2.482921420732195,1.4967282764195815,3.1332903720875627,1.4967282764195815,1.4574721765803,0.0700270970393805
2023-09-18,0.0175137988934797,0.0138738078923391,0.0721036436838388,0.151006822817742,0.0721036436838388,0.0445343936580359,-0.6299885338596344,0.0003067331516812,0.0001924825454335,0.0051989354324859,0.0228030605375089,0.0051989354324859,0.0019833122184889,0.3968855527946117
2023-09-19,-0.3082718160469158,-0.2340479014133673,-0.2153419552961897,-0.2244695830569923,-0.2153419552961897,-0.2169208990573083,-1.3457752924828492,0.0950315125688634,0.0547784201560013,0.0463721577107861,0.05038659371778,0.0463721577107861,0.0470546764478309,1.8111111378572984
2023-09-20,-0.2228824408914582,-1.540204918735096,-0.9439204623110126,-1.4675496166700526,-0.9439204623110126,-0.9164414815925118,-0.0207748115062053,0.0496765824577343,2.372231191695784,0.8909858391694357,2.1537018773884182,0.8909858391694357,0.8398649891834782,0.0004315927931183
2023-09-21,-1.0814867987653145,-1.836802565859533,-1.653687395146802,-1.858727037420034,-1.653687395146802,-1.659868695326988,-2.1150952038802777,1.1696136959036478,3.373843665948164,2.734682000867415,3.4548661996362564,2.734682000867415,2.7551640857265176,4.473627721477354
2023-09-22,-0.3132913230830412,-0.0921326727145779,-0.2298250965940274,0.0466332427126843,-0.2298250965940274,-0.226131517423939,-0.0588806279281612,0.0981514531191225,0.0084884293815315,0.052819575024454,0.0021746593259001,0.052819575024454,0.0511354631724532,0.0034669283452145
2023-09-25,0.126635946610548,0.4494416401740273,0.4015021275818627,0.4601163082154503,0.4015021275818627,0.4131690607685055,0.1042935796841202,0.0160366629739495,0.2019977879223198,0.1612039584527623,0.2117070170858153,0.1612039584527623,0.170708672776329,0.0108771507633279
2023-09-26,-1.1474987617202363,-1.5774813700081252,-1.4844128717961365,-1.5219200323435116,-1.4844128717961365,-1.489694010692776,-1.242293033953484,1.3167534081494758,2.4884474727227115,2.203481573954053,2.3162405848484755,2.203481573954053,2.2191882454939287,1.5432919822093518
2023-09-27,-0.2042897871808988,0.2235701107624513,0.022929233000634,0.2357552261463556,0.022929233000634,0.079340141513122,-0.6163827442393122,0.0417343171464169,0.0499835944263347,0.0005257497259973,0.0555805266553193,0.0005257497259973,0.0062948580553222,0.3799276873959853
2023-09-28,0.3453415298916196,0.8247288288123563,0.587577688747319,0.8374007478666474,0.587577688747319,0.6273475441633535,0.7931018092886232,0.1192607722678843,0.680177641074201,0.3452475403136412,0.7012400125276204,0.3452475403136412,0.3935649411677907,0.6290104798968876
2023-09-29,-0.4729152439060534,0.1366055590892756,-0.2713168675515421,0.084832391778513,-0.2713168675515421,-0.2870030670340373,-0.2528366232843131,0.2236488279187219,0.0186610787740935,0.073612842617981,0.0071965346948631,0.073612842617981,0.0823707604869441,0.0639263580738136
2023-10-02,-0.2215272052172628,0.6668753423710355,0.0079286976922361,0.8278447036785384,0.0079286976922361,-0.1027010463074787,-1.8807608893587533,0.0490743026513712,0.4447227222624858,6.286424709487081e-05,0.685326853408607,6.286424709487081e-05,0.0105475049126508,3.5372615229415305
2023-10-03,-1.297422096235745,-1.883506579760377,-1.3839410161483796,-1.8498727618458568,-1.3839410161483796,-1.407307994382808,-0.8181604407121121,1.6833040958007548,3.5475970360006333,1.9152927361778096,3.422029235019218,1.9152927361778096,1.9805157910537607,0.6693865067462376
2023-10-04,0.3845915147229046,1.3427910770271825,0.8077093787000134,1.435768242531572,0.8077093787000134,0.7775031511590184,0.072998208768064,0.1479106331968581,1.80308787654382,0.6523944404399616,2.0614304462622,0.6523944404399616,0.6045111500622034,0.0053287384833458
2023-10-05,-0.0301438272673064,-0.1222867961861757,-0.1304867386747255,-0.3595389892659174,-0.1304867386747255,-0.1355497473270301,0.539655124381202,0.0009086503223212,0.0149540605214792,0.0170267889699661,0.1292682848023575,0.0170267889699661,0.0183737340004217,0.2912276532708906
2023-10-06,0.865866329686227,1.5872579017551525,1.1745628333713316,1.6838699446586392,1.1745628333713316,1.138680699515548,0.564092463135851,0.749724500884298,2.5193876466841694,1.3795978495372905,2.835417990524689,1.3795978495372905,1.296593735449218,0.3182003069666714
2023-10-10,0.9880302636570948,0.9743138404284244,1.1478490441931937,1.0515310746337798,1.1478490441931937,1.1977044137270756,1.3169118090829988,0.9762038019023084,0.9492874596503852,1.3175574282552285,1.105717600920472,1.3175574282552285,1.4344958626613178,1.7342567129022566
2023-10-11,0.194178414991492,0.7114213147945002,0.4283828654568987,0.7216790512689667,0.4283828654568987,0.4158807613213398,0.8305413956248555,0.0377052568486081,0.5061202871439354,0.1835118794170633,0.5208206530404759,0.1835118794170633,0.1729568076372172,0.6897990098464828
2023-10-12,-0.5152524790909113,-0.6275876245664597,-0.6265948885271602,-0.374794819813363,-0.6265948885271602,-0.7319744341641525,-0.8354642907804805,0.26548511720933,0.3938662265089715,0.3926211543283642,0.1404711569589312,0.3926211543283642,0.5357865722699313,0.6980005811693312
2023-10-13,0.1163396747257956,-1.237791990045246,-0.5031477449688668,-1.2524346331120344,-0.5031477449688668,-0.5249729731765199,-0.1918739087395927,0.0135349199153039,1.5321290106201702,0.2531576532672558,1.568592510218476,0.2531576532672558,0.2755966225657951,0.0368155968550095
2023-10-16,0.9289796136618128,1.19184877674254,1.0538619453747615,1.1775388038542585,1.0538619453747615,1.1027080638840272,0.8082193926750658,0.8630031225992512,1.4205035066226892,1.110624999909077,1.3865976345825175,1.110624999909077,1.2159650741548598,0.6532185866960523
2023-10-17,0.0385854281073795,-0.2526555828674714,-0.0098321334779938,-0.3348438751590417,-0.0098321334779938,0.0837018448145839,0.3662858679906472,0.0014888352622297,0.0638348435541017,9.667084872908816e-05,0.1121204207315239,9.667084872908816e-05,0.0070059988253646,0.1341653370896618
2023-10-18,-0.9830300182030248,-1.634754816344449,-1.349038622382619,-1.4169001329074316,-1.349038622382619,-1.4110763226539509,-1.2370027571466309,0.9663480166882392,2.672423309561373,1.8199052046799944,2.0076059866330973,1.8199052046799944,1.9911363883545965,1.5301758211883667
2023-10-19,-0.7481045086242094,-0.966986355665768,-0.8519009694152467,-0.849596652140229,-0.8519009694152467,-0.9047790804025968,-0.5252140257407145,0.5596603558238699,0.9350626120437632,0.7257352616906372,0.7218144713278852,0.7257352616906372,0.818625184334169,0.2758497728347679
2023-10-20,-0.8623125462347305,-1.546596660153101,-1.266518618575799,-1.514818836005592,-1.266518618575799,-1.2561544641608378,-1.212407072979118,0.7435829273938243,2.3919612291967263,1.6040694111991505,2.294676105917337,1.6040694111991505,1.5779240378312014,1.469930910609792
2023-10-23,-0.577833286763896,0.265532187692452,-0.1686964338846789,0.3015390860581202,-0.1686964338846789,-0.2311438460808583,-0.3610889827251276,0.3338913072923669,0.0705073427007395,0.0284584868054078,0.0909258204207664,0.0284584868054078,0.0534274775810515,0.1303852534454675
2023-10-24,0.6204001350285107,0.9293212543435514,0.7239491399759402,0.9608361012375298,0.7239491399759402,0.7126305036557659,-0.3168284702574919,0.3848963275433942,0.8636379937746718,0.5241023572719035,0.9232060134413368,0.5241023572719035,0.5078422347406705,0.1003802795657024
2023-10-25,-0.3186961942656144,-2.454957731959025,-1.4443397939346891,-2.500956373301481,-1.4443397939346891,-1.4472517587757965,-0.2037204989656304,0.1015672642393862,6.026817465705399,2.0861174403433003,6.254782781157298,2.0861174403433003,2.094537653279636,0.0415020416988054
2023-10-26,-0.7646176031900217,-1.7753979168600085,-1.1903071819740902,-1.9098959429559428,-1.1903071819740902,-1.0604328338360365,-0.3835749786105548,0.5846400791080535,3.1520377631908567,1.4168311874591,3.6477025129195697,1.4168311874591,1.1245177950775265,0.1471297642160875
2023-10-30,0.4402991693775729,1.5275248983473728,0.7126673186761656,1.5885963508928032,0.7126673186761656,0.6153603960761047,-0.0983248546633176,0.1938633585545806,2.333332315071152,0.5078947071090754,2.52363836606993,0.5078947071090754,0.3786684170589404,0.0096677770445625
2023-10-31,0.3755775293650467,0.4816956544143396,0.6454089207465981,0.5167884220860018,0.6454089207465981,0.6631842248144105,0.0885761952287139,0.1410584805639525,0.2320307034816588,0.4165526749792885,0.2670702732021396,0.4165526749792885,0.4398133160426906,0.0078457423611952
2023-11-01,0.6685438786419526,1.6226449267320109,1.0451180679737282,1.7549873488338985,1.0451180679737282,1.0074438542746929,1.083102149824141,0.4469509176696259,2.6329765582491325,1.0922717760051384,3.079980594567036,1.0922717760051384,1.0149431195158485,1.1731102669536766
2023-11-02,1.6822567862704136,1.7660499298767705,1.8682956430735835,1.7214873932483374,1.8682956430735835,1.897053484850882,2.8284287847085103,2.8299878949528603,3.118932354817746,3.4905286099277344,2.963518845112956,3.4905286099277344,3.598811924384876,8.00000939016766
2023-11-03,0.6546096259410124,1.3752625805042302,0.9349869637436972,1.1988936311408556,0.9349869637436972,1.034413068194298,1.0063659695741491,0.4285137623746321,1.8913471653351543,0.8742006223706579,1.4373459387901055,0.8742006223706579,1.0700103956511415,1.0127724647169172
2023-11-06,0.1013410588549013,0.3000032401500019,0.1751426346803051,0.366459297744772,0.1751426346803051,0.0829397116334688,-0.4089592467533438,0.0102700102098325,0.0900019441004997,0.0306749424827588,0.1342924169035914,0.0306749424827588,0.0068789957658429,0.1672476655050623
2023-11-07,0.1662937830213241,0.8916339289159705,0.2836115693239983,0.926697084217882,0.2836115693239983,0.2262170223440331,-0.8563226912502312,0.0276536222715432,0.79501106319413,0.080435522254421,0.8587674858979245,0.080435522254421,0.0511741411982008,0.7332885515500388
2023-11-08,-0.1181734442619948,0.0773755666525499,0.1004433287355755,0.1125280507747591,0.1004433287355755,0.0443754167477131,-0.2320884389014548,0.0139649629287427,0.0059869783148031,0.0100888622874828,0.0126625622111667,0.0100888622874828,0.0019691776115332,0.0538650434717143
2023-11-09,-0.647989153763528,-0.9492685369688204,-0.8116762182437999,-0.8218952452114199,-0.8116762182437999,-0.840417660056768,0.2924515385562472,0.419889943395173,0.9011107552789246,0.6588182832625566,0.67551179410114,0.6588182832625566,0.7063018433352932,0.0855279024039161
2023-11-10,1.1475344002465773,2.025431584294572,1.5495728650985885,2.2218044516098696,1.5495728650985885,1.5207231542803463,0.3417780456928042,1.3168351997492718,4.10237310265802,2.4011760642498485,4.936415021193433,2.4011760642498485,2.312598911964366,0.1168122325175925
2023-11-13,0.1596282934204698,-0.2203089052584104,-0.0836091085197861,-0.2988080318579365,-0.0836091085197861,-0.0861637163817899,0.277820155616723,0.0254811920603316,0.0485360137361592,0.0069904830274733,0.0892862399028135,0.0069904830274733,0.0074241860207215,0.0771840388669002
2023-11-14,1.4164089366079629,2.3447815057321364,1.889528275729808,2.107016826016137,1.889528275729808,2.077167149043105,1.583507530154107,2.0062142757029,5.498000309623465,3.57031710478246,4.439519905115119,3.57031710478246,4.314623365063862,2.5074960980547605
2023-11-15,0.4684034923099723,0.06706098016296,0.1595807677148344,0.0297379211173592,0.1595807677148344,0.1775354433636601,0.170452233570868,0.2194018316081783,0.0044971750604169,0.0254660214244559,0.0008843439523822,0.0254660214244559,0.0315188336503313,0.0290539639292977
2023-11-16,-0.1308037043293431,0.0697226704065304,0.118964138356668,0.1010857817851653,0.118964138356668,0.0127390407674696,-0.0240333316539898,0.0171096090662782,0.0048612507686176,0.0141524662149444,0.010218335279118,0.0141524662149444,0.0001622831596752,0.0005776010303906
2023-11-20,0.5865240653746877,1.2033369694504876,0.8644409489443804,1.217143486495001,0.8644409489443804,0.9003489536550486,0.9598198130906967,0.3440104792636509,1.448019862046284,0.7472581542118609,1.4814382667172068,0.7472581542118609,0.8106282383477409,0.92125407360146
2023-11-21,-0.1786579265622731,-0.5936716518780036,-0.2022988790832168,-0.5847388571122696,-0.2022988790832168,-0.2430654653583544,-0.6764745380903283,0.0319186547235305,0.3524460302435575,0.0409248364783259,0.3419195310169632,0.0409248364783259,0.0590808204498733,0.457617800684523
2023-11-22,0.5251165194544968,0.4628362971940103,0.4052866464977724,0.4244001188800235,0.4052866464977724,0.417707493679229,0.0198389367378412,0.2757473590040049,0.2142174380002623,0.1642572658294103,0.1801154609053781,0.1642572658294103,0.1744795502757831,0.000393583410888
2023-11-24,0.3314822274905875,-0.1052155057986578,0.0596755598032468,-0.1211441121020408,0.0596755598032468,0.0920493643341235,-0.0539571891400112,0.1098804671421216,0.0110703026604674,0.0035611724378308,0.0146758958969918,0.0035611724378308,0.0084730854743162,0.0029113782598909
2023-11-27,-0.1602875009799919,-0.0690231843299466,-0.1956142216800302,-0.1254195240950283,-0.1956142216800302,-0.1958275792550828,-0.3510587805016128,0.0256920829704109,0.0047641999750457,0.038264923723484,0.0157300570242233,0.038264923723484,0.0383484407969057,0.1232422673672795
2023-11-28,0.2360550202109933,0.2856245467590575,0.09796471418229,0.3030615276196129,0.09796471418229,0.0397782127364411,0.0205143922157828,0.0557219725668124,0.081581381711317,0.0095970852248177,0.0918462895231334,0.0095970852248177,0.0015823062085055,0.0004208402879829
2023-11-29,0.0379552702420967,-0.1630399762763928,-0.0946683767425388,-0.142683808177551,-0.0946683767425388,-0.0572468178156945,0.3956375013312711,0.0014406025391505,0.0265820338642067,0.0089621015550672,0.0203586691160481,0.0089621015550672,0.0032771981500233,0.1565290324596515
2023-12-01,2.2744449126105346,0.3258844703389746,0.9633532892300922,0.062391397038735,0.9633532892300922,1.1272400936436082,1.659775434528645,5.173099660499942,0.106200688008114,0.9280495598704376,0.003892686424445,0.9280495598704376,1.2706702287176506,2.7548544930647525
2023-12-04,-0.1133484581571875,-0.8391470305312587,-0.5423166555119596,-0.9919908587590808,-0.5423166555119596,-0.4202636435905429,-0.2087949097235635,0.0128478729666117,0.7041677388494293,0.2941073548456774,0.9840458638615788,0.2941073548456774,0.1766215301239989,0.043595314326471
2023-12-05,-0.220879796792399,0.3126334790243103,-0.0569117095877914,0.2398686186431504,-0.0569117095877914,-0.1678289696282877,-0.1680963585762519,0.0487878846310515,0.0977396922068438,0.0032389426882051,0.0575369542097731,0.0032389426882051,0.0281665630464927,0.0282563857665958
2023-12-06,-0.194310614108972,-0.5863998368006684,-0.3913779111384419,-0.5662977809991753,-0.3913779111384419,-0.3742877677624098,-0.5004667256368213,0.0377566147554058,0.3438647685998505,0.1531766693270901,0.3206931767645898,0.1531766693270901,0.1400913330965676,0.2504669434696413
2023-12-07,0.174422082417718,1.357018716477295,0.7936610413312938,1.473997495715032,0.7936610413312938,0.7894879442188514,0.0212069622758498,0.0304230628349332,1.841499796869685,0.6298978485270736,2.1726686173741854,0.6298978485270736,0.6232912140669082,0.0004497352489693
2023-12-08,0.360662709203053,0.4451585118923556,0.4087074621006593,0.3874652683220877,0.4087074621006593,0.4134833902344419,0.2611670270898384,0.130077589809686,0.1981661007102165,0.1670417895767618,0.1501293341559074,0.1670417895767618,0.1709685139997678,0.0682082160389443
2023-12-11,0.4323524734803562,0.1977636039300828,0.3916851675081129,0.8484183954394587,0.3916851675081129,0.4031993844084897,-0.0648464102586037,0.1869286613245821,0.0391104430394146,0.1534172704458584,0.7198137737200658,0.1534172704458584,0.162569743587385,0.0042050569234271
2023-12-12,0.4741053039070993,0.6967604491659287,0.4588758060085737,0.8135670436053758,0.4588758060085737,0.4044292837668332,-0.4168460521765537,0.224775839192843,0.4854751235219067,0.2105670053400182,0.6618913344407914,0.2105670053400182,0.1635630455681536,0.1737606312151781
2023-12-13,1.3908534738948155,1.370606251805225,1.3558420429298217,1.2645574548474612,1.3558420429298217,1.4687569601201649,1.936321625420493,1.934473385845277,1.878561497487568,1.8383076453761125,1.5991055566102887,1.8383076453761125,2.157247007901427,3.7493414370710574
2023-12-14,0.4253850476052495,0.1871131971530051,0.2643573374260931,-0.1483012638254689,0.2643573374260931,0.4509874728808271,0.7213569644970751,0.1809524387261204,0.0350113485488193,0.0698848018510132,0.0219932648522313,0.0698848018510132,0.2033897006954348,0.5203558702284344
2023-12-15,0.1524069600668894,0.3540842378688625,-0.0076281368101049,0.5163926623988961,-0.0076281368101049,-0.0829484974700853,-1.2087408820566998,0.0232278814768304,0.1253756475071732,5.818847119367775e-05,0.2666613817794203,5.818847119367775e-05,0.0068804532325447,1.4610545199552087
2023-12-18,0.002296706689823,0.614246353235227,0.4518097487249544,0.6377571030601715,0.4518097487249544,0.4186987396322782,0.4547068404806301,5.274861619078088e-06,0.3772985824627753,0.2041320490429064,0.4067341225037022,0.2041320490429064,0.1753086345696583,0.2067583107798772
2023-12-19,0.6729538400496499,0.6555301876488981,0.5849255234901429,0.4892552638491989,0.5849255234901429,0.6589138843931299,1.0463566655544354,0.4528668708375697,0.4297198269189996,0.3421378680302177,0.2393707132041492,0.3421378680302177,0.434167507046043,1.0948622715501966
2023-12-20,-1.2752569310492488,-1.5129313414179189,-1.479314417451996,-1.5446983375244063,-1.479314417451996,-1.4905815375709044,-1.1526066998079585,1.6262802401891483,2.288961243844623,2.1883711456813377,2.386092953950665,2.1883711456813377,2.2218333201472413,1.3285022044421928
2023-12-21,0.8655442537707669,1.2502630346730534,1.0248790092494071,1.2203120217218992,1.0248790092494071,1.0598173292305575,0.7973636363339482,0.7491668552355938,1.5631576558698728,1.0503769836000465,1.489161430358989,1.0503769836000465,1.1232127713373925,0.6357887685476968
2023-12-22,-0.0491727291033175,0.1943263049860433,0.1658706799789616,0.1192492325033243,0.1658706799789616,0.1841800116194787,0.5544721953402881,0.0024179572874682,0.0377627128095287,0.0275130824766831,0.0142203794526319,0.0275130824766831,0.0339222766801513,0.3074394154054786
2023-12-27,0.7210634249600364,0.7058548124731107,0.5652155677631564,0.768304553202183,0.5652155677631564,0.6019977156105137,0.6431016195002381,0.5199324628150981,0.4982310162914502,0.3194686380418272,0.5902918864712061,0.3194686380418272,0.362401249600277,0.4135796930038291
2023-12-28,0.1421926915108921,-0.0267600071437822,0.0370102033199375,-0.0492704195710523,0.0370102033199375,0.0220565936323468,-0.4125856454813147,0.0202187615191117,0.0007160979823352,0.0013697551497831,0.0024275742447075,0.0013697551497831,0.0004864933226624,0.1702269148572331
2023-12-29,-0.0545445097875369,-0.5565857850552713,-0.2830472999854748,-0.4302054493353429,-0.2830472999854748,-0.3470355903165798,0.1387515734272597,0.0029751035479627,0.3097877361255927,0.0801157740290673,0.1850767286378242,0.0801157740290673,0.120433700946377,0.0192519991285402
2024-01-02,0.0676517309552445,-1.6483537633640977,-0.567666089296547,-1.6901457587035724,-0.567666089296547,-0.5548069637832632,-0.4126173839345463,0.0045767567012407,2.717070129196584,0.3222447889372353,2.8565926856636743,0.3222447889372353,0.3078107670624031,0.1702531055249888
2024-01-03,-0.7581428395794497,-1.1835284034350666,-0.8048614308974571,-1.0661544421231033,-0.8048614308974571,-0.9409335218923288,-0.256939815220549,0.5747805652055913,1.4007394817375578,0.6478019229463021,1.1366852944588255,0.6478019229463021,0.8853558926207018,0.0660180686455698
2024-01-04,0.0271128581984831,-0.562915112685944,-0.3434296699869414,-0.5297266153850468,-0.3434296699869414,-0.3272036408381478,0.2531547938910318,0.000735107079691,0.316873424090229,0.1179439382273394,0.2806102870472973,0.1179439382273394,0.1070622225777396,0.0640873496700107
2024-01-05,0.0688055081515751,0.0948737624407859,0.1824009233674846,0.1470910208684039,0.1824009233674846,0.1773291326607884,0.3166792492713128,0.0047341979519964,0.0090010307996706,0.0332700968453109,0.0216357684201092,0.0332700968453109,0.0314456212902275,0.1002857469190422
2024-01-08,0.5772591438304405,2.177263416270883,1.4015987132365046,2.0870798459857216,1.4015987132365046,1.4000303145520103,0.6539035774032042,0.3332281191358532,4.740475983831557,1.9644789529462257,4.355902283519783,1.9644789529462257,1.9600848816646013,0.4275898885407082
2024-01-09,-0.4197655008888615,0.0938741263525409,-0.1478985652008582,0.1730047239989491,-0.1478985652008582,-0.1998668220298775,-0.4943656165603706,0.1762030757364768,0.0088123515984528,0.0218739855884725,0.0299306345259525,0.0218739855884725,0.0399467465483227,0.2443973628371154
2024-01-10,0.4535155206389397,0.7505962935414138,0.5649939819610993,0.6832116527005145,0.5649939819610993,0.541305810131872,0.0878923994389162,0.2056763274604085,0.5633947958781081,0.319218199652259,0.4667781623857684,0.319218199652259,0.2930119800825222,0.00772507387913
2024-01-11,0.0405548832129309,0.0035738339911184,-0.0671289036040164,0.1657407694812485,-0.0671289036040164,-0.0921659051417463,-0.338934680867936,0.0016446985524144,1.2772289396073456e-05,0.0045062896990773,0.0274700026682363,0.0045062896990773,0.0084945540705973,0.1148767178950496
2024-01-12,-0.313504283168328,0.0171993770575866,0.0750726451941059,0.07141537494296,0.0750726451941059,0.0589959641749679,0.3427460522856075,0.0982849355648872,0.000295818571169,0.0056359020564401,0.0051001557782435,0.0056359020564401,0.0034805237889341,0.1174748563573684
2024-01-16,-0.6186819739116456,-0.1899448936865456,-0.3738298623244696,-0.0131239572204953,-0.3738298623244696,-0.4063019237425598,-0.200914219824372,0.3827673848432101,0.0360790626375931,0.1397487659655319,0.0001722382531253,0.1397487659655319,0.1650812532369049,0.0403665237276361
2024-01-17,-0.253111233641292,-0.5954721776569191,-0.5632727126755614,-0.5626376075628621,-0.5632727126755614,-0.5809168070433288,-1.2154381143648063,0.0640652965954167,0.3545871143634734,0.3172761488448856,0.3165610774440612,0.3172761488448856,0.3374643367054161,1.4772898098506766
2024-01-18,0.5404179018909122,1.337482372433702,0.8766724739532072,1.459221905779181,0.8766724739532072,0.8738050121678455,0.2977439822879182,0.2920515086841756,1.7888590965708835,0.7685546265872368,2.1293285703058253,0.7685546265872368,0.7635351992896485,0.0886514789886681
2024-01-19,1.049178465853422,1.6816231134033628,1.223828387023015,1.934473412573782,1.223828387023015,1.2077231056009363,0.7190540603196105,1.1007754532105405,2.827856295532419,1.4977559208833553,3.7421873839548536,1.4977559208833553,1.458595099802371,0.517038741662118
2024-01-22,0.3638294820452037,0.3215913017725644,0.219189705351041,0.0945319203641912,0.219189705351041,0.3121603925461073,0.0850090965022029,0.1323718920052812,0.1034209653757725,0.0480441269318761,0.0089362839677417,0.0480441269318761,0.0974441106745398,0.0072265464881208
2024-01-23,-0.2538808491533332,0.4265355106846178,0.2917131506229948,0.4250870367016559,0.2917131506229948,0.2323492817783002,0.5257062520206982,0.0644554855668175,0.1819325418749877,0.085096562246394,0.1806989887717949,0.085096562246394,0.0539861887428919,0.2763670634136498
2024-01-24,-0.2616742849641946,0.3622059850478623,0.0811659168275874,0.5448864691312549,0.0811659168275874,0.0226614516082728,-0.0418921665636481,0.0684734314115225,0.1311931756044922,0.0065879060544628,0.296901264242326,0.0065879060544628,0.000513541388994,0.0017549536193964
2024-01-25,0.6400024587550752,0.1844193750096448,0.5246506091991603,0.1010387081311372,0.5246506091991603,0.5324234169820566,0.3596719737773324,0.4096031472125417,0.034010505878948,0.27525826173305,0.0102088205408091,0.27525826173305,0.283474694950849,0.1293639287208821
2024-01-26,0.1583682307702549,-0.3560893192532385,-0.0652009756234213,-0.5494261244702039,-0.0652009756234213,-0.0477931737000908,0.1124403992589146,0.0250804965173007,0.1267996032862348,0.0042511672222459,0.301869066250348,0.0042511672222459,0.002284187452327,0.0126428433855041
2024-01-29,0.5861124623753663,1.1110929795557043,0.7528373761456544,1.0010056089439054,0.7528373761456544,0.7709140851071846,0.3533584269373171,0.3435278185517151,1.2345276092179729,0.5667641149218735,1.002012229137159,0.5667641149218735,0.5943085266166475,0.1248621778876153
2024-01-30,0.3485863878958655,-0.7588656358749358,-0.060083834993726,-0.6817867574482893,-0.060083834993726,-0.0778994062628591,0.1310929097069061,0.1215124698262868,0.5758770533118707,0.0036100672275532,0.4648331826318524,0.0036100672275532,0.0060683174961059,0.017185350975423
2024-01-31,-0.827531582607979,-2.2553347287838545,-1.6236787963987382,-1.9615440234947,-1.6236787963987382,-1.661902969921856,-0.9751140880424456,0.6848085202136663,5.086534738858543,2.636332833874856,3.847654956107774,2.636332833874856,2.761921481435085,0.9508474846988504
2024-02-01,0.9639917249839796,1.2948634045979033,1.2416277903485802,1.2033863155988649,1.2416277903485802,1.2418134871760491,0.4619252756148986,0.9292800458375884,1.6766712365668734,1.5416395697658978,1.448138624570611,1.5416395697658978,1.5421007369323394,0.2133749602519
2024-02-02,0.3487781576673778,1.7251596561512614,1.062778635180324,1.7036410758391771,1.062778635180324,0.9641152654101336,-0.1616897208743512,0.1216462032658502,2.976175839211938,1.1294984273957525,2.9023929152864687,1.1294984273957525,0.9295182449968524,0.0261435658364256
2024-02-05,-0.7121706012086998,-0.200322669834822,-0.3191464135615035,-0.1684604177270165,-0.3191464135615035,-0.3954426651585764,-1.0162878024626043,0.507186965225961,0.0401291720497511,0.1018544332891702,0.0283789123407609,0.1018544332891702,0.1563749014277179,1.03284089743427
2024-02-06,0.3673276628456914,0.0725549934213532,0.2307761728426159,-0.2290813452416861,0.2307761728426159,0.2527994628821317,0.4104751609823986,0.1349296118916779,0.0052642270703726,0.0532576419518849,0.0524782627377405,0.0532576419518849,0.0639075684334942,0.1684898577835261
2024-02-07,0.4041610091541811,0.9414574746407632,0.820766692133105,1.032266902014608,0.820766692133105,0.7767201901699196,0.0545711456214902,0.163346121320526,0.8863421765569633,0.6736579629151193,1.0655749569948365,0.6736579629151193,0.603294253817596,0.0029780099344418
2024-02-08,0.1265298027200336,0.2349958493960636,0.0570401007362487,0.1581114215257477,0.0570401007362487,0.133584007479452,-0.2365310032450149,0.0160097909763706,0.0552230492333774,0.0032535730920014,0.0249992216168926,0.0032535730920014,0.0178446870542702,0.0559469154960932
2024-02-09,-0.1411856000588632,1.2392975851975645,0.5725975590860193,1.0028683119184576,0.5725975590860193,0.5958537166413655,0.4291045486949705,0.0199333736639812,1.5358585046765147,0.3278679646712673,1.0057448510501767,0.3278679646712673,0.3550416516353287,0.1841307137107143
2024-02-12,0.324480321751114,-0.3013730090223032,-0.094940022755554,-0.4449378419747323,-0.094940022755554,0.0070303094243755,0.2742599201346066,0.1052874792037064,0.0908256905671572,0.0090136079208251,0.1979696832211318,0.0090136079208251,4.942525060246398e-05,0.0752185037922407
2024-02-13,-1.3614425201865543,-1.8162705264874528,-1.3768624761212094,-1.590859151229157,-1.3768624761212094,-1.4935627140579482,-2.316087747501622,1.853525735771917,3.2988386253870083,1.895750278150628,2.530832839049554,1.895750278150628,2.230729580824144,5.364262454127137
2024-02-14,0.3951178424224751,1.291775202079166,0.95341290968955,1.1704080631231164,0.95341290968955,1.004658952590621,1.4680655430564098,0.1561181094005918,1.66868317270667,0.908996176362694,1.3698550342236049,0.908996176362694,1.0093396110204838,2.155216438709511
2024-02-15,0.9037905935524616,0.2960904271539478,0.5804399991794575,0.2136798377718362,0.5804399991794575,0.6916910579985889,1.582903907281079,0.8168374369939106,0.0876695410522072,0.3369105926474486,0.0456590730701982,0.3369105926474486,0.4784365197152072,2.505584779685707
2024-02-16,-0.3750042778488376,-0.8239407303551894,-0.4815012341991563,-0.8991636357012349,-0.4815012341991563,-0.5240493836137319,0.1549968176249419,0.1406282084049282,0.678878327138243,0.2318434385353107,0.8084952437674631,0.2318434385353107,0.2746277564659323,0.0240240134738595
2024-02-20,-0.1663234680085767,-0.9225626423173272,-0.6023414477222352,-0.7940760291231044,-0.6023414477222352,-0.6199088665034794,-0.1793133740679916,0.0276634960104,0.8511218289995284,0.3628152196441181,0.6305567400279173,0.3628152196441181,0.3842870027696287,0.0321532861196475
2024-02-21,0.1255366426029854,-0.3198359442786175,0.1263393594586482,-0.3836578143632566,0.1263393594586482,0.1196824568716739,-0.2130224719688433,0.0157594486360296,0.1022950312525949,0.0159616337484215,0.147193318521991,0.0159616337484215,0.01432389048284,0.0453785735637166
2024-02-22,1.1762845033285645,2.9142777477411976,2.0902891694828027,2.9638049125713404,2.0902891694828027,2.012119140503636,0.6858036888965459,1.3836452327709272,8.493014790979508,4.369308812057105,8.78413955978201,4.369308812057105,4.0486234355810895,0.4703266997041103
2024-02-23,0.1596266509775597,-0.2796517158901677,0.0347883173726602,-0.3733320100584846,0.0347883173726602,0.0451443759511928,0.444968033275509,0.0254806677023116,0.078205082200315,0.0012102270256209,0.1393767897343084,0.0012102270256209,0.0020380146800226,0.1979965506370744
2024-02-26,-0.1593286666753735,-0.1286832966941631,-0.379393524610266,-0.0238521755034172,-0.379393524610266,-0.3556293555285035,-0.4157482824860779,0.0253856240245522,0.016559390848078,0.1439394465162005,0.0005689262762458,0.1439394465162005,0.1264722385136187,0.1728466343901236
2024-02-27,-0.2481261793023956,0.3689234987310029,0.1704818544289236,0.2100858720970944,0.1704818544289236,0.2001427772639258,-0.0253733245176683,0.0615666008552045,0.1361045479159243,0.0290640626895247,0.0441360736547967,0.0290640626895247,0.0400571312909174,0.0006438055970789
2024-02-28,-0.060025463811021,-0.5475541052120373,-0.1659450476103029,-0.5386622927821562,-0.1659450476103029,-0.1696604154286952,-0.353032730465783,0.0036030563057281,0.2998154981345548,0.0275377588263857,0.2901570656653293,0.0275377588263857,0.0287846565634374,0.1246321087801262
2024-02-29,0.1215268138130373,0.9000405954900083,0.5215420393340162,0.9429566555627088,0.5215420393340162,0.5419031932491514,0.5625331387259229,0.0147687664755486,0.8100730735300087,0.2720060987926845,0.8891672542700091,0.2720060987926845,0.2936590708536271,0.3164435321648384
2024-03-01,0.2330590621947916,1.130921739341658,0.7975925057791697,1.4255157100090918,0.7975925057791697,0.7824705303962473,0.8795852025801024,0.0543165264711157,1.278983980515561,0.6361538052750949,2.032095039482725,0.6361538052750949,0.6122601309385844,0.7736701285978799
2024-03-04,-0.24985895326183,-0.4151970974870383,-0.1193997432469417,-0.4184472137939107,-0.1193997432469417,-0.0842503488624516,-0.0987851091232098,0.0624294965250973,0.1723886297616612,0.0142562986874356,0.1750980707318868,0.0142562986874356,0.0070981212834448,0.0097584977844844
2024-03-05,-1.0432392445015113,-1.666882726327346,-1.0245348981574391,-1.8194047725932656,-1.0245348981574391,-0.9696731410192112,-0.0238753281669243,1.088348121268084,2.7784980233284857,1.049671757542474,3.3102337265351527,1.049671757542474,0.9402660004140632,0.0005700312950783
2024-03-06,0.1964064078672949,0.5752392905084215,0.5127959537251652,0.6666126692291147,0.5127959537251652,0.515391386549606,0.315539100146142,0.0385754770513342,0.3309002413446321,0.2629596901569017,0.444372450776765,0.2629596901569017,0.2656282813295254,0.099564923721037
2024-03-07,0.3364531777365595,1.4972117712338195,1.0251382881397442,1.5443547321908475,1.0251382881397442,1.0151847842262511,0.924675141319777,0.1132007408090289,2.241643087921111,1.0509085098100852,2.385031538840265,1.0509085098100852,1.0306001461245,0.8550241169747496
2024-03-08,-0.1771353919351006,-1.1636150874430242,-0.654993806564546,-1.539487380969396,-0.654993806564546,-0.6357562306447024,-0.2620137587075941,0.0313769470760017,1.354000071725037,0.4290168866379139,2.3700213961640104,0.4290168866379139,0.4041859848035601,0.0686512097520813
2024-03-11,0.12122288847624,-0.4101563583805425,-0.1122868255179947,-0.3711971609325278,-0.1122868255179947,-0.140393210114412,0.1456785698975233,0.0146949886905229,0.168228238319988,0.0126083311849086,0.1377873322843689,0.0126083311849086,0.0197102534462294,0.0212222457273875
2024-03-12,0.6064392097846758,1.5262039266637313,1.1139497364012343,1.478694532503932,1.1139497364012343,1.0451906638332995,0.2834848679148715,0.367768515164262,2.329298425763792,1.2408840152283798,2.186537520457022,1.2408840152283798,1.092423523764294,0.0803636703367121
2024-03-13,0.0969415459348148,-0.5416831123759778,-0.1926391571868686,-0.8303053396090223,-0.1926391571868686,-0.1545034643817671,0.6350999050396205,0.0093976633282318,0.2934205942333261,0.037109844881667,0.6894069569832538,0.037109844881667,0.0238713205059679,0.403351889381335
2024-03-14,-0.3532187212611145,-0.3048138953870211,-0.2875205915668605,-0.2974288921011104,-0.2875205915668605,-0.3757295404864047,-0.6404593951289341,0.1247634650493368,0.0929115108210098,0.0826680905749574,0.0884639458564939,0.0826680905749574,0.1411726875941248,0.4101882368089202
2024-03-15,-0.4918568497346686,-0.9679001319182748,-0.650399611692649,-1.1532142269327983,-0.650399611692649,-0.591697347063722,0.088371992289428,0.2419231606309124,0.9368306653674136,0.4230196548899486,1.329903053200212,0.4230196548899486,0.3501057505222467,0.0078096090212027
2024-03-18,0.1952430778690891,0.81227204207319,0.6298168875158858,0.9876633291774988,0.6298168875158858,0.5591075748178974,-0.0547997522316563,0.0381198594557952,0.6597858703337502,0.396669311800198,0.97547885180198,0.396669311800198,0.3126012802187508,0.0030030128446509
2024-03-19,0.8224159410243934,0.3925789415601622,0.5633283131890101,0.2620859549958858,0.5633283131890101,0.5756162268851448,0.1070993215062069,0.6763679800510386,0.1541182253564973,0.3173387884403754,0.0686890478061054,0.3173387884403754,0.3313340406534905,0.0114702646670898
2024-03-20,1.0210028014741908,1.2454965958039532,0.8864697827341068,1.1463524946345625,0.8864697827341068,0.930373509804557,0.8433010265070281,1.0424467206181458,1.551261770159236,0.7858286757006545,1.3141240419548843,0.7858286757006545,0.8655948677460502,0.7111566213078073
2024-03-21,0.6790945098369394,0.1979113858151335,0.3231372513137805,0.4390977611753469,0.3231372513137805,0.3887626489928855,0.1882946571520081,0.461169353290673,0.0391689166352666,0.1044176831866253,0.1928068438692019,0.1044176831866253,0.1511363972519655,0.0354548779119922
2024-03-22,-0.7708195997049878,0.1643708107364742,-0.1403246406415159,0.1040212596766233,-0.1403246406415159,-0.2005173681213674,-0.4682416668910427,0.5941628552893576,0.0270177634221658,0.0196910047711705,0.0108204224647115,0.0196910047711705,0.0402072149183199,0.2192502586129021
2024-03-25,-0.411891019460501,-0.2703236022108231,-0.3059595569942154,-0.3407100630630733,-0.3059595569942154,-0.2888442334892732,-0.1903185814487677,0.1696542119122108,0.0730748499122353,0.0936112505160965,0.1160833470724433,0.0936112505160965,0.0834309912200058,0.0362211624446712
2024-03-26,-0.0796805032990611,-0.4205978732764633,-0.2803748225257545,-0.3646557838624238,-0.2803748225257545,-0.2718693314788736,-0.1357206261033234,0.0063489826059917,0.1769025710046839,0.0786100411063483,0.1329738407043187,0.0786100411063483,0.0739129333987696,0.0184200883498781
2024-03-27,1.2088590288732162,0.5124353950450884,0.8593565940707956,0.3853243638048827,0.8593565940707956,0.9386649149317812,0.8839756241725891,1.4613401516882951,0.2625900340950158,0.7384937557729581,0.1484748653416376,0.7384937557729581,0.8810918225238877,0.7814129041313186
2024-03-28,0.1188847557900565,-0.1224138342160776,0.1115888770671092,-0.1431647700260202,0.1115888770671092,0.1393716747019591,0.2708130627099668,0.0141335851592613,0.0149851468074813,0.0124520774850984,0.0204961513766032,0.0124520774850984,0.0194244637092287,0.0733397149343524
2024-04-01,-0.6060661200504225,0.1060156694199608,-0.2015599665825093,0.2107372893994712,-0.2015599665825093,-0.2503361522395723,0.0821603805934095,0.3673161418729731,0.0112393221625624,0.0406264201287422,0.0444102051434364,0.0406264201287422,0.0626681891181143,0.0067503281392539
2024-04-02,-1.007428562257248,-0.9583163303986229,-0.7265395734467365,-0.9414600913477648,-0.7265395734467365,-0.7827613799341067,-0.4977377151657594,1.0149123080517055,0.9183701891086824,0.5278597517841658,0.8863471036005416,0.5278597517841658,0.6127153779163469,0.2477428330984306
2024-04-03,-0.1100843071174583,0.2276223742151379,0.1090493806048817,0.2117085158861481,0.1090493806048817,0.1313097700988673,0.1690974061579427,0.0121185546735308,0.0518119452433362,0.0118917674103083,0.0448204956987154,0.0118917674103083,0.0172422557234174,0.0285939327693442
2024-04-04,-1.3642476515042437,-1.4129554198167475,-1.2410983057457463,-1.5617300918259445,-1.2410983057457463,-1.2214594546225002,-0.2747472816338628,1.861171654634844,1.9964430183895208,1.540325004524962,2.4390008797146727,1.540325004524962,1.4919631992866955,0.0754860687651971
2024-04-05,0.7924143483092,1.2350176026340711,1.1038072569656416,1.2764476741317128,1.1038072569656416,1.0706503097135525,0.9594314253930178,0.6279204994062941,1.5252684788160085,1.218390460530014,1.6293186647962592,1.218390460530014,1.1462920856897258,0.920508660031678
2024-04-08,-0.0288803752905407,0.0334436072985697,-0.0374757493049587,-0.0456465546213709,-0.0374757493049587,0.0059349948510093,-0.0183269144726971,0.0008340760769224,0.0011184748691409,0.0014044317859681,0.0020836079488018,0.0014044317859681,3.5224163881507255e-05,0.0003358757940895
2024-04-09,-0.0234820099645708,0.323606172393429,0.1444445762702037,0.3844108045627643,0.1444445762702037,0.1508002014046653,0.4548428713012999,0.0005514047919762,0.1047209548111257,0.0208642356138787,0.1477716666645918,0.0208642356138787,0.0227407007436876,0.2068820375736109
2024-04-10,-1.0916426756050346,-0.8392388709811247,-0.9501978333887354,-0.8747605637467409,-0.9501978333887354,-1.059552819698607,-0.7300152637417121,1.191683731202119,0.7043218825656729,0.902875922576647,0.765206043886516,0.902875922576647,1.1226521777312688,0.5329222852958815
2024-04-11,-0.0063201543417257,1.6671142196026736,0.7417237205872028,1.6318145876656884,0.7417237205872028,0.6957202221678185,-0.4018128939771129,3.994435090323535e-05,2.7792698212014315,0.5501540776817229,2.662818848518541,0.5501540776817229,0.4840266275332387,0.1614536017662625
2024-04-12,-1.2449702102747635,-1.6378427180568849,-1.465760702944856,-1.6771732878481715,-1.465760702944856,-1.4773365560076104,-0.9548789780010752,1.549950824471589,2.6825287690919644,2.1484544382973985,2.8129102374714456,2.1484544382973985,2.1825232997164274,0.911793862628378
2024-04-15,-0.6554146426081653,-1.809618798977032,-1.2094130563305876,-1.6614907550786868,-1.2094130563305876,-1.1935986539785088,-0.7323098918584566,0.429568353745189,3.274720197611075,1.462679940822893,2.760551529211945,1.462679940822893,1.424677746779308,0.5362777777137444
2024-04-16,0.1690799921878141,-0.1245217918102866,-0.2058690186348507,0.0385765353750504,-0.2058690186348507,-0.2306423185054831,-0.4487011329421825,0.0285880437582312,0.0155056766356443,0.0423820528336765,0.0014881490815425,0.0423820528336765,0.0531958790855847,0.2013327067035981
2024-04-17,-0.1208665286812249,-1.1530203077094323,-0.5797336366096615,-1.2499961803658386,-0.5797336366096615,-0.5991797870861342,0.0608791184956747,0.0146087177554493,1.329455829990354,0.336091089416663,1.562490450929186,0.336091089416663,0.3590164172525851,0.0037062670688104
2024-04-18,0.058451565438599,-0.5234043439756441,-0.2210632863926085,-0.5692986149422468,-0.2210632863926085,-0.2114016712893185,0.2416263882691944,0.0034165855022228,0.2739521072925743,0.0488689765907004,0.3241009129751605,0.0488689765907004,0.0446906666239171,0.0583833115080155
2024-04-19,0.557051350971702,-2.06906797929846,-0.8797102336546191,-2.0718004888253385,-0.8797102336546191,-0.7656564704169375,0.4546861034616666,0.3103062076193983,4.281042302958211,0.7738900951966645,4.292357265496912,0.7738900951966645,0.5862298306913227,0.2067394526811534
2024-04-22,0.66535336904422,1.1017146206345834,0.8693327734887766,1.0116724276709157,0.8693327734887766,0.8705323255360543,0.2957465102077673,0.4426951056984941,1.213775105320004,0.7557394710616885,1.0234811009095637,0.7557394710616885,0.7578265298032109,0.087465998300073
2024-04-23,0.687234962075987,1.575321091529614,1.1893624576650832,1.502723149448558,1.1893624576650832,1.210851917578993,0.6369587624562203,0.4722918930995833,2.481636541418054,1.414583055703127,2.2581768638885933,1.414583055703127,1.4661623663047236,0.4057164650697596
2024-04-24,-0.1111370187538868,0.1025744334754501,0.0212971965412281,0.3161815970510537,0.0212971965412281,0.0156632062903519,-0.6289122536308875,0.0123514369375018,0.0105215144028095,0.0004535705805156,0.0999708023137549,0.0004535705805156,0.0002453360312941,0.3955306227670818
2024-04-25,-0.9801256851278156,-0.6447944636124725,-0.4586941901457446,-0.5509363283464598,-0.4586941901457446,-0.4692182794863662,0.0532917737154207,0.9606463586472698,0.4157599003052961,0.2104003600734605,0.3035308378918781,0.2104003600734605,0.2201657938041457,0.0028400131457356
2024-04-26,0.4031687419297671,2.004781208000761,1.0157373516560253,1.6376172564768587,1.0157373516560253,0.9691498859223088,0.3824459188780938,0.1625450344692311,4.01914769195299,1.031722367549196,2.681790278710794,1.031722367549196,0.939251501383224,0.1462648808665095
2024-04-29,0.3822122595227183,0.3458624466711698,0.3173415687477538,0.3628970749594838,0.3173415687477538,0.3405332544617471,0.1927202565706768,0.1460862113294617,0.1196208320173677,0.1007056712552853,0.1316942870141492,0.1007056712552853,0.115962897394309,0.0371410972926674
2024-04-30,-1.4965117352187298,-2.056031252646104,-1.5855554753445709,-1.9420821498164555,-1.5855554753445709,-1.6038473489351155,-1.3588413488867113,2.239547373647374,4.227264511857507,2.513986165395148,3.771683076635705,2.513986165395148,2.572326318686198,1.846449811444257
2024-05-01,0.2307887034678944,-0.3348401728571906,-0.3441392364873922,-0.7027972949368153,-0.3441392364873922,-0.3020672815439978,0.0644981767442457,0.0532634256483916,0.1121179413590332,0.1184318140901252,0.493924037770505,0.1184318140901252,0.0912446425793808,0.0041600148033319
2024-05-02,0.8469105441984586,1.4976665653699393,0.9087013401337432,1.2793715769926903,0.9087013401337432,0.9426889418535797,0.4347476536984039,0.7172574698745292,2.2430051410269907,0.8257381255608608,1.6367916320167633,0.8257381255608608,0.8886624410930215,0.1890055223962673
2024-05-03,1.1703893360053632,1.971293519461628,1.247858860899914,1.971449535364059,1.247858860899914,1.2208789473426689,0.5674596561841183,1.3698111978350749,3.885998139871413,1.5571517367264307,3.886613270487164,1.5571517367264307,1.4905454040645427,0.3220104613965978
2024-05-06,0.45555464142237,1.1869919356977674,1.0273136069376811,1.127007069729244,1.0273136069376811,1.0487256835833805,1.411839892515917,0.2075300313214641,1.4089498554115327,1.0553732469993085,1.2701449352196972,1.0553732469993085,1.0998255594074282,1.993291882099356
2024-05-07,0.0823137853196941,-0.1021363661175037,0.134253581935052,-0.0117175586534296,0.134253581935052,0.138719294436725,0.1398426134555327,0.0067755592536566,0.0104318372836887,0.0180240242623917,0.0001373011807965,0.0180240242623917,0.0192430426490228,0.0195559565380735
2024-05-08,0.4416789365576848,-0.1826181970902083,-0.0005782926295622,-0.0355700940530895,-0.0005782926295622,-0.0212634758078613,-0.141235288836636,0.1950802829987273,0.0333494059084781,3.3442236540602985e-07,0.0012652315909456,3.3442236540602985e-07,0.0004521354034315,0.0199474068127679
2024-05-09,0.8448621889508843,0.2665257604867675,0.5078002595891349,0.1571944998155958,0.5078002595891349,0.548848332595455,0.5227749158657722,0.7137921183188797,0.0710359810030497,0.2578611036387928,0.0247101107722753,0.2578611036387928,0.3012344921928111,0.2732936126584652
2024-05-10,0.3170704493854135,-0.0330160487549281,0.1648021406346168,0.2630875100426478,0.1648021406346168,0.136953896693761,-0.2994311706492417,0.1005336698734681,0.0010900594753877,0.027159745557752,0.0692150379404403,0.027159745557752,0.0187563698196053,0.0896590259563753
2024-05-13,-0.2060480434730295,0.2894612008480814,-0.0241284554171827,0.2059088301006097,-0.0241284554171827,-0.0245026595060556,-0.2232988199015046,0.0424557962190634,0.0837877867964133,0.0005821823608189,0.0423984463134017,0.0005821823608189,0.0006003803228696,0.0498623629694046
2024-05-14,0.3205389523837639,0.7473844812551724,0.4826100061719822,0.6799165929801413,0.4826100061719822,0.525068314622992,-0.0711420576846312,0.1027452199952809,0.5585835628210631,0.2329124180573206,0.4622865734097231,0.2329124180573206,0.2756967350210292,0.0050611923716033
2024-05-15,0.8806244661976177,1.3906099461169137,1.1647879688045932,1.4836907477543833,1.1647879688045932,1.116778999935225,0.1860398801947737,0.7754994504658391,1.933796022239285,1.35673101227193,2.201338234971961,1.35673101227193,1.247195334696321,0.0346108370228857
2024-05-16,-0.0968425720987657,-0.2635651228289765,-0.208387430730016,-0.2082487679193365,-0.208387430730016,-0.2480234313472999,0.0676018354050989,0.0093784837707046,0.0694665739718534,0.0434253212862572,0.0433675493399216,0.0434253212862572,0.0615156224972888,0.004570008150138
2024-05-17,0.3360761507199096,-0.0740168604712498,0.1164110440819405,-0.0632489167729902,0.1164110440819405,0.1066089302653976,0.7395957332408144,0.1129471790827114,0.0054784956340204,0.0135515311842474,0.0040004254729566,0.0135515311842474,0.0113654640123324,0.5470018486280179
2024-05-21,-0.3270137656787917,0.8750901270021727,0.3414694395734772,0.8994578840373697,0.3414694395734772,0.3066989899284699,0.0124183432887859,0.1069380029434237,0.7657827303766788,0.1166013781626246,0.8090244851569824,0.1166013781626246,0.0940642704231436,0.0001542152500381
2024-05-22,-0.5077687440854853,-0.1848121163352529,-0.2709717683547034,-0.0459445744205271,-0.2709717683547034,-0.3108612688600315,-0.5417851775951651,0.2578290974701511,0.034155518344315,0.073425699245275,0.0021109039186833,0.073425699245275,0.0966347284772688,0.2935311786618246
2024-05-23,-1.5387935691489905,-0.3906727270242698,-0.740817678564494,-0.438351050490276,-0.740817678564494,-0.7872806076817184,-0.6553470277306843,2.3678856484542887,0.1526251796405796,0.5488108328736859,0.1921516434659285,0.5488108328736859,0.6198107552316957,0.4294797267554423
2024-05-24,0.0110986073035714,1.097922011311001,0.6976578915071976,0.9882604175061104,0.6976578915071976,0.7098306235890802,0.5394241417424503,0.0001231790840788,1.205432742921194,0.4867265335822687,0.9766586528093516,0.4867265335822687,0.5038595141848625,0.2909784046945791
2024-05-28,-0.5562750380693794,0.5838792800581953,0.0248804045480139,0.3242921541043363,0.0248804045480139,-0.0208301220981745,-0.2503930799876231,0.3094419179790895,0.3409150136812765,0.0006190345304728,0.1051654012136306,0.0006190345304728,0.0004338939866248,0.0626966945056882
2024-05-29,-1.064310927807978,-0.5851440041205305,-0.7394346936505546,-0.705657940615714,-0.7394346936505546,-0.7813389367875546,-1.6623789322817544,1.1327577510514792,0.3423935055582073,0.5467636661740896,0.4979531291540105,0.5467636661740896,0.6104905341403063,2.7635037144942256
2024-05-30,-0.8623006936143441,-1.0904074948759417,-0.5992916722542297,-1.0628659608392008,-0.5992916722542297,-0.46635043902935,0.7902302884859151,0.743562486207779,1.1889885048816269,0.3591505084332711,1.1296840507106376,0.3591505084332711,0.2174827319828674,0.6244639088405327
2024-05-31,1.4970493297434613,-0.0123326613663207,0.7995864911522231,-0.0108535830713336,0.7995864911522231,0.8234787055917967,0.8904267435620705,2.241156695685347,0.0001520945363763,0.6393385568331242,0.0001178002654863,0.6393385568331242,0.678117178563141,0.7928597856505533
2024-06-03,-0.2984739171103699,0.5580748542462066,0.1115434296985978,0.3464037580249406,0.1115434296985978,0.0501974443309285,-0.686843832502415,0.0890866791952079,0.3114475429419248,0.012441936708926,0.1199955635738016,0.012441936708926,0.0025197834173566,0.4717544502466055
2024-06-04,0.3629835871065088,0.1684809423088037,0.1501692049565554,0.2891524091564919,0.1501692049565554,0.0317786868041596,-0.6282384121469582,0.1317570845087085,0.0283858279212624,0.0225507901172839,0.0836091157210032,0.0225507901172839,0.0010098849349968,0.3946835024969313
2024-06-05,0.2478051305385197,1.9437149832029943,1.177802644805903,2.0176442470799523,1.177802644805903,1.1671149455553445,0.7562497513775271,0.0614073827212128,3.778027935927816,1.3872190701117797,4.070888307774828,1.3872190701117797,1.3621572961386543,0.5719136864585717
2024-06-06,0.20293896915996,-0.0860509864418299,-0.0199869431756598,-0.0728132902676045,-0.0199869431756598,-0.0487722222934752,0.3789600813412567,0.0411842252037072,0.007404772267612,0.000399477897507,0.0053017752395944,0.000399477897507,0.0023787296674441,0.1436107432501719
2024-06-07,-0.2244407993040248,-0.2331646368642351,-0.1115893180715097,-0.106474805378366,-0.1115893180715097,-0.1704762159999574,-1.004165675917436,0.0503736723922295,0.0543657478840306,0.0124521759076645,0.0113368841803609,0.0124521759076645,0.0290621402216641,1.0083487046907211
2024-06-10,0.177801289390702,0.3461146439983536,0.2577566524606595,0.3872508472080126,0.2577566524606595,0.2366023043238191,0.2847761151861063,0.0316132985089961,0.119795346790107,0.0664384918877252,0.1499632186633235,0.0664384918877252,0.0559806504113411,0.0810974357804905
2024-06-11,-0.3108089883651222,0.8745519722912382,0.2706754843457336,0.7079068117417704,0.2706754843457336,0.2170818623480773,-0.8299958242517116,0.0966022272485506,0.7648411522384946,0.0732652178257974,0.5011320541103983,0.0732652178257974,0.0471245349605096,0.6888930682752781
2024-06-12,-0.0909197333995574,1.515765667428755,0.8467727171882782,1.3186569878017549,0.8467727171882782,0.8897995108355782,0.3384809551693802,0.0082663979214466,2.297545558555739,0.7170240345744198,1.738856251478397,0.7170240345744198,0.7917431694832342,0.114569357012376
2024-06-13,-0.1683177561920751,0.3352084253670571,0.2341828672305396,0.5724348667372857,0.2341828672305396,0.161676241868993,-1.206803704935962,0.0283308670495348,0.1123646884370618,0.0548416153043165,0.3276816766565341,0.0548416153043165,0.0261392071848811,1.456375182247165
2024-06-14,-0.1500431574455521,0.1206116983422198,-0.0393913127002162,0.4224416046979614,-0.0393913127002162,-0.1453334351189828,-0.2723296514467259,0.0225129490962307,0.0145471817769946,0.0015516755162462,0.1784569093797887,0.0015516755162462,0.0211218073634835,0.0741634390570952
2024-06-17,0.4884288352332711,0.9460401596569248,0.7635185920104081,1.2281921166119816,0.7635185920104081,0.7740335804242321,-0.2369817367352562,0.2385627270873299,0.8949919836836997,0.582960640345556,1.5084558753078194,0.582960640345556,0.5991279836243562,0.0561603435460582
2024-06-18,0.1462676602202837,0.0291831421161228,0.2518189767846914,0.0306895426147902,0.2518189767846914,0.2494069782550452,0.1084279946725912,0.0213942284263163,0.0008516557837698,0.0634127970688889,0.000941848025905,0.0634127970688889,0.0622038408023125,0.0117566300287194
2024-06-20,0.7692831817719888,-0.7905038658375111,-0.2529152276068834,-0.7894919310704968,-0.2529152276068834,-0.2567042065277607,-0.1386810246655048,0.5917966137572348,0.6248963619040497,0.0639661123554416,0.623297509225422,0.0639661123554416,0.0658970496490472,0.0192324266022743
2024-06-21,0.039777559586731,-0.1820115569714698,-0.1563387437769191,-0.2629325331650887,-0.1563387437769191,-0.12251075529589,-0.1228202632079733,0.0015822542466759,0.0331282068711786,0.0244418028057451,0.0691335169966105,0.0244418028057451,0.0150088851631694,0.0150848170544758
2024-06-24,0.664140865768176,-1.0944406744422084,-0.3069879221800406,-1.152843430588333,-0.3069879221800406,-0.2332661143636858,1.3535075401695829,0.4410830895833023,1.197800389873516,0.0942415843644186,1.3290479754506768,0.0942415843644186,0.0544130801103321,1.831982661295915
2024-06-25,-0.7616827665640887,1.25425649637439,0.392593090057643,1.1563864375153297,0.392593090057643,0.2884550974466177,-0.2754998812691326,0.5801606368807241,1.5731593586973598,0.1541293343610085,1.3372295928693954,0.1541293343610085,0.0832063432429377,0.0759001845793062
2024-06-26,0.0399684247908193,0.4926534639469448,0.1571178341340837,0.2530609483985526,0.1571178341340837,0.1289260799779986,0.0248724371085073,0.0015974749802593,0.2427074355389237,0.0246860138029854,0.0640398436043749,0.0246860138029854,0.0166219340984932,0.0006186381277166
2024-06-27,0.0926384216685798,0.3001810247828534,0.0906870656097476,0.1921038929732904,0.0906870656097476,0.1125729514593534,0.677978619488485,0.0085818771692456,0.090108647639684,0.0082241438689066,0.0369039056954934,0.0082241438689066,0.0126726694002699,0.459655008483512
2024-06-28,-0.1154755873312587,-0.7084965902142137,-0.4091988512145809,-0.5378827029804764,-0.4091988512145809,-0.3429728456964117,-0.3029354442934234,0.0133346112694991,0.5019674183451676,0.1674436998353327,0.2893178021655833,0.1674436998353327,0.1176303728850946,0.0917698834092538
2024-07-02,0.5429826200049496,1.6563504364965405,0.8848235719719534,1.6577981689348136,0.8848235719719534,0.7702428086503099,0.3559699389158294,0.2948301256274394,2.74349676848228,0.7829127535172066,2.748294768923621,0.7829127535172066,0.593273984277518,0.1267145974117393
2024-07-03,-0.0606502674398336,0.8810213193597429,0.5071516198197267,0.8693905872449975,0.5071516198197267,0.4840210454560803,1.2217691823202494,0.0036784549405233,0.7761985651663822,0.2572027654857726,0.7558399931902017,0.2572027654857726,0.2342763724443969,1.4927199348674909
2024-07-05,0.1724977609774115,0.9001277242516249,0.5433988413197175,1.0120347059716917,0.5433988413197175,0.4449644808241899,-0.7435895219257989,0.0297554775422201,0.8102299199664093,0.2952823007476115,1.0242142460912085,0.2952823007476115,0.1979933891951409,0.5529253771178381
2024-07-08,-0.0789479960956187,0.2773878734295442,0.1016154427996485,0.2330358287545948,0.1016154427996485,0.1244912777491979,0.3037221165726683,0.0062327860875138,0.0769440323257648,0.0103256982153686,0.0543056974833408,0.0103256982153686,0.0154980782356279,0.0922471240953815
2024-07-09,-0.1343381239369848,0.1387504899447017,0.0740818503758647,0.0659386377880359,0.0740818503758647,0.0207334870480648,-0.378685505707182,0.0180467315429087,0.0192516984598947,0.005488120555112,0.0043479039533418,0.005488120555112,0.0004298774851722,0.1434027122327042
2024-07-10,1.0868876918380148,1.176799921004421,1.0156283642139423,1.0812827642422629,1.0156283642139423,1.0272854032284895,1.3864203855323052,1.1813248546689674,1.3848580540760125,1.0315009741958887,1.1691724162473889,1.0315009741958887,1.0553152996863202,1.9221614854195457
2024-07-11,0.081505067277465,-1.971537305025856,-0.8801629230176651,-2.2698749489226806,-0.8801629230176651,-0.6079575424640576,0.863810980639472,0.0066430759919041,3.886959345108613,0.7746867710550002,5.152332283746742,0.7746867710550002,0.3696123734389364,0.7461694102733263
2024-07-12,0.6197733821422179,0.6272222958652615,0.5501853628775982,0.5926289826615831,0.5501853628775982,0.5763841617188671,0.5723002108971407,0.3841190452120036,0.3934078084304895,0.3027039335247544,0.351209111090503,0.3027039335247544,0.3322187018803611,0.3275275313929117
2024-07-15,0.5256501490706079,0.4020562378756186,0.2822195662042845,0.2720297143170286,0.2822195662042845,0.32709002061034,0.3441265074578205,0.2763080792179523,0.161649218414696,0.0796478835485345,0.0740001654714042,0.0796478835485345,0.1069878815828726,0.1184230531351173
2024-07-16,1.830267959644952,0.198875699487049,0.6369053660041409,0.0576038054544202,0.6369053660041409,0.8072207407108447,1.065477223249292,3.3498808041028942,0.039551543846463,0.4056484452448687,0.0033181984028306,0.4056484452448687,0.6516053242337648,1.1352417132630217
2024-07-17,0.5930464228866705,-2.8074559578601286,-1.402541055502193,-2.9828793659380746,-1.402541055502193,-1.3825086881522053,-0.6291441526352229,0.3517040596986756,7.881808955324332,1.9671214123692065,8.89756931173913,1.9671214123692065,1.911330272816332,0.3958223647950927
2024-07-18,-1.3023320556424165,-0.7009144415522574,-0.784708046968273,-0.4761472937037154,-0.784708046968273,-0.8193021803184832,-0.5459234721057983,1.6960687831538015,0.4912810543765127,0.6157667189767614,0.2267162453013722,0.6157667189767614,0.6712560626746205,0.2980324373960503
2024-07-19,-0.9326248562585736,-0.8106249195169982,-0.7165907407029404,-0.9303387708893438,-0.7165907407029404,-0.7159075076253177,-0.1601597976730756,0.8697891225113253,0.6571127601419399,0.5135022896611887,0.8655302286198949,0.5135022896611887,0.5125235594742944,0.0256511607906805
2024-07-22,0.3169899877532534,1.5706597620147609,1.073418916597496,1.5262276124439005,1.073418916597496,1.0918238470896144,0.8000386811165389,0.1004826523358077,2.4669720880122648,1.1522281705093422,2.329370724986209,1.1522281705093422,1.1920793130735658,0.640061891282691
2024-07-23,-0.1420084068340272,-0.0567533579188818,-0.15593317997995,-0.3463007237585722,-0.15593317997995,-0.1137407708255365,-0.2578449281736509,0.0201663876115385,0.0032209436350687,0.0243151566186594,0.1199241912757109,0.0243151566186594,0.0129369629479872,0.0664840069848752
2024-07-24,-1.2572270848243148,-3.7069460712456657,-2.3421178443889508,-3.72309026664425,-2.3421178443889508,-2.3113714385568187,-0.7664164140341325,1.5806199428158447,13.741449175123677,5.4855159970051455,13.861401133581149,5.4855159970051455,5.342437926976218,0.5873941197009388
2024-07-25,0.2035375986736708,-0.9308858922198058,-0.5155950404248442,-1.065974987791471,-0.5155950404248442,-0.3884323985584272,-0.139410731655421,0.0414275540738443,0.8665485443338639,0.2658382457106967,1.1363026745970268,0.2658382457106967,0.1508797282498528,0.0194353521006998
2024-07-26,1.6250491319569464,1.0200436415974667,1.1029442312488889,1.020084773069005,1.1029442312488889,1.149484663784089,0.9104733585009744,2.640784681274025,1.0404890307634211,1.2164859772452024,1.0405729442472436,1.2164859772452024,1.3213149922748202,0.8289617365400439
2024-07-29,-0.1217892765249325,0.070945468062287,0.081299031086845,0.1881725495860694,0.081299031086845,0.0476769612140707,-0.1545804856528561,0.0148326278764664,0.0050332594385769,0.0066095324556597,0.0354089084177217,0.0066095324556597,0.002273092630608,0.0238951265446728
2024-07-30,0.5004601158679481,-1.29086018374766,-0.4972496433736025,-1.390637735661597,-0.4972496433736025,-0.4217997890580504,0.1977886911512403,0.2504603275745601,1.6663200139850427,0.2472572078351748,1.933873311846014,0.2472572078351748,0.1779150620494158,0.0391203663473207
2024-07-31,0.2438251710003178,2.601726053001916,1.567000529191805,2.9675881706012275,1.567000529191805,1.484968501687416,1.2458504888877246,0.0594507140133342,6.768978454868928,2.455490658487397,8.80657955029234,2.455490658487397,2.2051314510037687,1.5521434406617824
2024-08-01,-1.2189273307212438,-2.3295891662850567,-1.3788191433053192,-2.468137181123346,-1.3788191433053192,-1.454954670764434,-1.6913604349665916,1.4857838375792165,5.426985683672706,1.9011422299452143,6.091701144843497,1.9011422299452143,2.1168930939792423,2.860700120970378
2024-08-02,-1.525179096922337,-2.4609849468930194,-1.8552885294602863,-2.408507402319942,-1.8552885294602863,-1.9500308750689188,-2.20507594773938,2.326171277688836,6.056446908834038,3.4420955275469125,5.800907907029955,3.4420955275469125,3.802620413722053,4.862359935298722
2024-08-06,-1.8787777189871897,-2.470081622765799,-2.012613993916261,-1.9876847907614643,-2.012613993916261,-1.998938903266711,-1.1232278434888574,3.5298057173627075,6.101303223125322,4.050615088507563,3.950890827424446,4.050615088507563,3.995756738993122,1.2616407883886291
2024-08-07,-0.6023727613730798,-1.0505933362532125,-0.7764756389251183,-1.1715273032271478,-0.7764756389251183,-0.7869154124615881,-0.4487435913735733,0.3628529436442294,1.1037463581796556,0.6029144178441707,1.3724762222066735,0.6029144178441707,0.6192358663695914,0.2013708107988525
2024-08-08,1.746727760008699,2.825957741016788,2.2781128575607585,3.0125386292016088,2.2781128575607585,2.271774048541122,1.562883233411238,3.051057867585007,7.986037154012709,5.189798191783645,9.075388992431908,5.189798191783645,5.16095732762492,2.442604001277967
2024-08-09,0.1293321537192061,0.5105844075829361,0.4660780212150723,0.5377498939639577,0.4660780212150723,0.4230651110188745,0.3848048988478315,0.0167268059856483,0.2606964372668178,0.2172287218597574,0.2891749484582477,0.2172287218597574,0.1789840881614126,0.1480748101772898
2024-08-12,-0.3564287635300941,0.2106252268742171,0.0043036707511422,0.1561025740462846,0.0043036707511422,-0.0637599335974169,0.3919913281955533,0.1270414634715917,0.0443629861958154,1.8521581934236944e-05,0.0243680136238757,1.8521581934236944e-05,0.004065329132347,0.153657201380514
2024-08-13,1.0329118983718648,2.39646654567362,1.6707226654933076,2.473766940310135,1.6707226654933076,1.651205655320222,0.9740817817867554,1.0669069897981696,5.743051904532852,2.7913142249930627,6.119522874971367,2.7913142249930627,2.726480116161484,0.9488353176088602
2024-08-14,0.6085959284384227,0.0290457805832624,0.3816476067632372,0.0854187849347558,0.3816476067632372,0.3391750001120884,0.6251040944546106,0.3703890041118257,0.000843657369691,0.1456548957481065,0.00729636881973,0.1456548957481065,0.1150396807010351,0.3907551289039186
2024-08-15,1.376861810469011,2.310700901276377,1.600444401278594,2.427731585420936,1.600444401278594,1.6309108214446617,1.1910765050383147,1.8957484451280024,5.339338655159461,2.561422281583997,5.89388065085045,2.561422281583997,2.6598701075053013,1.4186632408542863
2024-08-16,0.238110535162479,0.2113426764618111,0.1987841126328394,0.0942493749680402,0.1987841126328394,0.1931365325021132,0.0949935769596022,0.0566966269553621,0.0446657268940417,0.0395151234352254,0.0088829446818662,0.0395151234352254,0.0373017201869398,0.0090237796635798
2024-08-19,0.580631279795825,1.3802607968728022,0.9675327436177776,1.3136328474715493,0.9675327436177776,0.9617060957252016,0.2676140298930234,0.3371326830773375,1.9051198673839431,0.936119609972544,1.7256312579562108,0.936119609972544,0.9248786145550107,0.071617268995584
2024-08-20,-0.1506396227675831,-0.335263884858556,-0.1986548174716506,-0.2363554682659314,-0.1986548174716506,-0.2609357206886054,-0.34211712009714,0.0226922959475597,0.1124018724904511,0.0394637365046948,0.0558639073792077,0.0394637365046948,0.0680874503312818,0.1170441238635609
2024-08-21,0.1358695528690018,0.5711355184333713,0.4230718284184624,0.5311374374482144,0.4230718284184624,0.4888942505138956,0.3652149451114081,0.0184605353968224,0.3261957804161558,0.1789897720013409,0.2821069774590559,0.1789897720013409,0.2390175881855437,0.1333819561327288
2024-08-22,-0.4355469601439001,-1.6862919978256148,-0.8972949425464468,-1.6939986494522483,-0.8972949425464468,-0.8831686666049541,-0.3650847223936447,0.1897011544905921,2.843580701930703,0.8051382139194313,2.869631424346042,0.8051382139194313,0.7799868936727725,0.1332868545252446
2024-08-23,1.1291170915020812,1.4561427104758562,1.1417986208502449,1.1681704498839514,1.1417986208502449,1.2425856503860369,1.0733736379130934,1.2749054063221192,2.120351593271973,1.3037040905755213,1.3646221999820731,1.3037040905755213,1.5440190985452902,1.1521309665667885
2024-08-26,0.1588049198276995,-0.8540153191345055,-0.3158706615574787,-1.0420330846505057,-0.3158706615574787,-0.312942541917892,0.2697114643344754,0.025219002561482,0.7293421653164112,0.0997742748327592,1.085832949506248,0.0997742748327592,0.0979330345420315,0.072744273993447
2024-08-27,0.0241965732723279,0.1637797488103032,0.1593932011875458,0.3329383943411972,0.1593932011875458,0.1141251643897979,-0.3819444394351829,0.0005854741581231,0.026823806120366,0.0254061925848134,0.1108479744264945,0.0254061925848134,0.0130245531469984,0.1458815548154561
2024-08-28,-0.3863893334467591,-1.125971859380933,-0.5993966945423386,-1.1853637111508182,-0.5993966945423386,-0.5853829189074807,-0.5733526043795286,0.1492967170014307,1.2678126281177553,0.3592763974282815,1.4050871277132404,0.3592763974282815,0.3426731617486421,0.3287332089487882
2024-08-29,0.5911467747669091,-0.2258012138936528,-0.0039341424558136,-0.1309693335986486,-0.0039341424558136,0.0253164558314215,0.4336589654286034,0.3494545093173188,0.0509861881958471,1.5477476862635372e-05,0.0171529663432741,1.5477476862635372e-05,0.0006409229358643,0.1880600982966066
2024-08-30,0.5501464873371074,1.1194763391687692,1.0042467382856683,1.2811763820759707,1.0042467382856683,0.9761090127748552,0.5096882291905368,0.302661157529358,1.2532272739587091,1.0085115113574037,1.6414129219892737,1.0085115113574037,0.9527888048203026,0.2597820909753852
2024-09-03,-1.517968357150906,-3.3135157169671783,-2.137801245458143,-3.197007571140191,-2.137801245458143,-2.183373541376961,-1.3095206321091413,2.30422793331142,10.979386406588514,4.5701941650823885,10.220857409927705,4.5701941650823885,4.767120021184974,1.714844285919525
2024-09-04,0.0928802841459714,-0.3039224861383074,-0.1603765390359435,-0.1971429934773975,-0.1603765390359435,-0.169881364327675,-0.0073345585116957,0.0086267471830363,0.0923688775804897,0.0257206342731475,0.0388653598772291,0.0257206342731475,0.0288596779458322,5.37957485614888e-05
2024-09-05,-0.5364458448797406,0.2535079956065436,-0.3022641250187954,0.0472052458897259,-0.3022641250187954,-0.3309745070343405,-0.2280300555489628,0.2877741444887386,0.0642663038364473,0.091363601273378,0.0022283352395094,0.091363601273378,0.1095441243066247,0.0519977062336631
2024-09-06,-1.0119300428508418,-2.583517229734542,-1.7410901670867562,-2.725714249798071,-1.7410901670867562,-1.7222494611324537,-0.9038790426997196,1.0240024116241064,6.674561276335243,3.031394969926189,7.429518171552261,3.031394969926189,2.9661432063710262,0.8169973238317618
2024-09-09,1.192943004644771,1.1542554927257096,1.1513555690021489,1.2915739970765217,1.1513555690021489,1.0796743754267764,1.0728224134133606,1.4231130123308944,1.3323057424874707,1.325619646272262,1.6681633899242228,1.325619646272262,1.1656967569531995,1.1509479307220676
2024-09-10,-0.2271275169068413,0.8332397824633473,0.4462660724490219,0.8981462200388861,0.4462660724490219,0.3944300030484423,-0.1045399815042813,0.0515869089362674,0.6942885350795663,0.1991534074190756,0.8066666325701393,0.1991534074190756,0.1555750273047942,0.0109286077329154
2024-09-11,0.3057650258097907,2.147879475835817,1.0608580303038784,2.144585328999632,1.0608580303038784,1.004880318637542,0.9005073590797096,0.093492251008462,4.6133862427167465,1.1254197604602243,4.599246233360461,1.1254197604602243,1.0097844547850878,0.810913503756713
2024-09-12,0.5736090872096464,0.9961127354139108,0.746737294203047,0.9610172653955492,0.746737294203047,0.7605627885786692,1.1308360545637826,0.3290273849294837,0.992240581653784,0.557616586553688,0.9235541843883396,0.557616586553688,0.5784557553705615,1.2787901823013823
2024-09-13,0.7201098391842558,0.6484457298704416,0.5393096878371416,0.4700651380401189,0.5393096878371416,0.6493631906016104,0.3975450241327617,0.5185581804899747,0.4204818645872097,0.2908549393949951,0.220961234000676,0.2908549393949951,0.4216725533083034,0.1580420462127181
2024-09-16,0.55001676918375,-0.5207446387118925,0.1255872076788002,-0.4700908806281866,0.1255872076788002,0.159718677367958,0.5644946990028589,0.3025184463833305,0.2711749787471794,0.0157721467325581,0.220985436049784,0.0157721467325581,0.0255100559001698,0.3186542652023282
2024-09-17,-0.0382081763896889,0.2040534960713295,0.0264473490736701,0.0480395802252466,0.0264473490736701,0.0730864928620973,-0.1028709179006718,0.0014598647430255,0.041637829258932,0.0006994622730245,0.0023078012682179,0.0006994622730245,0.0053416354388813,0.0105824257497267
2024-09-18,-0.2480590683906789,-0.3111245762159874,-0.2900603126385169,-0.4533790528608579,-0.2900603126385169,-0.2619439616489228,-0.3600573380632693,0.0615333014108515,0.0967985019255777,0.0841349849679542,0.2055525655730085,0.0841349849679542,0.0686146390443323,0.1296412866932074
2024-09-19,1.25010771608238,2.4767417010292423,1.6834291247586948,2.528365168720497,1.6834291247586948,1.6932084252824966,1.1533061509115388,1.5627693018087048,6.134249453617224,2.833933618085825,6.39263042639903,2.833933618085825,2.866954771447632,1.330115077730389
2024-09-20,0.090785255832396,-0.3651605670872346,-0.1942855451501775,-0.243948606367218,-0.1942855451501775,-0.2426893954291934,0.0046089089379859,0.0082419626765535,0.1333422397554708,0.0377468730543016,0.0595109225485078,0.0377468730543016,0.0588981426537874,2.1242041598647044e-05
2024-09-23,0.1456027071502806,0.1444717866448962,0.2805330914356826,0.3062734677323602,0.2805330914356826,0.2875959827412815,0.1144841388236209,0.0212001483294903,0.0208720971363684,0.078698815390461,0.093803437036805,0.078698815390461,0.0827114492889234,0.0131066180421861
2024-09-24,0.1981908770684044,0.5561976180750594,0.2507969702995689,0.4655882197737085,0.2507969702995689,0.2296372047015973,0.2403917145571603,0.0392796237531434,0.3093557903523696,0.0628991203114428,0.2167723903920511,0.0628991203114428,0.0527332457831633,0.0577881764277312
2024-09-25,-0.6977195183185604,0.0425038490248392,-0.1862911586066992,0.1391121115304149,-0.1862911586066992,-0.2575078849265791,-0.1936558888976149,0.4868125262426839,0.0018065771819263,0.0347043957750263,0.0193521795744506,0.0347043957750263,0.0663103107993603,0.0375026033047253
2024-09-26,0.6192442988665862,0.5959684710692726,0.4030480802872329,0.713081645871127,0.4030480802872329,0.435750735853295,0.5337967368430838,0.3834635016787698,0.3551784185086464,0.1624477550232237,0.5084854336782754,0.1624477550232237,0.189878703796688,0.2849389562643244
2024-09-27,0.3264130832838762,-0.3894316775784011,-0.1253968888245719,-0.5329170639387492,-0.1253968888245719,-0.0894675200049561,-0.320937791427803,0.1065455009388866,0.1516570315015277,0.015724379726882,0.2840005970370968,0.015724379726882,0.0080044371358372,0.103001065966556
2024-09-30,0.0405230670992034,0.3832688594962063,0.4227593432856073,0.2598648591603747,0.4227593432856073,0.4004379359393847,0.1816203658769568,0.0016421189671265,0.1468950186595227,0.1787254623352779,0.0675297450264413,0.1787254623352779,0.1603505405393947,0.0329859573012796
2024-10-01,-0.4099565532470224,-1.544710148272288,-0.9367852083837028,-1.442933465774201,-0.9367852083837028,-0.9451369909367482,0.1399831516020845,0.1680643755501787,2.386129442175394,0.8775665266464975,2.082056986651147,0.8775665266464975,0.8932839316369708,0.0195952827324521
2024-10-02,0.0937720606416837,0.0823987847315258,0.013837448536698,0.1479790186561308,0.013837448536698,0.0062064578213436,-0.1350666815932319,0.0087931993569876,0.0067895597252323,0.0001914749820057,0.0218977899624315,0.0001914749820057,3.8520118688117925e-05,0.0182430084766075
2024-10-03,-0.4392220590144163,-0.0370889099400831,-0.1682811533125749,-0.0466815687099449,-0.1682811533125749,-0.189470471342406,-0.1377943330449346,0.1929160171248634,0.0013755872405436,0.0283185465602103,0.0021791688572213,0.0283185465602103,0.0358990595107135,0.0189872782192983
2024-10-04,0.8087821458342948,1.2168500639893058,0.8930275984437889,1.2135923555535773,0.8930275984437889,0.9129798498921822,0.8075033702930261,0.6541285594203264,1.4807240782307778,0.797498291582281,1.4728064054580805,0.797498291582281,0.8335322063091515,0.652061693034596
2024-10-07,-0.945385354349306,-1.1865618965099392,-0.9632284107421168,-1.1762281863363775,-0.9632284107421168,-0.9518501247279938,-0.2491219660774087,0.8937534682181627,1.4079291342492637,0.9278089712607842,1.383512746332164,0.9278089712607842,0.9060186599446972,0.0620617539822735
2024-10-08,0.300186065514848,1.434723096464715,0.9642716894192712,1.5387344915962688,0.9642716894192712,0.8871331820396174,-0.1253756763579485,0.0901116739292846,2.0584303635293,0.9298198910154956,2.367703835628028,0.9298198910154956,0.787005282675737,0.015719060222213
2024-10-09,1.0205027850993933,0.5960395534712931,0.7088203896394327,0.797901314024938,0.7088203896394327,0.6973486111681475,0.6310504257341181,1.0414259343956185,0.3552631493022585,0.5024263447685973,0.6366465069227227,0.5024263447685973,0.4862950854981441,0.3982246398192117
2024-10-10,-0.1362425610421795,-0.0523218001623058,-0.2072227971014659,-0.1337822232372509,-0.2072227971014659,-0.231398222950744,0.3188320335780789,0.018562035439332,0.0027375707722242,0.0429412876385553,0.0178976832543016,0.0429412876385553,0.0535451375847622,0.1016538656355332
2024-10-11,0.9605083245799624,0.3324946313667968,0.6033611862785232,0.1491494457416746,0.6033611862785232,0.6864998025803802,0.6926339823796295,0.922576241587406,0.110552679887742,0.3640447211074267,0.0222455571650487,0.3640447211074267,0.471281978942901,0.4797418335470649
2024-10-15,-0.2883969950032993,-0.1492149824395124,0.0039551894240042,-0.5547528807198858,0.0039551894240042,0.0411318892191142,-0.13121995738953,0.083172826726933,0.022265110984424,1.564352337975537e-05,0.3077507586670118,1.564352337975537e-05,0.0016918323107334,0.01721867721731
2024-10-16,0.7860385116499742,0.2807431380273699,0.4668155706575991,0.0705263284994942,0.4668155706575991,0.5149991253507412,0.4984471633172099,0.6178565417969066,0.0788167095494549,0.2179167770083799,0.0049739630116185,0.2179167770083799,0.2652240991120285,0.2484495746189733
2024-10-17,0.3738560312572755,0.0355464223683322,-0.0171175134833209,0.0811357100998388,-0.0171175134833209,-0.0121228652540484,0.5249782217184311,0.139768332107441,0.0012635481431878,0.0002930092678516,0.006583003453405,0.0002930092678516,0.0001469638619678,0.2756021332786462
2024-10-18,0.0852107016643098,0.6290528323766661,0.3963737043124536,0.6596087652154867,0.3963737043124536,0.356253142282793,0.5334367128174653,0.007260863678124,0.3957074659211059,0.1571121134703764,0.4350837231490991,0.1571121134703764,0.1269163013863639,0.2845547265815029
2024-10-21,-0.7987977632180239,0.2724959947881754,-0.1824442741309042,0.1839672767748294,-0.1824442741309042,-0.277480775190158,-0.4004779110599604,0.6380778665221182,0.0742540671755973,0.0332859131631525,0.0338439589239467,0.0332859131631525,0.076995580600131,0.1603825572469495
2024-10-22,-0.0156307345284178,0.1785028922393214,-0.0475003383505511,0.1088670598568374,-0.0475003383505511,-0.0946858583567619,-0.0268203722357983,0.0002443198618978,0.0318632825378028,0.0022562821434168,0.0118520367218722,0.0022562821434168,0.0089654117727567,0.0007193323668667
2024-10-23,-0.9596065389499232,-1.609135105087104,-0.9233777411953054,-1.5658381470635332,-0.9233777411953054,-0.8952215993014024,-0.5805618704776636,0.9208447095954504,2.5893157864236858,0.8526264529349443,2.451849102799359,0.8526264529349443,0.8014217118557607,0.3370520854525234
2024-10-24,-0.3312316439832908,0.7567433381065728,0.2143483186928349,0.8234126331055533,0.2143483186928349,0.2146390726071054,-0.0898521124093135,0.1097144019758735,0.5726604797686787,0.0459452017264451,0.6780083643578206,0.0459452017264451,0.0460699314896382,0.0080734021044159
2024-10-25,-0.6153737381329026,0.5584015329281126,-0.0299535721874141,0.5871315707316512,-0.0299535721874141,-0.0755676194377688,-0.358582881662611,0.3786848375836622,0.311812271976466,0.0008972164867866,0.3447234813498159,0.0008972164867866,0.0057104651074914,0.1285816830214621
2024-10-28,0.6465433920257603,0.2620034317280763,0.2647951449370799,-0.0046532101765864,0.2647951449370799,0.3361808936149187,0.4160372866996268,0.4180183577721759,0.0686457982372887,0.0701164687822491,2.165236494748724e-05,0.0701164687822491,0.1130175932317252,0.1730870239243874
2024-10-29,-0.3652069005022393,0.7809012106951496,0.1612842692563853,0.9759324509133858,0.1612842692563853,0.1437322721010189,-0.0126607503271763,0.1333760801744525,0.6098067008651504,0.0260126155095662,0.952444148745808,0.0260126155095662,0.0206589660433213,0.000160294598847
2024-10-30,-0.2169137316832992,-0.5617115144048397,-0.3305691628139003,-0.796093876153805,-0.3305691628139003,-0.3105379821707244,-0.2231899054771692,0.0470515669927743,0.3155198254149784,0.1092759714034829,0.6337654596495899,0.1092759714034829,0.0964338383706651,0.0498137339069077
2024-10-31,-0.9012158010517772,-2.794388585935806,-1.879018259951983,-2.46938204271982,-1.879018259951983,-1.840264265337376,-1.4422214502276545,0.8121899200653964,7.808607569208317,3.530709621232978,6.097847672907109,3.530709621232978,3.386572566277713,2.0800027114967587
2024-11-01,0.6889671370643342,0.7968432369705047,0.4084226330236236,0.7150044674317563,0.4084226330236236,0.3952145499415866,0.4060566559678157,0.4746757159546251,0.6349591443056319,0.1668090471659495,0.5112313884473694,0.1668090471659495,0.1561945404855308,0.1648820078557651
2024-11-04,-0.6144321336388232,-0.329122553629886,-0.2816068649511501,-0.3477286554643355,-0.2816068649511501,-0.2315147434183069,0.0037104818229888,0.3775268468479567,0.1083216553078572,0.0793024263876153,0.1209152178310345,0.0793024263876153,0.0535990764200444,1.3767675358730473e-05
2024-11-05,1.0171425505674356,1.4156051840880035,1.219106130274809,1.313017391698574,1.219106130274809,1.2502907235403984,0.5420624588250891,1.0345789681748283,2.0039380372168307,1.4862197568736195,1.7240146709029265,1.4862197568736195,1.5632268933711728,0.2938317092675014
2024-11-06,3.5094194603578663,2.9091076607903243,2.498123383889653,2.701429051218747,2.498123383889653,2.674762061950901,1.018053539016393,12.316024948738498,8.462907382068952,6.240620441136291,7.29771891876862,6.240620441136291,7.154352088051836,1.0364330083038025
2024-11-07,-0.0013491994616776,1.495307019489658,0.7403744412989464,1.5292075784257717,0.7403744412989464,0.6508098631061904,0.8426313382517789,1.8203391873913471e-06,2.235943082535045,0.548154313328727,2.338475817914812,0.548154313328727,0.4235534779162982,0.7100275722039839
2024-11-08,0.5920102636298196,0.0898324264049739,0.3749803869799434,0.073962410354696,0.3749803869799434,0.3858069397005479,-0.3488741543109354,0.3504761522430484,0.008069864833805,0.1406102906196281,0.0054704381454764,0.1406102906196281,0.1488469947211022,0.1217131755461703
2024-11-11,0.6890210684859104,0.0621269023863585,0.0968584433836374,-0.0501518468006263,0.0968584433836374,0.176884231199466,0.1206086766471356,0.4747500328174656,0.0038597520001241,0.0093815580547013,0.0025152077375134,0.0093815580547013,0.0312880312470261,0.0145464528825733
2024-11-12,-0.8665183315249088,-0.0900048075070747,-0.2896874371566189,-0.1697497815226692,-0.2896874371566189,-0.3636890745178781,0.5380171486030016,0.7508540188687117,0.0081008653743855,0.08391881124637,0.0288149883269939,0.08391881124637,0.1322697429236706,0.2894624521909044
2024-11-13,0.1074552190321828,-0.2631692119394705,0.0232259510107636,-0.1644811702119599,0.0232259510107636,-0.0303056063995007,0.2645055249629162,0.0115466240972543,0.0692580341128419,0.0005394448003543,0.0270540553542957,0.0005394448003543,0.0009184297792414,0.0699631727359079
2024-11-14,-0.4727685140116745,-0.6420429638363103,-0.6068115029117461,-0.6653092159311098,-0.6068115029117461,-0.6437567658424469,0.2424125399774478,0.2235100678408069,0.4122191674117136,0.3682202000660121,0.4426363528028681,0.3682202000660121,0.414422773567927,0.0587638395383177
2024-11-15,-0.7015729638223407,-2.2628920463924023,-1.3291463960568204,-2.434269824965444,-1.3291463960568204,-1.3061116715186278,-0.6367217576176007,0.4922046235664634,5.120680413625994,1.766630142150834,5.925669580737293,1.766630142150834,1.705927698477184,0.4054145966236467
2024-11-18,-0.1275759061280787,0.5961013465613358,0.3910159824107665,0.7087604402637023,0.3910159824107665,0.3686959128032485,0.3459562980310501,0.0162756118244003,0.3553368153722378,0.1528934985006569,0.5023413616827972,0.1528934985006569,0.1359366761178206,0.1196857601473488
2024-11-19,-0.2784724459318047,1.0358258839791352,0.3955773705267371,0.7054257776665233,0.3955773705267371,0.3755725141988754,0.1353532904982521,0.0775469031432419,1.072935261921157,0.1564814560728475,0.4976255277964191,0.1564814560728475,0.1410547134216645,0.0183205132487042
2024-11-20,0.3219526760735365,-0.112374035999303,0.0021970426117316,-0.084586618260275,0.0021970426117316,0.0336651221295936,0.1026630335240232,0.1036535256309115,0.0126279239667726,4.826996237764559e-06,0.0071548959887094,4.826996237764559e-06,0.0011333404480004,0.0105396984523547
2024-11-21,1.0584109908267292,0.0330903416519773,0.5326235305174983,0.3558601351003054,0.5326235305174983,0.6233708949251467,1.4049015119903108,1.1202338255028186,0.0010949707106445,0.2836878252609244,0.1266364357536076,0.2836878252609244,0.3885912726397783,1.973748258392661
2024-11-22,0.9667199645864282,0.1644772943505167,0.3461979200410073,0.1707685970681934,0.3461979200410073,0.454632201582908,0.2108785759373612,0.9345474899299848,0.0270527803568665,0.1198529998407197,0.0291619137446389,0.1198529998407197,0.2066904387161219,0.0444697737893694
2024-11-25,0.98853950371567,0.2689756542537535,0.3015882072251307,0.1378654662114459,0.3015882072251307,0.4061564040292936,-0.1334391973145855,0.9772103504064228,0.0723479025812347,0.0909554467372683,0.0190068867736993,0.0909554467372683,0.1649630245340067,0.0178060193799608
2024-11-26,0.2762151509576128,0.6316562921503114,0.5705736188806684,0.5655957900101466,0.5705736188806684,0.4742185215046802,-0.0205055585147606,0.0762948096185368,0.3989896714130795,0.3255542545625822,0.3198985976772018,0.3255542545625822,0.2248832061380848,0.0004204779300022
2024-11-27,-0.308654726943167,-0.6020566383986339,-0.3808539615374875,-0.8563584492988037,-0.3808539615374875,-0.3696237063533554,0.3268007586498807,0.0952677404643609,0.3624721958398634,0.145049740018798,0.7333497936854517,0.145049740018798,0.1366216842983915,0.1067987358541376
2024-11-29,0.4208068199507765,0.8239105871959286,0.5592178893918033,0.8920450331659868,0.5592178893918033,0.5213393310114759,0.6246072523952113,0.1770783797170852,0.6788286556935398,0.3127246478158231,0.7957443411961065,0.3127246478158231,0.2717946980594932,0.3901342197446952
2024-12-02,-0.2868687416988243,0.9620572966329152,0.2445460603305603,1.1128762507551946,0.2445460603305603,0.217277677722259,-0.2251050116279876,0.0822936749638667,0.9255542420046332,0.059802775623198,1.2384935494949387,0.059802775623198,0.0472095892363778,0.0506722662600364
2024-12-03,-0.1709065354993384,0.3958461182795997,0.0451350463104703,0.3053318068632714,0.0451350463104703,0.0051153324794459,0.1772535771315931,0.0292090438763866,0.1566941493570268,0.0020371724054483,0.09322751228239,0.0020371724054483,2.6166626375274822e-05,0.0314188306059456
2024-12-04,0.6877233494287782,1.2964575277118977,0.6033123750502108,1.2314512459203064,0.6033123750502108,0.5792598049204165,0.0212571312137313,0.4729634053495374,1.6808021211608457,0.3639858218887263,1.516472171078675,0.3639858218887263,0.335541921596439,0.0004518656274377
2024-12-05,-0.5531996542716313,-0.174425140136156,-0.1871464827230685,-0.3128743370291063,-0.1871464827230685,-0.2567918452117125,0.1514383618575695,0.3060298574862524,0.0304241295115176,0.0350238059956158,0.0978903507714027,0.0350238059956158,0.0659420517672361,0.0229335774421041
2024-12-06,-0.2755676473098548,0.8040943316564565,0.2492319655841995,0.9154189264926412,0.2492319655841995,0.2357204749497367,0.0457838387934887,0.0759375282438885,0.6465676942020434,0.0621165726689636,0.8379918109809394,0.0621165726689636,0.0555641423105294,0.0020961598946681
2024-12-09,-0.5403831130705252,-0.6216938787067462,-0.6163180212196304,-0.8426480356115013,-0.6163180212196304,-0.6005805182063474,-0.2587047272724871,0.2920139088917921,0.3865032788214384,0.3798479032800808,0.7100557119199219,0.3798479032800808,0.3606969588490047,0.0669281359131319
2024-12-10,-0.3476606258482978,-0.2508528369528255,-0.2968294071374567,-0.3393635357845331,-0.2968294071374567,-0.3192481348946649,-0.473658589726098,0.1208679107652301,0.0629271458072808,0.088107696941574,0.11516760942018,0.088107696941574,0.1019193716337221,0.224352459621316
2024-12-11,-0.2246020266925219,1.750464159483003,0.8132661932885082,1.83535470823878,0.8132661932885082,0.7976725835513531,0.5995479828174367,0.0504460703943883,3.0641247736345365,0.6614019011459813,3.368526905054255,0.6614019011459813,0.6362815505494903,0.3594577837004574
2024-12-12,-0.5324401979356174,-0.6612967973150987,-0.5428741091956448,-0.6856345306621079,-0.5428741091956448,-0.5515564771612919,-0.9672982802145872,0.2834925643777194,0.4373134541392067,0.2947122984349649,0.4700947096362489,0.2947122984349649,0.3042145474985747,0.935665962906098
2024-12-13,-0.1961656927085226,0.1199260040245127,-0.002644116757732,0.7603631354301972,-0.002644116757732,-0.0475645148422959,-0.5382669525049272,0.0384809789958145,0.0143822464412874,6.991353428519196e-06,0.5781520977212403,6.991353428519196e-06,0.0022623830721829,0.2897313121589415
2024-12-16,-0.2526229407199956,1.232749822409157,0.3792116324959768,1.4422550601268254,0.3792116324959768,0.3543602762669109,-0.5041113173439181,0.0638183501780184,1.5196721246498084,0.1438014622202638,2.0800996584614326,0.1438014622202638,0.1255712053959614,0.2541282202742205
2024-12-17,-0.6139471910091234,-0.3218783845991256,-0.3871444022763008,-0.4334605241651967,-0.3871444022763008,-0.4554184665526338,-0.1094159051063631,0.3769311533479931,0.1036056944721426,0.1498807882138742,0.1878880260095671,0.1498807882138742,0.2074059796771524,0.0119718402902446
2024-12-18,-2.618644124399784,-3.627411414359045,-2.9936554508987645,-3.6651252903417975,-2.9936554508987645,-3.0719227923689267,-2.2655850966462188,6.857297050253509,13.158113569022282,8.961972958695885,13.433143393903045,8.961972958695885,9.436709642275703,5.132875830145457
2024-12-19,0.0363060392835631,-0.10279770311321,-0.0865473457752835,-0.4669640712733712,-0.0865473457752835,-0.1012926233707865,-0.5842665342612792,0.0013181284884596,0.0105673677653516,0.0074904430607464,0.2180554438602021,0.0074904430607464,0.010260195549336,0.3413673830576865
2024-12-20,1.1693145293817302,1.0262107117340042,1.0810476252410672,0.8426909894566452,1.0810476252410672,1.0427732998072634,0.7571023865223285,1.3672964686232172,1.0531084248776117,1.168663968039351,0.7101281037114198,1.168663968039351,1.0873761547909289,0.5732040236778053
2024-12-23,0.155550281920209,0.977640264520281,0.726089547546254,1.000267148022718,0.726089547546254,0.6839864807320828,0.6058971540724494,0.0241958902054565,0.9557804868112848,0.5272060310559238,1.0005343674135023,0.5272060310559238,0.4678375058242598,0.3671113613130934
2024-12-24,0.9050223957302268,1.3380485408246372,1.0982197273831982,1.360179906540065,1.0982197273831982,1.0750327187924182,0.3945500502973927,0.8190655367732792,1.7903738976029409,1.206086569613626,1.85008937815534,1.206086569613626,1.1556953464742186,0.1556697421896751
2024-12-27,-0.7065104941035952,-1.5551028016571422,-1.152301341706393,-1.5005181159349248,-1.152301341706393,-1.1151817167220477,-0.2031295203524152,0.4991570782785062,2.418344723721893,1.3277983820983534,2.2515546162488964,1.3277983820983534,1.2436302613111334,0.0412616020386022
2024-12-30,-0.9781540099339304,-1.1999792232821904,-1.0759690191101294,-1.2933169607271144,-1.0759690191101294,-1.0465663804761394,-0.7115396617823064,0.9567852671498276,1.439950136308929,1.157709330084814,1.6726687609044204,1.157709330084814,1.0953011887429274,0.506288690289279
2024-12-31,-0.0693390787309812,-0.9072432907321256,-0.429399645413445,-0.876187688942584,-0.429399645413445,-0.3862505790250476,0.4350693701776732,0.0048079078392612,0.823090388578456,0.1843840554811923,0.7677048662545464,0.1843840554811923,0.1491895097971846,0.1892853568667972
2025-01-02,-0.3577971307826835,-0.1554691575506013,-0.2226349792552953,-0.1740982426941283,-0.2226349792552953,-0.2220343479315623,0.6854905447277826,0.1280187867963207,0.0241706589494937,0.0495663339880057,0.0303101981091836,0.0495663339880057,0.049299251661394,0.4698972869111921
2025-01-03,0.7985061999190924,1.752550544868891,1.2517287272659086,1.6573345861761672,1.2517287272659086,1.2487389530317532,0.7024422953885595,0.6376121513092297,3.0714334123202467,1.5668248066627313,2.746757930535728,1.5668248066627313,1.5593489728188392,0.4934251783507483
2025-01-06,-0.0598557884335889,1.2323508319387868,0.5522822262488849,1.0882207202715095,0.5522822262488849,0.512397692200113,-0.2945681995890798,0.0035827154090065,1.51868857298022,0.3050156574304244,1.184224336028243,0.3050156574304244,0.2625513949720017,0.086770424209152
2025-01-07,-0.4181390904989781,-1.9073338101589072,-1.116600476981219,-1.8087738717126447,-1.116600476981219,-1.0777326510268672,-0.2799939661781429,0.1748402990033126,3.637922263375295,1.2467966251946858,3.2716629189903523,1.2467966251946858,1.1615076670893991,0.078396621096167
2025-01-08,0.2509055658304601,-0.0554395688784316,0.1559107735282887,0.0374085026020688,0.1559107735282887,0.1538179024637595,0.4873405979183274,0.0629536029647033,0.0030735457974263,0.0243081693021893,0.0013993960669289,0.0243081693021893,0.0236599471183506,0.2375008583793929
2025-01-10,-1.6477135932188425,-1.6420961401812828,-1.5531644353894207,-1.5864930689546908,-1.5531644353894207,-1.5580687846394996,-1.1399294965214657,2.714960085278149,2.696479733598267,2.4123197633585383,2.5169602578412733,2.4123197633585383,2.427578337668008,1.2994392570396818
2025-01-13,0.8515931395543668,-0.3844528605140694,0.1574174269576232,-0.3019676487001911,0.1574174269576232,0.2000814686873224,-0.9387127397558764,0.7252108753360632,0.1478040019574505,0.0247802463099586,0.091184460861522,0.0247802463099586,0.040032594112076,0.881181607779984
2025-01-14,0.5215102475397058,-0.2292481472435199,0.1145633404492363,-0.1315002447203019,0.1145633404492363,0.204232774795265,0.2127638721479986,0.2719729382889251,0.0525547130145866,0.0131247589748876,0.0172923143614993,0.0131247589748876,0.0417110263005734,0.0452684652914099
2025-01-15,1.640511235870337,2.421767471016461,1.8147132985426715,2.2881769953856006,1.8147132985426715,1.7808283056215315,0.8130000946976798,2.691277115016821,5.864957683673465,3.293184355907623,5.2357539622118745,3.293184355907623,3.171349454102854,0.6609691539784363
2025-01-16,-0.1584260904017662,-0.8903333921333625,-0.2114871763466578,-0.6926703959798495,-0.2114871763466578,-0.146139992307477,0.2292714888527977,0.0250988261199886,0.7926935491476998,0.0447268257590823,0.4797922774668814,0.0447268257590823,0.0213568973516294,0.0525654156007785
2025-01-17,0.7726176278700353,1.4982077452464535,0.994142593572411,1.6453848663794068,0.994142593572411,0.9498101621403388,0.8884117693192201,0.5969379988955203,2.244626447916462,0.98831949635488,2.7072913585103784,0.98831949635488,0.9021393441050568,0.7892754718649071
2025-01-21,1.2294924013418502,0.6427527178353577,0.8729996752231289,0.5829303390777714,0.8729996752231289,0.932087008567438,0.8489104010424926,1.5116515649573494,0.4131310562847389,0.7621284329396886,0.3398077802173255,0.7621284329396886,0.8687861915401954,0.7206488689981256
2025-01-22,0.2969297463885421,1.2702491583514868,0.6119200577442709,1.319651943573765,0.6119200577442709,0.5185483533906079,0.1180792865378142,0.0881672742903639,1.6135329242926606,0.3744461570697519,1.7414812521780154,0.3744461570697519,0.2688923948041107,0.0139427179092792
2025-01-23,0.920501800677625,0.2213413782343035,0.5299445097723888,0.2191072827466855,0.5299445097723888,0.4963041778541435,0.4831169076006111,0.84732356505075,0.048992005718661,0.2808411834378975,0.0480080013526359,0.2808411834378975,0.2463178369554773,0.2334019464095774
2025-01-24,-0.3164876808654414,-0.4967869253430763,-0.2859260782896483,-0.5811999025698832,-0.2859260782896483,-0.2721899896009416,0.135199481053609,0.1001644521395855,0.2467972491918273,0.081753722246098,0.3377933267472417,0.081753722246098,0.0740873904389607,0.0182788996771651
2025-01-27,0.6491767100525148,-3.1174394174029705,-1.4687984883634315,-3.0152053567301547,-1.4687984883634315,-1.420820528618067,-0.7066551805608262,0.4214304008746068,9.718428521177772,2.157368999418702,9.09146334325422,2.157368999418702,2.018730974542524,0.4993615442134539
2025-01-28,0.3054133652080856,2.005174229562217,0.9175576254675616,1.5767197213745932,0.9175576254675616,0.8522810144698192,0.5139179026084834,0.0932773236477274,4.020723690900431,0.8419119960536702,2.4860450797715745,0.8419119960536702,0.7263829276257041,0.2641116106215025
2025-01-29,-0.305547552719493,-0.5144716630485865,-0.4689853570094891,-0.2406046992872333,-0.4689853570094891,-0.4637795656065052,0.2116215771270995,0.0933593069728713,0.2646810920799783,0.2199472650893179,0.0578906213190999,0.2199472650893179,0.2150914854741587,0.0447836919057609
2025-01-30,0.3763803243730574,0.2514419063001729,0.5261570722435618,0.4504478431276997,0.5261570722435618,0.5740955846695648,1.3063363462901207,0.1416621485751679,0.0632230322438649,0.2768412646719167,0.2029032593783968,0.2768412646719167,0.3295857403370894,1.7065146496386223
2025-01-31,-0.7547438568772314,-0.2763121527192003,-0.5059581291425466,-0.1399287454900442,-0.5059581291425466,-0.5359155949255517,-1.0718558599240413,0.5696382894939188,0.0763484057403186,0.2559936284454258,0.0195800538144175,0.2559936284454258,0.287205524884408,1.148874984453506
2025-02-03,-0.2759465221408372,-1.2070348759599925,-0.7637696973119062,-0.8437845133877122,-0.7637696973119062,-0.8070771390389692,-1.147588382716067,0.0761464830816235,1.4569331917837538,0.5833441505319209,0.7119723050329383,0.5833441505319209,0.6513735083593275,1.316959096144878
2025-02-04,0.30149065380731,1.342335380370595,0.7198897488332477,1.256702141294025,0.7198897488332477,0.7255598855484632,0.1488091094461522,0.0908966143331592,1.80186427339467,0.5182412504751965,1.5793002719329867,0.5182412504751965,0.526437147517099,0.0221441510541569
2025-02-05,0.7094794653875789,0.19475766865213,0.3901037729088691,0.422190687964311,0.3901037729088691,0.429603681143959,1.142567502792582,0.5033611118066448,0.0379305494988128,0.1521809536377345,0.1782449770037782,0.1521809536377345,0.1845593228524404,1.3054604984376768
2025-02-06,-0.2804034958540176,0.5048141090961051,0.3637700027498819,0.5337109229061511,0.3637700027498819,0.3242772342069285,-0.1383444637199424,0.078626120487154,0.2548372847424943,0.1323286149006491,0.2848473492293355,0.1323286149006491,0.1051557246248951,0.0191391906419584
2025-02-07,-0.997705888286329,-1.3663512334494197,-0.9509913482107744,-1.307096181478015,-0.9509913482107744,-0.9789488616962668,-0.3592968590802828,0.9954170395212129,1.8669156931487505,0.9043845443717464,1.7085004276344082,0.9043845443717464,0.9583408738164167,0.1290942329449566
2025-02-10,0.3762600637108546,0.9728890413773424,0.6690160848149636,1.2274697959586212,0.6690160848149636,0.6195515604002295,0.8451812353944318,0.1415716355436963,0.9465130868321244,0.4475825217411425,1.5066820999906991,0.4475825217411425,0.3838441359943592,0.714331320662858
2025-02-11,0.2767448029105008,-0.3578121332584525,0.0339515485002488,-0.2909674274539583,0.0339515485002488,0.0051224447244482,-0.1053992547275228,0.0765876859379719,0.1280295227069645,0.0011527076455647,0.0846620438391745,0.0011527076455647,2.623943995502755e-05,0.0111090028971172
2025-02-12,-0.5060361704773076,0.031022700594435,-0.2727618689451161,0.1185826009319614,-0.2727618689451161,-0.321025210101773,-0.2684641930386598,0.2560726058313388,0.0009624079521719,0.0743990371504327,0.0140618332437888,0.0743990371504327,0.1030571855208874,0.0720730229438988
2025-02-13,0.7698063127526398,1.4935928956797735,1.037237745962235,1.4238100092731985,1.037237745962235,1.0406757106087838,0.528271696778015,0.5926017591538151,2.2308197380250907,1.075862141648818,2.0272349425065457,1.075862141648818,1.0830059346510972,0.279070985616723
2025-02-14,-0.3705014606578497,0.405925473060876,-0.0071955976056534,0.3804477729569053,-0.0071955976056534,-0.0145312931653489,-0.8412424805893958,0.1372713323496001,0.1647754896796959,5.17766249024858e-05,0.144740507947869,5.17766249024858e-05,0.0002111584810573,0.7076889111481999
2025-02-18,0.0230296776346522,0.072317002782829,0.2441971744879474,0.2254643898271223,0.2441971744879474,0.28370460076962,0.6477757661722544,0.000530366051956,0.0052297488914917,0.059632260027897,0.0508341910801165,0.059632260027897,0.0804883004978495,0.4196134432400512
2025-02-19,0.1597821830875534,0.0747777066607883,0.2374177506579456,0.0495802871144758,0.2374177506579456,0.1802526195757415,-0.0884641695918032,0.0255303460322244,0.0055917054134469,0.0563671883274784,0.0024582048703538,0.0563671883274784,0.032491006863917,0.0078259093015673
2025-02-20,-1.0155908679943,-0.4692374899894084,-0.4343623971148685,-0.4861316805204639,-0.4343623971148685,-0.4770371898440843,-0.4383248082061743,1.0314248111534157,0.2201838220115601,0.1886706920273747,0.2363240108056503,0.1886706920273747,0.2275644804943409,0.1921286374889795
2025-02-21,-1.709151404946131,-2.220386643550209,-1.7211373991262082,-2.0786270419656265,-1.7211373991262082,-1.7831691776690153,-1.449065852350378,2.9211985250293333,4.930116846856163,2.9623139466709287,4.32069037959077,2.9623139466709287,3.179692316188792,2.099791844447928
2025-02-24,0.0763961232347132,-1.2217328929479188,-0.4981513054855011,-1.2195749095872637,-0.4981513054855011,-0.4768181666980202,0.0168196573282051,0.0058363676452934,1.4926312617108908,0.248154723156909,1.4873629600947824,0.248154723156909,0.2273555640932609,0.0002829008726382
2025-02-25,0.3673537591488437,-1.3600652585075097,-0.4690715138395557,-1.2480803489694132,-0.4690715138395557,-0.4320594321138237,0.2093923860263335,0.1349487843607866,1.8497775073990992,0.2200280850957325,1.5577045574836124,0.2200280850957325,0.1866753528785198,0.043845171325801
2025-02-26,-0.432007001721681,0.2565612150304553,0.013600519191397,0.2163611577514808,0.013600519191397,0.0164225676307141,0.4922798001623904,0.1866300495365564,0.0658236570579035,0.0001849741222755,0.0468121505835611,0.0001849741222755,0.0002697007275853,0.242339401647923
2025-02-27,-0.4467854371594868,-2.822348350414159,-1.5991702852089027,-2.7924652341808858,-1.5991702852089027,-1.5745868907719178,-0.7932403267170448,0.1996172268577937,7.965650211085523,2.557345601095123,7.797862084108909,2.557345601095123,2.4793238765907755,0.629230215930164
2025-02-28,1.381297038670181,1.6199672090371104,1.5729750431897127,1.609553728189984,1.5729750431897127,1.5253110946427058,1.049895346441141,1.907981509039012,2.6242937583554853,2.474250486497678,2.5906632039302773,2.474250486497678,2.326573935440129,1.1022802384787629
